org_shortname,org_name,run_date,bundle,arr,cohort_year,engagement_score,engagement_narrative,adoption_score,adoption_narrative,value_delivery_score,value_delivery_narrative,operational_health_score,operational_health_narrative,composite_score,health_band,composite_narrative,ghost_account,ghost_account_note,ghost_subtype,behavioral_floor_applied,support_fire,support_fire_notes,support_fire_days_open,support_data_available,scoring_status,dimensions_scored,denominator_quality,ops_measurement,bundle_config_mismatch
bp,Buster & Punch ,2025-12-31,iPad-only,15279.96,2024,76.7,"649 logins in 90 days — solid activity for this team size, with 45 of 90 reps logging in regularly and pace holding steady at 0.9x baseline. No engagement concern here.",57.1,Using 4 of 7 applicable features — real breadth gaps here. eCat Online Catalog is enabled but no portal traffic in 90 days; Online Ordering (B2B Cart) is enabled but no portal orders in 90 days; Sales Data is configured but no import has run in 90 days — check whether the feed is broken or the integration was never fully set up. CS should investigate the feed configuration and schedule a rep coaching session.,40.0,Only 2 of 5 applicable channels are producing outcomes. No iPad orders submitted in 90 days — reps are not converting activity into orders; online catalog is enabled but no portal traffic in 90d. CS should identify the highest-impact gap and address it in the next touchpoint.,76.1,Catalog 79% complete (contract pricing — price check skipped) — healthy but with room to improve; 4 of 5 import feeds healthy; Customers last ran with errors; data feeds mostly on cadence — Images is 83d overdue against a ~1d expected cadence and needs attention.,62.5,Healthy,"Buster & Punch 's reps are logging in consistently (engagement 77), but they are using only a portion of the platform — adoption (57) and value delivery (40) reflect a feature-coverage gap, not an activity problem. Run a targeted coaching session on the highest-ROI unused features to convert this activity into stronger outcomes.",False,,,False,False,,,True,complete,4,,full,True
yw,Yutzy Woodworking,2025-12-31,iPad-only,11385.0,2024,88.3,"608 logins in 90 days — solid activity for this team size, with 21 of 21 reps logging in regularly and pace holding steady at 0.9x baseline. No engagement concern here.",50.0,Using 2 of 4 applicable features — real breadth gaps here. Smart Stacks haven't been used — a CS demo of the feature could unlock this; Sales Data is configured but no import has run in 90 days — check whether the feed is broken or the integration was never fully set up. CS should investigate the feed configuration and schedule a rep coaching session.,100.0,All configured channels are producing outcomes.,56.3,Ops concern — catalog 61% complete — healthy but with room to improve; all 5 import feeds healthy; data freshness critical — the Option Images feed last ran 74d ago against a ~3d expected cadence — escalate to ops.,73.7,Healthy,"Yutzy Woodworking's reps are logging in consistently (engagement 88), but they are using only a portion of the platform — adoption (50) reflects a feature-coverage gap, not an activity problem. Run a targeted coaching session on the highest-ROI unused features to convert this activity into stronger outcomes.",False,,,False,False,,,True,complete,4,,full,False
dccl,Donald Choi Canada,2025-12-31,iPad+Catalog+Cart,22038.0,2024,56.7,"445 logins in 90 days, but only 12 of 104 reps (12%) have logged in this quarter — most of the team isn't engaged. Pace is holding steady at 0.9x baseline.",57.1,Using 4 of 7 applicable features — real breadth gaps here. eCat Online Catalog is enabled but no portal traffic in 90 days; Online Ordering (B2B Cart) is enabled but no portal orders in 90 days; Sales Data is configured but no import has run in 90 days — check whether the feed is broken or the integration was never fully set up. CS should investigate the feed configuration and schedule a rep coaching session.,60.0,3 of 5 configured channels producing outcomes. Gap: Online catalog is enabled but no portal traffic in 90d; B2B Cart is configured but no portal orders in 90d.,94.2,Catalog 99% complete; all 7 import feeds healthy; data feeds running on cadence.,67.0,Healthy,Donald Choi Canada is in Healthy territory (67) with a mixed profile — operational health (94) is the strongest area and engagement (57) is the drag. Monitor engagement closely; a continued downward trend would push this into Watch territory.,False,,,False,False,,,True,complete,4,,full,False
tam,Theodore Alexander Manhasset,2025-12-31,iPad-only,14060.04,2016,81.0,"1,092 logins in 90 days — solid activity for this team size, with 19 of 29 reps logging in regularly and pace holding steady at 1.1x baseline. No engagement concern here.",60.0,Using 3 of 5 applicable features — real breadth gaps here. Smart Stacks haven't been used — a CS demo of the feature could unlock this; Sales Data is configured but no import has run in 90 days — check whether the feed is broken or the integration was never fully set up. CS should investigate the feed configuration and schedule a rep coaching session.,100.0,All configured channels are producing outcomes.,81.5,Catalog 100% complete; all 11 import feeds healthy; data freshness critical — the Kit Items feed last ran 121d ago against a ~1d expected cadence.,80.6,Thriving,Theodore Alexander Manhasset is in Thriving territory (81) with a mixed profile — value delivery (100) is the strongest area and adoption (60) is the drag. A feature coaching session targeting the unused capabilities is the highest-leverage next step.,False,,,False,False,,,True,complete,4,,full,False
jc,Jonathan Charles Fine Furniture Ltd.,2025-12-31,iPad+Catalog+Portal,24029.4,2018,55.0,"349 logins in 90 days, but only 13 of 47 reps (28%) have logged in this quarter — most of the team isn't engaged. Pace is cooling off — worth monitoring at 0.7x baseline.",100.0,Using every configured feature — nothing unused.,100.0,All configured channels are producing outcomes.,69.8,"Catalog 91% complete; 9 of 11 import feeds healthy; Options (66d ago), Portal Invoices last ran with errors; data freshness critical — the Customers feed last ran 69d ago against a ~5d expected cadence.",81.2,Thriving,Jonathan Charles Fine Furniture Ltd. is in Thriving territory (81) with a mixed profile — adoption (100) is the strongest area and engagement (55) is the drag. Monitor closely — an engagement dip in an otherwise Thriving account is an early warning worth tracking.,False,,,False,False,,,True,complete,4,,full,False
cfg,Charleston Forge,2025-12-31,iPad+Catalog+Cart,21066.48,2015,81.0,"1,012 logins in 90 days — solid activity for this team size, with 31 of 42 reps logging in regularly and pace holding steady at 0.8x baseline. No engagement concern here. Rep headcount estimated from annual login history (portal accounts excluded from denominator).",60.0,Using 3 of 5 applicable features — real breadth gaps here. eCat Online Catalog is enabled but no portal traffic in 90 days; Online Ordering (B2B Cart) is enabled but no portal orders in 90 days. CS should schedule a rep coaching session to build these habits.,50.0,Only 2 of 4 applicable channels are producing outcomes. Online catalog is enabled but no portal traffic in 90d; B2B Cart is configured but no portal orders in 90d. CS should identify the highest-impact gap and address it in the next touchpoint.,89.4,Catalog 94% complete; 5 of 6 import feeds healthy; Customers last ran with errors; data feeds mostly on cadence — Matrix Options is 62d overdue against a ~11d expected cadence and needs attention.,70.1,Healthy,Charleston Forge is in Healthy territory (70) with a mixed profile — operational health (89) is the strongest area and value delivery (50) is the drag. Focus the next conversation on converting activity into outcomes; portal activation or an order-workflow review is the starting point.,False,,,False,False,,,True,complete,4,,full,False
big,Baker-McGuire,2025-12-31,iPad-only,18729.96,2018,86.7,"1,600 logins in 90 days — solid activity for this team size, with 64 of 76 reps logging in regularly and pace holding steady at 0.9x baseline. No engagement concern here.",80.0,Using 4 of 5 applicable features — mostly adopted. Sales Data is configured but no import has run in 90 days — check whether the feed is broken or the integration was never fully set up.,66.7,"2 of 3 configured channels producing outcomes. Gap: IPad order volume close but short — 7 orders in 90 days (threshold is 10, roughly one per week).",82.9,Catalog 70% complete — healthy but with room to improve; all 9 import feeds healthy; data feeds mostly on cadence — Option Images is 57d overdue against a ~3d expected cadence and needs attention.,79.1,Healthy,Baker-McGuire is in Healthy territory (79) with a mixed profile — engagement (87) is the strongest area and value delivery (67) is the drag. Focus the next conversation on converting activity into outcomes; portal activation or an order-workflow review is the starting point.,False,,,False,False,,,True,complete,4,,full,False
ril,Ratana International Ltd.,2025-12-31,Full,27025.92,2024,51.7,"555 logins in 90 days, but only 42 of 271 reps (15%) have logged in this quarter — most of the team isn't engaged. Pace is cooling off — worth monitoring at 0.6x baseline.",87.5,Using 7 of 8 applicable features — mostly adopted. Sales Portal is enabled but reps haven't opened it in 90 days — consider a rep training touchpoint.,100.0,All configured channels are producing outcomes.,87.6,"Catalog 98% complete; 5 of 7 import feeds healthy; Inventory, Sales Data last ran with errors; data feeds mostly on cadence — Images is 102d overdue against a ~6d expected cadence and needs attention.",81.7,Thriving,"The platform is producing some outcomes for Ratana International Ltd. (value delivery 100), but rep engagement is thin (engagement 52) — a small slice of the team is doing most of the work. Re-engaging the broader team is the most important next step: identify which reps have gone quiet and whether coverage or enablement gaps are driving it.",False,,,False,False,,,True,complete,4,,full,False
jcusa,Jonathan Charles Designs Inc.,2025-12-31,iPad-only,9670.92,2018,51.7,"621 logins in 90 days, but only 26 of 2511 reps (1%) have logged in this quarter — most of the team isn't engaged. Pace is cooling off — worth monitoring at 0.7x baseline.",87.5,Using 7 of 8 applicable features — mostly adopted. Sales Data is configured but no import has run in 90 days — check whether the feed is broken or the integration was never fully set up.,100.0,All configured channels are producing outcomes.,85.5,Catalog 100% complete; 5 of 6 import feeds healthy; Customers last ran with errors; data freshness critical — the Images feed last ran 33d ago against a ~2d expected cadence.,81.2,Thriving,"The platform is producing some outcomes for Jonathan Charles Designs Inc. (value delivery 100), but rep engagement is thin (engagement 52) — a small slice of the team is doing most of the work. Re-engaging the broader team is the most important next step: identify which reps have gone quiet and whether coverage or enablement gaps are driving it.",False,,,False,False,,,True,complete,4,,full,True
fsf,Four Seasons Furniture,2025-12-31,Full,22560.0,2023,86.7,"1,312 logins in 90 days — solid activity for this team size, with 25 of 30 reps logging in regularly and pace holding steady at 0.8x baseline. No engagement concern here. Rep headcount estimated from annual login history (portal accounts excluded from denominator).",100.0,Using every configured feature — nothing unused.,100.0,All configured channels are producing outcomes.,95.3,Catalog 92% complete; all 8 import feeds healthy; data feeds mostly on cadence — Options is 14d overdue against a ~2d expected cadence and needs attention.,95.5,Thriving,Four Seasons Furniture is performing well across the board — every dimension is at 87 or higher and the overall score of 96 reflects consistent strength rather than one area carrying the others. No action needed; monitor at standard cadence.,False,,,False,False,,,True,complete,4,,full,False
tel,Tomlinson Companies,2025-12-31,iPad+Catalog,13440.0,2015,51.7,"45 logins in 90 days is on the lower side for 20 enabled reps — 5 of 20 (25%) are active, but session depth is limited. Pace is holding steady at 0.8x baseline.",50.0,Using 2 of 4 applicable features — real breadth gaps here. Smart Stacks haven't been used — a CS demo of the feature could unlock this; eCat Online Catalog is enabled but no portal traffic in 90 days. CS should schedule a rep coaching session to build these habits.,33.3,Only 1 of 3 applicable channels are producing outcomes. No iPad orders submitted in 90 days — reps are not converting activity into orders; online catalog is enabled but no portal traffic in 90d. CS should identify the highest-impact gap and address it in the next touchpoint.,20.0,"Ops concern — catalog completeness at 20% is a blocker for field use — reps are working with incomplete product data; flag for a catalog audit; no import feed has run in the trailing 180 days — import health and data freshness are unmeasured, so this score reflects catalog completeness only.",38.8,At Risk,"Tomlinson Companies's rep activity (52 engagement) and platform outcomes (33 value delivery) are both too low to support a healthy relationship. Re-establishing contact to understand why reps have gone quiet is the first step — determine whether this is a coverage gap, a product fit issue, or something else.",False,,,True,False,,,True,complete,4,,catalog_only,False
mfc,Morgan Fabrics Corporation,2025-12-31,iPad+Catalog,13440.0,2012,40.0,Only 93 logins in 90 days from just 7 of 561 reps (1%) — most of the team is not using the app this quarter. Prioritize an engagement call to identify adoption barriers.,60.0,Using 3 of 5 applicable features — real breadth gaps here. eCat Online Catalog is enabled but no portal traffic in 90 days; Sales Data is configured but no import has run in 90 days — check whether the feed is broken or the integration was never fully set up. CS should investigate the feed configuration and schedule a rep coaching session.,33.3,Only 1 of 3 applicable channels are producing outcomes. No iPad orders submitted in 90 days — reps are not converting activity into orders; online catalog is enabled but no portal traffic in 90d. CS should identify the highest-impact gap and address it in the next touchpoint.,45.6,Ops concern — catalog completeness at 28% is a blocker for field use — reps are working with incomplete product data; flag for a catalog audit; 1 of 2 import feeds healthy; Products last ran with errors; data freshness declining — the Images feed last ran 24d ago against a ~14d expected cadence.,40.0,Watch,"Morgan Fabrics Corporation's rep activity (40 engagement) and platform outcomes (33 value delivery) are both too low to support a healthy relationship. Re-establishing contact to understand why reps have gone quiet is the first step — determine whether this is a coverage gap, a product fit issue, or something else.",False,,,True,False,,,True,complete,4,,full,False
gc,Groupe Courchesne,2025-12-31,iPad+Catalog+Cart,16980.0,2023,51.7,"665 logins in 90 days, but only 14 of 326 reps (4%) have logged in this quarter — most of the team isn't engaged. Pace is cooling off — worth monitoring at 0.7x baseline.",57.1,Using 4 of 7 applicable features — real breadth gaps here. eCat Online Catalog is enabled but no portal traffic in 90 days; Online Ordering (B2B Cart) is enabled but no portal orders in 90 days; Sales Data is configured but no import has run in 90 days — check whether the feed is broken or the integration was never fully set up. CS should investigate the feed configuration and schedule a rep coaching session.,60.0,3 of 5 configured channels producing outcomes. Gap: Online catalog is enabled but no portal traffic in 90d; B2B Cart is configured but no portal orders in 90d.,67.7,Catalog 99% complete (contract pricing — price check skipped); all 5 import feeds healthy; data freshness critical — the Images feed last ran 49d ago against a ~2d expected cadence.,59.1,Watch,"The platform is producing some outcomes for Groupe Courchesne (value delivery 60), but rep engagement is thin (engagement 52) — a small slice of the team is doing most of the work. Re-engaging the broader team is the most important next step: identify which reps have gone quiet and whether coverage or enablement gaps are driving it.",False,,,False,False,,,True,complete,4,,full,False
df,Designer's Fountain,2025-12-31,iPad-only,9560.04,2024,71.7,"331 logins in 90 days is on the lower side for 43 enabled reps — 23 of 43 (53%) are active, but session depth is limited. Pace is holding steady at 0.8x baseline.",80.0,Using 4 of 5 applicable features — mostly adopted. Sales Data is configured but no import has run in 90 days — check whether the feed is broken or the integration was never fully set up.,66.7,2 of 3 configured channels producing outcomes. Gap: No meaningful iPad order activity — only 2 orders in 90 days (threshold is 10).,88.1,Catalog 99% complete (contract pricing — price check skipped); 2 of 3 import feeds healthy; Products last ran with errors; data feeds mostly on cadence — Images is 42d overdue against a ~1d expected cadence and needs attention.,76.6,Healthy,Designer's Fountain is in Healthy territory (77) with a mixed profile — operational health (88) is the strongest area and value delivery (67) is the drag. Focus the next conversation on converting activity into outcomes; portal activation or an order-workflow review is the starting point.,False,,,False,False,,,True,complete,4,,full,False
vcg,Visual Comfort Signature,2025-12-31,iPad-only,18455.4,2019,81.0,"2,973 logins in 90 days — solid activity for this team size, with 73 of 146 reps logging in regularly and pace holding steady at 0.8x baseline. No engagement concern here.",100.0,Using every configured feature — nothing unused.,100.0,All configured channels are producing outcomes.,91.4,Catalog 96% complete; 5 of 6 import feeds healthy; Inventory last ran with errors; data feeds mostly on cadence — Images is 64d overdue against a ~1d expected cadence and needs attention.,93.1,Thriving,Visual Comfort Signature is performing well across the board — every dimension is at 81 or higher and the overall score of 93 reflects consistent strength rather than one area carrying the others. No action needed; monitor at standard cadence.,False,,,False,False,,,True,complete,4,,full,False
vic,Vaxcel International Corporation,2025-12-31,Full,21780.0,2022,46.7,Only 294 logins in 90 days from just 21 of 327 reps (6%) — most of the team is not using the app this quarter. Prioritize an engagement call to identify adoption barriers.,87.5,Using 7 of 8 applicable features — mostly adopted. Sales Data is configured but no import has run in 90 days — check whether the feed is broken or the integration was never fully set up.,83.3,5 of 6 configured channels producing outcomes. Gap: No meaningful iPad order activity — only 1 order in 90 days (threshold is 10).,90.1,Catalog 99% complete; 7 of 8 import feeds healthy; Customers last ran with errors; data feeds mostly on cadence — Images is 39d overdue against a ~7d expected cadence and needs attention.,76.9,Healthy,"The platform is producing some outcomes for Vaxcel International Corporation (value delivery 83), but rep engagement is thin (engagement 47) — a small slice of the team is doing most of the work. Re-engaging the broader team is the most important next step: identify which reps have gone quiet and whether coverage or enablement gaps are driving it.",False,,,False,False,,,True,complete,4,,full,False
ah,Alfresco Home,2025-12-31,iPad+Catalog+Cart,18560.04,2018,71.0,"1,020 logins in 90 days from 34 of 49 reps (69% active), but pace is cooling off — worth monitoring at 0.6x baseline — worth monitoring for continued fade. Rep headcount estimated from annual login history (portal accounts excluded from denominator).",50.0,Using 3 of 6 applicable features — real breadth gaps here. eCat Online Catalog is enabled but no portal traffic in 90 days; Online Ordering (B2B Cart) is enabled but no portal orders in 90 days; Sales Data is configured but no import has run in 90 days — check whether the feed is broken or the integration was never fully set up. CS should investigate the feed configuration and schedule a rep coaching session.,50.0,Only 2 of 4 applicable channels are producing outcomes. Online catalog is enabled but no portal traffic in 90d; B2B Cart is configured but no portal orders in 90d. CS should identify the highest-impact gap and address it in the next touchpoint.,99.9,Catalog 99% complete; all 3 import feeds healthy; data feeds mostly on cadence — Images is 102d overdue against a ~7d expected cadence and needs attention.,67.7,Healthy,"Alfresco Home's reps are logging in consistently (engagement 71), but they are using only a portion of the platform — adoption (50) and value delivery (50) reflect a feature-coverage gap, not an activity problem. Run a targeted coaching session on the highest-ROI unused features to convert this activity into stronger outcomes.",False,,,False,False,,,True,complete,4,,full,False
kii,"Kennedy International, Inc.",2025-12-31,iPad+Catalog+Cart,16642.56,2015,61.7,"976 logins in 90 days, but only 19 of 87 reps (22%) have logged in this quarter — most of the team isn't engaged. Pace is holding steady at 1.1x baseline.",71.4,Using 5 of 7 applicable features — real breadth gaps here. eCat Online Catalog is enabled but no portal traffic in 90 days; Online Ordering (B2B Cart) is enabled but no portal orders in 90 days. CS should schedule a rep coaching session to build these habits.,60.0,3 of 5 configured channels producing outcomes. Gap: Online catalog is enabled but no portal traffic in 90d; B2B Cart is configured but no portal orders in 90d.,71.8,"Catalog 72% complete (contract pricing — price check skipped) — healthy but with room to improve; 4 of 7 import feeds healthy; Inventory, Product Stories (86d ago), Sales Data last ran with errors; data feeds running on cadence.",66.2,Healthy,"Kennedy International, Inc. is in Healthy territory (66) with a mixed profile — operational health (72) is the strongest area and value delivery (60) is the drag. Focus the next conversation on converting activity into outcomes; portal activation or an order-workflow review is the starting point.",False,,,False,False,,,True,complete,4,,full,False
mah,Moda at Home Enterprises Ltd,2025-12-31,iPad+Catalog+Cart,16642.44,2019,56.7,"242 logins in 90 days, but only 16 of 361 reps (4%) have logged in this quarter — most of the team isn't engaged. Pace is holding steady at 1.4x baseline.",57.1,Using 4 of 7 applicable features — real breadth gaps here. eCat Online Catalog is enabled but no portal traffic in 90 days; Online Ordering (B2B Cart) is enabled but no portal orders in 90 days; Sales Data is configured but no import has run in 90 days — check whether the feed is broken or the integration was never fully set up. CS should investigate the feed configuration and schedule a rep coaching session.,40.0,Only 2 of 5 applicable channels are producing outcomes. Sharing/quoting near zero (1 event in 90d); online catalog is enabled but no portal traffic in 90d. CS should identify the highest-impact gap and address it in the next touchpoint.,74.3,"Catalog 69% complete (contract pricing — price check skipped) — healthy but with room to improve; 4 of 6 import feeds healthy; Inventory, Products last ran with errors; data feeds running on cadence.",57.0,Watch,"Moda at Home Enterprises Ltd is in Watch (57) with a mixed performance profile — no single dimension dominates, but value delivery (40) is the largest gap. Focus the next conversation on what is blocking orders or portal adoption — converting activity into outcomes is the priority.",False,,,False,False,,,True,complete,4,,full,False
hf,Hooker Furnishings,2025-12-31,iPad-only,10365.0,2024,70.0,"801 logins in 90 days, but only 31 of 63 reps (49%) have logged in this quarter — most of the team isn't engaged. Pace is holding steady at 0.8x baseline.",80.0,Using 4 of 5 applicable features — mostly adopted. Sales Data is configured but no import has run in 90 days — check whether the feed is broken or the integration was never fully set up.,100.0,All configured channels are producing outcomes.,61.3,"Catalog 89% complete — healthy but with room to improve; 2 of 4 import feeds healthy; Customers, Inventory last ran with errors; data freshness critical — the Images feed last ran 60d ago against a ~3d expected cadence.",77.8,Healthy,Hooker Furnishings is in Healthy territory (78) with a mixed profile — value delivery (100) is the strongest area and operational health (61) is the drag. Addressing catalog and import health in the next review cycle is the cleanest path back toward Thriving.,False,,,False,False,,,False,complete,4,,full,False
afx,"AFX, Inc.",2025-12-31,iPad-only,9150.0,2023,58.3,"174 logins in 90 days is on the lower side for 67 enabled reps — 21 of 67 (31%) are active, but session depth is limited. Pace is holding steady at 1.1x baseline.",40.0,Using 2 of 5 applicable features — real breadth gaps here. Reps aren't using sharing or quoting in the field — zero email drafts in 90 days; Inventory Management feed has gone quiet — no imports in 90 days; Sales Data is configured but no import has run in 90 days — check whether the feed is broken or the integration was never fully set up. CS should investigate the feed configuration and schedule a rep coaching session.,0.0,Only 0 of 3 applicable channels are producing outcomes. No meaningful iPad order activity — only 1 order in 90 days (threshold is 10); sharing/quoting near zero (0 events in 90d). CS should identify the highest-impact gap and address it in the next touchpoint.,71.2,Catalog 95% complete (contract pricing — price check skipped); all 2 import feeds healthy; data freshness critical — the Inventory feed last ran 103d ago against a ~1d expected cadence.,42.4,Watch,"The platform isn't generating any measurable business outcomes for AFX, Inc. — no channel (orders, quotes, portal activity, or data flow) is currently producing results. Focus the next conversation on which channel was expected to convert activity into orders, and what is blocking it.",False,,,False,False,,,True,complete,4,,full,False
heb,Home Essentials & Beyond,2025-12-31,iPad-only,9140.04,2012,65.0,"440 logins in 90 days, but only 26 of 99 reps (26%) have logged in this quarter — most of the team isn't engaged. Pace is holding steady at 1.0x baseline.",80.0,Using 4 of 5 applicable features — mostly adopted. Sales Data is configured but no import has run in 90 days — check whether the feed is broken or the integration was never fully set up.,100.0,All configured channels are producing outcomes.,93.1,Catalog 100% complete (contract pricing — price check skipped); 5 of 6 import feeds healthy; Products last ran with errors; data feeds running on cadence.,84.5,Thriving,Home Essentials & Beyond is in Thriving territory (84) with a mixed profile — value delivery (100) is the strongest area and engagement (65) is the drag. Monitor closely — an engagement dip in an otherwise Thriving account is an early warning worth tracking.,False,,,False,False,,,True,complete,4,,full,False
fal,Fine Art Handcrafted Lighting,2025-12-31,iPad-only,17840.04,2024,92.7,"1,707 logins in 90 days — solid activity for this team size, with 46 of 46 reps logging in regularly and pace holding steady at 0.8x baseline. No engagement concern here.",75.0,Using 3 of 4 applicable features — mostly adopted. Sales Data is configured but no import has run in 90 days — check whether the feed is broken or the integration was never fully set up.,100.0,All configured channels are producing outcomes.,70.1,Catalog 98% complete (contract pricing — price check skipped); 3 of 4 import feeds healthy; Customers (63d ago) last ran with errors; data freshness critical — the Images feed last ran 62d ago against a ~7d expected cadence.,84.4,Thriving,"Fine Art Handcrafted Lighting is in Thriving territory (84), but the score sits just above the Healthy cutoff — operational health (70) is the relative weakness while value delivery (100) is doing the lifting. A focused check-in on operational health would solidify the Thriving position before any drift sets in.",False,,,False,False,,,True,complete,4,,full,False
bri,Bulbrite,2025-12-31,Full,31445.04,2023,76.7,"942 logins in 90 days — solid activity for this team size, with 68 of 92 reps logging in regularly and pace holding steady at 0.8x baseline. No engagement concern here. Rep headcount estimated from annual login history (portal accounts excluded from denominator).",100.0,Using every configured feature — nothing unused.,100.0,All configured channels are producing outcomes.,99.3,Catalog 100% complete (contract pricing — price check skipped); all 10 import feeds healthy; data feeds mostly on cadence — Images is 62d overdue against a ~9d expected cadence and needs attention.,94.0,Thriving,"Bulbrite is performing well overall (94) — engagement (77) is the relative drag, but every dimension is in acceptable shape. Monitor at standard cadence.",False,,,False,False,,,True,complete,4,,full,False
sbmh,Somerset Bay and Modern History,2025-12-31,Full,26079.96,2011,76.7,"1,698 logins in 90 days — solid activity for this team size, with 30 of 34 reps logging in regularly and pace cooling off — worth monitoring at 0.7x baseline. No engagement concern here. Rep headcount estimated from annual login history (portal accounts excluded from denominator).",100.0,Using every configured feature — nothing unused.,100.0,All configured channels are producing outcomes.,90.5,Catalog 97% complete; 7 of 8 import feeds healthy; Inventory last ran with errors; data feeds running on cadence.,91.8,Thriving,"Somerset Bay and Modern History is performing well overall (92) — engagement (77) is the relative drag, but every dimension is in acceptable shape. Monitor at standard cadence.",False,,,False,False,,,True,complete,4,,full,False
sarreid,"Sarreid, Ltd.",2025-12-31,iPad+Catalog+Portal,27968.04,2014,85.0,"4,321 logins in 90 days — solid activity for this team size, with 54 of 105 reps logging in regularly and pace holding steady at 0.9x baseline. No engagement concern here.",100.0,Using every configured feature — nothing unused.,100.0,All configured channels are producing outcomes.,95.1,Catalog 93% complete; all 9 import feeds healthy; data feeds mostly on cadence — Customers is 14d overdue against a ~2d expected cadence and needs attention.,95.0,Thriving,"Sarreid, Ltd. is performing well across the board — every dimension is at 85 or higher and the overall score of 95 reflects consistent strength rather than one area carrying the others. No action needed; monitor at standard cadence.",False,,,False,False,,,True,complete,4,,full,False
bcf,Braxton Culler,2025-12-31,Full,26340.0,2022,90.7,"3,345 logins in 90 days — solid activity for this team size, with 47 of 62 reps logging in regularly and pace holding steady at 0.9x baseline. No engagement concern here. Rep headcount estimated from annual login history (portal accounts excluded from denominator).",100.0,Using every configured feature — nothing unused.,100.0,All configured channels are producing outcomes.,85.3,Catalog 82% complete — healthy but with room to improve; all 11 import feeds healthy; data feeds mostly on cadence — Riser Prices is 44d overdue against a ~8d expected cadence and needs attention.,94.0,Thriving,Braxton Culler is performing well across the board — every dimension is at 85 or higher and the overall score of 94 reflects consistent strength rather than one area carrying the others. No action needed; monitor at standard cadence.,False,,,False,False,,,True,complete,4,,full,False
fc,Furniture Classics ,2025-12-31,Full,24099.96,2017,76.7,"1,718 logins in 90 days — solid activity for this team size, with 38 of 46 reps logging in regularly and pace cooling off — worth monitoring at 0.6x baseline. No engagement concern here. Rep headcount estimated from annual login history (portal accounts excluded from denominator).",100.0,Using every configured feature — nothing unused.,100.0,All configured channels are producing outcomes.,60.6,"Catalog completeness at 28% is a blocker for field use — reps are working with incomplete product data; flag for a catalog audit; 4 of 6 import feeds healthy; Customers, Products last ran with errors; data feeds mostly on cadence — Customers is 9d overdue against a ~1d expected cadence and needs attention.",84.3,Thriving,Furniture Classics  is in Thriving territory (84) with a mixed profile — adoption (100) is the strongest area and operational health (61) is the drag. Address the data infrastructure when the next review cycle allows — the rest of the picture is strong enough to support it.,False,,,False,False,,,True,complete,4,,full,False
jyc,Jamie Young Company,2025-12-31,Full,35400.0,2014,76.7,"2,135 logins in 90 days — solid activity for this team size, with 59 of 77 reps logging in regularly and pace cooling off — worth monitoring at 0.7x baseline. No engagement concern here. Rep headcount estimated from annual login history (portal accounts excluded from denominator).",100.0,Using every configured feature — nothing unused.,100.0,All configured channels are producing outcomes.,85.7,"Catalog 100% complete (contract pricing — price check skipped); 5 of 8 import feeds healthy; Customers, Inventory, Sales Data last ran with errors; data feeds mostly on cadence — Portal Orders is 111d overdue against a ~22d expected cadence and needs attention.",90.6,Thriving,"Jamie Young Company is performing well overall (91) — engagement (77) is the relative drag, but every dimension is in acceptable shape. Monitor at standard cadence.",False,,,False,False,,,True,complete,4,,full,False
ta,Theodore Alexander,2025-12-31,Full,24260.04,2016,66.0,"2,784 logins in 90 days, but only 45 of 478 reps (9%) have logged in this quarter — most of the team isn't engaged. Pace is holding steady at 0.9x baseline.",100.0,Using every configured feature — nothing unused.,100.0,All configured channels are producing outcomes.,98.4,Catalog 100% complete; all 8 import feeds healthy; data feeds mostly on cadence — Images is 27d overdue against a ~5d expected cadence and needs attention.,91.1,Thriving,Theodore Alexander is in Thriving territory (91) with a mixed profile — adoption (100) is the strongest area and engagement (66) is the drag. Monitor closely — an engagement dip in an otherwise Thriving account is an early warning worth tracking.,False,,,False,False,,,True,complete,4,,full,False
lpf,Linon/Powell Furniture,2025-12-31,Full,26079.96,2019,81.0,"2,805 logins in 90 days — solid activity for this team size, with 45 of 62 reps logging in regularly and pace holding steady at 0.8x baseline. No engagement concern here. Rep headcount estimated from annual login history (portal accounts excluded from denominator).",87.5,Using 7 of 8 applicable features — mostly adopted. Sales Data is configured but no import has run in 90 days — check whether the feed is broken or the integration was never fully set up.,100.0,All configured channels are producing outcomes.,93.4,Catalog 99% complete (contract pricing — price check skipped); all 7 import feeds healthy; data feeds mostly on cadence — Images is 11d overdue against a ~1d expected cadence and needs attention.,90.5,Thriving,Linon/Powell Furniture is performing well across the board — every dimension is at 81 or higher and the overall score of 90 reflects consistent strength rather than one area carrying the others. No action needed; monitor at standard cadence.,False,,,False,False,,,True,complete,4,,full,False
wag,Wendover Art Group,2025-12-31,iPad-only,16087.56,2025,61.0,"1,653 logins in 90 days from 56 of 92 reps (61% active), but pace is sharp deceleration — usage has dropped significantly from baseline at 0.5x baseline — worth monitoring for continued fade.",100.0,Using every configured feature — nothing unused.,100.0,All configured channels are producing outcomes.,68.8,"Catalog 97% complete; 2 of 4 import feeds healthy; Customers, Sales Data last ran with errors; data freshness critical — the Images feed last ran 53d ago against a ~4d expected cadence.",82.5,Thriving,Wendover Art Group is in Thriving territory (82) with a mixed profile — adoption (100) is the strongest area and engagement (61) is the drag. Monitor closely — an engagement dip in an otherwise Thriving account is an early warning worth tracking.,False,,,False,False,,,True,complete,4,,full,False
gsa,Godinger Silver Art Co.,2025-12-31,iPad-only,8799.96,2011,65.0,"347 logins in 90 days, but only 17 of 45 reps (38%) have logged in this quarter — most of the team isn't engaged. Pace is holding steady at 0.8x baseline.",100.0,Using every configured feature — nothing unused.,66.7,"2 of 3 configured channels producing outcomes. Gap: IPad order volume close but short — 9 orders in 90 days (threshold is 10, roughly one per week).",83.9,Catalog 70% complete — healthy but with room to improve; all 5 import feeds healthy; data feeds mostly on cadence — Option Images is 161d overdue against a ~1d expected cadence and needs attention.,78.9,Healthy,Godinger Silver Art Co. is in Healthy territory (79) with a mixed profile — adoption (100) is the strongest area and engagement (65) is the drag. Monitor engagement closely; a continued downward trend would push this into Watch territory.,False,,,False,False,,,True,complete,4,,full,False
ali,Access Lighting,2025-12-31,iPad+Catalog+Portal,21680.04,2018,61.7,"639 logins in 90 days, but only 41 of 236 reps (17%) have logged in this quarter — most of the team isn't engaged. Pace is holding steady at 0.9x baseline.",85.7,Using 6 of 7 applicable features — mostly adopted. Sales Data is configured but no import has run in 90 days — check whether the feed is broken or the integration was never fully set up.,80.0,4 of 5 configured channels producing outcomes. Gap: No iPad orders submitted in 90 days — reps are not converting activity into orders.,89.9,Catalog 100% complete; 5 of 6 import feeds healthy; Products last ran with errors; data feeds mostly on cadence — Images is 147d overdue against a ~1d expected cadence and needs attention.,79.3,Healthy,Access Lighting is in Healthy territory (79) with a mixed profile — operational health (90) is the strongest area and engagement (62) is the drag. Monitor engagement closely; a continued downward trend would push this into Watch territory.,False,,,False,False,,,True,complete,4,,full,False
gl,Golden Lighting,2025-12-31,Full,24309.96,2023,71.7,"488 logins in 90 days is on the lower side for 46 enabled reps — 29 of 46 (63%) are active, but session depth is limited. Pace is holding steady at 1.0x baseline. Rep headcount estimated from annual login history (portal accounts excluded from denominator).",75.0,Using 6 of 8 applicable features — mostly adopted. Sales Portal is enabled but reps haven't opened it in 90 days — consider a rep training touchpoint.,83.3,5 of 6 configured channels producing outcomes. Gap: No meaningful iPad order activity — only 2 orders in 90 days (threshold is 10).,95.2,Catalog 99% complete; 6 of 7 import feeds healthy; Products last ran with errors; data feeds running on cadence.,81.3,Thriving,"Golden Lighting is in Thriving territory (81), but the score sits just above the Healthy cutoff — engagement (72) is the relative weakness while operational health (95) is doing the lifting. A focused check-in on engagement would solidify the Thriving position before any drift sets in.",False,,,False,False,,,True,complete,4,,full,False
uhc,Uniware Housewares Corp.,2025-12-31,iPad-only,8739.96,2021,92.7,"1,371 logins in 90 days — solid activity for this team size, with 19 of 20 reps logging in regularly and pace holding steady at 0.8x baseline. No engagement concern here.",60.0,Using 3 of 5 applicable features — real breadth gaps here. Reps aren't using sharing or quoting in the field — zero email drafts in 90 days; Sales Data is configured but no import has run in 90 days — check whether the feed is broken or the integration was never fully set up. CS should investigate the feed configuration and schedule a rep coaching session.,66.7,2 of 3 configured channels producing outcomes — reps are active but not using sharing/quoting in the field. A short demo of the share flow in the next QBR could move this.,100.0,Catalog 98% complete (contract pricing — price check skipped); all 3 import feeds healthy; data feeds running on cadence.,79.8,Healthy,Uniware Housewares Corp. is in Healthy territory (80) with a mixed profile — operational health (100) is the strongest area and adoption (60) is the drag. A focused coaching session would help this team use more of the platform; rep activity is already there to support it.,False,,,False,False,,,True,complete,4,,full,False
sccon,Summer Classics Contract,2025-12-31,Full,21819.96,2014,71.0,"1,539 logins in 90 days from 32 of 45 reps (71% active), but pace is cooling off — worth monitoring at 0.7x baseline — worth monitoring for continued fade. Rep headcount estimated from annual login history (portal accounts excluded from denominator).",100.0,Using every configured feature — nothing unused.,100.0,All configured channels are producing outcomes.,82.5,Catalog 73% complete (contract pricing — price check skipped) — healthy but with room to improve; all 13 import feeds healthy; data feeds mostly on cadence — Option Images is 141d overdue against a ~2d expected cadence and needs attention.,88.4,Thriving,"Summer Classics Contract is performing well overall (88) — engagement (71) is the relative drag, but every dimension is in acceptable shape. Monitor at standard cadence.",False,,,False,False,,,True,complete,4,,full,False
am,Alfonso Marina,2025-12-31,iPad-only,11082.72,2024,73.3,"454 logins in 90 days is on the lower side for 20 enabled reps — 20 of 20 (100%) are active, but session depth is limited. Pace is cooling off — worth monitoring at 0.6x baseline.",75.0,Using 3 of 4 applicable features — mostly adopted. Sales Data is configured but no import has run in 90 days — check whether the feed is broken or the integration was never fully set up.,100.0,All configured channels are producing outcomes.,68.1,Catalog 94% complete; all 6 import feeds healthy; data freshness critical — the Images feed last ran 69d ago against a ~3d expected cadence.,79.1,Healthy,Alfonso Marina is in Healthy territory (79) with a mixed profile — value delivery (100) is the strongest area and operational health (68) is the drag. Addressing catalog and import health in the next review cycle is the cleanest path back toward Thriving.,False,,,False,False,,,True,complete,4,,full,False
abol,America's Backyards,2025-12-31,iPad-only,8700.0,2024,38.3,"Low engagement: 62 logins in 90 days from 6 of 21 reps (29% active), pace is sharp deceleration — usage has dropped significantly from baseline at 0.3x baseline. Below-threshold activity across the board — proactive outreach warranted.",66.7,Using 4 of 6 applicable features — real breadth gaps here. eCat Online Catalog is enabled but no portal traffic in 90 days; Sales Data is configured but no import has run in 90 days — check whether the feed is broken or the integration was never fully set up. CS should investigate the feed configuration and schedule a rep coaching session.,50.0,Only 2 of 4 applicable channels are producing outcomes. No iPad orders submitted in 90 days — reps are not converting activity into orders; online catalog is enabled but no portal traffic in 90d. CS should identify the highest-impact gap and address it in the next touchpoint.,66.7,Catalog 91% complete; all 4 import feeds healthy; data freshness critical — the Product Stories feed last ran 155d ago against a ~3d expected cadence.,55.4,Watch,"The platform is producing some outcomes for America's Backyards (value delivery 50), but rep engagement is thin (engagement 38) — a small slice of the team is doing most of the work. Re-engaging the broader team is the most important next step: identify which reps have gone quiet and whether coverage or enablement gaps are driving it.",False,,,False,False,,,True,complete,4,,full,True
ol,Oly Studio,2025-12-31,iPad-only,13380.0,2025,38.3,"Low engagement: 60 logins in 90 days from 9 of 13 reps (69% active), pace is sharp deceleration — usage has dropped significantly from baseline at 0.2x baseline. Below-threshold activity across the board — proactive outreach warranted.",80.0,Using 4 of 5 applicable features — mostly adopted. Sales Data is configured but no import has run in 90 days — check whether the feed is broken or the integration was never fully set up.,66.7,2 of 3 configured channels producing outcomes — reps are active but not using sharing/quoting in the field. A short demo of the share flow in the next QBR could move this.,100.0,Catalog 100% complete; all 1 import feed healthy.,71.2,Healthy,"The platform is producing some outcomes for Oly Studio (value delivery 67), but rep engagement is thin (engagement 38) — a small slice of the team is doing most of the work. Re-engaging the broader team is the most important next step: identify which reps have gone quiet and whether coverage or enablement gaps are driving it.",False,,,False,False,,,True,complete,4,,full,False
sca,Shadow Catchers,2025-12-31,iPad-only,8700.0,2015,71.7,"234 logins in 90 days is on the lower side for 34 enabled reps — 23 of 34 (68%) are active, but session depth is limited. Pace is holding steady at 0.8x baseline.",75.0,Using 3 of 4 applicable features — mostly adopted. Sales Data is configured but no import has run in 90 days — check whether the feed is broken or the integration was never fully set up.,100.0,All configured channels are producing outcomes.,87.6,Catalog 99% complete; all 2 import feeds healthy; data freshness declining — the Images feed last ran 8d ago against a ~5d expected cadence.,83.6,Thriving,"Shadow Catchers is in Thriving territory (84), but the score sits just above the Healthy cutoff — engagement (72) is the relative weakness while value delivery (100) is doing the lifting. A focused check-in on engagement would solidify the Thriving position before any drift sets in.",False,,,False,False,,,True,complete,4,,full,False
rf,Rowe Furniture,2025-12-31,iPad-only,9300.0,2021,71.0,"1,429 logins in 90 days from 31 of 48 reps (65% active), but pace is cooling off — worth monitoring at 0.6x baseline — worth monitoring for continued fade.",75.0,Using 3 of 4 applicable features — mostly adopted. Sales Data is configured but no import has run in 90 days — check whether the feed is broken or the integration was never fully set up.,100.0,All configured channels are producing outcomes.,60.8,"Catalog 81% complete — healthy but with room to improve; 2 of 4 import feeds healthy; Customers, Kit Items last ran with errors; data freshness critical — the Images feed last ran 68d ago against a ~1d expected cadence.",76.7,Healthy,Rowe Furniture is in Healthy territory (77) with a mixed profile — value delivery (100) is the strongest area and operational health (61) is the drag. Addressing catalog and import health in the next review cycle is the cleanest path back toward Thriving.,False,,,False,False,,,True,complete,4,,full,False
swc,Sauder Woodworking,2025-12-31,iPad-only,8700.0,2013,55.0,"257 logins in 90 days, but only 12 of 28 reps (43%) have logged in this quarter — most of the team isn't engaged. Pace is cooling off — worth monitoring at 0.5x baseline.",100.0,Using every configured feature — nothing unused.,50.0,Only 1 of 2 applicable channels are producing outcomes. No iPad orders submitted in 90 days — reps are not converting activity into orders. CS should identify the highest-impact gap and address it in the next touchpoint.,100.0,Catalog 98% complete; all 2 import feeds healthy; data feeds running on cadence.,76.2,Healthy,Sauder Woodworking is in Healthy territory (76) with a mixed profile — adoption (100) is the strongest area and value delivery (50) is the drag. Focus the next conversation on converting activity into outcomes; portal activation or an order-workflow review is the starting point.,False,,,False,False,,,True,complete,4,,full,False
lss,Lifestyle Solutions,2025-12-31,iPad-only,8700.0,2023,71.7,"268 logins in 90 days is on the lower side for 19 enabled reps — 12 of 19 (63%) are active, but session depth is limited. Pace is holding steady at 1.0x baseline.",80.0,Using 4 of 5 applicable features — mostly adopted. Sales Data is configured but no import has run in 90 days — check whether the feed is broken or the integration was never fully set up.,66.7,2 of 3 configured channels producing outcomes. Gap: No meaningful iPad order activity — only 2 orders in 90 days (threshold is 10).,84.5,"Catalog 93% complete; 3 of 5 import feeds healthy; Product Stories, Products last ran with errors; data feeds mostly on cadence — Customers is 19d overdue against a ~1d expected cadence and needs attention.",75.7,Healthy,Lifestyle Solutions is in Healthy territory (76) with a mixed profile — operational health (84) is the strongest area and value delivery (67) is the drag. Focus the next conversation on converting activity into outcomes; portal activation or an order-workflow review is the starting point.,False,,,False,False,,,True,complete,4,,full,False
soi,Silver One,2025-12-31,iPad-only,8700.0,2024,66.7,"133 logins in 90 days is on the lower side for 4 enabled reps — 4 of 4 (100%) are active, but session depth is limited. Pace is cooling off — worth monitoring at 0.7x baseline.",50.0,Using 2 of 4 applicable features — real breadth gaps here. Smart Stacks haven't been used — a CS demo of the feature could unlock this; Sales Data is configured but no import has run in 90 days — check whether the feed is broken or the integration was never fully set up. CS should investigate the feed configuration and schedule a rep coaching session.,0.0,Only 0 of 2 applicable channels are producing outcomes. No iPad orders submitted in 90 days — reps are not converting activity into orders; sharing/quoting near zero (1 event in 90d). CS should identify the highest-impact gap and address it in the next touchpoint.,80.4,Catalog 97% complete (contract pricing — price check skipped); all 2 import feeds healthy; data freshness declining — the Images feed last ran 7d ago against a ~3d expected cadence.,49.3,Watch,"The platform isn't generating any measurable business outcomes for Silver One — no channel (orders, quotes, portal activity, or data flow) is currently producing results. Focus the next conversation on which channel was expected to convert activity into orders, and what is blocking it.",False,,,False,False,,,True,complete,4,,full,False
etl,ELICO LTD.,2025-12-31,iPad-only,8700.0,2019,82.3,"646 logins in 90 days — solid activity for this team size, with 12 of 16 reps logging in regularly and pace holding steady at 0.8x baseline. No engagement concern here.",100.0,Using every configured feature — nothing unused.,100.0,All configured channels are producing outcomes.,99.5,Catalog 96% complete; all 5 import feeds healthy; data feeds mostly on cadence — Customers is 118d overdue against a ~16d expected cadence and needs attention.,95.5,Thriving,ELICO LTD. is performing well across the board — every dimension is at 82 or higher and the overall score of 96 reflects consistent strength rather than one area carrying the others. No action needed; monitor at standard cadence.,False,,,False,False,,,True,complete,4,,full,False
krb,Kaleen Rugs & Broadloom,2025-12-31,iPad-only,8700.0,2024,43.3,Only 2 logins in 90 days from just 1 of 34 reps (3%) — most of the team is not using the app this quarter. Prioritize an engagement call to identify adoption barriers.,50.0,Using 2 of 4 applicable features — real breadth gaps here. Reps aren't using sharing or quoting in the field — zero email drafts in 90 days; Sales Data is configured but no import has run in 90 days — check whether the feed is broken or the integration was never fully set up. CS should investigate the feed configuration and schedule a rep coaching session.,0.0,Only 0 of 2 applicable channels are producing outcomes. No iPad orders submitted in 90 days — reps are not converting activity into orders; sharing/quoting near zero (0 events in 90d). CS should identify the highest-impact gap and address it in the next touchpoint.,32.6,Ops concern — catalog is empty — no products have complete data; 2 of 3 import feeds healthy; Customers (112d ago) last ran with errors; data freshness critical — the Customers feed last ran 112d ago against a ~1d expected cadence — escalate to ops.,31.5,At Risk,"Kaleen Rugs & Broadloom's rep activity (43 engagement) and platform outcomes (0 value delivery) are both too low to support a healthy relationship. Re-establishing contact to understand why reps have gone quiet is the first step — determine whether this is a coverage gap, a product fit issue, or something else.",False,,,True,False,,,True,complete,4,,full,False
dals,DALS Lighting,2025-12-31,iPad-only,8700.0,2023,65.0,"206 logins in 90 days, but only 18 of 60 reps (30%) have logged in this quarter — most of the team isn't engaged. Pace is holding steady at 0.8x baseline.",80.0,Using 4 of 5 applicable features — mostly adopted. Sales Data is configured but no import has run in 90 days — check whether the feed is broken or the integration was never fully set up.,66.7,2 of 3 configured channels producing outcomes. Gap: No iPad orders submitted in 90 days — reps are not converting activity into orders.,40.0,Ops concern — catalog completeness at 33% is a blocker for field use — reps are working with incomplete product data; flag for a catalog audit; all 1 import feed healthy; data freshness critical — the Inventory feed last ran 75d ago against a ~18d expected cadence — escalate to ops.,62.9,Healthy,DALS Lighting looks strong on the surface — engagement (65) and value delivery (67) are both healthy — but the data infrastructure (ops 40) has real problems that will eventually surface as a rep experience issue. An infrastructure review (catalog completeness and import health) is the right next step before this becomes rep-facing.,False,,,False,False,,,True,complete,4,,full,False
ihw,Interlude Furniture,2025-12-31,iPad+Catalog+Portal,20730.0,2025,86.7,"2,763 logins in 90 days — solid activity for this team size, with 32 of 38 reps logging in regularly and pace holding steady at 0.8x baseline. No engagement concern here.",100.0,Using every configured feature — nothing unused.,100.0,All configured channels are producing outcomes.,83.8,Catalog 83% complete (contract pricing — price check skipped) — healthy but with room to improve; 12 of 13 import feeds healthy; Kit Items last ran with errors; data feeds running on cadence.,92.6,Thriving,Interlude Furniture is performing well across the board — every dimension is at 84 or higher and the overall score of 93 reflects consistent strength rather than one area carrying the others. No action needed; monitor at standard cadence.,False,,,False,False,,,True,complete,4,,full,False
sc,Gabriella White,2025-12-31,iPad+Catalog+Portal,24936.0,2013,80.7,"12,493 logins in 90 days — solid activity for this team size, with 129 of 145 reps logging in regularly and pace cooling off — worth monitoring at 0.7x baseline. No engagement concern here.",100.0,Using every configured feature — nothing unused.,100.0,All configured channels are producing outcomes.,83.2,Catalog 62% complete (contract pricing — price check skipped) — healthy but with room to improve; all 13 import feeds healthy; data feeds mostly on cadence — Option Images is 141d overdue against a ~1d expected cadence and needs attention.,91.0,Thriving,Gabriella White is performing well across the board — every dimension is at 81 or higher and the overall score of 91 reflects consistent strength rather than one area carrying the others. No action needed; monitor at standard cadence.,False,,,False,False,,,True,complete,4,,full,False
ih,Interlude Home,2025-12-31,iPad+Catalog+Portal,22140.0,2021,90.7,"3,261 logins in 90 days — solid activity for this team size, with 31 of 36 reps logging in regularly and pace holding steady at 0.8x baseline. No engagement concern here.",100.0,Using every configured feature — nothing unused.,100.0,All configured channels are producing outcomes.,99.6,Catalog 96% complete; all 8 import feeds healthy; data feeds mostly on cadence — Images is 69d overdue against a ~7d expected cadence and needs attention.,97.6,Thriving,Interlude Home is performing well across the board — every dimension is at 91 or higher and the overall score of 98 reflects consistent strength rather than one area carrying the others. No action needed; monitor at standard cadence.,False,,,False,False,,,True,complete,4,,full,False
rw,RENWIL,2025-12-31,iPad+Catalog+Portal,25374.0,2024,76.7,"2,374 logins in 90 days — solid activity for this team size, with 67 of 88 reps logging in regularly and pace cooling off — worth monitoring at 0.7x baseline. No engagement concern here.",71.4,Using 5 of 7 applicable features — real breadth gaps here. eCat Online Catalog is enabled but no portal traffic in 90 days; Sales Data is configured but no import has run in 90 days — check whether the feed is broken or the integration was never fully set up. CS should investigate the feed configuration and schedule a rep coaching session.,60.0,3 of 5 configured channels producing outcomes. Gap: Online catalog is enabled but no portal traffic in 90d; Sales Portal is configured but no portal orders in 90d.,93.8,Catalog 100% complete; all 8 import feeds healthy; data feeds running on cadence.,75.5,Healthy,RENWIL is in Healthy territory (76) with a mixed profile — operational health (94) is the strongest area and value delivery (60) is the drag. Focus the next conversation on converting activity into outcomes; portal activation or an order-workflow review is the starting point.,False,,,False,False,,,True,complete,4,,full,False
cci,Currey & Company,2025-12-31,iPad+Catalog+Portal,26480.04,2021,71.0,"2,127 logins in 90 days from 53 of 90 reps (59% active), but pace is cooling off — worth monitoring at 0.7x baseline — worth monitoring for continued fade.",100.0,Using every configured feature — nothing unused.,100.0,All configured channels are producing outcomes.,84.5,"Catalog 93% complete; 5 of 8 import feeds healthy; Customers, Products, Sales Data last ran with errors; data feeds mostly on cadence — Images is 12d overdue against a ~1d expected cadence and needs attention.",88.9,Thriving,"Currey & Company is performing well overall (89) — engagement (71) is the relative drag, but every dimension is in acceptable shape. Monitor at standard cadence.",False,,,False,False,,,True,complete,4,,full,False
ml,Millennium Lighting,2025-12-31,iPad+Catalog,17979.96,2020,74.3,"1,141 logins in 90 days, but only 54 of 133 reps (41%) have logged in this quarter — most of the team isn't engaged. Pace is holding steady at 1.0x baseline.",66.7,Using 4 of 6 applicable features — real breadth gaps here. eCat Online Catalog is enabled but no portal traffic in 90 days; Sales Data is configured but no import has run in 90 days — check whether the feed is broken or the integration was never fully set up. CS should investigate the feed configuration and schedule a rep coaching session.,50.0,Only 2 of 4 applicable channels are producing outcomes. No meaningful iPad order activity — only 1 order in 90 days (threshold is 10); online catalog is enabled but no portal traffic in 90d. CS should identify the highest-impact gap and address it in the next touchpoint.,85.8,Catalog 98% complete; all 3 import feeds healthy; data freshness critical — the Images feed last ran 28d ago against a ~2d expected cadence.,69.2,Healthy,Millennium Lighting is in Healthy territory (69) with a mixed profile — operational health (86) is the strongest area and value delivery (50) is the drag. Focus the next conversation on converting activity into outcomes; portal activation or an order-workflow review is the starting point.,False,,,False,False,,,True,complete,4,,full,False
mlc,Matteo Lighting,2025-12-31,iPad-only,12675.0,2023,88.3,"503 logins in 90 days — solid activity for this team size, with 38 of 37 reps logging in regularly and pace holding steady at 0.8x baseline. No engagement concern here.",75.0,Using 3 of 4 applicable features — mostly adopted. Sales Data is configured but no import has run in 90 days — check whether the feed is broken or the integration was never fully set up.,100.0,All configured channels are producing outcomes.,100.0,Catalog 100% complete (contract pricing — price check skipped); all 2 import feeds healthy; data feeds running on cadence.,90.8,Thriving,"Matteo Lighting is performing well overall (91) — adoption (75) is the relative drag, but every dimension is in acceptable shape. Monitor at standard cadence.",False,,,False,False,,,False,complete,4,stale,full,False
da,Dainolite Ltd.,2025-12-31,iPad-only,9399.96,2013,81.0,"1,420 logins in 90 days — solid activity for this team size, with 25 of 40 reps logging in regularly and pace holding steady at 0.9x baseline. No engagement concern here.",100.0,Using every configured feature — nothing unused.,100.0,All configured channels are producing outcomes.,86.5,"Catalog 100% complete; 3 of 5 import feeds healthy; Customers, Sales Data last ran with errors; data feeds running on cadence.",91.9,Thriving,Dainolite Ltd. is performing well across the board — every dimension is at 81 or higher and the overall score of 92 reflects consistent strength rather than one area carrying the others. No action needed; monitor at standard cadence.,False,,,False,False,,,True,complete,4,,full,False
mlg,Minka Lighting Group,2025-12-31,iPad-only,16687.56,2025,81.0,"1,477 logins in 90 days — solid activity for this team size, with 62 of 101 reps logging in regularly and pace holding steady at 1.3x baseline. No engagement concern here.",100.0,Using every configured feature — nothing unused.,66.7,2 of 3 configured channels producing outcomes. Gap: No meaningful iPad order activity — only 3 orders in 90 days (threshold is 10).,77.7,"Catalog 99% complete (contract pricing — price check skipped); 3 of 5 import feeds healthy; Inventory, Sales Data last ran with errors; data freshness declining — the Customers feed last ran 18d ago against a ~6d expected cadence.",81.3,Thriving,Minka Lighting Group is in Thriving territory (81) with a mixed profile — adoption (100) is the strongest area and value delivery (67) is the drag. Investigate why activity is not converting into outcomes — an order pipeline review or portal activation check is the starting point.,False,,,False,False,,,True,complete,4,,full,False
kal,Kalco Lighting / Allegri Crystal,2025-12-31,Full,29045.04,2019,81.0,"1,114 logins in 90 days — solid activity for this team size, with 47 of 74 reps logging in regularly and pace holding steady at 0.8x baseline. No engagement concern here. Rep headcount estimated from annual login history (portal accounts excluded from denominator).",100.0,Using every configured feature — nothing unused.,100.0,All configured channels are producing outcomes.,89.7,Catalog 92% complete; 6 of 7 import feeds healthy; Customers last ran with errors; data feeds mostly on cadence — Portal Invoices is 70d overdue against a ~1d expected cadence and needs attention.,92.7,Thriving,Kalco Lighting / Allegri Crystal is performing well across the board — every dimension is at 81 or higher and the overall score of 93 reflects consistent strength rather than one area carrying the others. No action needed; monitor at standard cadence.,False,,,False,False,,,True,complete,4,,full,False
ihm,International Home Miami,2025-12-31,iPad-only,8403.84,2024,66.7,"106 logins in 90 days is on the lower side for 22 enabled reps — 30 of 22 (100%) are active, but session depth is limited. Pace is cooling off — worth monitoring at 0.7x baseline.",60.0,Using 3 of 5 applicable features — real breadth gaps here. Smart Stacks haven't been used — a CS demo of the feature could unlock this; Sales Data is configured but no import has run in 90 days — check whether the feed is broken or the integration was never fully set up. CS should investigate the feed configuration and schedule a rep coaching session.,33.3,Only inventory is flowing — iPad order volume (2 orders) and sharing activity (2 events) are both near zero. Reps appear to be logging in but not converting activity into outcomes. CS should investigate whether reps are actively using the iPad in the field or just checking catalogs.,72.1,Catalog 100% complete; all 5 import feeds healthy; data freshness critical — the Images feed last ran 14d ago against a ~3d expected cadence.,58.0,Watch,"International Home Miami is in Watch (58) with a mixed performance profile — no single dimension dominates, but value delivery (33) is the largest gap. Focus the next conversation on what is blocking orders or portal adoption — converting activity into outcomes is the priority.",False,,,False,False,,,False,complete,4,stale,full,False
eglo,Eglo USA Inc.,2025-12-31,iPad-only,10340.04,2022,71.7,"396 logins in 90 days is on the lower side for 48 enabled reps — 26 of 48 (54%) are active, but session depth is limited. Pace is holding steady at 0.9x baseline.",100.0,Using every configured feature — nothing unused.,100.0,All configured channels are producing outcomes.,80.0,"Catalog 96% complete (contract pricing — price check skipped); 2 of 5 import feeds healthy; Customers, Products, Sales Data last ran with errors; data feeds running on cadence.",87.9,Thriving,"Eglo USA Inc. is performing well overall (88) — engagement (72) is the relative drag, but every dimension is in acceptable shape. Monitor at standard cadence.",False,,,False,False,,,True,complete,4,,full,False
eli,Elegant Furniture & Lighting,2025-12-31,iPad+Catalog+Cart,26570.04,2013,81.0,"1,849 logins in 90 days — solid activity for this team size, with 53 of 74 reps logging in regularly and pace holding steady at 0.8x baseline. No engagement concern here. Rep headcount estimated from annual login history (portal accounts excluded from denominator).",57.1,Using 4 of 7 applicable features — real breadth gaps here. eCat Online Catalog is enabled but no portal traffic in 90 days; Online Ordering (B2B Cart) is enabled but no portal orders in 90 days; Sales Data is configured but no import has run in 90 days — check whether the feed is broken or the integration was never fully set up. CS should investigate the feed configuration and schedule a rep coaching session.,60.0,3 of 5 configured channels producing outcomes. Gap: Online catalog is enabled but no portal traffic in 90d; B2B Cart is configured but no portal orders in 90d.,91.5,Catalog 94% complete; 3 of 4 import feeds healthy; Customers last ran with errors; data feeds running on cadence.,72.4,Healthy,"Elegant Furniture & Lighting's reps are logging in consistently (engagement 81), but they are using only a portion of the platform — adoption (57) reflects a feature-coverage gap, not an activity problem. Run a targeted coaching session on the highest-ROI unused features to convert this activity into stronger outcomes.",False,,,False,False,,,True,complete,4,,full,False
wwjc,Wildwood/Chelsea House,2025-12-31,Full,40340.04,2011,76.7,"2,527 logins in 90 days — solid activity for this team size, with 52 of 67 reps logging in regularly and pace cooling off — worth monitoring at 0.7x baseline. No engagement concern here. Rep headcount estimated from annual login history (portal accounts excluded from denominator).",100.0,Using every configured feature — nothing unused.,100.0,All configured channels are producing outcomes.,99.8,Catalog 100% complete; all 9 import feeds healthy; data feeds mostly on cadence — Option Images is 51d overdue against a ~7d expected cadence and needs attention.,94.1,Thriving,"Wildwood/Chelsea House is performing well overall (94) — engagement (77) is the relative drag, but every dimension is in acceptable shape. Monitor at standard cadence.",False,,,False,False,,,True,complete,4,,full,False
clli,Craftmade,2025-12-31,iPad+Catalog+Portal,28740.0,2019,66.0,"1,903 logins in 90 days, but only 61 of 1679 reps (4%) have logged in this quarter — most of the team isn't engaged. Pace is holding steady at 0.9x baseline.",85.7,Using 6 of 7 applicable features — mostly adopted. Sales Data is configured but no import has run in 90 days — check whether the feed is broken or the integration was never fully set up.,80.0,"4 of 5 configured channels producing outcomes. Gap: IPad order volume close but short — 9 orders in 90 days (threshold is 10, roughly one per week).",100.0,Catalog 93% complete (contract pricing — price check skipped); all 7 import feeds healthy; data feeds running on cadence.,82.9,Thriving,Craftmade is in Thriving territory (83) with a mixed profile — operational health (100) is the strongest area and engagement (66) is the drag. Monitor closely — an engagement dip in an otherwise Thriving account is an early warning worth tracking.,False,,,False,False,,,True,complete,4,,full,False
el,Eurofase Inc.,2025-12-31,iPad+Catalog+Portal,33095.04,2020,74.3,"1,700 logins in 90 days, but only 88 of 277 reps (32%) have logged in this quarter — most of the team isn't engaged. Pace is holding steady at 1.0x baseline.",100.0,Using every configured feature — nothing unused.,80.0,"4 of 5 configured channels producing outcomes. Gap: IPad order volume close but short — 9 orders in 90 days (threshold is 10, roughly one per week).",73.0,Catalog completeness at 26% (contract pricing — price check skipped) is a blocker for field use — reps are working with incomplete product data; flag for a catalog audit; all 9 import feeds healthy; data feeds running on cadence.,81.8,Thriving,"Eurofase Inc. is in Thriving territory (82), but the score sits just above the Healthy cutoff — operational health (73) is the relative weakness while adoption (100) is doing the lifting. A focused check-in on operational health would solidify the Thriving position before any drift sets in.",False,,,False,False,,,True,complete,4,,full,False
hfg,Hubbardton Forge,2025-12-31,iPad+Catalog+Portal,36300.0,2022,78.3,"3,653 logins in 90 days — solid activity for this team size, with 89 of 182 reps logging in regularly and pace holding steady at 0.9x baseline. No engagement concern here.",100.0,Using every configured feature — nothing unused.,100.0,All configured channels are producing outcomes.,96.3,Catalog 94% complete; 8 of 9 import feeds healthy; Customers last ran with errors; data feeds running on cadence.,93.7,Thriving,"Hubbardton Forge is performing well overall (94) — engagement (78) is the relative drag, but every dimension is in acceptable shape. Monitor at standard cadence.",False,,,False,False,,,True,complete,4,,full,False
pf,Palecek ,2025-12-31,iPad+Catalog,39009.96,2012,85.0,"4,969 logins in 90 days — solid activity for this team size, with 110 of 184 reps logging in regularly and pace holding steady at 0.8x baseline. No engagement concern here.",100.0,Using every configured feature — nothing unused.,100.0,All configured channels are producing outcomes.,96.3,Catalog 100% complete; all 9 import feeds healthy; data feeds mostly on cadence — Option Images is 43d overdue against a ~4d expected cadence and needs attention.,95.3,Thriving,Palecek  is performing well across the board — every dimension is at 85 or higher and the overall score of 95 reflects consistent strength rather than one area carrying the others. No action needed; monitor at standard cadence.,False,,,False,False,,,True,complete,4,,full,False
kl,Coleto Brands | Kichler,2025-12-31,iPad-only,9360.0,2022,68.3,"366 logins in 90 days, but only 33 of 117 reps (28%) have logged in this quarter — most of the team isn't engaged. Pace is accelerating at 1.6x baseline.",100.0,Using every configured feature — nothing unused.,0.0,Only 0 of 2 applicable channels are producing outcomes. No iPad orders submitted in 90 days — reps are not converting activity into orders; sharing/quoting near zero (2 events in 90d). CS should identify the highest-impact gap and address it in the next touchpoint.,80.4,Catalog 91% complete; all 3 import feeds healthy; data freshness critical — the Images feed last ran 14d ago against a ~1d expected cadence.,62.2,Healthy,"The platform isn't generating any measurable business outcomes for Coleto Brands | Kichler — no channel (orders, quotes, portal activity, or data flow) is currently producing results. Investigate which channel was expected to fire and why it isn't — a single fix may move the score materially.",False,,,False,False,,,True,complete,4,,full,False
hmjc,Hancock & Moore / Jessica Charles,2025-12-31,iPad-only,7908.84,2018,50.0,"169 logins in 90 days, but only 14 of 118 reps (12%) have logged in this quarter — most of the team isn't engaged. Pace is holding steady at 1.1x baseline.",80.0,Using 4 of 5 applicable features — mostly adopted. Sales Data is configured but no import has run in 90 days — check whether the feed is broken or the integration was never fully set up.,66.7,2 of 3 configured channels producing outcomes. Gap: No iPad orders submitted in 90 days — reps are not converting activity into orders.,86.1,Catalog 87% complete — healthy but with room to improve; all 4 import feeds healthy; data feeds running on cadence.,70.7,Healthy,"The platform is producing some outcomes for Hancock & Moore / Jessica Charles (value delivery 67), but rep engagement is thin (engagement 50) — a small slice of the team is doing most of the work. Re-engaging the broader team is the most important next step: identify which reps have gone quiet and whether coverage or enablement gaps are driving it.",False,,,False,False,,,True,complete,4,,full,False
eglo_can,EGLO Canada,2025-12-31,iPad-only,7830.0,2024,77.3,"342 logins in 90 days — solid activity for this team size, with 17 of 19 reps logging in regularly and pace holding steady at 1.1x baseline. No engagement concern here.",100.0,Using every configured feature — nothing unused.,66.7,2 of 3 configured channels producing outcomes. Gap: No meaningful iPad order activity — only 3 orders in 90 days (threshold is 10).,86.5,"Catalog 100% complete (contract pricing — price check skipped); 3 of 5 import feeds healthy; Customers, Sales Data last ran with errors; data feeds running on cadence.",82.6,Thriving,EGLO Canada is in Thriving territory (83) with a mixed profile — adoption (100) is the strongest area and value delivery (67) is the drag. Investigate why activity is not converting into outcomes — an order pipeline review or portal activation check is the starting point.,False,,,False,False,,,False,complete,4,,full,False
arl,Arabela Lighting,2025-12-31,iPad-only,7830.0,2025,77.3,"460 logins in 90 days — solid activity for this team size, with 49 of 62 reps logging in regularly and pace holding steady at 1.1x baseline. No engagement concern here.",60.0,Using 3 of 5 applicable features — real breadth gaps here. Smart Stacks haven't been used — a CS demo of the feature could unlock this; Sales Data is configured but no import has run in 90 days — check whether the feed is broken or the integration was never fully set up. CS should investigate the feed configuration and schedule a rep coaching session.,100.0,All configured channels are producing outcomes.,96.2,Catalog 100% complete (contract pricing — price check skipped); all 4 import feeds healthy; data feeds running on cadence.,83.4,Thriving,Arabela Lighting is in Thriving territory (83) with a mixed profile — value delivery (100) is the strongest area and adoption (60) is the drag. A feature coaching session targeting the unused capabilities is the highest-leverage next step.,False,,,False,False,,,True,complete,4,,full,False
cf,Century Furniture,2025-12-31,iPad-only,7830.0,2013,50.0,"73 logins in 90 days, but only 11 of 80 reps (14%) have logged in this quarter — most of the team isn't engaged. Pace is holding steady at 1.4x baseline.",100.0,Using every configured feature — nothing unused.,66.7,2 of 3 configured channels producing outcomes. Gap: No iPad orders submitted in 90 days — reps are not converting activity into orders.,98.9,Catalog 94% complete; all 4 import feeds healthy; data feeds mostly on cadence — Customers is 8d overdue against a ~1d expected cadence and needs attention.,78.9,Healthy,"The platform is producing some outcomes for Century Furniture (value delivery 67), but rep engagement is thin (engagement 50) — a small slice of the team is doing most of the work. Re-engaging the broader team is the most important next step: identify which reps have gone quiet and whether coverage or enablement gaps are driving it.",False,,,False,False,,,True,complete,4,,full,False
hh,Highland House,2025-12-31,iPad-only,7830.0,2013,33.3,Only 16 logins in 90 days from just 5 of 60 reps (8%) — most of the team is not using the app this quarter. Prioritize an engagement call to identify adoption barriers.,100.0,Using every configured feature — nothing unused.,33.3,Only inventory is flowing — iPad order volume (0 orders) and sharing activity (1 event) are both near zero. Reps appear to be logging in but not converting activity into outcomes. CS should investigate whether reps are actively using the iPad in the field or just checking catalogs.,84.9,Catalog 79% complete — healthy but with room to improve; all 4 import feeds healthy; data feeds mostly on cadence — Customers is 8d overdue against a ~1d expected cadence and needs attention.,40.0,Watch,"Highland House has the full platform configured and adopted, but rep logins have dropped off sharply — engagement is at 33 and the platform isn't generating observable outcomes. Outreach is needed to understand whether reps have gone dark on a coverage issue or whether a more fundamental re-engagement effort is required.",False,,,True,False,,,True,complete,4,,full,False
luc,Lucas McKearn,2025-12-31,iPad-only,7830.0,2025,25.0,"Low engagement: 19 logins in 90 days from 7 of 21 reps (33% active), pace is sharp deceleration — usage has dropped significantly from baseline at 0.2x baseline. Below-threshold activity across the board — proactive outreach warranted.",60.0,Using 3 of 5 applicable features — real breadth gaps here. Reps aren't using sharing or quoting in the field — zero email drafts in 90 days; Sales Data is configured but no import has run in 90 days — check whether the feed is broken or the integration was never fully set up. CS should investigate the feed configuration and schedule a rep coaching session.,33.3,Only inventory is flowing — iPad order volume (0 orders) and sharing activity (0 events) are both near zero. Reps appear to be logging in but not converting activity into outcomes. CS should investigate whether reps are actively using the iPad in the field or just checking catalogs.,55.6,"Ops concern — catalog 100% complete (contract pricing — price check skipped); 0 of 2 import feeds healthy; Inventory, Products (84d ago) last ran with errors; data freshness critical — the Products feed last ran 84d ago against a ~7d expected cadence.",40.0,Watch,"Lucas McKearn's rep activity (25 engagement) and platform outcomes (33 value delivery) are both too low to support a healthy relationship. Re-establishing contact to understand why reps have gone quiet is the first step — determine whether this is a coverage gap, a product fit issue, or something else.",False,,,True,False,,,True,complete,4,,full,False
vce,Visual Comfort Europe,2025-12-31,iPad-only,7830.0,2022,61.7,"485 logins in 90 days is on the lower side for 23 enabled reps — 16 of 23 (70%) are active, but session depth is limited. Pace is cooling off — worth monitoring at 0.7x baseline.",80.0,Using 4 of 5 applicable features — mostly adopted. Inventory Management feed has gone quiet — no imports in 90 days.,66.7,2 of 3 configured channels producing outcomes. Gap: Inventory feed has gone silent — no imports in 90d.,61.1,Catalog 61% complete — healthy but with room to improve; 5 of 6 import feeds healthy; Sales Data last ran with errors; data freshness critical — the Inventory feed last ran 98d ago against a ~1d expected cadence.,67.4,Healthy,Visual Comfort Europe is in Healthy territory (67) with a mixed profile — adoption (80) is the strongest area and operational health (61) is the drag. Addressing catalog and import health in the next review cycle is the cleanest path back toward Thriving.,False,,,False,False,,,True,complete,4,,full,False
mpc,Pioneer Morton,2025-12-31,iPad+Catalog+Cart,15282.0,2015,66.0,"1,889 logins in 90 days, but only 14 of 248 reps (6%) have logged in this quarter — most of the team isn't engaged. Pace is holding steady at 0.9x baseline.",60.0,Using 3 of 5 applicable features — real breadth gaps here. eCat Online Catalog is enabled but no portal traffic in 90 days; Online Ordering (B2B Cart) is enabled but no portal orders in 90 days. CS should schedule a rep coaching session to build these habits.,50.0,Only 2 of 4 applicable channels are producing outcomes. Online catalog is enabled but no portal traffic in 90d; B2B Cart is configured but no portal orders in 90d. CS should identify the highest-impact gap and address it in the next touchpoint.,96.4,Catalog 99% complete (contract pricing — price check skipped); all 4 import feeds healthy; data feeds mostly on cadence — Products is 6d overdue against a ~1d expected cadence and needs attention.,68.1,Healthy,Pioneer Morton is in Healthy territory (68) with a mixed profile — operational health (96) is the strongest area and value delivery (50) is the drag. Focus the next conversation on converting activity into outcomes; portal activation or an order-workflow review is the starting point.,False,,,False,False,,,True,complete,4,,full,False
all,Accord Lighting,2025-12-31,iPad-only,12920.04,2023,76.7,"505 logins in 90 days — solid activity for this team size, with 44 of 68 reps logging in regularly and pace holding steady at 1.1x baseline. No engagement concern here.",75.0,Using 3 of 4 applicable features — mostly adopted. Sales Data is configured but no import has run in 90 days — check whether the feed is broken or the integration was never fully set up.,50.0,"Only 1 of 2 applicable channels are producing outcomes. IPad order volume close but short — 7 orders in 90 days (threshold is 10, roughly one per week). CS should identify the highest-impact gap and address it in the next touchpoint.",47.9,Ops concern — catalog completeness at 2% (contract pricing — price check skipped) is a blocker for field use — reps are working with incomplete product data; flag for a catalog audit; 2 of 3 import feeds healthy; Customers (123d ago) last ran with errors; data freshness critical — the Customers feed last ran 123d ago against a ~19d expected cadence.,62.4,Healthy,Accord Lighting is in Healthy territory (62) with a mixed profile — engagement (77) is the strongest area and operational health (48) is the drag. Addressing catalog and import health in the next review cycle is the cleanest path back toward Thriving.,False,,,False,False,,,True,complete,4,,full,False
gh,Gabby,2025-12-31,Full,24336.0,2013,75.0,"4,612 logins in 90 days — solid activity for this team size, with 54 of 78 reps logging in regularly and pace cooling off — worth monitoring at 0.7x baseline. No engagement concern here. Rep headcount estimated from annual login history (portal accounts excluded from denominator).",100.0,Using every configured feature — nothing unused.,100.0,All configured channels are producing outcomes.,71.2,Catalog completeness at 59% (contract pricing — price check skipped) is a blocker for field use — reps are working with incomplete product data; flag for a catalog audit; all 13 import feeds healthy; data feeds mostly on cadence — Option Images is 141d overdue against a ~1d expected cadence and needs attention.,86.5,Thriving,"Gabby is performing well overall (86) — operational health (71) is the relative drag, but every dimension is in acceptable shape. Monitor at standard cadence.",False,,,False,False,,,True,complete,4,,full,False
gcl,Geo Contemporary,2025-12-31,iPad-only,9864.96,2024,71.7,"282 logins in 90 days is on the lower side for 35 enabled reps — 23 of 35 (66%) are active, but session depth is limited. Pace is holding steady at 1.1x baseline.",50.0,Using 2 of 4 applicable features — real breadth gaps here. Smart Stacks haven't been used — a CS demo of the feature could unlock this; Sales Data is configured but no import has run in 90 days — check whether the feed is broken or the integration was never fully set up. CS should investigate the feed configuration and schedule a rep coaching session.,100.0,All configured channels are producing outcomes.,81.4,Catalog 87% complete (contract pricing — price check skipped) — healthy but with room to improve; all 6 import feeds healthy; data feeds mostly on cadence — Options is 134d overdue against a ~8d expected cadence and needs attention.,75.8,Healthy,"Geo Contemporary's reps are logging in consistently (engagement 72), but they are using only a portion of the platform — adoption (50) reflects a feature-coverage gap, not an activity problem. Run a targeted coaching session on the highest-ROI unused features to convert this activity into stronger outcomes.",False,,,False,False,,,True,complete,4,,full,False
mh,Magnussen Home,2025-12-31,iPad-only,17420.04,2023,86.7,"3,240 logins in 90 days — solid activity for this team size, with 83 of 91 reps logging in regularly and pace cooling off — worth monitoring at 0.7x baseline. No engagement concern here.",100.0,Using every configured feature — nothing unused.,100.0,All configured channels are producing outcomes.,92.6,Catalog 97% complete (contract pricing — price check skipped); 4 of 5 import feeds healthy; Sales Data last ran with errors; data feeds running on cadence.,94.8,Thriving,Magnussen Home is performing well across the board — every dimension is at 87 or higher and the overall score of 95 reflects consistent strength rather than one area carrying the others. No action needed; monitor at standard cadence.,False,,,False,False,,,True,complete,4,,full,False
asi,Abaline Supply Inc.,2025-12-31,Full,25684.56,2011,66.0,"1,788 logins in 90 days, but only 33 of 275 reps (12%) have logged in this quarter — most of the team isn't engaged. Pace is holding steady at 1.0x baseline.",85.7,Using 6 of 7 applicable features — mostly adopted. Sales Portal is enabled but reps haven't opened it in 90 days — consider a rep training touchpoint.,100.0,All configured channels are producing outcomes.,86.7,Catalog 65% complete (contract pricing — price check skipped) — healthy but with room to improve; all 7 import feeds healthy; data feeds running on cadence.,84.6,Thriving,Abaline Supply Inc. is in Thriving territory (85) with a mixed profile — value delivery (100) is the strongest area and engagement (66) is the drag. Monitor closely — an engagement dip in an otherwise Thriving account is an early warning worth tracking.,False,,,False,False,,,True,complete,4,,full,False
kkc,Kindel Karges Furniture,2025-12-31,iPad-only,9540.0,2016,40.0,"Low engagement: 176 logins in 90 days from 19 of 79 reps (24% active), pace is cooling off — worth monitoring at 0.6x baseline. Below-threshold activity across the board — proactive outreach warranted.",75.0,Using 3 of 4 applicable features — mostly adopted. Sales Data is configured but no import has run in 90 days — check whether the feed is broken or the integration was never fully set up.,0.0,Only 0 of 2 applicable channels are producing outcomes. No iPad orders submitted in 90 days — reps are not converting activity into orders; sharing/quoting near zero (2 events in 90d). CS should identify the highest-impact gap and address it in the next touchpoint.,70.7,Catalog 100% complete (contract pricing — price check skipped); all 3 import feeds healthy; data freshness critical — the Images feed last ran 68d ago against a ~1d expected cadence.,40.0,Watch,"Kindel Karges Furniture's rep activity (40 engagement) and platform outcomes (0 value delivery) are both too low to support a healthy relationship. Re-establishing contact to understand why reps have gone quiet is the first step — determine whether this is a coverage gap, a product fit issue, or something else.",False,,,True,False,,,False,complete,4,,full,False
clc,Capital Lighting Fixture Co.,2025-12-31,Full,28059.96,2012,81.0,"1,771 logins in 90 days — solid activity for this team size, with 65 of 87 reps logging in regularly and pace holding steady at 1.1x baseline. No engagement concern here. Rep headcount estimated from annual login history (portal accounts excluded from denominator).",100.0,Using every configured feature — nothing unused.,83.3,5 of 6 configured channels producing outcomes. Gap: No meaningful iPad order activity — only 2 orders in 90 days (threshold is 10).,75.5,Catalog 100% complete; 7 of 8 import feeds healthy; Sales Data last ran with errors; data freshness critical — the Import File Processing feed last ran 16d ago against a ~1d expected cadence.,85.0,Thriving,"Capital Lighting Fixture Co. is performing well overall (85) — operational health (76) is the relative drag, but every dimension is in acceptable shape. Monitor at standard cadence.",False,,,False,False,,,True,complete,4,,full,False
shl,Savoy House Lighting,2025-12-31,Full,25700.04,2012,81.0,"1,303 logins in 90 days — solid activity for this team size, with 53 of 76 reps logging in regularly and pace holding steady at 0.9x baseline. No engagement concern here. Rep headcount estimated from annual login history (portal accounts excluded from denominator).",100.0,Using every configured feature — nothing unused.,100.0,All configured channels are producing outcomes.,84.4,"Catalog 99% complete (contract pricing — price check skipped); 6 of 9 import feeds healthy; Customers, Inventory, Products last ran with errors; data feeds mostly on cadence — Images is 20d overdue against a ~4d expected cadence and needs attention.",91.3,Thriving,Savoy House Lighting is performing well across the board — every dimension is at 81 or higher and the overall score of 91 reflects consistent strength rather than one area carrying the others. No action needed; monitor at standard cadence.,False,,,False,False,,,True,complete,4,,full,False
bsc,Butler Specialty Company,2025-12-31,iPad-only,6960.0,2011,71.7,"329 logins in 90 days is on the lower side for 19 enabled reps — 11 of 19 (58%) are active, but session depth is limited. Pace is holding steady at 0.9x baseline.",100.0,Using every configured feature — nothing unused.,100.0,All configured channels are producing outcomes.,65.8,Catalog 99% complete; 4 of 5 import feeds healthy; Sales Data last ran with errors; data freshness critical — the Products feed last ran 22d ago against a ~1d expected cadence.,84.4,Thriving,Butler Specialty Company is in Thriving territory (84) with a mixed profile — adoption (100) is the strongest area and operational health (66) is the drag. Address the data infrastructure when the next review cycle allows — the rest of the picture is strong enough to support it.,False,,,False,False,,,True,complete,4,,full,False
sp,"Sabine Pools, Spas, & Furnitur",2025-12-31,iPad-only,6960.0,2018,55.0,"226 logins in 90 days, but only 5 of 13 reps (38%) have logged in this quarter — most of the team isn't engaged. Pace is cooling off — worth monitoring at 0.7x baseline.",33.3,Using 1 of 3 applicable features — real breadth gaps here. Smart Stacks haven't been used — a CS demo of the feature could unlock this; Reps aren't using sharing or quoting in the field — zero email drafts in 90 days. CS should schedule a rep coaching session to build these habits.,50.0,Only 1 of 2 applicable channels are producing outcomes. Sharing/quoting near zero (0 events in 90d). CS should identify the highest-impact gap and address it in the next touchpoint.,65.3,"Catalog 79% complete — healthy but with room to improve; 5 of 7 import feeds healthy; Kit Items, Products last ran with errors; data freshness critical — the Option Images feed last ran 117d ago against a ~1d expected cadence.",50.9,Watch,"Sabine Pools, Spas, & Furnitur is in Watch (51) with a mixed performance profile — no single dimension dominates, but adoption (33) is the largest gap. Run a feature coaching session targeting the unused capabilities with the highest impact for this team.",False,,,False,False,,,True,complete,4,,full,False
sbl,Schonbek Lighting,2025-12-31,iPad-only,17624.52,2023,76.7,"793 logins in 90 days — solid activity for this team size, with 73 of 130 reps logging in regularly and pace holding steady at 0.8x baseline. No engagement concern here.",80.0,Using 4 of 5 applicable features — mostly adopted. Sales Data is configured but no import has run in 90 days — check whether the feed is broken or the integration was never fully set up.,100.0,All configured channels are producing outcomes.,79.7,"Catalog 100% complete (contract pricing — price check skipped); 2 of 4 import feeds healthy; Customers, Inventory last ran with errors; data feeds mostly on cadence — Customers is 8d overdue against a ~1d expected cadence and needs attention.",84.1,Thriving,"Schonbek Lighting is in Thriving territory (84), but the score sits just above the Healthy cutoff — engagement (77) is the relative weakness while value delivery (100) is doing the lifting. A focused check-in on engagement would solidify the Thriving position before any drift sets in.",False,,,False,False,,,True,complete,4,,full,False
mli,Maxim Lighting ,2025-12-31,iPad-only,19236.6,2019,90.7,"3,068 logins in 90 days — solid activity for this team size, with 61 of 81 reps logging in regularly and pace holding steady at 0.8x baseline. No engagement concern here.",100.0,Using every configured feature — nothing unused.,66.7,2 of 3 configured channels producing outcomes. Gap: No meaningful iPad order activity — only 2 orders in 90 days (threshold is 10).,81.8,Catalog 66% complete (contract pricing — price check skipped) — healthy but with room to improve; all 6 import feeds healthy; data feeds running on cadence.,84.8,Thriving,Maxim Lighting  is in Thriving territory (85) with a mixed profile — adoption (100) is the strongest area and value delivery (67) is the drag. Investigate why activity is not converting into outcomes — an order pipeline review or portal activation check is the starting point.,False,,,False,False,,,True,complete,4,,full,False
kll,Kuzco Lighting Inc.,2025-12-31,Full,26780.04,2022,81.0,"1,208 logins in 90 days — solid activity for this team size, with 64 of 105 reps logging in regularly and pace holding steady at 0.8x baseline. No engagement concern here. Rep headcount estimated from annual login history (portal accounts excluded from denominator).",75.0,Using 6 of 8 applicable features — mostly adopted. Sales Portal is enabled but reps haven't opened it in 90 days — consider a rep training touchpoint.,100.0,All configured channels are producing outcomes.,92.1,Catalog 97% complete; 4 of 5 import feeds healthy; Customers last ran with errors; data feeds mostly on cadence — Customers is 18d overdue against a ~2d expected cadence and needs attention.,87.0,Thriving,"Kuzco Lighting Inc. is performing well overall (87) — adoption (75) is the relative drag, but every dimension is in acceptable shape. Monitor at standard cadence.",False,,,False,False,,,True,complete,4,,full,False
ufi,Universal Furniture,2025-12-31,iPad+Catalog+Portal,25475.04,2011,80.7,"6,405 logins in 90 days — solid activity for this team size, with 81 of 95 reps logging in regularly and pace cooling off — worth monitoring at 0.7x baseline. No engagement concern here.",100.0,Using every configured feature — nothing unused.,100.0,All configured channels are producing outcomes.,88.8,Catalog 100% complete; all 8 import feeds healthy; data freshness critical — the Images feed last ran 7d ago against a ~1d expected cadence.,92.4,Thriving,Universal Furniture is performing well across the board — every dimension is at 81 or higher and the overall score of 92 reflects consistent strength rather than one area carrying the others. No action needed; monitor at standard cadence.,False,,,False,False,,,True,complete,4,,full,False
scw,Summer Classics,2025-12-31,Full,38779.44,2014,75.0,"4,491 logins in 90 days — solid activity for this team size, with 59 of 84 reps logging in regularly and pace cooling off — worth monitoring at 0.6x baseline. No engagement concern here. Rep headcount estimated from annual login history (portal accounts excluded from denominator).",100.0,Using every configured feature — nothing unused.,100.0,All configured channels are producing outcomes.,84.6,Catalog 70% complete (contract pricing — price check skipped) — healthy but with room to improve; all 14 import feeds healthy; data feeds mostly on cadence — Option Images is 141d overdue against a ~2d expected cadence and needs attention.,89.9,Thriving,"Summer Classics is performing well overall (90) — engagement (75) is the relative drag, but every dimension is in acceptable shape. Monitor at standard cadence.",False,,,False,False,,,True,complete,4,,full,False
wac,WAC/Modern Forms Lighting,2025-12-31,iPad-only,22104.0,2023,71.0,"1,869 logins in 90 days from 98 of 160 reps (61% active), but pace is cooling off — worth monitoring at 0.7x baseline — worth monitoring for continued fade.",100.0,Using every configured feature — nothing unused.,100.0,All configured channels are producing outcomes.,88.3,Catalog 100% complete (contract pricing — price check skipped); 4 of 5 import feeds healthy; Inventory last ran with errors; data feeds running on cadence.,89.8,Thriving,"WAC/Modern Forms Lighting is performing well overall (90) — engagement (71) is the relative drag, but every dimension is in acceptable shape. Monitor at standard cadence.",False,,,False,False,,,True,complete,4,,full,False
clm,Crystorama,2025-12-31,iPad+Catalog+Portal,30480.0,2013,66.0,"1,467 logins in 90 days, but only 66 of 746 reps (9%) have logged in this quarter — most of the team isn't engaged. Pace is holding steady at 0.9x baseline.",100.0,Using every configured feature — nothing unused.,100.0,All configured channels are producing outcomes.,99.7,Catalog 100% complete; all 8 import feeds healthy; data feeds running on cadence.,91.4,Thriving,Crystorama is in Thriving territory (91) with a mixed profile — adoption (100) is the strongest area and engagement (66) is the drag. Monitor closely — an engagement dip in an otherwise Thriving account is an early warning worth tracking.,False,,,False,False,,,True,complete,4,,full,False
ap,Alden Home,2025-12-31,iPad+Catalog+Cart,11040.0,2011,77.3,"315 logins in 90 days — solid activity for this team size, with 15 of 20 reps logging in regularly and pace holding steady at 0.8x baseline. No engagement concern here. Rep headcount estimated from annual login history (portal accounts excluded from denominator).",66.7,Using 4 of 6 applicable features — real breadth gaps here. eCat Online Catalog is enabled but no portal traffic in 90 days; Online Ordering (B2B Cart) is enabled but no portal orders in 90 days. CS should schedule a rep coaching session to build these habits.,40.0,Only 2 of 5 applicable channels are producing outcomes. No meaningful iPad order activity — only 2 orders in 90 days (threshold is 10); online catalog is enabled but no portal traffic in 90d. CS should identify the highest-impact gap and address it in the next touchpoint.,60.9,Catalog 79% complete — healthy but with room to improve; 5 of 6 import feeds healthy; Inventory last ran with errors; data freshness declining — the Products feed last ran 12d ago against a ~3d expected cadence.,61.2,Healthy,Alden Home is in Healthy territory (61) with a mixed profile — engagement (77) is the strongest area and value delivery (40) is the drag. Focus the next conversation on converting activity into outcomes; portal activation or an order-workflow review is the starting point.,False,,,False,False,,,True,complete,4,,full,False
fms,Visual Comfort - Studio /Fans,2025-12-31,iPad-only,15439.44,2019,78.3,"3,424 logins in 90 days — solid activity for this team size, with 86 of 193 reps logging in regularly and pace holding steady at 0.8x baseline. No engagement concern here.",100.0,Using every configured feature — nothing unused.,100.0,All configured channels are producing outcomes.,63.9,"Catalog 88% complete — healthy but with room to improve; 2 of 5 import feeds healthy; Customers, Products, Sales Data last ran with errors; data feeds mostly on cadence — Images is 19d overdue against a ~3d expected cadence and needs attention.",85.5,Thriving,Visual Comfort - Studio /Fans is in Thriving territory (86) with a mixed profile — adoption (100) is the strongest area and operational health (64) is the drag. Address the data infrastructure when the next review cycle allows — the rest of the picture is strong enough to support it.,False,,,False,False,,,True,complete,4,,full,False
tla,Visual Comfort - Modern,2025-12-31,iPad-only,13567.44,2019,74.3,"2,051 logins in 90 days, but only 73 of 187 reps (39%) have logged in this quarter — most of the team isn't engaged. Pace is holding steady at 0.9x baseline.",100.0,Using every configured feature — nothing unused.,100.0,All configured channels are producing outcomes.,58.1,"Ops concern — catalog completeness at 27% is a blocker for field use — reps are working with incomplete product data; flag for a catalog audit; 3 of 5 import feeds healthy; Customers, Sales Data last ran with errors; data feeds mostly on cadence — Product Image Downloads is 69d overdue against a ~1d expected cadence and needs attention.",83.1,Thriving,Visual Comfort - Modern is in Thriving territory (83) with a mixed profile — adoption (100) is the strongest area and operational health (58) is the drag. Address the data infrastructure when the next review cycle allows — the rest of the picture is strong enough to support it.,False,,,False,False,,,True,complete,4,,full,False
hvl,Hudson Valley Lighting,2025-12-31,iPad-only,5405.04,2016,55.0,"349 logins in 90 days, but only 47 of 175 reps (27%) have logged in this quarter — most of the team isn't engaged. Pace is cooling off — worth monitoring at 0.7x baseline.",75.0,Using 3 of 4 applicable features — mostly adopted. Sales Data is configured but no import has run in 90 days — check whether the feed is broken or the integration was never fully set up.,50.0,Only 1 of 2 applicable channels are producing outcomes. No iPad orders submitted in 90 days — reps are not converting activity into orders. CS should identify the highest-impact gap and address it in the next touchpoint.,66.7,Catalog 92% complete; all 2 import feeds healthy; data freshness critical — the Products feed last ran 70d ago against a ~1d expected cadence.,61.7,Healthy,Hudson Valley Lighting is in Healthy territory (62) with a mixed profile — adoption (75) is the strongest area and value delivery (50) is the drag. Focus the next conversation on converting activity into outcomes; portal activation or an order-workflow review is the starting point.,False,,,False,False,,,True,complete,4,,full,False
st,Sixtrees Limited,2025-12-31,iPad+Catalog,6960.0,2015,43.3,Only 11 logins in 90 days from just 2 of 22 reps (9%) — most of the team is not using the app this quarter. Prioritize an engagement call to identify adoption barriers.,40.0,Using 2 of 5 applicable features — real breadth gaps here. Reps aren't using sharing or quoting in the field — zero email drafts in 90 days; eCat Online Catalog is enabled but no portal traffic in 90 days; Sales Data is configured but no import has run in 90 days — check whether the feed is broken or the integration was never fully set up. CS should investigate the feed configuration and schedule a rep coaching session.,0.0,Only 0 of 3 applicable channels are producing outcomes. No iPad orders submitted in 90 days — reps are not converting activity into orders; sharing/quoting near zero (0 events in 90d). CS should identify the highest-impact gap and address it in the next touchpoint.,94.1,Catalog 98% complete; all 2 import feeds healthy; data feeds mostly on cadence — Images is 7d overdue against a ~2d expected cadence and needs attention.,40.0,Watch,"Sixtrees Limited's data infrastructure is healthy, but reps aren't using the platform — engagement is at 43 and no business outcomes are being generated. The infrastructure isn't the problem; this is a rep adoption and activation conversation.",False,,,True,False,,,True,complete,4,,full,False
vl,Ciana Varaluz LLC,2025-12-31,iPad+Catalog+Portal,11420.04,2019,70.0,"736 logins in 90 days, but only 37 of 90 reps (41%) have logged in this quarter — most of the team isn't engaged. Pace is holding steady at 1.1x baseline.",100.0,Using every configured feature — nothing unused.,80.0,"4 of 5 configured channels producing outcomes. Gap: IPad order volume close but short — 6 orders in 90 days (threshold is 10, roughly one per week).",68.4,"Catalog 100% complete; 4 of 7 import feeds healthy; Customers, Images, Inventory last ran with errors; data freshness critical — the Products feed last ran 15d ago against a ~1d expected cadence.",79.6,Healthy,Ciana Varaluz LLC is in Healthy territory (80) with a mixed profile — adoption (100) is the strongest area and operational health (68) is the drag. Addressing catalog and import health in the next review cycle is the cleanest path back toward Thriving.,False,,,False,False,,,True,complete,4,,full,False
pw,Philip Whitney,2025-12-31,iPad-only,4500.0,2012,38.3,"Low engagement: 87 logins in 90 days from 15 of 45 reps (33% active), pace is sharp deceleration — usage has dropped significantly from baseline at 0.4x baseline. Below-threshold activity across the board — proactive outreach warranted.",75.0,Using 3 of 4 applicable features — mostly adopted. Reps aren't using sharing or quoting in the field — zero email drafts in 90 days.,33.3,Only inventory is flowing — iPad order volume (0 orders) and sharing activity (0 events) are both near zero. Reps appear to be logging in but not converting activity into outcomes. CS should investigate whether reps are actively using the iPad in the field or just checking catalogs.,82.1,Catalog 81% complete — healthy but with room to improve; all 3 import feeds healthy; data feeds mostly on cadence — Customers is 8d overdue against a ~1d expected cadence and needs attention.,40.0,Watch,"Philip Whitney's data infrastructure is healthy, but reps aren't using the platform — engagement is at 38 and no business outcomes are being generated. The infrastructure isn't the problem; this is a rep adoption and activation conversation.",False,,,True,False,,,False,complete,4,,full,False
ssi,"Studio Silversmiths, Inc.",2025-12-31,iPad-only,4500.0,2011,38.3,119 logins in 90 days but pace has sharp deceleration — usage has dropped significantly from baseline (0.4x baseline) — clear dropoff from historical baseline. Only 15 of 46 reps (33%) are still active. CS should find out what changed and re-engage the team.,100.0,Using every configured feature — nothing unused.,66.7,2 of 3 configured channels producing outcomes. Gap: No iPad orders submitted in 90 days — reps are not converting activity into orders.,82.1,Catalog 88% complete — healthy but with room to improve; all 3 import feeds healthy; data feeds mostly on cadence — Customers is 8d overdue against a ~1d expected cadence and needs attention.,71.8,Healthy,"The platform is producing some outcomes for Studio Silversmiths, Inc. (value delivery 67), but rep engagement is thin (engagement 38) — a small slice of the team is doing most of the work. Re-engaging the broader team is the most important next step: identify which reps have gone quiet and whether coverage or enablement gaps are driving it.",False,,,False,False,,,False,complete,4,,full,False
rac,Ricci Argentieri Company,2025-12-31,iPad-only,4539.96,2011,76.7,"636 logins in 90 days — solid activity for this team size, with 23 of 46 reps logging in regularly and pace holding steady at 1.0x baseline. No engagement concern here.",100.0,Using every configured feature — nothing unused.,100.0,All configured channels are producing outcomes.,95.0,Catalog 95% complete; all 4 import feeds healthy; data feeds mostly on cadence — Customers is 8d overdue against a ~1d expected cadence and needs attention.,92.9,Thriving,"Ricci Argentieri Company is performing well overall (93) — engagement (77) is the relative drag, but every dimension is in acceptable shape. Monitor at standard cadence.",False,,,False,False,,,False,complete,4,,full,False
tl,Troy Lighting,2025-12-31,iPad-only,4392.0,2021,56.7,"204 logins in 90 days, but only 34 of 164 reps (21%) have logged in this quarter — most of the team isn't engaged. Pace is holding steady at 0.8x baseline.",75.0,Using 3 of 4 applicable features — mostly adopted. Sales Data is configured but no import has run in 90 days — check whether the feed is broken or the integration was never fully set up.,50.0,Only 1 of 2 applicable channels are producing outcomes. No iPad orders submitted in 90 days — reps are not converting activity into orders. CS should identify the highest-impact gap and address it in the next touchpoint.,40.0,Ops concern — catalog completeness at 22% is a blocker for field use — reps are working with incomplete product data; flag for a catalog audit; all 2 import feeds healthy; data freshness critical — the Images feed last ran 70d ago against a ~1d expected cadence — escalate to ops.,55.4,Watch,"Troy Lighting is in Watch (55) with a mixed performance profile — no single dimension dominates, but operational health (40) is the largest gap. Escalate the data infrastructure issues to the ops team before they degrade the rep experience further.",False,,,False,False,,,True,complete,4,,full,False
