Section,SKU,Description,Current_Primary_Image,Shared_By_Count,Also_Uses_Same_Image,ML_List,ML_DN_CAD,NSL_List,NSL_DN_USD,Hideable,In_ML_AUG2025_List,In_NSL_AUG2025_List,Notes,Please_Provide
1_IMAGES_JEN_JUL21_ASK,DR-96-24-TM-5N1D,Infini Drive 24V LED Driver - 96W 5-in-1 Dimmable,DR-96-24-TM-5N1D.jpg,1,,140,70,140,70,N,Y,Y,"No dedicated accessory photo found next to this SKU on magiclite.com / nslusa.com (family/fixture hero only, or no product page). Cannot scrape a correct image — need file from Mali.",Send corrected .jpg named exactly to Current_Primary_Image (or SKU.jpg)
1_IMAGES_JEN_JUL21_ASK,YH-SIGNAL-AMP,Wireless RF RGB Signal Amplifier,YH-SIGNAL-AMP.jpg,1,,142.2,71.1,90,45,N,Y,Y,"No dedicated accessory photo found next to this SKU on magiclite.com / nslusa.com (family/fixture hero only, or no product page). Cannot scrape a correct image — need file from Mali.",Send corrected .jpg named exactly to Current_Primary_Image (or SKU.jpg)
1_IMAGES_JEN_JUL21_ASK,ES-EXT-ENDCAPS,End Caps for ES-EXT Aluminum Extrusion,ES-EXT-ENDCAPS.jpg,1,,4,2,3,1.5,N,Y,N,"No dedicated accessory photo found next to this SKU on magiclite.com / nslusa.com (family/fixture hero only, or no product page). Cannot scrape a correct image — need file from Mali.",Send corrected .jpg named exactly to Current_Primary_Image (or SKU.jpg)
1_IMAGES_JEN_JUL21_ASK,LV-HS-MC30,30° Mounting Clips for LED Hard Strip (2pk),LV-HS-MC30.jpg,1,,1.5,0.75,5.8,2.9,N,Y,Y,"No dedicated accessory photo found next to this SKU on magiclite.com / nslusa.com (family/fixture hero only, or no product page). Cannot scrape a correct image — need file from Mali.",Send corrected .jpg named exactly to Current_Primary_Image (or SKU.jpg)
1_IMAGES_JEN_JUL21_ASK,ACC-12G-2C-BUR,"Landscape Burial Wire, 12G, 2C - 500ft Spool",ACC-12G-2C-BUR.jpg,1,,774.2,387.1,754,377,N,Y,Y,"No dedicated accessory photo found next to this SKU on magiclite.com / nslusa.com (family/fixture hero only, or no product page). Cannot scrape a correct image — need file from Mali.",Send corrected .jpg named exactly to Current_Primary_Image (or SKU.jpg)
1_IMAGES_JEN_JUL21_ASK,ACC-DT,Digital Timer for Landscape Transformer,ACC-DT.jpg,1,,45.7,22.85,40.4,20.2,N,Y,Y,"No dedicated accessory photo found next to this SKU on magiclite.com / nslusa.com (family/fixture hero only, or no product page). Cannot scrape a correct image — need file from Mali.",Send corrected .jpg named exactly to Current_Primary_Image (or SKU.jpg)
1_IMAGES_JEN_JUL21_ASK,ACC-PC,Photocell for Landscape Transformer,ACC-PC.jpg,1,,32.4,16.2,28.8,14.4,N,Y,Y,"No dedicated accessory photo found next to this SKU on magiclite.com / nslusa.com (family/fixture hero only, or no product page). Cannot scrape a correct image — need file from Mali.",Send corrected .jpg named exactly to Current_Primary_Image (or SKU.jpg)
1_IMAGES_JEN_JUL21_ASK,ACC-WIFI,Wi-Fi Controller for Landscape Transformer,ACC-WIFI.jpg,1,,52.2,26.1,46.1,23.05,N,Y,Y,"No dedicated accessory photo found next to this SKU on magiclite.com / nslusa.com (family/fixture hero only, or no product page). Cannot scrape a correct image — need file from Mali.",Send corrected .jpg named exactly to Current_Primary_Image (or SKU.jpg)
1_IMAGES_JEN_JUL21_ASK,LBR-II-KIT,Replacement Kit for LED Brick Star Gen II,TLWMV153WMBK.jpg,17,"SL-CC,TLWMV153WMBK,TLWMV153WMBR,TLWMV153WMSV,TLWMV154WMBK,TLWMV154WMBR,TLWMV154WMSV,TLWMV15XWMBK-01,TLWMV15XWMBK-02,TLWMV15XWMBK-04,TLWMV15XWMBR-01,TLWMV15XWMBR-02,TLWMV15XWMBR-04,TLWMV15XWMSV-01,TLWMV15XWMSV-02",129.1,64.55,126.2,63.1,N,Y,Y,"Still sharing image with 16 other SKU(s). No dedicated accessory photo found next to this SKU on magiclite.com / nslusa.com (family/fixture hero only, or no product page). Cannot scrape a correct image — need file from Mali.",Send corrected .jpg named exactly to Current_Primary_Image (or SKU.jpg)
1_IMAGES_JEN_JUL21_ASK,BL-CC,Concrete Cap for Brick Star Concrete Pour Installations,WF-04-12V-BLK.jpg,2,WF-04-12V-BLK,4.7,2.35,8,4,N,Y,Y,"Still sharing image with 1 other SKU(s). No dedicated accessory photo found next to this SKU on magiclite.com / nslusa.com (family/fixture hero only, or no product page). Cannot scrape a correct image — need file from Mali.",Send corrected .jpg named exactly to Current_Primary_Image (or SKU.jpg)
1_IMAGES_JEN_JUL21_ASK,LST-II-KIT,Replacement Kit for LED Step Star Gen II,LEDSST-II-WH-P-WH.jpg,13,"LEDSST-II-WH-L-AL,LEDSST-II-WH-L-BK,LEDSST-II-WH-L-BZ,LEDSST-II-WH-L-WH,LEDSST-II-WH-P-AL,LEDSST-II-WH-P-BK,LEDSST-II-WH-P-BZ,LEDSST-II-WH-P-WH,LEDSST-II-WH-S-AL,LEDSST-II-WH-S-BK,LEDSST-II-WH-S-BZ,LEDSST-II-WH-S-WH",129.1,64.55,126.2,63.1,N,Y,Y,"Still sharing image with 12 other SKU(s). No dedicated accessory photo found next to this SKU on magiclite.com / nslusa.com (family/fixture hero only, or no product page). Cannot scrape a correct image — need file from Mali.",Send corrected .jpg named exactly to Current_Primary_Image (or SKU.jpg)
1_IMAGES_JEN_JUL21_ASK,SL-CC,Concrete Cap for Step Star Concrete Pour Installations,TLWMV153WMBK.jpg,17,"LBR-II-KIT,TLWMV153WMBK,TLWMV153WMBR,TLWMV153WMSV,TLWMV154WMBK,TLWMV154WMBR,TLWMV154WMSV,TLWMV15XWMBK-01,TLWMV15XWMBK-02,TLWMV15XWMBK-04,TLWMV15XWMBR-01,TLWMV15XWMBR-02,TLWMV15XWMBR-04,TLWMV15XWMSV-01,TLWMV15XWMSV-02",4.7,2.35,8,4,N,Y,Y,"Still sharing image with 16 other SKU(s). No dedicated accessory photo found next to this SKU on magiclite.com / nslusa.com (family/fixture hero only, or no product page). Cannot scrape a correct image — need file from Mali.",Send corrected .jpg named exactly to Current_Primary_Image (or SKU.jpg)
1_IMAGES_JEN_JUL21_ASK,LV-DL-EX-10-L,10ft Interconnection Cable for Recessed Luminaire,LV-DL-EX-10-L.jpg,1,,9.8,4.9,10.2,5.1,N,Y,Y,"No dedicated accessory photo found next to this SKU on magiclite.com / nslusa.com (family/fixture hero only, or no product page). Cannot scrape a correct image — need file from Mali.",Send corrected .jpg named exactly to Current_Primary_Image (or SKU.jpg)
1_IMAGES_JEN_JUL21_ASK,LV-DL-EX-30-L,30ft Interconnection Cable for Recessed Luminaire,LV-DL-EX-30-L.jpg,1,,26.2,13.1,25.2,12.6,N,Y,Y,"No dedicated accessory photo found next to this SKU on magiclite.com / nslusa.com (family/fixture hero only, or no product page). Cannot scrape a correct image — need file from Mali.",Send corrected .jpg named exactly to Current_Primary_Image (or SKU.jpg)
1_IMAGES_JEN_JUL21_ASK,WSL-15-30K-BN,"LED Wall Sconce, 15W, 3000K, Brushed Nickel",WSL-15-30K-BN.jpg,1,,83.2,41.6,,,N,N,N,"No dedicated accessory photo found next to this SKU on magiclite.com / nslusa.com (family/fixture hero only, or no product page). Cannot scrape a correct image — need file from Mali.",Send corrected .jpg named exactly to Current_Primary_Image (or SKU.jpg)
1_IMAGES_JEN_JUL21_ASK,SL66-4FT-40W-40,"Tri-Proof Light, 4ft, 40W, 4000K, IP66/IK10, Water/Dust/Impact Proof",SL66-4FT-40W-40.jpg,3,"SL66-AD-MC,SL66-Sus-Kit",214,107,,,N,N,N,"Still sharing image with 2 other SKU(s). No dedicated accessory photo found next to this SKU on magiclite.com / nslusa.com (family/fixture hero only, or no product page). Cannot scrape a correct image — need file from Mali.",Send corrected .jpg named exactly to Current_Primary_Image (or SKU.jpg)
1_IMAGES_JEN_JUL21_ASK,FL-ADM-50,Universal Mount Bracket for Poles - 50W,FL-ADM-50.jpg,1,,64.7,32.35,62.4,31.2,N,Y,Y,"No dedicated accessory photo found next to this SKU on magiclite.com / nslusa.com (family/fixture hero only, or no product page). Cannot scrape a correct image — need file from Mali.",Send corrected .jpg named exactly to Current_Primary_Image (or SKU.jpg)
1_IMAGES_JEN_JUL21_ASK,FL-SH-50,Glare Shield for 120V Mini Flood Light 50W,FL-SH-50.jpg,1,,16.2,8.1,13.8,6.9,N,Y,Y,"No dedicated accessory photo found next to this SKU on magiclite.com / nslusa.com (family/fixture hero only, or no product page). Cannot scrape a correct image — need file from Mali.",Send corrected .jpg named exactly to Current_Primary_Image (or SKU.jpg)
1_IMAGES_JEN_JUL21_ASK,FL-WG-50,Wire Guard for 120V Mini Flood Light 50W,FL-WG-50.jpg,1,,16.2,8.1,13.6,6.8,N,Y,Y,"No dedicated accessory photo found next to this SKU on magiclite.com / nslusa.com (family/fixture hero only, or no product page). Cannot scrape a correct image — need file from Mali.",Send corrected .jpg named exactly to Current_Primary_Image (or SKU.jpg)
1_IMAGES_JEN_JUL21_ASK,FL-Y-50,Yoke Mount Bracket for Wall and Ground Mount - 50W,FL-Y-50.jpg,1,,28.7,14.35,27.6,13.8,N,Y,Y,"No dedicated accessory photo found next to this SKU on magiclite.com / nslusa.com (family/fixture hero only, or no product page). Cannot scrape a correct image — need file from Mali.",Send corrected .jpg named exactly to Current_Primary_Image (or SKU.jpg)
1_IMAGES_JEN_JUL21_ASK,FL-ADM-15,Universal Mount Bracket for Poles - 15W,FL-01-12V-BLK.jpg,5,"ACC-TM-BLK,FL-01-12V-BLK,FL-SH-15,FL-WG-15",,,,,N,N,N,"Still sharing image with 4 other SKU(s). No dedicated accessory photo found next to this SKU on magiclite.com / nslusa.com (family/fixture hero only, or no product page). Cannot scrape a correct image — need file from Mali.",Send corrected .jpg named exactly to Current_Primary_Image (or SKU.jpg)
1_IMAGES_JEN_JUL21_ASK,FL-SH-15,Glare Shield for 120V Mini Flood Light 15W,FL-01-12V-BLK.jpg,5,"ACC-TM-BLK,FL-01-12V-BLK,FL-ADM-15,FL-WG-15",,,,,N,N,N,"Still sharing image with 4 other SKU(s). No dedicated accessory photo found next to this SKU on magiclite.com / nslusa.com (family/fixture hero only, or no product page). Cannot scrape a correct image — need file from Mali.",Send corrected .jpg named exactly to Current_Primary_Image (or SKU.jpg)
1_IMAGES_JEN_JUL21_ASK,FL-WG-15,Wire Guard for 120V Mini Flood Light 15W,FL-01-12V-BLK.jpg,5,"ACC-TM-BLK,FL-01-12V-BLK,FL-ADM-15,FL-SH-15",,,,,N,N,N,"Still sharing image with 4 other SKU(s). No dedicated accessory photo found next to this SKU on magiclite.com / nslusa.com (family/fixture hero only, or no product page). Cannot scrape a correct image — need file from Mali.",Send corrected .jpg named exactly to Current_Primary_Image (or SKU.jpg)
1_IMAGES_JEN_JUL21_ASK,ACC-3R-BLK,"3 Inch Riser Black - Cast Brass, 1/2"" NPSM Thread",ACC-3R-BLK.jpg,1,,39.1,19.55,34.6,17.3,N,Y,Y,"No dedicated accessory photo found next to this SKU on magiclite.com / nslusa.com (family/fixture hero only, or no product page). Cannot scrape a correct image — need file from Mali.",Send corrected .jpg named exactly to Current_Primary_Image (or SKU.jpg)
1_IMAGES_JEN_JUL21_ASK,ACC-7R-BLK,"7 Inch Riser Black - Cast Brass, 1/2"" NPSM Thread",ACC-7R-BLK.jpg,1,,43.1,21.55,38.3,19.15,N,Y,Y,"No dedicated accessory photo found next to this SKU on magiclite.com / nslusa.com (family/fixture hero only, or no product page). Cannot scrape a correct image — need file from Mali.",Send corrected .jpg named exactly to Current_Primary_Image (or SKU.jpg)
1_IMAGES_JEN_JUL21_ASK,ACC-TM-BLK,Landscape Tree Mount - Black,FL-01-12V-BLK.jpg,5,"FL-01-12V-BLK,FL-ADM-15,FL-SH-15,FL-WG-15",33.3,16.65,33,16.5,N,N,N,"Still sharing image with 4 other SKU(s). No dedicated accessory photo found next to this SKU on magiclite.com / nslusa.com (family/fixture hero only, or no product page). Cannot scrape a correct image — need file from Mali.",Send corrected .jpg named exactly to Current_Primary_Image (or SKU.jpg)
1_IMAGES_JEN_JUL21_ASK,LEDDR-12-60W,"LED Driver 60W, 12V DC - 5A Class 2, Outdoor Rated",LEDDR-12-60W.jpg,1,,235.1,117.55,177.6,88.8,N,Y,Y,"No dedicated accessory photo found next to this SKU on magiclite.com / nslusa.com (family/fixture hero only, or no product page). Cannot scrape a correct image — need file from Mali.",Send corrected .jpg named exactly to Current_Primary_Image (or SKU.jpg)
1_IMAGES_JEN_JUL21_ASK,LEDDR-12-20W-HW,"LED Driver 20W, 12V DC - Hardwire, Junction Box",LEDDR-12-20W-HW.jpg,1,,141.3,70.65,,,N,Y,N,"No dedicated accessory photo found next to this SKU on magiclite.com / nslusa.com (family/fixture hero only, or no product page). Cannot scrape a correct image — need file from Mali.",Send corrected .jpg named exactly to Current_Primary_Image (or SKU.jpg)
1_IMAGES_JEN_JUL21_ASK,MLDR-20-24JB,Indoor Driver 20W - Non-Dimmable J-Box,MLDR-20-24JB.jpg,1,,141.3,70.65,,,N,Y,N,"No dedicated accessory photo found next to this SKU on magiclite.com / nslusa.com (family/fixture hero only, or no product page). Cannot scrape a correct image — need file from Mali.",Send corrected .jpg named exactly to Current_Primary_Image (or SKU.jpg)
1_IMAGES_JEN_JUL21_ASK,LV-HS-PC2-39,"39"" RGB Power Feed for Hard Strip, DC Plug",LV-HS-PC2-12.jpg,2,LV-HS-PC2-12,18.4,9.2,,,N,Y,N,"Still sharing image with 1 other SKU(s). No dedicated accessory photo found next to this SKU on magiclite.com / nslusa.com (family/fixture hero only, or no product page). Cannot scrape a correct image — need file from Mali.",Send corrected .jpg named exactly to Current_Primary_Image (or SKU.jpg)
1_IMAGES_JEN_JUL21_ASK,LV-HS-PF2-HW,"RGB 36"" Power Feed for Hard Strip, Hardwire",LV-HS-PF2-HW.jpg,1,,18.8,9.4,,,N,Y,N,"No dedicated accessory photo found next to this SKU on magiclite.com / nslusa.com (family/fixture hero only, or no product page). Cannot scrape a correct image — need file from Mali.",Send corrected .jpg named exactly to Current_Primary_Image (or SKU.jpg)
1_IMAGES_JEN_JUL21_ASK,LV-HS-RGB-24T2-1,"RGB LED Hard Strip 300mm (11.8"")",LV-HS-RGB-24T2-1.jpg,1,,40,20,,,N,Y,N,"No dedicated accessory photo found next to this SKU on magiclite.com / nslusa.com (family/fixture hero only, or no product page). Cannot scrape a correct image — need file from Mali.",Send corrected .jpg named exactly to Current_Primary_Image (or SKU.jpg)
1_IMAGES_JEN_JUL21_ASK,LV-HS-RGB-24T2-2,"RGB LED Hard Strip 500mm (19.7"")",LV-HS-RGB-24T2-2.jpg,1,,66.4,33.2,,,Y,Y,N,"No dedicated accessory photo found next to this SKU on magiclite.com / nslusa.com (family/fixture hero only, or no product page). Cannot scrape a correct image — need file from Mali.",Send corrected .jpg named exactly to Current_Primary_Image (or SKU.jpg)
1_IMAGES_JEN_JUL21_ASK,LV-HS-RGB-24T2-3,"RGB LED Hard Strip 1000mm (39.4"")",LV-HS-RGB-24T2-3.jpg,1,,119.8,59.9,,,Y,Y,N,"No dedicated accessory photo found next to this SKU on magiclite.com / nslusa.com (family/fixture hero only, or no product page). Cannot scrape a correct image — need file from Mali.",Send corrected .jpg named exactly to Current_Primary_Image (or SKU.jpg)
1_IMAGES_JEN_JUL21_ASK,E-KO-SR,"Wet Location Strain Relief for E Series Drivers, PG7, 3-6.5mm",E-KO-SR.jpg,1,,5,2.5,4.2,2.1,N,Y,Y,"No dedicated accessory photo found next to this SKU on magiclite.com / nslusa.com (family/fixture hero only, or no product page). Cannot scrape a correct image — need file from Mali.",Send corrected .jpg named exactly to Current_Primary_Image (or SKU.jpg)
1_IMAGES_JEN_JUL21_ASK,NFLX-RGB-CHANNEL,RGB Aluminum Mounting Channel 1M (3.28FT),NFLX-40-3000K.jpg,2,NFLX-40-3000K,17,8.5,19.6,9.8,N,Y,Y,"Still sharing image with 1 other SKU(s). No dedicated accessory photo found next to this SKU on magiclite.com / nslusa.com (family/fixture hero only, or no product page). Cannot scrape a correct image — need file from Mali.",Send corrected .jpg named exactly to Current_Primary_Image (or SKU.jpg)
1_IMAGES_JEN_JUL21_ASK,SX-TP-BR,"Switchex Trim Plate, Glossy Brown",SX-12V-DD-60W.jpg,3,"SX-12V-DD-60W,SX-TP-LA",6.9,3.45,,,N,N,N,"Still sharing image with 2 other SKU(s). No dedicated accessory photo found next to this SKU on magiclite.com / nslusa.com (family/fixture hero only, or no product page). Cannot scrape a correct image — need file from Mali.",Send corrected .jpg named exactly to Current_Primary_Image (or SKU.jpg)
1_IMAGES_JEN_JUL21_ASK,SX-TP-LA,"Switchex Trim Plate, Glossy Light Almond",SX-12V-DD-60W.jpg,3,"SX-12V-DD-60W,SX-TP-BR",6.9,3.45,,,N,N,N,"Still sharing image with 2 other SKU(s). No dedicated accessory photo found next to this SKU on magiclite.com / nslusa.com (family/fixture hero only, or no product page). Cannot scrape a correct image — need file from Mali.",Send corrected .jpg named exactly to Current_Primary_Image (or SKU.jpg)
1_IMAGES_JEN_JUL21_ASK,LW-18G-CL2,18G Installation Wire for Indoor Through Wall Connections,LEDD-F-WH.jpg,7,"LCL-LEDMOD-WH,LCL-LEDMOD-WW,LEDD-F-WH,LEDMD-CF,LEDMD-CF-SQ,LW-18G-BUR",0.8,0.4,1,0.5,N,Y,Y,"Still sharing image with 6 other SKU(s). No dedicated accessory photo found next to this SKU on magiclite.com / nslusa.com (family/fixture hero only, or no product page). Cannot scrape a correct image — need file from Mali.",Send corrected .jpg named exactly to Current_Primary_Image (or SKU.jpg)
1_IMAGES_JEN_JUL21_ASK,LW-18G-BUR,18G Installation Wire for Outdoor Burial Connections,LEDD-F-WH.jpg,7,"LCL-LEDMOD-WH,LCL-LEDMOD-WW,LEDD-F-WH,LEDMD-CF,LEDMD-CF-SQ,LW-18G-CL2",0.8,0.4,1,0.5,N,Y,Y,"Still sharing image with 6 other SKU(s). No dedicated accessory photo found next to this SKU on magiclite.com / nslusa.com (family/fixture hero only, or no product page). Cannot scrape a correct image — need file from Mali.",Send corrected .jpg named exactly to Current_Primary_Image (or SKU.jpg)
1_IMAGES_JEN_JUL21_ASK,LEDD-CF,"Concrete Form for LED Disc Light, Round - Fits 3/4"" conduit junction boxes",LEDD-CF.jpg,1,,9.9,4.95,11.2,5.6,N,Y,Y,"No dedicated accessory photo found next to this SKU on magiclite.com / nslusa.com (family/fixture hero only, or no product page). Cannot scrape a correct image — need file from Mali.",Send corrected .jpg named exactly to Current_Primary_Image (or SKU.jpg)
1_IMAGES_JEN_JUL21_ASK,LEDD-CF-SQ,"Concrete Form for LED Disc Light, Square - Fits 3/4"" conduit junction boxes",LEDD-CF-SQ.jpg,1,,9.9,4.95,11.2,5.6,N,Y,Y,"No dedicated accessory photo found next to this SKU on magiclite.com / nslusa.com (family/fixture hero only, or no product page). Cannot scrape a correct image — need file from Mali.",Send corrected .jpg named exactly to Current_Primary_Image (or SKU.jpg)
1_IMAGES_JEN_JUL21_ASK,LEDMD-CF,"Concrete Form for Mini Disc Light, Round - Fits 1/2"" (12.7mm) conduit junction boxes",LEDD-F-WH.jpg,7,"LCL-LEDMOD-WH,LCL-LEDMOD-WW,LEDD-F-WH,LEDMD-CF-SQ,LW-18G-BUR,LW-18G-CL2",6.6,3.3,7.2,3.6,N,Y,Y,"Still sharing image with 6 other SKU(s). No dedicated accessory photo found next to this SKU on magiclite.com / nslusa.com (family/fixture hero only, or no product page). Cannot scrape a correct image — need file from Mali.",Send corrected .jpg named exactly to Current_Primary_Image (or SKU.jpg)
1_IMAGES_JEN_JUL21_ASK,LEDMD-CF-SQ,"Concrete Form for Mini Disc Light, Square - Fits 1/2"" (12.7mm) conduit junction boxes",LEDD-F-WH.jpg,7,"LCL-LEDMOD-WH,LCL-LEDMOD-WW,LEDD-F-WH,LEDMD-CF,LW-18G-BUR,LW-18G-CL2",6.6,3.3,7.2,3.6,N,Y,Y,"Still sharing image with 6 other SKU(s). No dedicated accessory photo found next to this SKU on magiclite.com / nslusa.com (family/fixture hero only, or no product page). Cannot scrape a correct image — need file from Mali.",Send corrected .jpg named exactly to Current_Primary_Image (or SKU.jpg)
1_IMAGES_JEN_JUL21_ASK,LEDD-C-AM,"LED Disc Light - Clear Lens, Amber, Round",LEDD-C-AM.jpg,1,,110,55,112,56,Y,Y,Y,"No dedicated accessory photo found next to this SKU on magiclite.com / nslusa.com (family/fixture hero only, or no product page). Cannot scrape a correct image — need file from Mali.",Send corrected .jpg named exactly to Current_Primary_Image (or SKU.jpg)
1_IMAGES_JEN_JUL21_ASK,LEDD-C-AM-SQ,"LED Disc Light - Clear Lens, Amber, Square",LEDD-C-AM-SQ.jpg,1,,179.9,89.95,124.6,62.3,Y,Y,Y,"No dedicated accessory photo found next to this SKU on magiclite.com / nslusa.com (family/fixture hero only, or no product page). Cannot scrape a correct image — need file from Mali.",Send corrected .jpg named exactly to Current_Primary_Image (or SKU.jpg)
1_IMAGES_JEN_JUL21_ASK,LEDD-C-WH,"LED Disc Light - Clear Lens, Cool White 5500K, Round",LEDD-C-WH.jpg,1,,110,55,112,56,Y,Y,Y,"No dedicated accessory photo found next to this SKU on magiclite.com / nslusa.com (family/fixture hero only, or no product page). Cannot scrape a correct image — need file from Mali.",Send corrected .jpg named exactly to Current_Primary_Image (or SKU.jpg)
1_IMAGES_JEN_JUL21_ASK,LEDD-C-WH-SQ,"LED Disc Light - Clear Lens, Cool White 5500K, Square",LEDD-C-WH-SQ.jpg,1,,179.9,89.95,124.6,62.3,Y,Y,Y,"No dedicated accessory photo found next to this SKU on magiclite.com / nslusa.com (family/fixture hero only, or no product page). Cannot scrape a correct image — need file from Mali.",Send corrected .jpg named exactly to Current_Primary_Image (or SKU.jpg)
1_IMAGES_JEN_JUL21_ASK,LEDD-C-WW,"LED Disc Light - Clear Lens, Warm White 2700K, Round",LEDD-C-WW.jpg,1,,110,55,112,56,Y,Y,Y,"No dedicated accessory photo found next to this SKU on magiclite.com / nslusa.com (family/fixture hero only, or no product page). Cannot scrape a correct image — need file from Mali.",Send corrected .jpg named exactly to Current_Primary_Image (or SKU.jpg)
1_IMAGES_JEN_JUL21_ASK,LEDD-C-WW-SQ,"LED Disc Light - Clear Lens, Warm White 2700K, Square",LEDD-C-WW-SQ.jpg,1,,179.9,89.95,124.6,62.3,Y,Y,Y,"No dedicated accessory photo found next to this SKU on magiclite.com / nslusa.com (family/fixture hero only, or no product page). Cannot scrape a correct image — need file from Mali.",Send corrected .jpg named exactly to Current_Primary_Image (or SKU.jpg)
1_IMAGES_ESTRIP_CONNECTORS,LES-BTFN,Female Connector,LES-BTFN.jpg,1,,7.2,3.6,7,3.5,N,Y,Y,"No dedicated accessory photo found next to this SKU on magiclite.com / nslusa.com (family/fixture hero only, or no product page). Cannot scrape a correct image — need file from Mali.",Send connector photo .jpg (not the eStrip fixture)
1_IMAGES_ESTRIP_CONNECTORS,LES-BTMC-G4-SI,Signal In Connector for RGB eStrip connection to outdoor signal amplifier,LES-BTMC-G4-SI.jpg,1,,32.9,16.45,25.4,12.7,N,Y,Y,"No dedicated accessory photo found next to this SKU on magiclite.com / nslusa.com (family/fixture hero only, or no product page). Cannot scrape a correct image — need file from Mali.",Send connector photo .jpg (not the eStrip fixture)
1_IMAGES_ESTRIP_CONNECTORS,LES-BTMC-G4-SO,Signal Out Connector for RGB eStrip connection to outdoor signal amplifier,LES-BTMC-G4-SO.jpg,1,,32.9,16.45,25.4,12.7,N,Y,Y,"No dedicated accessory photo found next to this SKU on magiclite.com / nslusa.com (family/fixture hero only, or no product page). Cannot scrape a correct image — need file from Mali.",Send connector photo .jpg (not the eStrip fixture)
1_IMAGES_ESTRIP_CONNECTORS,LES-BTMCJ-1.5,1.5' Power Connector,LES-BTMCJ-1.5.jpg,1,,23.5,11.75,21.8,10.9,N,Y,Y,"No dedicated accessory photo found next to this SKU on magiclite.com / nslusa.com (family/fixture hero only, or no product page). Cannot scrape a correct image — need file from Mali.",Send connector photo .jpg (not the eStrip fixture)
1_IMAGES_ESTRIP_CONNECTORS,LES-BTMCJ-6,6' Power Connector,LES-BTMCJ-6.jpg,1,,32,16,28.6,14.3,N,Y,Y,"No dedicated accessory photo found next to this SKU on magiclite.com / nslusa.com (family/fixture hero only, or no product page). Cannot scrape a correct image — need file from Mali.",Send connector photo .jpg (not the eStrip fixture)
1_IMAGES_ESTRIP_CONNECTORS,LES-BTMN,Male Connector,LES-BTMN.jpg,1,,7.2,3.6,7,3.5,N,Y,Y,"No dedicated accessory photo found next to this SKU on magiclite.com / nslusa.com (family/fixture hero only, or no product page). Cannot scrape a correct image — need file from Mali.",Send connector photo .jpg (not the eStrip fixture)
1_IMAGES_ESTRIP_CONNECTORS,LES-BTSN,In Line Connector,LES-BTSN.jpg,1,,14.9,7.45,13.4,6.7,N,Y,Y,"No dedicated accessory photo found next to this SKU on magiclite.com / nslusa.com (family/fixture hero only, or no product page). Cannot scrape a correct image — need file from Mali.",Send connector photo .jpg (not the eStrip fixture)
1_IMAGES_ESTRIP_CONNECTORS,LES-C-6,Tie Wrap,LES-C-6.jpg,1,,11.5,5.75,10.4,5.2,N,Y,Y,"No dedicated accessory photo found next to this SKU on magiclite.com / nslusa.com (family/fixture hero only, or no product page). Cannot scrape a correct image — need file from Mali.",Send connector photo .jpg (not the eStrip fixture)
1_IMAGES_ESTRIP_CONNECTORS,LES-MX-1,Allen Key,LES-MX-1.jpg,1,,1.9,0.95,2,1,N,Y,Y,"No dedicated accessory photo found next to this SKU on magiclite.com / nslusa.com (family/fixture hero only, or no product page). Cannot scrape a correct image — need file from Mali.",Send connector photo .jpg (not the eStrip fixture)
1_IMAGES_ESTRIP_CONNECTORS,LES-SNPT,"Wood Nail Clips, 1/4"" X 1/2"" (6mm x 12mm)",LES-SNPT.jpg,1,,24.8,12.4,22,11,N,Y,Y,"No dedicated accessory photo found next to this SKU on magiclite.com / nslusa.com (family/fixture hero only, or no product page). Cannot scrape a correct image — need file from Mali.",Send connector photo .jpg (not the eStrip fixture)
1_IMAGES_ESTRIP_CONNECTORS,LES-STCN,Cutting End Cap,LES-STCN.jpg,1,,1,0.5,1.04,0.52,N,Y,Y,"No dedicated accessory photo found next to this SKU on magiclite.com / nslusa.com (family/fixture hero only, or no product page). Cannot scrape a correct image — need file from Mali.",Send connector photo .jpg (not the eStrip fixture)
1_IMAGES_ESTRIP_CONNECTORS,LES-STFN,Female End Cap,LES-STFN.jpg,1,,2.5,1.25,2.3,1.15,N,Y,Y,"No dedicated accessory photo found next to this SKU on magiclite.com / nslusa.com (family/fixture hero only, or no product page). Cannot scrape a correct image — need file from Mali.",Send connector photo .jpg (not the eStrip fixture)
1_IMAGES_ESTRIP_CONNECTORS,LES-STP-12BR,Outdoor 12' Step Cord for burial connections,LES-STP-12BR.jpg,1,,14.7,7.35,29.2,14.6,N,Y,Y,"No dedicated accessory photo found next to this SKU on magiclite.com / nslusa.com (family/fixture hero only, or no product page). Cannot scrape a correct image — need file from Mali.",Send connector photo .jpg (not the eStrip fixture)
1_IMAGES_ESTRIP_CONNECTORS,LES-STP-12CL,Indoor 12' Step Cord for through wall connections,LES-STP-12CL.jpg,1,,14.7,7.35,29.2,14.6,N,Y,Y,"No dedicated accessory photo found next to this SKU on magiclite.com / nslusa.com (family/fixture hero only, or no product page). Cannot scrape a correct image — need file from Mali.",Send connector photo .jpg (not the eStrip fixture)
1_IMAGES_ESTRIP_CONNECTORS,LES-STP-2BR,Outdoor 2' Step Cord for burial connections,LES-STP-2BR.jpg,1,,14.4,7.2,20.8,10.4,N,Y,Y,"No dedicated accessory photo found next to this SKU on magiclite.com / nslusa.com (family/fixture hero only, or no product page). Cannot scrape a correct image — need file from Mali.",Send connector photo .jpg (not the eStrip fixture)
1_IMAGES_ESTRIP_CONNECTORS,LES-STP-2CL,Indoor 2' Step Cord for through wall connections,LES-STP-2CL.jpg,1,,14.4,7.2,20.8,10.4,N,Y,Y,"No dedicated accessory photo found next to this SKU on magiclite.com / nslusa.com (family/fixture hero only, or no product page). Cannot scrape a correct image — need file from Mali.",Send connector photo .jpg (not the eStrip fixture)
1_IMAGES_ESTRIP_CONNECTORS,LES-STPV-T,"Clear PVC Mounting ""U"" Channel (1M)",LES-STPV-T.jpg,1,,9.1,4.55,8,4,N,Y,Y,"No dedicated accessory photo found next to this SKU on magiclite.com / nslusa.com (family/fixture hero only, or no product page). Cannot scrape a correct image — need file from Mali.",Send connector photo .jpg (not the eStrip fixture)
1_IMAGES_ESTRIP_CONNECTORS,LES-TCJ-EI6-N,"LED RGB eStrip 6"" Flex Connector",LES-TCJ-EI6-N.jpg,1,,,,34,17,N,N,Y,"No dedicated accessory photo found next to this SKU on magiclite.com / nslusa.com (family/fixture hero only, or no product page). Cannot scrape a correct image — need file from Mali.",Send connector photo .jpg (not the eStrip fixture)
2_PRICING_GAPS,CLD-1625-30K-BN,"LED Ceiling Light, 16"", 25W, 3000K, Brushed Nickel",CLD-1625-30K-BN.jpg,1,,96.3,48.15,,,N,N,N,missing NSL DN | prior status=NOT_IN_PRICEBOOK,"Fill DN/List for the missing brand, or confirm ML-only / NSL-only / remove"
2_PRICING_GAPS,DL-5CCT-4-WH,"5CCT LED Thin Line Down Light (Round), 4"", 2700-5000K",DL-5CCT-4-WH.jpg,5,"DL-5CCT-10-WH,DL-5CCT-3-WH,DL-5CCT-6-WH,DL-5CCT-8-WH",20,10,,,N,N,N,missing NSL DN | prior status=NOT_IN_PRICEBOOK,"Fill DN/List for the missing brand, or confirm ML-only / NSL-only / remove"
2_PRICING_GAPS,DL-5CCT-6-WH,"5CCT LED Thin Line Down Light (Round), 6"", 2700-5000K",DL-5CCT-4-WH.jpg,5,"DL-5CCT-10-WH,DL-5CCT-3-WH,DL-5CCT-4-WH,DL-5CCT-8-WH",23.4,11.7,,,Y,N,N,missing NSL DN | prior status=NOT_IN_PRICEBOOK,"Fill DN/List for the missing brand, or confirm ML-only / NSL-only / remove"
2_PRICING_GAPS,EPL-SR-WW-BK,LED Edgelit Puck Light Round - 3000K,EPL-SR-WW-WH.jpg,7,"EPL-SR-WW-BZ,EPL-SR-WW-WH,EPL-SS-WW-BK,EPL-SS-WW-BZ,EPL-SS-WW-WH,LMSH-001",18,9,,,Y,N,N,missing NSL DN | prior status=NOT_IN_PRICEBOOK,"Fill DN/List for the missing brand, or confirm ML-only / NSL-only / remove"
2_PRICING_GAPS,EPL-SR-WW-BZ,LED Edgelit Puck Light Round - 3000K,EPL-SR-WW-WH.jpg,7,"EPL-SR-WW-BK,EPL-SR-WW-WH,EPL-SS-WW-BK,EPL-SS-WW-BZ,EPL-SS-WW-WH,LMSH-001",18,9,,,Y,N,N,missing NSL DN | prior status=NOT_IN_PRICEBOOK,"Fill DN/List for the missing brand, or confirm ML-only / NSL-only / remove"
2_PRICING_GAPS,EPL-SR-WW-WH,LED Edgelit Puck Light Round - 3000K,EPL-SR-WW-WH.jpg,7,"EPL-SR-WW-BK,EPL-SR-WW-BZ,EPL-SS-WW-BK,EPL-SS-WW-BZ,EPL-SS-WW-WH,LMSH-001",18,9,,,N,N,N,missing NSL DN | prior status=NOT_IN_PRICEBOOK,"Fill DN/List for the missing brand, or confirm ML-only / NSL-only / remove"
2_PRICING_GAPS,EPL-SS-WW-BK,LED Edgelit Puck Light Square - 3000K,EPL-SR-WW-WH.jpg,7,"EPL-SR-WW-BK,EPL-SR-WW-BZ,EPL-SR-WW-WH,EPL-SS-WW-BZ,EPL-SS-WW-WH,LMSH-001",23.5,11.75,,,Y,N,N,missing NSL DN | prior status=NOT_IN_PRICEBOOK,"Fill DN/List for the missing brand, or confirm ML-only / NSL-only / remove"
2_PRICING_GAPS,EPL-SS-WW-BZ,LED Edgelit Puck Light Square - 3000K,EPL-SR-WW-WH.jpg,7,"EPL-SR-WW-BK,EPL-SR-WW-BZ,EPL-SR-WW-WH,EPL-SS-WW-BK,EPL-SS-WW-WH,LMSH-001",23.5,11.75,,,Y,N,N,missing NSL DN | prior status=NOT_IN_PRICEBOOK,"Fill DN/List for the missing brand, or confirm ML-only / NSL-only / remove"
2_PRICING_GAPS,EPL-SS-WW-WH,LED Edgelit Puck Light Square - 3000K,EPL-SR-WW-WH.jpg,7,"EPL-SR-WW-BK,EPL-SR-WW-BZ,EPL-SR-WW-WH,EPL-SS-WW-BK,EPL-SS-WW-BZ,LMSH-001",19.2,9.6,,,N,N,N,missing NSL DN | prior status=NOT_IN_PRICEBOOK,"Fill DN/List for the missing brand, or confirm ML-only / NSL-only / remove"
2_PRICING_GAPS,FL-ADM-15,Universal Mount Bracket for Poles - 15W,FL-01-12V-BLK.jpg,5,"ACC-TM-BLK,FL-01-12V-BLK,FL-SH-15,FL-WG-15",,,,,N,N,N,missing ML DN + missing NSL DN | prior status=NOT_IN_PRICEBOOK,"Fill DN/List for the missing brand, or confirm ML-only / NSL-only / remove"
2_PRICING_GAPS,FL-SH-15,Glare Shield for 120V Mini Flood Light 15W,FL-01-12V-BLK.jpg,5,"ACC-TM-BLK,FL-01-12V-BLK,FL-ADM-15,FL-WG-15",,,,,N,N,N,missing ML DN + missing NSL DN | prior status=NOT_IN_PRICEBOOK,"Fill DN/List for the missing brand, or confirm ML-only / NSL-only / remove"
2_PRICING_GAPS,FL-WG-15,Wire Guard for 120V Mini Flood Light 15W,FL-01-12V-BLK.jpg,5,"ACC-TM-BLK,FL-01-12V-BLK,FL-ADM-15,FL-SH-15",,,,,N,N,N,missing ML DN + missing NSL DN | prior status=NOT_IN_PRICEBOOK,"Fill DN/List for the missing brand, or confirm ML-only / NSL-only / remove"
2_PRICING_GAPS,IG-01-12V-36D-BLK,"LED Well Light - 36° Beam Angle, 3000K, Black, Die-cast Aluminium",IG-01-12V-36D-BLK.jpg,2,IG-01-12V-60D-BLK,,,,,N,N,N,missing ML DN + missing NSL DN | prior status=NOT_IN_PRICEBOOK,"Fill DN/List for the missing brand, or confirm ML-only / NSL-only / remove"
2_PRICING_GAPS,IG-01-12V-60D-BLK,"LED Well Light - 60° Beam Angle, 3000K, Black, Die-cast Aluminium",IG-01-12V-36D-BLK.jpg,2,IG-01-12V-36D-BLK,,,,,Y,N,N,missing ML DN + missing NSL DN | prior status=NOT_IN_PRICEBOOK,"Fill DN/List for the missing brand, or confirm ML-only / NSL-only / remove"
2_PRICING_GAPS,LED-SW-L-BWG,"LED Switch Star - Louvre Cover, Brown Wood Grain, 2700K (Discontinued)",LED-SW-P-WH.jpg,28,"LED-SW-L-BWG-AM,LED-SW-L-BWG-COV,LED-SW-L-LA,LED-SW-L-LA-AM,LED-SW-L-LA-COV,LED-SW-L-WH,LED-SW-L-WH-AM,LED-SW-L-WH-COV,LED-SW-MOD,LED-SW-P-BWG,LED-SW-P-BWG-AM,LED-SW-P-BWG-COV,LED-SW-P-LA,LED-SW-P-LA-AM,LED-SW-P-LA-COV",67.1,33.55,,,Y,N,N,missing NSL DN | prior status=NOT_IN_PRICEBOOK,"Fill DN/List for the missing brand, or confirm ML-only / NSL-only / remove"
2_PRICING_GAPS,LED-SW-L-BWG-AM,"LED Switch Star - Louvre Cover, Brown Wood Grain, Amber (Discontinued)",LED-SW-P-WH.jpg,28,"LED-SW-L-BWG,LED-SW-L-BWG-COV,LED-SW-L-LA,LED-SW-L-LA-AM,LED-SW-L-LA-COV,LED-SW-L-WH,LED-SW-L-WH-AM,LED-SW-L-WH-COV,LED-SW-MOD,LED-SW-P-BWG,LED-SW-P-BWG-AM,LED-SW-P-BWG-COV,LED-SW-P-LA,LED-SW-P-LA-AM,LED-SW-P-LA-COV",79.6,39.8,,,Y,N,N,missing NSL DN | prior status=NOT_IN_PRICEBOOK,"Fill DN/List for the missing brand, or confirm ML-only / NSL-only / remove"
2_PRICING_GAPS,LED-SW-L-BWG-COV,"Replacement Cover - Louvre, Brown Wood Grain for Switch Star (Discontinued)",LED-SW-P-WH.jpg,28,"LED-SW-L-BWG,LED-SW-L-BWG-AM,LED-SW-L-LA,LED-SW-L-LA-AM,LED-SW-L-LA-COV,LED-SW-L-WH,LED-SW-L-WH-AM,LED-SW-L-WH-COV,LED-SW-MOD,LED-SW-P-BWG,LED-SW-P-BWG-AM,LED-SW-P-BWG-COV,LED-SW-P-LA,LED-SW-P-LA-AM,LED-SW-P-LA-COV",5.1,2.55,,,N,N,N,missing NSL DN | prior status=NOT_IN_PRICEBOOK,"Fill DN/List for the missing brand, or confirm ML-only / NSL-only / remove"
2_PRICING_GAPS,LED-SW-L-LA,"LED Switch Star - Louvre Cover, Light Almond, 2700K (Discontinued)",LED-SW-P-WH.jpg,28,"LED-SW-L-BWG,LED-SW-L-BWG-AM,LED-SW-L-BWG-COV,LED-SW-L-LA-AM,LED-SW-L-LA-COV,LED-SW-L-WH,LED-SW-L-WH-AM,LED-SW-L-WH-COV,LED-SW-MOD,LED-SW-P-BWG,LED-SW-P-BWG-AM,LED-SW-P-BWG-COV,LED-SW-P-LA,LED-SW-P-LA-AM,LED-SW-P-LA-COV",67.1,33.55,,,Y,N,N,missing NSL DN | prior status=NOT_IN_PRICEBOOK,"Fill DN/List for the missing brand, or confirm ML-only / NSL-only / remove"
2_PRICING_GAPS,LED-SW-L-LA-AM,"LED Switch Star - Louvre Cover, Light Almond, Amber (Discontinued)",LED-SW-P-WH.jpg,28,"LED-SW-L-BWG,LED-SW-L-BWG-AM,LED-SW-L-BWG-COV,LED-SW-L-LA,LED-SW-L-LA-COV,LED-SW-L-WH,LED-SW-L-WH-AM,LED-SW-L-WH-COV,LED-SW-MOD,LED-SW-P-BWG,LED-SW-P-BWG-AM,LED-SW-P-BWG-COV,LED-SW-P-LA,LED-SW-P-LA-AM,LED-SW-P-LA-COV",79.6,39.8,,,Y,N,N,missing NSL DN | prior status=NOT_IN_PRICEBOOK,"Fill DN/List for the missing brand, or confirm ML-only / NSL-only / remove"
2_PRICING_GAPS,LED-SW-L-LA-COV,"Replacement Cover - Louvre, Light Almond for Switch Star (Discontinued)",LED-SW-P-WH.jpg,28,"LED-SW-L-BWG,LED-SW-L-BWG-AM,LED-SW-L-BWG-COV,LED-SW-L-LA,LED-SW-L-LA-AM,LED-SW-L-WH,LED-SW-L-WH-AM,LED-SW-L-WH-COV,LED-SW-MOD,LED-SW-P-BWG,LED-SW-P-BWG-AM,LED-SW-P-BWG-COV,LED-SW-P-LA,LED-SW-P-LA-AM,LED-SW-P-LA-COV",5.1,2.55,,,N,N,N,missing NSL DN | prior status=NOT_IN_PRICEBOOK,"Fill DN/List for the missing brand, or confirm ML-only / NSL-only / remove"
2_PRICING_GAPS,LED-SW-L-WH,"LED Switch Star - Louvre Cover, White, 2700K (Discontinued)",LED-SW-P-WH.jpg,28,"LED-SW-L-BWG,LED-SW-L-BWG-AM,LED-SW-L-BWG-COV,LED-SW-L-LA,LED-SW-L-LA-AM,LED-SW-L-LA-COV,LED-SW-L-WH-AM,LED-SW-L-WH-COV,LED-SW-MOD,LED-SW-P-BWG,LED-SW-P-BWG-AM,LED-SW-P-BWG-COV,LED-SW-P-LA,LED-SW-P-LA-AM,LED-SW-P-LA-COV",67.1,33.55,,,Y,N,N,missing NSL DN | prior status=NOT_IN_PRICEBOOK,"Fill DN/List for the missing brand, or confirm ML-only / NSL-only / remove"
2_PRICING_GAPS,LED-SW-L-WH-AM,"LED Switch Star - Louvre Cover, White, Amber (Discontinued)",LED-SW-P-WH.jpg,28,"LED-SW-L-BWG,LED-SW-L-BWG-AM,LED-SW-L-BWG-COV,LED-SW-L-LA,LED-SW-L-LA-AM,LED-SW-L-LA-COV,LED-SW-L-WH,LED-SW-L-WH-COV,LED-SW-MOD,LED-SW-P-BWG,LED-SW-P-BWG-AM,LED-SW-P-BWG-COV,LED-SW-P-LA,LED-SW-P-LA-AM,LED-SW-P-LA-COV",79.6,39.8,,,Y,N,N,missing NSL DN | prior status=NOT_IN_PRICEBOOK,"Fill DN/List for the missing brand, or confirm ML-only / NSL-only / remove"
2_PRICING_GAPS,LED-SW-L-WH-COV,"Replacement Cover - Louvre, White for Switch Star (Discontinued)",LED-SW-P-WH.jpg,28,"LED-SW-L-BWG,LED-SW-L-BWG-AM,LED-SW-L-BWG-COV,LED-SW-L-LA,LED-SW-L-LA-AM,LED-SW-L-LA-COV,LED-SW-L-WH,LED-SW-L-WH-AM,LED-SW-MOD,LED-SW-P-BWG,LED-SW-P-BWG-AM,LED-SW-P-BWG-COV,LED-SW-P-LA,LED-SW-P-LA-AM,LED-SW-P-LA-COV",5.1,2.55,,,N,N,N,missing NSL DN | prior status=NOT_IN_PRICEBOOK,"Fill DN/List for the missing brand, or confirm ML-only / NSL-only / remove"
2_PRICING_GAPS,LED-SW-MOD,Replacement LED Module for Switch Star (Discontinued),LED-SW-P-WH.jpg,28,"LED-SW-L-BWG,LED-SW-L-BWG-AM,LED-SW-L-BWG-COV,LED-SW-L-LA,LED-SW-L-LA-AM,LED-SW-L-LA-COV,LED-SW-L-WH,LED-SW-L-WH-AM,LED-SW-L-WH-COV,LED-SW-P-BWG,LED-SW-P-BWG-AM,LED-SW-P-BWG-COV,LED-SW-P-LA,LED-SW-P-LA-AM,LED-SW-P-LA-COV",86.5,43.25,,,N,N,N,missing NSL DN | prior status=NOT_IN_PRICEBOOK,"Fill DN/List for the missing brand, or confirm ML-only / NSL-only / remove"
2_PRICING_GAPS,LED-SW-P-BWG,"LED Switch Star - Prism Cover, Brown Wood Grain, 2700K (Discontinued)",LED-SW-P-WH.jpg,28,"LED-SW-L-BWG,LED-SW-L-BWG-AM,LED-SW-L-BWG-COV,LED-SW-L-LA,LED-SW-L-LA-AM,LED-SW-L-LA-COV,LED-SW-L-WH,LED-SW-L-WH-AM,LED-SW-L-WH-COV,LED-SW-MOD,LED-SW-P-BWG-AM,LED-SW-P-BWG-COV,LED-SW-P-LA,LED-SW-P-LA-AM,LED-SW-P-LA-COV",67.1,33.55,,,Y,N,N,missing NSL DN | prior status=NOT_IN_PRICEBOOK,"Fill DN/List for the missing brand, or confirm ML-only / NSL-only / remove"
2_PRICING_GAPS,LED-SW-P-BWG-AM,"LED Switch Star - Prism Cover, Brown Wood Grain, Amber (Discontinued)",LED-SW-P-WH.jpg,28,"LED-SW-L-BWG,LED-SW-L-BWG-AM,LED-SW-L-BWG-COV,LED-SW-L-LA,LED-SW-L-LA-AM,LED-SW-L-LA-COV,LED-SW-L-WH,LED-SW-L-WH-AM,LED-SW-L-WH-COV,LED-SW-MOD,LED-SW-P-BWG,LED-SW-P-BWG-COV,LED-SW-P-LA,LED-SW-P-LA-AM,LED-SW-P-LA-COV",79.6,39.8,,,Y,N,N,missing NSL DN | prior status=NOT_IN_PRICEBOOK,"Fill DN/List for the missing brand, or confirm ML-only / NSL-only / remove"
2_PRICING_GAPS,LED-SW-P-BWG-COV,"Replacement Cover - Prism, Brown Wood Grain for Switch Star (Discontinued)",LED-SW-P-WH.jpg,28,"LED-SW-L-BWG,LED-SW-L-BWG-AM,LED-SW-L-BWG-COV,LED-SW-L-LA,LED-SW-L-LA-AM,LED-SW-L-LA-COV,LED-SW-L-WH,LED-SW-L-WH-AM,LED-SW-L-WH-COV,LED-SW-MOD,LED-SW-P-BWG,LED-SW-P-BWG-AM,LED-SW-P-LA,LED-SW-P-LA-AM,LED-SW-P-LA-COV",2.7,1.35,,,N,N,N,missing NSL DN | prior status=NOT_IN_PRICEBOOK,"Fill DN/List for the missing brand, or confirm ML-only / NSL-only / remove"
2_PRICING_GAPS,LED-SW-P-LA,"LED Switch Star - Prism Cover, Light Almond, 2700K (Discontinued)",LED-SW-P-WH.jpg,28,"LED-SW-L-BWG,LED-SW-L-BWG-AM,LED-SW-L-BWG-COV,LED-SW-L-LA,LED-SW-L-LA-AM,LED-SW-L-LA-COV,LED-SW-L-WH,LED-SW-L-WH-AM,LED-SW-L-WH-COV,LED-SW-MOD,LED-SW-P-BWG,LED-SW-P-BWG-AM,LED-SW-P-BWG-COV,LED-SW-P-LA-AM,LED-SW-P-LA-COV",67.1,33.55,,,Y,N,N,missing NSL DN | prior status=NOT_IN_PRICEBOOK,"Fill DN/List for the missing brand, or confirm ML-only / NSL-only / remove"
2_PRICING_GAPS,LED-SW-P-LA-AM,"LED Switch Star - Prism Cover, Light Almond, Amber (Discontinued)",LED-SW-P-WH.jpg,28,"LED-SW-L-BWG,LED-SW-L-BWG-AM,LED-SW-L-BWG-COV,LED-SW-L-LA,LED-SW-L-LA-AM,LED-SW-L-LA-COV,LED-SW-L-WH,LED-SW-L-WH-AM,LED-SW-L-WH-COV,LED-SW-MOD,LED-SW-P-BWG,LED-SW-P-BWG-AM,LED-SW-P-BWG-COV,LED-SW-P-LA,LED-SW-P-LA-COV",79.6,39.8,,,Y,N,N,missing NSL DN | prior status=NOT_IN_PRICEBOOK,"Fill DN/List for the missing brand, or confirm ML-only / NSL-only / remove"
2_PRICING_GAPS,LED-SW-P-LA-COV,"Replacement Cover - Prism, Light Almond for Switch Star (Discontinued)",LED-SW-P-WH.jpg,28,"LED-SW-L-BWG,LED-SW-L-BWG-AM,LED-SW-L-BWG-COV,LED-SW-L-LA,LED-SW-L-LA-AM,LED-SW-L-LA-COV,LED-SW-L-WH,LED-SW-L-WH-AM,LED-SW-L-WH-COV,LED-SW-MOD,LED-SW-P-BWG,LED-SW-P-BWG-AM,LED-SW-P-BWG-COV,LED-SW-P-LA,LED-SW-P-LA-AM",2.7,1.35,,,N,N,N,missing NSL DN | prior status=NOT_IN_PRICEBOOK,"Fill DN/List for the missing brand, or confirm ML-only / NSL-only / remove"
2_PRICING_GAPS,LED-SW-P-WH,"LED Switch Star - Prism Cover, White, 2700K (Discontinued)",LED-SW-P-WH.jpg,28,"LED-SW-L-BWG,LED-SW-L-BWG-AM,LED-SW-L-BWG-COV,LED-SW-L-LA,LED-SW-L-LA-AM,LED-SW-L-LA-COV,LED-SW-L-WH,LED-SW-L-WH-AM,LED-SW-L-WH-COV,LED-SW-MOD,LED-SW-P-BWG,LED-SW-P-BWG-AM,LED-SW-P-BWG-COV,LED-SW-P-LA,LED-SW-P-LA-AM",67.1,33.55,,,N,N,N,missing NSL DN | prior status=NOT_IN_PRICEBOOK,"Fill DN/List for the missing brand, or confirm ML-only / NSL-only / remove"
2_PRICING_GAPS,LED-SW-P-WH-AM,"LED Switch Star - Prism Cover, White, Amber (Discontinued)",LED-SW-P-WH.jpg,28,"LED-SW-L-BWG,LED-SW-L-BWG-AM,LED-SW-L-BWG-COV,LED-SW-L-LA,LED-SW-L-LA-AM,LED-SW-L-LA-COV,LED-SW-L-WH,LED-SW-L-WH-AM,LED-SW-L-WH-COV,LED-SW-MOD,LED-SW-P-BWG,LED-SW-P-BWG-AM,LED-SW-P-BWG-COV,LED-SW-P-LA,LED-SW-P-LA-AM",79.6,39.8,,,Y,N,N,missing NSL DN | prior status=NOT_IN_PRICEBOOK,"Fill DN/List for the missing brand, or confirm ML-only / NSL-only / remove"
2_PRICING_GAPS,LED-SW-P-WH-COV,"Replacement Cover - Prism, White for Switch Star (Discontinued)",LED-SW-P-WH.jpg,28,"LED-SW-L-BWG,LED-SW-L-BWG-AM,LED-SW-L-BWG-COV,LED-SW-L-LA,LED-SW-L-LA-AM,LED-SW-L-LA-COV,LED-SW-L-WH,LED-SW-L-WH-AM,LED-SW-L-WH-COV,LED-SW-MOD,LED-SW-P-BWG,LED-SW-P-BWG-AM,LED-SW-P-BWG-COV,LED-SW-P-LA,LED-SW-P-LA-AM",2.7,1.35,,,N,N,N,missing NSL DN | prior status=NOT_IN_PRICEBOOK,"Fill DN/List for the missing brand, or confirm ML-only / NSL-only / remove"
2_PRICING_GAPS,LED-SW-S-BWG,"LED Switch Star - Scoop Cover, Brown Wood Grain, 2700K (Discontinued)",LED-SW-P-WH.jpg,28,"LED-SW-L-BWG,LED-SW-L-BWG-AM,LED-SW-L-BWG-COV,LED-SW-L-LA,LED-SW-L-LA-AM,LED-SW-L-LA-COV,LED-SW-L-WH,LED-SW-L-WH-AM,LED-SW-L-WH-COV,LED-SW-MOD,LED-SW-P-BWG,LED-SW-P-BWG-AM,LED-SW-P-BWG-COV,LED-SW-P-LA,LED-SW-P-LA-AM",67.1,33.55,,,Y,N,N,missing NSL DN | prior status=NOT_IN_PRICEBOOK,"Fill DN/List for the missing brand, or confirm ML-only / NSL-only / remove"
2_PRICING_GAPS,LED-SW-S-BWG-AM,"LED Switch Star - Scoop Cover, Brown Wood Grain, Amber (Discontinued)",LED-SW-P-WH.jpg,28,"LED-SW-L-BWG,LED-SW-L-BWG-AM,LED-SW-L-BWG-COV,LED-SW-L-LA,LED-SW-L-LA-AM,LED-SW-L-LA-COV,LED-SW-L-WH,LED-SW-L-WH-AM,LED-SW-L-WH-COV,LED-SW-MOD,LED-SW-P-BWG,LED-SW-P-BWG-AM,LED-SW-P-BWG-COV,LED-SW-P-LA,LED-SW-P-LA-AM",79.6,39.8,,,Y,N,N,missing NSL DN | prior status=NOT_IN_PRICEBOOK,"Fill DN/List for the missing brand, or confirm ML-only / NSL-only / remove"
2_PRICING_GAPS,LED-SW-S-BWG-COV,"Replacement Cover - Scoop, Brown Wood Grain for Switch Star (Discontinued)",LED-SW-P-WH.jpg,28,"LED-SW-L-BWG,LED-SW-L-BWG-AM,LED-SW-L-BWG-COV,LED-SW-L-LA,LED-SW-L-LA-AM,LED-SW-L-LA-COV,LED-SW-L-WH,LED-SW-L-WH-AM,LED-SW-L-WH-COV,LED-SW-MOD,LED-SW-P-BWG,LED-SW-P-BWG-AM,LED-SW-P-BWG-COV,LED-SW-P-LA,LED-SW-P-LA-AM",5.1,2.55,,,N,N,N,missing NSL DN | prior status=NOT_IN_PRICEBOOK,"Fill DN/List for the missing brand, or confirm ML-only / NSL-only / remove"
2_PRICING_GAPS,LED-SW-S-LA,"LED Switch Star - Scoop Cover, Light Almond, 2700K (Discontinued)",LED-SW-P-WH.jpg,28,"LED-SW-L-BWG,LED-SW-L-BWG-AM,LED-SW-L-BWG-COV,LED-SW-L-LA,LED-SW-L-LA-AM,LED-SW-L-LA-COV,LED-SW-L-WH,LED-SW-L-WH-AM,LED-SW-L-WH-COV,LED-SW-MOD,LED-SW-P-BWG,LED-SW-P-BWG-AM,LED-SW-P-BWG-COV,LED-SW-P-LA,LED-SW-P-LA-AM",67.1,33.55,,,Y,N,N,missing NSL DN | prior status=NOT_IN_PRICEBOOK,"Fill DN/List for the missing brand, or confirm ML-only / NSL-only / remove"
2_PRICING_GAPS,LED-SW-S-LA-AM,"LED Switch Star - Scoop Cover, Light Almond, Amber (Discontinued)",LED-SW-P-WH.jpg,28,"LED-SW-L-BWG,LED-SW-L-BWG-AM,LED-SW-L-BWG-COV,LED-SW-L-LA,LED-SW-L-LA-AM,LED-SW-L-LA-COV,LED-SW-L-WH,LED-SW-L-WH-AM,LED-SW-L-WH-COV,LED-SW-MOD,LED-SW-P-BWG,LED-SW-P-BWG-AM,LED-SW-P-BWG-COV,LED-SW-P-LA,LED-SW-P-LA-AM",79.6,39.8,,,Y,N,N,missing NSL DN | prior status=NOT_IN_PRICEBOOK,"Fill DN/List for the missing brand, or confirm ML-only / NSL-only / remove"
2_PRICING_GAPS,LED-SW-S-LA-COV,"Replacement Cover - Scoop, Light Almond for Switch Star (Discontinued)",LED-SW-P-WH.jpg,28,"LED-SW-L-BWG,LED-SW-L-BWG-AM,LED-SW-L-BWG-COV,LED-SW-L-LA,LED-SW-L-LA-AM,LED-SW-L-LA-COV,LED-SW-L-WH,LED-SW-L-WH-AM,LED-SW-L-WH-COV,LED-SW-MOD,LED-SW-P-BWG,LED-SW-P-BWG-AM,LED-SW-P-BWG-COV,LED-SW-P-LA,LED-SW-P-LA-AM",5.1,2.55,,,N,N,N,missing NSL DN | prior status=NOT_IN_PRICEBOOK,"Fill DN/List for the missing brand, or confirm ML-only / NSL-only / remove"
2_PRICING_GAPS,LED-SW-S-WH,"LED Switch Star - Scoop Cover, White, 2700K (Discontinued)",LED-SW-P-WH.jpg,28,"LED-SW-L-BWG,LED-SW-L-BWG-AM,LED-SW-L-BWG-COV,LED-SW-L-LA,LED-SW-L-LA-AM,LED-SW-L-LA-COV,LED-SW-L-WH,LED-SW-L-WH-AM,LED-SW-L-WH-COV,LED-SW-MOD,LED-SW-P-BWG,LED-SW-P-BWG-AM,LED-SW-P-BWG-COV,LED-SW-P-LA,LED-SW-P-LA-AM",67.1,33.55,,,Y,N,N,missing NSL DN | prior status=NOT_IN_PRICEBOOK,"Fill DN/List for the missing brand, or confirm ML-only / NSL-only / remove"
2_PRICING_GAPS,LED-SW-S-WH-AM,"LED Switch Star - Scoop Cover, White, Amber (Discontinued)",LED-SW-P-WH.jpg,28,"LED-SW-L-BWG,LED-SW-L-BWG-AM,LED-SW-L-BWG-COV,LED-SW-L-LA,LED-SW-L-LA-AM,LED-SW-L-LA-COV,LED-SW-L-WH,LED-SW-L-WH-AM,LED-SW-L-WH-COV,LED-SW-MOD,LED-SW-P-BWG,LED-SW-P-BWG-AM,LED-SW-P-BWG-COV,LED-SW-P-LA,LED-SW-P-LA-AM",79.6,39.8,,,Y,N,N,missing NSL DN | prior status=NOT_IN_PRICEBOOK,"Fill DN/List for the missing brand, or confirm ML-only / NSL-only / remove"
2_PRICING_GAPS,LED-SW-S-WH-COV,"Replacement Cover - Scoop, White for Switch Star (Discontinued)",LED-SW-P-WH.jpg,28,"LED-SW-L-BWG,LED-SW-L-BWG-AM,LED-SW-L-BWG-COV,LED-SW-L-LA,LED-SW-L-LA-AM,LED-SW-L-LA-COV,LED-SW-L-WH,LED-SW-L-WH-AM,LED-SW-L-WH-COV,LED-SW-MOD,LED-SW-P-BWG,LED-SW-P-BWG-AM,LED-SW-P-BWG-COV,LED-SW-P-LA,LED-SW-P-LA-AM",5.1,2.55,,,N,N,N,missing NSL DN | prior status=NOT_IN_PRICEBOOK,"Fill DN/List for the missing brand, or confirm ML-only / NSL-only / remove"
2_PRICING_GAPS,LEDDR-12-20W-HW,"LED Driver 20W, 12V DC - Hardwire, Junction Box",LEDDR-12-20W-HW.jpg,1,,141.3,70.65,,,N,Y,N,missing NSL DN | prior status=NEEDS_NSL_PAIRING,"Fill DN/List for the missing brand, or confirm ML-only / NSL-only / remove"
2_PRICING_GAPS,LES-TCJ-EI6-N,"LED RGB eStrip 6"" Flex Connector",LES-TCJ-EI6-N.jpg,1,,,,34,17,N,N,Y,missing ML DN | prior status=nsl_exact,"Fill DN/List for the missing brand, or confirm ML-only / NSL-only / remove"
2_PRICING_GAPS,LT-WIFI-RM,Remote for LT-WIFI-CTRL WiFi Controller,LT-WIFI-RM.jpg,1,,,,,,Y,N,N,missing ML DN + missing NSL DN | prior status=DISCONTINUE,"Fill DN/List for the missing brand, or confirm ML-only / NSL-only / remove"
2_PRICING_GAPS,LTP-001-OD-6FT,Power Feed Connector for connection to outdoor signal amplifier,LESHP-40-3000K.jpg,2,LESHP-40-3000K,12.2,6.1,,,N,Y,N,missing NSL DN | prior status=NEEDS_NSL_PAIRING,"Fill DN/List for the missing brand, or confirm ML-only / NSL-only / remove"
2_PRICING_GAPS,LV-HS-PC2-12,"12"" RGB Power Feed for Hard Strip, DC Plug",LV-HS-PC2-12.jpg,2,LV-HS-PC2-39,13.8,6.9,,,N,Y,N,missing NSL DN | prior status=ML_ONLY_ok,"Fill DN/List for the missing brand, or confirm ML-only / NSL-only / remove"
2_PRICING_GAPS,LV-HS-PC2-3,"3"" RGB Power Connector for Hard Strip",LV-HS-PC2-3.jpg,1,,9.4,4.7,,,N,Y,N,missing NSL DN | prior status=ML_ONLY_ok,"Fill DN/List for the missing brand, or confirm ML-only / NSL-only / remove"
2_PRICING_GAPS,LV-HS-PC2-39,"39"" RGB Power Feed for Hard Strip, DC Plug",LV-HS-PC2-12.jpg,2,LV-HS-PC2-12,18.4,9.2,,,N,Y,N,missing NSL DN | prior status=ML_ONLY_ok,"Fill DN/List for the missing brand, or confirm ML-only / NSL-only / remove"
2_PRICING_GAPS,LV-HS-PF2-HW,"RGB 36"" Power Feed for Hard Strip, Hardwire",LV-HS-PF2-HW.jpg,1,,18.8,9.4,,,N,Y,N,missing NSL DN | prior status=ML_ONLY_ok,"Fill DN/List for the missing brand, or confirm ML-only / NSL-only / remove"
2_PRICING_GAPS,LV-HS-RGB-24T2-1,"RGB LED Hard Strip 300mm (11.8"")",LV-HS-RGB-24T2-1.jpg,1,,40,20,,,N,Y,N,missing NSL DN | prior status=ML_ONLY_ok,"Fill DN/List for the missing brand, or confirm ML-only / NSL-only / remove"
2_PRICING_GAPS,LV-HS-RGB-24T2-2,"RGB LED Hard Strip 500mm (19.7"")",LV-HS-RGB-24T2-2.jpg,1,,66.4,33.2,,,Y,Y,N,missing NSL DN | prior status=ML_ONLY_ok,"Fill DN/List for the missing brand, or confirm ML-only / NSL-only / remove"
2_PRICING_GAPS,LV-HS-RGB-24T2-3,"RGB LED Hard Strip 1000mm (39.4"")",LV-HS-RGB-24T2-3.jpg,1,,119.8,59.9,,,Y,Y,N,missing NSL DN | prior status=ML_ONLY_ok,"Fill DN/List for the missing brand, or confirm ML-only / NSL-only / remove"
2_PRICING_GAPS,LVLDL-04-TR-BK-L3,"Black Round Trim Ring for 4"" 5CCT Thin Line Down Light",LVLDL-TR-ROUND.jpg,30,"LVLDL-03-TR-BK-L3,LVLDL-03-TR-BN-L3,LVLDL-03-TR-BZ-L3,LVLDL-04-TR-BN-L3,LVLDL-04-TR-BZ-L3,LVLDL-04S-TR-BK-L3,LVLDL-04S-TR-BN-L3,LVLDL-04S-TR-BZ-L3,LVLDL-06-TR-BK-L3,LVLDL-06-TR-BN-L3,LVLDL-06-TR-BZ-L3,LVLDL-06S-TR-BK-L3,LVLDL-06S-TR-BN-L3,LVLDL-06S-TR-BZ-L3,LVLDL-08-TR-BK-L3",2.8,1.4,,,N,N,N,missing NSL DN | prior status=NOT_IN_PRICEBOOK,"Fill DN/List for the missing brand, or confirm ML-only / NSL-only / remove"
2_PRICING_GAPS,LVLDL-04-TR-BN-L3,"Brushed Nickel Round Trim Ring for 4"" 5CCT Thin Line Down Light",LVLDL-TR-ROUND.jpg,30,"LVLDL-03-TR-BK-L3,LVLDL-03-TR-BN-L3,LVLDL-03-TR-BZ-L3,LVLDL-04-TR-BK-L3,LVLDL-04-TR-BZ-L3,LVLDL-04S-TR-BK-L3,LVLDL-04S-TR-BN-L3,LVLDL-04S-TR-BZ-L3,LVLDL-06-TR-BK-L3,LVLDL-06-TR-BN-L3,LVLDL-06-TR-BZ-L3,LVLDL-06S-TR-BK-L3,LVLDL-06S-TR-BN-L3,LVLDL-06S-TR-BZ-L3,LVLDL-08-TR-BK-L3",4.1,2.05,,,N,N,N,missing NSL DN | prior status=NOT_IN_PRICEBOOK,"Fill DN/List for the missing brand, or confirm ML-only / NSL-only / remove"
2_PRICING_GAPS,LVLDL-04-TR-BZ-L3,"Bronze Round Trim Ring for 4"" 5CCT Thin Line Down Light",LVLDL-TR-ROUND.jpg,30,"LVLDL-03-TR-BK-L3,LVLDL-03-TR-BN-L3,LVLDL-03-TR-BZ-L3,LVLDL-04-TR-BK-L3,LVLDL-04-TR-BN-L3,LVLDL-04S-TR-BK-L3,LVLDL-04S-TR-BN-L3,LVLDL-04S-TR-BZ-L3,LVLDL-06-TR-BK-L3,LVLDL-06-TR-BN-L3,LVLDL-06-TR-BZ-L3,LVLDL-06S-TR-BK-L3,LVLDL-06S-TR-BN-L3,LVLDL-06S-TR-BZ-L3,LVLDL-08-TR-BK-L3",2.8,1.4,,,N,N,N,missing NSL DN | prior status=NOT_IN_PRICEBOOK,"Fill DN/List for the missing brand, or confirm ML-only / NSL-only / remove"
2_PRICING_GAPS,LVLDL-06-TR-BK-L3,"Black Round Trim Ring for 6"" 5CCT Thin Line Down Light",LVLDL-TR-ROUND.jpg,30,"LVLDL-03-TR-BK-L3,LVLDL-03-TR-BN-L3,LVLDL-03-TR-BZ-L3,LVLDL-04-TR-BK-L3,LVLDL-04-TR-BN-L3,LVLDL-04-TR-BZ-L3,LVLDL-04S-TR-BK-L3,LVLDL-04S-TR-BN-L3,LVLDL-04S-TR-BZ-L3,LVLDL-06-TR-BN-L3,LVLDL-06-TR-BZ-L3,LVLDL-06S-TR-BK-L3,LVLDL-06S-TR-BN-L3,LVLDL-06S-TR-BZ-L3,LVLDL-08-TR-BK-L3",3.5,1.75,,,N,N,N,missing NSL DN | prior status=NOT_IN_PRICEBOOK,"Fill DN/List for the missing brand, or confirm ML-only / NSL-only / remove"
2_PRICING_GAPS,LVLDL-06-TR-BN-L3,"Brushed Nickel Round Trim Ring for 6"" 5CCT Thin Line Down Light",LVLDL-TR-ROUND.jpg,30,"LVLDL-03-TR-BK-L3,LVLDL-03-TR-BN-L3,LVLDL-03-TR-BZ-L3,LVLDL-04-TR-BK-L3,LVLDL-04-TR-BN-L3,LVLDL-04-TR-BZ-L3,LVLDL-04S-TR-BK-L3,LVLDL-04S-TR-BN-L3,LVLDL-04S-TR-BZ-L3,LVLDL-06-TR-BK-L3,LVLDL-06-TR-BZ-L3,LVLDL-06S-TR-BK-L3,LVLDL-06S-TR-BN-L3,LVLDL-06S-TR-BZ-L3,LVLDL-08-TR-BK-L3",5.4,2.7,,,N,N,N,missing NSL DN | prior status=NOT_IN_PRICEBOOK,"Fill DN/List for the missing brand, or confirm ML-only / NSL-only / remove"
2_PRICING_GAPS,LVLDL-06-TR-BZ-L3,"Bronze Round Trim Ring for 6"" 5CCT Thin Line Down Light",LVLDL-TR-ROUND.jpg,30,"LVLDL-03-TR-BK-L3,LVLDL-03-TR-BN-L3,LVLDL-03-TR-BZ-L3,LVLDL-04-TR-BK-L3,LVLDL-04-TR-BN-L3,LVLDL-04-TR-BZ-L3,LVLDL-04S-TR-BK-L3,LVLDL-04S-TR-BN-L3,LVLDL-04S-TR-BZ-L3,LVLDL-06-TR-BK-L3,LVLDL-06-TR-BN-L3,LVLDL-06S-TR-BK-L3,LVLDL-06S-TR-BN-L3,LVLDL-06S-TR-BZ-L3,LVLDL-08-TR-BK-L3",3.5,1.75,,,N,N,N,missing NSL DN | prior status=NOT_IN_PRICEBOOK,"Fill DN/List for the missing brand, or confirm ML-only / NSL-only / remove"
2_PRICING_GAPS,LVLDL-BR-4-L3,"Beauty Ring for 4"" 5CCT LED Thin Line Down Light (Round)",LVLDL-TR-ROUND.jpg,30,"LVLDL-03-TR-BK-L3,LVLDL-03-TR-BN-L3,LVLDL-03-TR-BZ-L3,LVLDL-04-TR-BK-L3,LVLDL-04-TR-BN-L3,LVLDL-04-TR-BZ-L3,LVLDL-04S-TR-BK-L3,LVLDL-04S-TR-BN-L3,LVLDL-04S-TR-BZ-L3,LVLDL-06-TR-BK-L3,LVLDL-06-TR-BN-L3,LVLDL-06-TR-BZ-L3,LVLDL-06S-TR-BK-L3,LVLDL-06S-TR-BN-L3,LVLDL-06S-TR-BZ-L3",,,4.1,2.05,N,N,Y,missing ML DN | prior status=nsl_exact,"Fill DN/List for the missing brand, or confirm ML-only / NSL-only / remove"
2_PRICING_GAPS,LVLDL-BR-6-L3,"Beauty Ring for 6"" 5CCT LED Thin Line Down Light (Round)",LVLDL-TR-ROUND.jpg,30,"LVLDL-03-TR-BK-L3,LVLDL-03-TR-BN-L3,LVLDL-03-TR-BZ-L3,LVLDL-04-TR-BK-L3,LVLDL-04-TR-BN-L3,LVLDL-04-TR-BZ-L3,LVLDL-04S-TR-BK-L3,LVLDL-04S-TR-BN-L3,LVLDL-04S-TR-BZ-L3,LVLDL-06-TR-BK-L3,LVLDL-06-TR-BN-L3,LVLDL-06-TR-BZ-L3,LVLDL-06S-TR-BK-L3,LVLDL-06S-TR-BN-L3,LVLDL-06S-TR-BZ-L3",,,6.1,3.05,N,N,Y,missing ML DN | prior status=nsl_exact,"Fill DN/List for the missing brand, or confirm ML-only / NSL-only / remove"
2_PRICING_GAPS,LWL-100W-50,"100W LED Work Light, 60W, 13500LM, 5000K, Stainless Steel Guard",LWL-100W-50.jpg,1,,251.4,125.7,,,N,Y,N,missing NSL DN | prior status=NEEDS_NSL_PAIRING,"Fill DN/List for the missing brand, or confirm ML-only / NSL-only / remove"
2_PRICING_GAPS,LWL-60W-50,"60W LED Work Light, 7200LM, 5000K, Stainless Steel Guard",LWL-60W-50.jpg,1,,188.7,94.35,,,N,Y,N,missing NSL DN | prior status=NEEDS_NSL_PAIRING,"Fill DN/List for the missing brand, or confirm ML-only / NSL-only / remove"
2_PRICING_GAPS,LWL-FM,Floor Mount Kit for LED Work Light,LWL-FM.jpg,1,,38.2,19.1,,,N,Y,N,missing NSL DN | prior status=NEEDS_NSL_PAIRING,"Fill DN/List for the missing brand, or confirm ML-only / NSL-only / remove"
2_PRICING_GAPS,LWL-MM,Magnet Mount Kit for LED Work Light,LWL-MM.jpg,1,,134.7,67.35,,,N,Y,N,missing NSL DN | prior status=NEEDS_NSL_PAIRING,"Fill DN/List for the missing brand, or confirm ML-only / NSL-only / remove"
2_PRICING_GAPS,LWL-TM,Tripod Mount Kit for LED Work Light,LWL-TM.jpg,1,,89.8,44.9,,,N,Y,N,missing NSL DN | prior status=NEEDS_NSL_PAIRING,"Fill DN/List for the missing brand, or confirm ML-only / NSL-only / remove"
2_PRICING_GAPS,MLDR-120-24,Indoor/Outdoor Driver 120W - Non-Dimmable,MLDR-120-24.jpg,1,,384.8,192.4,,,N,Y,N,missing NSL DN | prior status=NEEDS_NSL_PAIRING,"Fill DN/List for the missing brand, or confirm ML-only / NSL-only / remove"
2_PRICING_GAPS,MLDR-20-24JB,Indoor Driver 20W - Non-Dimmable J-Box,MLDR-20-24JB.jpg,1,,141.3,70.65,,,N,Y,N,missing NSL DN | prior status=NEEDS_NSL_PAIRING,"Fill DN/List for the missing brand, or confirm ML-only / NSL-only / remove"
2_PRICING_GAPS,MLDRE-20-12-DM,"Electronic LED Driver 20W, 12V DC - IP67 Dimmable",MLDRE-20-12-DM.jpg,1,,163.3,81.65,,,N,Y,N,missing NSL DN | prior status=NEEDS_NSL_PAIRING,"Fill DN/List for the missing brand, or confirm ML-only / NSL-only / remove"
2_PRICING_GAPS,MLDRE-40-24-DM,"Electronic LED Driver 40W, 24V DC - IP67 Dimmable",MLDRE-40-24-DM.jpg,1,,163.3,81.65,,,N,Y,N,missing NSL DN | prior status=NEEDS_NSL_PAIRING,"Fill DN/List for the missing brand, or confirm ML-only / NSL-only / remove"
2_PRICING_GAPS,MLDRE-60-12-DM,"Electronic LED Driver 60W, 12V DC - IP67 Dimmable",MLDRE-60-12-DM.jpg,1,,196.3,98.15,,,N,Y,N,missing NSL DN | prior status=NEEDS_NSL_PAIRING,"Fill DN/List for the missing brand, or confirm ML-only / NSL-only / remove"
2_PRICING_GAPS,MLDRE-96-24-DM,"Electronic LED Driver 96W, 24V DC - IP67 Dimmable",MLDRE-96-24-DM.jpg,1,,218.2,109.1,,,N,Y,N,missing NSL DN | prior status=NEEDS_NSL_PAIRING,"Fill DN/List for the missing brand, or confirm ML-only / NSL-only / remove"
2_PRICING_GAPS,NN-C10-8,"PVC 1/2"" U Channel Track for indoor use",NN-C10-8.jpg,1,,7.8,3.9,,,N,Y,N,missing NSL DN | prior status=NEEDS_NSL_PAIRING,"Fill DN/List for the missing brand, or confirm ML-only / NSL-only / remove"
2_PRICING_GAPS,RGL-4-TR-BK,"Black Trim Ring for Regressed Down Light (CCT), 4""",RGL-4B-9W-SW.jpg,10,"RGL-4-TR-BZ,RGL-4-TR-SN,RGL-4B-9W-BT,RGL-4B-9W-SW,RGL-6-TR-BK,RGL-6-TR-BZ,RGL-6-TR-SN,RGL-6B-12W-BT,RGL-6B-12W-SW",6.9,3.45,,,N,N,N,missing NSL DN | prior status=NOT_IN_PRICEBOOK,"Fill DN/List for the missing brand, or confirm ML-only / NSL-only / remove"
2_PRICING_GAPS,RGL-4-TR-BZ,"Bronze Trim Ring for Regressed Down Light (CCT), 4""",RGL-4B-9W-SW.jpg,10,"RGL-4-TR-BK,RGL-4-TR-SN,RGL-4B-9W-BT,RGL-4B-9W-SW,RGL-6-TR-BK,RGL-6-TR-BZ,RGL-6-TR-SN,RGL-6B-12W-BT,RGL-6B-12W-SW",6.9,3.45,,,N,N,N,missing NSL DN | prior status=NOT_IN_PRICEBOOK,"Fill DN/List for the missing brand, or confirm ML-only / NSL-only / remove"
2_PRICING_GAPS,RGL-4-TR-SN,"Satin Nickel Trim Ring for Regressed Down Light (CCT), 4""",RGL-4B-9W-SW.jpg,10,"RGL-4-TR-BK,RGL-4-TR-BZ,RGL-4B-9W-BT,RGL-4B-9W-SW,RGL-6-TR-BK,RGL-6-TR-BZ,RGL-6-TR-SN,RGL-6B-12W-BT,RGL-6B-12W-SW",9.1,4.55,,,N,N,N,missing NSL DN | prior status=NOT_IN_PRICEBOOK,"Fill DN/List for the missing brand, or confirm ML-only / NSL-only / remove"
2_PRICING_GAPS,RGL-4B-9W-BT,"Regressed Down Light (CCT), 4"", Bluetooth Adjustable, 2700-5000K",RGL-4B-9W-SW.jpg,10,"RGL-4-TR-BK,RGL-4-TR-BZ,RGL-4-TR-SN,RGL-4B-9W-SW,RGL-6-TR-BK,RGL-6-TR-BZ,RGL-6-TR-SN,RGL-6B-12W-BT,RGL-6B-12W-SW",59.1,29.55,,,Y,N,N,missing NSL DN | prior status=NOT_IN_PRICEBOOK,"Fill DN/List for the missing brand, or confirm ML-only / NSL-only / remove"
2_PRICING_GAPS,RGL-4B-9W-SW,"Regressed Down Light (CCT), 4"", Switch Adjustable, 2700/3000/4000K",RGL-4B-9W-SW.jpg,10,"RGL-4-TR-BK,RGL-4-TR-BZ,RGL-4-TR-SN,RGL-4B-9W-BT,RGL-6-TR-BK,RGL-6-TR-BZ,RGL-6-TR-SN,RGL-6B-12W-BT,RGL-6B-12W-SW",42.3,21.15,,,N,N,N,missing NSL DN | prior status=NOT_IN_PRICEBOOK,"Fill DN/List for the missing brand, or confirm ML-only / NSL-only / remove"
2_PRICING_GAPS,RGL-6-TR-BK,"Black Trim Ring for Regressed Down Light (CCT), 6""",RGL-4B-9W-SW.jpg,10,"RGL-4-TR-BK,RGL-4-TR-BZ,RGL-4-TR-SN,RGL-4B-9W-BT,RGL-4B-9W-SW,RGL-6-TR-BZ,RGL-6-TR-SN,RGL-6B-12W-BT,RGL-6B-12W-SW",9.1,4.55,,,N,N,N,missing NSL DN | prior status=NOT_IN_PRICEBOOK,"Fill DN/List for the missing brand, or confirm ML-only / NSL-only / remove"
2_PRICING_GAPS,RGL-6-TR-BZ,"Bronze Trim Ring for Regressed Down Light (CCT), 6""",RGL-4B-9W-SW.jpg,10,"RGL-4-TR-BK,RGL-4-TR-BZ,RGL-4-TR-SN,RGL-4B-9W-BT,RGL-4B-9W-SW,RGL-6-TR-BK,RGL-6-TR-SN,RGL-6B-12W-BT,RGL-6B-12W-SW",9.1,4.55,,,N,N,N,missing NSL DN | prior status=NOT_IN_PRICEBOOK,"Fill DN/List for the missing brand, or confirm ML-only / NSL-only / remove"
2_PRICING_GAPS,RGL-6-TR-SN,"Satin Nickel Trim Ring for Regressed Down Light (CCT), 6""",RGL-4B-9W-SW.jpg,10,"RGL-4-TR-BK,RGL-4-TR-BZ,RGL-4-TR-SN,RGL-4B-9W-BT,RGL-4B-9W-SW,RGL-6-TR-BK,RGL-6-TR-BZ,RGL-6B-12W-BT,RGL-6B-12W-SW",11.3,5.65,,,N,N,N,missing NSL DN | prior status=NOT_IN_PRICEBOOK,"Fill DN/List for the missing brand, or confirm ML-only / NSL-only / remove"
2_PRICING_GAPS,RGL-6B-12W-BT,"Regressed Down Light (CCT), 6"", Bluetooth Adjustable, 2700-5000K",RGL-4B-9W-SW.jpg,10,"RGL-4-TR-BK,RGL-4-TR-BZ,RGL-4-TR-SN,RGL-4B-9W-BT,RGL-4B-9W-SW,RGL-6-TR-BK,RGL-6-TR-BZ,RGL-6-TR-SN,RGL-6B-12W-SW",66.3,33.15,,,Y,N,N,missing NSL DN | prior status=NOT_IN_PRICEBOOK,"Fill DN/List for the missing brand, or confirm ML-only / NSL-only / remove"
2_PRICING_GAPS,RGL-6B-12W-SW,"Regressed Down Light (CCT), 6"", Switch Adjustable, 2700/3000/4000K",RGL-4B-9W-SW.jpg,10,"RGL-4-TR-BK,RGL-4-TR-BZ,RGL-4-TR-SN,RGL-4B-9W-BT,RGL-4B-9W-SW,RGL-6-TR-BK,RGL-6-TR-BZ,RGL-6-TR-SN,RGL-6B-12W-BT",49.5,24.75,,,Y,N,N,missing NSL DN | prior status=NOT_IN_PRICEBOOK,"Fill DN/List for the missing brand, or confirm ML-only / NSL-only / remove"
2_PRICING_GAPS,SL66-4FT-40W-40,"Tri-Proof Light, 4ft, 40W, 4000K, IP66/IK10, Water/Dust/Impact Proof",SL66-4FT-40W-40.jpg,3,"SL66-AD-MC,SL66-Sus-Kit",214,107,,,N,N,N,missing NSL DN | prior status=NOT_IN_PRICEBOOK,"Fill DN/List for the missing brand, or confirm ML-only / NSL-only / remove"
2_PRICING_GAPS,SL66-AD-MC,Swivel Mount Kit for Tri-Proof Light,SL66-4FT-40W-40.jpg,3,"SL66-4FT-40W-40,SL66-Sus-Kit",17.3,8.65,,,N,N,N,missing NSL DN | prior status=NOT_IN_PRICEBOOK,"Fill DN/List for the missing brand, or confirm ML-only / NSL-only / remove"
2_PRICING_GAPS,SL66-Sus-Kit,Suspension Kit for Tri-Proof Light,SL66-4FT-40W-40.jpg,3,"SL66-4FT-40W-40,SL66-AD-MC",17.3,8.65,,,Y,N,N,missing NSL DN | prior status=DISCONTINUE,"Fill DN/List for the missing brand, or confirm ML-only / NSL-only / remove"
2_PRICING_GAPS,SWL-60W-50,"LED String Work Light, 50ft, 5x12W Fixtures, 7500LM, 5000K, Wet Rated",SWL-60W-50.jpg,1,,194.5,97.25,,,N,Y,N,missing NSL DN | prior status=NEEDS_NSL_PAIRING,"Fill DN/List for the missing brand, or confirm ML-only / NSL-only / remove"
2_PRICING_GAPS,SX-12V-DD-60W,"Switchex - In-Wall LED Dimmer Switch and Power Supply, 12V DC, 60W",SX-12V-DD-60W.jpg,3,"SX-TP-BR,SX-TP-LA",369.5,184.75,,,N,N,N,missing NSL DN | prior status=NOT_IN_PRICEBOOK,"Fill DN/List for the missing brand, or confirm ML-only / NSL-only / remove"
2_PRICING_GAPS,SX-24V-DD-100W,Switchex - In-Wall LED Dimmer Switch and Power Supply (100W),SX-24V-DD-100W.jpg,1,,522.4,261.2,,,N,N,N,missing NSL DN | prior status=NOT_IN_PRICEBOOK,"Fill DN/List for the missing brand, or confirm ML-only / NSL-only / remove"
2_PRICING_GAPS,SX-TP-BR,"Switchex Trim Plate, Glossy Brown",SX-12V-DD-60W.jpg,3,"SX-12V-DD-60W,SX-TP-LA",6.9,3.45,,,N,N,N,missing NSL DN | prior status=NOT_IN_PRICEBOOK,"Fill DN/List for the missing brand, or confirm ML-only / NSL-only / remove"
2_PRICING_GAPS,SX-TP-LA,"Switchex Trim Plate, Glossy Light Almond",SX-12V-DD-60W.jpg,3,"SX-12V-DD-60W,SX-TP-BR",6.9,3.45,,,N,N,N,missing NSL DN | prior status=NOT_IN_PRICEBOOK,"Fill DN/List for the missing brand, or confirm ML-only / NSL-only / remove"
2_PRICING_GAPS,TLWMV153WMBK,"LED Outdoor Wall Sconce - 3000K, Black Finish, 120-277V AC",TLWMV153WMBK.jpg,17,"LBR-II-KIT,SL-CC,TLWMV153WMBR,TLWMV153WMSV,TLWMV154WMBK,TLWMV154WMBR,TLWMV154WMSV,TLWMV15XWMBK-01,TLWMV15XWMBK-02,TLWMV15XWMBK-04,TLWMV15XWMBR-01,TLWMV15XWMBR-02,TLWMV15XWMBR-04,TLWMV15XWMSV-01,TLWMV15XWMSV-02",112.7,56.35,,,N,N,N,missing NSL DN | prior status=NOT_IN_PRICEBOOK,"Fill DN/List for the missing brand, or confirm ML-only / NSL-only / remove"
2_PRICING_GAPS,TLWMV153WMBR,"LED Outdoor Wall Sconce - 3000K, Bronze Finish, 120-277V AC",TLWMV153WMBK.jpg,17,"LBR-II-KIT,SL-CC,TLWMV153WMBK,TLWMV153WMSV,TLWMV154WMBK,TLWMV154WMBR,TLWMV154WMSV,TLWMV15XWMBK-01,TLWMV15XWMBK-02,TLWMV15XWMBK-04,TLWMV15XWMBR-01,TLWMV15XWMBR-02,TLWMV15XWMBR-04,TLWMV15XWMSV-01,TLWMV15XWMSV-02",112.7,56.35,,,Y,N,N,missing NSL DN | prior status=NOT_IN_PRICEBOOK,"Fill DN/List for the missing brand, or confirm ML-only / NSL-only / remove"
2_PRICING_GAPS,TLWMV153WMSV,"LED Outdoor Wall Sconce - 3000K, Silver Finish, 120-277V AC",TLWMV153WMBK.jpg,17,"LBR-II-KIT,SL-CC,TLWMV153WMBK,TLWMV153WMBR,TLWMV154WMBK,TLWMV154WMBR,TLWMV154WMSV,TLWMV15XWMBK-01,TLWMV15XWMBK-02,TLWMV15XWMBK-04,TLWMV15XWMBR-01,TLWMV15XWMBR-02,TLWMV15XWMBR-04,TLWMV15XWMSV-01,TLWMV15XWMSV-02",112.7,56.35,,,Y,N,N,missing NSL DN | prior status=NOT_IN_PRICEBOOK,"Fill DN/List for the missing brand, or confirm ML-only / NSL-only / remove"
2_PRICING_GAPS,TLWMV154WMBK,"LED Outdoor Wall Sconce - 4000K, Black Finish, 120-277V AC",TLWMV153WMBK.jpg,17,"LBR-II-KIT,SL-CC,TLWMV153WMBK,TLWMV153WMBR,TLWMV153WMSV,TLWMV154WMBR,TLWMV154WMSV,TLWMV15XWMBK-01,TLWMV15XWMBK-02,TLWMV15XWMBK-04,TLWMV15XWMBR-01,TLWMV15XWMBR-02,TLWMV15XWMBR-04,TLWMV15XWMSV-01,TLWMV15XWMSV-02",112.7,56.35,,,Y,N,N,missing NSL DN | prior status=NOT_IN_PRICEBOOK,"Fill DN/List for the missing brand, or confirm ML-only / NSL-only / remove"
2_PRICING_GAPS,TLWMV154WMBR,"LED Outdoor Wall Sconce - 4000K, Bronze Finish, 120-277V AC",TLWMV153WMBK.jpg,17,"LBR-II-KIT,SL-CC,TLWMV153WMBK,TLWMV153WMBR,TLWMV153WMSV,TLWMV154WMBK,TLWMV154WMSV,TLWMV15XWMBK-01,TLWMV15XWMBK-02,TLWMV15XWMBK-04,TLWMV15XWMBR-01,TLWMV15XWMBR-02,TLWMV15XWMBR-04,TLWMV15XWMSV-01,TLWMV15XWMSV-02",112.7,56.35,,,Y,N,N,missing NSL DN | prior status=NOT_IN_PRICEBOOK,"Fill DN/List for the missing brand, or confirm ML-only / NSL-only / remove"
2_PRICING_GAPS,TLWMV154WMSV,"LED Outdoor Wall Sconce - 4000K, Silver Finish, 120-277V AC",TLWMV153WMBK.jpg,17,"LBR-II-KIT,SL-CC,TLWMV153WMBK,TLWMV153WMBR,TLWMV153WMSV,TLWMV154WMBK,TLWMV154WMBR,TLWMV15XWMBK-01,TLWMV15XWMBK-02,TLWMV15XWMBK-04,TLWMV15XWMBR-01,TLWMV15XWMBR-02,TLWMV15XWMBR-04,TLWMV15XWMSV-01,TLWMV15XWMSV-02",112.7,56.35,,,Y,N,N,missing NSL DN | prior status=NOT_IN_PRICEBOOK,"Fill DN/List for the missing brand, or confirm ML-only / NSL-only / remove"
2_PRICING_GAPS,TLWMV15XWMBK-01,Interchangeable Cover Style 01 - Black Finish for Outdoor Wall Sconce,TLWMV153WMBK.jpg,17,"LBR-II-KIT,SL-CC,TLWMV153WMBK,TLWMV153WMBR,TLWMV153WMSV,TLWMV154WMBK,TLWMV154WMBR,TLWMV154WMSV,TLWMV15XWMBK-02,TLWMV15XWMBK-04,TLWMV15XWMBR-01,TLWMV15XWMBR-02,TLWMV15XWMBR-04,TLWMV15XWMSV-01,TLWMV15XWMSV-02",53,26.5,,,N,N,N,missing NSL DN | prior status=NOT_IN_PRICEBOOK,"Fill DN/List for the missing brand, or confirm ML-only / NSL-only / remove"
2_PRICING_GAPS,TLWMV15XWMBK-02,Interchangeable Cover Style 02 - Black Finish for Outdoor Wall Sconce,TLWMV153WMBK.jpg,17,"LBR-II-KIT,SL-CC,TLWMV153WMBK,TLWMV153WMBR,TLWMV153WMSV,TLWMV154WMBK,TLWMV154WMBR,TLWMV154WMSV,TLWMV15XWMBK-01,TLWMV15XWMBK-04,TLWMV15XWMBR-01,TLWMV15XWMBR-02,TLWMV15XWMBR-04,TLWMV15XWMSV-01,TLWMV15XWMSV-02",101.4,50.7,,,N,N,N,missing NSL DN | prior status=NOT_IN_PRICEBOOK,"Fill DN/List for the missing brand, or confirm ML-only / NSL-only / remove"
2_PRICING_GAPS,TLWMV15XWMBK-04,Interchangeable Cover Style 04 - Black Finish for Outdoor Wall Sconce,TLWMV153WMBK.jpg,17,"LBR-II-KIT,SL-CC,TLWMV153WMBK,TLWMV153WMBR,TLWMV153WMSV,TLWMV154WMBK,TLWMV154WMBR,TLWMV154WMSV,TLWMV15XWMBK-01,TLWMV15XWMBK-02,TLWMV15XWMBR-01,TLWMV15XWMBR-02,TLWMV15XWMBR-04,TLWMV15XWMSV-01,TLWMV15XWMSV-02",53,26.5,,,N,N,N,missing NSL DN | prior status=NOT_IN_PRICEBOOK,"Fill DN/List for the missing brand, or confirm ML-only / NSL-only / remove"
2_PRICING_GAPS,TLWMV15XWMBR-01,Interchangeable Cover Style 01 - Bronze Finish for Outdoor Wall Sconce,TLWMV153WMBK.jpg,17,"LBR-II-KIT,SL-CC,TLWMV153WMBK,TLWMV153WMBR,TLWMV153WMSV,TLWMV154WMBK,TLWMV154WMBR,TLWMV154WMSV,TLWMV15XWMBK-01,TLWMV15XWMBK-02,TLWMV15XWMBK-04,TLWMV15XWMBR-02,TLWMV15XWMBR-04,TLWMV15XWMSV-01,TLWMV15XWMSV-02",50.2,25.1,,,N,N,N,missing NSL DN | prior status=NOT_IN_PRICEBOOK,"Fill DN/List for the missing brand, or confirm ML-only / NSL-only / remove"
2_PRICING_GAPS,TLWMV15XWMBR-02,Interchangeable Cover Style 02 - Bronze Finish for Outdoor Wall Sconce,TLWMV153WMBK.jpg,17,"LBR-II-KIT,SL-CC,TLWMV153WMBK,TLWMV153WMBR,TLWMV153WMSV,TLWMV154WMBK,TLWMV154WMBR,TLWMV154WMSV,TLWMV15XWMBK-01,TLWMV15XWMBK-02,TLWMV15XWMBK-04,TLWMV15XWMBR-01,TLWMV15XWMBR-04,TLWMV15XWMSV-01,TLWMV15XWMSV-02",95.9,47.95,,,N,N,N,missing NSL DN | prior status=NOT_IN_PRICEBOOK,"Fill DN/List for the missing brand, or confirm ML-only / NSL-only / remove"
2_PRICING_GAPS,TLWMV15XWMBR-04,Interchangeable Cover Style 04 - Bronze Finish for Outdoor Wall Sconce,TLWMV153WMBK.jpg,17,"LBR-II-KIT,SL-CC,TLWMV153WMBK,TLWMV153WMBR,TLWMV153WMSV,TLWMV154WMBK,TLWMV154WMBR,TLWMV154WMSV,TLWMV15XWMBK-01,TLWMV15XWMBK-02,TLWMV15XWMBK-04,TLWMV15XWMBR-01,TLWMV15XWMBR-02,TLWMV15XWMSV-01,TLWMV15XWMSV-02",50.2,25.1,,,N,N,N,missing NSL DN | prior status=NOT_IN_PRICEBOOK,"Fill DN/List for the missing brand, or confirm ML-only / NSL-only / remove"
2_PRICING_GAPS,TLWMV15XWMSV-01,Interchangeable Cover Style 01 - Silver Finish for Outdoor Wall Sconce,TLWMV153WMBK.jpg,17,"LBR-II-KIT,SL-CC,TLWMV153WMBK,TLWMV153WMBR,TLWMV153WMSV,TLWMV154WMBK,TLWMV154WMBR,TLWMV154WMSV,TLWMV15XWMBK-01,TLWMV15XWMBK-02,TLWMV15XWMBK-04,TLWMV15XWMBR-01,TLWMV15XWMBR-02,TLWMV15XWMBR-04,TLWMV15XWMSV-02",53,26.5,,,N,N,N,missing NSL DN | prior status=NOT_IN_PRICEBOOK,"Fill DN/List for the missing brand, or confirm ML-only / NSL-only / remove"
2_PRICING_GAPS,TLWMV15XWMSV-02,Interchangeable Cover Style 02 - Silver Finish for Outdoor Wall Sconce,TLWMV153WMBK.jpg,17,"LBR-II-KIT,SL-CC,TLWMV153WMBK,TLWMV153WMBR,TLWMV153WMSV,TLWMV154WMBK,TLWMV154WMBR,TLWMV154WMSV,TLWMV15XWMBK-01,TLWMV15XWMBK-02,TLWMV15XWMBK-04,TLWMV15XWMBR-01,TLWMV15XWMBR-02,TLWMV15XWMBR-04,TLWMV15XWMSV-01",101.4,50.7,,,N,N,N,missing NSL DN | prior status=NOT_IN_PRICEBOOK,"Fill DN/List for the missing brand, or confirm ML-only / NSL-only / remove"
2_PRICING_GAPS,TLWMV15XWMSV-04,Interchangeable Cover Style 04 - Silver Finish for Outdoor Wall Sconce,TLWMV153WMBK.jpg,17,"LBR-II-KIT,SL-CC,TLWMV153WMBK,TLWMV153WMBR,TLWMV153WMSV,TLWMV154WMBK,TLWMV154WMBR,TLWMV154WMSV,TLWMV15XWMBK-01,TLWMV15XWMBK-02,TLWMV15XWMBK-04,TLWMV15XWMBR-01,TLWMV15XWMBR-02,TLWMV15XWMBR-04,TLWMV15XWMSV-01",53,26.5,,,N,N,N,missing NSL DN | prior status=NOT_IN_PRICEBOOK,"Fill DN/List for the missing brand, or confirm ML-only / NSL-only / remove"
2_PRICING_GAPS,WSL-15-30K-BN,"LED Wall Sconce, 15W, 3000K, Brushed Nickel",WSL-15-30K-BN.jpg,1,,83.2,41.6,,,N,N,N,missing NSL DN | prior status=NOT_IN_PRICEBOOK,"Fill DN/List for the missing brand, or confirm ML-only / NSL-only / remove"
2_PRICING_GAPS,YH-HRF50CA120S505060,120V AC RGB eStrip,YH-HRF50CA120S505060.jpg,1,,,,,,N,N,N,missing ML DN + missing NSL DN | prior status=NOT_IN_PRICEBOOK,"Fill DN/List for the missing brand, or confirm ML-only / NSL-only / remove"
3_DISCONTINUED_CLEARANCE_REVIEW,LT-WIFI-RM,Remote for LT-WIFI-CTRL WiFi Controller,LT-WIFI-RM.jpg,1,,,,,,Y,N,N,DISCONTINUE,"Confirm keep as clearance, hide, or remove"
3_DISCONTINUED_CLEARANCE_REVIEW,SL66-Sus-Kit,Suspension Kit for Tri-Proof Light,SL66-4FT-40W-40.jpg,3,"SL66-4FT-40W-40,SL66-AD-MC",17.3,8.65,,,Y,N,N,DISCONTINUE,"Confirm keep as clearance, hide, or remove"
3_DISCONTINUED_CLEARANCE_REVIEW,SX-12V-DD-60W,"Switchex - In-Wall LED Dimmer Switch and Power Supply, 12V DC, 60W",SX-12V-DD-60W.jpg,3,"SX-TP-BR,SX-TP-LA",369.5,184.75,,,N,N,N,NOT_IN_PRICEBOOK,"Confirm keep as clearance, hide, or remove"
3_DISCONTINUED_CLEARANCE_REVIEW,SX-24V-DD-100W,Switchex - In-Wall LED Dimmer Switch and Power Supply (100W),SX-24V-DD-100W.jpg,1,,522.4,261.2,,,N,N,N,NOT_IN_PRICEBOOK,"Confirm keep as clearance, hide, or remove"
3_DISCONTINUED_CLEARANCE_REVIEW,SX-TP-BR,"Switchex Trim Plate, Glossy Brown",SX-12V-DD-60W.jpg,3,"SX-12V-DD-60W,SX-TP-LA",6.9,3.45,,,N,N,N,NOT_IN_PRICEBOOK,"Confirm keep as clearance, hide, or remove"
3_DISCONTINUED_CLEARANCE_REVIEW,SX-TP-LA,"Switchex Trim Plate, Glossy Light Almond",SX-12V-DD-60W.jpg,3,"SX-12V-DD-60W,SX-TP-BR",6.9,3.45,,,N,N,N,NOT_IN_PRICEBOOK,"Confirm keep as clearance, hide, or remove"
4_NOT_IN_AUG2025_ACTIVE_PRICELISTS,ACC-TM-BLK,Landscape Tree Mount - Black,FL-01-12V-BLK.jpg,5,"FL-01-12V-BLK,FL-ADM-15,FL-SH-15,FL-WG-15",33.3,16.65,33,16.5,N,N,N,nsl_gapfill,Confirm keep / hide / remove
4_NOT_IN_AUG2025_ACTIVE_PRICELISTS,CLD-1625-30K-BN,"LED Ceiling Light, 16"", 25W, 3000K, Brushed Nickel",CLD-1625-30K-BN.jpg,1,,96.3,48.15,,,N,N,N,NOT_IN_PRICEBOOK,Confirm keep / hide / remove
4_NOT_IN_AUG2025_ACTIVE_PRICELISTS,DL-5CCT-4-WH,"5CCT LED Thin Line Down Light (Round), 4"", 2700-5000K",DL-5CCT-4-WH.jpg,5,"DL-5CCT-10-WH,DL-5CCT-3-WH,DL-5CCT-6-WH,DL-5CCT-8-WH",20,10,,,N,N,N,NOT_IN_PRICEBOOK,Confirm keep / hide / remove
4_NOT_IN_AUG2025_ACTIVE_PRICELISTS,DL-5CCT-6-WH,"5CCT LED Thin Line Down Light (Round), 6"", 2700-5000K",DL-5CCT-4-WH.jpg,5,"DL-5CCT-10-WH,DL-5CCT-3-WH,DL-5CCT-4-WH,DL-5CCT-8-WH",23.4,11.7,,,Y,N,N,NOT_IN_PRICEBOOK,Confirm keep / hide / remove
4_NOT_IN_AUG2025_ACTIVE_PRICELISTS,EPL-SR-WW-BK,LED Edgelit Puck Light Round - 3000K,EPL-SR-WW-WH.jpg,7,"EPL-SR-WW-BZ,EPL-SR-WW-WH,EPL-SS-WW-BK,EPL-SS-WW-BZ,EPL-SS-WW-WH,LMSH-001",18,9,,,Y,N,N,NOT_IN_PRICEBOOK,Confirm keep / hide / remove
4_NOT_IN_AUG2025_ACTIVE_PRICELISTS,EPL-SR-WW-BZ,LED Edgelit Puck Light Round - 3000K,EPL-SR-WW-WH.jpg,7,"EPL-SR-WW-BK,EPL-SR-WW-WH,EPL-SS-WW-BK,EPL-SS-WW-BZ,EPL-SS-WW-WH,LMSH-001",18,9,,,Y,N,N,NOT_IN_PRICEBOOK,Confirm keep / hide / remove
4_NOT_IN_AUG2025_ACTIVE_PRICELISTS,EPL-SR-WW-WH,LED Edgelit Puck Light Round - 3000K,EPL-SR-WW-WH.jpg,7,"EPL-SR-WW-BK,EPL-SR-WW-BZ,EPL-SS-WW-BK,EPL-SS-WW-BZ,EPL-SS-WW-WH,LMSH-001",18,9,,,N,N,N,NOT_IN_PRICEBOOK,Confirm keep / hide / remove
4_NOT_IN_AUG2025_ACTIVE_PRICELISTS,EPL-SS-WW-BK,LED Edgelit Puck Light Square - 3000K,EPL-SR-WW-WH.jpg,7,"EPL-SR-WW-BK,EPL-SR-WW-BZ,EPL-SR-WW-WH,EPL-SS-WW-BZ,EPL-SS-WW-WH,LMSH-001",23.5,11.75,,,Y,N,N,NOT_IN_PRICEBOOK,Confirm keep / hide / remove
4_NOT_IN_AUG2025_ACTIVE_PRICELISTS,EPL-SS-WW-BZ,LED Edgelit Puck Light Square - 3000K,EPL-SR-WW-WH.jpg,7,"EPL-SR-WW-BK,EPL-SR-WW-BZ,EPL-SR-WW-WH,EPL-SS-WW-BK,EPL-SS-WW-WH,LMSH-001",23.5,11.75,,,Y,N,N,NOT_IN_PRICEBOOK,Confirm keep / hide / remove
4_NOT_IN_AUG2025_ACTIVE_PRICELISTS,EPL-SS-WW-WH,LED Edgelit Puck Light Square - 3000K,EPL-SR-WW-WH.jpg,7,"EPL-SR-WW-BK,EPL-SR-WW-BZ,EPL-SR-WW-WH,EPL-SS-WW-BK,EPL-SS-WW-BZ,LMSH-001",19.2,9.6,,,N,N,N,NOT_IN_PRICEBOOK,Confirm keep / hide / remove
4_NOT_IN_AUG2025_ACTIVE_PRICELISTS,ES-LS283527K422430,24V Wall Washer (2700K),ES-LS283527K422430.jpg,1,,779.1,389.55,772,386,N,N,N,NOT_IN_PRICEBOOK,Confirm keep / hide / remove
4_NOT_IN_AUG2025_ACTIVE_PRICELISTS,ES-LS283530-WH244FT,Wall Washer 4' Enclosed (3000K),ES-LS283530-WH244FT.jpg,1,,171.4,85.7,152.6,76.3,N,N,N,NOT_IN_PRICEBOOK,Confirm keep / hide / remove
4_NOT_IN_AUG2025_ACTIVE_PRICELISTS,ES-LS283530K422430,24V Wall Washer (3000K),ES-LS283530K422430.jpg,1,,779.1,389.55,772,386,Y,N,N,NOT_IN_PRICEBOOK,Confirm keep / hide / remove
4_NOT_IN_AUG2025_ACTIVE_PRICELISTS,ES-LS283540K422430,24V Wall Washer (4000K),ES-LS283540K422430.jpg,1,,779.1,389.55,772,386,Y,N,N,NOT_IN_PRICEBOOK,Confirm keep / hide / remove
4_NOT_IN_AUG2025_ACTIVE_PRICELISTS,FL-ADM-15,Universal Mount Bracket for Poles - 15W,FL-01-12V-BLK.jpg,5,"ACC-TM-BLK,FL-01-12V-BLK,FL-SH-15,FL-WG-15",,,,,N,N,N,NOT_IN_PRICEBOOK,Confirm keep / hide / remove
4_NOT_IN_AUG2025_ACTIVE_PRICELISTS,FL-SH-15,Glare Shield for 120V Mini Flood Light 15W,FL-01-12V-BLK.jpg,5,"ACC-TM-BLK,FL-01-12V-BLK,FL-ADM-15,FL-WG-15",,,,,N,N,N,NOT_IN_PRICEBOOK,Confirm keep / hide / remove
4_NOT_IN_AUG2025_ACTIVE_PRICELISTS,FL-WG-15,Wire Guard for 120V Mini Flood Light 15W,FL-01-12V-BLK.jpg,5,"ACC-TM-BLK,FL-01-12V-BLK,FL-ADM-15,FL-SH-15",,,,,N,N,N,NOT_IN_PRICEBOOK,Confirm keep / hide / remove
4_NOT_IN_AUG2025_ACTIVE_PRICELISTS,IG-01-12V-36D-BLK,"LED Well Light - 36° Beam Angle, 3000K, Black, Die-cast Aluminium",IG-01-12V-36D-BLK.jpg,2,IG-01-12V-60D-BLK,,,,,N,N,N,NOT_IN_PRICEBOOK,Confirm keep / hide / remove
4_NOT_IN_AUG2025_ACTIVE_PRICELISTS,IG-01-12V-60D-BLK,"LED Well Light - 60° Beam Angle, 3000K, Black, Die-cast Aluminium",IG-01-12V-36D-BLK.jpg,2,IG-01-12V-36D-BLK,,,,,Y,N,N,NOT_IN_PRICEBOOK,Confirm keep / hide / remove
4_NOT_IN_AUG2025_ACTIVE_PRICELISTS,LED-SW-L-BWG,"LED Switch Star - Louvre Cover, Brown Wood Grain, 2700K (Discontinued)",LED-SW-P-WH.jpg,28,"LED-SW-L-BWG-AM,LED-SW-L-BWG-COV,LED-SW-L-LA,LED-SW-L-LA-AM,LED-SW-L-LA-COV,LED-SW-L-WH,LED-SW-L-WH-AM,LED-SW-L-WH-COV,LED-SW-MOD,LED-SW-P-BWG,LED-SW-P-BWG-AM,LED-SW-P-BWG-COV,LED-SW-P-LA,LED-SW-P-LA-AM,LED-SW-P-LA-COV",67.1,33.55,,,Y,N,N,NOT_IN_PRICEBOOK,Confirm keep / hide / remove
4_NOT_IN_AUG2025_ACTIVE_PRICELISTS,LED-SW-L-BWG-AM,"LED Switch Star - Louvre Cover, Brown Wood Grain, Amber (Discontinued)",LED-SW-P-WH.jpg,28,"LED-SW-L-BWG,LED-SW-L-BWG-COV,LED-SW-L-LA,LED-SW-L-LA-AM,LED-SW-L-LA-COV,LED-SW-L-WH,LED-SW-L-WH-AM,LED-SW-L-WH-COV,LED-SW-MOD,LED-SW-P-BWG,LED-SW-P-BWG-AM,LED-SW-P-BWG-COV,LED-SW-P-LA,LED-SW-P-LA-AM,LED-SW-P-LA-COV",79.6,39.8,,,Y,N,N,NOT_IN_PRICEBOOK,Confirm keep / hide / remove
4_NOT_IN_AUG2025_ACTIVE_PRICELISTS,LED-SW-L-BWG-COV,"Replacement Cover - Louvre, Brown Wood Grain for Switch Star (Discontinued)",LED-SW-P-WH.jpg,28,"LED-SW-L-BWG,LED-SW-L-BWG-AM,LED-SW-L-LA,LED-SW-L-LA-AM,LED-SW-L-LA-COV,LED-SW-L-WH,LED-SW-L-WH-AM,LED-SW-L-WH-COV,LED-SW-MOD,LED-SW-P-BWG,LED-SW-P-BWG-AM,LED-SW-P-BWG-COV,LED-SW-P-LA,LED-SW-P-LA-AM,LED-SW-P-LA-COV",5.1,2.55,,,N,N,N,NOT_IN_PRICEBOOK,Confirm keep / hide / remove
4_NOT_IN_AUG2025_ACTIVE_PRICELISTS,LED-SW-L-LA,"LED Switch Star - Louvre Cover, Light Almond, 2700K (Discontinued)",LED-SW-P-WH.jpg,28,"LED-SW-L-BWG,LED-SW-L-BWG-AM,LED-SW-L-BWG-COV,LED-SW-L-LA-AM,LED-SW-L-LA-COV,LED-SW-L-WH,LED-SW-L-WH-AM,LED-SW-L-WH-COV,LED-SW-MOD,LED-SW-P-BWG,LED-SW-P-BWG-AM,LED-SW-P-BWG-COV,LED-SW-P-LA,LED-SW-P-LA-AM,LED-SW-P-LA-COV",67.1,33.55,,,Y,N,N,NOT_IN_PRICEBOOK,Confirm keep / hide / remove
4_NOT_IN_AUG2025_ACTIVE_PRICELISTS,LED-SW-L-LA-AM,"LED Switch Star - Louvre Cover, Light Almond, Amber (Discontinued)",LED-SW-P-WH.jpg,28,"LED-SW-L-BWG,LED-SW-L-BWG-AM,LED-SW-L-BWG-COV,LED-SW-L-LA,LED-SW-L-LA-COV,LED-SW-L-WH,LED-SW-L-WH-AM,LED-SW-L-WH-COV,LED-SW-MOD,LED-SW-P-BWG,LED-SW-P-BWG-AM,LED-SW-P-BWG-COV,LED-SW-P-LA,LED-SW-P-LA-AM,LED-SW-P-LA-COV",79.6,39.8,,,Y,N,N,NOT_IN_PRICEBOOK,Confirm keep / hide / remove
4_NOT_IN_AUG2025_ACTIVE_PRICELISTS,LED-SW-L-LA-COV,"Replacement Cover - Louvre, Light Almond for Switch Star (Discontinued)",LED-SW-P-WH.jpg,28,"LED-SW-L-BWG,LED-SW-L-BWG-AM,LED-SW-L-BWG-COV,LED-SW-L-LA,LED-SW-L-LA-AM,LED-SW-L-WH,LED-SW-L-WH-AM,LED-SW-L-WH-COV,LED-SW-MOD,LED-SW-P-BWG,LED-SW-P-BWG-AM,LED-SW-P-BWG-COV,LED-SW-P-LA,LED-SW-P-LA-AM,LED-SW-P-LA-COV",5.1,2.55,,,N,N,N,NOT_IN_PRICEBOOK,Confirm keep / hide / remove
4_NOT_IN_AUG2025_ACTIVE_PRICELISTS,LED-SW-L-WH,"LED Switch Star - Louvre Cover, White, 2700K (Discontinued)",LED-SW-P-WH.jpg,28,"LED-SW-L-BWG,LED-SW-L-BWG-AM,LED-SW-L-BWG-COV,LED-SW-L-LA,LED-SW-L-LA-AM,LED-SW-L-LA-COV,LED-SW-L-WH-AM,LED-SW-L-WH-COV,LED-SW-MOD,LED-SW-P-BWG,LED-SW-P-BWG-AM,LED-SW-P-BWG-COV,LED-SW-P-LA,LED-SW-P-LA-AM,LED-SW-P-LA-COV",67.1,33.55,,,Y,N,N,NOT_IN_PRICEBOOK,Confirm keep / hide / remove
4_NOT_IN_AUG2025_ACTIVE_PRICELISTS,LED-SW-L-WH-AM,"LED Switch Star - Louvre Cover, White, Amber (Discontinued)",LED-SW-P-WH.jpg,28,"LED-SW-L-BWG,LED-SW-L-BWG-AM,LED-SW-L-BWG-COV,LED-SW-L-LA,LED-SW-L-LA-AM,LED-SW-L-LA-COV,LED-SW-L-WH,LED-SW-L-WH-COV,LED-SW-MOD,LED-SW-P-BWG,LED-SW-P-BWG-AM,LED-SW-P-BWG-COV,LED-SW-P-LA,LED-SW-P-LA-AM,LED-SW-P-LA-COV",79.6,39.8,,,Y,N,N,NOT_IN_PRICEBOOK,Confirm keep / hide / remove
4_NOT_IN_AUG2025_ACTIVE_PRICELISTS,LED-SW-L-WH-COV,"Replacement Cover - Louvre, White for Switch Star (Discontinued)",LED-SW-P-WH.jpg,28,"LED-SW-L-BWG,LED-SW-L-BWG-AM,LED-SW-L-BWG-COV,LED-SW-L-LA,LED-SW-L-LA-AM,LED-SW-L-LA-COV,LED-SW-L-WH,LED-SW-L-WH-AM,LED-SW-MOD,LED-SW-P-BWG,LED-SW-P-BWG-AM,LED-SW-P-BWG-COV,LED-SW-P-LA,LED-SW-P-LA-AM,LED-SW-P-LA-COV",5.1,2.55,,,N,N,N,NOT_IN_PRICEBOOK,Confirm keep / hide / remove
4_NOT_IN_AUG2025_ACTIVE_PRICELISTS,LED-SW-MOD,Replacement LED Module for Switch Star (Discontinued),LED-SW-P-WH.jpg,28,"LED-SW-L-BWG,LED-SW-L-BWG-AM,LED-SW-L-BWG-COV,LED-SW-L-LA,LED-SW-L-LA-AM,LED-SW-L-LA-COV,LED-SW-L-WH,LED-SW-L-WH-AM,LED-SW-L-WH-COV,LED-SW-P-BWG,LED-SW-P-BWG-AM,LED-SW-P-BWG-COV,LED-SW-P-LA,LED-SW-P-LA-AM,LED-SW-P-LA-COV",86.5,43.25,,,N,N,N,NOT_IN_PRICEBOOK,Confirm keep / hide / remove
4_NOT_IN_AUG2025_ACTIVE_PRICELISTS,LED-SW-P-BWG,"LED Switch Star - Prism Cover, Brown Wood Grain, 2700K (Discontinued)",LED-SW-P-WH.jpg,28,"LED-SW-L-BWG,LED-SW-L-BWG-AM,LED-SW-L-BWG-COV,LED-SW-L-LA,LED-SW-L-LA-AM,LED-SW-L-LA-COV,LED-SW-L-WH,LED-SW-L-WH-AM,LED-SW-L-WH-COV,LED-SW-MOD,LED-SW-P-BWG-AM,LED-SW-P-BWG-COV,LED-SW-P-LA,LED-SW-P-LA-AM,LED-SW-P-LA-COV",67.1,33.55,,,Y,N,N,NOT_IN_PRICEBOOK,Confirm keep / hide / remove
4_NOT_IN_AUG2025_ACTIVE_PRICELISTS,LED-SW-P-BWG-AM,"LED Switch Star - Prism Cover, Brown Wood Grain, Amber (Discontinued)",LED-SW-P-WH.jpg,28,"LED-SW-L-BWG,LED-SW-L-BWG-AM,LED-SW-L-BWG-COV,LED-SW-L-LA,LED-SW-L-LA-AM,LED-SW-L-LA-COV,LED-SW-L-WH,LED-SW-L-WH-AM,LED-SW-L-WH-COV,LED-SW-MOD,LED-SW-P-BWG,LED-SW-P-BWG-COV,LED-SW-P-LA,LED-SW-P-LA-AM,LED-SW-P-LA-COV",79.6,39.8,,,Y,N,N,NOT_IN_PRICEBOOK,Confirm keep / hide / remove
4_NOT_IN_AUG2025_ACTIVE_PRICELISTS,LED-SW-P-BWG-COV,"Replacement Cover - Prism, Brown Wood Grain for Switch Star (Discontinued)",LED-SW-P-WH.jpg,28,"LED-SW-L-BWG,LED-SW-L-BWG-AM,LED-SW-L-BWG-COV,LED-SW-L-LA,LED-SW-L-LA-AM,LED-SW-L-LA-COV,LED-SW-L-WH,LED-SW-L-WH-AM,LED-SW-L-WH-COV,LED-SW-MOD,LED-SW-P-BWG,LED-SW-P-BWG-AM,LED-SW-P-LA,LED-SW-P-LA-AM,LED-SW-P-LA-COV",2.7,1.35,,,N,N,N,NOT_IN_PRICEBOOK,Confirm keep / hide / remove
4_NOT_IN_AUG2025_ACTIVE_PRICELISTS,LED-SW-P-LA,"LED Switch Star - Prism Cover, Light Almond, 2700K (Discontinued)",LED-SW-P-WH.jpg,28,"LED-SW-L-BWG,LED-SW-L-BWG-AM,LED-SW-L-BWG-COV,LED-SW-L-LA,LED-SW-L-LA-AM,LED-SW-L-LA-COV,LED-SW-L-WH,LED-SW-L-WH-AM,LED-SW-L-WH-COV,LED-SW-MOD,LED-SW-P-BWG,LED-SW-P-BWG-AM,LED-SW-P-BWG-COV,LED-SW-P-LA-AM,LED-SW-P-LA-COV",67.1,33.55,,,Y,N,N,NOT_IN_PRICEBOOK,Confirm keep / hide / remove
4_NOT_IN_AUG2025_ACTIVE_PRICELISTS,LED-SW-P-LA-AM,"LED Switch Star - Prism Cover, Light Almond, Amber (Discontinued)",LED-SW-P-WH.jpg,28,"LED-SW-L-BWG,LED-SW-L-BWG-AM,LED-SW-L-BWG-COV,LED-SW-L-LA,LED-SW-L-LA-AM,LED-SW-L-LA-COV,LED-SW-L-WH,LED-SW-L-WH-AM,LED-SW-L-WH-COV,LED-SW-MOD,LED-SW-P-BWG,LED-SW-P-BWG-AM,LED-SW-P-BWG-COV,LED-SW-P-LA,LED-SW-P-LA-COV",79.6,39.8,,,Y,N,N,NOT_IN_PRICEBOOK,Confirm keep / hide / remove
4_NOT_IN_AUG2025_ACTIVE_PRICELISTS,LED-SW-P-LA-COV,"Replacement Cover - Prism, Light Almond for Switch Star (Discontinued)",LED-SW-P-WH.jpg,28,"LED-SW-L-BWG,LED-SW-L-BWG-AM,LED-SW-L-BWG-COV,LED-SW-L-LA,LED-SW-L-LA-AM,LED-SW-L-LA-COV,LED-SW-L-WH,LED-SW-L-WH-AM,LED-SW-L-WH-COV,LED-SW-MOD,LED-SW-P-BWG,LED-SW-P-BWG-AM,LED-SW-P-BWG-COV,LED-SW-P-LA,LED-SW-P-LA-AM",2.7,1.35,,,N,N,N,NOT_IN_PRICEBOOK,Confirm keep / hide / remove
4_NOT_IN_AUG2025_ACTIVE_PRICELISTS,LED-SW-P-WH,"LED Switch Star - Prism Cover, White, 2700K (Discontinued)",LED-SW-P-WH.jpg,28,"LED-SW-L-BWG,LED-SW-L-BWG-AM,LED-SW-L-BWG-COV,LED-SW-L-LA,LED-SW-L-LA-AM,LED-SW-L-LA-COV,LED-SW-L-WH,LED-SW-L-WH-AM,LED-SW-L-WH-COV,LED-SW-MOD,LED-SW-P-BWG,LED-SW-P-BWG-AM,LED-SW-P-BWG-COV,LED-SW-P-LA,LED-SW-P-LA-AM",67.1,33.55,,,N,N,N,NOT_IN_PRICEBOOK,Confirm keep / hide / remove
4_NOT_IN_AUG2025_ACTIVE_PRICELISTS,LED-SW-P-WH-AM,"LED Switch Star - Prism Cover, White, Amber (Discontinued)",LED-SW-P-WH.jpg,28,"LED-SW-L-BWG,LED-SW-L-BWG-AM,LED-SW-L-BWG-COV,LED-SW-L-LA,LED-SW-L-LA-AM,LED-SW-L-LA-COV,LED-SW-L-WH,LED-SW-L-WH-AM,LED-SW-L-WH-COV,LED-SW-MOD,LED-SW-P-BWG,LED-SW-P-BWG-AM,LED-SW-P-BWG-COV,LED-SW-P-LA,LED-SW-P-LA-AM",79.6,39.8,,,Y,N,N,NOT_IN_PRICEBOOK,Confirm keep / hide / remove
4_NOT_IN_AUG2025_ACTIVE_PRICELISTS,LED-SW-P-WH-COV,"Replacement Cover - Prism, White for Switch Star (Discontinued)",LED-SW-P-WH.jpg,28,"LED-SW-L-BWG,LED-SW-L-BWG-AM,LED-SW-L-BWG-COV,LED-SW-L-LA,LED-SW-L-LA-AM,LED-SW-L-LA-COV,LED-SW-L-WH,LED-SW-L-WH-AM,LED-SW-L-WH-COV,LED-SW-MOD,LED-SW-P-BWG,LED-SW-P-BWG-AM,LED-SW-P-BWG-COV,LED-SW-P-LA,LED-SW-P-LA-AM",2.7,1.35,,,N,N,N,NOT_IN_PRICEBOOK,Confirm keep / hide / remove
4_NOT_IN_AUG2025_ACTIVE_PRICELISTS,LED-SW-S-BWG,"LED Switch Star - Scoop Cover, Brown Wood Grain, 2700K (Discontinued)",LED-SW-P-WH.jpg,28,"LED-SW-L-BWG,LED-SW-L-BWG-AM,LED-SW-L-BWG-COV,LED-SW-L-LA,LED-SW-L-LA-AM,LED-SW-L-LA-COV,LED-SW-L-WH,LED-SW-L-WH-AM,LED-SW-L-WH-COV,LED-SW-MOD,LED-SW-P-BWG,LED-SW-P-BWG-AM,LED-SW-P-BWG-COV,LED-SW-P-LA,LED-SW-P-LA-AM",67.1,33.55,,,Y,N,N,NOT_IN_PRICEBOOK,Confirm keep / hide / remove
4_NOT_IN_AUG2025_ACTIVE_PRICELISTS,LED-SW-S-BWG-AM,"LED Switch Star - Scoop Cover, Brown Wood Grain, Amber (Discontinued)",LED-SW-P-WH.jpg,28,"LED-SW-L-BWG,LED-SW-L-BWG-AM,LED-SW-L-BWG-COV,LED-SW-L-LA,LED-SW-L-LA-AM,LED-SW-L-LA-COV,LED-SW-L-WH,LED-SW-L-WH-AM,LED-SW-L-WH-COV,LED-SW-MOD,LED-SW-P-BWG,LED-SW-P-BWG-AM,LED-SW-P-BWG-COV,LED-SW-P-LA,LED-SW-P-LA-AM",79.6,39.8,,,Y,N,N,NOT_IN_PRICEBOOK,Confirm keep / hide / remove
4_NOT_IN_AUG2025_ACTIVE_PRICELISTS,LED-SW-S-BWG-COV,"Replacement Cover - Scoop, Brown Wood Grain for Switch Star (Discontinued)",LED-SW-P-WH.jpg,28,"LED-SW-L-BWG,LED-SW-L-BWG-AM,LED-SW-L-BWG-COV,LED-SW-L-LA,LED-SW-L-LA-AM,LED-SW-L-LA-COV,LED-SW-L-WH,LED-SW-L-WH-AM,LED-SW-L-WH-COV,LED-SW-MOD,LED-SW-P-BWG,LED-SW-P-BWG-AM,LED-SW-P-BWG-COV,LED-SW-P-LA,LED-SW-P-LA-AM",5.1,2.55,,,N,N,N,NOT_IN_PRICEBOOK,Confirm keep / hide / remove
4_NOT_IN_AUG2025_ACTIVE_PRICELISTS,LED-SW-S-LA,"LED Switch Star - Scoop Cover, Light Almond, 2700K (Discontinued)",LED-SW-P-WH.jpg,28,"LED-SW-L-BWG,LED-SW-L-BWG-AM,LED-SW-L-BWG-COV,LED-SW-L-LA,LED-SW-L-LA-AM,LED-SW-L-LA-COV,LED-SW-L-WH,LED-SW-L-WH-AM,LED-SW-L-WH-COV,LED-SW-MOD,LED-SW-P-BWG,LED-SW-P-BWG-AM,LED-SW-P-BWG-COV,LED-SW-P-LA,LED-SW-P-LA-AM",67.1,33.55,,,Y,N,N,NOT_IN_PRICEBOOK,Confirm keep / hide / remove
4_NOT_IN_AUG2025_ACTIVE_PRICELISTS,LED-SW-S-LA-AM,"LED Switch Star - Scoop Cover, Light Almond, Amber (Discontinued)",LED-SW-P-WH.jpg,28,"LED-SW-L-BWG,LED-SW-L-BWG-AM,LED-SW-L-BWG-COV,LED-SW-L-LA,LED-SW-L-LA-AM,LED-SW-L-LA-COV,LED-SW-L-WH,LED-SW-L-WH-AM,LED-SW-L-WH-COV,LED-SW-MOD,LED-SW-P-BWG,LED-SW-P-BWG-AM,LED-SW-P-BWG-COV,LED-SW-P-LA,LED-SW-P-LA-AM",79.6,39.8,,,Y,N,N,NOT_IN_PRICEBOOK,Confirm keep / hide / remove
4_NOT_IN_AUG2025_ACTIVE_PRICELISTS,LED-SW-S-LA-COV,"Replacement Cover - Scoop, Light Almond for Switch Star (Discontinued)",LED-SW-P-WH.jpg,28,"LED-SW-L-BWG,LED-SW-L-BWG-AM,LED-SW-L-BWG-COV,LED-SW-L-LA,LED-SW-L-LA-AM,LED-SW-L-LA-COV,LED-SW-L-WH,LED-SW-L-WH-AM,LED-SW-L-WH-COV,LED-SW-MOD,LED-SW-P-BWG,LED-SW-P-BWG-AM,LED-SW-P-BWG-COV,LED-SW-P-LA,LED-SW-P-LA-AM",5.1,2.55,,,N,N,N,NOT_IN_PRICEBOOK,Confirm keep / hide / remove
4_NOT_IN_AUG2025_ACTIVE_PRICELISTS,LED-SW-S-WH,"LED Switch Star - Scoop Cover, White, 2700K (Discontinued)",LED-SW-P-WH.jpg,28,"LED-SW-L-BWG,LED-SW-L-BWG-AM,LED-SW-L-BWG-COV,LED-SW-L-LA,LED-SW-L-LA-AM,LED-SW-L-LA-COV,LED-SW-L-WH,LED-SW-L-WH-AM,LED-SW-L-WH-COV,LED-SW-MOD,LED-SW-P-BWG,LED-SW-P-BWG-AM,LED-SW-P-BWG-COV,LED-SW-P-LA,LED-SW-P-LA-AM",67.1,33.55,,,Y,N,N,NOT_IN_PRICEBOOK,Confirm keep / hide / remove
4_NOT_IN_AUG2025_ACTIVE_PRICELISTS,LED-SW-S-WH-AM,"LED Switch Star - Scoop Cover, White, Amber (Discontinued)",LED-SW-P-WH.jpg,28,"LED-SW-L-BWG,LED-SW-L-BWG-AM,LED-SW-L-BWG-COV,LED-SW-L-LA,LED-SW-L-LA-AM,LED-SW-L-LA-COV,LED-SW-L-WH,LED-SW-L-WH-AM,LED-SW-L-WH-COV,LED-SW-MOD,LED-SW-P-BWG,LED-SW-P-BWG-AM,LED-SW-P-BWG-COV,LED-SW-P-LA,LED-SW-P-LA-AM",79.6,39.8,,,Y,N,N,NOT_IN_PRICEBOOK,Confirm keep / hide / remove
4_NOT_IN_AUG2025_ACTIVE_PRICELISTS,LED-SW-S-WH-COV,"Replacement Cover - Scoop, White for Switch Star (Discontinued)",LED-SW-P-WH.jpg,28,"LED-SW-L-BWG,LED-SW-L-BWG-AM,LED-SW-L-BWG-COV,LED-SW-L-LA,LED-SW-L-LA-AM,LED-SW-L-LA-COV,LED-SW-L-WH,LED-SW-L-WH-AM,LED-SW-L-WH-COV,LED-SW-MOD,LED-SW-P-BWG,LED-SW-P-BWG-AM,LED-SW-P-BWG-COV,LED-SW-P-LA,LED-SW-P-LA-AM",5.1,2.55,,,N,N,N,NOT_IN_PRICEBOOK,Confirm keep / hide / remove
4_NOT_IN_AUG2025_ACTIVE_PRICELISTS,LMSH-001,Terminal Block and Junction Box for additional power cable connection,EPL-SR-WW-WH.jpg,7,"EPL-SR-WW-BK,EPL-SR-WW-BZ,EPL-SR-WW-WH,EPL-SS-WW-BK,EPL-SS-WW-BZ,EPL-SS-WW-WH",5.7,2.85,6,3,N,N,N,nsl_gapfill,Confirm keep / hide / remove
4_NOT_IN_AUG2025_ACTIVE_PRICELISTS,LT-11S-RF,RF Touch Control Controller for RGBW,LT-11S-RF.jpg,1,,98.6,49.3,88.8,44.4,N,N,N,nsl_gapfill,Confirm keep / hide / remove
4_NOT_IN_AUG2025_ACTIVE_PRICELISTS,LT-490A,Signal Amplifier for RGB-W 12/24V DC,LT-490A.jpg,1,,60.5,30.25,54.4,27.2,N,N,N,nsl_gapfill,Confirm keep / hide / remove
4_NOT_IN_AUG2025_ACTIVE_PRICELISTS,LT-WIFI-RM,Remote for LT-WIFI-CTRL WiFi Controller,LT-WIFI-RM.jpg,1,,,,,,Y,N,N,DISCONTINUE,Confirm keep / hide / remove
4_NOT_IN_AUG2025_ACTIVE_PRICELISTS,LV-ALP-1605,"LV-ALP-1605 Aluminum Tape Light Extrusion, Frosted PC Lens, 1M",LV-ALP-1605.jpg,1,,13.2,6.6,13.2,6.6,N,N,N,nsl_gapfill,Confirm keep / hide / remove
4_NOT_IN_AUG2025_ACTIVE_PRICELISTS,LV-ALP-1605-2M,"LV-ALP-1605 Aluminum Tape Light Extrusion, Frosted PC Lens, 2M",LV-ALP-1605-2M.jpg,1,,26.4,13.2,26.4,13.2,N,N,N,nsl_gapfill,Confirm keep / hide / remove
4_NOT_IN_AUG2025_ACTIVE_PRICELISTS,LV-ALP-1605-EC,End Caps for LV-ALP-1605 Extrusion (2/bag),LV-ALP-1605-EC.jpg,1,,2,1,3.8,1.9,N,N,N,nsl_gapfill,Confirm keep / hide / remove
4_NOT_IN_AUG2025_ACTIVE_PRICELISTS,LV-ALP-1605-EC-WF,End Caps White Frosted for LV-ALP-1605 Extrusion (2/bag),LV-ALP-1605-EC-WF.jpg,1,,2,1,3.8,1.9,N,N,N,nsl_gapfill,Confirm keep / hide / remove
4_NOT_IN_AUG2025_ACTIVE_PRICELISTS,LV-ALP-1605-MC,Mounting Clips for LV-ALP-1605 Extrusion (2/bag),LV-ALP-1605-MC.jpg,1,,3,1.5,5,2.5,N,N,N,nsl_gapfill,Confirm keep / hide / remove
4_NOT_IN_AUG2025_ACTIVE_PRICELISTS,LV-RD5455-EC,End Caps for LV-RD54 and LV-RD55 Extrusions (2/bag),LV-RD54-1M.jpg,4,"LV-RD54-1M,LV-RD5455-EC-MC,LV-RD5455-EC-WF",1,0.5,1.4,0.7,N,N,N,NOT_IN_PRICEBOOK,Confirm keep / hide / remove
4_NOT_IN_AUG2025_ACTIVE_PRICELISTS,LV-RD5455-EC-MC,Mounting Clips for LV-RD54 and LV-RD55 Extrusions (6/bag),LV-RD54-1M.jpg,4,"LV-RD54-1M,LV-RD5455-EC,LV-RD5455-EC-WF",2,1,2.8,1.4,N,N,N,NOT_IN_PRICEBOOK,Confirm keep / hide / remove
4_NOT_IN_AUG2025_ACTIVE_PRICELISTS,LV-RD5455-EC-WF,End Caps White Frosted for LV-RD54 and LV-RD55 Extrusions (2/bag),LV-RD54-1M.jpg,4,"LV-RD54-1M,LV-RD5455-EC,LV-RD5455-EC-MC",1,0.5,1.4,0.7,N,N,N,NOT_IN_PRICEBOOK,Confirm keep / hide / remove
4_NOT_IN_AUG2025_ACTIVE_PRICELISTS,LV-RF103,"Wireless RF Mini RGB Controller 24V, 96W",LV-RF103.jpg,1,,43.4,21.7,43.2,21.6,N,N,N,nsl_gapfill,Confirm keep / hide / remove
4_NOT_IN_AUG2025_ACTIVE_PRICELISTS,LV-V1V3-EC,End Caps for LV-LB-V3-FR Corner Extrusion (2/bag),LV-LB-V3-FR.jpg,4,"LV-LB-V3-FR,LV-V1V3-EC-WF,LV-V1V3-MC",4,2,2.2,1.1,N,N,N,NOT_IN_PRICEBOOK,Confirm keep / hide / remove
4_NOT_IN_AUG2025_ACTIVE_PRICELISTS,LV-V1V3-EC-WF,End Caps White Frosted for LV-LB-V3-FR Corner Extrusion (2/bag),LV-LB-V3-FR.jpg,4,"LV-LB-V3-FR,LV-V1V3-EC,LV-V1V3-MC",4,2,2.2,1.1,N,N,N,NOT_IN_PRICEBOOK,Confirm keep / hide / remove
4_NOT_IN_AUG2025_ACTIVE_PRICELISTS,LV-V1V3-MC,Mounting Clips for LV-LB-V3-FR Corner Extrusion (6/bag),LV-LB-V3-FR.jpg,4,"LV-LB-V3-FR,LV-V1V3-EC,LV-V1V3-EC-WF",6.1,3.05,6.8,3.4,N,N,N,NOT_IN_PRICEBOOK,Confirm keep / hide / remove
4_NOT_IN_AUG2025_ACTIVE_PRICELISTS,LV-ZJFFS-3CH-6INW,"Signal Amplifier for RGB 12/24V DC, 3 Channel, Outdoor",LV-ZJFFS-3CH-6INW.jpg,1,,56.6,28.3,57.2,28.6,N,N,N,nsl_gapfill,Confirm keep / hide / remove
4_NOT_IN_AUG2025_ACTIVE_PRICELISTS,LVLDL-04-TR-BK-L3,"Black Round Trim Ring for 4"" 5CCT Thin Line Down Light",LVLDL-TR-ROUND.jpg,30,"LVLDL-03-TR-BK-L3,LVLDL-03-TR-BN-L3,LVLDL-03-TR-BZ-L3,LVLDL-04-TR-BN-L3,LVLDL-04-TR-BZ-L3,LVLDL-04S-TR-BK-L3,LVLDL-04S-TR-BN-L3,LVLDL-04S-TR-BZ-L3,LVLDL-06-TR-BK-L3,LVLDL-06-TR-BN-L3,LVLDL-06-TR-BZ-L3,LVLDL-06S-TR-BK-L3,LVLDL-06S-TR-BN-L3,LVLDL-06S-TR-BZ-L3,LVLDL-08-TR-BK-L3",2.8,1.4,,,N,N,N,NOT_IN_PRICEBOOK,Confirm keep / hide / remove
4_NOT_IN_AUG2025_ACTIVE_PRICELISTS,LVLDL-04-TR-BN-L3,"Brushed Nickel Round Trim Ring for 4"" 5CCT Thin Line Down Light",LVLDL-TR-ROUND.jpg,30,"LVLDL-03-TR-BK-L3,LVLDL-03-TR-BN-L3,LVLDL-03-TR-BZ-L3,LVLDL-04-TR-BK-L3,LVLDL-04-TR-BZ-L3,LVLDL-04S-TR-BK-L3,LVLDL-04S-TR-BN-L3,LVLDL-04S-TR-BZ-L3,LVLDL-06-TR-BK-L3,LVLDL-06-TR-BN-L3,LVLDL-06-TR-BZ-L3,LVLDL-06S-TR-BK-L3,LVLDL-06S-TR-BN-L3,LVLDL-06S-TR-BZ-L3,LVLDL-08-TR-BK-L3",4.1,2.05,,,N,N,N,NOT_IN_PRICEBOOK,Confirm keep / hide / remove
4_NOT_IN_AUG2025_ACTIVE_PRICELISTS,LVLDL-04-TR-BZ-L3,"Bronze Round Trim Ring for 4"" 5CCT Thin Line Down Light",LVLDL-TR-ROUND.jpg,30,"LVLDL-03-TR-BK-L3,LVLDL-03-TR-BN-L3,LVLDL-03-TR-BZ-L3,LVLDL-04-TR-BK-L3,LVLDL-04-TR-BN-L3,LVLDL-04S-TR-BK-L3,LVLDL-04S-TR-BN-L3,LVLDL-04S-TR-BZ-L3,LVLDL-06-TR-BK-L3,LVLDL-06-TR-BN-L3,LVLDL-06-TR-BZ-L3,LVLDL-06S-TR-BK-L3,LVLDL-06S-TR-BN-L3,LVLDL-06S-TR-BZ-L3,LVLDL-08-TR-BK-L3",2.8,1.4,,,N,N,N,NOT_IN_PRICEBOOK,Confirm keep / hide / remove
4_NOT_IN_AUG2025_ACTIVE_PRICELISTS,LVLDL-06-TR-BK-L3,"Black Round Trim Ring for 6"" 5CCT Thin Line Down Light",LVLDL-TR-ROUND.jpg,30,"LVLDL-03-TR-BK-L3,LVLDL-03-TR-BN-L3,LVLDL-03-TR-BZ-L3,LVLDL-04-TR-BK-L3,LVLDL-04-TR-BN-L3,LVLDL-04-TR-BZ-L3,LVLDL-04S-TR-BK-L3,LVLDL-04S-TR-BN-L3,LVLDL-04S-TR-BZ-L3,LVLDL-06-TR-BN-L3,LVLDL-06-TR-BZ-L3,LVLDL-06S-TR-BK-L3,LVLDL-06S-TR-BN-L3,LVLDL-06S-TR-BZ-L3,LVLDL-08-TR-BK-L3",3.5,1.75,,,N,N,N,NOT_IN_PRICEBOOK,Confirm keep / hide / remove
4_NOT_IN_AUG2025_ACTIVE_PRICELISTS,LVLDL-06-TR-BN-L3,"Brushed Nickel Round Trim Ring for 6"" 5CCT Thin Line Down Light",LVLDL-TR-ROUND.jpg,30,"LVLDL-03-TR-BK-L3,LVLDL-03-TR-BN-L3,LVLDL-03-TR-BZ-L3,LVLDL-04-TR-BK-L3,LVLDL-04-TR-BN-L3,LVLDL-04-TR-BZ-L3,LVLDL-04S-TR-BK-L3,LVLDL-04S-TR-BN-L3,LVLDL-04S-TR-BZ-L3,LVLDL-06-TR-BK-L3,LVLDL-06-TR-BZ-L3,LVLDL-06S-TR-BK-L3,LVLDL-06S-TR-BN-L3,LVLDL-06S-TR-BZ-L3,LVLDL-08-TR-BK-L3",5.4,2.7,,,N,N,N,NOT_IN_PRICEBOOK,Confirm keep / hide / remove
4_NOT_IN_AUG2025_ACTIVE_PRICELISTS,LVLDL-06-TR-BZ-L3,"Bronze Round Trim Ring for 6"" 5CCT Thin Line Down Light",LVLDL-TR-ROUND.jpg,30,"LVLDL-03-TR-BK-L3,LVLDL-03-TR-BN-L3,LVLDL-03-TR-BZ-L3,LVLDL-04-TR-BK-L3,LVLDL-04-TR-BN-L3,LVLDL-04-TR-BZ-L3,LVLDL-04S-TR-BK-L3,LVLDL-04S-TR-BN-L3,LVLDL-04S-TR-BZ-L3,LVLDL-06-TR-BK-L3,LVLDL-06-TR-BN-L3,LVLDL-06S-TR-BK-L3,LVLDL-06S-TR-BN-L3,LVLDL-06S-TR-BZ-L3,LVLDL-08-TR-BK-L3",3.5,1.75,,,N,N,N,NOT_IN_PRICEBOOK,Confirm keep / hide / remove
4_NOT_IN_AUG2025_ACTIVE_PRICELISTS,RGL-4-TR-BK,"Black Trim Ring for Regressed Down Light (CCT), 4""",RGL-4B-9W-SW.jpg,10,"RGL-4-TR-BZ,RGL-4-TR-SN,RGL-4B-9W-BT,RGL-4B-9W-SW,RGL-6-TR-BK,RGL-6-TR-BZ,RGL-6-TR-SN,RGL-6B-12W-BT,RGL-6B-12W-SW",6.9,3.45,,,N,N,N,NOT_IN_PRICEBOOK,Confirm keep / hide / remove
4_NOT_IN_AUG2025_ACTIVE_PRICELISTS,RGL-4-TR-BZ,"Bronze Trim Ring for Regressed Down Light (CCT), 4""",RGL-4B-9W-SW.jpg,10,"RGL-4-TR-BK,RGL-4-TR-SN,RGL-4B-9W-BT,RGL-4B-9W-SW,RGL-6-TR-BK,RGL-6-TR-BZ,RGL-6-TR-SN,RGL-6B-12W-BT,RGL-6B-12W-SW",6.9,3.45,,,N,N,N,NOT_IN_PRICEBOOK,Confirm keep / hide / remove
4_NOT_IN_AUG2025_ACTIVE_PRICELISTS,RGL-4-TR-SN,"Satin Nickel Trim Ring for Regressed Down Light (CCT), 4""",RGL-4B-9W-SW.jpg,10,"RGL-4-TR-BK,RGL-4-TR-BZ,RGL-4B-9W-BT,RGL-4B-9W-SW,RGL-6-TR-BK,RGL-6-TR-BZ,RGL-6-TR-SN,RGL-6B-12W-BT,RGL-6B-12W-SW",9.1,4.55,,,N,N,N,NOT_IN_PRICEBOOK,Confirm keep / hide / remove
4_NOT_IN_AUG2025_ACTIVE_PRICELISTS,RGL-4B-9W-BT,"Regressed Down Light (CCT), 4"", Bluetooth Adjustable, 2700-5000K",RGL-4B-9W-SW.jpg,10,"RGL-4-TR-BK,RGL-4-TR-BZ,RGL-4-TR-SN,RGL-4B-9W-SW,RGL-6-TR-BK,RGL-6-TR-BZ,RGL-6-TR-SN,RGL-6B-12W-BT,RGL-6B-12W-SW",59.1,29.55,,,Y,N,N,NOT_IN_PRICEBOOK,Confirm keep / hide / remove
4_NOT_IN_AUG2025_ACTIVE_PRICELISTS,RGL-4B-9W-SW,"Regressed Down Light (CCT), 4"", Switch Adjustable, 2700/3000/4000K",RGL-4B-9W-SW.jpg,10,"RGL-4-TR-BK,RGL-4-TR-BZ,RGL-4-TR-SN,RGL-4B-9W-BT,RGL-6-TR-BK,RGL-6-TR-BZ,RGL-6-TR-SN,RGL-6B-12W-BT,RGL-6B-12W-SW",42.3,21.15,,,N,N,N,NOT_IN_PRICEBOOK,Confirm keep / hide / remove
4_NOT_IN_AUG2025_ACTIVE_PRICELISTS,RGL-6-TR-BK,"Black Trim Ring for Regressed Down Light (CCT), 6""",RGL-4B-9W-SW.jpg,10,"RGL-4-TR-BK,RGL-4-TR-BZ,RGL-4-TR-SN,RGL-4B-9W-BT,RGL-4B-9W-SW,RGL-6-TR-BZ,RGL-6-TR-SN,RGL-6B-12W-BT,RGL-6B-12W-SW",9.1,4.55,,,N,N,N,NOT_IN_PRICEBOOK,Confirm keep / hide / remove
4_NOT_IN_AUG2025_ACTIVE_PRICELISTS,RGL-6-TR-BZ,"Bronze Trim Ring for Regressed Down Light (CCT), 6""",RGL-4B-9W-SW.jpg,10,"RGL-4-TR-BK,RGL-4-TR-BZ,RGL-4-TR-SN,RGL-4B-9W-BT,RGL-4B-9W-SW,RGL-6-TR-BK,RGL-6-TR-SN,RGL-6B-12W-BT,RGL-6B-12W-SW",9.1,4.55,,,N,N,N,NOT_IN_PRICEBOOK,Confirm keep / hide / remove
4_NOT_IN_AUG2025_ACTIVE_PRICELISTS,RGL-6-TR-SN,"Satin Nickel Trim Ring for Regressed Down Light (CCT), 6""",RGL-4B-9W-SW.jpg,10,"RGL-4-TR-BK,RGL-4-TR-BZ,RGL-4-TR-SN,RGL-4B-9W-BT,RGL-4B-9W-SW,RGL-6-TR-BK,RGL-6-TR-BZ,RGL-6B-12W-BT,RGL-6B-12W-SW",11.3,5.65,,,N,N,N,NOT_IN_PRICEBOOK,Confirm keep / hide / remove
4_NOT_IN_AUG2025_ACTIVE_PRICELISTS,RGL-6B-12W-BT,"Regressed Down Light (CCT), 6"", Bluetooth Adjustable, 2700-5000K",RGL-4B-9W-SW.jpg,10,"RGL-4-TR-BK,RGL-4-TR-BZ,RGL-4-TR-SN,RGL-4B-9W-BT,RGL-4B-9W-SW,RGL-6-TR-BK,RGL-6-TR-BZ,RGL-6-TR-SN,RGL-6B-12W-SW",66.3,33.15,,,Y,N,N,NOT_IN_PRICEBOOK,Confirm keep / hide / remove
4_NOT_IN_AUG2025_ACTIVE_PRICELISTS,RGL-6B-12W-SW,"Regressed Down Light (CCT), 6"", Switch Adjustable, 2700/3000/4000K",RGL-4B-9W-SW.jpg,10,"RGL-4-TR-BK,RGL-4-TR-BZ,RGL-4-TR-SN,RGL-4B-9W-BT,RGL-4B-9W-SW,RGL-6-TR-BK,RGL-6-TR-BZ,RGL-6-TR-SN,RGL-6B-12W-BT",49.5,24.75,,,Y,N,N,NOT_IN_PRICEBOOK,Confirm keep / hide / remove
4_NOT_IN_AUG2025_ACTIVE_PRICELISTS,SL66-4FT-40W-40,"Tri-Proof Light, 4ft, 40W, 4000K, IP66/IK10, Water/Dust/Impact Proof",SL66-4FT-40W-40.jpg,3,"SL66-AD-MC,SL66-Sus-Kit",214,107,,,N,N,N,NOT_IN_PRICEBOOK,Confirm keep / hide / remove
4_NOT_IN_AUG2025_ACTIVE_PRICELISTS,SL66-AD-MC,Swivel Mount Kit for Tri-Proof Light,SL66-4FT-40W-40.jpg,3,"SL66-4FT-40W-40,SL66-Sus-Kit",17.3,8.65,,,N,N,N,NOT_IN_PRICEBOOK,Confirm keep / hide / remove
4_NOT_IN_AUG2025_ACTIVE_PRICELISTS,SL66-Sus-Kit,Suspension Kit for Tri-Proof Light,SL66-4FT-40W-40.jpg,3,"SL66-4FT-40W-40,SL66-AD-MC",17.3,8.65,,,Y,N,N,DISCONTINUE,Confirm keep / hide / remove
4_NOT_IN_AUG2025_ACTIVE_PRICELISTS,SX-12V-DD-60W,"Switchex - In-Wall LED Dimmer Switch and Power Supply, 12V DC, 60W",SX-12V-DD-60W.jpg,3,"SX-TP-BR,SX-TP-LA",369.5,184.75,,,N,N,N,NOT_IN_PRICEBOOK,Confirm keep / hide / remove
4_NOT_IN_AUG2025_ACTIVE_PRICELISTS,SX-24V-DD-100W,Switchex - In-Wall LED Dimmer Switch and Power Supply (100W),SX-24V-DD-100W.jpg,1,,522.4,261.2,,,N,N,N,NOT_IN_PRICEBOOK,Confirm keep / hide / remove
4_NOT_IN_AUG2025_ACTIVE_PRICELISTS,SX-TP-BR,"Switchex Trim Plate, Glossy Brown",SX-12V-DD-60W.jpg,3,"SX-12V-DD-60W,SX-TP-LA",6.9,3.45,,,N,N,N,NOT_IN_PRICEBOOK,Confirm keep / hide / remove
4_NOT_IN_AUG2025_ACTIVE_PRICELISTS,SX-TP-LA,"Switchex Trim Plate, Glossy Light Almond",SX-12V-DD-60W.jpg,3,"SX-12V-DD-60W,SX-TP-BR",6.9,3.45,,,N,N,N,NOT_IN_PRICEBOOK,Confirm keep / hide / remove
4_NOT_IN_AUG2025_ACTIVE_PRICELISTS,TLWMV153WMBK,"LED Outdoor Wall Sconce - 3000K, Black Finish, 120-277V AC",TLWMV153WMBK.jpg,17,"LBR-II-KIT,SL-CC,TLWMV153WMBR,TLWMV153WMSV,TLWMV154WMBK,TLWMV154WMBR,TLWMV154WMSV,TLWMV15XWMBK-01,TLWMV15XWMBK-02,TLWMV15XWMBK-04,TLWMV15XWMBR-01,TLWMV15XWMBR-02,TLWMV15XWMBR-04,TLWMV15XWMSV-01,TLWMV15XWMSV-02",112.7,56.35,,,N,N,N,NOT_IN_PRICEBOOK,Confirm keep / hide / remove
4_NOT_IN_AUG2025_ACTIVE_PRICELISTS,TLWMV153WMBR,"LED Outdoor Wall Sconce - 3000K, Bronze Finish, 120-277V AC",TLWMV153WMBK.jpg,17,"LBR-II-KIT,SL-CC,TLWMV153WMBK,TLWMV153WMSV,TLWMV154WMBK,TLWMV154WMBR,TLWMV154WMSV,TLWMV15XWMBK-01,TLWMV15XWMBK-02,TLWMV15XWMBK-04,TLWMV15XWMBR-01,TLWMV15XWMBR-02,TLWMV15XWMBR-04,TLWMV15XWMSV-01,TLWMV15XWMSV-02",112.7,56.35,,,Y,N,N,NOT_IN_PRICEBOOK,Confirm keep / hide / remove
4_NOT_IN_AUG2025_ACTIVE_PRICELISTS,TLWMV153WMSV,"LED Outdoor Wall Sconce - 3000K, Silver Finish, 120-277V AC",TLWMV153WMBK.jpg,17,"LBR-II-KIT,SL-CC,TLWMV153WMBK,TLWMV153WMBR,TLWMV154WMBK,TLWMV154WMBR,TLWMV154WMSV,TLWMV15XWMBK-01,TLWMV15XWMBK-02,TLWMV15XWMBK-04,TLWMV15XWMBR-01,TLWMV15XWMBR-02,TLWMV15XWMBR-04,TLWMV15XWMSV-01,TLWMV15XWMSV-02",112.7,56.35,,,Y,N,N,NOT_IN_PRICEBOOK,Confirm keep / hide / remove
4_NOT_IN_AUG2025_ACTIVE_PRICELISTS,TLWMV154WMBK,"LED Outdoor Wall Sconce - 4000K, Black Finish, 120-277V AC",TLWMV153WMBK.jpg,17,"LBR-II-KIT,SL-CC,TLWMV153WMBK,TLWMV153WMBR,TLWMV153WMSV,TLWMV154WMBR,TLWMV154WMSV,TLWMV15XWMBK-01,TLWMV15XWMBK-02,TLWMV15XWMBK-04,TLWMV15XWMBR-01,TLWMV15XWMBR-02,TLWMV15XWMBR-04,TLWMV15XWMSV-01,TLWMV15XWMSV-02",112.7,56.35,,,Y,N,N,NOT_IN_PRICEBOOK,Confirm keep / hide / remove
4_NOT_IN_AUG2025_ACTIVE_PRICELISTS,TLWMV154WMBR,"LED Outdoor Wall Sconce - 4000K, Bronze Finish, 120-277V AC",TLWMV153WMBK.jpg,17,"LBR-II-KIT,SL-CC,TLWMV153WMBK,TLWMV153WMBR,TLWMV153WMSV,TLWMV154WMBK,TLWMV154WMSV,TLWMV15XWMBK-01,TLWMV15XWMBK-02,TLWMV15XWMBK-04,TLWMV15XWMBR-01,TLWMV15XWMBR-02,TLWMV15XWMBR-04,TLWMV15XWMSV-01,TLWMV15XWMSV-02",112.7,56.35,,,Y,N,N,NOT_IN_PRICEBOOK,Confirm keep / hide / remove
4_NOT_IN_AUG2025_ACTIVE_PRICELISTS,TLWMV154WMSV,"LED Outdoor Wall Sconce - 4000K, Silver Finish, 120-277V AC",TLWMV153WMBK.jpg,17,"LBR-II-KIT,SL-CC,TLWMV153WMBK,TLWMV153WMBR,TLWMV153WMSV,TLWMV154WMBK,TLWMV154WMBR,TLWMV15XWMBK-01,TLWMV15XWMBK-02,TLWMV15XWMBK-04,TLWMV15XWMBR-01,TLWMV15XWMBR-02,TLWMV15XWMBR-04,TLWMV15XWMSV-01,TLWMV15XWMSV-02",112.7,56.35,,,Y,N,N,NOT_IN_PRICEBOOK,Confirm keep / hide / remove
4_NOT_IN_AUG2025_ACTIVE_PRICELISTS,TLWMV15XWMBK-01,Interchangeable Cover Style 01 - Black Finish for Outdoor Wall Sconce,TLWMV153WMBK.jpg,17,"LBR-II-KIT,SL-CC,TLWMV153WMBK,TLWMV153WMBR,TLWMV153WMSV,TLWMV154WMBK,TLWMV154WMBR,TLWMV154WMSV,TLWMV15XWMBK-02,TLWMV15XWMBK-04,TLWMV15XWMBR-01,TLWMV15XWMBR-02,TLWMV15XWMBR-04,TLWMV15XWMSV-01,TLWMV15XWMSV-02",53,26.5,,,N,N,N,NOT_IN_PRICEBOOK,Confirm keep / hide / remove
4_NOT_IN_AUG2025_ACTIVE_PRICELISTS,TLWMV15XWMBK-02,Interchangeable Cover Style 02 - Black Finish for Outdoor Wall Sconce,TLWMV153WMBK.jpg,17,"LBR-II-KIT,SL-CC,TLWMV153WMBK,TLWMV153WMBR,TLWMV153WMSV,TLWMV154WMBK,TLWMV154WMBR,TLWMV154WMSV,TLWMV15XWMBK-01,TLWMV15XWMBK-04,TLWMV15XWMBR-01,TLWMV15XWMBR-02,TLWMV15XWMBR-04,TLWMV15XWMSV-01,TLWMV15XWMSV-02",101.4,50.7,,,N,N,N,NOT_IN_PRICEBOOK,Confirm keep / hide / remove
4_NOT_IN_AUG2025_ACTIVE_PRICELISTS,TLWMV15XWMBK-04,Interchangeable Cover Style 04 - Black Finish for Outdoor Wall Sconce,TLWMV153WMBK.jpg,17,"LBR-II-KIT,SL-CC,TLWMV153WMBK,TLWMV153WMBR,TLWMV153WMSV,TLWMV154WMBK,TLWMV154WMBR,TLWMV154WMSV,TLWMV15XWMBK-01,TLWMV15XWMBK-02,TLWMV15XWMBR-01,TLWMV15XWMBR-02,TLWMV15XWMBR-04,TLWMV15XWMSV-01,TLWMV15XWMSV-02",53,26.5,,,N,N,N,NOT_IN_PRICEBOOK,Confirm keep / hide / remove
4_NOT_IN_AUG2025_ACTIVE_PRICELISTS,TLWMV15XWMBR-01,Interchangeable Cover Style 01 - Bronze Finish for Outdoor Wall Sconce,TLWMV153WMBK.jpg,17,"LBR-II-KIT,SL-CC,TLWMV153WMBK,TLWMV153WMBR,TLWMV153WMSV,TLWMV154WMBK,TLWMV154WMBR,TLWMV154WMSV,TLWMV15XWMBK-01,TLWMV15XWMBK-02,TLWMV15XWMBK-04,TLWMV15XWMBR-02,TLWMV15XWMBR-04,TLWMV15XWMSV-01,TLWMV15XWMSV-02",50.2,25.1,,,N,N,N,NOT_IN_PRICEBOOK,Confirm keep / hide / remove
4_NOT_IN_AUG2025_ACTIVE_PRICELISTS,TLWMV15XWMBR-02,Interchangeable Cover Style 02 - Bronze Finish for Outdoor Wall Sconce,TLWMV153WMBK.jpg,17,"LBR-II-KIT,SL-CC,TLWMV153WMBK,TLWMV153WMBR,TLWMV153WMSV,TLWMV154WMBK,TLWMV154WMBR,TLWMV154WMSV,TLWMV15XWMBK-01,TLWMV15XWMBK-02,TLWMV15XWMBK-04,TLWMV15XWMBR-01,TLWMV15XWMBR-04,TLWMV15XWMSV-01,TLWMV15XWMSV-02",95.9,47.95,,,N,N,N,NOT_IN_PRICEBOOK,Confirm keep / hide / remove
4_NOT_IN_AUG2025_ACTIVE_PRICELISTS,TLWMV15XWMBR-04,Interchangeable Cover Style 04 - Bronze Finish for Outdoor Wall Sconce,TLWMV153WMBK.jpg,17,"LBR-II-KIT,SL-CC,TLWMV153WMBK,TLWMV153WMBR,TLWMV153WMSV,TLWMV154WMBK,TLWMV154WMBR,TLWMV154WMSV,TLWMV15XWMBK-01,TLWMV15XWMBK-02,TLWMV15XWMBK-04,TLWMV15XWMBR-01,TLWMV15XWMBR-02,TLWMV15XWMSV-01,TLWMV15XWMSV-02",50.2,25.1,,,N,N,N,NOT_IN_PRICEBOOK,Confirm keep / hide / remove
4_NOT_IN_AUG2025_ACTIVE_PRICELISTS,TLWMV15XWMSV-01,Interchangeable Cover Style 01 - Silver Finish for Outdoor Wall Sconce,TLWMV153WMBK.jpg,17,"LBR-II-KIT,SL-CC,TLWMV153WMBK,TLWMV153WMBR,TLWMV153WMSV,TLWMV154WMBK,TLWMV154WMBR,TLWMV154WMSV,TLWMV15XWMBK-01,TLWMV15XWMBK-02,TLWMV15XWMBK-04,TLWMV15XWMBR-01,TLWMV15XWMBR-02,TLWMV15XWMBR-04,TLWMV15XWMSV-02",53,26.5,,,N,N,N,NOT_IN_PRICEBOOK,Confirm keep / hide / remove
4_NOT_IN_AUG2025_ACTIVE_PRICELISTS,TLWMV15XWMSV-02,Interchangeable Cover Style 02 - Silver Finish for Outdoor Wall Sconce,TLWMV153WMBK.jpg,17,"LBR-II-KIT,SL-CC,TLWMV153WMBK,TLWMV153WMBR,TLWMV153WMSV,TLWMV154WMBK,TLWMV154WMBR,TLWMV154WMSV,TLWMV15XWMBK-01,TLWMV15XWMBK-02,TLWMV15XWMBK-04,TLWMV15XWMBR-01,TLWMV15XWMBR-02,TLWMV15XWMBR-04,TLWMV15XWMSV-01",101.4,50.7,,,N,N,N,NOT_IN_PRICEBOOK,Confirm keep / hide / remove
4_NOT_IN_AUG2025_ACTIVE_PRICELISTS,TLWMV15XWMSV-04,Interchangeable Cover Style 04 - Silver Finish for Outdoor Wall Sconce,TLWMV153WMBK.jpg,17,"LBR-II-KIT,SL-CC,TLWMV153WMBK,TLWMV153WMBR,TLWMV153WMSV,TLWMV154WMBK,TLWMV154WMBR,TLWMV154WMSV,TLWMV15XWMBK-01,TLWMV15XWMBK-02,TLWMV15XWMBK-04,TLWMV15XWMBR-01,TLWMV15XWMBR-02,TLWMV15XWMBR-04,TLWMV15XWMSV-01",53,26.5,,,N,N,N,NOT_IN_PRICEBOOK,Confirm keep / hide / remove
4_NOT_IN_AUG2025_ACTIVE_PRICELISTS,WSL-15-30K-BN,"LED Wall Sconce, 15W, 3000K, Brushed Nickel",WSL-15-30K-BN.jpg,1,,83.2,41.6,,,N,N,N,NOT_IN_PRICEBOOK,Confirm keep / hide / remove
4_NOT_IN_AUG2025_ACTIVE_PRICELISTS,YH-HRF50CA120S505060,120V AC RGB eStrip,YH-HRF50CA120S505060.jpg,1,,,,,,N,N,N,NOT_IN_PRICEBOOK,Confirm keep / hide / remove
