baseitemcode,productstory
ADELINA-UV-WF-ASSORTED,"Adelina-UV is a dense, full-faced chenille fabric with a soft, washed-down appearance. Through solution-dyed yarns, it delivers performance equal to its quiet luxury, with bleach-cleanable durability for easy care."
ADELINA-UV-ASH,"Adelina-UV is a dense, full-faced chenille fabric with a soft, washed-down appearance. Through solution-dyed yarns, it delivers performance equal to its quiet luxury, with bleach-cleanable durability for easy care."
ADELINA-UV-BIRCH,"Adelina-UV is a dense, full-faced chenille fabric with a soft, washed-down appearance. Through solution-dyed yarns, it delivers performance equal to its quiet luxury, with bleach-cleanable durability for easy care."
ADELINA-UV-CASHMERE,"Adelina-UV is a dense, full-faced chenille fabric with a soft, washed-down appearance. Through solution-dyed yarns, it delivers performance equal to its quiet luxury, with bleach-cleanable durability for easy care."
ADELINA-UV-CHARCOAL,"Adelina-UV is a dense, full-faced chenille fabric with a soft, washed-down appearance. Through solution-dyed yarns, it delivers performance equal to its quiet luxury, with bleach-cleanable durability for easy care."
ADELINA-UV-GRAPHITE,"Adelina-UV is a dense, full-faced chenille fabric with a soft, washed-down appearance. Through solution-dyed yarns, it delivers performance equal to its quiet luxury, with bleach-cleanable durability for easy care."
ADELINA-UV-JUNGLE,"Adelina-UV is a dense, full-faced chenille fabric with a soft, washed-down appearance. Through solution-dyed yarns, it delivers performance equal to its quiet luxury, with bleach-cleanable durability for easy care."
ADELINA-UV-LAGOON,"Adelina-UV is a dense, full-faced chenille fabric with a soft, washed-down appearance. Through solution-dyed yarns, it delivers performance equal to its quiet luxury, with bleach-cleanable durability for easy care."
ADELINA-UV-MUSHROOM,"Adelina-UV is a dense, full-faced chenille fabric with a soft, washed-down appearance. Through solution-dyed yarns, it delivers performance equal to its quiet luxury, with bleach-cleanable durability for easy care."
ADELINA-UV-OAT,"Adelina-UV is a dense, full-faced chenille fabric with a soft, washed-down appearance. Through solution-dyed yarns, it delivers performance equal to its quiet luxury, with bleach-cleanable durability for easy care."
ADELINA-UV-OLIVE,"Adelina-UV is a dense, full-faced chenille fabric with a soft, washed-down appearance. Through solution-dyed yarns, it delivers performance equal to its quiet luxury, with bleach-cleanable durability for easy care."
ADELINA-UV-PEARL,"Adelina-UV is a dense, full-faced chenille fabric with a soft, washed-down appearance. Through solution-dyed yarns, it delivers performance equal to its quiet luxury, with bleach-cleanable durability for easy care."
ADELINA-UV-ROSEMARY,"Adelina-UV is a dense, full-faced chenille fabric with a soft, washed-down appearance. Through solution-dyed yarns, it delivers performance equal to its quiet luxury, with bleach-cleanable durability for easy care."
ADELINA-UV-STEEL,"Adelina-UV is a dense, full-faced chenille fabric with a soft, washed-down appearance. Through solution-dyed yarns, it delivers performance equal to its quiet luxury, with bleach-cleanable durability for easy care."
ADELINA-UV-THYME,"Adelina-UV is a dense, full-faced chenille fabric with a soft, washed-down appearance. Through solution-dyed yarns, it delivers performance equal to its quiet luxury, with bleach-cleanable durability for easy care."
ADELINA-UV-TRUFFLE,"Adelina-UV is a dense, full-faced chenille fabric with a soft, washed-down appearance. Through solution-dyed yarns, it delivers performance equal to its quiet luxury, with bleach-cleanable durability for easy care."
ALLEGRO-WF-ASSORTED,"Allegro-F is a performance, faux mohair with a plush texture and a heathered palette. Designed for both style and durability, it offers long-lasting appeal without compromising on comfort."
ALLEGRO-ASH,"Allegro-F is a performance, faux mohair with a plush texture and a heathered palette. Designed for both style and durability, it offers long-lasting appeal without compromising on comfort."
ALLEGRO-BARK,"Allegro-F is a performance, faux mohair with a plush texture and a heathered palette. Designed for both style and durability, it offers long-lasting appeal without compromising on comfort."
ALLEGRO-CASHEW,"Allegro-F is a performance, faux mohair with a plush texture and a heathered palette. Designed for both style and durability, it offers long-lasting appeal without compromising on comfort."
ALLEGRO-CUB,"Allegro-F is a performance, faux mohair with a plush texture and a heathered palette. Designed for both style and durability, it offers long-lasting appeal without compromising on comfort."
ALLEGRO-GINGER,"Allegro-F is a performance, faux mohair with a plush texture and a heathered palette. Designed for both style and durability, it offers long-lasting appeal without compromising on comfort."
ALLEGRO-GRAPHITE,"Allegro-F is a performance, faux mohair with a plush texture and a heathered palette. Designed for both style and durability, it offers long-lasting appeal without compromising on comfort."
ALLEGRO-HAZELNUT,"Allegro-F is a performance, faux mohair with a plush texture and a heathered palette. Designed for both style and durability, it offers long-lasting appeal without compromising on comfort."
ALLEGRO-JUNGLE,"Allegro-F is a performance, faux mohair with a plush texture and a heathered palette. Designed for both style and durability, it offers long-lasting appeal without compromising on comfort."
ALLEGRO-MIDNIGHT,"Allegro-F is a performance, faux mohair with a plush texture and a heathered palette. Designed for both style and durability, it offers long-lasting appeal without compromising on comfort."
ALLEGRO-OCEAN,"Allegro-F is a performance, faux mohair with a plush texture and a heathered palette. Designed for both style and durability, it offers long-lasting appeal without compromising on comfort."
ALLEGRO-OLIVE,"Allegro-F is a performance, faux mohair with a plush texture and a heathered palette. Designed for both style and durability, it offers long-lasting appeal without compromising on comfort."
ALLEGRO-PACIFIC,"Allegro-F is a performance, faux mohair with a plush texture and a heathered palette. Designed for both style and durability, it offers long-lasting appeal without compromising on comfort."
ALLEGRO-PEBBLE,"Allegro-F is a performance, faux mohair with a plush texture and a heathered palette. Designed for both style and durability, it offers long-lasting appeal without compromising on comfort."
ALLEGRO-SAFARI,"Allegro-F is a performance, faux mohair with a plush texture and a heathered palette. Designed for both style and durability, it offers long-lasting appeal without compromising on comfort."
ALLEGRO-SLATE,"Allegro-F is a performance, faux mohair with a plush texture and a heathered palette. Designed for both style and durability, it offers long-lasting appeal without compromising on comfort."
ALLEGRO-SPICE,"Allegro-F is a performance, faux mohair with a plush texture and a heathered palette. Designed for both style and durability, it offers long-lasting appeal without compromising on comfort."
ALLEGRO-SURF,"Allegro-F is a performance, faux mohair with a plush texture and a heathered palette. Designed for both style and durability, it offers long-lasting appeal without compromising on comfort."
ALLEGRO-TRUFFLE,"Allegro-F is a performance, faux mohair with a plush texture and a heathered palette. Designed for both style and durability, it offers long-lasting appeal without compromising on comfort."
ALLEGRO-WILLOW,"Allegro-F is a performance, faux mohair with a plush texture and a heathered palette. Designed for both style and durability, it offers long-lasting appeal without compromising on comfort."
AMES-WF-ASSORTED,"Ames has a flannel-like look and soft hand, rendered in heathered colors. Ames’ tonal texture adds warmth and refinement to any setting."
AMES-C0-ALOE,"Ames has a flannel-like look and soft hand, rendered in heathered colors. Ames’ tonal texture adds warmth and refinement to any setting."
AMES-C0-BIRCH,"Ames has a flannel-like look and soft hand, rendered in heathered colors. Ames’ tonal texture adds warmth and refinement to any setting."
AMES-C0-CASHMERE,"Ames has a flannel-like look and soft hand, rendered in heathered colors. Ames’ tonal texture adds warmth and refinement to any setting."
AMES-C0-CHARCOAL,"Ames has a flannel-like look and soft hand, rendered in heathered colors. Ames’ tonal texture adds warmth and refinement to any setting."
AMES-C0-GINGER,"Ames has a flannel-like look and soft hand, rendered in heathered colors. Ames’ tonal texture adds warmth and refinement to any setting."
AMES-C0-HAZELNUT,"Ames has a flannel-like look and soft hand, rendered in heathered colors. Ames’ tonal texture adds warmth and refinement to any setting."
AMES-C0-JUNGLE,"Ames has a flannel-like look and soft hand, rendered in heathered colors. Ames’ tonal texture adds warmth and refinement to any setting."
AMES-C0-MUSHROOM,"Ames has a flannel-like look and soft hand, rendered in heathered colors. Ames’ tonal texture adds warmth and refinement to any setting."
AMES-C0-OAT,"Ames has a flannel-like look and soft hand, rendered in heathered colors. Ames’ tonal texture adds warmth and refinement to any setting."
AMES-C0-SAFARI,"Ames has a flannel-like look and soft hand, rendered in heathered colors. Ames’ tonal texture adds warmth and refinement to any setting."
AMES-C0-SLATE,"Ames has a flannel-like look and soft hand, rendered in heathered colors. Ames’ tonal texture adds warmth and refinement to any setting."
AMES-C0-SUGAR,"Ames has a flannel-like look and soft hand, rendered in heathered colors. Ames’ tonal texture adds warmth and refinement to any setting."
AMES-C0-TRUFFLE,"Ames has a flannel-like look and soft hand, rendered in heathered colors. Ames’ tonal texture adds warmth and refinement to any setting."
ANAYA-UV-WF-ASSORTED,"Anaya-UV is a densely woven chenille with tone-on-tone bouclé yarns and varying pile heights that create a richly tactile surface. Solution-dyed for lasting color and performance, it also offers bleach-cleanable durability for easy care."
ANAYA-UV-BIRCH,"Anaya-UV is a densely woven chenille with tone-on-tone bouclé yarns and varying pile heights that create a richly tactile surface. Solution-dyed for lasting color and performance, it also offers bleach-cleanable durability for easy care."
ANAYA-UV-CARBON,"Anaya-UV is a densely woven chenille with tone-on-tone bouclé yarns and varying pile heights that create a richly tactile surface. Solution-dyed for lasting color and performance, it also offers bleach-cleanable durability for easy care."
ANAYA-UV-CHESTNUT,"Anaya-UV is a densely woven chenille with tone-on-tone bouclé yarns and varying pile heights that create a richly tactile surface. Solution-dyed for lasting color and performance, it also offers bleach-cleanable durability for easy care."
ANAYA-UV-DOVE,"Anaya-UV is a densely woven chenille with tone-on-tone bouclé yarns and varying pile heights that create a richly tactile surface. Solution-dyed for lasting color and performance, it also offers bleach-cleanable durability for easy care."
ANAYA-UV-FOG,"Anaya-UV is a densely woven chenille with tone-on-tone bouclé yarns and varying pile heights that create a richly tactile surface. Solution-dyed for lasting color and performance, it also offers bleach-cleanable durability for easy care."
ANAYA-UV-FROST,"Anaya-UV is a densely woven chenille with tone-on-tone bouclé yarns and varying pile heights that create a richly tactile surface. Solution-dyed for lasting color and performance, it also offers bleach-cleanable durability for easy care."
ANAYA-UV-OAT,"Anaya-UV is a densely woven chenille with tone-on-tone bouclé yarns and varying pile heights that create a richly tactile surface. Solution-dyed for lasting color and performance, it also offers bleach-cleanable durability for easy care."
ANISE-WF-ASSORTED,"Anise is a uniquely textured basketweave set against a striated ground, creating a jacquard-woven fabric with a refined, linen-like look."
ANISE-C0-BIRCH,"Anise is a uniquely textured basketweave set against a striated ground, creating a jacquard-woven fabric with a refined, linen-like look."
ANISE-C0-CHARCOAL,"Anise is a uniquely textured basketweave set against a striated ground, creating a jacquard-woven fabric with a refined, linen-like look."
ANISE-C0-CHESTNUT,"Anise is a uniquely textured basketweave set against a striated ground, creating a jacquard-woven fabric with a refined, linen-like look."
ANISE-C0-DOVE,"Anise is a uniquely textured basketweave set against a striated ground, creating a jacquard-woven fabric with a refined, linen-like look."
ANISE-C0-FERN,"Anise is a uniquely textured basketweave set against a striated ground, creating a jacquard-woven fabric with a refined, linen-like look."
ANISE-C0-LATTE,"Anise is a uniquely textured basketweave set against a striated ground, creating a jacquard-woven fabric with a refined, linen-like look."
ANISE-C0-NATURAL,"Anise is a uniquely textured basketweave set against a striated ground, creating a jacquard-woven fabric with a refined, linen-like look."
ANISE-C0-OCEAN,"Anise is a uniquely textured basketweave set against a striated ground, creating a jacquard-woven fabric with a refined, linen-like look."
ANISE-C0-PRALINE,"Anise is a uniquely textured basketweave set against a striated ground, creating a jacquard-woven fabric with a refined, linen-like look."
ANISE-C0-STEEL,"Anise is a uniquely textured basketweave set against a striated ground, creating a jacquard-woven fabric with a refined, linen-like look."
ARCADIA-WF-ASSORTED,"Arcadia is a full-faced chenille with a soft, vintaged look. Its tonal depth and lived-in hand bring relaxed warmth to any interior."
ARCADIA-C0-BIRCH,"Arcadia is a full-faced chenille with a soft, vintaged look. Its tonal depth and lived-in hand bring relaxed warmth to any interior."
ARCADIA-C0-CASHMERE,"Arcadia is a full-faced chenille with a soft, vintaged look. Its tonal depth and lived-in hand bring relaxed warmth to any interior."
ARCADIA-C0-CHARCOAL,"Arcadia is a full-faced chenille with a soft, vintaged look. Its tonal depth and lived-in hand bring relaxed warmth to any interior."
ARCADIA-C0-ESPRESSO,"Arcadia is a full-faced chenille with a soft, vintaged look. Its tonal depth and lived-in hand bring relaxed warmth to any interior."
ARCADIA-C0-FROST,"Arcadia is a full-faced chenille with a soft, vintaged look. Its tonal depth and lived-in hand bring relaxed warmth to any interior."
ARCADIA-C0-GINGER,"Arcadia is a full-faced chenille with a soft, vintaged look. Its tonal depth and lived-in hand bring relaxed warmth to any interior."
ARCADIA-C0-GRAPHITE,"Arcadia is a full-faced chenille with a soft, vintaged look. Its tonal depth and lived-in hand bring relaxed warmth to any interior."
ARCADIA-C0-MERLOT,"Arcadia is a full-faced chenille with a soft, vintaged look. Its tonal depth and lived-in hand bring relaxed warmth to any interior."
ARCADIA-C0-MESA,"Arcadia is a full-faced chenille with a soft, vintaged look. Its tonal depth and lived-in hand bring relaxed warmth to any interior."
ARCADIA-C0-MOCHA,"Arcadia is a full-faced chenille with a soft, vintaged look. Its tonal depth and lived-in hand bring relaxed warmth to any interior."
ARCADIA-C0-OCEAN,"Arcadia is a full-faced chenille with a soft, vintaged look. Its tonal depth and lived-in hand bring relaxed warmth to any interior."
ARCADIA-C0-POWDER,"Arcadia is a full-faced chenille with a soft, vintaged look. Its tonal depth and lived-in hand bring relaxed warmth to any interior."
ARCADIA-C0-SLATE,"Arcadia is a full-faced chenille with a soft, vintaged look. Its tonal depth and lived-in hand bring relaxed warmth to any interior."
ARCADIA-C0-SNOW,"Arcadia is a full-faced chenille with a soft, vintaged look. Its tonal depth and lived-in hand bring relaxed warmth to any interior."
ARCADIA-C0-STEEL,"Arcadia is a full-faced chenille with a soft, vintaged look. Its tonal depth and lived-in hand bring relaxed warmth to any interior."
ARCADIA-C0-STONE,"Arcadia is a full-faced chenille with a soft, vintaged look. Its tonal depth and lived-in hand bring relaxed warmth to any interior."
ARCADIA-C0-THYME,"Arcadia is a full-faced chenille with a soft, vintaged look. Its tonal depth and lived-in hand bring relaxed warmth to any interior."
ARCADIA-C0-TRUFFLE,"Arcadia is a full-faced chenille with a soft, vintaged look. Its tonal depth and lived-in hand bring relaxed warmth to any interior."
ARCADIA-STONE,"Arcadia is a full-faced chenille with a soft, vintaged look. Its tonal depth and lived-in hand bring relaxed warmth to any interior."
ARIES-WF-ASSORTED,Aries is a full-faced chenille with the matte luster and depth of vintage velvet. Its dense pile and subtle sheen add quiet texture to both contemporary and classic silhouettes.
ARIES-BIRCH,Aries is a full-faced chenille with the matte luster and depth of vintage velvet. Its dense pile and subtle sheen add quiet texture to both contemporary and classic silhouettes.
ARIES-CUB,Aries is a full-faced chenille with the matte luster and depth of vintage velvet. Its dense pile and subtle sheen add quiet texture to both contemporary and classic silhouettes.
ARIES-DESERT,Aries is a full-faced chenille with the matte luster and depth of vintage velvet. Its dense pile and subtle sheen add quiet texture to both contemporary and classic silhouettes.
ARIES-FERN,Aries is a full-faced chenille with the matte luster and depth of vintage velvet. Its dense pile and subtle sheen add quiet texture to both contemporary and classic silhouettes.
ARIES-FOG,Aries is a full-faced chenille with the matte luster and depth of vintage velvet. Its dense pile and subtle sheen add quiet texture to both contemporary and classic silhouettes.
ARIES-GINGER,Aries is a full-faced chenille with the matte luster and depth of vintage velvet. Its dense pile and subtle sheen add quiet texture to both contemporary and classic silhouettes.
ARIES-GRAPHITE,Aries is a full-faced chenille with the matte luster and depth of vintage velvet. Its dense pile and subtle sheen add quiet texture to both contemporary and classic silhouettes.
ARIES-JUNGLE,Aries is a full-faced chenille with the matte luster and depth of vintage velvet. Its dense pile and subtle sheen add quiet texture to both contemporary and classic silhouettes.
ARIES-LATTE,Aries is a full-faced chenille with the matte luster and depth of vintage velvet. Its dense pile and subtle sheen add quiet texture to both contemporary and classic silhouettes.
ARIES-MESA,Aries is a full-faced chenille with the matte luster and depth of vintage velvet. Its dense pile and subtle sheen add quiet texture to both contemporary and classic silhouettes.
ARIES-MIDNIGHT,Aries is a full-faced chenille with the matte luster and depth of vintage velvet. Its dense pile and subtle sheen add quiet texture to both contemporary and classic silhouettes.
ARIES-MIST,Aries is a full-faced chenille with the matte luster and depth of vintage velvet. Its dense pile and subtle sheen add quiet texture to both contemporary and classic silhouettes.
ARIES-MUSHROOM,Aries is a full-faced chenille with the matte luster and depth of vintage velvet. Its dense pile and subtle sheen add quiet texture to both contemporary and classic silhouettes.
ARIES-OCEAN,Aries is a full-faced chenille with the matte luster and depth of vintage velvet. Its dense pile and subtle sheen add quiet texture to both contemporary and classic silhouettes.
ARIES-OLIVE,Aries is a full-faced chenille with the matte luster and depth of vintage velvet. Its dense pile and subtle sheen add quiet texture to both contemporary and classic silhouettes.
ARIES-PEBBLE,Aries is a full-faced chenille with the matte luster and depth of vintage velvet. Its dense pile and subtle sheen add quiet texture to both contemporary and classic silhouettes.
ARIES-PRALINE,Aries is a full-faced chenille with the matte luster and depth of vintage velvet. Its dense pile and subtle sheen add quiet texture to both contemporary and classic silhouettes.
ARIES-ROSEWOOD,Aries is a full-faced chenille with the matte luster and depth of vintage velvet. Its dense pile and subtle sheen add quiet texture to both contemporary and classic silhouettes.
ARIES-RUST,Aries is a full-faced chenille with the matte luster and depth of vintage velvet. Its dense pile and subtle sheen add quiet texture to both contemporary and classic silhouettes.
ARIES-SAFARI,Aries is a full-faced chenille with the matte luster and depth of vintage velvet. Its dense pile and subtle sheen add quiet texture to both contemporary and classic silhouettes.
ARIES-SAGE,Aries is a full-faced chenille with the matte luster and depth of vintage velvet. Its dense pile and subtle sheen add quiet texture to both contemporary and classic silhouettes.
ARIES-SESAME,Aries is a full-faced chenille with the matte luster and depth of vintage velvet. Its dense pile and subtle sheen add quiet texture to both contemporary and classic silhouettes.
ARIES-SKY,Aries is a full-faced chenille with the matte luster and depth of vintage velvet. Its dense pile and subtle sheen add quiet texture to both contemporary and classic silhouettes.
ARIES-SMOKE,Aries is a full-faced chenille with the matte luster and depth of vintage velvet. Its dense pile and subtle sheen add quiet texture to both contemporary and classic silhouettes.
ARIES-SNOW,Aries is a full-faced chenille with the matte luster and depth of vintage velvet. Its dense pile and subtle sheen add quiet texture to both contemporary and classic silhouettes.
ARIES-SPICE,Aries is a full-faced chenille with the matte luster and depth of vintage velvet. Its dense pile and subtle sheen add quiet texture to both contemporary and classic silhouettes.
ARIES-TRUFFLE,Aries is a full-faced chenille with the matte luster and depth of vintage velvet. Its dense pile and subtle sheen add quiet texture to both contemporary and classic silhouettes.
ARTISAN-WF-ASSORTED,"Artisan is a sophisticated linen-blend fabric featuring a modern-rustic slub weave, created using a unique combination of multiple yarn types and sizes. With 25% linen content, it offers a timeless, natural texture that enhances any space. A long-standing best-seller from Dorell, Artisan blends classic appeal with contemporary elegance."
ARTISAN-2-ASH,"Artisan is a sophisticated linen-blend fabric featuring a modern-rustic slub weave, created using a unique combination of multiple yarn types and sizes. With 25% linen content, it offers a timeless, natural texture that enhances any space. A long-standing best-seller from Dorell, Artisan blends classic appeal with contemporary elegance."
ARTISAN-2-BARLEY,"Artisan is a sophisticated linen-blend fabric featuring a modern-rustic slub weave, created using a unique combination of multiple yarn types and sizes. With 25% linen content, it offers a timeless, natural texture that enhances any space. A long-standing best-seller from Dorell, Artisan blends classic appeal with contemporary elegance."
ARTISAN-2-CHARCOAL,"Artisan is a sophisticated linen-blend fabric featuring a modern-rustic slub weave, created using a unique combination of multiple yarn types and sizes. With 25% linen content, it offers a timeless, natural texture that enhances any space. A long-standing best-seller from Dorell, Artisan blends classic appeal with contemporary elegance."
ARTISAN-2-COFFEE,"Artisan is a sophisticated linen-blend fabric featuring a modern-rustic slub weave, created using a unique combination of multiple yarn types and sizes. With 25% linen content, it offers a timeless, natural texture that enhances any space. A long-standing best-seller from Dorell, Artisan blends classic appeal with contemporary elegance."
ARTISAN-2-DENIM,"Artisan is a sophisticated linen-blend fabric featuring a modern-rustic slub weave, created using a unique combination of multiple yarn types and sizes. With 25% linen content, it offers a timeless, natural texture that enhances any space. A long-standing best-seller from Dorell, Artisan blends classic appeal with contemporary elegance."
ARTISAN-2-DIJON,"Artisan is a sophisticated linen-blend fabric featuring a modern-rustic slub weave, created using a unique combination of multiple yarn types and sizes. With 25% linen content, it offers a timeless, natural texture that enhances any space. A long-standing best-seller from Dorell, Artisan blends classic appeal with contemporary elegance."
ARTISAN-2-DOVE,"Artisan is a sophisticated linen-blend fabric featuring a modern-rustic slub weave, created using a unique combination of multiple yarn types and sizes. With 25% linen content, it offers a timeless, natural texture that enhances any space. A long-standing best-seller from Dorell, Artisan blends classic appeal with contemporary elegance."
ARTISAN-2-ECLIPSE,"Artisan is a sophisticated linen-blend fabric featuring a modern-rustic slub weave, created using a unique combination of multiple yarn types and sizes. With 25% linen content, it offers a timeless, natural texture that enhances any space. A long-standing best-seller from Dorell, Artisan blends classic appeal with contemporary elegance."
ARTISAN-2-GRANITE,"Artisan is a sophisticated linen-blend fabric featuring a modern-rustic slub weave, created using a unique combination of multiple yarn types and sizes. With 25% linen content, it offers a timeless, natural texture that enhances any space. A long-standing best-seller from Dorell, Artisan blends classic appeal with contemporary elegance."
ARTISAN-2-HARBOR,"Artisan is a sophisticated linen-blend fabric featuring a modern-rustic slub weave, created using a unique combination of multiple yarn types and sizes. With 25% linen content, it offers a timeless, natural texture that enhances any space. A long-standing best-seller from Dorell, Artisan blends classic appeal with contemporary elegance."
ARTISAN-2-MIST,"Artisan is a sophisticated linen-blend fabric featuring a modern-rustic slub weave, created using a unique combination of multiple yarn types and sizes. With 25% linen content, it offers a timeless, natural texture that enhances any space. A long-standing best-seller from Dorell, Artisan blends classic appeal with contemporary elegance."
ARTISAN-2-MOCHA,"Artisan is a sophisticated linen-blend fabric featuring a modern-rustic slub weave, created using a unique combination of multiple yarn types and sizes. With 25% linen content, it offers a timeless, natural texture that enhances any space. A long-standing best-seller from Dorell, Artisan blends classic appeal with contemporary elegance."
ARTISAN-2-MOSS,"Artisan is a sophisticated linen-blend fabric featuring a modern-rustic slub weave, created using a unique combination of multiple yarn types and sizes. With 25% linen content, it offers a timeless, natural texture that enhances any space. A long-standing best-seller from Dorell, Artisan blends classic appeal with contemporary elegance."
ARTISAN-2-MUSHROOM,"Artisan is a sophisticated linen-blend fabric featuring a modern-rustic slub weave, created using a unique combination of multiple yarn types and sizes. With 25% linen content, it offers a timeless, natural texture that enhances any space. A long-standing best-seller from Dorell, Artisan blends classic appeal with contemporary elegance."
ARTISAN-2-PRALINE,"Artisan is a sophisticated linen-blend fabric featuring a modern-rustic slub weave, created using a unique combination of multiple yarn types and sizes. With 25% linen content, it offers a timeless, natural texture that enhances any space. A long-standing best-seller from Dorell, Artisan blends classic appeal with contemporary elegance."
ARTISAN-2-RAVEN,"Artisan is a sophisticated linen-blend fabric featuring a modern-rustic slub weave, created using a unique combination of multiple yarn types and sizes. With 25% linen content, it offers a timeless, natural texture that enhances any space. A long-standing best-seller from Dorell, Artisan blends classic appeal with contemporary elegance."
ARTISAN-2-SAGE,"Artisan is a sophisticated linen-blend fabric featuring a modern-rustic slub weave, created using a unique combination of multiple yarn types and sizes. With 25% linen content, it offers a timeless, natural texture that enhances any space. A long-standing best-seller from Dorell, Artisan blends classic appeal with contemporary elegance."
ARTISAN-2-SAND,"Artisan is a sophisticated linen-blend fabric featuring a modern-rustic slub weave, created using a unique combination of multiple yarn types and sizes. With 25% linen content, it offers a timeless, natural texture that enhances any space. A long-standing best-seller from Dorell, Artisan blends classic appeal with contemporary elegance."
ARTISAN-2-SEAFOAM,"Artisan is a sophisticated linen-blend fabric featuring a modern-rustic slub weave, created using a unique combination of multiple yarn types and sizes. With 25% linen content, it offers a timeless, natural texture that enhances any space. A long-standing best-seller from Dorell, Artisan blends classic appeal with contemporary elegance."
ARTISAN-2-SNOW,"Artisan is a sophisticated linen-blend fabric featuring a modern-rustic slub weave, created using a unique combination of multiple yarn types and sizes. With 25% linen content, it offers a timeless, natural texture that enhances any space. A long-standing best-seller from Dorell, Artisan blends classic appeal with contemporary elegance."
ARTISAN-2-SPA,"Artisan is a sophisticated linen-blend fabric featuring a modern-rustic slub weave, created using a unique combination of multiple yarn types and sizes. With 25% linen content, it offers a timeless, natural texture that enhances any space. A long-standing best-seller from Dorell, Artisan blends classic appeal with contemporary elegance."
ARTISAN-2-STEEL,"Artisan is a sophisticated linen-blend fabric featuring a modern-rustic slub weave, created using a unique combination of multiple yarn types and sizes. With 25% linen content, it offers a timeless, natural texture that enhances any space. A long-standing best-seller from Dorell, Artisan blends classic appeal with contemporary elegance."
ASHFORD-WF-ASSORTED,"Ashford weaves a multicolor basketweave in heathered yarns, creating a textured solid with classic styling reminiscent of a wool tweed. Its rich, tonal depth lends warmth and timeless appeal to any interior."
ASHFORD-C0-DESERT,"Ashford weaves a multicolor basketweave in heathered yarns, creating a textured solid with classic styling reminiscent of a wool tweed. Its rich, tonal depth lends warmth and timeless appeal to any interior."
ASHFORD-C0-DOVE,"Ashford weaves a multicolor basketweave in heathered yarns, creating a textured solid with classic styling reminiscent of a wool tweed. Its rich, tonal depth lends warmth and timeless appeal to any interior."
ASHFORD-C0-ESPRESSO,"Ashford weaves a multicolor basketweave in heathered yarns, creating a textured solid with classic styling reminiscent of a wool tweed. Its rich, tonal depth lends warmth and timeless appeal to any interior."
ASHFORD-C0-FOG,"Ashford weaves a multicolor basketweave in heathered yarns, creating a textured solid with classic styling reminiscent of a wool tweed. Its rich, tonal depth lends warmth and timeless appeal to any interior."
ASHFORD-C0-GINGER,"Ashford weaves a multicolor basketweave in heathered yarns, creating a textured solid with classic styling reminiscent of a wool tweed. Its rich, tonal depth lends warmth and timeless appeal to any interior."
ASHFORD-C0-GRAPHITE,"Ashford weaves a multicolor basketweave in heathered yarns, creating a textured solid with classic styling reminiscent of a wool tweed. Its rich, tonal depth lends warmth and timeless appeal to any interior."
ASHFORD-C0-MIDNIGHT,"Ashford weaves a multicolor basketweave in heathered yarns, creating a textured solid with classic styling reminiscent of a wool tweed. Its rich, tonal depth lends warmth and timeless appeal to any interior."
ASHFORD-C0-MUSHROOM,"Ashford weaves a multicolor basketweave in heathered yarns, creating a textured solid with classic styling reminiscent of a wool tweed. Its rich, tonal depth lends warmth and timeless appeal to any interior."
ASHFORD-C0-SAND,"Ashford weaves a multicolor basketweave in heathered yarns, creating a textured solid with classic styling reminiscent of a wool tweed. Its rich, tonal depth lends warmth and timeless appeal to any interior."
ASHFORD-C0-SPICE,"Ashford weaves a multicolor basketweave in heathered yarns, creating a textured solid with classic styling reminiscent of a wool tweed. Its rich, tonal depth lends warmth and timeless appeal to any interior."
ASHFORD-C0-STEEL,"Ashford weaves a multicolor basketweave in heathered yarns, creating a textured solid with classic styling reminiscent of a wool tweed. Its rich, tonal depth lends warmth and timeless appeal to any interior."
ASHFORD-C0-STONE,"Ashford weaves a multicolor basketweave in heathered yarns, creating a textured solid with classic styling reminiscent of a wool tweed. Its rich, tonal depth lends warmth and timeless appeal to any interior."
ASHFORD-C0-SUGAR,"Ashford weaves a multicolor basketweave in heathered yarns, creating a textured solid with classic styling reminiscent of a wool tweed. Its rich, tonal depth lends warmth and timeless appeal to any interior."
AVRA-WF-ASSORTED,"AVRA brings a plush hand to a jacquard with an abstract, artful pattern. Soft to the touch and visually rich, it adds a modern, expressive layer to any space."
AVRA-CAMEL,"AVRA brings a plush hand to a jacquard with an abstract, artful pattern. Soft to the touch and visually rich, it adds a modern, expressive layer to any space."
AVRA-ESPRESSO,"AVRA brings a plush hand to a jacquard with an abstract, artful pattern. Soft to the touch and visually rich, it adds a modern, expressive layer to any space."
AVRA-GRAPHITE,"AVRA brings a plush hand to a jacquard with an abstract, artful pattern. Soft to the touch and visually rich, it adds a modern, expressive layer to any space."
AVRA-MAUVE,"AVRA brings a plush hand to a jacquard with an abstract, artful pattern. Soft to the touch and visually rich, it adds a modern, expressive layer to any space."
AVRA-OLIVE,"AVRA brings a plush hand to a jacquard with an abstract, artful pattern. Soft to the touch and visually rich, it adds a modern, expressive layer to any space."
AVRA-PEARL,"AVRA brings a plush hand to a jacquard with an abstract, artful pattern. Soft to the touch and visually rich, it adds a modern, expressive layer to any space."
AVRA-STONE,"AVRA brings a plush hand to a jacquard with an abstract, artful pattern. Soft to the touch and visually rich, it adds a modern, expressive layer to any space."
AVRA-SUGAR,"AVRA brings a plush hand to a jacquard with an abstract, artful pattern. Soft to the touch and visually rich, it adds a modern, expressive layer to any space."
BARDOT-WF-ASSORTED,"Bardot is a heathered basketweave with a distinctive pebbled surface, delivering relaxed warmth and tactile comfort."
BARDOT-ALOE,"Bardot is a heathered basketweave with a distinctive pebbled surface, delivering relaxed warmth and tactile comfort."
BARDOT-BIRCH,"Bardot is a heathered basketweave with a distinctive pebbled surface, delivering relaxed warmth and tactile comfort."
BARDOT-FOG,"Bardot is a heathered basketweave with a distinctive pebbled surface, delivering relaxed warmth and tactile comfort."
BARDOT-GRAPHITE,"Bardot is a heathered basketweave with a distinctive pebbled surface, delivering relaxed warmth and tactile comfort."
BARDOT-HAZELNUT,"Bardot is a heathered basketweave with a distinctive pebbled surface, delivering relaxed warmth and tactile comfort."
BARDOT-JUNGLE,"Bardot is a heathered basketweave with a distinctive pebbled surface, delivering relaxed warmth and tactile comfort."
BARDOT-LATTE,"Bardot is a heathered basketweave with a distinctive pebbled surface, delivering relaxed warmth and tactile comfort."
BARDOT-OAT,"Bardot is a heathered basketweave with a distinctive pebbled surface, delivering relaxed warmth and tactile comfort."
BARDOT-OLIVE,"Bardot is a heathered basketweave with a distinctive pebbled surface, delivering relaxed warmth and tactile comfort."
BARDOT-PEBBLE,"Bardot is a heathered basketweave with a distinctive pebbled surface, delivering relaxed warmth and tactile comfort."
BARDOT-RUST,"Bardot is a heathered basketweave with a distinctive pebbled surface, delivering relaxed warmth and tactile comfort."
BARDOT-SAFARI,"Bardot is a heathered basketweave with a distinctive pebbled surface, delivering relaxed warmth and tactile comfort."
BARDOT-SKY,"Bardot is a heathered basketweave with a distinctive pebbled surface, delivering relaxed warmth and tactile comfort."
BARDOT-SLATE,"Bardot is a heathered basketweave with a distinctive pebbled surface, delivering relaxed warmth and tactile comfort."
BARDOT-SNOW,"Bardot is a heathered basketweave with a distinctive pebbled surface, delivering relaxed warmth and tactile comfort."
BARDOT-TRUFFLE,"Bardot is a heathered basketweave with a distinctive pebbled surface, delivering relaxed warmth and tactile comfort."
BAYLIN-WF-ASSORTED,BAYLIN brings multicolor depth and lively texture to a versatile woven solid. Its dimensional surface adds character to any space.
BAYLIN-C0-BALLET,BAYLIN brings multicolor depth and lively texture to a versatile woven solid. Its dimensional surface adds character to any space.
BAYLIN-C0-BIRCH,BAYLIN brings multicolor depth and lively texture to a versatile woven solid. Its dimensional surface adds character to any space.
BAYLIN-C0-CAMEL,BAYLIN brings multicolor depth and lively texture to a versatile woven solid. Its dimensional surface adds character to any space.
BAYLIN-C0-DOVE,BAYLIN brings multicolor depth and lively texture to a versatile woven solid. Its dimensional surface adds character to any space.
BAYLIN-C0-FREBL,BAYLIN brings multicolor depth and lively texture to a versatile woven solid. Its dimensional surface adds character to any space.
BAYLIN-C0-GRAPHITE,BAYLIN brings multicolor depth and lively texture to a versatile woven solid. Its dimensional surface adds character to any space.
BAYLIN-C0-MIDNIGHT,BAYLIN brings multicolor depth and lively texture to a versatile woven solid. Its dimensional surface adds character to any space.
BAYLIN-C0-MUSHROOM,BAYLIN brings multicolor depth and lively texture to a versatile woven solid. Its dimensional surface adds character to any space.
BAYLIN-C0-PEARL,BAYLIN brings multicolor depth and lively texture to a versatile woven solid. Its dimensional surface adds character to any space.
BAYLIN-C0-SAFARI,BAYLIN brings multicolor depth and lively texture to a versatile woven solid. Its dimensional surface adds character to any space.
BAYLIN-C0-SLATE,BAYLIN brings multicolor depth and lively texture to a versatile woven solid. Its dimensional surface adds character to any space.
BAYLIN-C0-THYME,BAYLIN brings multicolor depth and lively texture to a versatile woven solid. Its dimensional surface adds character to any space.
BEC-WF-ASSORTED,"Bec evokes the relaxed, organic character of natural linen, while its artisanal weave creates authentic, handcrafted warmth."
BEC-C0-BIRCH,"Bec evokes the relaxed, organic character of natural linen, while its artisanal weave creates authentic, handcrafted warmth."
BEC-C0-CAMEL,"Bec evokes the relaxed, organic character of natural linen, while its artisanal weave creates authentic, handcrafted warmth."
BEC-C0-CARBON,"Bec evokes the relaxed, organic character of natural linen, while its artisanal weave creates authentic, handcrafted warmth."
BEC-C0-DOVE,"Bec evokes the relaxed, organic character of natural linen, while its artisanal weave creates authentic, handcrafted warmth."
BEC-C0-FRENCH-BLUE,"Bec evokes the relaxed, organic character of natural linen, while its artisanal weave creates authentic, handcrafted warmth."
BEC-C0-FROST,"Bec evokes the relaxed, organic character of natural linen, while its artisanal weave creates authentic, handcrafted warmth."
BEC-C0-LATTE,"Bec evokes the relaxed, organic character of natural linen, while its artisanal weave creates authentic, handcrafted warmth."
BEC-C0-MIDNIGHT,"Bec evokes the relaxed, organic character of natural linen, while its artisanal weave creates authentic, handcrafted warmth."
BEC-C0-MUSHROOM,"Bec evokes the relaxed, organic character of natural linen, while its artisanal weave creates authentic, handcrafted warmth."
BEC-C0-PEBBLE,"Bec evokes the relaxed, organic character of natural linen, while its artisanal weave creates authentic, handcrafted warmth."
BEC-C0-SAFARI,"Bec evokes the relaxed, organic character of natural linen, while its artisanal weave creates authentic, handcrafted warmth."
BEC-C0-STONE,"Bec evokes the relaxed, organic character of natural linen, while its artisanal weave creates authentic, handcrafted warmth."
BEC-C0-SURF,"Bec evokes the relaxed, organic character of natural linen, while its artisanal weave creates authentic, handcrafted warmth."
BEC-C0-THYME,"Bec evokes the relaxed, organic character of natural linen, while its artisanal weave creates authentic, handcrafted warmth."
BEC-C0-TRUFFLE,"Bec evokes the relaxed, organic character of natural linen, while its artisanal weave creates authentic, handcrafted warmth."
BENSON-UV-WF-ASST,"Benson-UV is a slubbed bouclé tweed that blends color and texture for added visual interest. Solution-dyed for lasting performance and appearance, it also offers bleach-cleanable durability for easy care."
BENSON-UV-FREBL,"Benson-UV is a slubbed bouclé tweed that blends color and texture for added visual interest. Solution-dyed for lasting performance and appearance, it also offers bleach-cleanable durability for easy care."
BENSON-UV-FROST,"Benson-UV is a slubbed bouclé tweed that blends color and texture for added visual interest. Solution-dyed for lasting performance and appearance, it also offers bleach-cleanable durability for easy care."
BENSON-UV-HONEY,"Benson-UV is a slubbed bouclé tweed that blends color and texture for added visual interest. Solution-dyed for lasting performance and appearance, it also offers bleach-cleanable durability for easy care."
BENSON-UV-MESA,"Benson-UV is a slubbed bouclé tweed that blends color and texture for added visual interest. Solution-dyed for lasting performance and appearance, it also offers bleach-cleanable durability for easy care."
BENSON-UV-MINERAL,"Benson-UV is a slubbed bouclé tweed that blends color and texture for added visual interest. Solution-dyed for lasting performance and appearance, it also offers bleach-cleanable durability for easy care."
BENSON-UV-MUSHROOM,"Benson-UV is a slubbed bouclé tweed that blends color and texture for added visual interest. Solution-dyed for lasting performance and appearance, it also offers bleach-cleanable durability for easy care."
BENSON-UV-PEARL,"Benson-UV is a slubbed bouclé tweed that blends color and texture for added visual interest. Solution-dyed for lasting performance and appearance, it also offers bleach-cleanable durability for easy care."
BENSON-UV-SNOW,"Benson-UV is a slubbed bouclé tweed that blends color and texture for added visual interest. Solution-dyed for lasting performance and appearance, it also offers bleach-cleanable durability for easy care."
BENSON-UV-STEEL,"Benson-UV is a slubbed bouclé tweed that blends color and texture for added visual interest. Solution-dyed for lasting performance and appearance, it also offers bleach-cleanable durability for easy care."
BENSON-UV-STONE,"Benson-UV is a slubbed bouclé tweed that blends color and texture for added visual interest. Solution-dyed for lasting performance and appearance, it also offers bleach-cleanable durability for easy care."
BENSON-UV-THYME,"Benson-UV is a slubbed bouclé tweed that blends color and texture for added visual interest. Solution-dyed for lasting performance and appearance, it also offers bleach-cleanable durability for easy care."
BENSON-UV-TRUFFLE,"Benson-UV is a slubbed bouclé tweed that blends color and texture for added visual interest. Solution-dyed for lasting performance and appearance, it also offers bleach-cleanable durability for easy care."
BISOU-WF-ASSORTED,"Bisou offers a velvet-like chenille with a vintaged, washed-down look for a look that feels both polished and lived-in."
BISOU-C0-BIRCH,"Bisou offers a velvet-like chenille with a vintaged, washed-down look for a look that feels both polished and lived-in."
BISOU-C0-CASHMERE,"Bisou offers a velvet-like chenille with a vintaged, washed-down look for a look that feels both polished and lived-in."
BISOU-C0-DOVE,"Bisou offers a velvet-like chenille with a vintaged, washed-down look for a look that feels both polished and lived-in."
BISOU-C0-ESPRESSO,"Bisou offers a velvet-like chenille with a vintaged, washed-down look for a look that feels both polished and lived-in."
BISOU-C0-FROST,"Bisou offers a velvet-like chenille with a vintaged, washed-down look for a look that feels both polished and lived-in."
BISOU-C0-GINGER,"Bisou offers a velvet-like chenille with a vintaged, washed-down look for a look that feels both polished and lived-in."
BISOU-C0-GRAPHITE,"Bisou offers a velvet-like chenille with a vintaged, washed-down look for a look that feels both polished and lived-in."
BISOU-C0-IVY,"Bisou offers a velvet-like chenille with a vintaged, washed-down look for a look that feels both polished and lived-in."
BISOU-C0-LATTE,"Bisou offers a velvet-like chenille with a vintaged, washed-down look for a look that feels both polished and lived-in."
BISOU-C0-MERLOT,"Bisou offers a velvet-like chenille with a vintaged, washed-down look for a look that feels both polished and lived-in."
BISOU-C0-MIDNIGHT,"Bisou offers a velvet-like chenille with a vintaged, washed-down look for a look that feels both polished and lived-in."
BISOU-C0-MUSHROOM,"Bisou offers a velvet-like chenille with a vintaged, washed-down look for a look that feels both polished and lived-in."
BISOU-C0-OCEAN,"Bisou offers a velvet-like chenille with a vintaged, washed-down look for a look that feels both polished and lived-in."
BISOU-C0-PEBBLE,"Bisou offers a velvet-like chenille with a vintaged, washed-down look for a look that feels both polished and lived-in."
BISOU-C0-SAGE,"Bisou offers a velvet-like chenille with a vintaged, washed-down look for a look that feels both polished and lived-in."
BISOU-C0-STEEL,"Bisou offers a velvet-like chenille with a vintaged, washed-down look for a look that feels both polished and lived-in."
BISOU-C0-SUGAR,"Bisou offers a velvet-like chenille with a vintaged, washed-down look for a look that feels both polished and lived-in."
BISOU-C0-THYME,"Bisou offers a velvet-like chenille with a vintaged, washed-down look for a look that feels both polished and lived-in."
BISOU-C0-TRUFFLE,"Bisou offers a velvet-like chenille with a vintaged, washed-down look for a look that feels both polished and lived-in."
BRIAR-WF-ASSORTED,"Briar is a bouclé fabric with a soft hand and a natural, textured look. Its heathered yarns add depth and visual interest."
BRIAR-FERN,"Briar is a bouclé fabric with a soft hand and a natural, textured look. Its heathered yarns add depth and visual interest."
BRIAR-FOG,"Briar is a bouclé fabric with a soft hand and a natural, textured look. Its heathered yarns add depth and visual interest."
BRIAR-FROST,"Briar is a bouclé fabric with a soft hand and a natural, textured look. Its heathered yarns add depth and visual interest."
BRIAR-GRAPHITE,"Briar is a bouclé fabric with a soft hand and a natural, textured look. Its heathered yarns add depth and visual interest."
BRIAR-MOCHA,"Briar is a bouclé fabric with a soft hand and a natural, textured look. Its heathered yarns add depth and visual interest."
BRIAR-OAT,"Briar is a bouclé fabric with a soft hand and a natural, textured look. Its heathered yarns add depth and visual interest."
BRIAR-OYSTER,"Briar is a bouclé fabric with a soft hand and a natural, textured look. Its heathered yarns add depth and visual interest."
BRIAR-RUST,"Briar is a bouclé fabric with a soft hand and a natural, textured look. Its heathered yarns add depth and visual interest."
BRIAR-STEEL,"Briar is a bouclé fabric with a soft hand and a natural, textured look. Its heathered yarns add depth and visual interest."
BRIAR-SESAME,"Briar is a bouclé fabric with a soft hand and a natural, textured look. Its heathered yarns add depth and visual interest."
BRUNELLE-WF-ASSORTED,"BRUNELLE uses jacquard patterning on full-faced chenille to create the look of a vintaged velvet. Its soft hand and tonal, old-world depth bring understated elegance to any space."
BRUNELLE-CASHMERE,"BRUNELLE uses jacquard patterning on full-faced chenille to create the look of a vintaged velvet. Its soft hand and tonal, old-world depth bring understated elegance to any space."
BRUNELLE-DESERT,"BRUNELLE uses jacquard patterning on full-faced chenille to create the look of a vintaged velvet. Its soft hand and tonal, old-world depth bring understated elegance to any space."
BRUNELLE-DOVE,"BRUNELLE uses jacquard patterning on full-faced chenille to create the look of a vintaged velvet. Its soft hand and tonal, old-world depth bring understated elegance to any space."
BRUNELLE-GINGER,"BRUNELLE uses jacquard patterning on full-faced chenille to create the look of a vintaged velvet. Its soft hand and tonal, old-world depth bring understated elegance to any space."
BRUNELLE-GRAPHITE,"BRUNELLE uses jacquard patterning on full-faced chenille to create the look of a vintaged velvet. Its soft hand and tonal, old-world depth bring understated elegance to any space."
BRUNELLE-MIDNIGHT,"BRUNELLE uses jacquard patterning on full-faced chenille to create the look of a vintaged velvet. Its soft hand and tonal, old-world depth bring understated elegance to any space."
BRUNELLE-OLIVE,"BRUNELLE uses jacquard patterning on full-faced chenille to create the look of a vintaged velvet. Its soft hand and tonal, old-world depth bring understated elegance to any space."
BRUNELLE-PEARL,"BRUNELLE uses jacquard patterning on full-faced chenille to create the look of a vintaged velvet. Its soft hand and tonal, old-world depth bring understated elegance to any space."
BRUNELLE-RUST,"BRUNELLE uses jacquard patterning on full-faced chenille to create the look of a vintaged velvet. Its soft hand and tonal, old-world depth bring understated elegance to any space."
BRUNELLE-SESAME,"BRUNELLE uses jacquard patterning on full-faced chenille to create the look of a vintaged velvet. Its soft hand and tonal, old-world depth bring understated elegance to any space."
BRUNELLE-SLATE,"BRUNELLE uses jacquard patterning on full-faced chenille to create the look of a vintaged velvet. Its soft hand and tonal, old-world depth bring understated elegance to any space."
BRUNELLE-SNOW,"BRUNELLE uses jacquard patterning on full-faced chenille to create the look of a vintaged velvet. Its soft hand and tonal, old-world depth bring understated elegance to any space."
BRUNELLE-TRUFFLE,"BRUNELLE uses jacquard patterning on full-faced chenille to create the look of a vintaged velvet. Its soft hand and tonal, old-world depth bring understated elegance to any space."
BURL-WF-ASSORTED,"BURL is a linen-look basketweave with a subtle, all-over texture that reads as a refined solid. Understated and versatile, it works beautifully as a quiet foundation in any room."
BURL-C0-CANYON,"BURL is a linen-look basketweave with a subtle, all-over texture that reads as a refined solid. Understated and versatile, it works beautifully as a quiet foundation in any room."
BURL-C0-CHARCOAL,"BURL is a linen-look basketweave with a subtle, all-over texture that reads as a refined solid. Understated and versatile, it works beautifully as a quiet foundation in any room."
BURL-C0-DOVE,"BURL is a linen-look basketweave with a subtle, all-over texture that reads as a refined solid. Understated and versatile, it works beautifully as a quiet foundation in any room."
BURL-C0-FROST,"BURL is a linen-look basketweave with a subtle, all-over texture that reads as a refined solid. Understated and versatile, it works beautifully as a quiet foundation in any room."
BURL-C0-GRAPHITE,"BURL is a linen-look basketweave with a subtle, all-over texture that reads as a refined solid. Understated and versatile, it works beautifully as a quiet foundation in any room."
BURL-C0-MIDNIGHT,"BURL is a linen-look basketweave with a subtle, all-over texture that reads as a refined solid. Understated and versatile, it works beautifully as a quiet foundation in any room."
BURL-C0-MUSHROOM,"BURL is a linen-look basketweave with a subtle, all-over texture that reads as a refined solid. Understated and versatile, it works beautifully as a quiet foundation in any room."
BURL-C0-PEARL,"BURL is a linen-look basketweave with a subtle, all-over texture that reads as a refined solid. Understated and versatile, it works beautifully as a quiet foundation in any room."
BURL-C0-PEBBLE,"BURL is a linen-look basketweave with a subtle, all-over texture that reads as a refined solid. Understated and versatile, it works beautifully as a quiet foundation in any room."
BURL-C0-SAFARI,"BURL is a linen-look basketweave with a subtle, all-over texture that reads as a refined solid. Understated and versatile, it works beautifully as a quiet foundation in any room."
BURL-C0-STEEL,"BURL is a linen-look basketweave with a subtle, all-over texture that reads as a refined solid. Understated and versatile, it works beautifully as a quiet foundation in any room."
BURL-C0-SUGAR,"BURL is a linen-look basketweave with a subtle, all-over texture that reads as a refined solid. Understated and versatile, it works beautifully as a quiet foundation in any room."
CALVIN-WF-ASSORTED,"Calvin is a durable washed chenille fabric with a pebbled weave and a soft, textured surface for a relaxed, casual feel with cleanability."
CALVIN-CARBON,"Calvin is a durable washed chenille fabric with a pebbled weave and a soft, textured surface for a relaxed, casual feel with cleanability."
CALVIN-CLOUD,"Calvin is a durable washed chenille fabric with a pebbled weave and a soft, textured surface for a relaxed, casual feel with cleanability."
CALVIN-DOVE,"Calvin is a durable washed chenille fabric with a pebbled weave and a soft, textured surface for a relaxed, casual feel with cleanability."
CALVIN-ESPRESSO,"Calvin is a durable washed chenille fabric with a pebbled weave and a soft, textured surface for a relaxed, casual feel with cleanability."
CALVIN-GINGER,"Calvin is a durable washed chenille fabric with a pebbled weave and a soft, textured surface for a relaxed, casual feel with cleanability."
CALVIN-GRAPE,"Calvin is a durable washed chenille fabric with a pebbled weave and a soft, textured surface for a relaxed, casual feel with cleanability."
CALVIN-GRAPHITE,"Calvin is a durable washed chenille fabric with a pebbled weave and a soft, textured surface for a relaxed, casual feel with cleanability."
CALVIN-JUNGLE,"Calvin is a durable washed chenille fabric with a pebbled weave and a soft, textured surface for a relaxed, casual feel with cleanability."
CALVIN-LATTE,"Calvin is a durable washed chenille fabric with a pebbled weave and a soft, textured surface for a relaxed, casual feel with cleanability."
CALVIN-MIDNIGHT,"Calvin is a durable washed chenille fabric with a pebbled weave and a soft, textured surface for a relaxed, casual feel with cleanability."
CALVIN-OAT,"Calvin is a durable washed chenille fabric with a pebbled weave and a soft, textured surface for a relaxed, casual feel with cleanability."
CALVIN-OCEAN,"Calvin is a durable washed chenille fabric with a pebbled weave and a soft, textured surface for a relaxed, casual feel with cleanability."
CALVIN-OLIVE,"Calvin is a durable washed chenille fabric with a pebbled weave and a soft, textured surface for a relaxed, casual feel with cleanability."
CAMILA-WF-ASSORTED,"Camila is a beautifully crafted chenille basketweave with a natural linen fleck that adds depth and texture. With 5% linen for subtle tone-on-tone color and a soft, cozy hand, it brings timeless warmth and a casual look and feel to any space."
CAMILA-ALOE,"Camila is a beautifully crafted chenille basketweave with a natural linen fleck that adds depth and texture. With 5% linen for subtle tone-on-tone color and a soft, cozy hand, it brings timeless warmth and a casual look and feel to any space."
CAMILA-CAMEL,"Camila is a beautifully crafted chenille basketweave with a natural linen fleck that adds depth and texture. With 5% linen for subtle tone-on-tone color and a soft, cozy hand, it brings timeless warmth and a casual look and feel to any space."
CAMILA-CASHEW,"Camila is a beautifully crafted chenille basketweave with a natural linen fleck that adds depth and texture. With 5% linen for subtle tone-on-tone color and a soft, cozy hand, it brings timeless warmth and a casual look and feel to any space."
CAMILA-CHARCOAL,"Camila is a beautifully crafted chenille basketweave with a natural linen fleck that adds depth and texture. With 5% linen for subtle tone-on-tone color and a soft, cozy hand, it brings timeless warmth and a casual look and feel to any space."
CAMILA-DOVE,"Camila is a beautifully crafted chenille basketweave with a natural linen fleck that adds depth and texture. With 5% linen for subtle tone-on-tone color and a soft, cozy hand, it brings timeless warmth and a casual look and feel to any space."
CAMILA-ECLIPSE,"Camila is a beautifully crafted chenille basketweave with a natural linen fleck that adds depth and texture. With 5% linen for subtle tone-on-tone color and a soft, cozy hand, it brings timeless warmth and a casual look and feel to any space."
CAMILA-ESPRESSO,"Camila is a beautifully crafted chenille basketweave with a natural linen fleck that adds depth and texture. With 5% linen for subtle tone-on-tone color and a soft, cozy hand, it brings timeless warmth and a casual look and feel to any space."
CAMILA-GINGER,"Camila is a beautifully crafted chenille basketweave with a natural linen fleck that adds depth and texture. With 5% linen for subtle tone-on-tone color and a soft, cozy hand, it brings timeless warmth and a casual look and feel to any space."
CAMILA-GRAPHITE,"Camila is a beautifully crafted chenille basketweave with a natural linen fleck that adds depth and texture. With 5% linen for subtle tone-on-tone color and a soft, cozy hand, it brings timeless warmth and a casual look and feel to any space."
CAMILA-INDIGO,"Camila is a beautifully crafted chenille basketweave with a natural linen fleck that adds depth and texture. With 5% linen for subtle tone-on-tone color and a soft, cozy hand, it brings timeless warmth and a casual look and feel to any space."
CAMILA-MOCHA,"Camila is a beautifully crafted chenille basketweave with a natural linen fleck that adds depth and texture. With 5% linen for subtle tone-on-tone color and a soft, cozy hand, it brings timeless warmth and a casual look and feel to any space."
CAMILA-MUSHROOM,"Camila is a beautifully crafted chenille basketweave with a natural linen fleck that adds depth and texture. With 5% linen for subtle tone-on-tone color and a soft, cozy hand, it brings timeless warmth and a casual look and feel to any space."
CAMILA-OATMEAL,"Camila is a beautifully crafted chenille basketweave with a natural linen fleck that adds depth and texture. With 5% linen for subtle tone-on-tone color and a soft, cozy hand, it brings timeless warmth and a casual look and feel to any space."
CAMILA-OCHER,"Camila is a beautifully crafted chenille basketweave with a natural linen fleck that adds depth and texture. With 5% linen for subtle tone-on-tone color and a soft, cozy hand, it brings timeless warmth and a casual look and feel to any space."
CAMILA-OLIVE,"Camila is a beautifully crafted chenille basketweave with a natural linen fleck that adds depth and texture. With 5% linen for subtle tone-on-tone color and a soft, cozy hand, it brings timeless warmth and a casual look and feel to any space."
CAMILA-OYSTER,"Camila is a beautifully crafted chenille basketweave with a natural linen fleck that adds depth and texture. With 5% linen for subtle tone-on-tone color and a soft, cozy hand, it brings timeless warmth and a casual look and feel to any space."
CAMILA-PACIFIC,"Camila is a beautifully crafted chenille basketweave with a natural linen fleck that adds depth and texture. With 5% linen for subtle tone-on-tone color and a soft, cozy hand, it brings timeless warmth and a casual look and feel to any space."
CAMILA-PEBBLE,"Camila is a beautifully crafted chenille basketweave with a natural linen fleck that adds depth and texture. With 5% linen for subtle tone-on-tone color and a soft, cozy hand, it brings timeless warmth and a casual look and feel to any space."
CAMILA-PEONY,"Camila is a beautifully crafted chenille basketweave with a natural linen fleck that adds depth and texture. With 5% linen for subtle tone-on-tone color and a soft, cozy hand, it brings timeless warmth and a casual look and feel to any space."
CAMILA-RUST,"Camila is a beautifully crafted chenille basketweave with a natural linen fleck that adds depth and texture. With 5% linen for subtle tone-on-tone color and a soft, cozy hand, it brings timeless warmth and a casual look and feel to any space."
CAMILA-SAGE,"Camila is a beautifully crafted chenille basketweave with a natural linen fleck that adds depth and texture. With 5% linen for subtle tone-on-tone color and a soft, cozy hand, it brings timeless warmth and a casual look and feel to any space."
CAMILA-SALMON,"Camila is a beautifully crafted chenille basketweave with a natural linen fleck that adds depth and texture. With 5% linen for subtle tone-on-tone color and a soft, cozy hand, it brings timeless warmth and a casual look and feel to any space."
CAMILA-SAND,"Camila is a beautifully crafted chenille basketweave with a natural linen fleck that adds depth and texture. With 5% linen for subtle tone-on-tone color and a soft, cozy hand, it brings timeless warmth and a casual look and feel to any space."
CAMILA-SILVER,"Camila is a beautifully crafted chenille basketweave with a natural linen fleck that adds depth and texture. With 5% linen for subtle tone-on-tone color and a soft, cozy hand, it brings timeless warmth and a casual look and feel to any space."
CAMILA-SLATE,"Camila is a beautifully crafted chenille basketweave with a natural linen fleck that adds depth and texture. With 5% linen for subtle tone-on-tone color and a soft, cozy hand, it brings timeless warmth and a casual look and feel to any space."
CAMILA-SMOKE,"Camila is a beautifully crafted chenille basketweave with a natural linen fleck that adds depth and texture. With 5% linen for subtle tone-on-tone color and a soft, cozy hand, it brings timeless warmth and a casual look and feel to any space."
CAMILA-SPA,"Camila is a beautifully crafted chenille basketweave with a natural linen fleck that adds depth and texture. With 5% linen for subtle tone-on-tone color and a soft, cozy hand, it brings timeless warmth and a casual look and feel to any space."
CAMILA-SPICE,"Camila is a beautifully crafted chenille basketweave with a natural linen fleck that adds depth and texture. With 5% linen for subtle tone-on-tone color and a soft, cozy hand, it brings timeless warmth and a casual look and feel to any space."
CAMILA-STEEL,"Camila is a beautifully crafted chenille basketweave with a natural linen fleck that adds depth and texture. With 5% linen for subtle tone-on-tone color and a soft, cozy hand, it brings timeless warmth and a casual look and feel to any space."
CAMILA-TRUFFLE,"Camila is a beautifully crafted chenille basketweave with a natural linen fleck that adds depth and texture. With 5% linen for subtle tone-on-tone color and a soft, cozy hand, it brings timeless warmth and a casual look and feel to any space."
CAMPBELL-UV-WF-ASST,"Campbell-UV is a true menswear-inspired chenille featuring a soft hand and refined yarn-dyed basketweave. Solution-dyed for modern care in a classic fabric, it also offers bleach-cleanable durability for easy maintenance."
CAMPBELL-UV-BIRCH,"Campbell-UV is a true menswear-inspired chenille featuring a soft hand and refined yarn-dyed basketweave. Solution-dyed for modern care in a classic fabric, it also offers bleach-cleanable durability for easy maintenance."
CAMPBELL-UV-CARBON,"Campbell-UV is a true menswear-inspired chenille featuring a soft hand and refined yarn-dyed basketweave. Solution-dyed for modern care in a classic fabric, it also offers bleach-cleanable durability for easy maintenance."
CAMPBELL-UV-CLOUD,"Campbell-UV is a true menswear-inspired chenille featuring a soft hand and refined yarn-dyed basketweave. Solution-dyed for modern care in a classic fabric, it also offers bleach-cleanable durability for easy maintenance."
CAMPBELL-UV-FOG,"Campbell-UV is a true menswear-inspired chenille featuring a soft hand and refined yarn-dyed basketweave. Solution-dyed for modern care in a classic fabric, it also offers bleach-cleanable durability for easy maintenance."
CAMPBELL-UV-FROST,"Campbell-UV is a true menswear-inspired chenille featuring a soft hand and refined yarn-dyed basketweave. Solution-dyed for modern care in a classic fabric, it also offers bleach-cleanable durability for easy maintenance."
CAMPBELL-UV-JUNGLE,"Campbell-UV is a true menswear-inspired chenille featuring a soft hand and refined yarn-dyed basketweave. Solution-dyed for modern care in a classic fabric, it also offers bleach-cleanable durability for easy maintenance."
CAMPBELL-UV-MIDNIGHT,"Campbell-UV is a true menswear-inspired chenille featuring a soft hand and refined yarn-dyed basketweave. Solution-dyed for modern care in a classic fabric, it also offers bleach-cleanable durability for easy maintenance."
CAMPBELL-UV-MUSHROOM,"Campbell-UV is a true menswear-inspired chenille featuring a soft hand and refined yarn-dyed basketweave. Solution-dyed for modern care in a classic fabric, it also offers bleach-cleanable durability for easy maintenance."
CAMPBELL-UV-PEARL,"Campbell-UV is a true menswear-inspired chenille featuring a soft hand and refined yarn-dyed basketweave. Solution-dyed for modern care in a classic fabric, it also offers bleach-cleanable durability for easy maintenance."
CAMPBELL-UV-PEBBLE,"Campbell-UV is a true menswear-inspired chenille featuring a soft hand and refined yarn-dyed basketweave. Solution-dyed for modern care in a classic fabric, it also offers bleach-cleanable durability for easy maintenance."
CAMPBELL-UV-SAFARI,"Campbell-UV is a true menswear-inspired chenille featuring a soft hand and refined yarn-dyed basketweave. Solution-dyed for modern care in a classic fabric, it also offers bleach-cleanable durability for easy maintenance."
CAMPBELL-UV-SESAME,"Campbell-UV is a true menswear-inspired chenille featuring a soft hand and refined yarn-dyed basketweave. Solution-dyed for modern care in a classic fabric, it also offers bleach-cleanable durability for easy maintenance."
CAMPBELL-UV-SMOKE,"Campbell-UV is a true menswear-inspired chenille featuring a soft hand and refined yarn-dyed basketweave. Solution-dyed for modern care in a classic fabric, it also offers bleach-cleanable durability for easy maintenance."
CAMPBELL-UV-TAUPE,"Campbell-UV is a true menswear-inspired chenille featuring a soft hand and refined yarn-dyed basketweave. Solution-dyed for modern care in a classic fabric, it also offers bleach-cleanable durability for easy maintenance."
CAMPBELL-UV-TRUFFLE,"Campbell-UV is a true menswear-inspired chenille featuring a soft hand and refined yarn-dyed basketweave. Solution-dyed for modern care in a classic fabric, it also offers bleach-cleanable durability for easy maintenance."
CHROMA-WF-ASSORTED,"CHROMA is a multicolor tweed woven with boucle yarns and featuring a flecked, dimensional surface. Its rich mix of tones brings depth and texture to any room."
CHROMA-C0-CASHMERE,"CHROMA is a multicolor tweed woven with boucle yarns and featuring a flecked, dimensional surface. Its rich mix of tones brings depth and texture to any room."
CHROMA-C0-MIST,"CHROMA is a multicolor tweed woven with boucle yarns and featuring a flecked, dimensional surface. Its rich mix of tones brings depth and texture to any room."
CHROMA-C0-MUSHROOM,"CHROMA is a multicolor tweed woven with boucle yarns and featuring a flecked, dimensional surface. Its rich mix of tones brings depth and texture to any room."
CHROMA-C0-OAT,"CHROMA is a multicolor tweed woven with boucle yarns and featuring a flecked, dimensional surface. Its rich mix of tones brings depth and texture to any room."
CHROMA-C0-PEARL,"CHROMA is a multicolor tweed woven with boucle yarns and featuring a flecked, dimensional surface. Its rich mix of tones brings depth and texture to any room."
CHROMA-C0-RUST,"CHROMA is a multicolor tweed woven with boucle yarns and featuring a flecked, dimensional surface. Its rich mix of tones brings depth and texture to any room."
CHROMA-C0-SAFARI,"CHROMA is a multicolor tweed woven with boucle yarns and featuring a flecked, dimensional surface. Its rich mix of tones brings depth and texture to any room."
CHROMA-C0-SESAME,"CHROMA is a multicolor tweed woven with boucle yarns and featuring a flecked, dimensional surface. Its rich mix of tones brings depth and texture to any room."
CHROMA-C0-SLATE,"CHROMA is a multicolor tweed woven with boucle yarns and featuring a flecked, dimensional surface. Its rich mix of tones brings depth and texture to any room."
CHROMA-C0-STONE,"CHROMA is a multicolor tweed woven with boucle yarns and featuring a flecked, dimensional surface. Its rich mix of tones brings depth and texture to any room."
COASTIA-WF-ASSORTED,"COASTIA is an easy linen-look weave with a relaxed, natural character. Soft and understated, it brings a breezy, coastal feel to any space."
COASTIA-C0-BIRCH,"COASTIA is an easy linen-look weave with a relaxed, natural character. Soft and understated, it brings a breezy, coastal feel to any space."
COASTIA-C0-CARBON,"COASTIA is an easy linen-look weave with a relaxed, natural character. Soft and understated, it brings a breezy, coastal feel to any space."
COASTIA-C0-CHESTNUT,"COASTIA is an easy linen-look weave with a relaxed, natural character. Soft and understated, it brings a breezy, coastal feel to any space."
COASTIA-C0-DOVE,"COASTIA is an easy linen-look weave with a relaxed, natural character. Soft and understated, it brings a breezy, coastal feel to any space."
COASTIA-C0-FROST,"COASTIA is an easy linen-look weave with a relaxed, natural character. Soft and understated, it brings a breezy, coastal feel to any space."
COASTIA-C0-MUSHROOM,"COASTIA is an easy linen-look weave with a relaxed, natural character. Soft and understated, it brings a breezy, coastal feel to any space."
COASTIA-C0-ONYX,"COASTIA is an easy linen-look weave with a relaxed, natural character. Soft and understated, it brings a breezy, coastal feel to any space."
COASTIA-C0-PEARL,"COASTIA is an easy linen-look weave with a relaxed, natural character. Soft and understated, it brings a breezy, coastal feel to any space."
COASTIA-C0-SAFARI,"COASTIA is an easy linen-look weave with a relaxed, natural character. Soft and understated, it brings a breezy, coastal feel to any space."
COASTIA-C0-SNOW,"COASTIA is an easy linen-look weave with a relaxed, natural character. Soft and understated, it brings a breezy, coastal feel to any space."
COASTIA-C0-SUGAR,"COASTIA is an easy linen-look weave with a relaxed, natural character. Soft and understated, it brings a breezy, coastal feel to any space."
COASTIA-C0-SURF,"COASTIA is an easy linen-look weave with a relaxed, natural character. Soft and understated, it brings a breezy, coastal feel to any space."
COASTIA-C0-TRUFFLE,"COASTIA is an easy linen-look weave with a relaxed, natural character. Soft and understated, it brings a breezy, coastal feel to any space."
DANSEN-UV-WF-ASSORTED,"DANSEN-UV is a plush, textured chenille with a soft hand. Solution-dyed for easy care, it stays soft and highly cleanable through everyday use."
DANSEN-UV-CASHMERE,"DANSEN-UV is a plush, textured chenille with a soft hand. Solution-dyed for easy care, it stays soft and highly cleanable through everyday use."
DANSEN-UV-CHARCOAL,"DANSEN-UV is a plush, textured chenille with a soft hand. Solution-dyed for easy care, it stays soft and highly cleanable through everyday use."
DANSEN-UV-DOVE,"DANSEN-UV is a plush, textured chenille with a soft hand. Solution-dyed for easy care, it stays soft and highly cleanable through everyday use."
DANSEN-UV-FROST,"DANSEN-UV is a plush, textured chenille with a soft hand. Solution-dyed for easy care, it stays soft and highly cleanable through everyday use."
DANSEN-UV-SAFARI,"DANSEN-UV is a plush, textured chenille with a soft hand. Solution-dyed for easy care, it stays soft and highly cleanable through everyday use."
DANSEN-UV-STEEL,"DANSEN-UV is a plush, textured chenille with a soft hand. Solution-dyed for easy care, it stays soft and highly cleanable through everyday use."
DANSEN-UV-STONE,"DANSEN-UV is a plush, textured chenille with a soft hand. Solution-dyed for easy care, it stays soft and highly cleanable through everyday use."
DAYLA-WF-ASSORTED,"Dayla is a multi-textured fabric that combines chenille and boucle, resulting in a richly textured surface. Its tone-on-tone palette adds a refined, rustic charm to any interior."
DAYLA-ALOE,"Dayla is a multi-textured fabric that combines chenille and boucle, resulting in a richly textured surface. Its tone-on-tone palette adds a refined, rustic charm to any interior."
DAYLA-BIRCH,"Dayla is a multi-textured fabric that combines chenille and boucle, resulting in a richly textured surface. Its tone-on-tone palette adds a refined, rustic charm to any interior."
DAYLA-FOG,"Dayla is a multi-textured fabric that combines chenille and boucle, resulting in a richly textured surface. Its tone-on-tone palette adds a refined, rustic charm to any interior."
DAYLA-GRAPHITE,"Dayla is a multi-textured fabric that combines chenille and boucle, resulting in a richly textured surface. Its tone-on-tone palette adds a refined, rustic charm to any interior."
DAYLA-LATTE,"Dayla is a multi-textured fabric that combines chenille and boucle, resulting in a richly textured surface. Its tone-on-tone palette adds a refined, rustic charm to any interior."
DAYLA-MESA,"Dayla is a multi-textured fabric that combines chenille and boucle, resulting in a richly textured surface. Its tone-on-tone palette adds a refined, rustic charm to any interior."
DAYLA-MINERAL,"Dayla is a multi-textured fabric that combines chenille and boucle, resulting in a richly textured surface. Its tone-on-tone palette adds a refined, rustic charm to any interior."
DAYLA-ONYX,"Dayla is a multi-textured fabric that combines chenille and boucle, resulting in a richly textured surface. Its tone-on-tone palette adds a refined, rustic charm to any interior."
DAYLA-SAND,"Dayla is a multi-textured fabric that combines chenille and boucle, resulting in a richly textured surface. Its tone-on-tone palette adds a refined, rustic charm to any interior."
DAYLA-SMOKE,"Dayla is a multi-textured fabric that combines chenille and boucle, resulting in a richly textured surface. Its tone-on-tone palette adds a refined, rustic charm to any interior."
DAYLA-SUGAR,"Dayla is a multi-textured fabric that combines chenille and boucle, resulting in a richly textured surface. Its tone-on-tone palette adds a refined, rustic charm to any interior."
DION-UV-WF-ASSORTED,"Dion-UV uses slubbed yarns to create a linen-like fabric with a chenille hand and classic look. Solution-dyed for easy care and high cleanability, it also offers bleach-cleanable durability for everyday maintenance."
DION-UV-CASHMERE,"Dion-UV uses slubbed yarns to create a linen-like fabric with a chenille hand and classic look. Solution-dyed for easy care and high cleanability, it also offers bleach-cleanable durability for everyday maintenance."
DION-UV-CHESTNUT,"Dion-UV uses slubbed yarns to create a linen-like fabric with a chenille hand and classic look. Solution-dyed for easy care and high cleanability, it also offers bleach-cleanable durability for everyday maintenance."
DION-UV-FOG,"Dion-UV uses slubbed yarns to create a linen-like fabric with a chenille hand and classic look. Solution-dyed for easy care and high cleanability, it also offers bleach-cleanable durability for everyday maintenance."
DION-UV-GRAPHITE,"Dion-UV uses slubbed yarns to create a linen-like fabric with a chenille hand and classic look. Solution-dyed for easy care and high cleanability, it also offers bleach-cleanable durability for everyday maintenance."
DION-UV-JUNGLE,"Dion-UV uses slubbed yarns to create a linen-like fabric with a chenille hand and classic look. Solution-dyed for easy care and high cleanability, it also offers bleach-cleanable durability for everyday maintenance."
DION-UV-MIDNIGHT,"Dion-UV uses slubbed yarns to create a linen-like fabric with a chenille hand and classic look. Solution-dyed for easy care and high cleanability, it also offers bleach-cleanable durability for everyday maintenance."
DION-UV-OLIVE,"Dion-UV uses slubbed yarns to create a linen-like fabric with a chenille hand and classic look. Solution-dyed for easy care and high cleanability, it also offers bleach-cleanable durability for everyday maintenance."
DION-UV-PRALINE,"Dion-UV uses slubbed yarns to create a linen-like fabric with a chenille hand and classic look. Solution-dyed for easy care and high cleanability, it also offers bleach-cleanable durability for everyday maintenance."
DION-UV-SAFARI,"Dion-UV uses slubbed yarns to create a linen-like fabric with a chenille hand and classic look. Solution-dyed for easy care and high cleanability, it also offers bleach-cleanable durability for everyday maintenance."
DION-UV-STEEL,"Dion-UV uses slubbed yarns to create a linen-like fabric with a chenille hand and classic look. Solution-dyed for easy care and high cleanability, it also offers bleach-cleanable durability for everyday maintenance."
DION-UV-SUGAR,"Dion-UV uses slubbed yarns to create a linen-like fabric with a chenille hand and classic look. Solution-dyed for easy care and high cleanability, it also offers bleach-cleanable durability for everyday maintenance."
DION-UV-TRUFFLE,"Dion-UV uses slubbed yarns to create a linen-like fabric with a chenille hand and classic look. Solution-dyed for easy care and high cleanability, it also offers bleach-cleanable durability for everyday maintenance."
DORO-SUEDE-WF-ASSORTED,"Doro Suede is a high-performance faux-suede fabric designed with a luxurious hand feel and modern durability. With liquid-repellent technology, it resists spills and stains while maintaining a velvety texture. Perfect for upholstery and interior applications, Doro Suede combines sophistication with everyday practicality."
DORO-SUEDE-C0-APPLE,"Doro Suede is a high-performance faux-suede fabric designed with a luxurious hand feel and modern durability. With liquid-repellent technology, it resists spills and stains while maintaining a velvety texture. Perfect for upholstery and interior applications, Doro Suede combines sophistication with everyday practicality."
DORO-SUEDE-C0-ARCTIC,"Doro Suede is a high-performance faux-suede fabric designed with a luxurious hand feel and modern durability. With liquid-repellent technology, it resists spills and stains while maintaining a velvety texture. Perfect for upholstery and interior applications, Doro Suede combines sophistication with everyday practicality."
DORO-SUEDE-C0-AZURE,"Doro Suede is a high-performance faux-suede fabric designed with a luxurious hand feel and modern durability. With liquid-repellent technology, it resists spills and stains while maintaining a velvety texture. Perfect for upholstery and interior applications, Doro Suede combines sophistication with everyday practicality."
DORO-SUEDE-C0-BROWN,"Doro Suede is a high-performance faux-suede fabric designed with a luxurious hand feel and modern durability. With liquid-repellent technology, it resists spills and stains while maintaining a velvety texture. Perfect for upholstery and interior applications, Doro Suede combines sophistication with everyday practicality."
DORO-SUEDE-C0-BURNI,"Doro Suede is a high-performance faux-suede fabric designed with a luxurious hand feel and modern durability. With liquid-repellent technology, it resists spills and stains while maintaining a velvety texture. Perfect for upholstery and interior applications, Doro Suede combines sophistication with everyday practicality."
DORO-SUEDE-C0-CAMEL,"Doro Suede is a high-performance faux-suede fabric designed with a luxurious hand feel and modern durability. With liquid-repellent technology, it resists spills and stains while maintaining a velvety texture. Perfect for upholstery and interior applications, Doro Suede combines sophistication with everyday practicality."
DORO-SUEDE-C0-CAPPU,"Doro Suede is a high-performance faux-suede fabric designed with a luxurious hand feel and modern durability. With liquid-repellent technology, it resists spills and stains while maintaining a velvety texture. Perfect for upholstery and interior applications, Doro Suede combines sophistication with everyday practicality."
DORO-SUEDE-C0-CARAM,"Doro Suede is a high-performance faux-suede fabric designed with a luxurious hand feel and modern durability. With liquid-repellent technology, it resists spills and stains while maintaining a velvety texture. Perfect for upholstery and interior applications, Doro Suede combines sophistication with everyday practicality."
DORO-SUEDE-C0-CASHM,"Doro Suede is a high-performance faux-suede fabric designed with a luxurious hand feel and modern durability. With liquid-repellent technology, it resists spills and stains while maintaining a velvety texture. Perfect for upholstery and interior applications, Doro Suede combines sophistication with everyday practicality."
DORO-SUEDE-C0-CHARC,"Doro Suede is a high-performance faux-suede fabric designed with a luxurious hand feel and modern durability. With liquid-repellent technology, it resists spills and stains while maintaining a velvety texture. Perfect for upholstery and interior applications, Doro Suede combines sophistication with everyday practicality."
DORO-SUEDE-C0-CHOCO,"Doro Suede is a high-performance faux-suede fabric designed with a luxurious hand feel and modern durability. With liquid-repellent technology, it resists spills and stains while maintaining a velvety texture. Perfect for upholstery and interior applications, Doro Suede combines sophistication with everyday practicality."
DORO-SUEDE-C0-CINNA,"Doro Suede is a high-performance faux-suede fabric designed with a luxurious hand feel and modern durability. With liquid-repellent technology, it resists spills and stains while maintaining a velvety texture. Perfect for upholstery and interior applications, Doro Suede combines sophistication with everyday practicality."
DORO-SUEDE-C0-CLOUD,"Doro Suede is a high-performance faux-suede fabric designed with a luxurious hand feel and modern durability. With liquid-repellent technology, it resists spills and stains while maintaining a velvety texture. Perfect for upholstery and interior applications, Doro Suede combines sophistication with everyday practicality."
DORO-SUEDE-C0-DIJON,"Doro Suede is a high-performance faux-suede fabric designed with a luxurious hand feel and modern durability. With liquid-repellent technology, it resists spills and stains while maintaining a velvety texture. Perfect for upholstery and interior applications, Doro Suede combines sophistication with everyday practicality."
DORO-SUEDE-C0-DOVEG,"Doro Suede is a high-performance faux-suede fabric designed with a luxurious hand feel and modern durability. With liquid-repellent technology, it resists spills and stains while maintaining a velvety texture. Perfect for upholstery and interior applications, Doro Suede combines sophistication with everyday practicality."
DORO-SUEDE-C0-DUNE,"Doro Suede is a high-performance faux-suede fabric designed with a luxurious hand feel and modern durability. With liquid-repellent technology, it resists spills and stains while maintaining a velvety texture. Perfect for upholstery and interior applications, Doro Suede combines sophistication with everyday practicality."
DORO-SUEDE-C0-EGRET,"Doro Suede is a high-performance faux-suede fabric designed with a luxurious hand feel and modern durability. With liquid-repellent technology, it resists spills and stains while maintaining a velvety texture. Perfect for upholstery and interior applications, Doro Suede combines sophistication with everyday practicality."
DORO-SUEDE-C0-FAWN,"Doro Suede is a high-performance faux-suede fabric designed with a luxurious hand feel and modern durability. With liquid-repellent technology, it resists spills and stains while maintaining a velvety texture. Perfect for upholstery and interior applications, Doro Suede combines sophistication with everyday practicality."
DORO-SUEDE-C0-FOG,"Doro Suede is a high-performance faux-suede fabric designed with a luxurious hand feel and modern durability. With liquid-repellent technology, it resists spills and stains while maintaining a velvety texture. Perfect for upholstery and interior applications, Doro Suede combines sophistication with everyday practicality."
DORO-SUEDE-C0-INDIGO,"Doro Suede is a high-performance faux-suede fabric designed with a luxurious hand feel and modern durability. With liquid-repellent technology, it resists spills and stains while maintaining a velvety texture. Perfect for upholstery and interior applications, Doro Suede combines sophistication with everyday practicality."
DORO-SUEDE-C0-INK,"Doro Suede is a high-performance faux-suede fabric designed with a luxurious hand feel and modern durability. With liquid-repellent technology, it resists spills and stains while maintaining a velvety texture. Perfect for upholstery and interior applications, Doro Suede combines sophistication with everyday practicality."
DORO-SUEDE-C0-MAHOG,"Doro Suede is a high-performance faux-suede fabric designed with a luxurious hand feel and modern durability. With liquid-repellent technology, it resists spills and stains while maintaining a velvety texture. Perfect for upholstery and interior applications, Doro Suede combines sophistication with everyday practicality."
DORO-SUEDE-C0-MAIZE,"Doro Suede is a high-performance faux-suede fabric designed with a luxurious hand feel and modern durability. With liquid-repellent technology, it resists spills and stains while maintaining a velvety texture. Perfect for upholstery and interior applications, Doro Suede combines sophistication with everyday practicality."
DORO-SUEDE-C0-MIDNI,"Doro Suede is a high-performance faux-suede fabric designed with a luxurious hand feel and modern durability. With liquid-repellent technology, it resists spills and stains while maintaining a velvety texture. Perfect for upholstery and interior applications, Doro Suede combines sophistication with everyday practicality."
DORO-SUEDE-C0-MOONL,"Doro Suede is a high-performance faux-suede fabric designed with a luxurious hand feel and modern durability. With liquid-repellent technology, it resists spills and stains while maintaining a velvety texture. Perfect for upholstery and interior applications, Doro Suede combines sophistication with everyday practicality."
DORO-SUEDE-C0-MOSS,"Doro Suede is a high-performance faux-suede fabric designed with a luxurious hand feel and modern durability. With liquid-repellent technology, it resists spills and stains while maintaining a velvety texture. Perfect for upholstery and interior applications, Doro Suede combines sophistication with everyday practicality."
DORO-SUEDE-C0-NAVY,"Doro Suede is a high-performance faux-suede fabric designed with a luxurious hand feel and modern durability. With liquid-repellent technology, it resists spills and stains while maintaining a velvety texture. Perfect for upholstery and interior applications, Doro Suede combines sophistication with everyday practicality."
DORO-SUEDE-C0-PACIF,"Doro Suede is a high-performance faux-suede fabric designed with a luxurious hand feel and modern durability. With liquid-repellent technology, it resists spills and stains while maintaining a velvety texture. Perfect for upholstery and interior applications, Doro Suede combines sophistication with everyday practicality."
DORO-SUEDE-C0-PEAT,"Doro Suede is a high-performance faux-suede fabric designed with a luxurious hand feel and modern durability. With liquid-repellent technology, it resists spills and stains while maintaining a velvety texture. Perfect for upholstery and interior applications, Doro Suede combines sophistication with everyday practicality."
DORO-SUEDE-C0-PEONY,"Doro Suede is a high-performance faux-suede fabric designed with a luxurious hand feel and modern durability. With liquid-repellent technology, it resists spills and stains while maintaining a velvety texture. Perfect for upholstery and interior applications, Doro Suede combines sophistication with everyday practicality."
DORO-SUEDE-C0-PUMICE,"Doro Suede is a high-performance faux-suede fabric designed with a luxurious hand feel and modern durability. With liquid-repellent technology, it resists spills and stains while maintaining a velvety texture. Perfect for upholstery and interior applications, Doro Suede combines sophistication with everyday practicality."
DORO-SUEDE-C0-RAISIN,"Doro Suede is a high-performance faux-suede fabric designed with a luxurious hand feel and modern durability. With liquid-repellent technology, it resists spills and stains while maintaining a velvety texture. Perfect for upholstery and interior applications, Doro Suede combines sophistication with everyday practicality."
DORO-SUEDE-C0-ROSED,"Doro Suede is a high-performance faux-suede fabric designed with a luxurious hand feel and modern durability. With liquid-repellent technology, it resists spills and stains while maintaining a velvety texture. Perfect for upholstery and interior applications, Doro Suede combines sophistication with everyday practicality."
DORO-SUEDE-C0-SALTI,"Doro Suede is a high-performance faux-suede fabric designed with a luxurious hand feel and modern durability. With liquid-repellent technology, it resists spills and stains while maintaining a velvety texture. Perfect for upholstery and interior applications, Doro Suede combines sophistication with everyday practicality."
DORO-SUEDE-C0-SAND,"Doro Suede is a high-performance faux-suede fabric designed with a luxurious hand feel and modern durability. With liquid-repellent technology, it resists spills and stains while maintaining a velvety texture. Perfect for upholstery and interior applications, Doro Suede combines sophistication with everyday practicality."
DORO-SUEDE-C0-SEAFO,"Doro Suede is a high-performance faux-suede fabric designed with a luxurious hand feel and modern durability. With liquid-repellent technology, it resists spills and stains while maintaining a velvety texture. Perfect for upholstery and interior applications, Doro Suede combines sophistication with everyday practicality."
DORO-SUEDE-C0-STEEL,"Doro Suede is a high-performance faux-suede fabric designed with a luxurious hand feel and modern durability. With liquid-repellent technology, it resists spills and stains while maintaining a velvety texture. Perfect for upholstery and interior applications, Doro Suede combines sophistication with everyday practicality."
DORO-SUEDE-C0-STERL,"Doro Suede is a high-performance faux-suede fabric designed with a luxurious hand feel and modern durability. With liquid-repellent technology, it resists spills and stains while maintaining a velvety texture. Perfect for upholstery and interior applications, Doro Suede combines sophistication with everyday practicality."
DORO-SUEDE-C0-STONE,"Doro Suede is a high-performance faux-suede fabric designed with a luxurious hand feel and modern durability. With liquid-repellent technology, it resists spills and stains while maintaining a velvety texture. Perfect for upholstery and interior applications, Doro Suede combines sophistication with everyday practicality."
DORO-SUEDE-C0-SUNFL,"Doro Suede is a high-performance faux-suede fabric designed with a luxurious hand feel and modern durability. With liquid-repellent technology, it resists spills and stains while maintaining a velvety texture. Perfect for upholstery and interior applications, Doro Suede combines sophistication with everyday practicality."
DORO-SUEDE-C0-TERRA,"Doro Suede is a high-performance faux-suede fabric designed with a luxurious hand feel and modern durability. With liquid-repellent technology, it resists spills and stains while maintaining a velvety texture. Perfect for upholstery and interior applications, Doro Suede combines sophistication with everyday practicality."
DORO-SUEDE-C0-TRANQ,"Doro Suede is a high-performance faux-suede fabric designed with a luxurious hand feel and modern durability. With liquid-repellent technology, it resists spills and stains while maintaining a velvety texture. Perfect for upholstery and interior applications, Doro Suede combines sophistication with everyday practicality."
ECHO-WF-ASSORTED,"Echo is a refined performance suede with a micro chevron pattern that adds texture and visual depth. Designed for durability and cleanability, it’s ideal for family friendly upholstery while maintaining a velvety hand. Suitable for both modern and transitional interiors, Echo blends tactile richness with practical resilience"
ECHO-MINERAL,"Echo is a refined performance suede with a micro chevron pattern that adds texture and visual depth. Designed for durability and cleanability, it’s ideal for family friendly upholstery while maintaining a velvety hand. Suitable for both modern and transitional interiors, Echo blends tactile richness with practical resilience"
ECHO-C0-ARCTIC,"Echo is a refined performance suede with a micro chevron pattern that adds texture and visual depth. Designed for durability and cleanability, it’s ideal for family friendly upholstery while maintaining a velvety hand. Suitable for both modern and transitional interiors, Echo blends tactile richness with practical resilience"
ECHO-C0-CAPPUCCINO,"Echo is a refined performance suede with a micro chevron pattern that adds texture and visual depth. Designed for durability and cleanability, it’s ideal for family friendly upholstery while maintaining a velvety hand. Suitable for both modern and transitional interiors, Echo blends tactile richness with practical resilience"
ECHO-C0-CHARCOAL,"Echo is a refined performance suede with a micro chevron pattern that adds texture and visual depth. Designed for durability and cleanability, it’s ideal for family friendly upholstery while maintaining a velvety hand. Suitable for both modern and transitional interiors, Echo blends tactile richness with practical resilience"
ECHO-C0-FLAX,"Echo is a refined performance suede with a micro chevron pattern that adds texture and visual depth. Designed for durability and cleanability, it’s ideal for family friendly upholstery while maintaining a velvety hand. Suitable for both modern and transitional interiors, Echo blends tactile richness with practical resilience"
ECHO-C0-GUNMETAL,"Echo is a refined performance suede with a micro chevron pattern that adds texture and visual depth. Designed for durability and cleanability, it’s ideal for family friendly upholstery while maintaining a velvety hand. Suitable for both modern and transitional interiors, Echo blends tactile richness with practical resilience"
ECHO-C0-KHAKI,"Echo is a refined performance suede with a micro chevron pattern that adds texture and visual depth. Designed for durability and cleanability, it’s ideal for family friendly upholstery while maintaining a velvety hand. Suitable for both modern and transitional interiors, Echo blends tactile richness with practical resilience"
ECHO-C0-LICORICE,"Echo is a refined performance suede with a micro chevron pattern that adds texture and visual depth. Designed for durability and cleanability, it’s ideal for family friendly upholstery while maintaining a velvety hand. Suitable for both modern and transitional interiors, Echo blends tactile richness with practical resilience"
ECHO-C0-LILY,"Echo is a refined performance suede with a micro chevron pattern that adds texture and visual depth. Designed for durability and cleanability, it’s ideal for family friendly upholstery while maintaining a velvety hand. Suitable for both modern and transitional interiors, Echo blends tactile richness with practical resilience"
ECHO-C0-MARINE,"Echo is a refined performance suede with a micro chevron pattern that adds texture and visual depth. Designed for durability and cleanability, it’s ideal for family friendly upholstery while maintaining a velvety hand. Suitable for both modern and transitional interiors, Echo blends tactile richness with practical resilience"
ECHO-C0-MIDNIGHT,"Echo is a refined performance suede with a micro chevron pattern that adds texture and visual depth. Designed for durability and cleanability, it’s ideal for family friendly upholstery while maintaining a velvety hand. Suitable for both modern and transitional interiors, Echo blends tactile richness with practical resilience"
ECHO-C0-NICKEL,"Echo is a refined performance suede with a micro chevron pattern that adds texture and visual depth. Designed for durability and cleanability, it’s ideal for family friendly upholstery while maintaining a velvety hand. Suitable for both modern and transitional interiors, Echo blends tactile richness with practical resilience"
ECHO-C0-PEAT,"Echo is a refined performance suede with a micro chevron pattern that adds texture and visual depth. Designed for durability and cleanability, it’s ideal for family friendly upholstery while maintaining a velvety hand. Suitable for both modern and transitional interiors, Echo blends tactile richness with practical resilience"
ECHO-C0-PUMICE,"Echo is a refined performance suede with a micro chevron pattern that adds texture and visual depth. Designed for durability and cleanability, it’s ideal for family friendly upholstery while maintaining a velvety hand. Suitable for both modern and transitional interiors, Echo blends tactile richness with practical resilience"
ECHO-C0-SILVER,"Echo is a refined performance suede with a micro chevron pattern that adds texture and visual depth. Designed for durability and cleanability, it’s ideal for family friendly upholstery while maintaining a velvety hand. Suitable for both modern and transitional interiors, Echo blends tactile richness with practical resilience"
ECHO-C0-SLATE,"Echo is a refined performance suede with a micro chevron pattern that adds texture and visual depth. Designed for durability and cleanability, it’s ideal for family friendly upholstery while maintaining a velvety hand. Suitable for both modern and transitional interiors, Echo blends tactile richness with practical resilience"
ECHO-C0-STONE,"Echo is a refined performance suede with a micro chevron pattern that adds texture and visual depth. Designed for durability and cleanability, it’s ideal for family friendly upholstery while maintaining a velvety hand. Suitable for both modern and transitional interiors, Echo blends tactile richness with practical resilience"
ELLIE-UV-WF-ASSORTED,"Ellie-UV layers eyelash yarn over a herringbone design, creating a novelty texture with subtle patterning. Solution-dyed and bleach-cleanable, Ellie-UV?s performance is equal to its style."
ELLIE-UV-BIRCH,"Ellie-UV layers eyelash yarn over a herringbone design, creating a novelty texture with subtle patterning. Solution-dyed and bleach-cleanable, Ellie-UV?s performance is equal to its style."
ELLIE-UV-DESERT,"Ellie-UV layers eyelash yarn over a herringbone design, creating a novelty texture with subtle patterning. Solution-dyed and bleach-cleanable, Ellie-UV?s performance is equal to its style."
ELLIE-UV-DOVE,"Ellie-UV layers eyelash yarn over a herringbone design, creating a novelty texture with subtle patterning. Solution-dyed and bleach-cleanable, Ellie-UV?s performance is equal to its style."
ELLIE-UV-FOG,"Ellie-UV layers eyelash yarn over a herringbone design, creating a novelty texture with subtle patterning. Solution-dyed and bleach-cleanable, Ellie-UV?s performance is equal to its style."
ELLIE-UV-FROST,"Ellie-UV layers eyelash yarn over a herringbone design, creating a novelty texture with subtle patterning. Solution-dyed and bleach-cleanable, Ellie-UV?s performance is equal to its style."
ELLIE-UV-JUNGLE,"Ellie-UV layers eyelash yarn over a herringbone design, creating a novelty texture with subtle patterning. Solution-dyed and bleach-cleanable, Ellie-UV?s performance is equal to its style."
ELLIE-UV-MUSHROOM,"Ellie-UV layers eyelash yarn over a herringbone design, creating a novelty texture with subtle patterning. Solution-dyed and bleach-cleanable, Ellie-UV?s performance is equal to its style."
ELLIE-UV-OLIVE,"Ellie-UV layers eyelash yarn over a herringbone design, creating a novelty texture with subtle patterning. Solution-dyed and bleach-cleanable, Ellie-UV?s performance is equal to its style."
ELLIE-UV-PEBBLE,"Ellie-UV layers eyelash yarn over a herringbone design, creating a novelty texture with subtle patterning. Solution-dyed and bleach-cleanable, Ellie-UV?s performance is equal to its style."
ELLIE-UV-SAFARI,"Ellie-UV layers eyelash yarn over a herringbone design, creating a novelty texture with subtle patterning. Solution-dyed and bleach-cleanable, Ellie-UV?s performance is equal to its style."
ELLIE-UV-SAGE,"Ellie-UV layers eyelash yarn over a herringbone design, creating a novelty texture with subtle patterning. Solution-dyed and bleach-cleanable, Ellie-UV?s performance is equal to its style."
ELLIE-UV-SESAME,"Ellie-UV layers eyelash yarn over a herringbone design, creating a novelty texture with subtle patterning. Solution-dyed and bleach-cleanable, Ellie-UV?s performance is equal to its style."
ELLIE-UV-SMOKE,"Ellie-UV layers eyelash yarn over a herringbone design, creating a novelty texture with subtle patterning. Solution-dyed and bleach-cleanable, Ellie-UV?s performance is equal to its style."
ELLIE-UV-TRUFFLE,"Ellie-UV layers eyelash yarn over a herringbone design, creating a novelty texture with subtle patterning. Solution-dyed and bleach-cleanable, Ellie-UV?s performance is equal to its style."
ELOISE-YD-WF-ASSORTED,"Eloise has the look of a wool felt with a brushed surface, tonal coloring, and exceptionally soft hand."
ELOISE-YD-C0-DENIM,"Eloise has the look of a wool felt with a brushed surface, tonal coloring, and exceptionally soft hand."
ELOISE-YD-C0-GRAPH,"Eloise has the look of a wool felt with a brushed surface, tonal coloring, and exceptionally soft hand."
ELOISE-YD-C0-LATTE,"Eloise has the look of a wool felt with a brushed surface, tonal coloring, and exceptionally soft hand."
ELOISE-YD-C0-MIDNI,"Eloise has the look of a wool felt with a brushed surface, tonal coloring, and exceptionally soft hand."
ELOISE-YD-C0-PEARL,"Eloise has the look of a wool felt with a brushed surface, tonal coloring, and exceptionally soft hand."
ELOISE-YD-C0-SESAME,"Eloise has the look of a wool felt with a brushed surface, tonal coloring, and exceptionally soft hand."
ELOISE-YD-C0-TRUFFLE,"Eloise has the look of a wool felt with a brushed surface, tonal coloring, and exceptionally soft hand."
ESBER-WF-ASSORTED,Esber is a tightly woven basketweave fabric with smooth boucle yarns for a soft texture.
ESBER-APRICOT,Esber is a tightly woven basketweave fabric with smooth boucle yarns for a soft texture.
ESBER-CUB,Esber is a tightly woven basketweave fabric with smooth boucle yarns for a soft texture.
ESBER-DESERT,Esber is a tightly woven basketweave fabric with smooth boucle yarns for a soft texture.
ESBER-DOVE,Esber is a tightly woven basketweave fabric with smooth boucle yarns for a soft texture.
ESBER-EUCALYPTUS,Esber is a tightly woven basketweave fabric with smooth boucle yarns for a soft texture.
ESBER-FOG,Esber is a tightly woven basketweave fabric with smooth boucle yarns for a soft texture.
ESBER-FRENCH-BLUE,Esber is a tightly woven basketweave fabric with smooth boucle yarns for a soft texture.
ESBER-GRAPHITE,Esber is a tightly woven basketweave fabric with smooth boucle yarns for a soft texture.
ESBER-JADE,Esber is a tightly woven basketweave fabric with smooth boucle yarns for a soft texture.
ESBER-LATTE,Esber is a tightly woven basketweave fabric with smooth boucle yarns for a soft texture.
ESBER-MIDNIGHT,Esber is a tightly woven basketweave fabric with smooth boucle yarns for a soft texture.
ESBER-MUSHROOM,Esber is a tightly woven basketweave fabric with smooth boucle yarns for a soft texture.
ESBER-OAT,Esber is a tightly woven basketweave fabric with smooth boucle yarns for a soft texture.
ESBER-PEARL,Esber is a tightly woven basketweave fabric with smooth boucle yarns for a soft texture.
ESBER-ROSEWOOD,Esber is a tightly woven basketweave fabric with smooth boucle yarns for a soft texture.
ESBER-RUST,Esber is a tightly woven basketweave fabric with smooth boucle yarns for a soft texture.
ESBER-SAGE,Esber is a tightly woven basketweave fabric with smooth boucle yarns for a soft texture.
ESBER-SMOKE,Esber is a tightly woven basketweave fabric with smooth boucle yarns for a soft texture.
ESBER-SPICE,Esber is a tightly woven basketweave fabric with smooth boucle yarns for a soft texture.
ESBER-SUGAR,Esber is a tightly woven basketweave fabric with smooth boucle yarns for a soft texture.
EVEREN-WF-ASSORTED,"EVEREN pairs wool-like character with the softness of full-faced chenille for a grounded, textural solid. Substantial and inviting, it brings a natural, lived-in feel to any room."
EVEREN-CAMEL,"EVEREN pairs wool-like character with the softness of full-faced chenille for a grounded, textural solid. Substantial and inviting, it brings a natural, lived-in feel to any room."
EVEREN-CASHMERE,"EVEREN pairs wool-like character with the softness of full-faced chenille for a grounded, textural solid. Substantial and inviting, it brings a natural, lived-in feel to any room."
EVEREN-CHARCOAL,"EVEREN pairs wool-like character with the softness of full-faced chenille for a grounded, textural solid. Substantial and inviting, it brings a natural, lived-in feel to any room."
EVEREN-CHESTNUT,"EVEREN pairs wool-like character with the softness of full-faced chenille for a grounded, textural solid. Substantial and inviting, it brings a natural, lived-in feel to any room."
EVEREN-DOVE,"EVEREN pairs wool-like character with the softness of full-faced chenille for a grounded, textural solid. Substantial and inviting, it brings a natural, lived-in feel to any room."
EVEREN-FROST,"EVEREN pairs wool-like character with the softness of full-faced chenille for a grounded, textural solid. Substantial and inviting, it brings a natural, lived-in feel to any room."
EVEREN-GINGER,"EVEREN pairs wool-like character with the softness of full-faced chenille for a grounded, textural solid. Substantial and inviting, it brings a natural, lived-in feel to any room."
EVEREN-MERLOT,"EVEREN pairs wool-like character with the softness of full-faced chenille for a grounded, textural solid. Substantial and inviting, it brings a natural, lived-in feel to any room."
EVEREN-MIDNIGHT,"EVEREN pairs wool-like character with the softness of full-faced chenille for a grounded, textural solid. Substantial and inviting, it brings a natural, lived-in feel to any room."
EVEREN-OAT,"EVEREN pairs wool-like character with the softness of full-faced chenille for a grounded, textural solid. Substantial and inviting, it brings a natural, lived-in feel to any room."
EVEREN-PEARL,"EVEREN pairs wool-like character with the softness of full-faced chenille for a grounded, textural solid. Substantial and inviting, it brings a natural, lived-in feel to any room."
EVEREN-PEBBLE,"EVEREN pairs wool-like character with the softness of full-faced chenille for a grounded, textural solid. Substantial and inviting, it brings a natural, lived-in feel to any room."
EVEREN-SLATE,"EVEREN pairs wool-like character with the softness of full-faced chenille for a grounded, textural solid. Substantial and inviting, it brings a natural, lived-in feel to any room."
EVEREN-SNOW,"EVEREN pairs wool-like character with the softness of full-faced chenille for a grounded, textural solid. Substantial and inviting, it brings a natural, lived-in feel to any room."
EVEREN-STEEL,"EVEREN pairs wool-like character with the softness of full-faced chenille for a grounded, textural solid. Substantial and inviting, it brings a natural, lived-in feel to any room."
EVEREN-THYME,"EVEREN pairs wool-like character with the softness of full-faced chenille for a grounded, textural solid. Substantial and inviting, it brings a natural, lived-in feel to any room."
EVEREN-TRUFFLE,"EVEREN pairs wool-like character with the softness of full-faced chenille for a grounded, textural solid. Substantial and inviting, it brings a natural, lived-in feel to any room."
FELICITY-UV-WF-ASST,"Felicity-UV, part of the Dorell ULTRA line, is a menswear-inspired tweed that delivers refined texture and timeless sophistication, with performance features including bleach cleanability and machine washability."
FELICITY-UV-CARBON,"Felicity-UV, part of the Dorell ULTRA line, is a menswear-inspired tweed that delivers refined texture and timeless sophistication, with performance features including bleach cleanability and machine washability."
FELICITY-UV-DOVE,"Felicity-UV, part of the Dorell ULTRA line, is a menswear-inspired tweed that delivers refined texture and timeless sophistication, with performance features including bleach cleanability and machine washability."
FELICITY-UV-FOG,"Felicity-UV, part of the Dorell ULTRA line, is a menswear-inspired tweed that delivers refined texture and timeless sophistication, with performance features including bleach cleanability and machine washability."
FELICITY-UV-GINGER,"Felicity-UV, part of the Dorell ULTRA line, is a menswear-inspired tweed that delivers refined texture and timeless sophistication, with performance features including bleach cleanability and machine washability."
FELICITY-UV-INK,"Felicity-UV, part of the Dorell ULTRA line, is a menswear-inspired tweed that delivers refined texture and timeless sophistication, with performance features including bleach cleanability and machine washability."
FELICITY-UV-MUSHROOM,"Felicity-UV, part of the Dorell ULTRA line, is a menswear-inspired tweed that delivers refined texture and timeless sophistication, with performance features including bleach cleanability and machine washability."
FELICITY-UV-PEBBLE,"Felicity-UV, part of the Dorell ULTRA line, is a menswear-inspired tweed that delivers refined texture and timeless sophistication, with performance features including bleach cleanability and machine washability."
FELICITY-UV-ROSEMARY,"Felicity-UV, part of the Dorell ULTRA line, is a menswear-inspired tweed that delivers refined texture and timeless sophistication, with performance features including bleach cleanability and machine washability."
FELICITY-UV-SAFARI,"Felicity-UV, part of the Dorell ULTRA line, is a menswear-inspired tweed that delivers refined texture and timeless sophistication, with performance features including bleach cleanability and machine washability."
FELICITY-UV-SESAME,"Felicity-UV, part of the Dorell ULTRA line, is a menswear-inspired tweed that delivers refined texture and timeless sophistication, with performance features including bleach cleanability and machine washability."
FELICITY-UV-SMOKE,"Felicity-UV, part of the Dorell ULTRA line, is a menswear-inspired tweed that delivers refined texture and timeless sophistication, with performance features including bleach cleanability and machine washability."
FLETCHER-WF-ASSORTED,"Inspired by classic menswear, Fletcher weaves heathered chenille yarns into a fabric with tailored, timeless appeal. With subtle depth and texture, Fletcher’s cozy hand makes this classic look an ideal choice for all upholstery applications."
FLETCHER-ASH,"Inspired by classic menswear, Fletcher weaves heathered chenille yarns into a fabric with tailored, timeless appeal. With subtle depth and texture, Fletcher’s cozy hand makes this classic look an ideal choice for all upholstery applications."
FLETCHER-BIRCH,"Inspired by classic menswear, Fletcher weaves heathered chenille yarns into a fabric with tailored, timeless appeal. With subtle depth and texture, Fletcher’s cozy hand makes this classic look an ideal choice for all upholstery applications."
FLETCHER-DOVE,"Inspired by classic menswear, Fletcher weaves heathered chenille yarns into a fabric with tailored, timeless appeal. With subtle depth and texture, Fletcher’s cozy hand makes this classic look an ideal choice for all upholstery applications."
FLETCHER-FROST,"Inspired by classic menswear, Fletcher weaves heathered chenille yarns into a fabric with tailored, timeless appeal. With subtle depth and texture, Fletcher’s cozy hand makes this classic look an ideal choice for all upholstery applications."
FLETCHER-MINERAL,"Inspired by classic menswear, Fletcher weaves heathered chenille yarns into a fabric with tailored, timeless appeal. With subtle depth and texture, Fletcher’s cozy hand makes this classic look an ideal choice for all upholstery applications."
FLETCHER-OAT,"Inspired by classic menswear, Fletcher weaves heathered chenille yarns into a fabric with tailored, timeless appeal. With subtle depth and texture, Fletcher’s cozy hand makes this classic look an ideal choice for all upholstery applications."
FLETCHER-OLIVE,"Inspired by classic menswear, Fletcher weaves heathered chenille yarns into a fabric with tailored, timeless appeal. With subtle depth and texture, Fletcher’s cozy hand makes this classic look an ideal choice for all upholstery applications."
FLETCHER-ONYX,"Inspired by classic menswear, Fletcher weaves heathered chenille yarns into a fabric with tailored, timeless appeal. With subtle depth and texture, Fletcher’s cozy hand makes this classic look an ideal choice for all upholstery applications."
FLETCHER-PEBBLE,"Inspired by classic menswear, Fletcher weaves heathered chenille yarns into a fabric with tailored, timeless appeal. With subtle depth and texture, Fletcher’s cozy hand makes this classic look an ideal choice for all upholstery applications."
FLETCHER-PEPPER,"Inspired by classic menswear, Fletcher weaves heathered chenille yarns into a fabric with tailored, timeless appeal. With subtle depth and texture, Fletcher’s cozy hand makes this classic look an ideal choice for all upholstery applications."
FLETCHER-SAFARI,"Inspired by classic menswear, Fletcher weaves heathered chenille yarns into a fabric with tailored, timeless appeal. With subtle depth and texture, Fletcher’s cozy hand makes this classic look an ideal choice for all upholstery applications."
FLETCHER-SAND,"Inspired by classic menswear, Fletcher weaves heathered chenille yarns into a fabric with tailored, timeless appeal. With subtle depth and texture, Fletcher’s cozy hand makes this classic look an ideal choice for all upholstery applications."
FLETCHER-SLATE,"Inspired by classic menswear, Fletcher weaves heathered chenille yarns into a fabric with tailored, timeless appeal. With subtle depth and texture, Fletcher’s cozy hand makes this classic look an ideal choice for all upholstery applications."
FLETCHER-SMOKE,"Inspired by classic menswear, Fletcher weaves heathered chenille yarns into a fabric with tailored, timeless appeal. With subtle depth and texture, Fletcher’s cozy hand makes this classic look an ideal choice for all upholstery applications."
FLETCHER-SNOW,"Inspired by classic menswear, Fletcher weaves heathered chenille yarns into a fabric with tailored, timeless appeal. With subtle depth and texture, Fletcher’s cozy hand makes this classic look an ideal choice for all upholstery applications."
FLETCHER-TRUFFLE,"Inspired by classic menswear, Fletcher weaves heathered chenille yarns into a fabric with tailored, timeless appeal. With subtle depth and texture, Fletcher’s cozy hand makes this classic look an ideal choice for all upholstery applications."
FOXTROT-WF-ASSORTED,"Foxtrot is a beautifully crafted high-pile fur fabric from Dorell?s collection. This pattern combines durability with refined texture, for a luxe comfy fabric."
FOXTROT-CARBON,"Foxtrot is a beautifully crafted high-pile fur fabric from Dorell?s collection. This pattern combines durability with refined texture, for a luxe comfy fabric."
FOXTROT-DESERT,"Foxtrot is a beautifully crafted high-pile fur fabric from Dorell?s collection. This pattern combines durability with refined texture, for a luxe comfy fabric."
FOXTROT-DOVE,"Foxtrot is a beautifully crafted high-pile fur fabric from Dorell?s collection. This pattern combines durability with refined texture, for a luxe comfy fabric."
FOXTROT-GRAPHITE,"Foxtrot is a beautifully crafted high-pile fur fabric from Dorell?s collection. This pattern combines durability with refined texture, for a luxe comfy fabric."
FOXTROT-HAZELNUT,"Foxtrot is a beautifully crafted high-pile fur fabric from Dorell?s collection. This pattern combines durability with refined texture, for a luxe comfy fabric."
FOXTROT-LATTE,"Foxtrot is a beautifully crafted high-pile fur fabric from Dorell?s collection. This pattern combines durability with refined texture, for a luxe comfy fabric."
FOXTROT-OLIVE,"Foxtrot is a beautifully crafted high-pile fur fabric from Dorell?s collection. This pattern combines durability with refined texture, for a luxe comfy fabric."
FOXTROT-SAGE,"Foxtrot is a beautifully crafted high-pile fur fabric from Dorell?s collection. This pattern combines durability with refined texture, for a luxe comfy fabric."
FOXTROT-SNOW,"Foxtrot is a beautifully crafted high-pile fur fabric from Dorell?s collection. This pattern combines durability with refined texture, for a luxe comfy fabric."
FOXTROT-TRUFFLE,"Foxtrot is a beautifully crafted high-pile fur fabric from Dorell?s collection. This pattern combines durability with refined texture, for a luxe comfy fabric."
FRINGE-UV-WF-ASSORTED,"Fringe-UV features a ribbed, corded look with solution-dyed durability for lasting performance and texture in a rich palette. It also offers bleach-cleanable ease for everyday care."
FRINGE-UV-BIRCH,"Fringe-UV features a ribbed, corded look with solution-dyed durability for lasting performance and texture in a rich palette. It also offers bleach-cleanable ease for everyday care."
FRINGE-UV-CASHMERE,"Fringe-UV features a ribbed, corded look with solution-dyed durability for lasting performance and texture in a rich palette. It also offers bleach-cleanable ease for everyday care."
FRINGE-UV-DESERT,"Fringe-UV features a ribbed, corded look with solution-dyed durability for lasting performance and texture in a rich palette. It also offers bleach-cleanable ease for everyday care."
FRINGE-UV-ESPRESSO,"Fringe-UV features a ribbed, corded look with solution-dyed durability for lasting performance and texture in a rich palette. It also offers bleach-cleanable ease for everyday care."
FRINGE-UV-FERN,"Fringe-UV features a ribbed, corded look with solution-dyed durability for lasting performance and texture in a rich palette. It also offers bleach-cleanable ease for everyday care."
FRINGE-UV-FOG,"Fringe-UV features a ribbed, corded look with solution-dyed durability for lasting performance and texture in a rich palette. It also offers bleach-cleanable ease for everyday care."
FRINGE-UV-FROST,"Fringe-UV features a ribbed, corded look with solution-dyed durability for lasting performance and texture in a rich palette. It also offers bleach-cleanable ease for everyday care."
FRINGE-UV-MIDNIGHT,"Fringe-UV features a ribbed, corded look with solution-dyed durability for lasting performance and texture in a rich palette. It also offers bleach-cleanable ease for everyday care."
FRINGE-UV-MUSHROOM,"Fringe-UV features a ribbed, corded look with solution-dyed durability for lasting performance and texture in a rich palette. It also offers bleach-cleanable ease for everyday care."
FRINGE-UV-OCEAN,"Fringe-UV features a ribbed, corded look with solution-dyed durability for lasting performance and texture in a rich palette. It also offers bleach-cleanable ease for everyday care."
FRINGE-UV-OLIVE,"Fringe-UV features a ribbed, corded look with solution-dyed durability for lasting performance and texture in a rich palette. It also offers bleach-cleanable ease for everyday care."
FRINGE-UV-SAFARI,"Fringe-UV features a ribbed, corded look with solution-dyed durability for lasting performance and texture in a rich palette. It also offers bleach-cleanable ease for everyday care."
FRINGE-UV-SPA,"Fringe-UV features a ribbed, corded look with solution-dyed durability for lasting performance and texture in a rich palette. It also offers bleach-cleanable ease for everyday care."
FRINGE-UV-STEEL,"Fringe-UV features a ribbed, corded look with solution-dyed durability for lasting performance and texture in a rich palette. It also offers bleach-cleanable ease for everyday care."
FRINGE-UV-SUGAR,"Fringe-UV features a ribbed, corded look with solution-dyed durability for lasting performance and texture in a rich palette. It also offers bleach-cleanable ease for everyday care."
GABRIEL-UV-WF-ASSORTED,"GABRIEL-UV combines the softness of full-faced chenille in a linen-like weave, with fade-resistant solution-dyed yarns."
GABRIEL-UV-BLIZZARD,"GABRIEL-UV combines the softness of full-faced chenille in a linen-like weave, with fade-resistant solution-dyed yarns."
GABRIEL-UV-BLUSH,"GABRIEL-UV combines the softness of full-faced chenille in a linen-like weave, with fade-resistant solution-dyed yarns."
GABRIEL-UV-CARBON,"GABRIEL-UV combines the softness of full-faced chenille in a linen-like weave, with fade-resistant solution-dyed yarns."
GABRIEL-UV-CASHEW,"GABRIEL-UV combines the softness of full-faced chenille in a linen-like weave, with fade-resistant solution-dyed yarns."
GABRIEL-UV-CASHMERE,"GABRIEL-UV combines the softness of full-faced chenille in a linen-like weave, with fade-resistant solution-dyed yarns."
GABRIEL-UV-DOVE,"GABRIEL-UV combines the softness of full-faced chenille in a linen-like weave, with fade-resistant solution-dyed yarns."
GABRIEL-UV-ESPRESSO,"GABRIEL-UV combines the softness of full-faced chenille in a linen-like weave, with fade-resistant solution-dyed yarns."
GABRIEL-UV-GRAPHITE,"GABRIEL-UV combines the softness of full-faced chenille in a linen-like weave, with fade-resistant solution-dyed yarns."
GABRIEL-UV-LATTE,"GABRIEL-UV combines the softness of full-faced chenille in a linen-like weave, with fade-resistant solution-dyed yarns."
GABRIEL-UV-MIDNIGHT,"GABRIEL-UV combines the softness of full-faced chenille in a linen-like weave, with fade-resistant solution-dyed yarns."
GABRIEL-UV-MINERAL,"GABRIEL-UV combines the softness of full-faced chenille in a linen-like weave, with fade-resistant solution-dyed yarns."
GABRIEL-UV-MIST,"GABRIEL-UV combines the softness of full-faced chenille in a linen-like weave, with fade-resistant solution-dyed yarns."
GABRIEL-UV-MUSHROOM,"GABRIEL-UV combines the softness of full-faced chenille in a linen-like weave, with fade-resistant solution-dyed yarns."
GABRIEL-UV-OAT,"GABRIEL-UV combines the softness of full-faced chenille in a linen-like weave, with fade-resistant solution-dyed yarns."
GABRIEL-UV-OLIVE,"GABRIEL-UV combines the softness of full-faced chenille in a linen-like weave, with fade-resistant solution-dyed yarns."
GABRIEL-UV-SAFARI,"GABRIEL-UV combines the softness of full-faced chenille in a linen-like weave, with fade-resistant solution-dyed yarns."
GABRIEL-UV-STEEL,"GABRIEL-UV combines the softness of full-faced chenille in a linen-like weave, with fade-resistant solution-dyed yarns."
GABRIEL-UV-STONE,"GABRIEL-UV combines the softness of full-faced chenille in a linen-like weave, with fade-resistant solution-dyed yarns."
GABRIEL-UV-THYME,"GABRIEL-UV combines the softness of full-faced chenille in a linen-like weave, with fade-resistant solution-dyed yarns."
GANSETT-UV-WF-ASSORTED,"Gansett-UV brings a fresh take to a classic ticking stripe, pairing solution-dyed yarns with a soft hand feel for enduring performance and timeless appeal. It also offers bleach-cleanable ease for everyday care."
GANSETT-UV-DOVE,"Gansett-UV brings a fresh take to a classic ticking stripe, pairing solution-dyed yarns with a soft hand feel for enduring performance and timeless appeal. It also offers bleach-cleanable ease for everyday care."
GANSETT-UV-FROST,"Gansett-UV brings a fresh take to a classic ticking stripe, pairing solution-dyed yarns with a soft hand feel for enduring performance and timeless appeal. It also offers bleach-cleanable ease for everyday care."
GANSETT-UV-GINGER,"Gansett-UV brings a fresh take to a classic ticking stripe, pairing solution-dyed yarns with a soft hand feel for enduring performance and timeless appeal. It also offers bleach-cleanable ease for everyday care."
GANSETT-UV-GRAPHITE,"Gansett-UV brings a fresh take to a classic ticking stripe, pairing solution-dyed yarns with a soft hand feel for enduring performance and timeless appeal. It also offers bleach-cleanable ease for everyday care."
GANSETT-UV-JUNGLE,"Gansett-UV brings a fresh take to a classic ticking stripe, pairing solution-dyed yarns with a soft hand feel for enduring performance and timeless appeal. It also offers bleach-cleanable ease for everyday care."
GANSETT-UV-MERLOT,"Gansett-UV brings a fresh take to a classic ticking stripe, pairing solution-dyed yarns with a soft hand feel for enduring performance and timeless appeal. It also offers bleach-cleanable ease for everyday care."
GANSETT-UV-MUSHROOM,"Gansett-UV brings a fresh take to a classic ticking stripe, pairing solution-dyed yarns with a soft hand feel for enduring performance and timeless appeal. It also offers bleach-cleanable ease for everyday care."
GANSETT-UV-OAT,"Gansett-UV brings a fresh take to a classic ticking stripe, pairing solution-dyed yarns with a soft hand feel for enduring performance and timeless appeal. It also offers bleach-cleanable ease for everyday care."
GANSETT-UV-OCEAN,"Gansett-UV brings a fresh take to a classic ticking stripe, pairing solution-dyed yarns with a soft hand feel for enduring performance and timeless appeal. It also offers bleach-cleanable ease for everyday care."
GANSETT-UV-SUNFLOWER,"Gansett-UV brings a fresh take to a classic ticking stripe, pairing solution-dyed yarns with a soft hand feel for enduring performance and timeless appeal. It also offers bleach-cleanable ease for everyday care."
GANSETT-UV-THYME,"Gansett-UV brings a fresh take to a classic ticking stripe, pairing solution-dyed yarns with a soft hand feel for enduring performance and timeless appeal. It also offers bleach-cleanable ease for everyday care."
GEM-WF-ASSORTED,"Gem is a low-pile, non-tracking velvet with a soft, smooth hand. Available in a rich palette, it brings understated elegance to any setting."
GEM-BALLET,"Gem is a low-pile, non-tracking velvet with a soft, smooth hand. Available in a rich palette, it brings understated elegance to any setting."
GEM-BURGUNDY,"Gem is a low-pile, non-tracking velvet with a soft, smooth hand. Available in a rich palette, it brings understated elegance to any setting."
GEM-CASHMERE,"Gem is a low-pile, non-tracking velvet with a soft, smooth hand. Available in a rich palette, it brings understated elegance to any setting."
GEM-CHARCOAL,"Gem is a low-pile, non-tracking velvet with a soft, smooth hand. Available in a rich palette, it brings understated elegance to any setting."
GEM-CILANTRO,"Gem is a low-pile, non-tracking velvet with a soft, smooth hand. Available in a rich palette, it brings understated elegance to any setting."
GEM-DESERT,"Gem is a low-pile, non-tracking velvet with a soft, smooth hand. Available in a rich palette, it brings understated elegance to any setting."
GEM-ESPRESSO,"Gem is a low-pile, non-tracking velvet with a soft, smooth hand. Available in a rich palette, it brings understated elegance to any setting."
GEM-FOREST,"Gem is a low-pile, non-tracking velvet with a soft, smooth hand. Available in a rich palette, it brings understated elegance to any setting."
GEM-FROST,"Gem is a low-pile, non-tracking velvet with a soft, smooth hand. Available in a rich palette, it brings understated elegance to any setting."
GEM-GINGER,"Gem is a low-pile, non-tracking velvet with a soft, smooth hand. Available in a rich palette, it brings understated elegance to any setting."
GEM-GRAPHITE,"Gem is a low-pile, non-tracking velvet with a soft, smooth hand. Available in a rich palette, it brings understated elegance to any setting."
GEM-JUNGLE,"Gem is a low-pile, non-tracking velvet with a soft, smooth hand. Available in a rich palette, it brings understated elegance to any setting."
GEM-MAUVE,"Gem is a low-pile, non-tracking velvet with a soft, smooth hand. Available in a rich palette, it brings understated elegance to any setting."
GEM-MERLOT,"Gem is a low-pile, non-tracking velvet with a soft, smooth hand. Available in a rich palette, it brings understated elegance to any setting."
GEM-MIDNIGHT,"Gem is a low-pile, non-tracking velvet with a soft, smooth hand. Available in a rich palette, it brings understated elegance to any setting."
GEM-MUSHROOM,"Gem is a low-pile, non-tracking velvet with a soft, smooth hand. Available in a rich palette, it brings understated elegance to any setting."
GEM-OCEAN,"Gem is a low-pile, non-tracking velvet with a soft, smooth hand. Available in a rich palette, it brings understated elegance to any setting."
GEM-OLIVE,"Gem is a low-pile, non-tracking velvet with a soft, smooth hand. Available in a rich palette, it brings understated elegance to any setting."
GEM-PACIFIC,"Gem is a low-pile, non-tracking velvet with a soft, smooth hand. Available in a rich palette, it brings understated elegance to any setting."
GEM-PEARL,"Gem is a low-pile, non-tracking velvet with a soft, smooth hand. Available in a rich palette, it brings understated elegance to any setting."
GEM-ROSEWOOD,"Gem is a low-pile, non-tracking velvet with a soft, smooth hand. Available in a rich palette, it brings understated elegance to any setting."
GEM-RUST,"Gem is a low-pile, non-tracking velvet with a soft, smooth hand. Available in a rich palette, it brings understated elegance to any setting."
GEM-SAGE,"Gem is a low-pile, non-tracking velvet with a soft, smooth hand. Available in a rich palette, it brings understated elegance to any setting."
GEM-SLATE,"Gem is a low-pile, non-tracking velvet with a soft, smooth hand. Available in a rich palette, it brings understated elegance to any setting."
GEM-SNOW,"Gem is a low-pile, non-tracking velvet with a soft, smooth hand. Available in a rich palette, it brings understated elegance to any setting."
GEM-STONE,"Gem is a low-pile, non-tracking velvet with a soft, smooth hand. Available in a rich palette, it brings understated elegance to any setting."
GEM-TRUFFLE,"Gem is a low-pile, non-tracking velvet with a soft, smooth hand. Available in a rich palette, it brings understated elegance to any setting."
HANALEI-WF-ASSORTED,Hanalei combines thick boucle yarns and unique texture to create a yarn-dyed artisanal look.
HANALEI-BIRCH,Hanalei combines thick boucle yarns and unique texture to create a yarn-dyed artisanal look.
HANALEI-CUB,Hanalei combines thick boucle yarns and unique texture to create a yarn-dyed artisanal look.
HANALEI-FOG,Hanalei combines thick boucle yarns and unique texture to create a yarn-dyed artisanal look.
HANALEI-GINGER,Hanalei combines thick boucle yarns and unique texture to create a yarn-dyed artisanal look.
HANALEI-INK,Hanalei combines thick boucle yarns and unique texture to create a yarn-dyed artisanal look.
HANALEI-MESA,Hanalei combines thick boucle yarns and unique texture to create a yarn-dyed artisanal look.
HANALEI-OAT,Hanalei combines thick boucle yarns and unique texture to create a yarn-dyed artisanal look.
HANALEI-OCEAN,Hanalei combines thick boucle yarns and unique texture to create a yarn-dyed artisanal look.
HANALEI-OYSTER,Hanalei combines thick boucle yarns and unique texture to create a yarn-dyed artisanal look.
HANALEI-PEARL,Hanalei combines thick boucle yarns and unique texture to create a yarn-dyed artisanal look.
HANALEI-PEPPER,Hanalei combines thick boucle yarns and unique texture to create a yarn-dyed artisanal look.
HANALEI-SMOKE,Hanalei combines thick boucle yarns and unique texture to create a yarn-dyed artisanal look.
HANALEI-WINE,Hanalei combines thick boucle yarns and unique texture to create a yarn-dyed artisanal look.
HUSK-UV-WF-ASSORTED,"Husk-UV is a bleach-cleanable, multicolor tweed with a linen-look. Solution-dyed yarns create a natural appearance with enhanced performance."
HUSK-UV-DESERT,"Husk-UV is a bleach-cleanable, multicolor tweed with a linen-look. Solution-dyed yarns create a natural appearance with enhanced performance."
HUSK-UV-DOVE,"Husk-UV is a bleach-cleanable, multicolor tweed with a linen-look. Solution-dyed yarns create a natural appearance with enhanced performance."
HUSK-UV-FROST,"Husk-UV is a bleach-cleanable, multicolor tweed with a linen-look. Solution-dyed yarns create a natural appearance with enhanced performance."
HUSK-UV-MIDNIGHT,"Husk-UV is a bleach-cleanable, multicolor tweed with a linen-look. Solution-dyed yarns create a natural appearance with enhanced performance."
HUSK-UV-MINERAL,"Husk-UV is a bleach-cleanable, multicolor tweed with a linen-look. Solution-dyed yarns create a natural appearance with enhanced performance."
HUSK-UV-MIST,"Husk-UV is a bleach-cleanable, multicolor tweed with a linen-look. Solution-dyed yarns create a natural appearance with enhanced performance."
HUSK-UV-MUSHROOM,"Husk-UV is a bleach-cleanable, multicolor tweed with a linen-look. Solution-dyed yarns create a natural appearance with enhanced performance."
HUSK-UV-OCEAN,"Husk-UV is a bleach-cleanable, multicolor tweed with a linen-look. Solution-dyed yarns create a natural appearance with enhanced performance."
HUSK-UV-OLIVE,"Husk-UV is a bleach-cleanable, multicolor tweed with a linen-look. Solution-dyed yarns create a natural appearance with enhanced performance."
HUSK-UV-PEPPER,"Husk-UV is a bleach-cleanable, multicolor tweed with a linen-look. Solution-dyed yarns create a natural appearance with enhanced performance."
HUSK-UV-SAFARI,"Husk-UV is a bleach-cleanable, multicolor tweed with a linen-look. Solution-dyed yarns create a natural appearance with enhanced performance."
HUSK-UV-SAGE,"Husk-UV is a bleach-cleanable, multicolor tweed with a linen-look. Solution-dyed yarns create a natural appearance with enhanced performance."
HUSK-UV-STONE,"Husk-UV is a bleach-cleanable, multicolor tweed with a linen-look. Solution-dyed yarns create a natural appearance with enhanced performance."
HUSK-UV-SUGAR,"Husk-UV is a bleach-cleanable, multicolor tweed with a linen-look. Solution-dyed yarns create a natural appearance with enhanced performance."
JOSETTE-WF-ASSORTED,"Josette combines a dense chenille weave with a soft, washed hand, delivering texture and comfort for a relaxed yet luxurious feel."
JOSETTE-ALOE,"Josette combines a dense chenille weave with a soft, washed hand, delivering texture and comfort for a relaxed yet luxurious feel."
JOSETTE-BURGUNDY,"Josette combines a dense chenille weave with a soft, washed hand, delivering texture and comfort for a relaxed yet luxurious feel."
JOSETTE-CARBON,"Josette combines a dense chenille weave with a soft, washed hand, delivering texture and comfort for a relaxed yet luxurious feel."
JOSETTE-CHOCOLATE,"Josette combines a dense chenille weave with a soft, washed hand, delivering texture and comfort for a relaxed yet luxurious feel."
JOSETTE-DESERT,"Josette combines a dense chenille weave with a soft, washed hand, delivering texture and comfort for a relaxed yet luxurious feel."
JOSETTE-DOVE,"Josette combines a dense chenille weave with a soft, washed hand, delivering texture and comfort for a relaxed yet luxurious feel."
JOSETTE-FRENCH-BLUE,"Josette combines a dense chenille weave with a soft, washed hand, delivering texture and comfort for a relaxed yet luxurious feel."
JOSETTE-INK,"Josette combines a dense chenille weave with a soft, washed hand, delivering texture and comfort for a relaxed yet luxurious feel."
JOSETTE-JUNGLE,"Josette combines a dense chenille weave with a soft, washed hand, delivering texture and comfort for a relaxed yet luxurious feel."
JOSETTE-OLIVE,"Josette combines a dense chenille weave with a soft, washed hand, delivering texture and comfort for a relaxed yet luxurious feel."
JOSETTE-RUST,"Josette combines a dense chenille weave with a soft, washed hand, delivering texture and comfort for a relaxed yet luxurious feel."
JOSETTE-SESAME,"Josette combines a dense chenille weave with a soft, washed hand, delivering texture and comfort for a relaxed yet luxurious feel."
JOSETTE-SNOW,"Josette combines a dense chenille weave with a soft, washed hand, delivering texture and comfort for a relaxed yet luxurious feel."
JOSETTE-SPICE,"Josette combines a dense chenille weave with a soft, washed hand, delivering texture and comfort for a relaxed yet luxurious feel."
KEELAH-WF-ASSORTED,"Keelah weaves different-colored yarns into a linen-look basketweave with a crisp, gridded pattern. Fresh colors make Keelah a great choice for both classic and contemporary interiors."
KEELAH-C0-BALLET,"Keelah weaves different-colored yarns into a linen-look basketweave with a crisp, gridded pattern. Fresh colors make Keelah a great choice for both classic and contemporary interiors."
KEELAH-C0-CHARCOAL,"Keelah weaves different-colored yarns into a linen-look basketweave with a crisp, gridded pattern. Fresh colors make Keelah a great choice for both classic and contemporary interiors."
KEELAH-C0-CHESTNUT,"Keelah weaves different-colored yarns into a linen-look basketweave with a crisp, gridded pattern. Fresh colors make Keelah a great choice for both classic and contemporary interiors."
KEELAH-C0-DOVE,"Keelah weaves different-colored yarns into a linen-look basketweave with a crisp, gridded pattern. Fresh colors make Keelah a great choice for both classic and contemporary interiors."
KEELAH-C0-FROST,"Keelah weaves different-colored yarns into a linen-look basketweave with a crisp, gridded pattern. Fresh colors make Keelah a great choice for both classic and contemporary interiors."
KEELAH-C0-GRAPHITE,"Keelah weaves different-colored yarns into a linen-look basketweave with a crisp, gridded pattern. Fresh colors make Keelah a great choice for both classic and contemporary interiors."
KEELAH-C0-MERLOT,"Keelah weaves different-colored yarns into a linen-look basketweave with a crisp, gridded pattern. Fresh colors make Keelah a great choice for both classic and contemporary interiors."
KEELAH-C0-MUSHROOM,"Keelah weaves different-colored yarns into a linen-look basketweave with a crisp, gridded pattern. Fresh colors make Keelah a great choice for both classic and contemporary interiors."
KEELAH-C0-PEARL,"Keelah weaves different-colored yarns into a linen-look basketweave with a crisp, gridded pattern. Fresh colors make Keelah a great choice for both classic and contemporary interiors."
KEELAH-C0-POWDER,"Keelah weaves different-colored yarns into a linen-look basketweave with a crisp, gridded pattern. Fresh colors make Keelah a great choice for both classic and contemporary interiors."
KEELAH-C0-SAGE,"Keelah weaves different-colored yarns into a linen-look basketweave with a crisp, gridded pattern. Fresh colors make Keelah a great choice for both classic and contemporary interiors."
KISMET SB-ASSORTED,"A plush velvet jacquard featuring a dimensional multicolor geometric design that brings depth, movement, and modern artistry to any space. Its soft hand and rich texture create a sophisticated statement with lasting appeal"
KISMET-SPECTRUM,"A plush velvet jacquard featuring a dimensional multicolor geometric design that brings depth, movement, and modern artistry to any space. Its soft hand and rich texture create a sophisticated statement with lasting appeal"
KISMET-SPICE,"A plush velvet jacquard featuring a dimensional multicolor geometric design that brings depth, movement, and modern artistry to any space. Its soft hand and rich texture create a sophisticated statement with lasting appeal"
LARISSA-WF-ASSORTED,"LARISSA weaves updated boucle into a tonal tweed for a softly looped, dimensional surface. Soft and textural, it adds quiet depth to any space."
LARISSA-BIRCH,"LARISSA weaves updated boucle into a tonal tweed for a softly looped, dimensional surface. Soft and textural, it adds quiet depth to any space."
LARISSA-MINERAL,"LARISSA weaves updated boucle into a tonal tweed for a softly looped, dimensional surface. Soft and textural, it adds quiet depth to any space."
LARISSA-PEBBLE,"LARISSA weaves updated boucle into a tonal tweed for a softly looped, dimensional surface. Soft and textural, it adds quiet depth to any space."
LARISSA-SAND,"LARISSA weaves updated boucle into a tonal tweed for a softly looped, dimensional surface. Soft and textural, it adds quiet depth to any space."
LARISSA-SESAME,"LARISSA weaves updated boucle into a tonal tweed for a softly looped, dimensional surface. Soft and textural, it adds quiet depth to any space."
LARISSA-SKY,"LARISSA weaves updated boucle into a tonal tweed for a softly looped, dimensional surface. Soft and textural, it adds quiet depth to any space."
LARISSA-SLATE,"LARISSA weaves updated boucle into a tonal tweed for a softly looped, dimensional surface. Soft and textural, it adds quiet depth to any space."
LARISSA-STONE,"LARISSA weaves updated boucle into a tonal tweed for a softly looped, dimensional surface. Soft and textural, it adds quiet depth to any space."
LARISSA-SUGAR,"LARISSA weaves updated boucle into a tonal tweed for a softly looped, dimensional surface. Soft and textural, it adds quiet depth to any space."
LARISSA-TRUFFLE,"LARISSA weaves updated boucle into a tonal tweed for a softly looped, dimensional surface. Soft and textural, it adds quiet depth to any space."
LILITH-WF-ASSORTED,"LILITH is a structured basketweave with a dependable, textured hand. Understated and versatile, it makes an easy, reliable solid for any room."
LILITH-C0-DOVE,"LILITH is a structured basketweave with a dependable, textured hand. Understated and versatile, it makes an easy, reliable solid for any room."
LILITH-C0-FROST,"LILITH is a structured basketweave with a dependable, textured hand. Understated and versatile, it makes an easy, reliable solid for any room."
LILITH-C0-JUNGLE,"LILITH is a structured basketweave with a dependable, textured hand. Understated and versatile, it makes an easy, reliable solid for any room."
LILITH-C0-LILAC,"LILITH is a structured basketweave with a dependable, textured hand. Understated and versatile, it makes an easy, reliable solid for any room."
LILITH-C0-MUSHROOM,"LILITH is a structured basketweave with a dependable, textured hand. Understated and versatile, it makes an easy, reliable solid for any room."
LILITH-C0-OAT,"LILITH is a structured basketweave with a dependable, textured hand. Understated and versatile, it makes an easy, reliable solid for any room."
LILITH-C0-PEARL,"LILITH is a structured basketweave with a dependable, textured hand. Understated and versatile, it makes an easy, reliable solid for any room."
LILITH-C0-PEBBLE,"LILITH is a structured basketweave with a dependable, textured hand. Understated and versatile, it makes an easy, reliable solid for any room."
LILITH-C0-SAFARI,"LILITH is a structured basketweave with a dependable, textured hand. Understated and versatile, it makes an easy, reliable solid for any room."
LILITH-C0-STEEL,"LILITH is a structured basketweave with a dependable, textured hand. Understated and versatile, it makes an easy, reliable solid for any room."
LILITH-C0-SUGAR,"LILITH is a structured basketweave with a dependable, textured hand. Understated and versatile, it makes an easy, reliable solid for any room."
LINDOR-WF-ASSORTED,Lindor is an updated tweed with multi-color boucle yarns that adds a cozy hand and dimensional texture.
LINDOR-CHARCOAL,Lindor is an updated tweed with multi-color boucle yarns that adds a cozy hand and dimensional texture.
LINDOR-MIST,Lindor is an updated tweed with multi-color boucle yarns that adds a cozy hand and dimensional texture.
LINDOR-MUSHROOM,Lindor is an updated tweed with multi-color boucle yarns that adds a cozy hand and dimensional texture.
LINDOR-OAT,Lindor is an updated tweed with multi-color boucle yarns that adds a cozy hand and dimensional texture.
LINDOR-PEARL,Lindor is an updated tweed with multi-color boucle yarns that adds a cozy hand and dimensional texture.
LINDOR-RUST,Lindor is an updated tweed with multi-color boucle yarns that adds a cozy hand and dimensional texture.
LINDOR-SLATE,Lindor is an updated tweed with multi-color boucle yarns that adds a cozy hand and dimensional texture.
LINDOR-SMOKE,Lindor is an updated tweed with multi-color boucle yarns that adds a cozy hand and dimensional texture.
LINDOR-STEEL,Lindor is an updated tweed with multi-color boucle yarns that adds a cozy hand and dimensional texture.
LINDOR-STONE,Lindor is an updated tweed with multi-color boucle yarns that adds a cozy hand and dimensional texture.
LINDOR-THYME,Lindor is an updated tweed with multi-color boucle yarns that adds a cozy hand and dimensional texture.
LUSSO-WF-ASSORTED,"Lusso is an elegant velvet with a soft, dull luster. Lusso’s subtle sheen and non-tracking pile lend quiet luxury to any setting."
LUSSO-CAMEL,"Lusso is an elegant velvet with a soft, dull luster. Lusso’s subtle sheen and non-tracking pile lend quiet luxury to any setting."
LUSSO-CASHMERE,"Lusso is an elegant velvet with a soft, dull luster. Lusso’s subtle sheen and non-tracking pile lend quiet luxury to any setting."
LUSSO-CHESTNUT,"Lusso is an elegant velvet with a soft, dull luster. Lusso’s subtle sheen and non-tracking pile lend quiet luxury to any setting."
LUSSO-CITRON,"Lusso is an elegant velvet with a soft, dull luster. Lusso’s subtle sheen and non-tracking pile lend quiet luxury to any setting."
LUSSO-DESERT,"Lusso is an elegant velvet with a soft, dull luster. Lusso’s subtle sheen and non-tracking pile lend quiet luxury to any setting."
LUSSO-DOVE,"Lusso is an elegant velvet with a soft, dull luster. Lusso’s subtle sheen and non-tracking pile lend quiet luxury to any setting."
LUSSO-ESPRESSO,"Lusso is an elegant velvet with a soft, dull luster. Lusso’s subtle sheen and non-tracking pile lend quiet luxury to any setting."
LUSSO-FRENCH-BLUE,"Lusso is an elegant velvet with a soft, dull luster. Lusso’s subtle sheen and non-tracking pile lend quiet luxury to any setting."
LUSSO-FROST,"Lusso is an elegant velvet with a soft, dull luster. Lusso’s subtle sheen and non-tracking pile lend quiet luxury to any setting."
LUSSO-GRAPHITE,"Lusso is an elegant velvet with a soft, dull luster. Lusso’s subtle sheen and non-tracking pile lend quiet luxury to any setting."
LUSSO-MERLOT,"Lusso is an elegant velvet with a soft, dull luster. Lusso’s subtle sheen and non-tracking pile lend quiet luxury to any setting."
LUSSO-MIDNIGHT,"Lusso is an elegant velvet with a soft, dull luster. Lusso’s subtle sheen and non-tracking pile lend quiet luxury to any setting."
LUSSO-MOCHA,"Lusso is an elegant velvet with a soft, dull luster. Lusso’s subtle sheen and non-tracking pile lend quiet luxury to any setting."
LUSSO-MUSHROOM,"Lusso is an elegant velvet with a soft, dull luster. Lusso’s subtle sheen and non-tracking pile lend quiet luxury to any setting."
LUSSO-OAT,"Lusso is an elegant velvet with a soft, dull luster. Lusso’s subtle sheen and non-tracking pile lend quiet luxury to any setting."
LUSSO-OLIVE,"Lusso is an elegant velvet with a soft, dull luster. Lusso’s subtle sheen and non-tracking pile lend quiet luxury to any setting."
LUSSO-PEARL,"Lusso is an elegant velvet with a soft, dull luster. Lusso’s subtle sheen and non-tracking pile lend quiet luxury to any setting."
LUSSO-POWDER,"Lusso is an elegant velvet with a soft, dull luster. Lusso’s subtle sheen and non-tracking pile lend quiet luxury to any setting."
LUSSO-SAGE,"Lusso is an elegant velvet with a soft, dull luster. Lusso’s subtle sheen and non-tracking pile lend quiet luxury to any setting."
LUSSO-SLATE,"Lusso is an elegant velvet with a soft, dull luster. Lusso’s subtle sheen and non-tracking pile lend quiet luxury to any setting."
LUSSO-SPICE,"Lusso is an elegant velvet with a soft, dull luster. Lusso’s subtle sheen and non-tracking pile lend quiet luxury to any setting."
LUSSO-STEEL,"Lusso is an elegant velvet with a soft, dull luster. Lusso’s subtle sheen and non-tracking pile lend quiet luxury to any setting."
LUSSO-SUGAR,"Lusso is an elegant velvet with a soft, dull luster. Lusso’s subtle sheen and non-tracking pile lend quiet luxury to any setting."
MAEVE-WF-ASSORTED,"MAEVE is a linen-look plain weave with slubbed yarns for natural, organic texture. Made with a BCI cotton blend, it’s as good for the environment as it is good-looking, with a classic, easygoing character."
MAEVE-C0-ASH,"MAEVE is a linen-look plain weave with slubbed yarns for natural, organic texture. Made with a BCI cotton blend, it’s as good for the environment as it is good-looking, with a classic, easygoing character."
MAEVE-C0-BIRCH,"MAEVE is a linen-look plain weave with slubbed yarns for natural, organic texture. Made with a BCI cotton blend, it’s as good for the environment as it is good-looking, with a classic, easygoing character."
MAEVE-C0-DESERT,"MAEVE is a linen-look plain weave with slubbed yarns for natural, organic texture. Made with a BCI cotton blend, it’s as good for the environment as it is good-looking, with a classic, easygoing character."
MAEVE-C0-FOG,"MAEVE is a linen-look plain weave with slubbed yarns for natural, organic texture. Made with a BCI cotton blend, it’s as good for the environment as it is good-looking, with a classic, easygoing character."
MAEVE-C0-JUNGLE,"MAEVE is a linen-look plain weave with slubbed yarns for natural, organic texture. Made with a BCI cotton blend, it’s as good for the environment as it is good-looking, with a classic, easygoing character."
MAEVE-C0-MIDNIGHT,"MAEVE is a linen-look plain weave with slubbed yarns for natural, organic texture. Made with a BCI cotton blend, it’s as good for the environment as it is good-looking, with a classic, easygoing character."
MAEVE-C0-MUSHROOM,"MAEVE is a linen-look plain weave with slubbed yarns for natural, organic texture. Made with a BCI cotton blend, it’s as good for the environment as it is good-looking, with a classic, easygoing character."
MAEVE-C0-OAT,"MAEVE is a linen-look plain weave with slubbed yarns for natural, organic texture. Made with a BCI cotton blend, it’s as good for the environment as it is good-looking, with a classic, easygoing character."
MAEVE-C0-PEARL,"MAEVE is a linen-look plain weave with slubbed yarns for natural, organic texture. Made with a BCI cotton blend, it’s as good for the environment as it is good-looking, with a classic, easygoing character."
MAEVE-C0-PRALINE,"MAEVE is a linen-look plain weave with slubbed yarns for natural, organic texture. Made with a BCI cotton blend, it’s as good for the environment as it is good-looking, with a classic, easygoing character."
MAEVE-C0-SAGE,"MAEVE is a linen-look plain weave with slubbed yarns for natural, organic texture. Made with a BCI cotton blend, it’s as good for the environment as it is good-looking, with a classic, easygoing character."
MAEVE-C0-SAND,"MAEVE is a linen-look plain weave with slubbed yarns for natural, organic texture. Made with a BCI cotton blend, it’s as good for the environment as it is good-looking, with a classic, easygoing character."
MAEVE-C0-STEEL,"MAEVE is a linen-look plain weave with slubbed yarns for natural, organic texture. Made with a BCI cotton blend, it’s as good for the environment as it is good-looking, with a classic, easygoing character."
MAKENA-WF-ASSORTED,"Makena is a linen-like basketweave with natural texture, woven from different colored yarns for additional dimension. With a classic structure and fresh colors, Makena offers a tailored look in both relaxed and formal interiors."
MAKENA-C0-BIRCH,"Makena is a linen-like basketweave with natural texture, woven from different colored yarns for additional dimension. With a classic structure and fresh colors, Makena offers a tailored look in both relaxed and formal interiors."
MAKENA-C0-CARBON,"Makena is a linen-like basketweave with natural texture, woven from different colored yarns for additional dimension. With a classic structure and fresh colors, Makena offers a tailored look in both relaxed and formal interiors."
MAKENA-C0-CHESTNUT,"Makena is a linen-like basketweave with natural texture, woven from different colored yarns for additional dimension. With a classic structure and fresh colors, Makena offers a tailored look in both relaxed and formal interiors."
MAKENA-C0-DESERT,"Makena is a linen-like basketweave with natural texture, woven from different colored yarns for additional dimension. With a classic structure and fresh colors, Makena offers a tailored look in both relaxed and formal interiors."
MAKENA-C0-DOVE,"Makena is a linen-like basketweave with natural texture, woven from different colored yarns for additional dimension. With a classic structure and fresh colors, Makena offers a tailored look in both relaxed and formal interiors."
MAKENA-C0-ESPRESSO,"Makena is a linen-like basketweave with natural texture, woven from different colored yarns for additional dimension. With a classic structure and fresh colors, Makena offers a tailored look in both relaxed and formal interiors."
MAKENA-C0-GRAPHITE,"Makena is a linen-like basketweave with natural texture, woven from different colored yarns for additional dimension. With a classic structure and fresh colors, Makena offers a tailored look in both relaxed and formal interiors."
MAKENA-C0-PEARL,"Makena is a linen-like basketweave with natural texture, woven from different colored yarns for additional dimension. With a classic structure and fresh colors, Makena offers a tailored look in both relaxed and formal interiors."
MAKENA-C0-SAFARI,"Makena is a linen-like basketweave with natural texture, woven from different colored yarns for additional dimension. With a classic structure and fresh colors, Makena offers a tailored look in both relaxed and formal interiors."
MAKENA-C0-STEEL,"Makena is a linen-like basketweave with natural texture, woven from different colored yarns for additional dimension. With a classic structure and fresh colors, Makena offers a tailored look in both relaxed and formal interiors."
MAKENA-C0-SUGAR,"Makena is a linen-like basketweave with natural texture, woven from different colored yarns for additional dimension. With a classic structure and fresh colors, Makena offers a tailored look in both relaxed and formal interiors."
MARILLA-WF-ASSORTED,Marilla combines natural linen content with a finely scaled micro-boucle for a updated look to a classic texture.
MARILLA-ALOE,Marilla combines natural linen content with a finely scaled micro-boucle for a updated look to a classic texture.
MARILLA-CARBON,Marilla combines natural linen content with a finely scaled micro-boucle for a updated look to a classic texture.
MARILLA-DOVE,Marilla combines natural linen content with a finely scaled micro-boucle for a updated look to a classic texture.
MARILLA-FRENCH-BLUE,Marilla combines natural linen content with a finely scaled micro-boucle for a updated look to a classic texture.
MARILLA-GINGER,Marilla combines natural linen content with a finely scaled micro-boucle for a updated look to a classic texture.
MARILLA-GRAPHITE,Marilla combines natural linen content with a finely scaled micro-boucle for a updated look to a classic texture.
MARILLA-HAZELNUT,Marilla combines natural linen content with a finely scaled micro-boucle for a updated look to a classic texture.
MARILLA-JUNGLE,Marilla combines natural linen content with a finely scaled micro-boucle for a updated look to a classic texture.
MARILLA-LATTE,Marilla combines natural linen content with a finely scaled micro-boucle for a updated look to a classic texture.
MARILLA-MIDNIGHT,Marilla combines natural linen content with a finely scaled micro-boucle for a updated look to a classic texture.
MARILLA-MUSHROOM,Marilla combines natural linen content with a finely scaled micro-boucle for a updated look to a classic texture.
MARILLA-NATURAL,Marilla combines natural linen content with a finely scaled micro-boucle for a updated look to a classic texture.
MARILLA-OAT,Marilla combines natural linen content with a finely scaled micro-boucle for a updated look to a classic texture.
MARILLA-OCEAN,Marilla combines natural linen content with a finely scaled micro-boucle for a updated look to a classic texture.
MARILLA-ROSEWOOD,Marilla combines natural linen content with a finely scaled micro-boucle for a updated look to a classic texture.
MARILLA-RUST,Marilla combines natural linen content with a finely scaled micro-boucle for a updated look to a classic texture.
MARILLA-SAFARI,Marilla combines natural linen content with a finely scaled micro-boucle for a updated look to a classic texture.
MARILLA-TRUFFLE,Marilla combines natural linen content with a finely scaled micro-boucle for a updated look to a classic texture.
MATILDA-WF-ASSORTED,"Matilda is a small-scale plaid woven with slubby, textured yarns for a soft, cozy hand. The heathered colors and gentle pattern lend a touch of updated tradition to any room."
MATILDA-C0-DESERT,"Matilda is a small-scale plaid woven with slubby, textured yarns for a soft, cozy hand. The heathered colors and gentle pattern lend a touch of updated tradition to any room."
MATILDA-C0-ECRU,"Matilda is a small-scale plaid woven with slubby, textured yarns for a soft, cozy hand. The heathered colors and gentle pattern lend a touch of updated tradition to any room."
MATILDA-C0-MIDNIGHT,"Matilda is a small-scale plaid woven with slubby, textured yarns for a soft, cozy hand. The heathered colors and gentle pattern lend a touch of updated tradition to any room."
MATILDA-C0-MINERAL,"Matilda is a small-scale plaid woven with slubby, textured yarns for a soft, cozy hand. The heathered colors and gentle pattern lend a touch of updated tradition to any room."
MATILDA-C0-OCEAN,"Matilda is a small-scale plaid woven with slubby, textured yarns for a soft, cozy hand. The heathered colors and gentle pattern lend a touch of updated tradition to any room."
MATILDA-C0-OLIVE,"Matilda is a small-scale plaid woven with slubby, textured yarns for a soft, cozy hand. The heathered colors and gentle pattern lend a touch of updated tradition to any room."
MATILDA-C0-SAFARI,"Matilda is a small-scale plaid woven with slubby, textured yarns for a soft, cozy hand. The heathered colors and gentle pattern lend a touch of updated tradition to any room."
MATILDA-C0-TRUFFLE,"Matilda is a small-scale plaid woven with slubby, textured yarns for a soft, cozy hand. The heathered colors and gentle pattern lend a touch of updated tradition to any room."
MIRREN-WF-ASSORTED,"Mirren is a beautifully crafted chenille featuring a worn faux mohair look that brings rustic-luxe character and inviting texture. Available in 16 versatile colorways, it combines enduring performance with a refined, lived-in aesthetic for both residential and commercial interiors."
MIRREN-BIRCH,"Mirren is a beautifully crafted chenille featuring a worn faux mohair look that brings rustic-luxe character and inviting texture. Available in 16 versatile colorways, it combines enduring performance with a refined, lived-in aesthetic for both residential and commercial interiors."
MIRREN-CHAI,"Mirren is a beautifully crafted chenille featuring a worn faux mohair look that brings rustic-luxe character and inviting texture. Available in 16 versatile colorways, it combines enduring performance with a refined, lived-in aesthetic for both residential and commercial interiors."
MIRREN-CUB,"Mirren is a beautifully crafted chenille featuring a worn faux mohair look that brings rustic-luxe character and inviting texture. Available in 16 versatile colorways, it combines enduring performance with a refined, lived-in aesthetic for both residential and commercial interiors."
MIRREN-DESERT,"Mirren is a beautifully crafted chenille featuring a worn faux mohair look that brings rustic-luxe character and inviting texture. Available in 16 versatile colorways, it combines enduring performance with a refined, lived-in aesthetic for both residential and commercial interiors."
MIRREN-DOVE,"Mirren is a beautifully crafted chenille featuring a worn faux mohair look that brings rustic-luxe character and inviting texture. Available in 16 versatile colorways, it combines enduring performance with a refined, lived-in aesthetic for both residential and commercial interiors."
MIRREN-GRAPHITE,"Mirren is a beautifully crafted chenille featuring a worn faux mohair look that brings rustic-luxe character and inviting texture. Available in 16 versatile colorways, it combines enduring performance with a refined, lived-in aesthetic for both residential and commercial interiors."
MIRREN-JADE,"Mirren is a beautifully crafted chenille featuring a worn faux mohair look that brings rustic-luxe character and inviting texture. Available in 16 versatile colorways, it combines enduring performance with a refined, lived-in aesthetic for both residential and commercial interiors."
MIRREN-MUSHROOM,"Mirren is a beautifully crafted chenille featuring a worn faux mohair look that brings rustic-luxe character and inviting texture. Available in 16 versatile colorways, it combines enduring performance with a refined, lived-in aesthetic for both residential and commercial interiors."
MIRREN-OLIVE,"Mirren is a beautifully crafted chenille featuring a worn faux mohair look that brings rustic-luxe character and inviting texture. Available in 16 versatile colorways, it combines enduring performance with a refined, lived-in aesthetic for both residential and commercial interiors."
MIRREN-PEARL,"Mirren is a beautifully crafted chenille featuring a worn faux mohair look that brings rustic-luxe character and inviting texture. Available in 16 versatile colorways, it combines enduring performance with a refined, lived-in aesthetic for both residential and commercial interiors."
MIRREN-ROSEMARY,"Mirren is a beautifully crafted chenille featuring a worn faux mohair look that brings rustic-luxe character and inviting texture. Available in 16 versatile colorways, it combines enduring performance with a refined, lived-in aesthetic for both residential and commercial interiors."
MIRREN-ROSEWOOD,"Mirren is a beautifully crafted chenille featuring a worn faux mohair look that brings rustic-luxe character and inviting texture. Available in 16 versatile colorways, it combines enduring performance with a refined, lived-in aesthetic for both residential and commercial interiors."
MIRREN-SLATE,"Mirren is a beautifully crafted chenille featuring a worn faux mohair look that brings rustic-luxe character and inviting texture. Available in 16 versatile colorways, it combines enduring performance with a refined, lived-in aesthetic for both residential and commercial interiors."
MIRREN-SNOW,"Mirren is a beautifully crafted chenille featuring a worn faux mohair look that brings rustic-luxe character and inviting texture. Available in 16 versatile colorways, it combines enduring performance with a refined, lived-in aesthetic for both residential and commercial interiors."
MIRREN-SPICE,"Mirren is a beautifully crafted chenille featuring a worn faux mohair look that brings rustic-luxe character and inviting texture. Available in 16 versatile colorways, it combines enduring performance with a refined, lived-in aesthetic for both residential and commercial interiors."
MIRREN-TRUFFLE,"Mirren is a beautifully crafted chenille featuring a worn faux mohair look that brings rustic-luxe character and inviting texture. Available in 16 versatile colorways, it combines enduring performance with a refined, lived-in aesthetic for both residential and commercial interiors."
MONTERRA-WF-ASSORTED,"MONTERRA is a full-faced chenille woven with fine yarns, for a smooth texture and soft hand that is inviting to the touch."
MONTERRA-BALLET,"MONTERRA is a full-faced chenille woven with fine yarns, for a smooth texture and soft hand that is inviting to the touch."
MONTERRA-BIRCH,"MONTERRA is a full-faced chenille woven with fine yarns, for a smooth texture and soft hand that is inviting to the touch."
MONTERRA-CASHMERE,"MONTERRA is a full-faced chenille woven with fine yarns, for a smooth texture and soft hand that is inviting to the touch."
MONTERRA-ESPRESSO,"MONTERRA is a full-faced chenille woven with fine yarns, for a smooth texture and soft hand that is inviting to the touch."
MONTERRA-GINGER,"MONTERRA is a full-faced chenille woven with fine yarns, for a smooth texture and soft hand that is inviting to the touch."
MONTERRA-GRAPHITE,"MONTERRA is a full-faced chenille woven with fine yarns, for a smooth texture and soft hand that is inviting to the touch."
MONTERRA-JUNGLE,"MONTERRA is a full-faced chenille woven with fine yarns, for a smooth texture and soft hand that is inviting to the touch."
MONTERRA-LAGOON,"MONTERRA is a full-faced chenille woven with fine yarns, for a smooth texture and soft hand that is inviting to the touch."
MONTERRA-MAUVE,"MONTERRA is a full-faced chenille woven with fine yarns, for a smooth texture and soft hand that is inviting to the touch."
MONTERRA-MERLOT,"MONTERRA is a full-faced chenille woven with fine yarns, for a smooth texture and soft hand that is inviting to the touch."
MONTERRA-MIDNIGHT,"MONTERRA is a full-faced chenille woven with fine yarns, for a smooth texture and soft hand that is inviting to the touch."
MONTERRA-MUSHROOM,"MONTERRA is a full-faced chenille woven with fine yarns, for a smooth texture and soft hand that is inviting to the touch."
MONTERRA-OAT,"MONTERRA is a full-faced chenille woven with fine yarns, for a smooth texture and soft hand that is inviting to the touch."
MONTERRA-OCEAN,"MONTERRA is a full-faced chenille woven with fine yarns, for a smooth texture and soft hand that is inviting to the touch."
MONTERRA-OLIVE,"MONTERRA is a full-faced chenille woven with fine yarns, for a smooth texture and soft hand that is inviting to the touch."
MONTERRA-POWDER,"MONTERRA is a full-faced chenille woven with fine yarns, for a smooth texture and soft hand that is inviting to the touch."
MONTERRA-ROSEWOOD,"MONTERRA is a full-faced chenille woven with fine yarns, for a smooth texture and soft hand that is inviting to the touch."
MONTERRA-SAFARI,"MONTERRA is a full-faced chenille woven with fine yarns, for a smooth texture and soft hand that is inviting to the touch."
MONTERRA-SAGE,"MONTERRA is a full-faced chenille woven with fine yarns, for a smooth texture and soft hand that is inviting to the touch."
MONTERRA-STEEL,"MONTERRA is a full-faced chenille woven with fine yarns, for a smooth texture and soft hand that is inviting to the touch."
MONTERRA-SUGAR,"MONTERRA is a full-faced chenille woven with fine yarns, for a smooth texture and soft hand that is inviting to the touch."
MONTERRA-TRUFFLE,"MONTERRA is a full-faced chenille woven with fine yarns, for a smooth texture and soft hand that is inviting to the touch."
MURANO-WF-ASSORTED,"MURANO scatters eyelash fibers across a multicolor ground for a playful, textured surface. Lively and dimensional, it brings an expressive, eye-catching note to any room."
MURANO-C0-BIRCH,"MURANO scatters eyelash fibers across a multicolor ground for a playful, textured surface. Lively and dimensional, it brings an expressive, eye-catching note to any room."
MURANO-C0-CHESTNUT,"MURANO scatters eyelash fibers across a multicolor ground for a playful, textured surface. Lively and dimensional, it brings an expressive, eye-catching note to any room."
MURANO-C0-DESERT,"MURANO scatters eyelash fibers across a multicolor ground for a playful, textured surface. Lively and dimensional, it brings an expressive, eye-catching note to any room."
MURANO-C0-DOVE,"MURANO scatters eyelash fibers across a multicolor ground for a playful, textured surface. Lively and dimensional, it brings an expressive, eye-catching note to any room."
MURANO-C0-GRAPHITE,"MURANO scatters eyelash fibers across a multicolor ground for a playful, textured surface. Lively and dimensional, it brings an expressive, eye-catching note to any room."
MURANO-C0-OAT,"MURANO scatters eyelash fibers across a multicolor ground for a playful, textured surface. Lively and dimensional, it brings an expressive, eye-catching note to any room."
MURANO-C0-OLIVE,"MURANO scatters eyelash fibers across a multicolor ground for a playful, textured surface. Lively and dimensional, it brings an expressive, eye-catching note to any room."
MURANO-C0-PEARL,"MURANO scatters eyelash fibers across a multicolor ground for a playful, textured surface. Lively and dimensional, it brings an expressive, eye-catching note to any room."
MURANO-C0-PEPPER,"MURANO scatters eyelash fibers across a multicolor ground for a playful, textured surface. Lively and dimensional, it brings an expressive, eye-catching note to any room."
MURANO-C0-RUST,"MURANO scatters eyelash fibers across a multicolor ground for a playful, textured surface. Lively and dimensional, it brings an expressive, eye-catching note to any room."
MURANO-C0-STEEL,"MURANO scatters eyelash fibers across a multicolor ground for a playful, textured surface. Lively and dimensional, it brings an expressive, eye-catching note to any room."
MURANO-C0-STONE,"MURANO scatters eyelash fibers across a multicolor ground for a playful, textured surface. Lively and dimensional, it brings an expressive, eye-catching note to any room."
MURANO-C0-SUGAR,"MURANO scatters eyelash fibers across a multicolor ground for a playful, textured surface. Lively and dimensional, it brings an expressive, eye-catching note to any room."
MURANO-C0-THYME,"MURANO scatters eyelash fibers across a multicolor ground for a playful, textured surface. Lively and dimensional, it brings an expressive, eye-catching note to any room."
MURANO-C0-TRUFFLE,"MURANO scatters eyelash fibers across a multicolor ground for a playful, textured surface. Lively and dimensional, it brings an expressive, eye-catching note to any room."
MYRTLE-UV-WF-ASSORTED,"Myrtle-UV is a bleach-cleanable menswear fabric with refined two-tone basketweave and a soft, welcoming hand."
MYRTLE-UV-ASH,"Myrtle-UV is a bleach-cleanable menswear fabric with refined two-tone basketweave and a soft, welcoming hand."
MYRTLE-UV-BIRCH,"Myrtle-UV is a bleach-cleanable menswear fabric with refined two-tone basketweave and a soft, welcoming hand."
MYRTLE-UV-FOG,"Myrtle-UV is a bleach-cleanable menswear fabric with refined two-tone basketweave and a soft, welcoming hand."
MYRTLE-UV-FROST,"Myrtle-UV is a bleach-cleanable menswear fabric with refined two-tone basketweave and a soft, welcoming hand."
MYRTLE-UV-HAZELNUT,"Myrtle-UV is a bleach-cleanable menswear fabric with refined two-tone basketweave and a soft, welcoming hand."
MYRTLE-UV-MUSHROOM,"Myrtle-UV is a bleach-cleanable menswear fabric with refined two-tone basketweave and a soft, welcoming hand."
MYRTLE-UV-PEPPER,"Myrtle-UV is a bleach-cleanable menswear fabric with refined two-tone basketweave and a soft, welcoming hand."
MYRTLE-UV-SAFARI,"Myrtle-UV is a bleach-cleanable menswear fabric with refined two-tone basketweave and a soft, welcoming hand."
MYRTLE-UV-SAND,"Myrtle-UV is a bleach-cleanable menswear fabric with refined two-tone basketweave and a soft, welcoming hand."
MYRTLE-UV-SMOKE,"Myrtle-UV is a bleach-cleanable menswear fabric with refined two-tone basketweave and a soft, welcoming hand."
MYRTLE-UV-SNOW,"Myrtle-UV is a bleach-cleanable menswear fabric with refined two-tone basketweave and a soft, welcoming hand."
MYRTLE-UV-SPA,"Myrtle-UV is a bleach-cleanable menswear fabric with refined two-tone basketweave and a soft, welcoming hand."
NASH-WF-ASSORTED,"Nash offers the softness of fine chenille with a fine, soft heathered felt look and subtle micro-corded texture. A palette of earthy and washed tones adds understated, tonal depth."
NASH-APRICOT,"Nash offers the softness of fine chenille with a fine, soft heathered felt look and subtle micro-corded texture. A palette of earthy and washed tones adds understated, tonal depth."
NASH-BIRCH,"Nash offers the softness of fine chenille with a fine, soft heathered felt look and subtle micro-corded texture. A palette of earthy and washed tones adds understated, tonal depth."
NASH-BLUSH,"Nash offers the softness of fine chenille with a fine, soft heathered felt look and subtle micro-corded texture. A palette of earthy and washed tones adds understated, tonal depth."
NASH-CARBON,"Nash offers the softness of fine chenille with a fine, soft heathered felt look and subtle micro-corded texture. A palette of earthy and washed tones adds understated, tonal depth."
NASH-CUB,"Nash offers the softness of fine chenille with a fine, soft heathered felt look and subtle micro-corded texture. A palette of earthy and washed tones adds understated, tonal depth."
NASH-DESERT,"Nash offers the softness of fine chenille with a fine, soft heathered felt look and subtle micro-corded texture. A palette of earthy and washed tones adds understated, tonal depth."
NASH-DOVE,"Nash offers the softness of fine chenille with a fine, soft heathered felt look and subtle micro-corded texture. A palette of earthy and washed tones adds understated, tonal depth."
NASH-FERN,"Nash offers the softness of fine chenille with a fine, soft heathered felt look and subtle micro-corded texture. A palette of earthy and washed tones adds understated, tonal depth."
NASH-FOG,"Nash offers the softness of fine chenille with a fine, soft heathered felt look and subtle micro-corded texture. A palette of earthy and washed tones adds understated, tonal depth."
NASH-FRENCH-BLUE,"Nash offers the softness of fine chenille with a fine, soft heathered felt look and subtle micro-corded texture. A palette of earthy and washed tones adds understated, tonal depth."
NASH-JUNGLE,"Nash offers the softness of fine chenille with a fine, soft heathered felt look and subtle micro-corded texture. A palette of earthy and washed tones adds understated, tonal depth."
NASH-LATTE,"Nash offers the softness of fine chenille with a fine, soft heathered felt look and subtle micro-corded texture. A palette of earthy and washed tones adds understated, tonal depth."
NASH-MIDNIGHT,"Nash offers the softness of fine chenille with a fine, soft heathered felt look and subtle micro-corded texture. A palette of earthy and washed tones adds understated, tonal depth."
NASH-MUSHROOM,"Nash offers the softness of fine chenille with a fine, soft heathered felt look and subtle micro-corded texture. A palette of earthy and washed tones adds understated, tonal depth."
NASH-OAT,"Nash offers the softness of fine chenille with a fine, soft heathered felt look and subtle micro-corded texture. A palette of earthy and washed tones adds understated, tonal depth."
NASH-OLIVE,"Nash offers the softness of fine chenille with a fine, soft heathered felt look and subtle micro-corded texture. A palette of earthy and washed tones adds understated, tonal depth."
NASH-PEARL,"Nash offers the softness of fine chenille with a fine, soft heathered felt look and subtle micro-corded texture. A palette of earthy and washed tones adds understated, tonal depth."
NASH-SAFARI,"Nash offers the softness of fine chenille with a fine, soft heathered felt look and subtle micro-corded texture. A palette of earthy and washed tones adds understated, tonal depth."
NASH-SMOKE,"Nash offers the softness of fine chenille with a fine, soft heathered felt look and subtle micro-corded texture. A palette of earthy and washed tones adds understated, tonal depth."
NASH-SUGAR,"Nash offers the softness of fine chenille with a fine, soft heathered felt look and subtle micro-corded texture. A palette of earthy and washed tones adds understated, tonal depth."
NASH-WINE,"Nash offers the softness of fine chenille with a fine, soft heathered felt look and subtle micro-corded texture. A palette of earthy and washed tones adds understated, tonal depth."
NAT-CABANA-S-WF_ASSORTED,"NATURAL CABANA STRIPE pairs a crisp stripe with a linen-look basketweave for a relaxed, coastal feel."
NAT-CABANA-S-C0-ALMO,"NATURAL CABANA STRIPE pairs a crisp stripe with a linen-look basketweave for a relaxed, coastal feel."
NAT-CABANA-S-C0-GRAP,"NATURAL CABANA STRIPE pairs a crisp stripe with a linen-look basketweave for a relaxed, coastal feel."
NAT-CABANA-S-C0-HONE,"NATURAL CABANA STRIPE pairs a crisp stripe with a linen-look basketweave for a relaxed, coastal feel."
NAT-CABANA-S-C0-MIDN,"NATURAL CABANA STRIPE pairs a crisp stripe with a linen-look basketweave for a relaxed, coastal feel."
NAT-CABANA-S-C0-OCEA,"NATURAL CABANA STRIPE pairs a crisp stripe with a linen-look basketweave for a relaxed, coastal feel."
NAT-CABANA-S-C0-PEBB,"NATURAL CABANA STRIPE pairs a crisp stripe with a linen-look basketweave for a relaxed, coastal feel."
NAT-CABANA-S-C0-RSWO,"NATURAL CABANA STRIPE pairs a crisp stripe with a linen-look basketweave for a relaxed, coastal feel."
NAT-CABANA-S-C0-SPRU,"NATURAL CABANA STRIPE pairs a crisp stripe with a linen-look basketweave for a relaxed, coastal feel."
NAT-CABANA-S-C0-STEE,"NATURAL CABANA STRIPE pairs a crisp stripe with a linen-look basketweave for a relaxed, coastal feel."
NESTLE-WF-ASSORTED,NESTLE is a full-faced chenille fabric that uses varied yarn sizes to create a slubbed texture that feels both cozy and glamorous.
NESTLE-ALOE,NESTLE is a full-faced chenille fabric that uses varied yarn sizes to create a slubbed texture that feels both cozy and glamorous.
NESTLE-BIRCH,NESTLE is a full-faced chenille fabric that uses varied yarn sizes to create a slubbed texture that feels both cozy and glamorous.
NESTLE-CASHMERE,NESTLE is a full-faced chenille fabric that uses varied yarn sizes to create a slubbed texture that feels both cozy and glamorous.
NESTLE-DESERT,NESTLE is a full-faced chenille fabric that uses varied yarn sizes to create a slubbed texture that feels both cozy and glamorous.
NESTLE-DOVE,NESTLE is a full-faced chenille fabric that uses varied yarn sizes to create a slubbed texture that feels both cozy and glamorous.
NESTLE-ESPRESSO,NESTLE is a full-faced chenille fabric that uses varied yarn sizes to create a slubbed texture that feels both cozy and glamorous.
NESTLE-FRENCH-BLUE,NESTLE is a full-faced chenille fabric that uses varied yarn sizes to create a slubbed texture that feels both cozy and glamorous.
NESTLE-FROST,NESTLE is a full-faced chenille fabric that uses varied yarn sizes to create a slubbed texture that feels both cozy and glamorous.
NESTLE-GRAPHITE,NESTLE is a full-faced chenille fabric that uses varied yarn sizes to create a slubbed texture that feels both cozy and glamorous.
NESTLE-OLIVE,NESTLE is a full-faced chenille fabric that uses varied yarn sizes to create a slubbed texture that feels both cozy and glamorous.
NESTLE-SLATE,NESTLE is a full-faced chenille fabric that uses varied yarn sizes to create a slubbed texture that feels both cozy and glamorous.
NESTLE-SPICE,NESTLE is a full-faced chenille fabric that uses varied yarn sizes to create a slubbed texture that feels both cozy and glamorous.
NESTLE-STEEL,NESTLE is a full-faced chenille fabric that uses varied yarn sizes to create a slubbed texture that feels both cozy and glamorous.
NESTLE-SUGAR,NESTLE is a full-faced chenille fabric that uses varied yarn sizes to create a slubbed texture that feels both cozy and glamorous.
NESTLE-TRUFFLE,NESTLE is a full-faced chenille fabric that uses varied yarn sizes to create a slubbed texture that feels both cozy and glamorous.
OVELLE-UV-WF-ASSORTED,"Ovelle-UV is a tonal tweed woven with mixed yarns for added textural depth. Solution-dyed for lasting performance and appearance, it also offers bleach-cleanable ease for easy care."
OVELLE-UV-BIRCH,"Ovelle-UV is a tonal tweed woven with mixed yarns for added textural depth. Solution-dyed for lasting performance and appearance, it also offers bleach-cleanable ease for easy care."
OVELLE-UV-DOVE,"Ovelle-UV is a tonal tweed woven with mixed yarns for added textural depth. Solution-dyed for lasting performance and appearance, it also offers bleach-cleanable ease for easy care."
OVELLE-UV-OAT,"Ovelle-UV is a tonal tweed woven with mixed yarns for added textural depth. Solution-dyed for lasting performance and appearance, it also offers bleach-cleanable ease for easy care."
OVELLE-UV-PEBBLE,"Ovelle-UV is a tonal tweed woven with mixed yarns for added textural depth. Solution-dyed for lasting performance and appearance, it also offers bleach-cleanable ease for easy care."
OVELLE-UV-SMOKE,"Ovelle-UV is a tonal tweed woven with mixed yarns for added textural depth. Solution-dyed for lasting performance and appearance, it also offers bleach-cleanable ease for easy care."
OZZY-WF-ASSORTED,"Ozzy is a versatile fabric featuring a soft, heathered texture and an organic, non-pattern look with subtle tonal variation. Its refined, understated aesthetic adds depth and dimension while complementing a wide range of interior styles."
OZZY-BIRCH,"Ozzy is a versatile fabric featuring a soft, heathered texture and an organic, non-pattern look with subtle tonal variation. Its refined, understated aesthetic adds depth and dimension while complementing a wide range of interior styles."
OZZY-DOVE,"Ozzy is a versatile fabric featuring a soft, heathered texture and an organic, non-pattern look with subtle tonal variation. Its refined, understated aesthetic adds depth and dimension while complementing a wide range of interior styles."
OZZY-GINGER,"Ozzy is a versatile fabric featuring a soft, heathered texture and an organic, non-pattern look with subtle tonal variation. Its refined, understated aesthetic adds depth and dimension while complementing a wide range of interior styles."
OZZY-JADE,"Ozzy is a versatile fabric featuring a soft, heathered texture and an organic, non-pattern look with subtle tonal variation. Its refined, understated aesthetic adds depth and dimension while complementing a wide range of interior styles."
OZZY-JUNGLE,"Ozzy is a versatile fabric featuring a soft, heathered texture and an organic, non-pattern look with subtle tonal variation. Its refined, understated aesthetic adds depth and dimension while complementing a wide range of interior styles."
OZZY-LATTE,"Ozzy is a versatile fabric featuring a soft, heathered texture and an organic, non-pattern look with subtle tonal variation. Its refined, understated aesthetic adds depth and dimension while complementing a wide range of interior styles."
OZZY-MINERAL,"Ozzy is a versatile fabric featuring a soft, heathered texture and an organic, non-pattern look with subtle tonal variation. Its refined, understated aesthetic adds depth and dimension while complementing a wide range of interior styles."
OZZY-PEARL,"Ozzy is a versatile fabric featuring a soft, heathered texture and an organic, non-pattern look with subtle tonal variation. Its refined, understated aesthetic adds depth and dimension while complementing a wide range of interior styles."
OZZY-PRALINE,"Ozzy is a versatile fabric featuring a soft, heathered texture and an organic, non-pattern look with subtle tonal variation. Its refined, understated aesthetic adds depth and dimension while complementing a wide range of interior styles."
OZZY-ROSEMARY,"Ozzy is a versatile fabric featuring a soft, heathered texture and an organic, non-pattern look with subtle tonal variation. Its refined, understated aesthetic adds depth and dimension while complementing a wide range of interior styles."
OZZY-RUST,"Ozzy is a versatile fabric featuring a soft, heathered texture and an organic, non-pattern look with subtle tonal variation. Its refined, understated aesthetic adds depth and dimension while complementing a wide range of interior styles."
OZZY-SAFARI,"Ozzy is a versatile fabric featuring a soft, heathered texture and an organic, non-pattern look with subtle tonal variation. Its refined, understated aesthetic adds depth and dimension while complementing a wide range of interior styles."
OZZY-SESAME,"Ozzy is a versatile fabric featuring a soft, heathered texture and an organic, non-pattern look with subtle tonal variation. Its refined, understated aesthetic adds depth and dimension while complementing a wide range of interior styles."
OZZY-SLATE,"Ozzy is a versatile fabric featuring a soft, heathered texture and an organic, non-pattern look with subtle tonal variation. Its refined, understated aesthetic adds depth and dimension while complementing a wide range of interior styles."
OZZY-SUGAR,"Ozzy is a versatile fabric featuring a soft, heathered texture and an organic, non-pattern look with subtle tonal variation. Its refined, understated aesthetic adds depth and dimension while complementing a wide range of interior styles."
OZZY-TRUFFLE,"Ozzy is a versatile fabric featuring a soft, heathered texture and an organic, non-pattern look with subtle tonal variation. Its refined, understated aesthetic adds depth and dimension while complementing a wide range of interior styles."
PALETTE-WF-ASSORTED,"PALETTE blends eyelash yarn, updated boucle, and tonal tweed into a richly textural mix. Its layered yarns create quiet dimension and a soft, characterful surface."
PALETTE-C0-CARBON,"PALETTE blends eyelash yarn, updated boucle, and tonal tweed into a richly textural mix. Its layered yarns create quiet dimension and a soft, characterful surface."
PALETTE-C0-CASHMERE,"PALETTE blends eyelash yarn, updated boucle, and tonal tweed into a richly textural mix. Its layered yarns create quiet dimension and a soft, characterful surface."
PALETTE-C0-DESERT,"PALETTE blends eyelash yarn, updated boucle, and tonal tweed into a richly textural mix. Its layered yarns create quiet dimension and a soft, characterful surface."
PALETTE-C0-FROST,"PALETTE blends eyelash yarn, updated boucle, and tonal tweed into a richly textural mix. Its layered yarns create quiet dimension and a soft, characterful surface."
PALETTE-C0-MIDNIGHT,"PALETTE blends eyelash yarn, updated boucle, and tonal tweed into a richly textural mix. Its layered yarns create quiet dimension and a soft, characterful surface."
PALETTE-C0-MUSHROOM,"PALETTE blends eyelash yarn, updated boucle, and tonal tweed into a richly textural mix. Its layered yarns create quiet dimension and a soft, characterful surface."
PALETTE-C0-PEARL,"PALETTE blends eyelash yarn, updated boucle, and tonal tweed into a richly textural mix. Its layered yarns create quiet dimension and a soft, characterful surface."
PALETTE-C0-SMOKE,"PALETTE blends eyelash yarn, updated boucle, and tonal tweed into a richly textural mix. Its layered yarns create quiet dimension and a soft, characterful surface."
PALETTE-C0-STONE,"PALETTE blends eyelash yarn, updated boucle, and tonal tweed into a richly textural mix. Its layered yarns create quiet dimension and a soft, characterful surface."
PALETTE-C0-SUGAR,"PALETTE blends eyelash yarn, updated boucle, and tonal tweed into a richly textural mix. Its layered yarns create quiet dimension and a soft, characterful surface."
PALETTE-C0-THYME,"PALETTE blends eyelash yarn, updated boucle, and tonal tweed into a richly textural mix. Its layered yarns create quiet dimension and a soft, characterful surface."
PANDORA-UV-WF-ASSORTED,PANDORA-UV combines performance and style with solution-dyed boucle yarns in a sophisticated heathered palette.
PANDORA-UV-ALOE,PANDORA-UV combines performance and style with solution-dyed boucle yarns in a sophisticated heathered palette.
PANDORA-UV-BIRCH,PANDORA-UV combines performance and style with solution-dyed boucle yarns in a sophisticated heathered palette.
PANDORA-UV-CLOUD,PANDORA-UV combines performance and style with solution-dyed boucle yarns in a sophisticated heathered palette.
PANDORA-UV-DESERT,PANDORA-UV combines performance and style with solution-dyed boucle yarns in a sophisticated heathered palette.
PANDORA-UV-DOVE,PANDORA-UV combines performance and style with solution-dyed boucle yarns in a sophisticated heathered palette.
PANDORA-UV-FOG,PANDORA-UV combines performance and style with solution-dyed boucle yarns in a sophisticated heathered palette.
PANDORA-UV-FROST,PANDORA-UV combines performance and style with solution-dyed boucle yarns in a sophisticated heathered palette.
PANDORA-UV-GRAPHITE,PANDORA-UV combines performance and style with solution-dyed boucle yarns in a sophisticated heathered palette.
PANDORA-UV-MUSHROOM,PANDORA-UV combines performance and style with solution-dyed boucle yarns in a sophisticated heathered palette.
PANDORA-UV-OAT,PANDORA-UV combines performance and style with solution-dyed boucle yarns in a sophisticated heathered palette.
PANDORA-UV-PEARL,PANDORA-UV combines performance and style with solution-dyed boucle yarns in a sophisticated heathered palette.
PANDORA-UV-PRALINE,PANDORA-UV combines performance and style with solution-dyed boucle yarns in a sophisticated heathered palette.
PANDORA-UV-SUGAR,PANDORA-UV combines performance and style with solution-dyed boucle yarns in a sophisticated heathered palette.
PENNY-WF-ASSORTED,"Penny is a gingham check of fresh colors in a linen-like basketweave. Penny is a true modern classic, that is both tailored and relaxed."
PENNY-C0-ALMOND,"Penny is a gingham check of fresh colors in a linen-like basketweave. Penny is a true modern classic, that is both tailored and relaxed."
PENNY-C0-HONEY,"Penny is a gingham check of fresh colors in a linen-like basketweave. Penny is a true modern classic, that is both tailored and relaxed."
PENNY-C0-MIDNIGHT,"Penny is a gingham check of fresh colors in a linen-like basketweave. Penny is a true modern classic, that is both tailored and relaxed."
PENNY-C0-OCEAN,"Penny is a gingham check of fresh colors in a linen-like basketweave. Penny is a true modern classic, that is both tailored and relaxed."
PENNY-C0-ROSEWOOD,"Penny is a gingham check of fresh colors in a linen-like basketweave. Penny is a true modern classic, that is both tailored and relaxed."
PENNY-C0-SPRUCE,"Penny is a gingham check of fresh colors in a linen-like basketweave. Penny is a true modern classic, that is both tailored and relaxed."
PENNY-C0-STONE,"Penny is a gingham check of fresh colors in a linen-like basketweave. Penny is a true modern classic, that is both tailored and relaxed."
PRAIRIE-UV-WF-ASSORTED,"Prairie-UV available in eight colorways. This soft, textured woven fabric features a heathered look and subtle crosshatch detail, with bleach-cleanable ease for simple care."
PRAIRIE-UV-BIRCH,"Prairie-UV available in eight colorways. This soft, textured woven fabric features a heathered look and subtle crosshatch detail, with bleach-cleanable ease for simple care."
PRAIRIE-UV-CARBON,"Prairie-UV available in eight colorways. This soft, textured woven fabric features a heathered look and subtle crosshatch detail, with bleach-cleanable ease for simple care."
PRAIRIE-UV-DESERT,"Prairie-UV available in eight colorways. This soft, textured woven fabric features a heathered look and subtle crosshatch detail, with bleach-cleanable ease for simple care."
PRAIRIE-UV-DOVE,"Prairie-UV available in eight colorways. This soft, textured woven fabric features a heathered look and subtle crosshatch detail, with bleach-cleanable ease for simple care."
PRAIRIE-UV-FOG,"Prairie-UV available in eight colorways. This soft, textured woven fabric features a heathered look and subtle crosshatch detail, with bleach-cleanable ease for simple care."
PRAIRIE-UV-FROST,"Prairie-UV available in eight colorways. This soft, textured woven fabric features a heathered look and subtle crosshatch detail, with bleach-cleanable ease for simple care."
PRAIRIE-UV-INK,"Prairie-UV available in eight colorways. This soft, textured woven fabric features a heathered look and subtle crosshatch detail, with bleach-cleanable ease for simple care."
PRAIRIE-UV-JUNGLE,"Prairie-UV available in eight colorways. This soft, textured woven fabric features a heathered look and subtle crosshatch detail, with bleach-cleanable ease for simple care."
PRAIRIE-UV-MIDNIGHT,"Prairie-UV available in eight colorways. This soft, textured woven fabric features a heathered look and subtle crosshatch detail, with bleach-cleanable ease for simple care."
PRAIRIE-UV-MIST,"Prairie-UV available in eight colorways. This soft, textured woven fabric features a heathered look and subtle crosshatch detail, with bleach-cleanable ease for simple care."
PRAIRIE-UV-MOCHA,"Prairie-UV available in eight colorways. This soft, textured woven fabric features a heathered look and subtle crosshatch detail, with bleach-cleanable ease for simple care."
PRAIRIE-UV-MUSHROOM,"Prairie-UV available in eight colorways. This soft, textured woven fabric features a heathered look and subtle crosshatch detail, with bleach-cleanable ease for simple care."
PRAIRIE-UV-OAT,"Prairie-UV available in eight colorways. This soft, textured woven fabric features a heathered look and subtle crosshatch detail, with bleach-cleanable ease for simple care."
PRAIRIE-UV-PEARL,"Prairie-UV available in eight colorways. This soft, textured woven fabric features a heathered look and subtle crosshatch detail, with bleach-cleanable ease for simple care."
PRAIRIE-UV-PRALINE,"Prairie-UV available in eight colorways. This soft, textured woven fabric features a heathered look and subtle crosshatch detail, with bleach-cleanable ease for simple care."
PRAIRIE-UV-ROSEMARY,"Prairie-UV available in eight colorways. This soft, textured woven fabric features a heathered look and subtle crosshatch detail, with bleach-cleanable ease for simple care."
PRAIRIE-UV-SAGE,"Prairie-UV available in eight colorways. This soft, textured woven fabric features a heathered look and subtle crosshatch detail, with bleach-cleanable ease for simple care."
PRAIRIE-UV-SESAME,"Prairie-UV available in eight colorways. This soft, textured woven fabric features a heathered look and subtle crosshatch detail, with bleach-cleanable ease for simple care."
PRAIRIE-UV-SMOKE,"Prairie-UV available in eight colorways. This soft, textured woven fabric features a heathered look and subtle crosshatch detail, with bleach-cleanable ease for simple care."
PRAIRIE-UV-SPICE,"Prairie-UV available in eight colorways. This soft, textured woven fabric features a heathered look and subtle crosshatch detail, with bleach-cleanable ease for simple care."
PRAIRIE-UV-TRUFFLE,"Prairie-UV available in eight colorways. This soft, textured woven fabric features a heathered look and subtle crosshatch detail, with bleach-cleanable ease for simple care."
PRANCE-WF-ASSORTED,Prance is a woven chenille with a broken-up twill construction that adds subtle texture and movement. Its soft hand and versatile appeal bring refined comfort to a wide range of spaces.
PRANCE-C0-CARBON,Prance is a woven chenille with a broken-up twill construction that adds subtle texture and movement. Its soft hand and versatile appeal bring refined comfort to a wide range of spaces.
PRANCE-C0-DESERT,Prance is a woven chenille with a broken-up twill construction that adds subtle texture and movement. Its soft hand and versatile appeal bring refined comfort to a wide range of spaces.
PRANCE-C0-FOG,Prance is a woven chenille with a broken-up twill construction that adds subtle texture and movement. Its soft hand and versatile appeal bring refined comfort to a wide range of spaces.
PRANCE-C0-FROST,Prance is a woven chenille with a broken-up twill construction that adds subtle texture and movement. Its soft hand and versatile appeal bring refined comfort to a wide range of spaces.
PRANCE-C0-GINGER,Prance is a woven chenille with a broken-up twill construction that adds subtle texture and movement. Its soft hand and versatile appeal bring refined comfort to a wide range of spaces.
PRANCE-C0-GRAPHITE,Prance is a woven chenille with a broken-up twill construction that adds subtle texture and movement. Its soft hand and versatile appeal bring refined comfort to a wide range of spaces.
PRANCE-C0-MERLOT,Prance is a woven chenille with a broken-up twill construction that adds subtle texture and movement. Its soft hand and versatile appeal bring refined comfort to a wide range of spaces.
PRANCE-C0-MIDNIGHT,Prance is a woven chenille with a broken-up twill construction that adds subtle texture and movement. Its soft hand and versatile appeal bring refined comfort to a wide range of spaces.
PRANCE-C0-OAT,Prance is a woven chenille with a broken-up twill construction that adds subtle texture and movement. Its soft hand and versatile appeal bring refined comfort to a wide range of spaces.
PRANCE-C0-OLIVE,Prance is a woven chenille with a broken-up twill construction that adds subtle texture and movement. Its soft hand and versatile appeal bring refined comfort to a wide range of spaces.
PRANCE-C0-PEARL,Prance is a woven chenille with a broken-up twill construction that adds subtle texture and movement. Its soft hand and versatile appeal bring refined comfort to a wide range of spaces.
PRANCE-C0-SNOW,Prance is a woven chenille with a broken-up twill construction that adds subtle texture and movement. Its soft hand and versatile appeal bring refined comfort to a wide range of spaces.
PRANCE-C0-SPICE,Prance is a woven chenille with a broken-up twill construction that adds subtle texture and movement. Its soft hand and versatile appeal bring refined comfort to a wide range of spaces.
PRANCE-C0-STONE,Prance is a woven chenille with a broken-up twill construction that adds subtle texture and movement. Its soft hand and versatile appeal bring refined comfort to a wide range of spaces.
PRANCE-C0-TRUFFLE,Prance is a woven chenille with a broken-up twill construction that adds subtle texture and movement. Its soft hand and versatile appeal bring refined comfort to a wide range of spaces.
RAVELLE-WF-ASSORTED,"Ravelle blends wool, linen, and polyester into a beautifully textured, natural-look weave with a soft, tactile hand. it’s an inviting choice that brings refined simplicity to both modern and casual spaces."
RAVELLE-BIRCH,"Ravelle blends wool, linen, and polyester into a beautifully textured, natural-look weave with a soft, tactile hand. it’s an inviting choice that brings refined simplicity to both modern and casual spaces."
RAVELLE-GRAPHITE,"Ravelle blends wool, linen, and polyester into a beautifully textured, natural-look weave with a soft, tactile hand. it’s an inviting choice that brings refined simplicity to both modern and casual spaces."
RAVELLE-MIDNIGHT,"Ravelle blends wool, linen, and polyester into a beautifully textured, natural-look weave with a soft, tactile hand. it’s an inviting choice that brings refined simplicity to both modern and casual spaces."
RAVELLE-MIST,"Ravelle blends wool, linen, and polyester into a beautifully textured, natural-look weave with a soft, tactile hand. it’s an inviting choice that brings refined simplicity to both modern and casual spaces."
RAVELLE-MUSHROOM,"Ravelle blends wool, linen, and polyester into a beautifully textured, natural-look weave with a soft, tactile hand. it’s an inviting choice that brings refined simplicity to both modern and casual spaces."
RAVELLE-OAT,"Ravelle blends wool, linen, and polyester into a beautifully textured, natural-look weave with a soft, tactile hand. it’s an inviting choice that brings refined simplicity to both modern and casual spaces."
RAVELLE-PEARL,"Ravelle blends wool, linen, and polyester into a beautifully textured, natural-look weave with a soft, tactile hand. it’s an inviting choice that brings refined simplicity to both modern and casual spaces."
RAVELLE-PEBBLE,"Ravelle blends wool, linen, and polyester into a beautifully textured, natural-look weave with a soft, tactile hand. it’s an inviting choice that brings refined simplicity to both modern and casual spaces."
RAVELLE-SAFARI,"Ravelle blends wool, linen, and polyester into a beautifully textured, natural-look weave with a soft, tactile hand. it’s an inviting choice that brings refined simplicity to both modern and casual spaces."
RAVELLE-SESAME,"Ravelle blends wool, linen, and polyester into a beautifully textured, natural-look weave with a soft, tactile hand. it’s an inviting choice that brings refined simplicity to both modern and casual spaces."
RAVELLE-SMOKE,"Ravelle blends wool, linen, and polyester into a beautifully textured, natural-look weave with a soft, tactile hand. it’s an inviting choice that brings refined simplicity to both modern and casual spaces."
RAVELLE-SNOW,"Ravelle blends wool, linen, and polyester into a beautifully textured, natural-look weave with a soft, tactile hand. it’s an inviting choice that brings refined simplicity to both modern and casual spaces."
RAVINA-WF-ASSORTED,"Ravina is a dense, full-faced chenille that suggests the luxurious look and feel of velvet. Featuring a rich color palette, a dry hand, and a subtle, matte luster, Ravina offers sophistication and timeless appeal, making it a classic choice for any environment."
RAVINA-BIRCH,"Ravina is a dense, full-faced chenille that suggests the luxurious look and feel of velvet. Featuring a rich color palette, a dry hand, and a subtle, matte luster, Ravina offers sophistication and timeless appeal, making it a classic choice for any environment."
RAVINA-BITTERSWEET,"Ravina is a dense, full-faced chenille that suggests the luxurious look and feel of velvet. Featuring a rich color palette, a dry hand, and a subtle, matte luster, Ravina offers sophistication and timeless appeal, making it a classic choice for any environment."
RAVINA-CAMEL,"Ravina is a dense, full-faced chenille that suggests the luxurious look and feel of velvet. Featuring a rich color palette, a dry hand, and a subtle, matte luster, Ravina offers sophistication and timeless appeal, making it a classic choice for any environment."
RAVINA-CASHEW,"Ravina is a dense, full-faced chenille that suggests the luxurious look and feel of velvet. Featuring a rich color palette, a dry hand, and a subtle, matte luster, Ravina offers sophistication and timeless appeal, making it a classic choice for any environment."
RAVINA-CHOCOLATE,"Ravina is a dense, full-faced chenille that suggests the luxurious look and feel of velvet. Featuring a rich color palette, a dry hand, and a subtle, matte luster, Ravina offers sophistication and timeless appeal, making it a classic choice for any environment."
RAVINA-COBALT,"Ravina is a dense, full-faced chenille that suggests the luxurious look and feel of velvet. Featuring a rich color palette, a dry hand, and a subtle, matte luster, Ravina offers sophistication and timeless appeal, making it a classic choice for any environment."
RAVINA-COPPER,"Ravina is a dense, full-faced chenille that suggests the luxurious look and feel of velvet. Featuring a rich color palette, a dry hand, and a subtle, matte luster, Ravina offers sophistication and timeless appeal, making it a classic choice for any environment."
RAVINA-CUB,"Ravina is a dense, full-faced chenille that suggests the luxurious look and feel of velvet. Featuring a rich color palette, a dry hand, and a subtle, matte luster, Ravina offers sophistication and timeless appeal, making it a classic choice for any environment."
RAVINA-DOVE,"Ravina is a dense, full-faced chenille that suggests the luxurious look and feel of velvet. Featuring a rich color palette, a dry hand, and a subtle, matte luster, Ravina offers sophistication and timeless appeal, making it a classic choice for any environment."
RAVINA-ESPRESSO,"Ravina is a dense, full-faced chenille that suggests the luxurious look and feel of velvet. Featuring a rich color palette, a dry hand, and a subtle, matte luster, Ravina offers sophistication and timeless appeal, making it a classic choice for any environment."
RAVINA-FOREST,"Ravina is a dense, full-faced chenille that suggests the luxurious look and feel of velvet. Featuring a rich color palette, a dry hand, and a subtle, matte luster, Ravina offers sophistication and timeless appeal, making it a classic choice for any environment."
RAVINA-FRENCH-BLUE,"Ravina is a dense, full-faced chenille that suggests the luxurious look and feel of velvet. Featuring a rich color palette, a dry hand, and a subtle, matte luster, Ravina offers sophistication and timeless appeal, making it a classic choice for any environment."
RAVINA-GRAPHITE,"Ravina is a dense, full-faced chenille that suggests the luxurious look and feel of velvet. Featuring a rich color palette, a dry hand, and a subtle, matte luster, Ravina offers sophistication and timeless appeal, making it a classic choice for any environment."
RAVINA-HAZELNUT,"Ravina is a dense, full-faced chenille that suggests the luxurious look and feel of velvet. Featuring a rich color palette, a dry hand, and a subtle, matte luster, Ravina offers sophistication and timeless appeal, making it a classic choice for any environment."
RAVINA-OCEAN,"Ravina is a dense, full-faced chenille that suggests the luxurious look and feel of velvet. Featuring a rich color palette, a dry hand, and a subtle, matte luster, Ravina offers sophistication and timeless appeal, making it a classic choice for any environment."
RAVINA-ONYX,"Ravina is a dense, full-faced chenille that suggests the luxurious look and feel of velvet. Featuring a rich color palette, a dry hand, and a subtle, matte luster, Ravina offers sophistication and timeless appeal, making it a classic choice for any environment."
RAVINA-OYSTER,"Ravina is a dense, full-faced chenille that suggests the luxurious look and feel of velvet. Featuring a rich color palette, a dry hand, and a subtle, matte luster, Ravina offers sophistication and timeless appeal, making it a classic choice for any environment."
RAVINA-PEACOCK,"Ravina is a dense, full-faced chenille that suggests the luxurious look and feel of velvet. Featuring a rich color palette, a dry hand, and a subtle, matte luster, Ravina offers sophistication and timeless appeal, making it a classic choice for any environment."
RAVINA-PEBBLE,"Ravina is a dense, full-faced chenille that suggests the luxurious look and feel of velvet. Featuring a rich color palette, a dry hand, and a subtle, matte luster, Ravina offers sophistication and timeless appeal, making it a classic choice for any environment."
RAVINA-RAVEN,"Ravina is a dense, full-faced chenille that suggests the luxurious look and feel of velvet. Featuring a rich color palette, a dry hand, and a subtle, matte luster, Ravina offers sophistication and timeless appeal, making it a classic choice for any environment."
RAVINA-ROSEMARY,"Ravina is a dense, full-faced chenille that suggests the luxurious look and feel of velvet. Featuring a rich color palette, a dry hand, and a subtle, matte luster, Ravina offers sophistication and timeless appeal, making it a classic choice for any environment."
RAVINA-ROSEWOOD,"Ravina is a dense, full-faced chenille that suggests the luxurious look and feel of velvet. Featuring a rich color palette, a dry hand, and a subtle, matte luster, Ravina offers sophistication and timeless appeal, making it a classic choice for any environment."
RAVINA-RUST,"Ravina is a dense, full-faced chenille that suggests the luxurious look and feel of velvet. Featuring a rich color palette, a dry hand, and a subtle, matte luster, Ravina offers sophistication and timeless appeal, making it a classic choice for any environment."
RAVINA-SAND,"Ravina is a dense, full-faced chenille that suggests the luxurious look and feel of velvet. Featuring a rich color palette, a dry hand, and a subtle, matte luster, Ravina offers sophistication and timeless appeal, making it a classic choice for any environment."
RAVINA-SILVER,"Ravina is a dense, full-faced chenille that suggests the luxurious look and feel of velvet. Featuring a rich color palette, a dry hand, and a subtle, matte luster, Ravina offers sophistication and timeless appeal, making it a classic choice for any environment."
RAVINA-STEEL,"Ravina is a dense, full-faced chenille that suggests the luxurious look and feel of velvet. Featuring a rich color palette, a dry hand, and a subtle, matte luster, Ravina offers sophistication and timeless appeal, making it a classic choice for any environment."
RAVINA-UMBER,"Ravina is a dense, full-faced chenille that suggests the luxurious look and feel of velvet. Featuring a rich color palette, a dry hand, and a subtle, matte luster, Ravina offers sophistication and timeless appeal, making it a classic choice for any environment."
RAVINA-WINE,"Ravina is a dense, full-faced chenille that suggests the luxurious look and feel of velvet. Featuring a rich color palette, a dry hand, and a subtle, matte luster, Ravina offers sophistication and timeless appeal, making it a classic choice for any environment."
REMINGTON-UV-WF-ASSORTED,"Remington-UV is full-faced chenille with a unique basketweave pattern. Woven with solution-dyed yarns, Remington-UV offers lasting performance and a soft hand."
REMINGTON-UV-CHARCOAL,"Remington-UV is full-faced chenille with a unique basketweave pattern. Woven with solution-dyed yarns, Remington-UV offers lasting performance and a soft hand."
REMINGTON-UV-DOVE,"Remington-UV is full-faced chenille with a unique basketweave pattern. Woven with solution-dyed yarns, Remington-UV offers lasting performance and a soft hand."
REMINGTON-UV-FRENCH-BLUE,"Remington-UV is full-faced chenille with a unique basketweave pattern. Woven with solution-dyed yarns, Remington-UV offers lasting performance and a soft hand."
REMINGTON-UV-MIDNIGHT,"Remington-UV is full-faced chenille with a unique basketweave pattern. Woven with solution-dyed yarns, Remington-UV offers lasting performance and a soft hand."
REMINGTON-UV-OAT,"Remington-UV is full-faced chenille with a unique basketweave pattern. Woven with solution-dyed yarns, Remington-UV offers lasting performance and a soft hand."
REMINGTON-UV-OLIVE,"Remington-UV is full-faced chenille with a unique basketweave pattern. Woven with solution-dyed yarns, Remington-UV offers lasting performance and a soft hand."
REMINGTON-UV-SAFARI,"Remington-UV is full-faced chenille with a unique basketweave pattern. Woven with solution-dyed yarns, Remington-UV offers lasting performance and a soft hand."
REMINGTON-UV-SPICE,"Remington-UV is full-faced chenille with a unique basketweave pattern. Woven with solution-dyed yarns, Remington-UV offers lasting performance and a soft hand."
REMINGTON-UV-TRUFFLE,"Remington-UV is full-faced chenille with a unique basketweave pattern. Woven with solution-dyed yarns, Remington-UV offers lasting performance and a soft hand."
RENATA-UV-WF-ASSORTED,"RENATA-UV features a looped boucle texture with a multicolored stripe that adds depth and visual interest. Solution-dyed and easy to clean, it brings relaxed charm and modern style to both casual and refined interiors."
RENATA-UV-BIRCH,"RENATA-UV features a looped boucle texture with a multicolored stripe that adds depth and visual interest. Solution-dyed and easy to clean, it brings relaxed charm and modern style to both casual and refined interiors."
RENATA-UV-CHESTNUT,"RENATA-UV features a looped boucle texture with a multicolored stripe that adds depth and visual interest. Solution-dyed and easy to clean, it brings relaxed charm and modern style to both casual and refined interiors."
RENATA-UV-FERN,"RENATA-UV features a looped boucle texture with a multicolored stripe that adds depth and visual interest. Solution-dyed and easy to clean, it brings relaxed charm and modern style to both casual and refined interiors."
RENATA-UV-MERLOT,"RENATA-UV features a looped boucle texture with a multicolored stripe that adds depth and visual interest. Solution-dyed and easy to clean, it brings relaxed charm and modern style to both casual and refined interiors."
RENATA-UV-OAT,"RENATA-UV features a looped boucle texture with a multicolored stripe that adds depth and visual interest. Solution-dyed and easy to clean, it brings relaxed charm and modern style to both casual and refined interiors."
RENATA-UV-PEARL,"RENATA-UV features a looped boucle texture with a multicolored stripe that adds depth and visual interest. Solution-dyed and easy to clean, it brings relaxed charm and modern style to both casual and refined interiors."
RENATA-UV-SLATE,"RENATA-UV features a looped boucle texture with a multicolored stripe that adds depth and visual interest. Solution-dyed and easy to clean, it brings relaxed charm and modern style to both casual and refined interiors."
RENATA-UV-STONE,"RENATA-UV features a looped boucle texture with a multicolored stripe that adds depth and visual interest. Solution-dyed and easy to clean, it brings relaxed charm and modern style to both casual and refined interiors."
RENATA-UV-SUNFLOWER,"RENATA-UV features a looped boucle texture with a multicolored stripe that adds depth and visual interest. Solution-dyed and easy to clean, it brings relaxed charm and modern style to both casual and refined interiors."
ROWAN-UV-WF-ASSORTED,"Rowan-UV is an elegant oversized broken herringbone design in a full-faced chenille. Solution-dyed yarns ensure Rowan-UV is as durable as it is luxe, with bleach-cleanable ease for simple care."
ROWAN-UV-CHESTNUT,"Rowan-UV is an elegant oversized broken herringbone design in a full-faced chenille. Solution-dyed yarns ensure Rowan-UV is as durable as it is luxe, with bleach-cleanable ease for simple care."
ROWAN-UV-DOVE,"Rowan-UV is an elegant oversized broken herringbone design in a full-faced chenille. Solution-dyed yarns ensure Rowan-UV is as durable as it is luxe, with bleach-cleanable ease for simple care."
ROWAN-UV-GRAPHITE,"Rowan-UV is an elegant oversized broken herringbone design in a full-faced chenille. Solution-dyed yarns ensure Rowan-UV is as durable as it is luxe, with bleach-cleanable ease for simple care."
ROWAN-UV-JUNGLE,"Rowan-UV is an elegant oversized broken herringbone design in a full-faced chenille. Solution-dyed yarns ensure Rowan-UV is as durable as it is luxe, with bleach-cleanable ease for simple care."
ROWAN-UV-MUSHROOM,"Rowan-UV is an elegant oversized broken herringbone design in a full-faced chenille. Solution-dyed yarns ensure Rowan-UV is as durable as it is luxe, with bleach-cleanable ease for simple care."
ROWAN-UV-OAT,"Rowan-UV is an elegant oversized broken herringbone design in a full-faced chenille. Solution-dyed yarns ensure Rowan-UV is as durable as it is luxe, with bleach-cleanable ease for simple care."
ROWAN-UV-OLIVE,"Rowan-UV is an elegant oversized broken herringbone design in a full-faced chenille. Solution-dyed yarns ensure Rowan-UV is as durable as it is luxe, with bleach-cleanable ease for simple care."
ROWAN-UV-PEARL,"Rowan-UV is an elegant oversized broken herringbone design in a full-faced chenille. Solution-dyed yarns ensure Rowan-UV is as durable as it is luxe, with bleach-cleanable ease for simple care."
ROWAN-UV-SAFARI,"Rowan-UV is an elegant oversized broken herringbone design in a full-faced chenille. Solution-dyed yarns ensure Rowan-UV is as durable as it is luxe, with bleach-cleanable ease for simple care."
ROWAN-UV-STEEL,"Rowan-UV is an elegant oversized broken herringbone design in a full-faced chenille. Solution-dyed yarns ensure Rowan-UV is as durable as it is luxe, with bleach-cleanable ease for simple care."
ROYALE-WF-ASSORTED,"Royale is a luxurious performance knit velvet with a silky-smooth hand and an opulent feel. Its fleece-padded backing enhances plushness, adding loft while ensuring durability and easy maintenance. Available in a rich color palette, Royale delivers a polished aesthetic that suits both playful and sophisticated spaces. For an eco-friendly option, Royale is also offered in a Repreve-certified construction, combining sustainability with exceptional quality and style."
ROYALE-D-AMETHYST,"Royale is a luxurious performance knit velvet with a silky-smooth hand and an opulent feel. Its fleece-padded backing enhances plushness, adding loft while ensuring durability and easy maintenance. Available in a rich color palette, Royale delivers a polished aesthetic that suits both playful and sophisticated spaces. For an eco-friendly option, Royale is also offered in a Repreve-certified construction, combining sustainability with exceptional quality and style."
ROYALE-D-APPLE,"Royale is a luxurious performance knit velvet with a silky-smooth hand and an opulent feel. Its fleece-padded backing enhances plushness, adding loft while ensuring durability and easy maintenance. Available in a rich color palette, Royale delivers a polished aesthetic that suits both playful and sophisticated spaces. For an eco-friendly option, Royale is also offered in a Repreve-certified construction, combining sustainability with exceptional quality and style."
ROYALE-D-AQUA,"Royale is a luxurious performance knit velvet with a silky-smooth hand and an opulent feel. Its fleece-padded backing enhances plushness, adding loft while ensuring durability and easy maintenance. Available in a rich color palette, Royale delivers a polished aesthetic that suits both playful and sophisticated spaces. For an eco-friendly option, Royale is also offered in a Repreve-certified construction, combining sustainability with exceptional quality and style."
ROYALE-D-ASH,"Royale is a luxurious performance knit velvet with a silky-smooth hand and an opulent feel. Its fleece-padded backing enhances plushness, adding loft while ensuring durability and easy maintenance. Available in a rich color palette, Royale delivers a polished aesthetic that suits both playful and sophisticated spaces. For an eco-friendly option, Royale is also offered in a Repreve-certified construction, combining sustainability with exceptional quality and style."
ROYALE-D-BEIGE,"Royale is a luxurious performance knit velvet with a silky-smooth hand and an opulent feel. Its fleece-padded backing enhances plushness, adding loft while ensuring durability and easy maintenance. Available in a rich color palette, Royale delivers a polished aesthetic that suits both playful and sophisticated spaces. For an eco-friendly option, Royale is also offered in a Repreve-certified construction, combining sustainability with exceptional quality and style."
ROYALE-D-BERRY,"Royale is a luxurious performance knit velvet with a silky-smooth hand and an opulent feel. Its fleece-padded backing enhances plushness, adding loft while ensuring durability and easy maintenance. Available in a rich color palette, Royale delivers a polished aesthetic that suits both playful and sophisticated spaces. For an eco-friendly option, Royale is also offered in a Repreve-certified construction, combining sustainability with exceptional quality and style."
ROYALE-D-BISCOTTI,"Royale is a luxurious performance knit velvet with a silky-smooth hand and an opulent feel. Its fleece-padded backing enhances plushness, adding loft while ensuring durability and easy maintenance. Available in a rich color palette, Royale delivers a polished aesthetic that suits both playful and sophisticated spaces. For an eco-friendly option, Royale is also offered in a Repreve-certified construction, combining sustainability with exceptional quality and style."
ROYALE-D-BLACK-BEAN,"Royale is a luxurious performance knit velvet with a silky-smooth hand and an opulent feel. Its fleece-padded backing enhances plushness, adding loft while ensuring durability and easy maintenance. Available in a rich color palette, Royale delivers a polished aesthetic that suits both playful and sophisticated spaces. For an eco-friendly option, Royale is also offered in a Repreve-certified construction, combining sustainability with exceptional quality and style."
ROYALE-D-BLUSH,"Royale is a luxurious performance knit velvet with a silky-smooth hand and an opulent feel. Its fleece-padded backing enhances plushness, adding loft while ensuring durability and easy maintenance. Available in a rich color palette, Royale delivers a polished aesthetic that suits both playful and sophisticated spaces. For an eco-friendly option, Royale is also offered in a Repreve-certified construction, combining sustainability with exceptional quality and style."
ROYALE-D-CAMEL,"Royale is a luxurious performance knit velvet with a silky-smooth hand and an opulent feel. Its fleece-padded backing enhances plushness, adding loft while ensuring durability and easy maintenance. Available in a rich color palette, Royale delivers a polished aesthetic that suits both playful and sophisticated spaces. For an eco-friendly option, Royale is also offered in a Repreve-certified construction, combining sustainability with exceptional quality and style."
ROYALE-D-CELADON,"Royale is a luxurious performance knit velvet with a silky-smooth hand and an opulent feel. Its fleece-padded backing enhances plushness, adding loft while ensuring durability and easy maintenance. Available in a rich color palette, Royale delivers a polished aesthetic that suits both playful and sophisticated spaces. For an eco-friendly option, Royale is also offered in a Repreve-certified construction, combining sustainability with exceptional quality and style."
ROYALE-D-CHERRY,"Royale is a luxurious performance knit velvet with a silky-smooth hand and an opulent feel. Its fleece-padded backing enhances plushness, adding loft while ensuring durability and easy maintenance. Available in a rich color palette, Royale delivers a polished aesthetic that suits both playful and sophisticated spaces. For an eco-friendly option, Royale is also offered in a Repreve-certified construction, combining sustainability with exceptional quality and style."
ROYALE-D-CITRONELLA,"Royale is a luxurious performance knit velvet with a silky-smooth hand and an opulent feel. Its fleece-padded backing enhances plushness, adding loft while ensuring durability and easy maintenance. Available in a rich color palette, Royale delivers a polished aesthetic that suits both playful and sophisticated spaces. For an eco-friendly option, Royale is also offered in a Repreve-certified construction, combining sustainability with exceptional quality and style."
ROYALE-D-CLOUD,"Royale is a luxurious performance knit velvet with a silky-smooth hand and an opulent feel. Its fleece-padded backing enhances plushness, adding loft while ensuring durability and easy maintenance. Available in a rich color palette, Royale delivers a polished aesthetic that suits both playful and sophisticated spaces. For an eco-friendly option, Royale is also offered in a Repreve-certified construction, combining sustainability with exceptional quality and style."
ROYALE-D-COBALT,"Royale is a luxurious performance knit velvet with a silky-smooth hand and an opulent feel. Its fleece-padded backing enhances plushness, adding loft while ensuring durability and easy maintenance. Available in a rich color palette, Royale delivers a polished aesthetic that suits both playful and sophisticated spaces. For an eco-friendly option, Royale is also offered in a Repreve-certified construction, combining sustainability with exceptional quality and style."
ROYALE-D-COFFEE,"Royale is a luxurious performance knit velvet with a silky-smooth hand and an opulent feel. Its fleece-padded backing enhances plushness, adding loft while ensuring durability and easy maintenance. Available in a rich color palette, Royale delivers a polished aesthetic that suits both playful and sophisticated spaces. For an eco-friendly option, Royale is also offered in a Repreve-certified construction, combining sustainability with exceptional quality and style."
ROYALE-D-CORAL,"Royale is a luxurious performance knit velvet with a silky-smooth hand and an opulent feel. Its fleece-padded backing enhances plushness, adding loft while ensuring durability and easy maintenance. Available in a rich color palette, Royale delivers a polished aesthetic that suits both playful and sophisticated spaces. For an eco-friendly option, Royale is also offered in a Repreve-certified construction, combining sustainability with exceptional quality and style."
ROYALE-D-DSRT-TAUPE,"Royale is a luxurious performance knit velvet with a silky-smooth hand and an opulent feel. Its fleece-padded backing enhances plushness, adding loft while ensuring durability and easy maintenance. Available in a rich color palette, Royale delivers a polished aesthetic that suits both playful and sophisticated spaces. For an eco-friendly option, Royale is also offered in a Repreve-certified construction, combining sustainability with exceptional quality and style."
ROYALE-D-DIJON,"Royale is a luxurious performance knit velvet with a silky-smooth hand and an opulent feel. Its fleece-padded backing enhances plushness, adding loft while ensuring durability and easy maintenance. Available in a rich color palette, Royale delivers a polished aesthetic that suits both playful and sophisticated spaces. For an eco-friendly option, Royale is also offered in a Repreve-certified construction, combining sustainability with exceptional quality and style."
ROYALE-D-DOVE,"Royale is a luxurious performance knit velvet with a silky-smooth hand and an opulent feel. Its fleece-padded backing enhances plushness, adding loft while ensuring durability and easy maintenance. Available in a rich color palette, Royale delivers a polished aesthetic that suits both playful and sophisticated spaces. For an eco-friendly option, Royale is also offered in a Repreve-certified construction, combining sustainability with exceptional quality and style."
ROYALE-D-ECLIPSE,"Royale is a luxurious performance knit velvet with a silky-smooth hand and an opulent feel. Its fleece-padded backing enhances plushness, adding loft while ensuring durability and easy maintenance. Available in a rich color palette, Royale delivers a polished aesthetic that suits both playful and sophisticated spaces. For an eco-friendly option, Royale is also offered in a Repreve-certified construction, combining sustainability with exceptional quality and style."
ROYALE-D-ESPRESSO,"Royale is a luxurious performance knit velvet with a silky-smooth hand and an opulent feel. Its fleece-padded backing enhances plushness, adding loft while ensuring durability and easy maintenance. Available in a rich color palette, Royale delivers a polished aesthetic that suits both playful and sophisticated spaces. For an eco-friendly option, Royale is also offered in a Repreve-certified construction, combining sustainability with exceptional quality and style."
ROYALE-D-EVERGREEN,"Royale is a luxurious performance knit velvet with a silky-smooth hand and an opulent feel. Its fleece-padded backing enhances plushness, adding loft while ensuring durability and easy maintenance. Available in a rich color palette, Royale delivers a polished aesthetic that suits both playful and sophisticated spaces. For an eco-friendly option, Royale is also offered in a Repreve-certified construction, combining sustainability with exceptional quality and style."
ROYALE-D-FOREST,"Royale is a luxurious performance knit velvet with a silky-smooth hand and an opulent feel. Its fleece-padded backing enhances plushness, adding loft while ensuring durability and easy maintenance. Available in a rich color palette, Royale delivers a polished aesthetic that suits both playful and sophisticated spaces. For an eco-friendly option, Royale is also offered in a Repreve-certified construction, combining sustainability with exceptional quality and style."
ROYALE-D-FRENCH-BLUE,"Royale is a luxurious performance knit velvet with a silky-smooth hand and an opulent feel. Its fleece-padded backing enhances plushness, adding loft while ensuring durability and easy maintenance. Available in a rich color palette, Royale delivers a polished aesthetic that suits both playful and sophisticated spaces. For an eco-friendly option, Royale is also offered in a Repreve-certified construction, combining sustainability with exceptional quality and style."
ROYALE-D-GINGER,"Royale is a luxurious performance knit velvet with a silky-smooth hand and an opulent feel. Its fleece-padded backing enhances plushness, adding loft while ensuring durability and easy maintenance. Available in a rich color palette, Royale delivers a polished aesthetic that suits both playful and sophisticated spaces. For an eco-friendly option, Royale is also offered in a Repreve-certified construction, combining sustainability with exceptional quality and style."
ROYALE-D-GUNMETAL,"Royale is a luxurious performance knit velvet with a silky-smooth hand and an opulent feel. Its fleece-padded backing enhances plushness, adding loft while ensuring durability and easy maintenance. Available in a rich color palette, Royale delivers a polished aesthetic that suits both playful and sophisticated spaces. For an eco-friendly option, Royale is also offered in a Repreve-certified construction, combining sustainability with exceptional quality and style."
ROYALE-D-HACIENDA,"Royale is a luxurious performance knit velvet with a silky-smooth hand and an opulent feel. Its fleece-padded backing enhances plushness, adding loft while ensuring durability and easy maintenance. Available in a rich color palette, Royale delivers a polished aesthetic that suits both playful and sophisticated spaces. For an eco-friendly option, Royale is also offered in a Repreve-certified construction, combining sustainability with exceptional quality and style."
ROYALE-D-KELLY-GREEN,"Royale is a luxurious performance knit velvet with a silky-smooth hand and an opulent feel. Its fleece-padded backing enhances plushness, adding loft while ensuring durability and easy maintenance. Available in a rich color palette, Royale delivers a polished aesthetic that suits both playful and sophisticated spaces. For an eco-friendly option, Royale is also offered in a Repreve-certified construction, combining sustainability with exceptional quality and style."
ROYALE-D-LAVENDER,"Royale is a luxurious performance knit velvet with a silky-smooth hand and an opulent feel. Its fleece-padded backing enhances plushness, adding loft while ensuring durability and easy maintenance. Available in a rich color palette, Royale delivers a polished aesthetic that suits both playful and sophisticated spaces. For an eco-friendly option, Royale is also offered in a Repreve-certified construction, combining sustainability with exceptional quality and style."
ROYALE-D-MERLOT,"Royale is a luxurious performance knit velvet with a silky-smooth hand and an opulent feel. Its fleece-padded backing enhances plushness, adding loft while ensuring durability and easy maintenance. Available in a rich color palette, Royale delivers a polished aesthetic that suits both playful and sophisticated spaces. For an eco-friendly option, Royale is also offered in a Repreve-certified construction, combining sustainability with exceptional quality and style."
ROYALE-D-MINK,"Royale is a luxurious performance knit velvet with a silky-smooth hand and an opulent feel. Its fleece-padded backing enhances plushness, adding loft while ensuring durability and easy maintenance. Available in a rich color palette, Royale delivers a polished aesthetic that suits both playful and sophisticated spaces. For an eco-friendly option, Royale is also offered in a Repreve-certified construction, combining sustainability with exceptional quality and style."
ROYALE-D-MOCHA,"Royale is a luxurious performance knit velvet with a silky-smooth hand and an opulent feel. Its fleece-padded backing enhances plushness, adding loft while ensuring durability and easy maintenance. Available in a rich color palette, Royale delivers a polished aesthetic that suits both playful and sophisticated spaces. For an eco-friendly option, Royale is also offered in a Repreve-certified construction, combining sustainability with exceptional quality and style."
ROYALE-D-MONDO,"Royale is a luxurious performance knit velvet with a silky-smooth hand and an opulent feel. Its fleece-padded backing enhances plushness, adding loft while ensuring durability and easy maintenance. Available in a rich color palette, Royale delivers a polished aesthetic that suits both playful and sophisticated spaces. For an eco-friendly option, Royale is also offered in a Repreve-certified construction, combining sustainability with exceptional quality and style."
ROYALE-D-MOUSE,"Royale is a luxurious performance knit velvet with a silky-smooth hand and an opulent feel. Its fleece-padded backing enhances plushness, adding loft while ensuring durability and easy maintenance. Available in a rich color palette, Royale delivers a polished aesthetic that suits both playful and sophisticated spaces. For an eco-friendly option, Royale is also offered in a Repreve-certified construction, combining sustainability with exceptional quality and style."
ROYALE-D-MULBERRY,"Royale is a luxurious performance knit velvet with a silky-smooth hand and an opulent feel. Its fleece-padded backing enhances plushness, adding loft while ensuring durability and easy maintenance. Available in a rich color palette, Royale delivers a polished aesthetic that suits both playful and sophisticated spaces. For an eco-friendly option, Royale is also offered in a Repreve-certified construction, combining sustainability with exceptional quality and style."
ROYALE-D-OLIVE,"Royale is a luxurious performance knit velvet with a silky-smooth hand and an opulent feel. Its fleece-padded backing enhances plushness, adding loft while ensuring durability and easy maintenance. Available in a rich color palette, Royale delivers a polished aesthetic that suits both playful and sophisticated spaces. For an eco-friendly option, Royale is also offered in a Repreve-certified construction, combining sustainability with exceptional quality and style."
ROYALE-D-ONYX,"Royale is a luxurious performance knit velvet with a silky-smooth hand and an opulent feel. Its fleece-padded backing enhances plushness, adding loft while ensuring durability and easy maintenance. Available in a rich color palette, Royale delivers a polished aesthetic that suits both playful and sophisticated spaces. For an eco-friendly option, Royale is also offered in a Repreve-certified construction, combining sustainability with exceptional quality and style."
ROYALE-D-PEACOCK,"Royale is a luxurious performance knit velvet with a silky-smooth hand and an opulent feel. Its fleece-padded backing enhances plushness, adding loft while ensuring durability and easy maintenance. Available in a rich color palette, Royale delivers a polished aesthetic that suits both playful and sophisticated spaces. For an eco-friendly option, Royale is also offered in a Repreve-certified construction, combining sustainability with exceptional quality and style."
ROYALE-D-PEONY,"Royale is a luxurious performance knit velvet with a silky-smooth hand and an opulent feel. Its fleece-padded backing enhances plushness, adding loft while ensuring durability and easy maintenance. Available in a rich color palette, Royale delivers a polished aesthetic that suits both playful and sophisticated spaces. For an eco-friendly option, Royale is also offered in a Repreve-certified construction, combining sustainability with exceptional quality and style."
ROYALE-D-POWDER,"Royale is a luxurious performance knit velvet with a silky-smooth hand and an opulent feel. Its fleece-padded backing enhances plushness, adding loft while ensuring durability and easy maintenance. Available in a rich color palette, Royale delivers a polished aesthetic that suits both playful and sophisticated spaces. For an eco-friendly option, Royale is also offered in a Repreve-certified construction, combining sustainability with exceptional quality and style."
ROYALE-D-ROSE,"Royale is a luxurious performance knit velvet with a silky-smooth hand and an opulent feel. Its fleece-padded backing enhances plushness, adding loft while ensuring durability and easy maintenance. Available in a rich color palette, Royale delivers a polished aesthetic that suits both playful and sophisticated spaces. For an eco-friendly option, Royale is also offered in a Repreve-certified construction, combining sustainability with exceptional quality and style."
ROYALE-D-RUST,"Royale is a luxurious performance knit velvet with a silky-smooth hand and an opulent feel. Its fleece-padded backing enhances plushness, adding loft while ensuring durability and easy maintenance. Available in a rich color palette, Royale delivers a polished aesthetic that suits both playful and sophisticated spaces. For an eco-friendly option, Royale is also offered in a Repreve-certified construction, combining sustainability with exceptional quality and style."
ROYALE-D-SAGE,"Royale is a luxurious performance knit velvet with a silky-smooth hand and an opulent feel. Its fleece-padded backing enhances plushness, adding loft while ensuring durability and easy maintenance. Available in a rich color palette, Royale delivers a polished aesthetic that suits both playful and sophisticated spaces. For an eco-friendly option, Royale is also offered in a Repreve-certified construction, combining sustainability with exceptional quality and style."
ROYALE-D-SAND,"Royale is a luxurious performance knit velvet with a silky-smooth hand and an opulent feel. Its fleece-padded backing enhances plushness, adding loft while ensuring durability and easy maintenance. Available in a rich color palette, Royale delivers a polished aesthetic that suits both playful and sophisticated spaces. For an eco-friendly option, Royale is also offered in a Repreve-certified construction, combining sustainability with exceptional quality and style."
ROYALE-D-SLATE,"Royale is a luxurious performance knit velvet with a silky-smooth hand and an opulent feel. Its fleece-padded backing enhances plushness, adding loft while ensuring durability and easy maintenance. Available in a rich color palette, Royale delivers a polished aesthetic that suits both playful and sophisticated spaces. For an eco-friendly option, Royale is also offered in a Repreve-certified construction, combining sustainability with exceptional quality and style."
ROYALE-D-SPA,"Royale is a luxurious performance knit velvet with a silky-smooth hand and an opulent feel. Its fleece-padded backing enhances plushness, adding loft while ensuring durability and easy maintenance. Available in a rich color palette, Royale delivers a polished aesthetic that suits both playful and sophisticated spaces. For an eco-friendly option, Royale is also offered in a Repreve-certified construction, combining sustainability with exceptional quality and style."
ROYALE-D-SPICE,"Royale is a luxurious performance knit velvet with a silky-smooth hand and an opulent feel. Its fleece-padded backing enhances plushness, adding loft while ensuring durability and easy maintenance. Available in a rich color palette, Royale delivers a polished aesthetic that suits both playful and sophisticated spaces. For an eco-friendly option, Royale is also offered in a Repreve-certified construction, combining sustainability with exceptional quality and style."
ROYALE-D-TAPESTRY,"Royale is a luxurious performance knit velvet with a silky-smooth hand and an opulent feel. Its fleece-padded backing enhances plushness, adding loft while ensuring durability and easy maintenance. Available in a rich color palette, Royale delivers a polished aesthetic that suits both playful and sophisticated spaces. For an eco-friendly option, Royale is also offered in a Repreve-certified construction, combining sustainability with exceptional quality and style."
ROYALE-D-THYME,"Royale is a luxurious performance knit velvet with a silky-smooth hand and an opulent feel. Its fleece-padded backing enhances plushness, adding loft while ensuring durability and easy maintenance. Available in a rich color palette, Royale delivers a polished aesthetic that suits both playful and sophisticated spaces. For an eco-friendly option, Royale is also offered in a Repreve-certified construction, combining sustainability with exceptional quality and style."
ROYALE-D-WINE,"Royale is a luxurious performance knit velvet with a silky-smooth hand and an opulent feel. Its fleece-padded backing enhances plushness, adding loft while ensuring durability and easy maintenance. Available in a rich color palette, Royale delivers a polished aesthetic that suits both playful and sophisticated spaces. For an eco-friendly option, Royale is also offered in a Repreve-certified construction, combining sustainability with exceptional quality and style."
SABRE-WF-ASSORTED,"Sabre blends multicolored, lightly looped yarns with a basketweave for a unique, tweed-like look. Sabre is a richly textured fabric with a soft hand and relaxed, casual character."
SABRE-C0-BIRCH,"Sabre blends multicolored, lightly looped yarns with a basketweave for a unique, tweed-like look. Sabre is a richly textured fabric with a soft hand and relaxed, casual character."
SABRE-C0-MUSHROOM,"Sabre blends multicolored, lightly looped yarns with a basketweave for a unique, tweed-like look. Sabre is a richly textured fabric with a soft hand and relaxed, casual character."
SABRE-C0-OAT,"Sabre blends multicolored, lightly looped yarns with a basketweave for a unique, tweed-like look. Sabre is a richly textured fabric with a soft hand and relaxed, casual character."
SABRE-C0-PRALINE,"Sabre blends multicolored, lightly looped yarns with a basketweave for a unique, tweed-like look. Sabre is a richly textured fabric with a soft hand and relaxed, casual character."
SABRE-C0-STONE,"Sabre blends multicolored, lightly looped yarns with a basketweave for a unique, tweed-like look. Sabre is a richly textured fabric with a soft hand and relaxed, casual character."
SANTOS-UV-WF-ASSORTED,"Santos-UV is an updated boucle that combines a full-faced chenille hand and a slubbed all-over texture. With solution-dyed yarns and a washed-down look, Santos-UV is easy going in appearance and performance."
SANTOS-UV-CARBON,"Santos-UV is an updated boucle that combines a full-faced chenille hand and a slubbed all-over texture. With solution-dyed yarns and a washed-down look, Santos-UV is easy going in appearance and performance."
SANTOS-UV-CUB,"Santos-UV is an updated boucle that combines a full-faced chenille hand and a slubbed all-over texture. With solution-dyed yarns and a washed-down look, Santos-UV is easy going in appearance and performance."
SANTOS-UV-DESERT,"Santos-UV is an updated boucle that combines a full-faced chenille hand and a slubbed all-over texture. With solution-dyed yarns and a washed-down look, Santos-UV is easy going in appearance and performance."
SANTOS-UV-ESPRESSO,"Santos-UV is an updated boucle that combines a full-faced chenille hand and a slubbed all-over texture. With solution-dyed yarns and a washed-down look, Santos-UV is easy going in appearance and performance."
SANTOS-UV-FOG,"Santos-UV is an updated boucle that combines a full-faced chenille hand and a slubbed all-over texture. With solution-dyed yarns and a washed-down look, Santos-UV is easy going in appearance and performance."
SANTOS-UV-FOREST,"Santos-UV is an updated boucle that combines a full-faced chenille hand and a slubbed all-over texture. With solution-dyed yarns and a washed-down look, Santos-UV is easy going in appearance and performance."
SANTOS-UV-GRAPHITE,"Santos-UV is an updated boucle that combines a full-faced chenille hand and a slubbed all-over texture. With solution-dyed yarns and a washed-down look, Santos-UV is easy going in appearance and performance."
SANTOS-UV-MIDNIGHT,"Santos-UV is an updated boucle that combines a full-faced chenille hand and a slubbed all-over texture. With solution-dyed yarns and a washed-down look, Santos-UV is easy going in appearance and performance."
SANTOS-UV-OCEAN,"Santos-UV is an updated boucle that combines a full-faced chenille hand and a slubbed all-over texture. With solution-dyed yarns and a washed-down look, Santos-UV is easy going in appearance and performance."
SANTOS-UV-PEARL,"Santos-UV is an updated boucle that combines a full-faced chenille hand and a slubbed all-over texture. With solution-dyed yarns and a washed-down look, Santos-UV is easy going in appearance and performance."
SANTOS-UV-PRALINE,"Santos-UV is an updated boucle that combines a full-faced chenille hand and a slubbed all-over texture. With solution-dyed yarns and a washed-down look, Santos-UV is easy going in appearance and performance."
SANTOS-UV-SLATE,"Santos-UV is an updated boucle that combines a full-faced chenille hand and a slubbed all-over texture. With solution-dyed yarns and a washed-down look, Santos-UV is easy going in appearance and performance."
SANTOS-UV-SMOKE,"Santos-UV is an updated boucle that combines a full-faced chenille hand and a slubbed all-over texture. With solution-dyed yarns and a washed-down look, Santos-UV is easy going in appearance and performance."
SANTOS-UV-STONE,"Santos-UV is an updated boucle that combines a full-faced chenille hand and a slubbed all-over texture. With solution-dyed yarns and a washed-down look, Santos-UV is easy going in appearance and performance."
SANTOS-UV-TRUFFLE,"Santos-UV is an updated boucle that combines a full-faced chenille hand and a slubbed all-over texture. With solution-dyed yarns and a washed-down look, Santos-UV is easy going in appearance and performance."
SAVONA-WF-ASSORTED,"Savona is a buckskin-like velvet with a low pile and minimal tracking. Its smooth, modern hand is ideal for contemporary interiors."
SAVONA-BIRCH,"Savona is a buckskin-like velvet with a low pile and minimal tracking. Its smooth, modern hand is ideal for contemporary interiors."
SAVONA-BUTTER,"Savona is a buckskin-like velvet with a low pile and minimal tracking. Its smooth, modern hand is ideal for contemporary interiors."
SAVONA-CARBON,"Savona is a buckskin-like velvet with a low pile and minimal tracking. Its smooth, modern hand is ideal for contemporary interiors."
SAVONA-CASHMERE,"Savona is a buckskin-like velvet with a low pile and minimal tracking. Its smooth, modern hand is ideal for contemporary interiors."
SAVONA-CHAI,"Savona is a buckskin-like velvet with a low pile and minimal tracking. Its smooth, modern hand is ideal for contemporary interiors."
SAVONA-DESERT,"Savona is a buckskin-like velvet with a low pile and minimal tracking. Its smooth, modern hand is ideal for contemporary interiors."
SAVONA-DOVE,"Savona is a buckskin-like velvet with a low pile and minimal tracking. Its smooth, modern hand is ideal for contemporary interiors."
SAVONA-ESPRESSO,"Savona is a buckskin-like velvet with a low pile and minimal tracking. Its smooth, modern hand is ideal for contemporary interiors."
SAVONA-FRENCH-BLUE,"Savona is a buckskin-like velvet with a low pile and minimal tracking. Its smooth, modern hand is ideal for contemporary interiors."
SAVONA-GINGER,"Savona is a buckskin-like velvet with a low pile and minimal tracking. Its smooth, modern hand is ideal for contemporary interiors."
SAVONA-GRAPHITE,"Savona is a buckskin-like velvet with a low pile and minimal tracking. Its smooth, modern hand is ideal for contemporary interiors."
SAVONA-JUNGLE,"Savona is a buckskin-like velvet with a low pile and minimal tracking. Its smooth, modern hand is ideal for contemporary interiors."
SAVONA-LAGOON,"Savona is a buckskin-like velvet with a low pile and minimal tracking. Its smooth, modern hand is ideal for contemporary interiors."
SAVONA-MIDNIGHT,"Savona is a buckskin-like velvet with a low pile and minimal tracking. Its smooth, modern hand is ideal for contemporary interiors."
SAVONA-MUSHROOM,"Savona is a buckskin-like velvet with a low pile and minimal tracking. Its smooth, modern hand is ideal for contemporary interiors."
SAVONA-OLIVE,"Savona is a buckskin-like velvet with a low pile and minimal tracking. Its smooth, modern hand is ideal for contemporary interiors."
SAVONA-PRALINE,"Savona is a buckskin-like velvet with a low pile and minimal tracking. Its smooth, modern hand is ideal for contemporary interiors."
SAVONA-RUST,"Savona is a buckskin-like velvet with a low pile and minimal tracking. Its smooth, modern hand is ideal for contemporary interiors."
SAVONA-SAGE,"Savona is a buckskin-like velvet with a low pile and minimal tracking. Its smooth, modern hand is ideal for contemporary interiors."
SAVONA-SNOW,"Savona is a buckskin-like velvet with a low pile and minimal tracking. Its smooth, modern hand is ideal for contemporary interiors."
SAVONA-TRUFFLE,"Savona is a buckskin-like velvet with a low pile and minimal tracking. Its smooth, modern hand is ideal for contemporary interiors."
SELVA-WF-ASSORTED,SELVA is a linen-look fabric that blends mixed yarns and textures for a soft hand with natural drape.
SELVA-C0-ALOE,SELVA is a linen-look fabric that blends mixed yarns and textures for a soft hand with natural drape.
SELVA-C0-CUB,SELVA is a linen-look fabric that blends mixed yarns and textures for a soft hand with natural drape.
SELVA-C0-GINGER,SELVA is a linen-look fabric that blends mixed yarns and textures for a soft hand with natural drape.
SELVA-C0-GRAPHITE,SELVA is a linen-look fabric that blends mixed yarns and textures for a soft hand with natural drape.
SELVA-C0-LAGOON,SELVA is a linen-look fabric that blends mixed yarns and textures for a soft hand with natural drape.
SELVA-C0-LATTE,SELVA is a linen-look fabric that blends mixed yarns and textures for a soft hand with natural drape.
SELVA-C0-MUSHROOM,SELVA is a linen-look fabric that blends mixed yarns and textures for a soft hand with natural drape.
SELVA-C0-OAT,SELVA is a linen-look fabric that blends mixed yarns and textures for a soft hand with natural drape.
SELVA-C0-OCEAN,SELVA is a linen-look fabric that blends mixed yarns and textures for a soft hand with natural drape.
SELVA-C0-PEBBLE,SELVA is a linen-look fabric that blends mixed yarns and textures for a soft hand with natural drape.
SELVA-C0-ROSEMARY,SELVA is a linen-look fabric that blends mixed yarns and textures for a soft hand with natural drape.
SELVA-C0-RUST,SELVA is a linen-look fabric that blends mixed yarns and textures for a soft hand with natural drape.
SELVA-C0-SAFARI,SELVA is a linen-look fabric that blends mixed yarns and textures for a soft hand with natural drape.
SELVA-C0-SNOW,SELVA is a linen-look fabric that blends mixed yarns and textures for a soft hand with natural drape.
SELVA-C0-SPICE,SELVA is a linen-look fabric that blends mixed yarns and textures for a soft hand with natural drape.
SELVA-C0-STEEL,SELVA is a linen-look fabric that blends mixed yarns and textures for a soft hand with natural drape.
SELVA-C0-SUGAR,SELVA is a linen-look fabric that blends mixed yarns and textures for a soft hand with natural drape.
SHEP-WF-ASSORTED,"Shep is a plush fabric with a low-pile faux fur look and a soft, cloud-like hand. Its cushioned comfort brings warmth, texture, and an inviting sense of relaxation to any space."
SHEP-ALOE,"Shep is a plush fabric with a low-pile faux fur look and a soft, cloud-like hand. Its cushioned comfort brings warmth, texture, and an inviting sense of relaxation to any space."
SHEP-CARBON,"Shep is a plush fabric with a low-pile faux fur look and a soft, cloud-like hand. Its cushioned comfort brings warmth, texture, and an inviting sense of relaxation to any space."
SHEP-COGNAC,"Shep is a plush fabric with a low-pile faux fur look and a soft, cloud-like hand. Its cushioned comfort brings warmth, texture, and an inviting sense of relaxation to any space."
SHEP-CUB,"Shep is a plush fabric with a low-pile faux fur look and a soft, cloud-like hand. Its cushioned comfort brings warmth, texture, and an inviting sense of relaxation to any space."
SHEP-DOVE,"Shep is a plush fabric with a low-pile faux fur look and a soft, cloud-like hand. Its cushioned comfort brings warmth, texture, and an inviting sense of relaxation to any space."
SHEP-FERN,"Shep is a plush fabric with a low-pile faux fur look and a soft, cloud-like hand. Its cushioned comfort brings warmth, texture, and an inviting sense of relaxation to any space."
SHEP-FOG,"Shep is a plush fabric with a low-pile faux fur look and a soft, cloud-like hand. Its cushioned comfort brings warmth, texture, and an inviting sense of relaxation to any space."
SHEP-GRAPHITE,"Shep is a plush fabric with a low-pile faux fur look and a soft, cloud-like hand. Its cushioned comfort brings warmth, texture, and an inviting sense of relaxation to any space."
SHEP-HAZELNUT,"Shep is a plush fabric with a low-pile faux fur look and a soft, cloud-like hand. Its cushioned comfort brings warmth, texture, and an inviting sense of relaxation to any space."
SHEP-JUNGLE,"Shep is a plush fabric with a low-pile faux fur look and a soft, cloud-like hand. Its cushioned comfort brings warmth, texture, and an inviting sense of relaxation to any space."
SHEP-MUSHROOM,"Shep is a plush fabric with a low-pile faux fur look and a soft, cloud-like hand. Its cushioned comfort brings warmth, texture, and an inviting sense of relaxation to any space."
SHEP-OAT,"Shep is a plush fabric with a low-pile faux fur look and a soft, cloud-like hand. Its cushioned comfort brings warmth, texture, and an inviting sense of relaxation to any space."
SHEP-ONYX,"Shep is a plush fabric with a low-pile faux fur look and a soft, cloud-like hand. Its cushioned comfort brings warmth, texture, and an inviting sense of relaxation to any space."
SHEP-PEBBLE,"Shep is a plush fabric with a low-pile faux fur look and a soft, cloud-like hand. Its cushioned comfort brings warmth, texture, and an inviting sense of relaxation to any space."
SHEP-SMOKE,"Shep is a plush fabric with a low-pile faux fur look and a soft, cloud-like hand. Its cushioned comfort brings warmth, texture, and an inviting sense of relaxation to any space."
SHEP-SUGAR,"Shep is a plush fabric with a low-pile faux fur look and a soft, cloud-like hand. Its cushioned comfort brings warmth, texture, and an inviting sense of relaxation to any space."
SOBA-WF-ASSORTED,"SOBA features an abstract jacquard pattern with a linen-like texture. The artful, contemporary design adds a fresh point of view to any interior."
SOBA-C0-CARBON,"SOBA features an abstract jacquard pattern with a linen-like texture. The artful, contemporary design adds a fresh point of view to any interior."
SOBA-C0-CASHMERE,"SOBA features an abstract jacquard pattern with a linen-like texture. The artful, contemporary design adds a fresh point of view to any interior."
SOBA-C0-DESERT,"SOBA features an abstract jacquard pattern with a linen-like texture. The artful, contemporary design adds a fresh point of view to any interior."
SOBA-C0-GINGER,"SOBA features an abstract jacquard pattern with a linen-like texture. The artful, contemporary design adds a fresh point of view to any interior."
SOBA-C0-MUSHROOM,"SOBA features an abstract jacquard pattern with a linen-like texture. The artful, contemporary design adds a fresh point of view to any interior."
SONNY-WF-ASSORTED,"Sonny features chenille and slub yarns woven in an artisanal texture with a soft hand. The organic, handcrafted character brings warmth to any setting."
SONNY-DOVE,"Sonny features chenille and slub yarns woven in an artisanal texture with a soft hand. The organic, handcrafted character brings warmth to any setting."
SONNY-GRAPHITE,"Sonny features chenille and slub yarns woven in an artisanal texture with a soft hand. The organic, handcrafted character brings warmth to any setting."
SONNY-PRALINE,"Sonny features chenille and slub yarns woven in an artisanal texture with a soft hand. The organic, handcrafted character brings warmth to any setting."
SONNY-STONE,"Sonny features chenille and slub yarns woven in an artisanal texture with a soft hand. The organic, handcrafted character brings warmth to any setting."
SONNY-TRUFFLE,"Sonny features chenille and slub yarns woven in an artisanal texture with a soft hand. The organic, handcrafted character brings warmth to any setting."
SWOON-UV-WF-ASSORTED,"SWOON-UV features chenille and linen-like slub yarns woven in an artisanal texture with a soft hand. Solution-dyed, it is easy to care for and highly cleanable."
SWOON-UV-BIRCH,"SWOON-UV features chenille and linen-like slub yarns woven in an artisanal texture with a soft hand. Solution-dyed, it is easy to care for and highly cleanable."
SWOON-UV-CARBON,"SWOON-UV features chenille and linen-like slub yarns woven in an artisanal texture with a soft hand. Solution-dyed, it is easy to care for and highly cleanable."
SWOON-UV-DESERT,"SWOON-UV features chenille and linen-like slub yarns woven in an artisanal texture with a soft hand. Solution-dyed, it is easy to care for and highly cleanable."
SWOON-UV-DOVE,"SWOON-UV features chenille and linen-like slub yarns woven in an artisanal texture with a soft hand. Solution-dyed, it is easy to care for and highly cleanable."
SWOON-UV-FROST,"SWOON-UV features chenille and linen-like slub yarns woven in an artisanal texture with a soft hand. Solution-dyed, it is easy to care for and highly cleanable."
SWOON-UV-MINERAL,"SWOON-UV features chenille and linen-like slub yarns woven in an artisanal texture with a soft hand. Solution-dyed, it is easy to care for and highly cleanable."
SWOON-UV-MUSHROOM,"SWOON-UV features chenille and linen-like slub yarns woven in an artisanal texture with a soft hand. Solution-dyed, it is easy to care for and highly cleanable."
SWOON-UV-PEARL,"SWOON-UV features chenille and linen-like slub yarns woven in an artisanal texture with a soft hand. Solution-dyed, it is easy to care for and highly cleanable."
SWOON-UV-SNOW,"SWOON-UV features chenille and linen-like slub yarns woven in an artisanal texture with a soft hand. Solution-dyed, it is easy to care for and highly cleanable."
SYDNEY-UV-WF-ASSORTED,SYDNEY-UV is a densely woven chenille with the appearance of a vintage velvet. Sydney-UV’s soft hand and solution-dyed yarns lend a refined look to a fabric designed for everyday living.
SYDNEY-UV-CAMEL,SYDNEY-UV is a densely woven chenille with the appearance of a vintage velvet. Sydney-UV’s soft hand and solution-dyed yarns lend a refined look to a fabric designed for everyday living.
SYDNEY-UV-CASHMERE,SYDNEY-UV is a densely woven chenille with the appearance of a vintage velvet. Sydney-UV’s soft hand and solution-dyed yarns lend a refined look to a fabric designed for everyday living.
SYDNEY-UV-CHARCOAL,SYDNEY-UV is a densely woven chenille with the appearance of a vintage velvet. Sydney-UV’s soft hand and solution-dyed yarns lend a refined look to a fabric designed for everyday living.
SYDNEY-UV-CHESTNUT,SYDNEY-UV is a densely woven chenille with the appearance of a vintage velvet. Sydney-UV’s soft hand and solution-dyed yarns lend a refined look to a fabric designed for everyday living.
SYDNEY-UV-DESERT,SYDNEY-UV is a densely woven chenille with the appearance of a vintage velvet. Sydney-UV’s soft hand and solution-dyed yarns lend a refined look to a fabric designed for everyday living.
SYDNEY-UV-DOVE,SYDNEY-UV is a densely woven chenille with the appearance of a vintage velvet. Sydney-UV’s soft hand and solution-dyed yarns lend a refined look to a fabric designed for everyday living.
SYDNEY-UV-FOG,SYDNEY-UV is a densely woven chenille with the appearance of a vintage velvet. Sydney-UV’s soft hand and solution-dyed yarns lend a refined look to a fabric designed for everyday living.
SYDNEY-UV-JUNGLE,SYDNEY-UV is a densely woven chenille with the appearance of a vintage velvet. Sydney-UV’s soft hand and solution-dyed yarns lend a refined look to a fabric designed for everyday living.
SYDNEY-UV-MIDNIGHT,SYDNEY-UV is a densely woven chenille with the appearance of a vintage velvet. Sydney-UV’s soft hand and solution-dyed yarns lend a refined look to a fabric designed for everyday living.
SYDNEY-UV-MUSHROOM,SYDNEY-UV is a densely woven chenille with the appearance of a vintage velvet. Sydney-UV’s soft hand and solution-dyed yarns lend a refined look to a fabric designed for everyday living.
SYDNEY-UV-OLIVE,SYDNEY-UV is a densely woven chenille with the appearance of a vintage velvet. Sydney-UV’s soft hand and solution-dyed yarns lend a refined look to a fabric designed for everyday living.
SYDNEY-UV-STEEL,SYDNEY-UV is a densely woven chenille with the appearance of a vintage velvet. Sydney-UV’s soft hand and solution-dyed yarns lend a refined look to a fabric designed for everyday living.
SYDNEY-UV-SUGAR,SYDNEY-UV is a densely woven chenille with the appearance of a vintage velvet. Sydney-UV’s soft hand and solution-dyed yarns lend a refined look to a fabric designed for everyday living.
SYDNEY-UV-THYME,SYDNEY-UV is a densely woven chenille with the appearance of a vintage velvet. Sydney-UV’s soft hand and solution-dyed yarns lend a refined look to a fabric designed for everyday living.
SYDNEY-UV-TRUFFLE,SYDNEY-UV is a densely woven chenille with the appearance of a vintage velvet. Sydney-UV’s soft hand and solution-dyed yarns lend a refined look to a fabric designed for everyday living.
TECTRA-WF-ASSORTED,"TECTRA is a geometric design woven in full-faced chenille for a soft hand. Jacquard-woven in tonal coloration, Tectra uses architectural themes to add subtle interest to any room."
TECTRA-BIRCH,"TECTRA is a geometric design woven in full-faced chenille for a soft hand. Jacquard-woven in tonal coloration, Tectra uses architectural themes to add subtle interest to any room."
TECTRA-DESERT,"TECTRA is a geometric design woven in full-faced chenille for a soft hand. Jacquard-woven in tonal coloration, Tectra uses architectural themes to add subtle interest to any room."
TECTRA-DOVE,"TECTRA is a geometric design woven in full-faced chenille for a soft hand. Jacquard-woven in tonal coloration, Tectra uses architectural themes to add subtle interest to any room."
TECTRA-GINGER,"TECTRA is a geometric design woven in full-faced chenille for a soft hand. Jacquard-woven in tonal coloration, Tectra uses architectural themes to add subtle interest to any room."
TECTRA-OAT,"TECTRA is a geometric design woven in full-faced chenille for a soft hand. Jacquard-woven in tonal coloration, Tectra uses architectural themes to add subtle interest to any room."
TECTRA-OCEAN,"TECTRA is a geometric design woven in full-faced chenille for a soft hand. Jacquard-woven in tonal coloration, Tectra uses architectural themes to add subtle interest to any room."
TECTRA-OLIVE,"TECTRA is a geometric design woven in full-faced chenille for a soft hand. Jacquard-woven in tonal coloration, Tectra uses architectural themes to add subtle interest to any room."
TECTRA-PACIFIC,"TECTRA is a geometric design woven in full-faced chenille for a soft hand. Jacquard-woven in tonal coloration, Tectra uses architectural themes to add subtle interest to any room."
TECTRA-POWDER,"TECTRA is a geometric design woven in full-faced chenille for a soft hand. Jacquard-woven in tonal coloration, Tectra uses architectural themes to add subtle interest to any room."
TECTRA-ROSEWOOD,"TECTRA is a geometric design woven in full-faced chenille for a soft hand. Jacquard-woven in tonal coloration, Tectra uses architectural themes to add subtle interest to any room."
TECTRA-SAGE,"TECTRA is a geometric design woven in full-faced chenille for a soft hand. Jacquard-woven in tonal coloration, Tectra uses architectural themes to add subtle interest to any room."
TECTRA-SUGAR,"TECTRA is a geometric design woven in full-faced chenille for a soft hand. Jacquard-woven in tonal coloration, Tectra uses architectural themes to add subtle interest to any room."
TECTRA-TRUFFLE,"TECTRA is a geometric design woven in full-faced chenille for a soft hand. Jacquard-woven in tonal coloration, Tectra uses architectural themes to add subtle interest to any room."
TIVRA-WF-ASSORTED,"TIVRA layers updated boucle and textured chenille over a basketweave in multicolor yarns. The mix creates a surface rich with texture and tonal depth, full of casual character."
TIVRA-ALOE,"TIVRA layers updated boucle and textured chenille over a basketweave in multicolor yarns. The mix creates a surface rich with texture and tonal depth, full of casual character."
TIVRA-DESERT,"TIVRA layers updated boucle and textured chenille over a basketweave in multicolor yarns. The mix creates a surface rich with texture and tonal depth, full of casual character."
TIVRA-FOG,"TIVRA layers updated boucle and textured chenille over a basketweave in multicolor yarns. The mix creates a surface rich with texture and tonal depth, full of casual character."
TIVRA-FRENCH-BLUE,"TIVRA layers updated boucle and textured chenille over a basketweave in multicolor yarns. The mix creates a surface rich with texture and tonal depth, full of casual character."
TIVRA-GINGER,"TIVRA layers updated boucle and textured chenille over a basketweave in multicolor yarns. The mix creates a surface rich with texture and tonal depth, full of casual character."
TIVRA-MESA,"TIVRA layers updated boucle and textured chenille over a basketweave in multicolor yarns. The mix creates a surface rich with texture and tonal depth, full of casual character."
TIVRA-OCEAN,"TIVRA layers updated boucle and textured chenille over a basketweave in multicolor yarns. The mix creates a surface rich with texture and tonal depth, full of casual character."
TIVRA-PEBBLE,"TIVRA layers updated boucle and textured chenille over a basketweave in multicolor yarns. The mix creates a surface rich with texture and tonal depth, full of casual character."
TIVRA-SAFARI,"TIVRA layers updated boucle and textured chenille over a basketweave in multicolor yarns. The mix creates a surface rich with texture and tonal depth, full of casual character."
TIVRA-SAGE,"TIVRA layers updated boucle and textured chenille over a basketweave in multicolor yarns. The mix creates a surface rich with texture and tonal depth, full of casual character."
TIVRA-STEEL,"TIVRA layers updated boucle and textured chenille over a basketweave in multicolor yarns. The mix creates a surface rich with texture and tonal depth, full of casual character."
TIVRA-TRUFFLE,"TIVRA layers updated boucle and textured chenille over a basketweave in multicolor yarns. The mix creates a surface rich with texture and tonal depth, full of casual character."
TRINITY-WF-ASSORTED,Trinity is a plushfull-faced chenille with a quilted matelassé structure. Its small-scale geometric pattern holds up beautifully when upholstered and is appropriate for both classic and traditional interiors.
TRINITY-C0-BIRCH,Trinity is a plushfull-faced chenille with a quilted matelassé structure. Its small-scale geometric pattern holds up beautifully when upholstered and is appropriate for both classic and traditional interiors.
TRINITY-C0-CHARCOAL,Trinity is a plushfull-faced chenille with a quilted matelassé structure. Its small-scale geometric pattern holds up beautifully when upholstered and is appropriate for both classic and traditional interiors.
TRINITY-C0-ESPRESSO,Trinity is a plushfull-faced chenille with a quilted matelassé structure. Its small-scale geometric pattern holds up beautifully when upholstered and is appropriate for both classic and traditional interiors.
TRINITY-C0-GRAPHITE,Trinity is a plushfull-faced chenille with a quilted matelassé structure. Its small-scale geometric pattern holds up beautifully when upholstered and is appropriate for both classic and traditional interiors.
TRINITY-C0-IVY,Trinity is a plushfull-faced chenille with a quilted matelassé structure. Its small-scale geometric pattern holds up beautifully when upholstered and is appropriate for both classic and traditional interiors.
TRINITY-C0-LAGOON,Trinity is a plushfull-faced chenille with a quilted matelassé structure. Its small-scale geometric pattern holds up beautifully when upholstered and is appropriate for both classic and traditional interiors.
TRINITY-C0-MAUVE,Trinity is a plushfull-faced chenille with a quilted matelassé structure. Its small-scale geometric pattern holds up beautifully when upholstered and is appropriate for both classic and traditional interiors.
TRINITY-C0-MERLOT,Trinity is a plushfull-faced chenille with a quilted matelassé structure. Its small-scale geometric pattern holds up beautifully when upholstered and is appropriate for both classic and traditional interiors.
TRINITY-C0-MIDNIGHT,Trinity is a plushfull-faced chenille with a quilted matelassé structure. Its small-scale geometric pattern holds up beautifully when upholstered and is appropriate for both classic and traditional interiors.
TRINITY-C0-MOCHA,Trinity is a plushfull-faced chenille with a quilted matelassé structure. Its small-scale geometric pattern holds up beautifully when upholstered and is appropriate for both classic and traditional interiors.
TRINITY-C0-MUSHROOM,Trinity is a plushfull-faced chenille with a quilted matelassé structure. Its small-scale geometric pattern holds up beautifully when upholstered and is appropriate for both classic and traditional interiors.
TRINITY-C0-OAT,Trinity is a plushfull-faced chenille with a quilted matelassé structure. Its small-scale geometric pattern holds up beautifully when upholstered and is appropriate for both classic and traditional interiors.
TRINITY-C0-OLIVE,Trinity is a plushfull-faced chenille with a quilted matelassé structure. Its small-scale geometric pattern holds up beautifully when upholstered and is appropriate for both classic and traditional interiors.
TRINITY-C0-SAFARI,Trinity is a plushfull-faced chenille with a quilted matelassé structure. Its small-scale geometric pattern holds up beautifully when upholstered and is appropriate for both classic and traditional interiors.
TRINITY-C0-SPICE,Trinity is a plushfull-faced chenille with a quilted matelassé structure. Its small-scale geometric pattern holds up beautifully when upholstered and is appropriate for both classic and traditional interiors.
VALOR-WF-ASSORTED,"VALOR is a full-faced chenille with subtle tonal texture and a plush, substantial hand. Quietly sophisticated, it brings understated elegance to any room."
VALOR-CASHMERE,"VALOR is a full-faced chenille with subtle tonal texture and a plush, substantial hand. Quietly sophisticated, it brings understated elegance to any room."
VALOR-DESERT,"VALOR is a full-faced chenille with subtle tonal texture and a plush, substantial hand. Quietly sophisticated, it brings understated elegance to any room."
VALOR-DOVE,"VALOR is a full-faced chenille with subtle tonal texture and a plush, substantial hand. Quietly sophisticated, it brings understated elegance to any room."
VALOR-FRENCH-BLUE,"VALOR is a full-faced chenille with subtle tonal texture and a plush, substantial hand. Quietly sophisticated, it brings understated elegance to any room."
VALOR-FROST,"VALOR is a full-faced chenille with subtle tonal texture and a plush, substantial hand. Quietly sophisticated, it brings understated elegance to any room."
VALOR-GINGER,"VALOR is a full-faced chenille with subtle tonal texture and a plush, substantial hand. Quietly sophisticated, it brings understated elegance to any room."
VALOR-MERLOT,"VALOR is a full-faced chenille with subtle tonal texture and a plush, substantial hand. Quietly sophisticated, it brings understated elegance to any room."
VALOR-MIDNIGHT,"VALOR is a full-faced chenille with subtle tonal texture and a plush, substantial hand. Quietly sophisticated, it brings understated elegance to any room."
VALOR-OCEAN,"VALOR is a full-faced chenille with subtle tonal texture and a plush, substantial hand. Quietly sophisticated, it brings understated elegance to any room."
VALOR-OLIVE,"VALOR is a full-faced chenille with subtle tonal texture and a plush, substantial hand. Quietly sophisticated, it brings understated elegance to any room."
VALOR-PEARL,"VALOR is a full-faced chenille with subtle tonal texture and a plush, substantial hand. Quietly sophisticated, it brings understated elegance to any room."
VALOR-SAFARI,"VALOR is a full-faced chenille with subtle tonal texture and a plush, substantial hand. Quietly sophisticated, it brings understated elegance to any room."
VALOR-SNOW,"VALOR is a full-faced chenille with subtle tonal texture and a plush, substantial hand. Quietly sophisticated, it brings understated elegance to any room."
VALOR-SPICE,"VALOR is a full-faced chenille with subtle tonal texture and a plush, substantial hand. Quietly sophisticated, it brings understated elegance to any room."
VALOR-STEEL,"VALOR is a full-faced chenille with subtle tonal texture and a plush, substantial hand. Quietly sophisticated, it brings understated elegance to any room."
VALOR-TRUFFLE,"VALOR is a full-faced chenille with subtle tonal texture and a plush, substantial hand. Quietly sophisticated, it brings understated elegance to any room."
VELISSE-WF-ASSORTED,"Velisse is a dense chenille that reads like a velvet. A gently vintaged finish gives Velisse a sophisticated sheen and a rich, plush hand."
VELISSE-BIRCH,"Velisse is a dense chenille that reads like a velvet. A gently vintaged finish gives Velisse a sophisticated sheen and a rich, plush hand."
VELISSE-CARBON,"Velisse is a dense chenille that reads like a velvet. A gently vintaged finish gives Velisse a sophisticated sheen and a rich, plush hand."
VELISSE-CASHMERE,"Velisse is a dense chenille that reads like a velvet. A gently vintaged finish gives Velisse a sophisticated sheen and a rich, plush hand."
VELISSE-CHARCOAL,"Velisse is a dense chenille that reads like a velvet. A gently vintaged finish gives Velisse a sophisticated sheen and a rich, plush hand."
VELISSE-DOVE,"Velisse is a dense chenille that reads like a velvet. A gently vintaged finish gives Velisse a sophisticated sheen and a rich, plush hand."
VELISSE-FRENCH-BLUE,"Velisse is a dense chenille that reads like a velvet. A gently vintaged finish gives Velisse a sophisticated sheen and a rich, plush hand."
VELISSE-GINGER,"Velisse is a dense chenille that reads like a velvet. A gently vintaged finish gives Velisse a sophisticated sheen and a rich, plush hand."
VELISSE-IVY,"Velisse is a dense chenille that reads like a velvet. A gently vintaged finish gives Velisse a sophisticated sheen and a rich, plush hand."
VELISSE-LATTE,"Velisse is a dense chenille that reads like a velvet. A gently vintaged finish gives Velisse a sophisticated sheen and a rich, plush hand."
VELISSE-MIDNIGHT,"Velisse is a dense chenille that reads like a velvet. A gently vintaged finish gives Velisse a sophisticated sheen and a rich, plush hand."
VELISSE-MOCHA,"Velisse is a dense chenille that reads like a velvet. A gently vintaged finish gives Velisse a sophisticated sheen and a rich, plush hand."
VELISSE-OAT,"Velisse is a dense chenille that reads like a velvet. A gently vintaged finish gives Velisse a sophisticated sheen and a rich, plush hand."
VELISSE-PACIFIC,"Velisse is a dense chenille that reads like a velvet. A gently vintaged finish gives Velisse a sophisticated sheen and a rich, plush hand."
VELISSE-ROSEWOOD,"Velisse is a dense chenille that reads like a velvet. A gently vintaged finish gives Velisse a sophisticated sheen and a rich, plush hand."
VELISSE-RUST,"Velisse is a dense chenille that reads like a velvet. A gently vintaged finish gives Velisse a sophisticated sheen and a rich, plush hand."
VELISSE-SAGE,"Velisse is a dense chenille that reads like a velvet. A gently vintaged finish gives Velisse a sophisticated sheen and a rich, plush hand."
VELISSE-SLATE,"Velisse is a dense chenille that reads like a velvet. A gently vintaged finish gives Velisse a sophisticated sheen and a rich, plush hand."
VELISSE-SNOW,"Velisse is a dense chenille that reads like a velvet. A gently vintaged finish gives Velisse a sophisticated sheen and a rich, plush hand."
VELISSE-TRUFFLE,"Velisse is a dense chenille that reads like a velvet. A gently vintaged finish gives Velisse a sophisticated sheen and a rich, plush hand."
VELISSE-UBE,"Velisse is a dense chenille that reads like a velvet. A gently vintaged finish gives Velisse a sophisticated sheen and a rich, plush hand."
VELZY-WF-ASSORTED,Velzy is a classic multicolored stripe in fresh colors with a fine chenille face for graphic impact with a soft hand.
VELZY-BOUQUET,Velzy is a classic multicolored stripe in fresh colors with a fine chenille face for graphic impact with a soft hand.
VELZY-STONE,Velzy is a classic multicolored stripe in fresh colors with a fine chenille face for graphic impact with a soft hand.
VELZY-VARSITY,Velzy is a classic multicolored stripe in fresh colors with a fine chenille face for graphic impact with a soft hand.
VERVE-UV-WF-ASSORTED,"Verve-UV is a performance fabric featuring a sophisticated textured weave with subtle tonal dimension and buttery soft hand. Bleach cleanable and easy to maintain, it offers lasting style."
VERVE-UV-BIRCH,"Verve-UV is a performance fabric featuring a sophisticated textured weave with subtle tonal dimension and buttery soft hand. Bleach cleanable and easy to maintain, it offers lasting style."
VERVE-UV-CARBON,"Verve-UV is a performance fabric featuring a sophisticated textured weave with subtle tonal dimension and buttery soft hand. Bleach cleanable and easy to maintain, it offers lasting style."
VERVE-UV-CHESTNUT,"Verve-UV is a performance fabric featuring a sophisticated textured weave with subtle tonal dimension and buttery soft hand. Bleach cleanable and easy to maintain, it offers lasting style."
VERVE-UV-DESERT,"Verve-UV is a performance fabric featuring a sophisticated textured weave with subtle tonal dimension and buttery soft hand. Bleach cleanable and easy to maintain, it offers lasting style."
VERVE-UV-FOG,"Verve-UV is a performance fabric featuring a sophisticated textured weave with subtle tonal dimension and buttery soft hand. Bleach cleanable and easy to maintain, it offers lasting style."
VERVE-UV-FROST,"Verve-UV is a performance fabric featuring a sophisticated textured weave with subtle tonal dimension and buttery soft hand. Bleach cleanable and easy to maintain, it offers lasting style."
VERVE-UV-GRAPHITE,"Verve-UV is a performance fabric featuring a sophisticated textured weave with subtle tonal dimension and buttery soft hand. Bleach cleanable and easy to maintain, it offers lasting style."
VERVE-UV-JUNGLE,"Verve-UV is a performance fabric featuring a sophisticated textured weave with subtle tonal dimension and buttery soft hand. Bleach cleanable and easy to maintain, it offers lasting style."
VERVE-UV-MOSS,"Verve-UV is a performance fabric featuring a sophisticated textured weave with subtle tonal dimension and buttery soft hand. Bleach cleanable and easy to maintain, it offers lasting style."
VERVE-UV-OAT,"Verve-UV is a performance fabric featuring a sophisticated textured weave with subtle tonal dimension and buttery soft hand. Bleach cleanable and easy to maintain, it offers lasting style."
VERVE-UV-OLIVE,"Verve-UV is a performance fabric featuring a sophisticated textured weave with subtle tonal dimension and buttery soft hand. Bleach cleanable and easy to maintain, it offers lasting style."
VERVE-UV-PEARL,"Verve-UV is a performance fabric featuring a sophisticated textured weave with subtle tonal dimension and buttery soft hand. Bleach cleanable and easy to maintain, it offers lasting style."
VERVE-UV-PEBBLE,"Verve-UV is a performance fabric featuring a sophisticated textured weave with subtle tonal dimension and buttery soft hand. Bleach cleanable and easy to maintain, it offers lasting style."
VERVE-UV-SAFARI,"Verve-UV is a performance fabric featuring a sophisticated textured weave with subtle tonal dimension and buttery soft hand. Bleach cleanable and easy to maintain, it offers lasting style."
VERVE-UV-STEEL,"Verve-UV is a performance fabric featuring a sophisticated textured weave with subtle tonal dimension and buttery soft hand. Bleach cleanable and easy to maintain, it offers lasting style."
VERVE-UV-SUGAR,"Verve-UV is a performance fabric featuring a sophisticated textured weave with subtle tonal dimension and buttery soft hand. Bleach cleanable and easy to maintain, it offers lasting style."
VERVE-UV-TRUFFLE,"Verve-UV is a performance fabric featuring a sophisticated textured weave with subtle tonal dimension and buttery soft hand. Bleach cleanable and easy to maintain, it offers lasting style."
VINO-WF-ASSORTED,"VINO blends chenille and boucle yarns into a multi-textured surface. Its rich colors add dimension, while a soft hand brings luxurious comfort to any room."
VINO-DESERT,"VINO blends chenille and boucle yarns into a multi-textured surface. Its rich colors add dimension, while a soft hand brings luxurious comfort to any room."
VINO-DOVE,"VINO blends chenille and boucle yarns into a multi-textured surface. Its rich colors add dimension, while a soft hand brings luxurious comfort to any room."
VINO-FROST,"VINO blends chenille and boucle yarns into a multi-textured surface. Its rich colors add dimension, while a soft hand brings luxurious comfort to any room."
VINO-GINGER,"VINO blends chenille and boucle yarns into a multi-textured surface. Its rich colors add dimension, while a soft hand brings luxurious comfort to any room."
VINO-JUNGLE,"VINO blends chenille and boucle yarns into a multi-textured surface. Its rich colors add dimension, while a soft hand brings luxurious comfort to any room."
VINO-LAVENDER,"VINO blends chenille and boucle yarns into a multi-textured surface. Its rich colors add dimension, while a soft hand brings luxurious comfort to any room."
VINO-OCEAN,"VINO blends chenille and boucle yarns into a multi-textured surface. Its rich colors add dimension, while a soft hand brings luxurious comfort to any room."
VINO-OLIVE,"VINO blends chenille and boucle yarns into a multi-textured surface. Its rich colors add dimension, while a soft hand brings luxurious comfort to any room."
VINO-ROSEWOOD,"VINO blends chenille and boucle yarns into a multi-textured surface. Its rich colors add dimension, while a soft hand brings luxurious comfort to any room."
VINO-SESAME,"VINO blends chenille and boucle yarns into a multi-textured surface. Its rich colors add dimension, while a soft hand brings luxurious comfort to any room."
VINO-SMOKE,"VINO blends chenille and boucle yarns into a multi-textured surface. Its rich colors add dimension, while a soft hand brings luxurious comfort to any room."
WEMBERLY-WF-ASSORTED,"Wemberly is a charming small-scale gingham that blends whimsical character with classic styling. Its timeless pattern adds a touch of playfulness, making it an easy choice for creating inviting, lived-in spaces."
WEMBERLY-CORAL,"Wemberly is a charming small-scale gingham that blends whimsical character with classic styling. Its timeless pattern adds a touch of playfulness, making it an easy choice for creating inviting, lived-in spaces."
WEMBERLY-FOG,"Wemberly is a charming small-scale gingham that blends whimsical character with classic styling. Its timeless pattern adds a touch of playfulness, making it an easy choice for creating inviting, lived-in spaces."
WEMBERLY-MUSHROOM,"Wemberly is a charming small-scale gingham that blends whimsical character with classic styling. Its timeless pattern adds a touch of playfulness, making it an easy choice for creating inviting, lived-in spaces."
WEMBERLY-NAVY,"Wemberly is a charming small-scale gingham that blends whimsical character with classic styling. Its timeless pattern adds a touch of playfulness, making it an easy choice for creating inviting, lived-in spaces."
WEMBERLY-OCEAN,"Wemberly is a charming small-scale gingham that blends whimsical character with classic styling. Its timeless pattern adds a touch of playfulness, making it an easy choice for creating inviting, lived-in spaces."
WEMBERLY-ONYX,"Wemberly is a charming small-scale gingham that blends whimsical character with classic styling. Its timeless pattern adds a touch of playfulness, making it an easy choice for creating inviting, lived-in spaces."
WEMBERLY-PEBBLE,"Wemberly is a charming small-scale gingham that blends whimsical character with classic styling. Its timeless pattern adds a touch of playfulness, making it an easy choice for creating inviting, lived-in spaces."
WEMBERLY-SAND,"Wemberly is a charming small-scale gingham that blends whimsical character with classic styling. Its timeless pattern adds a touch of playfulness, making it an easy choice for creating inviting, lived-in spaces."
WEMBERLY-SKY,"Wemberly is a charming small-scale gingham that blends whimsical character with classic styling. Its timeless pattern adds a touch of playfulness, making it an easy choice for creating inviting, lived-in spaces."
WEMBERLY-SMOKE,"Wemberly is a charming small-scale gingham that blends whimsical character with classic styling. Its timeless pattern adds a touch of playfulness, making it an easy choice for creating inviting, lived-in spaces."
WEMBERLY-SPRUCE,"Wemberly is a charming small-scale gingham that blends whimsical character with classic styling. Its timeless pattern adds a touch of playfulness, making it an easy choice for creating inviting, lived-in spaces."
WEMBERLY-STONE,"Wemberly is a charming small-scale gingham that blends whimsical character with classic styling. Its timeless pattern adds a touch of playfulness, making it an easy choice for creating inviting, lived-in spaces."
WEMBERLY-SUNFLOWER,"Wemberly is a charming small-scale gingham that blends whimsical character with classic styling. Its timeless pattern adds a touch of playfulness, making it an easy choice for creating inviting, lived-in spaces."
WINSLET-WF-ASSORTED,"Winslet is a woven chenille with a heathered appearance, refined basketweave texture, and soft, dimensional hand. This pattern balances durable performance with a tailored, sophisticated look."
WINSLET-BIRCH,"Winslet is a woven chenille with a heathered appearance, refined basketweave texture, and soft, dimensional hand. This pattern balances durable performance with a tailored, sophisticated look."
WINSLET-CARBON,"Winslet is a woven chenille with a heathered appearance, refined basketweave texture, and soft, dimensional hand. This pattern balances durable performance with a tailored, sophisticated look."
WINSLET-DOVE,"Winslet is a woven chenille with a heathered appearance, refined basketweave texture, and soft, dimensional hand. This pattern balances durable performance with a tailored, sophisticated look."
WINSLET-FOG,"Winslet is a woven chenille with a heathered appearance, refined basketweave texture, and soft, dimensional hand. This pattern balances durable performance with a tailored, sophisticated look."
WINSLET-GRAPHITE,"Winslet is a woven chenille with a heathered appearance, refined basketweave texture, and soft, dimensional hand. This pattern balances durable performance with a tailored, sophisticated look."
WINSLET-LATTE,"Winslet is a woven chenille with a heathered appearance, refined basketweave texture, and soft, dimensional hand. This pattern balances durable performance with a tailored, sophisticated look."
WINSLET-MIDNIGHT,"Winslet is a woven chenille with a heathered appearance, refined basketweave texture, and soft, dimensional hand. This pattern balances durable performance with a tailored, sophisticated look."
WINSLET-MUSHROOM,"Winslet is a woven chenille with a heathered appearance, refined basketweave texture, and soft, dimensional hand. This pattern balances durable performance with a tailored, sophisticated look."
WINSLET-OAT,"Winslet is a woven chenille with a heathered appearance, refined basketweave texture, and soft, dimensional hand. This pattern balances durable performance with a tailored, sophisticated look."
WINSLET-OCEAN,"Winslet is a woven chenille with a heathered appearance, refined basketweave texture, and soft, dimensional hand. This pattern balances durable performance with a tailored, sophisticated look."
WINSLET-OLIVE,"Winslet is a woven chenille with a heathered appearance, refined basketweave texture, and soft, dimensional hand. This pattern balances durable performance with a tailored, sophisticated look."
WINSLET-PEARL,"Winslet is a woven chenille with a heathered appearance, refined basketweave texture, and soft, dimensional hand. This pattern balances durable performance with a tailored, sophisticated look."
WINSLET-PEBBLE,"Winslet is a woven chenille with a heathered appearance, refined basketweave texture, and soft, dimensional hand. This pattern balances durable performance with a tailored, sophisticated look."
WINSLET-RUST,"Winslet is a woven chenille with a heathered appearance, refined basketweave texture, and soft, dimensional hand. This pattern balances durable performance with a tailored, sophisticated look."
WINSLET-SAFARI,"Winslet is a woven chenille with a heathered appearance, refined basketweave texture, and soft, dimensional hand. This pattern balances durable performance with a tailored, sophisticated look."
WINSLET-SAGE,"Winslet is a woven chenille with a heathered appearance, refined basketweave texture, and soft, dimensional hand. This pattern balances durable performance with a tailored, sophisticated look."
WINSLET-SKY,"Winslet is a woven chenille with a heathered appearance, refined basketweave texture, and soft, dimensional hand. This pattern balances durable performance with a tailored, sophisticated look."
WINSLET-SMOKE,"Winslet is a woven chenille with a heathered appearance, refined basketweave texture, and soft, dimensional hand. This pattern balances durable performance with a tailored, sophisticated look."
WINSLET-SNOW,"Winslet is a woven chenille with a heathered appearance, refined basketweave texture, and soft, dimensional hand. This pattern balances durable performance with a tailored, sophisticated look."
WINSLET-SPICE,"Winslet is a woven chenille with a heathered appearance, refined basketweave texture, and soft, dimensional hand. This pattern balances durable performance with a tailored, sophisticated look."
WINSLET-TRUFFLE,"Winslet is a woven chenille with a heathered appearance, refined basketweave texture, and soft, dimensional hand. This pattern balances durable performance with a tailored, sophisticated look."
ZAZU-WF-ASSORTED,ZAZU is a textured chenille with an abstract jacquard design in tonal colors that is both elegant and glamorous.
ZAZU-C0-DOVE,ZAZU is a textured chenille with an abstract jacquard design in tonal colors that is both elegant and glamorous.
ZAZU-C0-FOG,ZAZU is a textured chenille with an abstract jacquard design in tonal colors that is both elegant and glamorous.
ZAZU-C0-MUSHROOM,ZAZU is a textured chenille with an abstract jacquard design in tonal colors that is both elegant and glamorous.
ZAZU-C0-OLIVE,ZAZU is a textured chenille with an abstract jacquard design in tonal colors that is both elegant and glamorous.
ZAZU-C0-PEARL,ZAZU is a textured chenille with an abstract jacquard design in tonal colors that is both elegant and glamorous.
ZAZU-C0-PEPPER,ZAZU is a textured chenille with an abstract jacquard design in tonal colors that is both elegant and glamorous.
ZAZU-C0-SPICE,ZAZU is a textured chenille with an abstract jacquard design in tonal colors that is both elegant and glamorous.
ZAZU-C0-SUGAR,ZAZU is a textured chenille with an abstract jacquard design in tonal colors that is both elegant and glamorous.
ZURI-WF-ASSORTED,"Zuri is heathered wool like item using a boucle yarn, making it a unique and natural look."
ZURI-C-CARBON,"Zuri is heathered wool like item using a boucle yarn, making it a unique and natural look."
ZURI-C-CHARCOAL,"Zuri is heathered wool like item using a boucle yarn, making it a unique and natural look."
ZURI-C-GINGER,"Zuri is heathered wool like item using a boucle yarn, making it a unique and natural look."
ZURI-C-GRANITE,"Zuri is heathered wool like item using a boucle yarn, making it a unique and natural look."
ZURI-C-IVORY,"Zuri is heathered wool like item using a boucle yarn, making it a unique and natural look."
ZURI-C-MOCHA,"Zuri is heathered wool like item using a boucle yarn, making it a unique and natural look."
ZURI-C-OATMEAL,"Zuri is heathered wool like item using a boucle yarn, making it a unique and natural look."
ZURI-C-OLIVE,"Zuri is heathered wool like item using a boucle yarn, making it a unique and natural look."
ZURI-C-OYSTER,"Zuri is heathered wool like item using a boucle yarn, making it a unique and natural look."
ZURI-C-PUMICE,"Zuri is heathered wool like item using a boucle yarn, making it a unique and natural look."
