BaseItemCode,Productstory
10101-01,Handcrafted piastra glass pendants provide a cascading effect of ambient lighting. Glass element is held up by a faux leather clasp encasing a shielded light. Chrome finish canopy with easy height adjustment strain reliefs included. Integrated dimmable LED light source. Integrated dimmable LCD.
10102-01,Handcrafted piastra glass pendants provide a cascading effect of ambient lighting. Glass element is held up by a faux leather clasp encasing a shielded light. Chrome finish canopy with easy height adjustment strain reliefs included. Integrated dimmable LED light source.
10103-01,Handcrafted piastra glass pendants provide a cascading effect of ambient lighting. Glass element is held up by a faux leather clasp encasing a shielded light. Chrome finish canopy with easy height adjustment strain reliefs included. Integrated dimmable LED light source.
10104-01,Handcrafted piastra glass pendants provide a cascading effect of ambient lighting. Glass element is held up by a faux leather clasp encasing a shielded light. Chrome finish canopy with easy height adjustment strain reliefs included. Integrated dimmable LED light source.
10105-01,Handcrafted piastra glass pendants provide a cascading effect of ambient lighting. Glass element is held up by a faux leather clasp encasing a shielded light. Chrome finish canopy with easy height adjustment strain reliefs included. Integrated dimmable LED light source.
10113-03,"Rich handcrafted glass with intricate detail and unique design. Hand-painted branches seamlessly connected creating a natural work of art. No two pieces are ever alike, ensuring that each fixture is a one-of-a-kind addition to any space. Integrated dimmable LED light source."
10113-042,"Rich handcrafted glass with intricate detail and unique design. Hand-painted branches seamlessly connected creating a natural work of art. No two pieces are ever alike, ensuring that each fixture is a one-of-a-kind addition to any space. Integrated dimmable LED light source."
10114-03,"Rich handcrafted glass with intricate detail and unique design. Hand-painted branches seamlessly connected creating a natural work of art. No two pieces are ever alike, ensuring that each fixture is a one-of-a-kind addition to any space. Integrated dimmable LED light source."
10114-042,"Rich handcrafted glass with intricate detail and unique design. Hand-painted branches seamlessly connected creating a natural work of art. No two pieces are ever alike, ensuring that each fixture is a one-of-a-kind addition to any space. Integrated dimmable LED light source."
10115-03,"Rich handcrafted glass with intricate detail and unique design. Hand-painted branches seamlessly connected creating a natural work of art. No two pieces are ever alike, ensuring that each fixture is a one-of-a-kind addition to any space. Integrated dimmable LED light source."
10115-042,"Rich handcrafted glass with intricate detail and unique design. Hand-painted branches seamlessly connected creating a natural work of art. No two pieces are ever alike, ensuring that each fixture is a one-of-a-kind addition to any space. Integrated dimmable LED light source."
10116-03,"Rich handcrafted glass with intricate detail and unique design. Hand-painted branches seamlessly connected creating a natural work of art. No two pieces are ever alike, ensuring that each fixture is a one-of-a-kind addition to any space. Integrated dimmable LED light source."
10116-042,"Rich handcrafted glass with intricate detail and unique design. Hand-painted branches seamlessly connected creating a natural work of art. No two pieces are ever alike, ensuring that each fixture is a one-of-a-kind addition to any space. Integrated dimmable LED light source."
10117-04,Unique hand-painted gold finish adding a touch of luxury to any space. Matching canopy finish complete with easy height strain reliefs. Organically crafted and hand-rolled petals. Integrated dimmable LED light source.
10118-04,Unique hand-painted gold finish adding a touch of luxury to any space. Matching canopy finish complete with easy height strain reliefs. Organically crafted and hand-rolled petals. Integrated dimmable LED light source.
10119-04,Unique hand-painted gold finish adding a touch of luxury to any space. Matching canopy finish complete with easy height strain reliefs. Organically crafted and hand-rolled petals. Integrated dimmable LED light source.
10120-04,Unique hand-painted gold finish adding a touch of luxury to any space. Matching canopy finish complete with easy height strain reliefs. Organically crafted and hand-rolled petals. Integrated dimmable LED light source.
10124-01,"Elegant, minimalist design inspired by pearls and the ocean. Opal white blown glass nesting in a crystal-clear bowl. Offered in polished chrome, soft brass, and metallic black finish. Available in multiple sizes and configured to mount on the ceiling or wall."
10124-06,"Elegant, minimalist design inspired by pearls and the ocean. Opal white blown glass nesting in a crystal-clear bowl. Offered in polished chrome, soft brass, and metallic black finish. Available in multiple sizes and configured to mount on the ceiling or wall."
10125-01,"Elegant, minimalist design inspired by pearls and the ocean. Opal white blown glass nesting in a crystal-clear bowl. Offered in polished chrome, soft brass, and metallic black finish. Available in multiple sizes and configured to mount on the ceiling or wall."
10125-05,"Elegant, minimalist design inspired by pearls and the ocean. Opal white blown glass nesting in a crystal-clear bowl. Offered in polished chrome, soft brass, and metallic black finish. Available in multiple sizes and configured to mount on the ceiling or wall."
10125-06,"Elegant, minimalist design inspired by pearls and the ocean. Opal white blown glass nesting in a crystal-clear bowl. Offered in polished chrome, soft brass, and metallic black finish. Available in multiple sizes and configured to mount on the ceiling or wall."
10126-01,"Elegant luminosity achieved by combining classical nautical lines with timeless finishes. Offered in polished chrome, soft brass, and metallic black finish. Opal glass provides a soft and radiant diffusion of light, complimenting any wall space. Available in multiples sizes and designed to be mounted vertically or horizontally. Integrated LED and field selectable color temperature."
10127-01,"Elegant luminosity achieved by combining classical nautical lines with timeless finishes. Offered in polished chrome, soft brass, and metallic black finish. Opal glass provides a soft and radiant diffusion of light, complimenting any wall space. Available in multiples sizes and designed to be mounted vertically or horizontally. Integrated LED and field selectable color temperature."
10127-05,"Elegant luminosity achieved by combining classical nautical lines with timeless finishes. Offered in polished chrome, soft brass, and metallic black finish. Opal glass provides a soft and radiant diffusion of light, complimenting any wall space. Available in multiples sizes and designed to be mounted vertically or horizontally. Integrated LED and field selectable color temperature."
10127-06,"Elegant luminosity achieved by combining classical nautical lines with timeless finishes. Offered in polished chrome, soft brass, and metallic black finish. Opal glass provides a soft and radiant diffusion of light, complimenting any wall space. Available in multiples sizes and designed to be mounted vertically or horizontally. Integrated LED and field selectable color temperature."
10128-05,Emanating light out into the surrounding space creates a beautiful blooming flower effect. Every blade is hand-bent to create a precise V-shaped channel. Available in soft brass and metallic black finish. Additional extension rods included to accommodate your needs.
10128-06,Emanating light out into the surrounding space creates a beautiful blooming flower effect. Every blade is hand-bent to create a precise V-shaped channel. Available in soft brass and metallic black finish. Additional extension rods included to accommodate your needs.
10129-05,Emanating light out into the surrounding space creates a beautiful blooming flower effect. Every blade is hand-bent to create a precise V-shaped channel. Available in soft brass and metallic black finish. Additional extension rods included to accommodate your needs.
10129-06,Emanating light out into the surrounding space creates a beautiful blooming flower effect. Every blade is hand-bent to create a precise V-shaped channel. Available in soft brass and metallic black finish. Additional extension rods included to accommodate your needs.
10130-05,Emanating light out into the surrounding space creates a beautiful blooming flower effect. Every blade is hand-bent to create a precise V-shaped channel. Available in soft brass and metallic black finish. Additional extension rods included to accommodate your needs.
10130-06,Emanating light out into the surrounding space creates a beautiful blooming flower effect. Every blade is hand-bent to create a precise V-shaped channel. Available in soft brass and metallic black finish. Additional extension rods included to accommodate your needs.
10131-01,"Sleek modern design radiates light against the wall, creating a glowing ambiance. Offered in polished chrome, soft brass, and metallic black finish. Available in multiple sizes and different configurations on the wall. Integrated LED and field selectable color temperature."
10131-05,"Sleek modern design radiates light against the wall, creating a glowing ambiance. Offered in polished chrome, soft brass, and metallic black finish. Available in multiple sizes and different configurations on the wall. Integrated LED and field selectable color temperature."
10132-01,"Sleek modern design radiates light against the wall, creating a glowing ambiance. Offered in polished chrome, soft brass, and metallic black finish. Available in multiple sizes and different configurations on the wall. Integrated LED and field selectable color temperature."
10132-05,"Sleek modern design radiates light against the wall, creating a glowing ambiance. Offered in polished chrome, soft brass, and metallic black finish. Available in multiple sizes and different configurations on the wall. Integrated LED and field selectable color temperature."
10136-07,"Contemporary and sleek design inspired by the artistry of the bow and arrow. Cylindrical opal glass provides an even distribution of light. Offered in polished chrome, plated brushed gold, and sand black finish. Available in multiples sizes and designed to be mounted vertically or horizontally. Integrated LED and field selectable color temperature."
10137-01,"Contemporary and sleek design inspired by the artistry of the bow and arrow. Cylindrical opal glass provides an even distribution of light. Offered in polished chrome, plated brushed gold, and sand black finish. Available in multiples sizes and designed to be mounted vertically or horizontally. Integrated LED and field selectable color temperature."
10137-07,"Contemporary and sleek design inspired by the artistry of the bow and arrow. Cylindrical opal glass provides an even distribution of light. Offered in polished chrome, plated brushed gold, and sand black finish. Available in multiples sizes and designed to be mounted vertically or horizontally. Integrated LED and field selectable color temperature."
10137-08,"Contemporary and sleek design inspired by the artistry of the bow and arrow. Cylindrical opal glass provides an even distribution of light. Offered in polished chrome, plated brushed gold, and sand black finish. Available in multiples sizes and designed to be mounted vertically or horizontally. Integrated LED and field selectable color temperature."
10141-02,"Tubes of light suspended in alternating metallic sleeves create a multi-tiered effect. Visually stunning collection that will add an air of sophistication to any space. Available in matte black, plated brushed gold, or a combination of both finishes. Adjustable to accommodate any space with easy height strain reliefs. Integrated dimmable LED light source."
10141-07,"Tubes of light suspended in alternating metallic sleeves create a multi-tiered effect. Visually stunning collection that will add an air of sophistication to any space. Available in matte black, plated brushed gold, or a combination of both finishes. Adjustable to accommodate any space with easy height strain reliefs. Integrated dimmable LED light source."
10142-02,"Unique and sophisticated look with handcrafted glass teardrop and metallic tubes. Available in matte black, plated brushed gold, or a combination of both finishes. Adjustable to accommodate any space with easy height strain reliefs. Integrated dimmable LED light source."
10142-07,"Unique and sophisticated look with handcrafted glass teardrop and metallic tubes. Available in matte black, plated brushed gold, or a combination of both finishes. Adjustable to accommodate any space with easy height strain reliefs. Integrated dimmable LED light source."
10143-02,"Tubes of light suspended in alternating metallic sleeves create a multi-tiered effect. Visually stunning collection that will add an air of sophistication to any space. Available in matte black, plated brushed gold, or a combination of both finishes. Adjustable to accommodate any space with easy height strain reliefs. Integrated dimmable LED light source."
10143-023,"Tubes of light suspended in alternating metallic sleeves create a multi-tiered effect. Visually stunning collection that will add an air of sophistication to any space. Available in matte black, plated brushed gold, or a combination of both finishes. Adjustable to accommodate any space with easy height strain reliefs. Integrated dimmable LED light source."
10143-07,"Tubes of light suspended in alternating metallic sleeves create a multi-tiered effect. Visually stunning collection that will add an air of sophistication to any space. Available in matte black, plated brushed gold, or a combination of both finishes. Adjustable to accommodate any space with easy height strain reliefs. Integrated dimmable LED light source."
10144-02,"Unique and sophisticated look with handcrafted glass teardrop and metallic tubes. Available in matte black, plated brushed gold, or a combination of both finishes. Adjustable to accommodate any space with easy height strain reliefs. Integrated dimmable LED light source."
10144-023,"Unique and sophisticated look with handcrafted glass teardrop and metallic tubes. Available in matte black, plated brushed gold, or a combination of both finishes. Adjustable to accommodate any space with easy height strain reliefs. Integrated dimmable LED light source."
10144-07,"Unique and sophisticated look with handcrafted glass teardrop and metallic tubes. Available in matte black, plated brushed gold, or a combination of both finishes. Adjustable to accommodate any space with easy height strain reliefs. Integrated dimmable LED light source."
10145-02,"Tubes of light suspended in alternating metallic sleeves create a multi-tiered effect. Visually stunning collection that will add an air of sophistication to any space. Available in matte black, plated brushed gold, or a combination of both finishes. Adjustable to accommodate any space with easy height strain reliefs. Integrated dimmable LED light source."
10145-023,"Tubes of light suspended in alternating metallic sleeves create a multi-tiered effect. Visually stunning collection that will add an air of sophistication to any space. Available in matte black, plated brushed gold, or a combination of both finishes. Adjustable to accommodate any space with easy height strain reliefs. Integrated dimmable LED light source."
10145-07,"Tubes of light suspended in alternating metallic sleeves create a multi-tiered effect. Visually stunning collection that will add an air of sophistication to any space. Available in matte black, plated brushed gold, or a combination of both finishes. Adjustable to accommodate any space with easy height strain reliefs. Integrated dimmable LED light source."
10146-02,"Unique and sophisticated look with handcrafted glass teardrop and metallic tubes. Available in matte black, plated brushed gold, or a combination of both finishes. Adjustable to accommodate any space with easy height strain reliefs. Integrated dimmable LED light source."
10146-023,"Unique and sophisticated look with handcrafted glass teardrop and metallic tubes. Available in matte black, plated brushed gold, or a combination of both finishes. Adjustable to accommodate any space with easy height strain reliefs. Integrated dimmable LED light source."
10146-07,"Unique and sophisticated look with handcrafted glass teardrop and metallic tubes. Available in matte black, plated brushed gold, or a combination of both finishes. Adjustable to accommodate any space with easy height strain reliefs. Integrated dimmable LED light source."
10147-02,"Tubes of light suspended in alternating metallic sleeves create a multi-tiered effect. Visually stunning collection that will add an air of sophistication to any space. Available in matte black, plated brushed gold, or a combination of both finishes. Adjustable to accommodate any space with easy height strain reliefs. Integrated dimmable LED light source."
10147-023,"Tubes of light suspended in alternating metallic sleeves create a multi-tiered effect. Visually stunning collection that will add an air of sophistication to any space. Available in matte black, plated brushed gold, or a combination of both finishes. Adjustable to accommodate any space with easy height strain reliefs. Integrated dimmable LED light source."
10147-07,"Tubes of light suspended in alternating metallic sleeves create a multi-tiered effect. Visually stunning collection that will add an air of sophistication to any space. Available in matte black, plated brushed gold, or a combination of both finishes. Adjustable to accommodate any space with easy height strain reliefs. Integrated dimmable LED light source."
10148-02,"Unique and sophisticated look with handcrafted glass teardrop and metallic tubes. Available in matte black, plated brushed gold, or a combination of both finishes. Adjustable to accommodate any space with easy height strain reliefs. Integrated dimmable LED light source."
10148-023,"Unique and sophisticated look with handcrafted glass teardrop and metallic tubes. Available in matte black, plated brushed gold, or a combination of both finishes. Adjustable to accommodate any space with easy height strain reliefs. Integrated dimmable LED light source."
10148-07,"Unique and sophisticated look with handcrafted glass teardrop and metallic tubes. Available in matte black, plated brushed gold, or a combination of both finishes. Adjustable to accommodate any space with easy height strain reliefs. Integrated dimmable LED light source."
10149-02,"Tubes of light suspended in alternating metallic sleeves create a multi-tiered effect. Visually stunning collection that will add an air of sophistication to any space. Available in matte black, plated brushed gold, or a combination of both finishes. Adjustable to accommodate any space with easy height strain reliefs. Integrated dimmable LED light source."
10149-023,"Tubes of light suspended in alternating metallic sleeves create a multi-tiered effect. Visually stunning collection that will add an air of sophistication to any space. Available in matte black, plated brushed gold, or a combination of both finishes. Adjustable to accommodate any space with easy height strain reliefs. Integrated dimmable LED light source."
10149-07,"Tubes of light suspended in alternating metallic sleeves create a multi-tiered effect. Visually stunning collection that will add an air of sophistication to any space. Available in matte black, plated brushed gold, or a combination of both finishes. Adjustable to accommodate any space with easy height strain reliefs. Integrated dimmable LED light source."
10150-02,"Unique and sophisticated look with handcrafted glass teardrop and metallic tubes. Available in matte black, plated brushed gold, or a combination of both finishes. Adjustable to accommodate any space with easy height strain reliefs. Integrated dimmable LED light source."
10150-023,"Unique and sophisticated look with handcrafted glass teardrop and metallic tubes. Available in matte black, plated brushed gold, or a combination of both finishes. Adjustable to accommodate any space with easy height strain reliefs. Integrated dimmable LED light source."
10150-07,"Unique and sophisticated look with handcrafted glass teardrop and metallic tubes. Available in matte black, plated brushed gold, or a combination of both finishes. Adjustable to accommodate any space with easy height strain reliefs. Integrated dimmable LED light source."
10151-02,"Tubes of light suspended in alternating metallic sleeves create a multi-tiered effect. Visually stunning collection that will add an air of sophistication to any space. Available in matte black, plated brushed gold, or a combination of both finishes. Adjustable to accommodate any space with easy height strain reliefs. Integrated dimmable LED light source."
10151-023,"Tubes of light suspended in alternating metallic sleeves create a multi-tiered effect. Visually stunning collection that will add an air of sophistication to any space. Available in matte black, plated brushed gold, or a combination of both finishes. Adjustable to accommodate any space with easy height strain reliefs. Integrated dimmable LED light source."
10151-07,"Tubes of light suspended in alternating metallic sleeves create a multi-tiered effect. Visually stunning collection that will add an air of sophistication to any space. Available in matte black, plated brushed gold, or a combination of both finishes. Adjustable to accommodate any space with easy height strain reliefs. Integrated dimmable LED light source."
10152-02,"Unique and sophisticated look with handcrafted glass teardrop and metallic tubes. Available in matte black, plated brushed gold, or a combination of both finishes. Adjustable to accommodate any space with easy height strain reliefs. Integrated dimmable LED light source."
10152-023,"Unique and sophisticated look with handcrafted glass teardrop and metallic tubes. Available in matte black, plated brushed gold, or a combination of both finishes. Adjustable to accommodate any space with easy height strain reliefs. Integrated dimmable LED light source."
10152-07,"Unique and sophisticated look with handcrafted glass teardrop and metallic tubes. Available in matte black, plated brushed gold, or a combination of both finishes. Adjustable to accommodate any space with easy height strain reliefs. Integrated dimmable LED light source."
10153-02,Radiant array of entwined solid acrylic canes. Available in plated brushed gold and matte black finish. Integrated dimmable LED light source. Additional extension rods included to accommodate your needs.
10153-07,Radiant array of entwined solid acrylic canes. Available in plated brushed gold and matte black finish. Integrated dimmable LED light source. Additional extension rods included to accommodate your needs.
10154-02,Radiant array of entwined solid acrylic canes. Available in plated brushed gold and matte black finish. Integrated dimmable LED light source. Additional extension rods included to accommodate your needs.
10154-07,Radiant array of entwined solid acrylic canes. Available in plated brushed gold and matte black finish. Integrated dimmable LED light source. Additional extension rods included to accommodate your needs.
10155-01,"Sleek and ultra-modern design is inspired by the planet Saturn and its famous rings. Outer dome and recessed mounting enhance the diffusion from the inner ring, creating clear brilliance in any space. Offered in polished chrome, plated brushed gold, and matte black finish. Opal white diffuser bordered by a crystal-clear glass. Integrated LED and field selectable color temperature."
10155-02,"Sleek and ultra-modern design is inspired by the planet Saturn and its famous rings. Outer dome and recessed mounting enhance the diffusion from the inner ring, creating clear brilliance in any space. Offered in polished chrome, plated brushed gold, and matte black finish. Opal white diffuser bordered by a crystal-clear glass. Integrated LED and field selectable color temperature."
10155-07,"Sleek and ultra-modern design is inspired by the planet Saturn and its famous rings. Outer dome and recessed mounting enhance the diffusion from the inner ring, creating clear brilliance in any space. Offered in polished chrome, plated brushed gold, and matte black finish. Opal white diffuser bordered by a crystal-clear glass. Integrated LED and field selectable color temperature."
10156-01,"Sleek and ultra-modern design is inspired by the planet Saturn and its famous rings. Outer dome and recessed mounting enhance the diffusion from the inner ring, creating clear brilliance in any space. Offered in polished chrome, plated brushed gold, and matte black finish. Opal white diffuser bordered by a crystal-clear glass. Integrated LED and field selectable color temperature."
10156-02,"Sleek and ultra-modern design is inspired by the planet Saturn and its famous rings. Outer dome and recessed mounting enhance the diffusion from the inner ring, creating clear brilliance in any space. Offered in polished chrome, plated brushed gold, and matte black finish. Opal white diffuser bordered by a crystal-clear glass. Integrated LED and field selectable color temperature."
10156-07,"Sleek and ultra-modern design is inspired by the planet Saturn and its famous rings. Outer dome and recessed mounting enhance the diffusion from the inner ring, creating clear brilliance in any space. Offered in polished chrome, plated brushed gold, and matte black finish. Opal white diffuser bordered by a crystal-clear glass. Integrated LED and field selectable color temperature."
10162-017-01,"Piastra glass carefully sculpted into clear, amber, and smoke glass options; in addition, hand-forged metal leaves provide a mesmerizing, cascading effect to any space. Unique design allows customized capabilities to fit any space, bringing a touch of nature’s beauty indoors. Soft curves against the shimmering light create a subtle yet eye-catching statement piece that will instantly elevate your decor. Elegant canopy finish featuring easy height adjustment strain reliefs. Dimmable G4 LED bulbs included."
10162-017-02,"Piastra glass carefully sculpted into clear leaves provide a mesmerizing, cascading effect to any space. Unique design allows customized capabilities to fit any space, bringing a touch of nature’s beauty indoors. Soft curves against the shimmering light create a subtle yet eye-catching statement piece that will instantly elevate your decor. Elegant canopy finish featuring easy height adjustment strain reliefs. Dimmable G4 LED bulbs included."
10162-017-07,"Piastra glass carefully sculpted into clear leaves provide a mesmerizing, cascading effect to any space. Unique design allows customized capabilities to fit any space, bringing a touch of nature’s beauty indoors. Soft curves against the shimmering light create a subtle yet eye-catching statement piece that will instantly elevate your decor. Elegant canopy finish featuring easy height adjustment strain reliefs. Dimmable G4 LED bulbs included."
10162-018-01,"Piastra glass carefully sculpted into clear, amber, and smoke glass options; in addition, hand-forged metal leaves provide a mesmerizing, cascading effect to any space. Unique design allows customized capabilities to fit any space, bringing a touch of nature’s beauty indoors. Soft curves against the shimmering light create a subtle yet eye-catching statement piece that will instantly elevate your decor. Elegant canopy finish featuring easy height adjustment strain reliefs. Dimmable G4 LED bulbs included."
10162-018-02,"Piastra glass carefully sculpted into amber leaves provide a mesmerizing, cascading effect to any space. Unique design allows customized capabilities to fit any space, bringing a touch of nature’s beauty indoors. Soft curves against the shimmering light create a subtle yet eye-catching statement piece that will instantly elevate your decor. Elegant canopy finish featuring easy height adjustment strain reliefs. Dimmable G4 LED bulbs included."
10162-018-07,"Piastra glass carefully sculpted into amber leaves provide a mesmerizing, cascading effect to any space. Unique design allows customized capabilities to fit any space, bringing a touch of nature’s beauty indoors. Soft curves against the shimmering light create a subtle yet eye-catching statement piece that will instantly elevate your decor. Elegant canopy finish featuring easy height adjustment strain reliefs. Dimmable G4 LED bulbs included."
10162-019-01,"Piastra glass carefully sculpted into clear, amber, and smoke glass options; in addition, hand-forged metal leaves provide a mesmerizing, cascading effect to any space. Unique design allows customized capabilities to fit any space, bringing a touch of nature’s beauty indoors. Soft curves against the shimmering light create a subtle yet eye-catching statement piece that will instantly elevate your decor. Elegant canopy finish featuring easy height adjustment strain reliefs. Dimmable G4 LED bulbs included."
10162-019-02,"Piastra glass carefully sculpted into smoke glass leaves provide a mesmerizing, cascading effect to any space. Unique design allows customized capabilities to fit any space, bringing a touch of nature’s beauty indoors. Soft curves against the shimmering light create a subtle yet eye-catching statement piece that will instantly elevate your decor. Elegant canopy finish featuring easy height adjustment strain reliefs. Dimmable G4 LED bulbs included."
10162-019-07,"Piastra glass carefully sculpted into smoke glass leaves provide a mesmerizing, cascading effect to any space. Unique design allows customized capabilities to fit any space, bringing a touch of nature’s beauty indoors. Soft curves against the shimmering light create a subtle yet eye-catching statement piece that will instantly elevate your decor. Elegant canopy finish featuring easy height adjustment strain reliefs. Dimmable G4 LED bulbs included."
10162-020-01,"Piastra glass carefully sculpted into clear, amber, and smoke glass options; in addition, hand-forged metal leaves provide a mesmerizing, cascading effect to any space. Unique design allows customized capabilities to fit any space, bringing a touch of nature’s beauty indoors. Soft curves against the shimmering light create a subtle yet eye-catching statement piece that will instantly elevate your decor. Elegant canopy finish featuring easy height adjustment strain reliefs. Dimmable G4 LED bulbs included."
10162-020-02,"Piastra glass carefully sculpted into clear, amber, and smoke glass options; in addition, hand-forged metal leaves provide a mesmerizing, cascading effect to any space. Unique design allows customized capabilities to fit any space, bringing a touch of nature’s beauty indoors. Soft curves against the shimmering light create a subtle yet eye-catching statement piece that will instantly elevate your decor. Elegant canopy finish featuring easy height adjustment strain reliefs. Dimmable G4 LED bulbs included."
10162-020-07,"Piastra glass carefully sculpted into clear, amber, and smoke glass options; in addition, hand-forged metal leaves provide a mesmerizing, cascading effect to any space. Unique design allows customized capabilities to fit any space, bringing a touch of nature’s beauty indoors. Soft curves against the shimmering light create a subtle yet eye-catching statement piece that will instantly elevate your decor. Elegant canopy finish featuring easy height adjustment strain reliefs. Dimmable G4 LED bulbs included."
10162-023-01,"Piastra glass carefully sculpted into clear, amber, and smoke glass options; in addition, hand-forged metal leaves provide a mesmerizing, cascading effect to any space. Unique design allows customized capabilities to fit any space, bringing a touch of nature’s beauty indoors. Soft curves against the shimmering light create a subtle yet eye-catching statement piece that will instantly elevate your decor. Elegant canopy finish featuring easy height adjustment strain reliefs. Dimmable G4 LED bulbs included."
10162-023-02,"Piastra glass carefully sculpted into clear, amber, and smoke glass options; in addition, hand-forged metal leaves provide a mesmerizing, cascading effect to any space. Unique design allows customized capabilities to fit any space, bringing a touch of nature’s beauty indoors. Soft curves against the shimmering light create a subtle yet eye-catching statement piece that will instantly elevate your decor. Elegant canopy finish featuring easy height adjustment strain reliefs. Dimmable G4 LED bulbs included."
10162-023-07,"Piastra glass carefully sculpted into clear, amber, and smoke glass options; in addition, hand-forged metal leaves provide a mesmerizing, cascading effect to any space. Unique design allows customized capabilities to fit any space, bringing a touch of nature’s beauty indoors. Soft curves against the shimmering light create a subtle yet eye-catching statement piece that will instantly elevate your decor. Elegant canopy finish featuring easy height adjustment strain reliefs. Dimmable G4 LED bulbs included."
10164-017-01,"Piastra glass carefully sculpted into clear, amber, and smoke glass options; in addition, hand-forged metal leaves provide a mesmerizing, cascading effect to any space. Unique design allows customized capabilities to fit any space, bringing a touch of nature’s beauty indoors. Soft curves against the shimmering light create a subtle yet eye-catching statement piece that will instantly elevate your decor. Elegant canopy finish featuring easy height adjustment strain reliefs. Dimmable G4 LED bulbs included."
10164-017-02,"Piastra glass carefully sculpted into clear leaves provide a mesmerizing, cascading effect to any space. Unique design allows customized capabilities to fit any space, bringing a touch of nature’s beauty indoors. Soft curves against the shimmering light create a subtle yet eye-catching statement piece that will instantly elevate your decor. Elegant canopy finish featuring easy height adjustment strain reliefs. Dimmable G4 LED bulbs included."
10164-017-07,"Piastra glass carefully sculpted into clear leaves provide a mesmerizing, cascading effect to any space. Unique design allows customized capabilities to fit any space, bringing a touch of nature’s beauty indoors. Soft curves against the shimmering light create a subtle yet eye-catching statement piece that will instantly elevate your decor. Elegant canopy finish featuring easy height adjustment strain reliefs. Dimmable G4 LED bulbs included."
10164-018-01,"Piastra glass carefully sculpted into clear, amber, and smoke glass options; in addition, hand-forged metal leaves provide a mesmerizing, cascading effect to any space. Unique design allows customized capabilities to fit any space, bringing a touch of nature’s beauty indoors. Soft curves against the shimmering light create a subtle yet eye-catching statement piece that will instantly elevate your decor. Elegant canopy finish featuring easy height adjustment strain reliefs. Dimmable G4 LED bulbs included."
10164-018-02,"Piastra glass carefully sculpted into amber leaves provide a mesmerizing, cascading effect to any space. Unique design allows customized capabilities to fit any space, bringing a touch of nature’s beauty indoors. Soft curves against the shimmering light create a subtle yet eye-catching statement piece that will instantly elevate your decor. Elegant canopy finish featuring easy height adjustment strain reliefs. Dimmable G4 LED bulbs included."
10164-018-07,"Piastra glass carefully sculpted into amber leaves provide a mesmerizing, cascading effect to any space. Unique design allows customized capabilities to fit any space, bringing a touch of nature’s beauty indoors. Soft curves against the shimmering light create a subtle yet eye-catching statement piece that will instantly elevate your decor. Elegant canopy finish featuring easy height adjustment strain reliefs. Dimmable G4 LED bulbs included."
10164-019-01,"Piastra glass carefully sculpted into clear, amber, and smoke glass options; in addition, hand-forged metal leaves provide a mesmerizing, cascading effect to any space. Unique design allows customized capabilities to fit any space, bringing a touch of nature’s beauty indoors. Soft curves against the shimmering light create a subtle yet eye-catching statement piece that will instantly elevate your decor. Elegant canopy finish featuring easy height adjustment strain reliefs. Dimmable G4 LED bulbs included."
10164-019-02,"Piastra glass carefully sculpted into smoke leaves provide a mesmerizing, cascading effect to any space. Unique design allows customized capabilities to fit any space, bringing a touch of nature’s beauty indoors. Soft curves against the shimmering light create a subtle yet eye-catching statement piece that will instantly elevate your decor. Elegant canopy finish featuring easy height adjustment strain reliefs. Dimmable G4 LED bulbs included."
10164-019-07,"Piastra glass carefully sculpted into smoke leaves provide a mesmerizing, cascading effect to any space. Unique design allows customized capabilities to fit any space, bringing a touch of nature’s beauty indoors. Soft curves against the shimmering light create a subtle yet eye-catching statement piece that will instantly elevate your decor. Elegant canopy finish featuring easy height adjustment strain reliefs. Dimmable G4 LED bulbs included."
10164-020-01,"Piastra glass carefully sculpted into clear, amber, and smoke glass options; in addition, hand-forged metal leaves provide a mesmerizing, cascading effect to any space. Unique design allows customized capabilities to fit any space, bringing a touch of nature’s beauty indoors. Soft curves against the shimmering light create a subtle yet eye-catching statement piece that will instantly elevate your decor. Elegant canopy finish featuring easy height adjustment strain reliefs. Dimmable G4 LED bulbs included."
10164-020-02,"Piastra glass carefully sculpted into hand-forged metal leaves provide a mesmerizing, cascading effect to any space. Unique design allows customized capabilities to fit any space, bringing a touch of nature’s beauty indoors. Soft curves against the shimmering light create a subtle yet eye-catching statement piece that will instantly elevate your decor. Elegant canopy finish featuring easy height adjustment strain reliefs. Dimmable G4 LED bulbs included."
10164-020-07,"Piastra glass carefully sculpted into clear, amber, and smoke glass options; in addition, hand-forged metal leaves provide a mesmerizing, cascading effect to any space. Unique design allows customized capabilities to fit any space, bringing a touch of nature’s beauty indoors. Soft curves against the shimmering light create a subtle yet eye-catching statement piece that will instantly elevate your decor. Elegant canopy finish featuring easy height adjustment strain reliefs. Dimmable G4 LED bulbs included."
10164-023-01,"Piastra glass carefully sculpted into clear, amber, and smoke glass options; in addition, hand-forged metal leaves provide a mesmerizing, cascading effect to any space. Unique design allows customized capabilities to fit any space, bringing a touch of nature’s beauty indoors. Soft curves against the shimmering light create a subtle yet eye-catching statement piece that will instantly elevate your decor. Elegant canopy finish featuring easy height adjustment strain reliefs. Dimmable G4 LED bulbs included."
10164-023-02,"Piastra glass carefully sculpted into clear, amber, and smoke glass options; in addition, hand-forged metal leaves provide a mesmerizing, cascading effect to any space. Unique design allows customized capabilities to fit any space, bringing a touch of nature’s beauty indoors. Soft curves against the shimmering light create a subtle yet eye-catching statement piece that will instantly elevate your decor. Elegant canopy finish featuring easy height adjustment strain reliefs. Dimmable G4 LED bulbs included."
10164-023-07,"Piastra glass carefully sculpted into clear, amber, and smoke glass options; in addition, hand-forged metal leaves provide a mesmerizing, cascading effect to any space. Unique design allows customized capabilities to fit any space, bringing a touch of nature’s beauty indoors. Soft curves against the shimmering light create a subtle yet eye-catching statement piece that will instantly elevate your decor. Elegant canopy finish featuring easy height adjustment strain reliefs. Dimmable G4 LED bulbs included."
10164-024-01,"Piastra glass carefully sculpted into clear, amber, and smoke glass options; in addition, hand-forged metal leaves provide a mesmerizing, cascading effect to any space. Unique design allows customized capabilities to fit any space, bringing a touch of nature’s beauty indoors. Soft curves against the shimmering light create a subtle yet eye-catching statement piece that will instantly elevate your decor. Elegant canopy finish featuring easy height adjustment strain reliefs. Dimmable G4 LED bulbs included."
10164-024-02,"Piastra glass carefully sculpted into clear, amber, and smoke glass options; in addition, hand-forged metal leaves provide a mesmerizing, cascading effect to any space. Unique design allows customized capabilities to fit any space, bringing a touch of nature’s beauty indoors. Soft curves against the shimmering light create a subtle yet eye-catching statement piece that will instantly elevate your decor. Elegant canopy finish featuring easy height adjustment strain reliefs. Dimmable G4 LED bulbs included."
10164-024-07,"Piastra glass carefully sculpted into clear, amber, and smoke glass options; in addition, hand-forged metal leaves provide a mesmerizing, cascading effect to any space. Unique design allows customized capabilities to fit any space, bringing a touch of nature’s beauty indoors. Soft curves against the shimmering light create a subtle yet eye-catching statement piece that will instantly elevate your decor. Elegant canopy finish featuring easy height adjustment strain reliefs. Dimmable G4 LED bulbs included."
10167-017-01,"Piastra glass carefully sculpted into clear, amber, and smoke glass options; in addition, hand-forged metal leaves provide a mesmerizing, cascading effect to any space. Unique design allows customized capabilities to fit any space, bringing a touch of nature’s beauty indoors. Soft curves against the shimmering light create a subtle yet eye-catching statement piece that will instantly elevate your decor. Elegant canopy finish featuring easy height adjustment strain reliefs. Dimmable G4 LED bulbs included."
10167-017-02,"Piastra glass carefully sculpted into clear leaves provide a mesmerizing, cascading effect to any space. Unique design allows customized capabilities to fit any space, bringing a touch of nature’s beauty indoors. Soft curves against the shimmering light create a subtle yet eye-catching statement piece that will instantly elevate your decor. Elegant canopy finish featuring easy height adjustment strain reliefs. Dimmable G4 LED bulbs included."
10167-017-07,"Piastra glass carefully sculpted into clear leaves provide a mesmerizing, cascading effect to any space. Unique design allows customized capabilities to fit any space, bringing a touch of nature’s beauty indoors. Soft curves against the shimmering light create a subtle yet eye-catching statement piece that will instantly elevate your decor. Elegant canopy finish featuring easy height adjustment strain reliefs. Dimmable G4 LED bulbs included."
10167-018-01,"Piastra glass carefully sculpted into clear, amber, and smoke glass options; in addition, hand-forged metal leaves provide a mesmerizing, cascading effect to any space. Unique design allows customized capabilities to fit any space, bringing a touch of nature’s beauty indoors. Soft curves against the shimmering light create a subtle yet eye-catching statement piece that will instantly elevate your decor. Elegant canopy finish featuring easy height adjustment strain reliefs. Dimmable G4 LED bulbs included."
10167-018-02,"Piastra glass carefully sculpted into amber leaves provide a mesmerizing, cascading effect to any space. Unique design allows customized capabilities to fit any space, bringing a touch of nature’s beauty indoors. Soft curves against the shimmering light create a subtle yet eye-catching statement piece that will instantly elevate your decor. Elegant canopy finish featuring easy height adjustment strain reliefs. Dimmable G4 LED bulbs included."
10167-018-07,"Piastra glass carefully sculpted into amber leaves provide a mesmerizing, cascading effect to any space. Unique design allows customized capabilities to fit any space, bringing a touch of nature’s beauty indoors. Soft curves against the shimmering light create a subtle yet eye-catching statement piece that will instantly elevate your decor. Elegant canopy finish featuring easy height adjustment strain reliefs. Dimmable G4 LED bulbs included."
10167-019-01,"Piastra glass carefully sculpted into clear, amber, and smoke glass options; in addition, hand-forged metal leaves provide a mesmerizing, cascading effect to any space. Unique design allows customized capabilities to fit any space, bringing a touch of nature’s beauty indoors. Soft curves against the shimmering light create a subtle yet eye-catching statement piece that will instantly elevate your decor. Elegant canopy finish featuring easy height adjustment strain reliefs. Dimmable G4 LED bulbs included."
10167-019-02,"Piastra glass carefully sculpted into smoke leaves provide a mesmerizing, cascading effect to any space. Unique design allows customized capabilities to fit any space, bringing a touch of nature’s beauty indoors. Soft curves against the shimmering light create a subtle yet eye-catching statement piece that will instantly elevate your decor. Elegant canopy finish featuring easy height adjustment strain reliefs. Dimmable G4 LED bulbs included."
10167-019-07,"Piastra glass carefully sculpted into smoke leaves provide a mesmerizing, cascading effect to any space. Unique design allows customized capabilities to fit any space, bringing a touch of nature’s beauty indoors. Soft curves against the shimmering light create a subtle yet eye-catching statement piece that will instantly elevate your decor. Elegant canopy finish featuring easy height adjustment strain reliefs. Dimmable G4 LED bulbs included."
10167-020-01,"Piastra glass carefully sculpted into clear, amber, and smoke glass options; in addition, hand-forged metal leaves provide a mesmerizing, cascading effect to any space. Unique design allows customized capabilities to fit any space, bringing a touch of nature’s beauty indoors. Soft curves against the shimmering light create a subtle yet eye-catching statement piece that will instantly elevate your decor. Elegant canopy finish featuring easy height adjustment strain reliefs. Dimmable G4 LED bulbs included."
10167-020-02,"Piastra glass carefully sculpted into clear, amber, and smoke glass options; in addition, hand-forged metal leaves provide a mesmerizing, cascading effect to any space. Unique design allows customized capabilities to fit any space, bringing a touch of nature’s beauty indoors. Soft curves against the shimmering light create a subtle yet eye-catching statement piece that will instantly elevate your decor. Elegant canopy finish featuring easy height adjustment strain reliefs. Dimmable G4 LED bulbs included."
10167-020-07,"Piastra glass carefully sculpted into clear, amber, and smoke Hand-forged metal leaves provide a mesmerizing, cascading effect to any space. Unique design allows customized capabilities to fit any space, bringing a touch of nature’s beauty indoors. Soft curves against the shimmering light create a subtle yet eye-catching statement piece that will instantly elevate your decor. Elegant canopy finish featuring easy height adjustment strain reliefs. Dimmable G4 LED bulbs included."
10167-023-01,"Piastra glass carefully sculpted into clear, amber, and smoke glass options; in addition, hand-forged metal leaves provide a mesmerizing, cascading effect to any space. Unique design allows customized capabilities to fit any space, bringing a touch of nature’s beauty indoors. Soft curves against the shimmering light create a subtle yet eye-catching statement piece that will instantly elevate your decor. Elegant canopy finish featuring easy height adjustment strain reliefs. Dimmable G4 LED bulbs included."
10167-023-02,"Piastra glass carefully sculpted into clear, amber, and smoke glass options; in addition, hand-forged metal leaves provide a mesmerizing, cascading effect to any space. Unique design allows customized capabilities to fit any space, bringing a touch of nature’s beauty indoors. Soft curves against the shimmering light create a subtle yet eye-catching statement piece that will instantly elevate your decor. Elegant canopy finish featuring easy height adjustment strain reliefs. Dimmable G4 LED bulbs included."
10167-023-07,"Piastra glass carefully sculpted into clear, amber, and smoke glass options; in addition, hand-forged metal leaves provide a mesmerizing, cascading effect to any space. Unique design allows customized capabilities to fit any space, bringing a touch of nature’s beauty indoors. Soft curves against the shimmering light create a subtle yet eye-catching statement piece that will instantly elevate your decor. Elegant canopy finish featuring easy height adjustment strain reliefs. Dimmable G4 LED bulbs included."
10167-024-01,"Piastra glass carefully sculpted into clear, amber, and smoke glass options; in addition, hand-forged metal leaves provide a mesmerizing, cascading effect to any space. Unique design allows customized capabilities to fit any space, bringing a touch of nature’s beauty indoors. Soft curves against the shimmering light create a subtle yet eye-catching statement piece that will instantly elevate your decor. Elegant canopy finish featuring easy height adjustment strain reliefs. Dimmable G4 LED bulbs included."
10167-024-02,"Piastra glass carefully sculpted into clear, amber, and smoke glass options; in addition, hand-forged metal leaves provide a mesmerizing, cascading effect to any space. Unique design allows customized capabilities to fit any space, bringing a touch of nature’s beauty indoors. Soft curves against the shimmering light create a subtle yet eye-catching statement piece that will instantly elevate your decor. Elegant canopy finish featuring easy height adjustment strain reliefs. Dimmable G4 LED bulbs included."
10167-024-07,"Piastra glass carefully sculpted into clear, amber, and smoke glass options; in addition, hand-forged metal leaves provide a mesmerizing, cascading effect to any space. Unique design allows customized capabilities to fit any space, bringing a touch of nature’s beauty indoors. Soft curves against the shimmering light create a subtle yet eye-catching statement piece that will instantly elevate your decor. Elegant canopy finish featuring easy height adjustment strain reliefs. Dimmable G4 LED bulbs included."
10169-017-01,"Piastra glass carefully sculpted into clear, amber, and smoke glass options; in addition, hand-forged metal leaves provide a mesmerizing, cascading effect to any space. Unique design allows customized capabilities to fit any space, bringing a touch of nature’s beauty indoors. Soft curves against the shimmering light create a subtle yet eye-catching statement piece that will instantly elevate your decor. Elegant canopy finish featuring easy height adjustment strain reliefs. Dimmable G4 LED bulbs included."
10169-017-02,"Piastra glass carefully sculpted into clear leaves provide a mesmerizing, cascading effect to any space. Unique design allows customized capabilities to fit any space, bringing a touch of nature’s beauty indoors. Soft curves against the shimmering light create a subtle yet eye-catching statement piece that will instantly elevate your decor. Elegant canopy finish featuring easy height adjustment strain reliefs. Dimmable G4 LED bulbs included."
10169-017-07,"Piastra glass carefully sculpted into clear leaves provide a mesmerizing, cascading effect to any space. Unique design allows customized capabilities to fit any space, bringing a touch of nature’s beauty indoors. Soft curves against the shimmering light create a subtle yet eye-catching statement piece that will instantly elevate your decor. Elegant canopy finish featuring easy height adjustment strain reliefs. Dimmable G4 LED bulbs included."
10169-018-01,"Piastra glass carefully sculpted into clear, amber, and smoke glass options; in addition, hand-forged metal leaves provide a mesmerizing, cascading effect to any space. Unique design allows customized capabilities to fit any space, bringing a touch of nature’s beauty indoors. Soft curves against the shimmering light create a subtle yet eye-catching statement piece that will instantly elevate your decor. Elegant canopy finish featuring easy height adjustment strain reliefs. Dimmable G4 LED bulbs included."
10169-018-02,"Piastra glass carefully sculpted into amber leaves provide a mesmerizing, cascading effect to any space. Unique design allows customized capabilities to fit any space, bringing a touch of nature’s beauty indoors. Soft curves against the shimmering light create a subtle yet eye-catching statement piece that will instantly elevate your decor. Elegant canopy finish featuring easy height adjustment strain reliefs. Dimmable G4 LED bulbs included."
10169-018-07,"Piastra glass carefully sculpted into amber leaves provide a mesmerizing, cascading effect to any space. Unique design allows customized capabilities to fit any space, bringing a touch of nature’s beauty indoors. Soft curves against the shimmering light create a subtle yet eye-catching statement piece that will instantly elevate your decor. Elegant canopy finish featuring easy height adjustment strain reliefs. Dimmable G4 LED bulbs included."
10169-019-01,"Piastra glass carefully sculpted into clear, amber, and smoke glass options; in addition, hand-forged metal leaves provide a mesmerizing, cascading effect to any space. Unique design allows customized capabilities to fit any space, bringing a touch of nature’s beauty indoors. Soft curves against the shimmering light create a subtle yet eye-catching statement piece that will instantly elevate your decor. Elegant canopy finish featuring easy height adjustment strain reliefs. Dimmable G4 LED bulbs included."
10169-019-02,"Piastra glass carefully sculpted into smoke leaves provide a mesmerizing, cascading effect to any space. Unique design allows customized capabilities to fit any space, bringing a touch of nature’s beauty indoors. Soft curves against the shimmering light create a subtle yet eye-catching statement piece that will instantly elevate your decor. Elegant canopy finish featuring easy height adjustment strain reliefs. Dimmable G4 LED bulbs included."
10169-019-07,"Piastra glass carefully sculpted into smoke leaves provide a mesmerizing, cascading effect to any space. Unique design allows customized capabilities to fit any space, bringing a touch of nature’s beauty indoors. Soft curves against the shimmering light create a subtle yet eye-catching statement piece that will instantly elevate your decor. Elegant canopy finish featuring easy height adjustment strain reliefs. Dimmable G4 LED bulbs included."
10169-020-01,"Piastra glass carefully sculpted into clear, amber, and smoke glass options; in addition, hand-forged metal leaves provide a mesmerizing, cascading effect to any space. Unique design allows customized capabilities to fit any space, bringing a touch of nature’s beauty indoors. Soft curves against the shimmering light create a subtle yet eye-catching statement piece that will instantly elevate your decor. Elegant canopy finish featuring easy height adjustment strain reliefs. Dimmable G4 LED bulbs included."
10169-020-02,"Piastra glass carefully sculpted into clear, amber, and smoke glass options; in addition, hand-forged metal leaves provide a mesmerizing, cascading effect to any space. Unique design allows customized capabilities to fit any space, bringing a touch of nature’s beauty indoors. Soft curves against the shimmering light create a subtle yet eye-catching statement piece that will instantly elevate your decor. Elegant canopy finish featuring easy height adjustment strain reliefs. Dimmable G4 LED bulbs included."
10169-020-07,"Piastra glass carefully sculpted into clear, amber, and smoke glass options; in addition, hand-forged metal leaves provide a mesmerizing, cascading effect to any space. Unique design allows customized capabilities to fit any space, bringing a touch of nature’s beauty indoors. Soft curves against the shimmering light create a subtle yet eye-catching statement piece that will instantly elevate your decor. Elegant canopy finish featuring easy height adjustment strain reliefs. Dimmable G4 LED bulbs included."
10169-023-01,"Piastra glass carefully sculpted into clear, amber, and smoke glass options; in addition, hand-forged metal leaves provide a mesmerizing, cascading effect to any space. Unique design allows customized capabilities to fit any space, bringing a touch of nature’s beauty indoors. Soft curves against the shimmering light create a subtle yet eye-catching statement piece that will instantly elevate your decor. Elegant canopy finish featuring easy height adjustment strain reliefs. Dimmable G4 LED bulbs included."
10169-023-02,"Piastra glass carefully sculpted into clear, amber, and smoke glass options; in addition, hand-forged metal leaves provide a mesmerizing, cascading effect to any space. Unique design allows customized capabilities to fit any space, bringing a touch of nature’s beauty indoors. Soft curves against the shimmering light create a subtle yet eye-catching statement piece that will instantly elevate your decor. Elegant canopy finish featuring easy height adjustment strain reliefs. Dimmable G4 LED bulbs included."
10169-023-07,"Piastra glass carefully sculpted into clear, amber, and smoke glass options; in addition, hand-forged metal leaves provide a mesmerizing, cascading effect to any space. Unique design allows customized capabilities to fit any space, bringing a touch of nature’s beauty indoors. Soft curves against the shimmering light create a subtle yet eye-catching statement piece that will instantly elevate your decor. Elegant canopy finish featuring easy height adjustment strain reliefs. Dimmable G4 LED bulbs included."
10169-024-01,"Piastra glass carefully sculpted into clear, amber, and smoke glass options; in addition, hand-forged metal leaves provide a mesmerizing, cascading effect to any space. Unique design allows customized capabilities to fit any space, bringing a touch of nature’s beauty indoors. Soft curves against the shimmering light create a subtle yet eye-catching statement piece that will instantly elevate your decor. Elegant canopy finish featuring easy height adjustment strain reliefs. Dimmable G4 LED bulbs included."
10169-024-02,"Piastra glass carefully sculpted into clear, amber, and smoke glass options; in addition, hand-forged metal leaves provide a mesmerizing, cascading effect to any space. Unique design allows customized capabilities to fit any space, bringing a touch of nature’s beauty indoors. Soft curves against the shimmering light create a subtle yet eye-catching statement piece that will instantly elevate your decor. Elegant canopy finish featuring easy height adjustment strain reliefs. Dimmable G4 LED bulbs included."
10169-024-07,"Piastra glass carefully sculpted into clear, amber, and smoke glass options; in addition, hand-forged metal leaves provide a mesmerizing, cascading effect to any space. Unique design allows customized capabilities to fit any space, bringing a touch of nature’s beauty indoors. Soft curves against the shimmering light create a subtle yet eye-catching statement piece that will instantly elevate your decor. Elegant canopy finish featuring easy height adjustment strain reliefs. Dimmable G4 LED bulbs included."
10172-017-01,"Piastra glass carefully sculpted into clear, amber, and smoke glass options; in addition, hand-forged metal leaves provide a mesmerizing, cascading effect to any space. Unique design allows customized capabilities to fit any space, bringing a touch of nature’s beauty indoors. Soft curves against the shimmering light create a subtle yet eye-catching statement piece that will instantly elevate your decor. Elegant canopy finish featuring easy height adjustment strain reliefs. Dimmable G4 LED bulbs included."
10172-017-02,"Piastra glass carefully sculpted into clear leaves provide a mesmerizing, cascading effect to any space. Unique design allows customized capabilities to fit any space, bringing a touch of nature’s beauty indoors. Soft curves against the shimmering light create a subtle yet eye-catching statement piece that will instantly elevate your decor. Elegant canopy finish featuring easy height adjustment strain reliefs. Dimmable G4 LED bulbs included."
10172-017-07,"Piastra glass carefully sculpted into clear leaves provide a mesmerizing, cascading effect to any space. Unique design allows customized capabilities to fit any space, bringing a touch of nature’s beauty indoors. Soft curves against the shimmering light create a subtle yet eye-catching statement piece that will instantly elevate your decor. Elegant canopy finish featuring easy height adjustment strain reliefs. Dimmable G4 LED bulbs included."
10172-018-01,"Piastra glass carefully sculpted into clear, amber, and smoke glass options; in addition, hand-forged metal leaves provide a mesmerizing, cascading effect to any space. Unique design allows customized capabilities to fit any space, bringing a touch of nature’s beauty indoors. Soft curves against the shimmering light create a subtle yet eye-catching statement piece that will instantly elevate your decor. Elegant canopy finish featuring easy height adjustment strain reliefs. Dimmable G4 LED bulbs included."
10172-018-02,"Piastra glass carefully sculpted into amber leaves provide a mesmerizing, cascading effect to any space. Unique design allows customized capabilities to fit any space, bringing a touch of nature’s beauty indoors. Soft curves against the shimmering light create a subtle yet eye-catching statement piece that will instantly elevate your decor. Elegant canopy finish featuring easy height adjustment strain reliefs. Dimmable G4 LED bulbs included."
10172-018-07,"Piastra glass carefully sculpted into amber leaves provide a mesmerizing, cascading effect to any space. Unique design allows customized capabilities to fit any space, bringing a touch of nature’s beauty indoors. Soft curves against the shimmering light create a subtle yet eye-catching statement piece that will instantly elevate your decor. Elegant canopy finish featuring easy height adjustment strain reliefs. Dimmable G4 LED bulbs included."
10172-019-01,"Piastra glass carefully sculpted into clear, amber, and smoke glass options; in addition, hand-forged metal leaves provide a mesmerizing, cascading effect to any space. Unique design allows customized capabilities to fit any space, bringing a touch of nature’s beauty indoors. Soft curves against the shimmering light create a subtle yet eye-catching statement piece that will instantly elevate your decor. Elegant canopy finish featuring easy height adjustment strain reliefs. Dimmable G4 LED bulbs included."
10172-019-02,"Piastra glass carefully sculpted into smoke leaves provide a mesmerizing, cascading effect to any space. Unique design allows customized capabilities to fit any space, bringing a touch of nature’s beauty indoors. Soft curves against the shimmering light create a subtle yet eye-catching statement piece that will instantly elevate your decor. Elegant canopy finish featuring easy height adjustment strain reliefs. Dimmable G4 LED bulbs included."
10172-019-07,"Piastra glass carefully sculpted into smoke leaves provide a mesmerizing, cascading effect to any space. Unique design allows customized capabilities to fit any space, bringing a touch of nature’s beauty indoors. Soft curves against the shimmering light create a subtle yet eye-catching statement piece that will instantly elevate your decor. Elegant canopy finish featuring easy height adjustment strain reliefs. Dimmable G4 LED bulbs included."
10172-020-01,"Piastra glass carefully sculpted into clear, amber, and smoke glass options; in addition, hand-forged metal leaves provide a mesmerizing, cascading effect to any space. Unique design allows customized capabilities to fit any space, bringing a touch of nature’s beauty indoors. Soft curves against the shimmering light create a subtle yet eye-catching statement piece that will instantly elevate your decor. Elegant canopy finish featuring easy height adjustment strain reliefs. Dimmable G4 LED bulbs included."
10172-020-02,"Hand-forged metal leaves provide a mesmerizing, cascading effect to any space. Unique design allows customized capabilities to fit any space, bringing a touch of nature’s beauty indoors. Soft curves against the shimmering light create a subtle yet eye-catching statement piece that will instantly elevate your decor. Elegant canopy finish featuring easy height adjustment strain reliefs. Dimmable G4 LED bulbs included."
10172-020-07,"Hand-forged metal leaves provide a mesmerizing, cascading effect to any space. Unique design allows customized capabilities to fit any space, bringing a touch of nature’s beauty indoors. Soft curves against the shimmering light create a subtle yet eye-catching statement piece that will instantly elevate your decor. Gold canopy finish featuring easy height adjustment strain reliefs. Dimmable G4 LED bulbs included."
10172-023-01,"Piastra glass carefully sculpted into clear, amber, and smoke glass options; in addition, hand-forged metal leaves provide a mesmerizing, cascading effect to any space. Unique design allows customized capabilities to fit any space, bringing a touch of nature’s beauty indoors. Soft curves against the shimmering light create a subtle yet eye-catching statement piece that will instantly elevate your decor. Elegant canopy finish featuring easy height adjustment strain reliefs. Dimmable G4 LED bulbs included."
10172-023-02,"Piastra glass carefully sculpted into clear, amber, and smoke glass options; in addition, hand-forged metal leaves provide a mesmerizing, cascading effect to any space. Unique design allows customized capabilities to fit any space, bringing a touch of nature’s beauty indoors. Soft curves against the shimmering light create a subtle yet eye-catching statement piece that will instantly elevate your decor. Elegant canopy finish featuring easy height adjustment strain reliefs. Dimmable G4 LED bulbs included."
10172-023-07,"Piastra glass carefully sculpted into clear, amber, and smoke glass options; in addition, hand-forged metal leaves provide a mesmerizing, cascading effect to any space. Unique design allows customized capabilities to fit any space, bringing a touch of nature’s beauty indoors. Soft curves against the shimmering light create a subtle yet eye-catching statement piece that will instantly elevate your decor. Elegant canopy finish featuring easy height adjustment strain reliefs. Dimmable G4 LED bulbs included."
10172-024-01,"Piastra glass carefully sculpted into clear, amber, and smoke glass options; in addition, hand-forged metal leaves provide a mesmerizing, cascading effect to any space. Unique design allows customized capabilities to fit any space, bringing a touch of nature’s beauty indoors. Soft curves against the shimmering light create a subtle yet eye-catching statement piece that will instantly elevate your decor. Elegant canopy finish featuring easy height adjustment strain reliefs. Dimmable G4 LED bulbs included."
10172-024-02,"Piastra glass carefully sculpted into clear, amber, and smoke glass options; in addition, hand-forged metal leaves provide a mesmerizing, cascading effect to any space. Unique design allows customized capabilities to fit any space, bringing a touch of nature’s beauty indoors. Soft curves against the shimmering light create a subtle yet eye-catching statement piece that will instantly elevate your decor. Elegant canopy finish featuring easy height adjustment strain reliefs. Dimmable G4 LED bulbs included."
10172-024-07,"Piastra glass carefully sculpted into clear, amber, and smoke glass options; in addition, hand-forged metal leaves provide a mesmerizing, cascading effect to any space. Unique design allows customized capabilities to fit any space, bringing a touch of nature’s beauty indoors. Soft curves against the shimmering light create a subtle yet eye-catching statement piece that will instantly elevate your decor. Elegant canopy finish featuring easy height adjustment strain reliefs. Dimmable G4 LED bulbs included."
10173-013,Flawless diffusion of light is achieved through the handcrafted piastra glass. Modern elements combined with a classic touch elevate the transitional lighting experience. Offered in a soft gold and black finish. Integrated dimmable LED light source. Additional extension rods included to accommodate your needs.
10173-014,Flawless diffusion of light is achieved through the handcrafted piastra glass. Modern elements combined with a classic touch elevate the transitional lighting experience. Offered in a soft gold and black finish. Integrated dimmable LED light source. Additional extension rods included to accommodate your needs.
10174-013,Flawless diffusion of light is achieved through the handcrafted piastra glass. Modern elements combined with a classic touch elevate the transitional lighting experience. Offered in a soft gold and black finish. Integrated dimmable LED light source. Additional extension rods included to accommodate your needs.
10174-014,Flawless diffusion of light is achieved through the handcrafted piastra glass. Modern elements combined with a classic touch elevate the transitional lighting experience. Offered in a soft gold and black finish. Integrated dimmable LED light source. Additional extension rods included to accommodate your needs.
10175-015,"One of a kind Nettuno collection captures art in motion, inspired by ocean waves. Radiant light emanating from within a modern inspired metal ""basket"" ring. Crafted with stunning finishes that enhance and complement any interior setting. Integrated dimmable LED light source."
10175-031,"One of a kind Nettuno collection captures art in motion, inspired by ocean waves. Radiant light emanating from within a modern inspired metal ""basket"" ring. Crafted with stunning finishes that enhance and complement any interior setting. Integrated dimmable LED light source."
10176-015,"One of a kind Nettuno collection captures art in motion, inspired by ocean waves. Radiant light emanating from within a modern inspired metal ""basket"" ring. Crafted with stunning finishes that enhance and complement any interior setting. Integrated dimmable LED light source."
10176-031,"One of a kind Nettuno collection captures art in motion, inspired by ocean waves. Radiant light emanating from within a modern inspired metal ""basket"" ring. Crafted with stunning finishes that enhance and complement any interior setting. Integrated dimmable LED light source."
10177-015,"One of a kind Nettuno collection captures art in motion, inspired by ocean waves. Radiant light emanating from within a modern inspired metal ""basket"" ring. Crafted with stunning finishes that enhance and complement any interior setting. Integrated dimmable LED light source."
10177-031,"One of a kind Nettuno collection captures art in motion, inspired by ocean waves. Radiant light emanating from within a modern inspired metal ""basket"" ring. Crafted with stunning finishes that enhance and complement any interior setting. Integrated dimmable LED light source."
10178-015,"One of a kind Nettuno collection captures art in motion, inspired by ocean waves. Radiant light emanating from within a modern inspired metal ""basket"" ring. Crafted with stunning finishes that enhance and complement any interior setting. Integrated dimmable LED light source."
10178-031,"One of a kind Nettuno collection captures art in motion, inspired by ocean waves. Radiant light emanating from within a modern inspired metal ""basket"" ring. Crafted with stunning finishes that enhance and complement any interior setting. Integrated dimmable LED light source."
10179-025,"Hand-crafted wooden beads encasing an arrangement of lights, creating a beautiful art piece. Soft and radiant opulence of this unique collection creates a starry effect, adding allure to any space. Available in natural cream and dark espresso wood bead with an aged brass trim. Additional extension rods included to accommodate your needs."
10179-026,"Hand-crafted wooden beads encasing an arrangement of lights, creating a beautiful art piece. Soft and radiant opulence of this unique collection creates a starry effect, adding allure to any space. Available in natural cream and dark brown wood bead with an aged brass trim. Additional extension rods included to accommodate your needs. Please note, due to the natural material, the black pigmented beads may appear dark brown."
10180-025,"Hand-crafted wooden beads encasing an arrangement of lights, creating a beautiful art piece. Soft and radiant opulence of this unique collection creates a starry effect, adding allure to any space. Available in natural cream and dark espresso wood bead with an aged brass trim. Additional extension rods included to accommodate your needs."
10180-026,"Hand-crafted wooden beads encasing an arrangement of lights, creating a beautiful art piece. Soft and radiant opulence of this unique collection creates a starry effect, adding allure to any space. Available in natural cream and dark brown wood bead with an aged brass trim. Additional extension rods included to accommodate your needs. Please note, due to the natural material, the black pigmented beads may appear dark brown."
10183-025,"Hand-crafted wooden beads encasing an arrangement of lights, creating a beautiful art piece. Soft and radiant opulence of this unique collection creates a starry effect, adding allure to any space. Available in natural cream and dark espresso wood bead with an aged brass trim. Additional extension rods included to accommodate your needs."
10193-030,"Encapsulated clouds emit a soft and shimmering cascade of light, adding style and grace to any space. Choice of painted antique brass or matte black canopy with gold accent design provides a refined and luxurious look. Sleek and stylish design is perfect for any room, providing a touch of glamour and luxury. Adjustable to accommodate any space with easy height strain reliefs. Integrated dimmable LED light source."
10194-02,"Encapsulated clouds emit a soft and shimmering cascade of light, adding style and grace to any space. Choice of painted antique brass or matte black canopy with gold accent design provides a refined and luxurious look. Sleek and stylish design is perfect for any room, providing a touch of glamour and luxury. Adjustable to accommodate any space with easy height strain reliefs. Integrated dimmable LED light source."
10194-030,"Encapsulated clouds emit a soft and shimmering cascade of light, adding style and grace to any space. Choice of painted antique brass or matte black canopy with gold accent design provides a refined and luxurious look. Sleek and stylish design is perfect for any room, providing a touch of glamour and luxury. Adjustable to accommodate any space with easy height strain reliefs. Integrated dimmable LED light source."
10195-02,"Encapsulated clouds emit a soft and shimmering cascade of light, adding style and grace to any space. Choice of painted antique brass or matte black canopy with gold accent design provides a refined and luxurious look. Sleek and stylish design is perfect for any room, providing a touch of glamour and luxury. Adjustable to accommodate any space with easy height strain reliefs. Integrated dimmable LED light source."
10195-030,"Encapsulated clouds emit a soft and shimmering cascade of light, adding style and grace to any space. Choice of painted antique brass or matte black canopy with gold accent design provides a refined and luxurious look. Sleek and stylish design is perfect for any room, providing a touch of glamour and luxury. Adjustable to accommodate any space with easy height strain reliefs. Integrated dimmable LED light source."
10196-02,"Encapsulated clouds emit a soft and shimmering cascade of light, adding style and grace to any space. Choice of painted antique brass or matte black canopy with gold accent design provides a refined and luxurious look. Sleek and stylish design is perfect for any room, providing a touch of glamour and luxury. Adjustable to accommodate any space with easy height strain reliefs. Integrated dimmable LED light source."
10196-030,"Encapsulated clouds emit a soft and shimmering cascade of light, adding style and grace to any space. Choice of painted antique brass or matte black canopy with gold accent design provides a refined and luxurious look. Sleek and stylish design is perfect for any room, providing a touch of glamour and luxury. Adjustable to accommodate any space with easy height strain reliefs. Integrated dimmable LED light source."
10197-02,"Encapsulated clouds emit a soft and shimmering cascade of light, adding style and grace to any space. Choice of painted antique brass or matte black canopy with gold accent design provides a refined and luxurious look. Sleek and stylish design is perfect for any room, providing a touch of glamour and luxury. Adjustable to accommodate any space with easy height strain reliefs. Integrated dimmable LED light source."
10197-030,"Encapsulated clouds emit a soft and shimmering cascade of light, adding style and grace to any space. Choice of painted antique brass or matte black canopy with gold accent design provides a refined and luxurious look. Sleek and stylish design is perfect for any room, providing a touch of glamour and luxury. Adjustable to accommodate any space with easy height strain reliefs. Integrated dimmable LED light source."
10198-02,"Encapsulated clouds emit a soft and shimmering cascade of light, adding style and grace to any space. Choice of painted antique brass or matte black canopy with gold accent design provides a refined and luxurious look. Sleek and stylish design is perfect for any room, providing a touch of glamour and luxury. Adjustable to accommodate any space with easy height strain reliefs. Integrated dimmable LED light source."
10198-030,"Encapsulated clouds emit a soft and shimmering cascade of light, adding style and grace to any space. Choice of painted antique brass or matte black canopy with gold accent design provides a refined and luxurious look. Sleek and stylish design is perfect for any room, providing a touch of glamour and luxury. Adjustable to accommodate any space with easy height strain reliefs. Integrated dimmable LED light source."
10199-02,"Encapsulated clouds emit a soft and shimmering cascade of light, adding style and grace to any space. Choice of painted antique brass or matte black canopy with gold accent design provides a refined and luxurious look. Sleek and stylish design is perfect for any room, providing a touch of glamour and luxury. Adjustable to accommodate any space with easy height strain reliefs. Integrated dimmable LED light source."
10199-030,"Encapsulated clouds emit a soft and shimmering cascade of light, adding style and grace to any space. Choice of painted antique brass or matte black canopy with gold accent design provides a refined and luxurious look. Sleek and stylish design is perfect for any room, providing a touch of glamour and luxury. Adjustable to accommodate any space with easy height strain reliefs. Integrated dimmable LED light source."
10200-02,"Encapsulated clouds emit a soft and shimmering cascade of light, adding style and grace to any space. Choice of painted antique brass or matte black canopy with gold accent design provides a refined and luxurious look. Sleek and stylish design is perfect for any room, providing a touch of glamour and luxury. Adjustable to accommodate any space with easy height strain reliefs. Integrated dimmable LED light source."
10200-030,"Encapsulated clouds emit a soft and shimmering cascade of light, adding style and grace to any space. Choice of painted antique brass or matte black canopy with gold accent design provides a refined and luxurious look. Sleek and stylish design is perfect for any room, providing a touch of glamour and luxury. Adjustable to accommodate any space with easy height strain reliefs. Integrated dimmable LED light source."
10202-02,"Blown glass with a handcrafted Alabaster Stone effect. Choice of painted antique brass or black canopy with gold accent design provides a refined and luxurious look. Glow-in glass, and LED downlight providing additional light output to your room for a truly perfect lighting experience. Adjustable to accommodate any space with easy height strain reliefs. Integrated dimmable LED light source."
10202-030,"Blown glass with a handcrafted Alabaster Stone effect. Choice of painted antique brass or matte black canopy with gold accent design provides a refined and luxurious look. Glow-in glass, and LED downlight providing additional light output to your room for a truly perfect lighting experience. Adjustable to accommodate any space with easy height strain reliefs. Integrated dimmable LED light source."
10203-02,"Blown glass with a handcrafted Alabaster Stone effect. Choice of painted antique brass or matte black canopy with gold accent design provides a refined and luxurious look. Glow-in glass, and LED downlight providing additional light output to your room for a truly perfect lighting experience. Adjustable to accommodate any space with easy height strain reliefs. Integrated dimmable LED light source."
10203-030,"Blown glass with a handcrafted Alabaster Stone effect. Choice of painted antique brass or matte black canopy with gold accent design provides a refined and luxurious look. Glow-in glass, and LED downlight providing additional light output to your room for a truly perfect lighting experience. Adjustable to accommodate any space with easy height strain reliefs. Integrated dimmable LED light source."
10204-02,"Blown glass with a handcrafted Alabaster Stone effect. Choice of painted antique brass or matte black canopy with gold accent design provides a refined and luxurious look. Glow-in glass, and LED downlight providing additional light output to your room for a truly perfect lighting experience. Adjustable to accommodate any space with easy height strain reliefs. Integrated dimmable LED light source."
10204-030,"Blown glass with a handcrafted Alabaster Stone effect. Choice of painted antique brass or matte black canopy with gold accent design provides a refined and luxurious look. Glow-in glass, and LED downlight providing additional light output to your room for a truly perfect lighting experience. Adjustable to accommodate any space with easy height strain reliefs. Integrated dimmable LED light source."
10205-02,"Blown glass with a handcrafted Alabaster Stone effect. Choice of painted antique brass or matte black canopy with gold accent design provides a refined and luxurious look. Glow-in glass, and LED downlight providing additional light output to your room for a truly perfect lighting experience. Adjustable to accommodate any space with easy height strain reliefs. Integrated dimmable LED light source."
10205-030,"Blown glass with a handcrafted Alabaster Stone effect. Choice of painted antique brass or matte black canopy with gold accent design provides a refined and luxurious look. Glow-in glass, and LED downlight providing additional light output to your room for a truly perfect lighting experience. Adjustable to accommodate any space with easy height strain reliefs. Integrated dimmable LED light source."
10206-02,"Blown glass with a handcrafted Alabaster Stone effect. Choice of painted antique brass or matte black canopy with gold accent design provides a refined and luxurious look. Glow-in glass, and LED downlight providing additional light output to your room for a truly perfect lighting experience. Adjustable to accommodate any space with easy height strain reliefs. Integrated dimmable LED light source."
10206-030,"Blown glass with a handcrafted Alabaster Stone effect. Choice of painted antique brass or matte black canopy with gold accent design provides a refined and luxurious look. Glow-in glass, and LED downlight providing additional light output to your room for a truly perfect lighting experience. Adjustable to accommodate any space with easy height strain reliefs. Integrated dimmable LED light source."
10207-02,"Blown glass with a handcrafted Alabaster Stone effect. Choice of painted antique brass or matte black canopy with gold accent design provides a refined and luxurious look. Glow-in glass, and LED downlight providing additional light output to your room for a truly perfect lighting experience. Adjustable to accommodate any space with easy height strain reliefs. Integrated dimmable LED light source."
10207-030,"Blown glass with a handcrafted Alabaster Stone effect. Choice of painted antique brass or matte black canopy with gold accent design provides a refined and luxurious look. Glow-in glass, and LED downlight providing additional light output to your room for a truly perfect lighting experience. Adjustable to accommodate any space with easy height strain reliefs. Integrated dimmable LED light source."
10208-02,"Blown glass with a handcrafted Alabaster Stone effect. Choice of painted antique brass or matte black canopy with gold accent design provides a refined and luxurious look. Glow-in glass, and LED downlight providing additional light output to your room for a truly perfect lighting experience. Adjustable to accommodate any space with easy height strain reliefs. Integrated dimmable LED light source."
10208-030,"Blown glass with a handcrafted Alabaster Stone effect. Choice of painted antique brass or matte black canopy with gold accent design provides a refined and luxurious look. Glow-in glass, and LED downlight providing additional light output to your room for a truly perfect lighting experience. Adjustable to accommodate any space with easy height strain reliefs. Integrated dimmable LED light source."
10209-02,"Blown glass with a handcrafted Alabaster Stone effect. Choice of painted antique brass or matte black canopy with gold accent design provides a refined and luxurious look. Glow-in glass, and LED downlight providing additional light output to your room for a truly perfect lighting experience. Adjustable to accommodate any space with easy height strain reliefs. Integrated dimmable LED light source."
10209-030,"Blown glass with a handcrafted Alabaster Stone effect. Choice of painted antique brass or matte black canopy with gold accent design provides a refined and luxurious look. Glow-in glass, and LED downlight providing additional light output to your room for a truly perfect lighting experience. Adjustable to accommodate any space with easy height strain reliefs. Integrated dimmable LED light source."
10211-02,Clear blown glass embraces the glow of the inner opal white glass to cast an optimal balance of light. Choice of painted antique brass or matte black canopy with gold accent design provides a refined and luxurious look. Adjustable to accommodate any space with easy height strain reliefs. Delicate and timeless design that will elevate your décor and create a stunning visual effect. Integrated dimmable LED light source.
10211-030,Clear blown glass embraces the glow of the inner opal white glass to cast an optimal balance of light. Choice of painted antique brass or matte black canopy with gold accent design provides a refined and luxurious look. Adjustable to accommodate any space with easy height strain reliefs. Delicate and timeless design that will elevate your décor and create a stunning visual effect. Integrated dimmable LED light source.
10212-02,Clear blown glass embraces the glow of the inner opal white glass to cast an optimal balance of light. Choice of painted antique brass or matte black canopy with gold accent design provides a refined and luxurious look. Adjustable to accommodate any space with easy height strain reliefs. Delicate and timeless design that will elevate your décor and create a stunning visual effect. Integrated dimmable LED light source.
10212-030,Clear blown glass embraces the glow of the inner opal white glass to cast an optimal balance of light. Choice of painted antique brass or matte black canopy with gold accent design provides a refined and luxurious look. Adjustable to accommodate any space with easy height strain reliefs. Delicate and timeless design that will elevate your décor and create a stunning visual effect. Integrated dimmable LED light source.
10213-02,Clear blown glass embraces the glow of the inner opal white glass to cast an optimal balance of light. Choice of painted antique brass or matte black canopy with gold accent design provides a refined and luxurious look. Adjustable to accommodate any space with easy height strain reliefs. Delicate and timeless design that will elevate your décor and create a stunning visual effect. Integrated dimmable LED light source.
10213-030,Clear blown glass embraces the glow of the inner opal white glass to cast an optimal balance of light. Choice of painted antique brass or matte black canopy with gold accent design provides a refined and luxurious look. Adjustable to accommodate any space with easy height strain reliefs. Delicate and timeless design that will elevate your décor and create a stunning visual effect. Integrated dimmable LED light source.
10214-02,Clear blown glass embraces the glow of the inner opal white glass to cast an optimal balance of light. Choice of painted antique brass or matte black canopy with gold accent design provides a refined and luxurious look. Adjustable to accommodate any space with easy height strain reliefs. Delicate and timeless design that will elevate your décor and create a stunning visual effect. Integrated dimmable LED light source.
10214-030,Clear blown glass embraces the glow of the inner opal white glass to cast an optimal balance of light. Choice of painted antique brass or matte black canopy with gold accent design provides a refined and luxurious look. Adjustable to accommodate any space with easy height strain reliefs. Delicate and timeless design that will elevate your décor and create a stunning visual effect. Integrated dimmable LED light source.
10215-02,Clear blown glass embraces the glow of the inner opal white glass to cast an optimal balance of light. Choice of painted antique brass or matte black canopy with gold accent design provides a refined and luxurious look. Adjustable to accommodate any space with easy height strain reliefs. Delicate and timeless design that will elevate your décor and create a stunning visual effect. Integrated dimmable LED light source.
10215-030,Clear blown glass embraces the glow of the inner opal white glass to cast an optimal balance of light. Choice of painted antique brass or matte black canopy with gold accent design provides a refined and luxurious look. Adjustable to accommodate any space with easy height strain reliefs. Delicate and timeless design that will elevate your décor and create a stunning visual effect. Integrated dimmable LED light source.
10216-02,Clear blown glass embraces the glow of the inner opal white glass to cast an optimal balance of light. Choice of painted antique brass or matte black canopy with gold accent design provides a refined and luxurious look. Adjustable to accommodate any space with easy height strain reliefs. Delicate and timeless design that will elevate your décor and create a stunning visual effect. Integrated dimmable LED light source.
10216-030,Clear blown glass embraces the glow of the inner opal white glass to cast an optimal balance of light. Choice of painted antique brass or matte black canopy with gold accent design provides a refined and luxurious look. Adjustable to accommodate any space with easy height strain reliefs. Delicate and timeless design that will elevate your décor and create a stunning visual effect. Integrated dimmable LED light source.
10217-02,Clear blown glass embraces the glow of the inner opal white glass to cast an optimal balance of light. Choice of painted antique brass or matte black canopy with gold accent design provides a refined and luxurious look. Adjustable to accommodate any space with easy height strain reliefs. Delicate and timeless design that will elevate your décor and create a stunning visual effect. Integrated dimmable LED light source.
10217-030,Clear blown glass embraces the glow of the inner opal white glass to cast an optimal balance of light. Choice of painted antique brass or matte black canopy with gold accent design provides a refined and luxurious look. Adjustable to accommodate any space with easy height strain reliefs. Delicate and timeless design that will elevate your décor and create a stunning visual effect. Integrated dimmable LED light source.
10218-02,Clear blown glass embraces the glow of the inner opal white glass to cast an optimal balance of light. Choice of painted antique brass or matte black canopy with gold accent design provides a refined and luxurious look. Adjustable to accommodate any space with easy height strain reliefs. Delicate and timeless design that will elevate your décor and create a stunning visual effect. Integrated dimmable LED light source.
10218-030,Clear blown glass embraces the glow of the inner opal white glass to cast an optimal balance of light. Choice of painted antique brass or matte black canopy with gold accent design provides a refined and luxurious look. Adjustable to accommodate any space with easy height strain reliefs. Delicate and timeless design that will elevate your décor and create a stunning visual effect. Integrated dimmable LED light source.
10220-02,Direct and indirect light play off one another creating a layered effect. Cylindrical capsule diffuser in a clear and opal glass for a radiant finish. Choice of painted antique brass or black canopy with gold accent design provides a refined and luxurious look. Adjustable to accommodate any space with easy height strain reliefs. Integrated dimmable LED light source.
10220-030,Direct and indirect light play off one another creating a layered effect. Cylindrical capsule diffuser in a clear and opal glass for a radiant finish. Choice of painted antique brass or black canopy with gold accent design provides a refined and luxurious look. Adjustable to accommodate any space with easy height strain reliefs. Integrated dimmable LED light source.
10221-02,Direct and indirect light play off one another creating a layered effect. Cylindrical capsule diffuser in a clear and opal glass for a radiant finish. Choice of painted antique brass or black canopy with gold accent design provides a refined and luxurious look. Adjustable to accommodate any space with easy height strain reliefs. Integrated dimmable LED light source.
10221-030,Direct and indirect light play off one another creating a layered effect. Cylindrical capsule diffuser in a clear and opal glass for a radiant finish. Choice of painted antique brass or black canopy with gold accent design provides a refined and luxurious look. Adjustable to accommodate any space with easy height strain reliefs. Integrated dimmable LED light source.
10222-02,Direct and indirect light play off one another creating a layered effect. Cylindrical capsule diffuser in a clear and opal glass for a radiant finish. Choice of painted antique brass or black canopy with gold accent design provides a refined and luxurious look. Adjustable to accommodate any space with easy height strain reliefs. Integrated dimmable LED light source.
10222-030,Direct and indirect light play off one another creating a layered effect. Cylindrical capsule diffuser in a clear and opal glass for a radiant finish. Choice of painted antique brass or black canopy with gold accent design provides a refined and luxurious look. Adjustable to accommodate any space with easy height strain reliefs. Integrated dimmable LED light source.
10223-02,Direct and indirect light play off one another creating a layered effect. Cylindrical capsule diffuser in a clear and opal glass for a radiant finish. Choice of painted antique brass or black canopy with gold accent design provides a refined and luxurious look. Adjustable to accommodate any space with easy height strain reliefs. Integrated dimmable LED light source.
10223-030,Direct and indirect light play off one another creating a layered effect. Cylindrical capsule diffuser in a clear and opal glass for a radiant finish. Choice of painted antique brass or black canopy with gold accent design provides a refined and luxurious look. Adjustable to accommodate any space with easy height strain reliefs. Integrated dimmable LED light source.
10224-02,Direct and indirect light play off one another creating a layered effect. Cylindrical capsule diffuser in a clear and opal glass for a radiant finish. Choice of painted antique brass or black canopy with gold accent design provides a refined and luxurious look. Adjustable to accommodate any space with easy height strain reliefs. Integrated dimmable LED light source.
10224-030,Direct and indirect light play off one another creating a layered effect. Cylindrical capsule diffuser in a clear and opal glass for a radiant finish. Choice of painted antique brass or black canopy with gold accent design provides a refined and luxurious look. Adjustable to accommodate any space with easy height strain reliefs. Integrated dimmable LED light source.
10225-02,Direct and indirect light play off one another creating a layered effect. Cylindrical capsule diffuser in a clear and opal glass for a radiant finish. Choice of painted antique brass or black canopy with gold accent design provides a refined and luxurious look. Adjustable to accommodate any space with easy height strain reliefs. Integrated dimmable LED light source.
10225-030,Direct and indirect light play off one another creating a layered effect. Cylindrical capsule diffuser in a clear and opal glass for a radiant finish. Choice of painted antique brass or black canopy with gold accent design provides a refined and luxurious look. Adjustable to accommodate any space with easy height strain reliefs. Integrated dimmable LED light source.
10226-02,Direct and indirect light play off one another creating a layered effect. Cylindrical capsule diffuser in a clear and opal glass for a radiant finish. Choice of painted antique brass or black canopy with gold accent design provides a refined and luxurious look. Adjustable to accommodate any space with easy height strain reliefs. Integrated dimmable LED light source.
10226-030,Direct and indirect light play off one another creating a layered effect. Cylindrical capsule diffuser in a clear and opal glass for a radiant finish. Choice of painted antique brass or black canopy with gold accent design provides a refined and luxurious look. Adjustable to accommodate any space with easy height strain reliefs. Integrated dimmable LED light source.
10227-02,Direct and indirect light play off one another creating a layered effect. Cylindrical capsule diffuser in a clear and opal glass for a radiant finish. Choice of painted antique brass or black canopy with gold accent design provides a refined and luxurious look. Adjustable to accommodate any space with easy height strain reliefs. Integrated dimmable LED light source.
10227-030,Direct and indirect light play off one another creating a layered effect. Cylindrical capsule diffuser in a clear and opal glass for a radiant finish. Choice of painted antique brass or black canopy with gold accent design provides a refined and luxurious look. Adjustable to accommodate any space with easy height strain reliefs. Integrated dimmable LED light source.
12034-017-01,"Piastra glass carefully sculpted into clear, amber, and smoke glass options; in addition, hand-forged metal leaves provide a mesmerizing, cascading effect to any space. Unique design allows customized capabilities to fit any space, bringing a touch of nature’s beauty indoors. Soft curves against the shimmering light create a subtle yet eye-catching statement piece that will instantly elevate your decor. Elegant canopy finish featuring easy height adjustment strain reliefs. Dimmable G4 LED bulbs included."
12034-017-02,"Piastra glass carefully sculpted into clear leaves provide a mesmerizing, cascading effect to any space. Unique design allows customized capabilities to fit any space, bringing a touch of nature’s beauty indoors. Soft curves against the shimmering light create a subtle yet eye-catching statement piece that will instantly elevate your decor. Elegant canopy finish featuring easy height adjustment strain reliefs. Dimmable G4 LED bulbs included."
12034-017-07,"Piastra glass carefully sculpted into clear leaves provide a mesmerizing, cascading effect to any space. Unique design allows customized capabilities to fit any space, bringing a touch of nature’s beauty indoors. Soft curves against the shimmering light create a subtle yet eye-catching statement piece that will instantly elevate your decor. Elegant canopy finish featuring easy height adjustment strain reliefs. Dimmable G4 LED bulbs included."
12034-018-01,"Piastra glass carefully sculpted into clear, amber, and smoke glass options; in addition, hand-forged metal leaves provide a mesmerizing, cascading effect to any space. Unique design allows customized capabilities to fit any space, bringing a touch of nature’s beauty indoors. Soft curves against the shimmering light create a subtle yet eye-catching statement piece that will instantly elevate your decor. Elegant canopy finish featuring easy height adjustment strain reliefs. Dimmable G4 LED bulbs included."
12034-018-02,"Piastra glass carefully sculpted into amber leaves provide a mesmerizing, cascading effect to any space. Unique design allows customized capabilities to fit any space, bringing a touch of nature’s beauty indoors. Soft curves against the shimmering light create a subtle yet eye-catching statement piece that will instantly elevate your decor. Elegant canopy finish featuring easy height adjustment strain reliefs. Dimmable G4 LED bulbs included."
12034-018-07,"Piastra glass carefully sculpted into amber leaves provide a mesmerizing, cascading effect to any space. Unique design allows customized capabilities to fit any space, bringing a touch of nature’s beauty indoors. Soft curves against the shimmering light create a subtle yet eye-catching statement piece that will instantly elevate your decor. Elegant canopy finish featuring easy height adjustment strain reliefs. Dimmable G4 LED bulbs included."
12034-019-01,"Piastra glass carefully sculpted into clear, amber, and smoke glass options; in addition, hand-forged metal leaves provide a mesmerizing, cascading effect to any space. Unique design allows customized capabilities to fit any space, bringing a touch of nature’s beauty indoors. Soft curves against the shimmering light create a subtle yet eye-catching statement piece that will instantly elevate your decor. Elegant canopy finish featuring easy height adjustment strain reliefs. Dimmable G4 LED bulbs included."
12034-019-02,"Piastra glass carefully sculpted into smoke leaves provide a mesmerizing, cascading effect to any space. Unique design allows customized capabilities to fit any space, bringing a touch of nature’s beauty indoors. Soft curves against the shimmering light create a subtle yet eye-catching statement piece that will instantly elevate your decor. Elegant canopy finish featuring easy height adjustment strain reliefs. Dimmable G4 LED bulbs included."
12034-019-07,"Piastra glass carefully sculpted into smoke leaves provide a mesmerizing, cascading effect to any space. Unique design allows customized capabilities to fit any space, bringing a touch of nature’s beauty indoors. Soft curves against the shimmering light create a subtle yet eye-catching statement piece that will instantly elevate your decor. Elegant canopy finish featuring easy height adjustment strain reliefs. Dimmable G4 LED bulbs included."
12034-020-01,"Piastra glass carefully sculpted into clear, amber, and smoke glass options; in addition, hand-forged metal leaves provide a mesmerizing, cascading effect to any space. Unique design allows customized capabilities to fit any space, bringing a touch of nature’s beauty indoors. Soft curves against the shimmering light create a subtle yet eye-catching statement piece that will instantly elevate your decor. Elegant canopy finish featuring easy height adjustment strain reliefs. Dimmable G4 LED bulbs included."
12034-020-02,"Piastra glass carefully sculpted into clear, amber, and smoke glass options; in addition, hand-forged metal leaves provide a mesmerizing, cascading effect to any space. Unique design allows customized capabilities to fit any space, bringing a touch of nature’s beauty indoors. Soft curves against the shimmering light create a subtle yet eye-catching statement piece that will instantly elevate your decor. Elegant canopy finish featuring easy height adjustment strain reliefs. Dimmable G4 LED bulbs included."
12034-020-07,"Piastra glass carefully sculpted into clear, amber, and smoke glass options; in addition, hand-forged metal leaves provide a mesmerizing, cascading effect to any space. Unique design allows customized capabilities to fit any space, bringing a touch of nature’s beauty indoors. Soft curves against the shimmering light create a subtle yet eye-catching statement piece that will instantly elevate your decor. Elegant canopy finish featuring easy height adjustment strain reliefs. Dimmable G4 LED bulbs included."
12034-023-01,"Piastra glass carefully sculpted into clear, amber, and smoke glass options; in addition, hand-forged metal leaves provide a mesmerizing, cascading effect to any space. Unique design allows customized capabilities to fit any space, bringing a touch of nature’s beauty indoors. Soft curves against the shimmering light create a subtle yet eye-catching statement piece that will instantly elevate your decor. Elegant canopy finish featuring easy height adjustment strain reliefs. Dimmable G4 LED bulbs included."
12034-023-02,"Piastra glass carefully sculpted into clear, amber, and smoke glass options; in addition, hand-forged metal leaves provide a mesmerizing, cascading effect to any space. Unique design allows customized capabilities to fit any space, bringing a touch of nature’s beauty indoors. Soft curves against the shimmering light create a subtle yet eye-catching statement piece that will instantly elevate your decor. Elegant canopy finish featuring easy height adjustment strain reliefs. Dimmable G4 LED bulbs included."
12034-023-07,"Piastra glass carefully sculpted into clear, amber, and smoke glass options; in addition, hand-forged metal leaves provide a mesmerizing, cascading effect to any space. Unique design allows customized capabilities to fit any space, bringing a touch of nature’s beauty indoors. Soft curves against the shimmering light create a subtle yet eye-catching statement piece that will instantly elevate your decor. Elegant canopy finish featuring easy height adjustment strain reliefs. Dimmable G4 LED bulbs included."
12034-024-01,"Piastra glass carefully sculpted into clear, amber, and smoke glass options; in addition, hand-forged metal leaves provide a mesmerizing, cascading effect to any space. Unique design allows customized capabilities to fit any space, bringing a touch of nature’s beauty indoors. Soft curves against the shimmering light create a subtle yet eye-catching statement piece that will instantly elevate your decor. Elegant canopy finish featuring easy height adjustment strain reliefs. Dimmable G4 LED bulbs included."
12034-024-02,"Piastra glass carefully sculpted into clear, amber, and smoke glass options; in addition, hand-forged metal leaves provide a mesmerizing, cascading effect to any space. Unique design allows customized capabilities to fit any space, bringing a touch of nature’s beauty indoors. Soft curves against the shimmering light create a subtle yet eye-catching statement piece that will instantly elevate your decor. Elegant canopy finish featuring easy height adjustment strain reliefs. Dimmable G4 LED bulbs included."
12034-024-07,"Piastra glass carefully sculpted into clear, amber, and smoke glass options; in addition, hand-forged metal leaves provide a mesmerizing, cascading effect to any space. Unique design allows customized capabilities to fit any space, bringing a touch of nature’s beauty indoors. Soft curves against the shimmering light create a subtle yet eye-catching statement piece that will instantly elevate your decor. Elegant canopy finish featuring easy height adjustment strain reliefs. Dimmable G4 LED bulbs included."
12048-028,"Rich handcrafted glass with intricate detail and unique design. Soft hand-painted gold leaf frame seamlessly connected creating a natural work of art. No two pieces are ever alike, ensuring that each fixture is a one-of-a-kind addition to any space."
12049-028,"Rich handcrafted glass with intricate detail and unique design. Soft hand-painted gold leaf frame seamlessly connected creating a natural work of art. No two pieces are ever alike, ensuring that each fixture is a one-of-a-kind addition to any space."
12050-028,"Rich handcrafted glass with intricate detail and unique design. Soft hand-painted gold leaf frame seamlessly connected creating a natural work of art. No two pieces are ever alike, ensuring that each fixture is a one-of-a-kind addition to any space."
12051-02,Modern sleek design makes this piece stand out in any setting. Natural alabaster stone adds an element of incredible beauty to this fixture. Offered in a brushed brass and matte black finish. Dimmable G9 LED bulbs included. Additional extension rods included to accommodate your needs.
12051-037,Modern sleek design makes this piece stand out in any setting. Natural alabaster stone adds an element of incredible beauty to this fixture. Offered in a brushed brass and matte black finish. Dimmable G9 LED bulbs included. Additional extension rods included to accommodate your needs.
12052-02,Modern sleek design makes this piece stand out in any setting. Natural alabaster stone adds an element of incredible beauty to this fixture. Offered in a brushed brass and matte black finish. Dimmable G9 LED bulbs included. Additional extension rods included to accommodate your needs.
12052-037,Modern sleek design makes this piece stand out in any setting. Natural alabaster stone adds an element of incredible beauty to this fixture. Offered in a brushed brass and matte black finish. Dimmable G9 LED bulbs included. Additional extension rods included to accommodate your needs.
12053-02,Modern sleek design makes this piece stand out in any setting. Natural alabaster stone adds an element of incredible beauty to this fixture. Offered in a brushed brass and matte black finish. Dimmable G9 LED bulbs included. Additional extension rods included to accommodate your needs.
12053-037,Modern sleek design makes this piece stand out in any setting. Natural alabaster stone adds an element of incredible beauty to this fixture. Offered in a brushed brass and matte black finish. Dimmable G9 LED bulbs included. Additional extension rods included to accommodate your needs.
12054-01,"Elegant handcrafted glass with petal like detail and unique design. Intricate details of beauty creating a natural work of art that casts an inviting glow to any room. No two pieces are ever alike, ensuring that each fixture is a one-of-a-kind addition to any space."
12054-037,"Elegant handcrafted glass with petal like detail and unique design. Intricate details of beauty creating a natural work of art that casts an inviting glow to any room. No two pieces are ever alike, ensuring that each fixture is a one-of-a-kind addition to any space."
12054-039,"Elegant handcrafted glass with petal like detail and unique design. Intricate details of beauty creating a natural work of art that casts an inviting glow to any room. No two pieces are ever alike, ensuring that each fixture is a one-of-a-kind addition to any space."
12055-01,"Elegant handcrafted glass with petal like detail and unique design. Intricate details of beauty creating a natural work of art that casts an inviting glow to any room. No two pieces are ever alike, ensuring that each fixture is a one-of-a-kind addition to any space."
12055-037,"Elegant handcrafted glass with petal like detail and unique design. Intricate details of beauty creating a natural work of art that casts an inviting glow to any room. No two pieces are ever alike, ensuring that each fixture is a one-of-a-kind addition to any space."
12055-039,"Elegant handcrafted glass with petal like detail and unique design. Intricate details of beauty creating a natural work of art that casts an inviting glow to any room. No two pieces are ever alike, ensuring that each fixture is a one-of-a-kind addition to any space."
12056-01,"Elegant handcrafted glass with petal like detail and unique design. Intricate details of beauty creating a natural work of art that casts an inviting glow to any room. No two pieces are ever alike, ensuring that each fixture is a one-of-a-kind addition to any space."
12056-037,"Elegant handcrafted glass with petal like detail and unique design. Intricate details of beauty creating a natural work of art that casts an inviting glow to any room. No two pieces are ever alike, ensuring that each fixture is a one-of-a-kind addition to any space."
12056-039,"Elegant handcrafted glass with petal like detail and unique design. Intricate details of beauty creating a natural work of art that casts an inviting glow to any room. No two pieces are ever alike, ensuring that each fixture is a one-of-a-kind addition to any space."
12057-01,"Elegant handcrafted glass with petal like detail and unique design. Intricate details of beauty creating a natural work of art that casts an inviting glow to any room. No two pieces are ever alike, ensuring that each fixture is a one-of-a-kind addition to any space."
12057-037,"Elegant handcrafted glass with petal like detail and unique design. Intricate details of beauty creating a natural work of art that casts an inviting glow to any room. No two pieces are ever alike, ensuring that each fixture is a one-of-a-kind addition to any space."
12057-039,"Elegant handcrafted glass with petal like detail and unique design. Intricate details of beauty creating a natural work of art that casts an inviting glow to any room. No two pieces are ever alike, ensuring that each fixture is a one-of-a-kind addition to any space."
12058-05,Emanating light out into the surrounding space creates a beautiful blooming flower effect. Every blade is hand-bent to create a precise V-shaped channel. Available in soft brass and metallic black finish.
12058-06,Emanating light out into the surrounding space creates a beautiful blooming flower effect. Every blade is hand-bent to create a precise V-shaped channel. Available in soft brass and metallic black finish.
12059-032,A contemporary design of elegance and simplicity. Brushed gunmetal organic branches with illuminating fabric mesh petal design. Fabric leaf like inlays cast a soft and inviting glow. Integrated dimmable LED light source.
12060-032,A contemporary design of elegance and simplicity. Brushed gunmetal organic branches with illuminating fabric mesh petal design. Fabric leaf like inlays cast a soft and inviting glow. Integrated dimmable LED light source.
12063-032,A contemporary design of elegance and simplicity. Brushed gunmetal organic branches with illuminating fabric mesh petal design. Fabric leaf like inlays cast a soft and inviting glow. Integrated dimmable LED light source.
12064-01,"Hand blown glass droplets cascading in various lengths. Braided ropes, each adorned with hand-stitched crystal formations. Meticulous attention to detail creates a captivating ambiance in any setting. Integrated dimmable LED light source. Extension tubes (12"", 24"", 48"") available. Maximum length 216"". Sold separately."
12064-02,"Hand blown glass droplets cascading in various lengths. Braided ropes, each adorned with hand-stitched crystal formations. Meticulous attention to detail creates a captivating ambiance in any setting. Integrated dimmable LED light source. Extension tubes (12"", 24"", 48"") available. Maximum length 216"". Sold separately."
12065-01,"Hand blown glass droplets cascading in various lengths. Braided ropes, each adorned with hand-stitched crystal formations. Meticulous attention to detail creates a captivating ambiance in any setting. Integrated dimmable LED light source. Extension tubes (12"", 24"", 48"") available. Maximum length 216"". Sold separately."
12065-02,"Hand blown glass droplets cascading in various lengths. Braided ropes, each adorned with hand-stitched crystal formations. Meticulous attention to detail creates a captivating ambiance in any setting. Integrated dimmable LED light source. Extension tubes (12"", 24"", 48"") available. Maximum length 216"". Sold separately."
12066-01,"Hand blown glass droplets cascading in various lengths. Braided ropes, each adorned with hand-stitched crystal formations. Meticulous attention to detail creates a captivating ambiance in any setting. Integrated dimmable LED light source. Extension tubes (12"", 24"", 48"") available. Maximum length 216"". Sold separately."
12066-02,"Hand blown glass droplets cascading in various lengths. Braided ropes, each adorned with hand-stitched crystal formations. Meticulous attention to detail creates a captivating ambiance in any setting. Integrated dimmable LED light source. Extension tubes (12"", 24"", 48"") available. Maximum length 216"". Sold separately."
12067-01,"Hand blown glass droplets cascading in various lengths. Braided ropes, each adorned with hand-stitched crystal formations. Meticulous attention to detail creates a captivating ambiance in any setting. Integrated dimmable LED light source. Extension tubes (12"", 24"", 48"") available. Maximum length 216"". Sold separately."
12067-02,"Hand blown glass droplets cascading in various lengths. Braided ropes, each adorned with hand-stitched crystal formations. Meticulous attention to detail creates a captivating ambiance in any setting. Integrated dimmable LED light source. Extension tubes (12"", 24"", 48"") available. Maximum length 216"". Sold separately."
12068-01,"Hand blown glass droplets cascading in various lengths. Braided ropes, each adorned with hand-stitched crystal formations. Meticulous attention to detail creates a captivating ambiance in any setting. Integrated dimmable LED light source. Extension tubes (12"", 24"", 48"") available. Maximum length 216"". Sold separately."
12068-02,"Hand blown glass droplets cascading in various lengths. Braided ropes, each adorned with hand-stitched crystal formations. Meticulous attention to detail creates a captivating ambiance in any setting. Integrated dimmable LED light source. Extension tubes (12"", 24"", 48"") available. Maximum length 216"". Sold separately."
12069-01,"Hand blown glass droplets cascading in various lengths. Braided silver ropes, each adorned with hand-stitched crystal formations. Meticulous attention to detail creates a captivating ambiance in any setting. Integrated dimmable LED light source. Extension tubes (12"", 24"", 48"") available. Maximum length 216"". Sold separately."
12069-02,"Hand blown glass droplets cascading in various lengths. Braided silver ropes, each adorned with hand-stitched crystal formations. Meticulous attention to detail creates a captivating ambiance in any setting. Integrated dimmable LED light source. Extension tubes (12"", 24"", 48"") available. Maximum length 216"". Sold separately."
12070-01,"Hand blown glass droplets cascading in various lengths. Braided silver ropes, each adorned with hand-stitched crystal formations. Meticulous attention to detail creates a captivating ambiance in any setting. Integrated dimmable LED light source. Extension tubes (12"", 24"", 48"") available. Maximum length 216"". Sold separately."
12070-02,"Hand blown glass droplets cascading in various lengths. Braided silver ropes, each adorned with hand-stitched crystal formations. Meticulous attention to detail creates a captivating ambiance in any setting. Integrated dimmable LED light source. Extension tubes (12"", 24"", 48"") available. Maximum length 216"". Sold separately."
12071-01,"Hand blown glass droplets cascading in various lengths. Braided silver ropes, each adorned with hand-stitched crystal formations. Meticulous attention to detail creates a captivating ambiance in any setting. Integrated dimmable LED light source. Extension tubes (12"", 24"", 48"") available. Maximum length 216"". Sold separately."
12071-02,"Hand blown glass droplets cascading in various lengths. Braided silver ropes, each adorned with hand-stitched crystal formations. Meticulous attention to detail creates a captivating ambiance in any setting. Integrated dimmable LED light source. Extension tubes (12"", 24"", 48"") available. Maximum length 216"". Sold separately."
12078-012,"Radiant entwined solid acrylic cane. Available in plated brushed gold, satin nickel and matte black finish. Integrated dimmable LED light source. Wall mount design."
12078-02,"Radiant entwined solid acrylic cane. Available in plated brushed gold, satin nickel and matte black finish. Integrated dimmable LED light source. Wall mount design."
12078-07,"Radiant entwined solid acrylic cane. Available in plated brushed gold, satin nickel and matte black finish. Integrated dimmable LED light source. Wall mount design."
12079-012,"Radiant entwined solid acrylic cane. Available in plated brushed gold, satin nickel and matte black finish. Integrated dimmable LED light source. Vertical or horizontal Wall mount design."
12079-02,"Radiant entwined solid acrylic cane. Available in plated brushed gold, satin nickel and matte black finish. Integrated dimmable LED light source. Vertical or horizontal Wall mount design."
12079-07,"Radiant entwined solid acrylic cane. Available in plated brushed gold, satin nickel and matte black finish. Integrated dimmable LED light source. Vertical or horizontal Wall mount design."
12080-012,"Radiant entwined solid acrylic cane. Available in plated brushed gold, satin nickel and matte black finish. Integrated dimmable LED light source. Vertical or horizontal Wall mount design."
12080-02,"Radiant entwined solid acrylic cane. Available in plated brushed gold, satin nickel and matte black finish. Integrated dimmable LED light source. Vertical or horizontal Wall mount design."
12080-07,"Radiant entwined solid acrylic cane. Available in plated brushed gold, satin nickel and matte black finish. Integrated dimmable LED light source. Vertical or horizontal Wall mount design."
12081-035,Modern sleek design with eluminating rectangular pieces piercing through. This fixture omits a soft and inviting glow of ambiance to any room. Offered in a satin brass or satin black finish. Integrated dimmable LED light source.
12081-036,Modern sleek design with eluminating rectangular pieces piercing through. This fixture omits a soft and inviting glow of ambiance to any room. Offered in a satin brass or satin black finish. Integrated dimmable LED light source.
12082-035,Modern sleek design with eluminating rectangular pieces piercing through. This fixture omits a soft and inviting glow of ambiance to any room. Offered in a satin brass or satin black finish. Integrated dimmable LED light source.
12082-036,Modern sleek design with eluminating rectangular pieces piercing through. This fixture omits a soft and inviting glow of ambiance to any room. Offered in a satin brass or satin black finish. Integrated dimmable LED light source.
12083-03,"Rich handcrafted glass with intricate detail and unique design. Hand-painted branches seamlessly connected creating a natural work of art. No two pieces are ever alike, ensuring that each fixture is a one-of-a-kind addition to any space. Integrated dimmable LED light source."
12083-042,"Rich handcrafted glass with intricate detail and unique design. Hand-painted branches seamlessly connected creating a natural work of art. No two pieces are ever alike, ensuring that each fixture is a one-of-a-kind addition to any space. Integrated dimmable LED light source."
12084-03,"Rich handcrafted glass with intricate detail and unique design. Hand-painted branches seamlessly connected creating a natural work of art. No two pieces are ever alike, ensuring that each fixture is a one-of-a-kind addition to any space. Integrated dimmable LED light source."
12084-042,"Rich handcrafted glass with intricate detail and unique design. Hand-painted branches seamlessly connected creating a natural work of art. No two pieces are ever alike, ensuring that each fixture is a one-of-a-kind addition to any space. Integrated dimmable LED light source."
12085-03,"Rich handcrafted glass with intricate detail and unique design. Hand-painted branches seamlessly connected creating a natural work of art. No two pieces are ever alike, ensuring that each fixture is a one-of-a-kind addition to any space. Integrated dimmable LED light source."
12085-042,"Rich handcrafted glass with intricate detail and unique design. Hand-painted branches seamlessly connected creating a natural work of art. No two pieces are ever alike, ensuring that each fixture is a one-of-a-kind addition to any space. Integrated dimmable LED light source."
12086-03,"Rich handcrafted glass with intricate detail and unique design. Hand-painted branches seamlessly connected creating a natural work of art. No two pieces are ever alike, ensuring that each fixture is a one-of-a-kind addition to any space. Integrated dimmable LED light source."
12086-042,"Rich handcrafted glass with intricate detail and unique design. Hand-painted branches seamlessly connected creating a natural work of art. No two pieces are ever alike, ensuring that each fixture is a one-of-a-kind addition to any space. Integrated dimmable LED light source."
12087-03,"Rich handcrafted glass with intricate detail and unique design. Hand-painted branches seamlessly connected creating a natural work of art. No two pieces are ever alike, ensuring that each fixture is a one-of-a-kind addition to any space. Integrated dimmable LED light source."
12087-042,"Rich handcrafted glass with intricate detail and unique design. Hand-painted branches seamlessly connected creating a natural work of art. No two pieces are ever alike, ensuring that each fixture is a one-of-a-kind addition to any space. Integrated dimmable LED light source."
12088-03,"Rich handcrafted glass with intricate detail and unique design. Hand-painted branches seamlessly connected creating a natural work of art. No two pieces are ever alike, ensuring that each fixture is a one-of-a-kind addition to any space. Integrated dimmable LED light source."
12088-042,"Rich handcrafted glass with intricate detail and unique design. Hand-painted branches seamlessly connected creating a natural work of art. No two pieces are ever alike, ensuring that each fixture is a one-of-a-kind addition to any space. Integrated dimmable LED light source."
12089-03,"Rich handcrafted glass with intricate detail and unique design. Hand-painted branches seamlessly connected creating a natural work of art. No two pieces are ever alike, ensuring that each fixture is a one-of-a-kind addition to any space. Integrated dimmable LED light source."
12089-042,"Rich handcrafted glass with intricate detail and unique design. Hand-painted branches seamlessly connected creating a natural work of art. No two pieces are ever alike, ensuring that each fixture is a one-of-a-kind addition to any space. Integrated dimmable LED light source."
12101-014,Unique metal cage in 2 finishes - brushed gunmetal and brushed gold. Large circular hand-molded glass with intricate ocean-like waves. Marrying form and function to create a captivating design. Integrated dimmable LED light source.
12101-032,Unique metal cage in 2 finishes - brushed gunmetal and brushed gold. Large circular hand-molded glass with intricate ocean-like waves. Marrying form and function to create a captivating design. Integrated dimmable LED light source.
12102-014,Unique metal cage in 2 finishes - brushed gunmetal and brushed gold. Large circular hand-molded glass with intricate ocean-like waves. Marrying form and function to create a captivating design. Integrated dimmable LED light source.
12102-032,Unique metal cage in 2 finishes - brushed gunmetal and brushed gold. Large circular hand-molded glass with intricate ocean-like waves. Marrying form and function to create a captivating design. Integrated dimmable LED light source.
12103-02,"Unique and sophisticated look with handcrafted glass teardrop at the base of a metallic circle and tubes. Available in matte black, plated brushed gold, or a combination of both finishes. Adjustable to accommodate any space with easy height strain reliefs. Integrated dimmable LED light source."
12103-07,"Unique and sophisticated look with handcrafted glass teardrop at the base of a metallic circle and tubes. Available in matte black, plated brushed gold, or a combination of both finishes. Adjustable to accommodate any space with easy height strain reliefs. Integrated dimmable LED light source."
12104-02,"Unique and sophisticated look with handcrafted glass teardrop at the base of a metallic circle and tubes. Available in matte black, plated brushed gold, or a combination of both finishes. Adjustable to accommodate any space with easy height strain reliefs. Integrated dimmable LED light source."
12104-023,"Unique and sophisticated look with handcrafted glass teardrop at the base of a metallic circle and tubes. Available in matte black, plated brushed gold, or a combination of both finishes. Adjustable to accommodate any space with easy height strain reliefs. Integrated dimmable LED light source."
12104-07,"Unique and sophisticated look with handcrafted glass teardrop at the base of a metallic circle and tubes. Available in matte black, plated brushed gold, or a combination of both finishes. Adjustable to accommodate any space with easy height strain reliefs. Integrated dimmable LED light source."
12105-02,"Unique and sophisticated look with handcrafted glass teardrop and metallic tubes. Available in matte black, plated brushed gold, or a combination of both finishes. Adjustable to accommodate any space with easy height strain reliefs. Integrated dimmable LED light source."
12105-023,"Unique and sophisticated look with handcrafted glass teardrop at the base of a metallic circle and tubes. Available in matte black, plated brushed gold, or a combination of both finishes. Adjustable to accommodate any space with easy height strain reliefs. Integrated dimmable LED light source."
12105-07,"Unique and sophisticated look with handcrafted glass teardrop at the base of a metallic circle and tubes. Available in matte black, plated brushed gold, or a combination of both finishes. Adjustable to accommodate any space with easy height strain reliefs. Integrated dimmable LED light source."
12106-02,"Unique and sophisticated look with handcrafted glass teardrop at the base of a metallic circle and tubes. Available in matte black, plated brushed gold, or a combination of both finishes. Adjustable to accommodate any space with easy height strain reliefs. Integrated dimmable LED light source."
12106-023,"Unique and sophisticated look with handcrafted glass teardrop at the base of a metallic circle and tubes. Available in matte black, plated brushed gold, or a combination of both finishes. Adjustable to accommodate any space with easy height strain reliefs. Integrated dimmable LED light source."
12106-07,"Unique and sophisticated look with handcrafted glass teardrop at the base of a metallic circle and tubes. Available in matte black, plated brushed gold, or a combination of both finishes. Adjustable to accommodate any space with easy height strain reliefs. Integrated dimmable LED light source."
12107-02,"Unique and sophisticated look with handcrafted glass teardrop at the base of a metallic circle and tubes. Available in matte black, plated brushed gold, or a combination of both finishes. Adjustable to accommodate any space with easy height strain reliefs. Integrated dimmable LED light source."
12107-023,"Unique and sophisticated look with handcrafted glass teardrop at the base of a metallic circle and tubes. Available in matte black, plated brushed gold, or a combination of both finishes. Adjustable to accommodate any space with easy height strain reliefs. Integrated dimmable LED light source."
12107-07,"Unique and sophisticated look with handcrafted glass teardrop at the base of a metallic circle and tubes. Available in matte black, plated brushed gold, or a combination of both finishes. Adjustable to accommodate any space with easy height strain reliefs. Integrated dimmable LED light source."
12108-02,"Unique and sophisticated look with handcrafted glass teardrop at the base of a metallic circle and tubes. Available in matte black, plated brushed gold, or a combination of both finishes. Adjustable to accommodate any space with easy height strain reliefs. Integrated dimmable LED light source."
12108-023,"Unique and sophisticated look with handcrafted glass teardrop at the base of a metallic circle and tubes. Available in matte black, plated brushed gold, or a combination of both finishes. Adjustable to accommodate any space with easy height strain reliefs. Integrated dimmable LED light source."
12108-07,"Unique and sophisticated look with handcrafted glass teardrop at the base of a metallic circle and tubes. Available in matte black, plated brushed gold, or a combination of both finishes. Adjustable to accommodate any space with easy height strain reliefs. Integrated dimmable LED light source."
12109-02,"Unique and sophisticated look with handcrafted etched glass spheres and metallic tubes. Available in matte black, plated brushed gold, or a combination of both finishes. Adjustable to accommodate any space with easy height strain reliefs. Integrated dimmable LED light source."
12109-07,"Unique and sophisticated look with handcrafted etched glass spheres and metallic tubes. Available in matte black, plated brushed gold, or a combination of both finishes. Adjustable to accommodate any space with easy height strain reliefs. Integrated dimmable LED light source."
12110-02,"Unique and sophisticated look with handcrafted etched glass spheres and metallic tubes. Available in matte black, plated brushed gold, or a combination of both finishes. Adjustable to accommodate any space with easy height strain reliefs. Integrated dimmable LED light source."
12110-023,"Unique and sophisticated look with handcrafted etched glass spheres and metallic tubes. Available in matte black, plated brushed gold, or a combination of both finishes. Adjustable to accommodate any space with easy height strain reliefs. Integrated dimmable LED light source."
12110-07,"Unique and sophisticated look with handcrafted etched glass spheres and metallic tubes. Available in matte black, plated brushed gold, or a combination of both finishes. Adjustable to accommodate any space with easy height strain reliefs. Integrated dimmable LED light source."
12111-02,"Unique and sophisticated look with handcrafted etched glass spheres and metallic tubes. Available in matte black, plated brushed gold, or a combination of both finishes. Adjustable to accommodate any space with easy height strain reliefs. Integrated dimmable LED light source."
12111-023,"Unique and sophisticated look with handcrafted etched glass spheres and metallic tubes. Available in matte black, plated brushed gold, or a combination of both finishes. Adjustable to accommodate any space with easy height strain reliefs. Integrated dimmable LED light source."
12111-07,"Unique and sophisticated look with handcrafted etched glass spheres and metallic tubes. Available in matte black, plated brushed gold, or a combination of both finishes. Adjustable to accommodate any space with easy height strain reliefs. Integrated dimmable LED light source."
12112-02,"Unique and sophisticated look with handcrafted etched glass spheres and metallic tubes. Available in matte black, plated brushed gold, or a combination of both finishes. Adjustable to accommodate any space with easy height strain reliefs. Integrated dimmable LED light source."
12112-023,"Unique and sophisticated look with handcrafted etched glass spheres and metallic tubes. Available in matte black, plated brushed gold, or a combination of both finishes. Adjustable to accommodate any space with easy height strain reliefs. Integrated dimmable LED light source."
12112-07,"Unique and sophisticated look with handcrafted etched glass spheres and metallic tubes. Available in matte black, plated brushed gold, or a combination of both finishes. Adjustable to accommodate any space with easy height strain reliefs. Integrated dimmable LED light source."
12113-02,"Unique and sophisticated look with handcrafted etched glass spheres and metallic tubes. Available in matte black, plated brushed gold, or a combination of both finishes. Adjustable to accommodate any space with easy height strain reliefs. Integrated dimmable LED light source."
12113-023,"Unique and sophisticated look with handcrafted etched glass spheres and metallic tubes. Available in matte black, plated brushed gold, or a combination of both finishes. Adjustable to accommodate any space with easy height strain reliefs. Integrated dimmable LED light source."
12113-07,"Unique and sophisticated look with handcrafted etched glass spheres and metallic tubes. Available in matte black, plated brushed gold, or a combination of both finishes. Adjustable to accommodate any space with easy height strain reliefs. Integrated dimmable LED light source."
12114-017,"Piastra glass carefully sculpted into clear, amber, and smoke glass options. Unique design allows customized capabilities to fit any space, bringing a touch of nature’s beauty indoors. Soft curves against the shimmering light create a subtle yet eye-catching statement piece that will instantly elevate your decor. Chrome canopy finish with extension rods included. Integrated dimmable LED light source."
12114-018,"Piastra glass carefully sculpted into clear, amber, and smoke glass options. Unique design allows customized capabilities to fit any space, bringing a touch of nature’s beauty indoors. Soft curves against the shimmering light create a subtle yet eye-catching statement piece that will instantly elevate your decor. Chrome canopy finish with extension rods included. Integrated dimmable LED light source."
12114-019,"Piastra glass carefully sculpted into clear, amber, and smoke glass options. Unique design allows customized capabilities to fit any space, bringing a touch of nature’s beauty indoors. Soft curves against the shimmering light create a subtle yet eye-catching statement piece that will instantly elevate your decor. Chrome canopy finish with extension rods included. Integrated dimmable LED light source."
12115-017,"Piastra glass carefully sculpted into clear, amber, and smoke glass options. Unique design allows customized capabilities to fit any space, bringing a touch of nature’s beauty indoors. Soft curves against the shimmering light create a subtle yet eye-catching statement piece that will instantly elevate your decor. Chrome canopy finish with extension rods included. Integrated dimmable LED light source."
12115-018,"Piastra glass carefully sculpted into clear, amber, and smoke glass options. Unique design allows customized capabilities to fit any space, bringing a touch of nature’s beauty indoors. Soft curves against the shimmering light create a subtle yet eye-catching statement piece that will instantly elevate your decor. Chrome canopy finish with extension rods included. Integrated dimmable LED light source."
12115-019,"Piastra glass carefully sculpted into clear, amber, and smoke glass options. Unique design allows customized capabilities to fit any space, bringing a touch of nature’s beauty indoors. Soft curves against the shimmering light create a subtle yet eye-catching statement piece that will instantly elevate your decor. Chrome canopy finish with extension rods included. Integrated dimmable LED light source."
12115-023,"Piastra glass carefully sculpted into clear, amber, and smoke glass options. Unique design allows customized capabilities to fit any space, bringing a touch of nature’s beauty indoors. Soft curves against the shimmering light create a subtle yet eye-catching statement piece that will instantly elevate your decor. Chrome canopy finish with extension rods included. Integrated dimmable LED light source."
12116-017,"Piastra glass carefully sculpted into clear, amber, and smoke glass options. Unique design allows customized capabilities to fit any space, bringing a touch of nature’s beauty indoors. Soft curves against the shimmering light create a subtle yet eye-catching statement piece that will instantly elevate your decor. Chrome canopy finish with extension rods included. Integrated dimmable LED light source."
12116-018,"Piastra glass carefully sculpted into clear, amber, and smoke glass options. Unique design allows customized capabilities to fit any space, bringing a touch of nature’s beauty indoors. Soft curves against the shimmering light create a subtle yet eye-catching statement piece that will instantly elevate your decor. Chrome canopy finish with extension rods included. Integrated dimmable LED light source."
12116-019,"Piastra glass carefully sculpted into clear, amber, and smoke glass options. Unique design allows customized capabilities to fit any space, bringing a touch of nature’s beauty indoors. Soft curves against the shimmering light create a subtle yet eye-catching statement piece that will instantly elevate your decor. Chrome canopy finish with extension rods included."
12116-023,"Piastra glass carefully sculpted into clear, amber, and smoke glass options. Unique design allows customized capabilities to fit any space, bringing a touch of nature’s beauty indoors. Soft curves against the shimmering light create a subtle yet eye-catching statement piece that will instantly elevate your decor. Chrome canopy finish with extension rods included. Integrated dimmable LED light source."
12117-017,"Piastra glass carefully sculpted into clear, amber, and smoke glass options. Unique design allows customized capabilities to fit any space, bringing a touch of nature’s beauty indoors. Soft curves against the shimmering light create a subtle yet eye-catching statement piece that will instantly elevate your decor. Chrome canopy finish with extension rods included. Integrated dimmable LED light source."
12117-018,"Piastra glass carefully sculpted into clear, amber, and smoke glass options. Unique design allows customized capabilities to fit any space, bringing a touch of nature’s beauty indoors. Soft curves against the shimmering light create a subtle yet eye-catching statement piece that will instantly elevate your decor. Chrome canopy finish with extension rods included. Integrated dimmable LED light source."
12117-019,"Piastra glass carefully sculpted into clear, amber, and smoke glass options. Unique design allows customized capabilities to fit any space, bringing a touch of nature’s beauty indoors. Soft curves against the shimmering light create a subtle yet eye-catching statement piece that will instantly elevate your decor. Chrome canopy finish with extension rods included."
12118-017,"Piastra glass carefully sculpted into clear, amber, and smoke glass options. Unique design allows customized capabilities to fit any space, bringing a touch of nature’s beauty indoors. Soft curves against the shimmering light create a subtle yet eye-catching statement piece that will instantly elevate your decor. Chrome canopy finish with extension rods included. Integrated dimmable LED light source."
12118-018,"Piastra glass carefully sculpted into clear, amber, and smoke glass options. Unique design allows customized capabilities to fit any space, bringing a touch of nature’s beauty indoors. Soft curves against the shimmering light create a subtle yet eye-catching statement piece that will instantly elevate your decor. Chrome canopy finish with extension rods included. Integrated dimmable LED light source."
12118-019,"Piastra glass carefully sculpted into clear, amber, and smoke glass options. Unique design allows customized capabilities to fit any space, bringing a touch of nature’s beauty indoors. Soft curves against the shimmering light create a subtle yet eye-catching statement piece that will instantly elevate your decor. Chrome canopy finish with extension rods included. Integrated dimmable LED light source."
12118-027,"Piastra glass carefully sculpted into clear, amber, and smoke glass options. Unique design allows customized capabilities to fit any space, bringing a touch of nature’s beauty indoors. Soft curves against the shimmering light create a subtle yet eye-catching statement piece that will instantly elevate your decor. Chrome canopy finish with extension rods included. Integrated dimmable LED light source."
12118-033,"Piastra glass carefully sculpted into clear, amber, and smoke glass options. Unique design allows customized capabilities to fit any space, bringing a touch of nature’s beauty indoors. Soft curves against the shimmering light create a subtle yet eye-catching statement piece that will instantly elevate your decor. Chrome canopy finish with extension rods included. Integrated dimmable LED light source."
12118-034,"Piastra glass carefully sculpted into clear, amber, and smoke glass options. Unique design allows customized capabilities to fit any space, bringing a touch of nature’s beauty indoors. Soft curves against the shimmering light create a subtle yet eye-catching statement piece that will instantly elevate your decor. Chrome canopy finish with extension rods included. Integrated dimmable LED light source."
12119-02,Captivating alabaster stone ovoids gracefully illuminating from within. A beautiful array of different level ovoids creates a touch of elegance to any room. The choice of matte black or antique brass accent adds a sophistication to this galmorous fixture. Adjustable to accommodate any space with easy height strain reliefs. Integrated dimmable LED light source.
12119-030,Captivating alabaster stone ovoids gracefully illuminating from within. A beautiful array of different level ovoids creates a touch of elegance to any room. The choice of matte black or antique brass accent adds a sophistication to this galmorous fixture. Adjustable to accommodate any space with easy height strain reliefs. Integrated dimmable LED light source.
12120-02,Captivating alabaster stone ovoids gracefully illuminating from within. A beautiful array of different level ovoids creates a touch of elegance to any room. The choice of matte black or antique brass accent adds a sophistication to this galmorous fixture. Adjustable to accommodate any space with easy height strain reliefs. Integrated dimmable LED light source.
12120-030,Captivating alabaster stone ovoids gracefully illuminating from within. A beautiful array of different level ovoids creates a touch of elegance to any room. The choice of matte black or antique brass accent adds a sophistication to this galmorous fixture. Adjustable to accommodate any space with easy height strain reliefs. Integrated dimmable LED light source.
12121-02,Captivating alabaster stone ovoids gracefully illuminating from within. A beautiful array of different level ovoids creates a touch of elegance to any room. The choice of matte black or antique brass accent adds a sophistication to this galmorous fixture. Adjustable to accommodate any space with easy height strain reliefs. Integrated dimmable LED light source.
12121-030,Captivating alabaster stone ovoids illuminating from within. A beautiful array of different level ovoids creates a touch of elegance to any room. The antique brass accent adds a sophistication to this galmorous fixture. Adjustable to accommodate any space with easy height strain reliefs. Integrated dimmable LED light source.
12122-02,Captivating alabaster stone ovoids gracefully illuminating from within. A beautiful array of different level ovoids creates a touch of elegance to any room. The choice of matte black or antique brass accent adds a sophistication to this galmorous fixture. Adjustable to accommodate any space with easy height strain reliefs. Integrated dimmable LED light source.
12122-030,Captivating alabaster stone ovoids gracefully illuminating from within. A beautiful array of different level ovoids creates a touch of elegance to any room. The choice of matte black or antique brass accent adds a sophistication to this galmorous fixture. Adjustable to accommodate any space with easy height strain reliefs. Integrated dimmable LED light source.
12123-02,Captivating alabaster stone ovoids gracefully illuminating from within. A beautiful array of different level ovoids creates a touch of elegance to any room. The choice of matte black or antique brass accent adds a sophistication to this galmorous fixture. Adjustable to accommodate any space with easy height strain reliefs. Integrated dimmable LED light source.
12123-030,Captivating alabaster stone ovoids gracefully illuminating from within. A beautiful array of different level ovoids creates a touch of elegance to any room. The choice of matte black or antique brass accent adds a sophistication to this galmorous fixture. Adjustable to accommodate any space with easy height strain reliefs. Integrated dimmable LED light source.
12124-02,Captivating alabaster stone ovoids gracefully illuminating from within. A beautiful array of different level ovoids creates a touch of elegance to any room. The choice of matte black or antique brass accent adds a sophistication to this galmorous fixture. Adjustable to accommodate any space with easy height strain reliefs. Integrated dimmable LED light source.
12124-030,Captivating alabaster stone ovoids gracefully illuminating from within. A beautiful array of different level ovoids creates a touch of elegance to any room. The choice of matte black or antique brass accent adds a sophistication to this galmorous fixture. Adjustable to accommodate any space with easy height strain reliefs. Integrated dimmable LED light source.
12125-02,Captivating alabaster stone ovoids gracefully illuminating from within. A beautiful array of different level ovoids creates a touch of elegance to any room. The choice of matte black or antique brass accent adds a sophistication to this galmorous fixture. Adjustable to accommodate any space with easy height strain reliefs. Integrated dimmable LED light source.
12125-030,Captivating alabaster stone ovoids gracefully illuminating from within. A beautiful array of different level ovoids creates a touch of elegance to any room. The choice of matte black or antique brass accent adds a sophistication to this galmorous fixture. Adjustable to accommodate any space with easy height strain reliefs. Integrated dimmable LED light source.
12126-02,Captivating alabaster stone ovoids gracefully illuminating from within. A beautiful array of different level ovoids creates a touch of elegance to any room. The choice of matte black or antique brass accent adds a sophistication to this galmorous fixture. Adjustable to accommodate any space with easy height strain reliefs. Integrated dimmable LED light source.
12126-030,Captivating alabaster stone ovoids gracefully illuminating from within. A beautiful array of different level ovoids creates a touch of elegance to any room. The choice of matte black or antique brass accent adds a sophistication to this galmorous fixture. Adjustable to accommodate any space with easy height strain reliefs. Integrated dimmable LED light source.
12135-02,Exquisite alabaster stone ovals illuminating from within and finished at the base with a magnificent gold rim to add a finished touch of elegance. A charming array of different level ovals creates a touch of elegance to any room. The antique brass accent adds a sophistication to this galmorous fixture. Adjustable to accommodate any space with easy height strain reliefs. Integrated dimmable LED light source.
12135-030,Exquisite alabaster stone ovals illuminating from within and finished at the base with a magnificent gold rim to add a finished touch of elegance. A charming array of different level ovals creates a touch of elegance to any room. The antique brass accent adds a sophistication to this galmorous fixture. Adjustable to accommodate any space with easy height strain reliefs. Integrated dimmable LED light source.
12136-02,Exquisite alabaster stone ovals illuminating from within and finished at the base with a magnificent gold rim to add a finished touch of elegance. A charming array of different level ovals creates a touch of elegance to any room. The antique brass accent adds a sophistication to this galmorous fixture. Adjustable to accommodate any space with easy height strain reliefs. Integrated dimmable LED light source.
12136-030,Exquisite alabaster stone ovals illuminating from within and finished at the base with a magnificent gold rim to add a finished touch of elegance. A charming array of different level ovals creates a touch of elegance to any room. The antique brass accent adds a sophistication to this galmorous fixture. Adjustable to accommodate any space with easy height strain reliefs. Integrated dimmable LED light source.
12137-02,Exquisite alabaster stone ovals illuminating from within and finished at the base with a magnificent gold rim to add a finished touch of elegance. A charming array of different level ovals creates a touch of elegance to any room. The antique brass accent adds a sophistication to this galmorous fixture. Adjustable to accommodate any space with easy height strain reliefs. Integrated dimmable LED light source.
12137-030,Exquisite alabaster stone ovals illuminating from within and finished at the base with a magnificent gold rim to add a finished touch of elegance. A charming array of different level ovals creates a touch of elegance to any room. The antique brass accent adds a sophistication to this galmorous fixture. Adjustable to accommodate any space with easy height strain reliefs. Integrated dimmable LED light source.
12138-02,Exquisite alabaster stone ovals illuminating from within and finished at the base with a magnificent gold rim to add a finished touch of elegance. A charming array of different level ovals creates a touch of elegance to any room. The antique brass accent adds a sophistication to this galmorous fixture. Adjustable to accommodate any space with easy height strain reliefs. Integrated dimmable LED light source.
12138-030,Exquisite alabaster stone ovals illuminating from within and finished at the base with a magnificent gold rim to add a finished touch of elegance. A charming array of different level ovals creates a touch of elegance to any room. The antique brass accent adds a sophistication to this galmorous fixture. Adjustable to accommodate any space with easy height strain reliefs. Integrated dimmable LED light source.
12139-02,Exquisite alabaster stone ovals illuminating from within and finished at the base with a magnificent gold rim to add a finished touch of elegance. A charming array of different level ovals creates a touch of elegance to any room. The antique brass accent adds a sophistication to this galmorous fixture. Adjustable to accommodate any space with easy height strain reliefs. Integrated dimmable LED light source.
12139-030,Exquisite alabaster stone ovals illuminating from within and finished at the base with a magnificent gold rim to add a finished touch of elegance. A charming array of different level ovals creates a touch of elegance to any room. The antique brass accent adds a sophistication to this galmorous fixture. Adjustable to accommodate any space with easy height strain reliefs. Integrated dimmable LED light source.
12140-02,Exquisite alabaster stone ovals illuminating from within and finished at the base with a magnificent gold rim to add a finished touch of elegance. A charming array of different level ovals creates a touch of elegance to any room. The antique brass accent adds a sophistication to this galmorous fixture. Adjustable to accommodate any space with easy height strain reliefs. Integrated dimmable LED light source.
12140-030,Exquisite alabaster stone ovals illuminating from within and finished at the base with a magnificent gold rim to add a finished touch of elegance. A charming array of different level ovals creates a touch of elegance to any room. The antique brass accent adds a sophistication to this galmorous fixture. Adjustable to accommodate any space with easy height strain reliefs. Integrated dimmable LED light source.
12141-02,Exquisite alabaster stone ovals illuminating from within and finished at the base with a magnificent gold rim to add a finished touch of elegance. A charming array of different level ovals creates a touch of elegance to any room. The antique brass accent adds a sophistication to this galmorous fixture. Adjustable to accommodate any space with easy height strain reliefs. Integrated dimmable LED light source.
12141-030,Exquisite alabaster stone ovals illuminating from within and finished at the base with a magnificent gold rim to add a finished touch of elegance. A charming array of different level ovals creates a touch of elegance to any room. The antique brass accent adds a sophistication to this galmorous fixture. Adjustable to accommodate any space with easy height strain reliefs. Integrated dimmable LED light source.
12142-02,Exquisite alabaster stone ovals illuminating from within and finished at the base with a magnificent gold rim to add a finished touch of elegance. A charming array of different level ovals creates a touch of elegance to any room. The antique brass accent adds a sophistication to this galmorous fixture. Adjustable to accommodate any space with easy height strain reliefs. Integrated dimmable LED light source.
12142-030,Exquisite alabaster stone ovals illuminating from within and finished at the base with a magnificent gold rim to add a finished touch of elegance. A charming array of different level ovals creates a touch of elegance to any room. The antique brass accent adds a sophistication to this galmorous fixture. Adjustable to accommodate any space with easy height strain reliefs. Integrated dimmable LED light source.
12146-02,"Unique and sophisticated look with handcrafted etched glass spheres and metallic tubes. Available in matte black, plated brushed gold, or a combination of both finishes. Adjustable to accommodate any space with easy height strain reliefs. Integrated dimmable LED light source."
12146-023,"Unique and sophisticated look with handcrafted etched glass spheres and metallic tubes. Available in matte black, plated brushed gold, or a combination of both finishes. Adjustable to accommodate any space with easy height strain reliefs. Integrated dimmable LED light source."
12146-07,"Unique and sophisticated look with handcrafted etched glass spheres and metallic tubes. Available in matte black, plated brushed gold, or a combination of both finishes. Adjustable to accommodate any space with easy height strain reliefs. Integrated dimmable LED light source."
12164-040,"One of a kind Nettuno collection captures art in motion, inspired by ocean waves. Radiant light emanating from within a modern inspired metal ""basket"" ring. Crafted with stunning finishes that enhance and complement any interior setting. Integrated dimmable LED light source."
12164-041,"One of a kind Nettuno collection captures art in motion, inspired by ocean waves. Radiant light emanating from within a modern inspired metal ""basket"" ring. Crafted with stunning finishes that enhance and complement any interior setting. Integrated dimmable LED light source."
12165-040,"One of a kind Nettuno collection captures art in motion, inspired by ocean waves. Radiant light emanating from within a modern inspired metal ""basket"" ring. Crafted with stunning finishes that enhance and complement any interior setting. Integrated dimmable LED light source."
12165-041,"One of a kind Nettuno collection captures art in motion, inspired by ocean waves. Radiant light emanating from within a modern inspired metal ""basket"" ring. Crafted with stunning finishes that enhance and complement any interior setting. Integrated dimmable LED light source."
12166-017-01,"Piastra glass carefully sculpted into clear, amber, and smoke glass options; in addition, hand-forged metal leaves provide a mesmerizing, cascading effect to any space. Unique design allows customized capabilities to fit any space, bringing a touch of nature’s beauty indoors. Soft curves against the shimmering light create a subtle yet eye-catching statement piece that will instantly elevate your decor. Elegant canopy finish featuring easy height adjustment strain reliefs. Dimmable G4 LED bulbs included."
12166-017-02,"Piastra glass carefully sculpted into clear, amber, and smoke glass options; in addition, hand-forged metal leaves provide a mesmerizing, cascading effect to any space. Unique design allows customized capabilities to fit any space, bringing a touch of nature’s beauty indoors. Soft curves against the shimmering light create a subtle yet eye-catching statement piece that will instantly elevate your decor. Elegant canopy finish featuring easy height adjustment strain reliefs. Dimmable G4 LED bulbs included."
12166-017-07,"Piastra glass carefully sculpted into clear, amber, and smoke glass options; in addition, hand-forged metal leaves provide a mesmerizing, cascading effect to any space. Unique design allows customized capabilities to fit any space, bringing a touch of nature’s beauty indoors. Soft curves against the shimmering light create a subtle yet eye-catching statement piece that will instantly elevate your decor. Elegant canopy finish featuring easy height adjustment strain reliefs. Dimmable G4 LED bulbs included."
12166-018-01,"Piastra glass carefully sculpted into clear, amber, and smoke glass options; in addition, hand-forged metal leaves provide a mesmerizing, cascading effect to any space. Unique design allows customized capabilities to fit any space, bringing a touch of nature’s beauty indoors. Soft curves against the shimmering light create a subtle yet eye-catching statement piece that will instantly elevate your decor. Elegant canopy finish featuring easy height adjustment strain reliefs. Dimmable G4 LED bulbs included."
12166-018-02,"Piastra glass carefully sculpted into clear, amber, and smoke glass options; in addition, hand-forged metal leaves provide a mesmerizing, cascading effect to any space. Unique design allows customized capabilities to fit any space, bringing a touch of nature’s beauty indoors. Soft curves against the shimmering light create a subtle yet eye-catching statement piece that will instantly elevate your decor. Elegant canopy finish featuring easy height adjustment strain reliefs. Dimmable G4 LED bulbs included."
12166-018-07,"Piastra glass carefully sculpted into clear, amber, and smoke glass options; in addition, hand-forged metal leaves provide a mesmerizing, cascading effect to any space. Unique design allows customized capabilities to fit any space, bringing a touch of nature’s beauty indoors. Soft curves against the shimmering light create a subtle yet eye-catching statement piece that will instantly elevate your decor. Elegant canopy finish featuring easy height adjustment strain reliefs. Dimmable G4 LED bulbs included."
12166-019-01,"Piastra glass carefully sculpted into clear, amber, and smoke glass options; in addition, hand-forged metal leaves provide a mesmerizing, cascading effect to any space. Unique design allows customized capabilities to fit any space, bringing a touch of nature’s beauty indoors. Soft curves against the shimmering light create a subtle yet eye-catching statement piece that will instantly elevate your decor. Elegant canopy finish featuring easy height adjustment strain reliefs. Dimmable G4 LED bulbs included."
12166-019-02,"Piastra glass carefully sculpted into clear, amber, and smoke glass options; in addition, hand-forged metal leaves provide a mesmerizing, cascading effect to any space. Unique design allows customized capabilities to fit any space, bringing a touch of nature’s beauty indoors. Soft curves against the shimmering light create a subtle yet eye-catching statement piece that will instantly elevate your decor. Elegant canopy finish featuring easy height adjustment strain reliefs. Dimmable G4 LED bulbs included."
12166-019-07,"Piastra glass carefully sculpted into clear, amber, and smoke glass options; in addition, hand-forged metal leaves provide a mesmerizing, cascading effect to any space. Unique design allows customized capabilities to fit any space, bringing a touch of nature’s beauty indoors. Soft curves against the shimmering light create a subtle yet eye-catching statement piece that will instantly elevate your decor. Elegant canopy finish featuring easy height adjustment strain reliefs. Dimmable G4 LED bulbs included."
12166-020-01,"Piastra glass carefully sculpted into clear, amber, and smoke glass options; in addition, hand-forged metal leaves provide a mesmerizing, cascading effect to any space. Unique design allows customized capabilities to fit any space, bringing a touch of nature’s beauty indoors. Soft curves against the shimmering light create a subtle yet eye-catching statement piece that will instantly elevate your decor. Elegant canopy finish featuring easy height adjustment strain reliefs. Dimmable G4 LED bulbs included."
12166-020-02,"Piastra glass carefully sculpted into clear, amber, and smoke glass options; in addition, hand-forged metal leaves provide a mesmerizing, cascading effect to any space. Unique design allows customized capabilities to fit any space, bringing a touch of nature’s beauty indoors. Soft curves against the shimmering light create a subtle yet eye-catching statement piece that will instantly elevate your decor. Elegant canopy finish featuring easy height adjustment strain reliefs. Dimmable G4 LED bulbs included."
12166-020-07,"Piastra glass carefully sculpted into clear, amber, and smoke glass options; in addition, hand-forged metal leaves provide a mesmerizing, cascading effect to any space. Unique design allows customized capabilities to fit any space, bringing a touch of nature’s beauty indoors. Soft curves against the shimmering light create a subtle yet eye-catching statement piece that will instantly elevate your decor. Elegant canopy finish featuring easy height adjustment strain reliefs. Dimmable G4 LED bulbs included."
12168-01,"Elegant handcrafted glass with petal like detail and unique design. Intricate details of beauty creating a natural work of art that casts an inviting glow to any room. No two pieces are ever alike, ensuring that each fixture is a one-of-a-kind addition to any space."
12168-037,"Elegant handcrafted glass with petal like detail and unique design. Intricate details of beauty creating a natural work of art that casts an inviting glow to any room. No two pieces are ever alike, ensuring that each fixture is a one-of-a-kind addition to any space."
12168-039,"Elegant handcrafted glass with petal like detail and unique design. Intricate details of beauty creating a natural work of art that casts an inviting glow to any room. No two pieces are ever alike, ensuring that each fixture is a one-of-a-kind addition to any space."
12169-01,"Elegant handcrafted glass with petal like detail and unique design. Intricate details of beauty creating a natural work of art that casts an inviting glow to any room. No two pieces are ever alike, ensuring that each fixture is a one-of-a-kind addition to any space."
12169-037,"Elegant handcrafted glass with petal like detail and unique design. Intricate details of beauty creating a natural work of art that casts an inviting glow to any room. No two pieces are ever alike, ensuring that each fixture is a one-of-a-kind addition to any space."
12169-039,"Elegant handcrafted glass with petal like detail and unique design. Intricate details of beauty creating a natural work of art that casts an inviting glow to any room. No two pieces are ever alike, ensuring that each fixture is a one-of-a-kind addition to any space."
12174-040,"One of a kind Nettuno collection captures art in motion, inspired by ocean waves. Radiant light emanating from within a modern inspired metal ""basket"" ring. Crafted with stunning finishes that enhance and complement any interior setting. Integrated dimmable LED light source."
12174-041,"One of a kind Nettuno collection captures art in motion, inspired by ocean waves. Radiant light emanating from within a modern inspired metal ""basket"" ring. Crafted with stunning finishes that enhance and complement any interior setting. Integrated dimmable LED light source."
12175-040,"One of a kind Nettuno collection captures art in motion, inspired by ocean waves. Radiant light emanating from within a modern inspired metal ""basket"" ring. Crafted with stunning finishes that enhance and complement any interior setting. Integrated dimmable LED light source."
12175-041,"One of a kind Nettuno collection captures art in motion, inspired by ocean waves. Radiant light emanating from within a modern inspired metal ""basket"" ring. Crafted with stunning finishes that enhance and complement any interior setting. Integrated dimmable LED light source."
12176-01,"Hand blown glass droplets cascading in various lengths. Braided ropes, each adorned with hand-stitched crystal formations. Meticulous attention to detail creates a captivating ambiance in any setting. Integrated dimmable LED light source. Extension tubes (12"", 24"", 48"") available. Maximum length 216"". Sold separately."
12176-02,"Hand blown glass droplets cascading in various lengths. Braided ropes, each adorned with hand-stitched crystal formations. Meticulous attention to detail creates a captivating ambiance in any setting. Integrated dimmable LED light source. Extension tubes (12"", 24"", 48"") available. Maximum length 216"". Sold separately."
12177-01,"Hand blown glass droplets cascading in various lengths. Braided ropes, each adorned with hand-stitched crystal formations. Meticulous attention to detail creates a captivating ambiance in any setting. Integrated dimmable LED light source. Extension tubes (12"", 24"", 48"") available. Maximum length 216"". Sold separately."
12177-02,"Hand blown glass droplets cascading in various lengths. Braided ropes, each adorned with hand-stitched crystal formations. Meticulous attention to detail creates a captivating ambiance in any setting. Integrated dimmable LED light source. Extension tubes (12"", 24"", 48"") available. Maximum length 216"". Sold separately."
12178-040,"Light emitted from the top frame subtly highlights the handcrafted glass elements with a sophisticated glow. Features angular, geometric glass forms suspended below the frame, creating a dynamic and visually striking composition. Glass components are expertly crafted from textured, pressed glass, highlighting their artisanal quality and distinctive character. The fixture's contemporary design emphasizes clean geometry and minimalism, offering a sophisticated and modern aesthetic. Integrated dimmable LED light source."
12178-041,"Light emitted from the top frame subtly highlights the handcrafted glass elements with a sophisticated glow. Features angular, geometric glass forms suspended below the frame, creating a dynamic and visually striking composition. Glass components are expertly crafted from textured, pressed glass, highlighting their artisanal quality and distinctive character. The fixture's contemporary design emphasizes clean geometry and minimalism, offering a sophisticated and modern aesthetic. Integrated dimmable LED light source."
12179-040,"Light emitted from the top frame subtly highlights the handcrafted glass elements with a sophisticated glow. Features angular, geometric glass forms suspended below the frame, creating a dynamic and visually striking composition. Glass components are expertly crafted from textured, pressed glass, highlighting their artisanal quality and distinctive character. The fixture's contemporary design emphasizes clean geometry and minimalism, offering a sophisticated and modern aesthetic. Integrated dimmable LED light source."
12179-041,"Light emitted from the top frame subtly highlights the handcrafted glass elements with a sophisticated glow. Features angular, geometric glass forms suspended below the frame, creating a dynamic and visually striking composition. Glass components are expertly crafted from textured, pressed glass, highlighting their artisanal quality and distinctive character. The fixture's contemporary design emphasizes clean geometry and minimalism, offering a sophisticated and modern aesthetic. Integrated dimmable LED light source."
12180-040,"Light emitted from the top frame subtly highlights the handcrafted glass elements with a sophisticated glow. Features angular, geometric glass forms suspended below the frame, creating a dynamic and visually striking composition. Glass components are expertly crafted from textured, pressed glass, highlighting their artisanal quality and distinctive character. The fixture's contemporary design emphasizes clean geometry and minimalism, offering a sophisticated and modern aesthetic. Integrated dimmable LED light source."
12180-041,"Light emitted from the top frame subtly highlights the handcrafted glass elements with a sophisticated glow. Features angular, geometric glass forms suspended below the frame, creating a dynamic and visually striking composition. Glass components are expertly crafted from textured, pressed glass, highlighting their artisanal quality and distinctive character. The fixture's contemporary design emphasizes clean geometry and minimalism, offering a sophisticated and modern aesthetic. Integrated dimmable LED light source."
12186-030,"The fixture showcases artisan-crafted, hand-blown glass elements, highlighting its unique, high-quality craftsmanship. Interior features an organic fabric that diffuses light beautifully, creating a warm and inviting glow. Its refined design embodies a chic European aesthetic, blending elegance with modern sophistication. Tubular inner light source emits a warm glow, enhancing the gold accents for a cozy atmosphere. Dimmable integrated LED light source."
12188-030,"The fixture showcases artisan-crafted, hand-blown glass elements, highlighting its unique, high-quality craftsmanship. The interior features an organic fabric that diffuses light beautifully, creating a warm and inviting glow. Its refined design embodies a chic European aesthetic, blending elegance with modern sophistication. Integrated dimmable LED light source."
12189-030,"The fixture showcases artisan-crafted, hand-blown glass elements, highlighting its unique, high-quality craftsmanship. The interior features an organic fabric that diffuses light beautifully, creating a warm and inviting glow. Its refined design embodies a chic European aesthetic, blending elegance with modern sophistication. Integrated dimmable LED light source."
12194-042,"Rectangular light fixture features striking circular cutouts that create a bold, modern design while allowing light to shine through in a dynamic pattern. Each circular cutout is internally illuminated, casting a soft, ambient glow that highlights the fixture’s design and creates a captivating visual effect. Features skilled metal craftsmanship with a hand-brushed finish, adding refined texture and a unique, elegant touch. The modern design brings a fresh, contemporary look to any space, effortlessly enhancing the atmosphere with its clean lines. Integrated dimmable LED light source."
12195-042,"Rectangular light fixture features striking circular cutouts that create a bold, modern design while allowing light to shine through in a dynamic pattern. Each circular cutout is internally illuminated, casting a soft, ambient glow that highlights the fixture’s design and creates a captivating visual effect. Features skilled metal craftsmanship with a hand-brushed finish, adding refined texture and a unique, elegant touch. The modern design brings a fresh, contemporary look to any space, effortlessly enhancing the atmosphere with its clean lines. Integrated dimmable LED light source."
12196-043,"Handcrafted Piastra glass discs in rich cognac and clear tones create a luminous, artistic centerpiece. Each peice of glass is individually hand-pressed, ensuring no two pieces are ever the same. Integrated LED lighting within the glass discs offers a warm, radiant glow, seamlessly blending form and function. Soft, diffused light cascades through the glass, creating a mesmerizing interplay of texture and warmth. A gracefully organic-shaped frame adds a natural, sculptural elegance to the design."
12196-057,"Handcrafted Piastra glass discs in rich cognac and clear tones create a luminous, artistic centerpiece. Each peice of glass is individually hand-pressed, ensuring no two pieces are ever the same. Integrated LED lighting within the glass discs offers a warm, radiant glow, seamlessly blending form and function. Soft, diffused light cascades through the glass, creating a mesmerizing interplay of texture and warmth. A gracefully organic-shaped frame adds a natural, sculptural elegance to the design."
12198-022,"Features a stunning array of hand-blown glass pendants in amber, smoke, and clear tones, creating a dynamic and layered aesthetic. The tiered arrangement of glass pieces forms a striking, sculptural centerpiece ideal for all spaces. The textured glass diffuses light beautifully, providing a warm, ambient glow that enhances the space's atmosphere. Suitable for various settings such as dining rooms, entryways, and living spaces, enhancing both modern and classic interiors. Each glass piece is unique, contributing to a distinctive and exclusive lighting solution."
12200-022,"Features a stunning array of hand-blown glass pendants in amber, smoke, and clear tones, creating a dynamic and layered aesthetic. The tiered arrangement of glass pieces forms a striking, sculptural centerpiece ideal for all spaces. The textured glass diffuses light beautifully, providing a warm, ambient glow that enhances the space's atmosphere. Suitable for various settings such as dining rooms, entryways, and living spaces, enhancing both modern and classic interiors. Each glass piece is unique, contributing to a distinctive and exclusive lighting solution."
12201-022,"Features a stunning array of hand-blown glass pendants in amber, smoke, and clear tones, creating a dynamic and layered aesthetic. The tiered arrangement of glass pieces forms a striking, sculptural centerpiece ideal for all spaces. The textured glass diffuses light beautifully, providing a warm, ambient glow that enhances the space's atmosphere. Suitable for various settings such as dining rooms, entryways, and living spaces, enhancing both modern and classic interiors. Each glass piece is unique, contributing to a distinctive and exclusive lighting solution."
12202-022,"Features a stunning array of hand-blown glass pendants in amber, smoke, and clear tones, creating a dynamic and layered aesthetic. The tiered arrangement of glass pieces forms a striking, sculptural centerpiece ideal for all spaces. The textured glass diffuses light beautifully, providing a warm, ambient glow that enhances the space's atmosphere. Suitable for various settings such as dining rooms, entryways, and living spaces, enhancing both modern and classic interiors. Each glass piece is unique, contributing to a distinctive and exclusive lighting solution."
12203-022,"Features a stunning array of hand-blown glass pendants in amber, smoke, and clear tones, creating a dynamic and layered aesthetic. The tiered arrangement of glass pieces forms a striking, sculptural centerpiece ideal for all spaces. The textured glass diffuses light beautifully, providing a warm, ambient glow that enhances the space's atmosphere. Suitable for various settings such as dining rooms, entryways, and living spaces, enhancing both modern and classic interiors. Each glass piece is unique, contributing to a distinctive and exclusive lighting solution."
12204-01,"Elegant handcrafted glass with petal like detail and unique design. Intricate details of beauty creating a natural work of art that casts an inviting glow to any room. No two pieces are ever alike, ensuring that each fixture is a one-of-a-kind addition to any space."
12204-037,"Elegant handcrafted glass with petal like detail and unique design. Intricate details of beauty creating a natural work of art that casts an inviting glow to any room. No two pieces are ever alike, ensuring that each fixture is a one-of-a-kind addition to any space."
12204-039,"Elegant handcrafted glass with petal like detail and unique design. Intricate details of beauty creating a natural work of art that casts an inviting glow to any room. No two pieces are ever alike, ensuring that each fixture is a one-of-a-kind addition to any space."
12205-01,"Elegant handcrafted glass with petal like detail and unique design. Intricate details of beauty creating a natural work of art that casts an inviting glow to any room. No two pieces are ever alike, ensuring that each fixture is a one-of-a-kind addition to any space."
12205-037,"Elegant handcrafted glass with petal like detail and unique design. Intricate details of beauty creating a natural work of art that casts an inviting glow to any room. No two pieces are ever alike, ensuring that each fixture is a one-of-a-kind addition to any space."
12205-039,"Elegant handcrafted glass with petal like detail and unique design. Intricate details of beauty creating a natural work of art that casts an inviting glow to any room. No two pieces are ever alike, ensuring that each fixture is a one-of-a-kind addition to any space."
12214-01,"Abstract geometric design creates a bold and captivating visual impact, drawing attention and adding a dynamic, modern touch to any space. Exquisite hand-pulled crystal elements bring a unique, artisanal touch to the fixture, with each piece crafted with meticulous care to create a one-of-a-kind look. Mirrored finish of the stainless steel enhances the overall design, reflecting light and creating a striking contrast with the crystal, adding depth and brilliance to the piece. A modern contemporary aesthetic, blending artistic craftsmanship with cutting-edge style to enhance any space with sophisticated flair."
12214-037,"Abstract geometric design creates a bold and captivating visual impact, drawing attention and adding a dynamic, modern touch to any space. Exquisite hand-pulled crystal elements bring a unique, artisanal touch to the fixture, with each piece crafted with meticulous care to create a one-of-a-kind look. Mirrored finish of the stainless steel enhances the overall design, reflecting light and creating a striking contrast with the crystal, adding depth and brilliance to the piece. A modern contemporary aesthetic, blending artistic craftsmanship with cutting-edge style to enhance any space with sophisticated flair."
12215-01,"Abstract geometric design creates a bold and captivating visual impact, drawing attention and adding a dynamic, modern touch to any space. Exquisite hand-pulled crystal elements bring a unique, artisanal touch to the fixture, with each piece crafted with meticulous care to create a one-of-a-kind look. Mirrored finish of the stainless steel enhances the overall design, reflecting light and creating a striking contrast with the crystal, adding depth and brilliance to the piece. A modern contemporary aesthetic, blending artistic craftsmanship with cutting-edge style to enhance any space with sophisticated flair."
12215-037,"Abstract geometric design creates a bold and captivating visual impact, drawing attention and adding a dynamic, modern touch to any space. Exquisite hand-pulled crystal elements bring a unique, artisanal touch to the fixture, with each piece crafted with meticulous care to create a one-of-a-kind look. Mirrored finish of the stainless steel enhances the overall design, reflecting light and creating a striking contrast with the crystal, adding depth and brilliance to the piece. A modern contemporary aesthetic, blending artistic craftsmanship with cutting-edge style to enhance any space with sophisticated flair."
12219-017-01,"Piastra glass carefully sculpted into clear, amber, and smoke glass options; in addition, hand-forged metal leaves provide a mesmerizing, cascading effect to any space. Unique design allows customized capabilities to fit any space, bringing a touch of nature’s beauty indoors. Soft curves against the shimmering light create a subtle yet eye-catching statement piece that will instantly elevate your decor. Elegant canopy finish featuring easy height adjustment strain reliefs. Dimmable G4 LED bulbs included."
12219-017-02,"Piastra glass carefully sculpted into clear, amber, and smoke glass options; in addition, hand-forged metal leaves provide a mesmerizing, cascading effect to any space. Unique design allows customized capabilities to fit any space, bringing a touch of nature’s beauty indoors. Soft curves against the shimmering light create a subtle yet eye-catching statement piece that will instantly elevate your decor. Elegant canopy finish featuring easy height adjustment strain reliefs. Dimmable G4 LED bulbs included."
12219-017-07,"Piastra glass carefully sculpted into clear, amber, and smoke glass options; in addition, hand-forged metal leaves provide a mesmerizing, cascading effect to any space. Unique design allows customized capabilities to fit any space, bringing a touch of nature’s beauty indoors. Soft curves against the shimmering light create a subtle yet eye-catching statement piece that will instantly elevate your decor. Elegant canopy finish featuring easy height adjustment strain reliefs. Dimmable G4 LED bulbs included."
12219-018-01,"Piastra glass carefully sculpted into clear, amber, and smoke glass options; in addition, hand-forged metal leaves provide a mesmerizing, cascading effect to any space. Unique design allows customized capabilities to fit any space, bringing a touch of nature’s beauty indoors. Soft curves against the shimmering light create a subtle yet eye-catching statement piece that will instantly elevate your decor. Elegant canopy finish featuring easy height adjustment strain reliefs. Dimmable G4 LED bulbs included."
12219-018-02,"Piastra glass carefully sculpted into clear, amber, and smoke glass options; in addition, hand-forged metal leaves provide a mesmerizing, cascading effect to any space. Unique design allows customized capabilities to fit any space, bringing a touch of nature’s beauty indoors. Soft curves against the shimmering light create a subtle yet eye-catching statement piece that will instantly elevate your decor. Elegant canopy finish featuring easy height adjustment strain reliefs. Dimmable G4 LED bulbs included."
12219-018-07,"Piastra glass carefully sculpted into clear, amber, and smoke glass options; in addition, hand-forged metal leaves provide a mesmerizing, cascading effect to any space. Unique design allows customized capabilities to fit any space, bringing a touch of nature’s beauty indoors. Soft curves against the shimmering light create a subtle yet eye-catching statement piece that will instantly elevate your decor. Elegant canopy finish featuring easy height adjustment strain reliefs. Dimmable G4 LED bulbs included."
12219-019-01,"Piastra glass carefully sculpted into clear, amber, and smoke glass options; in addition, hand-forged metal leaves provide a mesmerizing, cascading effect to any space. Unique design allows customized capabilities to fit any space, bringing a touch of nature’s beauty indoors. Soft curves against the shimmering light create a subtle yet eye-catching statement piece that will instantly elevate your decor. Elegant canopy finish featuring easy height adjustment strain reliefs. Dimmable G4 LED bulbs included."
12219-019-02,"Piastra glass carefully sculpted into clear, amber, and smoke glass options; in addition, hand-forged metal leaves provide a mesmerizing, cascading effect to any space. Unique design allows customized capabilities to fit any space, bringing a touch of nature’s beauty indoors. Soft curves against the shimmering light create a subtle yet eye-catching statement piece that will instantly elevate your decor. Elegant canopy finish featuring easy height adjustment strain reliefs. Dimmable G4 LED bulbs included."
12219-019-07,"Piastra glass carefully sculpted into clear, amber, and smoke glass options; in addition, hand-forged metal leaves provide a mesmerizing, cascading effect to any space. Unique design allows customized capabilities to fit any space, bringing a touch of nature’s beauty indoors. Soft curves against the shimmering light create a subtle yet eye-catching statement piece that will instantly elevate your decor. Elegant canopy finish featuring easy height adjustment strain reliefs. Dimmable G4 LED bulbs included."
12219-020-01,"Piastra glass carefully sculpted into clear, amber, and smoke glass options; in addition, hand-forged metal leaves provide a mesmerizing, cascading effect to any space. Unique design allows customized capabilities to fit any space, bringing a touch of nature’s beauty indoors. Soft curves against the shimmering light create a subtle yet eye-catching statement piece that will instantly elevate your decor. Elegant canopy finish featuring easy height adjustment strain reliefs. Dimmable G4 LED bulbs included."
12219-020-02,"Piastra glass carefully sculpted into clear, amber, and smoke glass options; in addition, hand-forged metal leaves provide a mesmerizing, cascading effect to any space. Unique design allows customized capabilities to fit any space, bringing a touch of nature’s beauty indoors. Soft curves against the shimmering light create a subtle yet eye-catching statement piece that will instantly elevate your decor. Elegant canopy finish featuring easy height adjustment strain reliefs. Dimmable G4 LED bulbs included."
12219-020-07,"Piastra glass carefully sculpted into clear, amber, and smoke glass options; in addition, hand-forged metal leaves provide a mesmerizing, cascading effect to any space. Unique design allows customized capabilities to fit any space, bringing a touch of nature’s beauty indoors. Soft curves against the shimmering light create a subtle yet eye-catching statement piece that will instantly elevate your decor. Elegant canopy finish featuring easy height adjustment strain reliefs. Dimmable G4 LED bulbs included."
12219-023-01,"Piastra glass carefully sculpted into clear, amber, and smoke glass options; in addition, hand-forged metal leaves provide a mesmerizing, cascading effect to any space. Unique design allows customized capabilities to fit any space, bringing a touch of nature’s beauty indoors. Soft curves against the shimmering light create a subtle yet eye-catching statement piece that will instantly elevate your decor. Elegant canopy finish featuring easy height adjustment strain reliefs. Dimmable G4 LED bulbs included."
12219-023-02,"Piastra glass carefully sculpted into clear, amber, and smoke glass options; in addition, hand-forged metal leaves provide a mesmerizing, cascading effect to any space. Unique design allows customized capabilities to fit any space, bringing a touch of nature’s beauty indoors. Soft curves against the shimmering light create a subtle yet eye-catching statement piece that will instantly elevate your decor. Elegant canopy finish featuring easy height adjustment strain reliefs. Dimmable G4 LED bulbs included."
12219-023-07,"Piastra glass carefully sculpted into clear, amber, and smoke glass options; in addition, hand-forged metal leaves provide a mesmerizing, cascading effect to any space. Unique design allows customized capabilities to fit any space, bringing a touch of nature’s beauty indoors. Soft curves against the shimmering light create a subtle yet eye-catching statement piece that will instantly elevate your decor. Elegant canopy finish featuring easy height adjustment strain reliefs. Dimmable G4 LED bulbs included."
12219-024-01,"Piastra glass carefully sculpted into clear, amber, and smoke glass options; in addition, hand-forged metal leaves provide a mesmerizing, cascading effect to any space. Unique design allows customized capabilities to fit any space, bringing a touch of nature’s beauty indoors. Soft curves against the shimmering light create a subtle yet eye-catching statement piece that will instantly elevate your decor. Elegant canopy finish featuring easy height adjustment strain reliefs. Dimmable G4 LED bulbs included."
12219-024-02,"Piastra glass carefully sculpted into clear, amber, and smoke glass options; in addition, hand-forged metal leaves provide a mesmerizing, cascading effect to any space. Unique design allows customized capabilities to fit any space, bringing a touch of nature’s beauty indoors. Soft curves against the shimmering light create a subtle yet eye-catching statement piece that will instantly elevate your decor. Elegant canopy finish featuring easy height adjustment strain reliefs. Dimmable G4 LED bulbs included."
12219-024-07,"Piastra glass carefully sculpted into clear, amber, and smoke glass options; in addition, hand-forged metal leaves provide a mesmerizing, cascading effect to any space. Unique design allows customized capabilities to fit any space, bringing a touch of nature’s beauty indoors. Soft curves against the shimmering light create a subtle yet eye-catching statement piece that will instantly elevate your decor. Elegant canopy finish featuring easy height adjustment strain reliefs. Dimmable G4 LED bulbs included."
12220-017-01,"Piastra glass carefully sculpted into clear, amber, and smoke glass options; in addition, hand-forged metal leaves provide a mesmerizing, cascading effect to any space. Unique design allows customized capabilities to fit any space, bringing a touch of nature’s beauty indoors. Soft curves against the shimmering light create a subtle yet eye-catching statement piece that will instantly elevate your decor. Elegant canopy finish featuring easy height adjustment strain reliefs. Dimmable G4 LED bulbs included."
12220-017-02,"Piastra glass carefully sculpted into clear, amber, and smoke glass options; in addition, hand-forged metal leaves provide a mesmerizing, cascading effect to any space. Unique design allows customized capabilities to fit any space, bringing a touch of nature’s beauty indoors. Soft curves against the shimmering light create a subtle yet eye-catching statement piece that will instantly elevate your decor. Elegant canopy finish featuring easy height adjustment strain reliefs. Dimmable G4 LED bulbs included."
12220-017-07,"Piastra glass carefully sculpted into clear, amber, and smoke glass options; in addition, hand-forged metal leaves provide a mesmerizing, cascading effect to any space. Unique design allows customized capabilities to fit any space, bringing a touch of nature’s beauty indoors. Soft curves against the shimmering light create a subtle yet eye-catching statement piece that will instantly elevate your decor. Elegant canopy finish featuring easy height adjustment strain reliefs. Dimmable G4 LED bulbs included."
12220-018-01,"Piastra glass carefully sculpted into clear, amber, and smoke glass options; in addition, hand-forged metal leaves provide a mesmerizing, cascading effect to any space. Unique design allows customized capabilities to fit any space, bringing a touch of nature’s beauty indoors. Soft curves against the shimmering light create a subtle yet eye-catching statement piece that will instantly elevate your decor. Elegant canopy finish featuring easy height adjustment strain reliefs. Dimmable G4 LED bulbs included."
12220-018-02,"Piastra glass carefully sculpted into clear, amber, and smoke glass options; in addition, hand-forged metal leaves provide a mesmerizing, cascading effect to any space. Unique design allows customized capabilities to fit any space, bringing a touch of nature’s beauty indoors. Soft curves against the shimmering light create a subtle yet eye-catching statement piece that will instantly elevate your decor. Elegant canopy finish featuring easy height adjustment strain reliefs. Dimmable G4 LED bulbs included."
12220-018-07,"Piastra glass carefully sculpted into clear, amber, and smoke glass options; in addition, hand-forged metal leaves provide a mesmerizing, cascading effect to any space. Unique design allows customized capabilities to fit any space, bringing a touch of nature’s beauty indoors. Soft curves against the shimmering light create a subtle yet eye-catching statement piece that will instantly elevate your decor. Elegant canopy finish featuring easy height adjustment strain reliefs. Dimmable G4 LED bulbs included."
12220-019-01,"Piastra glass carefully sculpted into clear, amber, and smoke glass options; in addition, hand-forged metal leaves provide a mesmerizing, cascading effect to any space. Unique design allows customized capabilities to fit any space, bringing a touch of nature’s beauty indoors. Soft curves against the shimmering light create a subtle yet eye-catching statement piece that will instantly elevate your decor. Elegant canopy finish featuring easy height adjustment strain reliefs. Dimmable G4 LED bulbs included."
12220-019-02,"Piastra glass carefully sculpted into clear, amber, and smoke glass options; in addition, hand-forged metal leaves provide a mesmerizing, cascading effect to any space. Unique design allows customized capabilities to fit any space, bringing a touch of nature’s beauty indoors. Soft curves against the shimmering light create a subtle yet eye-catching statement piece that will instantly elevate your decor. Elegant canopy finish featuring easy height adjustment strain reliefs. Dimmable G4 LED bulbs included."
12220-019-07,"Piastra glass carefully sculpted into clear, amber, and smoke glass options; in addition, hand-forged metal leaves provide a mesmerizing, cascading effect to any space. Unique design allows customized capabilities to fit any space, bringing a touch of nature’s beauty indoors. Soft curves against the shimmering light create a subtle yet eye-catching statement piece that will instantly elevate your decor. Elegant canopy finish featuring easy height adjustment strain reliefs. Dimmable G4 LED bulbs included."
12220-020-01,"Piastra glass carefully sculpted into clear, amber, and smoke glass options; in addition, hand-forged metal leaves provide a mesmerizing, cascading effect to any space. Unique design allows customized capabilities to fit any space, bringing a touch of nature’s beauty indoors. Soft curves against the shimmering light create a subtle yet eye-catching statement piece that will instantly elevate your decor. Elegant canopy finish featuring easy height adjustment strain reliefs. Dimmable G4 LED bulbs included."
12220-020-02,"Piastra glass carefully sculpted into clear, amber, and smoke glass options; in addition, hand-forged metal leaves provide a mesmerizing, cascading effect to any space. Unique design allows customized capabilities to fit any space, bringing a touch of nature’s beauty indoors. Soft curves against the shimmering light create a subtle yet eye-catching statement piece that will instantly elevate your decor. Elegant canopy finish featuring easy height adjustment strain reliefs. Dimmable G4 LED bulbs included."
12220-020-07,"Piastra glass carefully sculpted into clear, amber, and smoke glass options; in addition, hand-forged metal leaves provide a mesmerizing, cascading effect to any space. Unique design allows customized capabilities to fit any space, bringing a touch of nature’s beauty indoors. Soft curves against the shimmering light create a subtle yet eye-catching statement piece that will instantly elevate your decor. Elegant canopy finish featuring easy height adjustment strain reliefs. Dimmable G4 LED bulbs included."
12220-023-01,"Piastra glass carefully sculpted into clear, amber, and smoke glass options; in addition, hand-forged metal leaves provide a mesmerizing, cascading effect to any space. Unique design allows customized capabilities to fit any space, bringing a touch of nature’s beauty indoors. Soft curves against the shimmering light create a subtle yet eye-catching statement piece that will instantly elevate your decor. Elegant canopy finish featuring easy height adjustment strain reliefs. Dimmable G4 LED bulbs included."
12220-023-02,"Piastra glass carefully sculpted into clear, amber, and smoke glass options; in addition, hand-forged metal leaves provide a mesmerizing, cascading effect to any space. Unique design allows customized capabilities to fit any space, bringing a touch of nature’s beauty indoors. Soft curves against the shimmering light create a subtle yet eye-catching statement piece that will instantly elevate your decor. Elegant canopy finish featuring easy height adjustment strain reliefs. Dimmable G4 LED bulbs included."
12220-023-07,"Piastra glass carefully sculpted into clear, amber, and smoke glass options; in addition, hand-forged metal leaves provide a mesmerizing, cascading effect to any space. Unique design allows customized capabilities to fit any space, bringing a touch of nature’s beauty indoors. Soft curves against the shimmering light create a subtle yet eye-catching statement piece that will instantly elevate your decor. Elegant canopy finish featuring easy height adjustment strain reliefs. Dimmable G4 LED bulbs included."
12220-024-01,"Piastra glass carefully sculpted into clear, amber, and smoke glass options; in addition, hand-forged metal leaves provide a mesmerizing, cascading effect to any space. Unique design allows customized capabilities to fit any space, bringing a touch of nature’s beauty indoors. Soft curves against the shimmering light create a subtle yet eye-catching statement piece that will instantly elevate your decor. Elegant canopy finish featuring easy height adjustment strain reliefs. Dimmable G4 LED bulbs included."
12220-024-02,"Piastra glass carefully sculpted into clear, amber, and smoke glass options; in addition, hand-forged metal leaves provide a mesmerizing, cascading effect to any space. Unique design allows customized capabilities to fit any space, bringing a touch of nature’s beauty indoors. Soft curves against the shimmering light create a subtle yet eye-catching statement piece that will instantly elevate your decor. Elegant canopy finish featuring easy height adjustment strain reliefs. Dimmable G4 LED bulbs included."
12220-024-07,"Piastra glass carefully sculpted into clear, amber, and smoke glass options; in addition, hand-forged metal leaves provide a mesmerizing, cascading effect to any space. Unique design allows customized capabilities to fit any space, bringing a touch of nature’s beauty indoors. Soft curves against the shimmering light create a subtle yet eye-catching statement piece that will instantly elevate your decor. Elegant canopy finish featuring easy height adjustment strain reliefs. Dimmable G4 LED bulbs included."
12221-017-01,"Piastra glass carefully sculpted into clear, amber, and smoke glass options; in addition, hand-forged metal leaves provide a mesmerizing, cascading effect to any space. Unique design allows customized capabilities to fit any space, bringing a touch of nature’s beauty indoors. Soft curves against the shimmering light create a subtle yet eye-catching statement piece that will instantly elevate your decor. Elegant canopy finish featuring easy height adjustment strain reliefs. Dimmable G4 LED bulbs included."
12221-017-02,"Piastra glass carefully sculpted into clear, amber, and smoke glass options; in addition, hand-forged metal leaves provide a mesmerizing, cascading effect to any space. Unique design allows customized capabilities to fit any space, bringing a touch of nature’s beauty indoors. Soft curves against the shimmering light create a subtle yet eye-catching statement piece that will instantly elevate your decor. Elegant canopy finish featuring easy height adjustment strain reliefs. Dimmable G4 LED bulbs included."
12221-017-07,"Piastra glass carefully sculpted into clear, amber, and smoke glass options; in addition, hand-forged metal leaves provide a mesmerizing, cascading effect to any space. Unique design allows customized capabilities to fit any space, bringing a touch of nature’s beauty indoors. Soft curves against the shimmering light create a subtle yet eye-catching statement piece that will instantly elevate your decor. Elegant canopy finish featuring easy height adjustment strain reliefs. Dimmable G4 LED bulbs included."
12221-018-01,"Piastra glass carefully sculpted into clear, amber, and smoke glass options; in addition, hand-forged metal leaves provide a mesmerizing, cascading effect to any space. Unique design allows customized capabilities to fit any space, bringing a touch of nature’s beauty indoors. Soft curves against the shimmering light create a subtle yet eye-catching statement piece that will instantly elevate your decor. Elegant canopy finish featuring easy height adjustment strain reliefs. Dimmable G4 LED bulbs included."
12221-018-02,"Piastra glass carefully sculpted into clear, amber, and smoke glass options; in addition, hand-forged metal leaves provide a mesmerizing, cascading effect to any space. Unique design allows customized capabilities to fit any space, bringing a touch of nature’s beauty indoors. Soft curves against the shimmering light create a subtle yet eye-catching statement piece that will instantly elevate your decor. Elegant canopy finish featuring easy height adjustment strain reliefs. Dimmable G4 LED bulbs included."
12221-018-07,"Piastra glass carefully sculpted into clear, amber, and smoke glass options; in addition, hand-forged metal leaves provide a mesmerizing, cascading effect to any space. Unique design allows customized capabilities to fit any space, bringing a touch of nature’s beauty indoors. Soft curves against the shimmering light create a subtle yet eye-catching statement piece that will instantly elevate your decor. Elegant canopy finish featuring easy height adjustment strain reliefs. Dimmable G4 LED bulbs included."
12221-019-01,"Piastra glass carefully sculpted into clear, amber, and smoke glass options; in addition, hand-forged metal leaves provide a mesmerizing, cascading effect to any space. Unique design allows customized capabilities to fit any space, bringing a touch of nature’s beauty indoors. Soft curves against the shimmering light create a subtle yet eye-catching statement piece that will instantly elevate your decor. Elegant canopy finish featuring easy height adjustment strain reliefs. Dimmable G4 LED bulbs included."
12221-019-02,"Piastra glass carefully sculpted into clear, amber, and smoke glass options; in addition, hand-forged metal leaves provide a mesmerizing, cascading effect to any space. Unique design allows customized capabilities to fit any space, bringing a touch of nature’s beauty indoors. Soft curves against the shimmering light create a subtle yet eye-catching statement piece that will instantly elevate your decor. Elegant canopy finish featuring easy height adjustment strain reliefs. Dimmable G4 LED bulbs included."
12221-019-07,"Piastra glass carefully sculpted into clear, amber, and smoke glass options; in addition, hand-forged metal leaves provide a mesmerizing, cascading effect to any space. Unique design allows customized capabilities to fit any space, bringing a touch of nature’s beauty indoors. Soft curves against the shimmering light create a subtle yet eye-catching statement piece that will instantly elevate your decor. Elegant canopy finish featuring easy height adjustment strain reliefs. Dimmable G4 LED bulbs included."
12221-020-01,"Piastra glass carefully sculpted into clear, amber, and smoke glass options; in addition, hand-forged metal leaves provide a mesmerizing, cascading effect to any space. Unique design allows customized capabilities to fit any space, bringing a touch of nature’s beauty indoors. Soft curves against the shimmering light create a subtle yet eye-catching statement piece that will instantly elevate your decor. Elegant canopy finish featuring easy height adjustment strain reliefs. Dimmable G4 LED bulbs included."
12221-020-02,"Piastra glass carefully sculpted into clear, amber, and smoke glass options; in addition, hand-forged metal leaves provide a mesmerizing, cascading effect to any space. Unique design allows customized capabilities to fit any space, bringing a touch of nature’s beauty indoors. Soft curves against the shimmering light create a subtle yet eye-catching statement piece that will instantly elevate your decor. Elegant canopy finish featuring easy height adjustment strain reliefs. Dimmable G4 LED bulbs included."
12221-020-07,"Piastra glass carefully sculpted into clear, amber, and smoke glass options; in addition, hand-forged metal leaves provide a mesmerizing, cascading effect to any space. Unique design allows customized capabilities to fit any space, bringing a touch of nature’s beauty indoors. Soft curves against the shimmering light create a subtle yet eye-catching statement piece that will instantly elevate your decor. Elegant canopy finish featuring easy height adjustment strain reliefs. Dimmable G4 LED bulbs included."
12221-023-01,"Piastra glass carefully sculpted into clear, amber, and smoke glass options; in addition, hand-forged metal leaves provide a mesmerizing, cascading effect to any space. Unique design allows customized capabilities to fit any space, bringing a touch of nature’s beauty indoors. Soft curves against the shimmering light create a subtle yet eye-catching statement piece that will instantly elevate your decor. Elegant canopy finish featuring easy height adjustment strain reliefs. Dimmable G4 LED bulbs included."
12221-023-02,"Piastra glass carefully sculpted into clear, amber, and smoke glass options; in addition, hand-forged metal leaves provide a mesmerizing, cascading effect to any space. Unique design allows customized capabilities to fit any space, bringing a touch of nature’s beauty indoors. Soft curves against the shimmering light create a subtle yet eye-catching statement piece that will instantly elevate your decor. Elegant canopy finish featuring easy height adjustment strain reliefs. Dimmable G4 LED bulbs included."
12221-023-07,"Piastra glass carefully sculpted into clear, amber, and smoke glass options; in addition, hand-forged metal leaves provide a mesmerizing, cascading effect to any space. Unique design allows customized capabilities to fit any space, bringing a touch of nature’s beauty indoors. Soft curves against the shimmering light create a subtle yet eye-catching statement piece that will instantly elevate your decor. Elegant canopy finish featuring easy height adjustment strain reliefs. Dimmable G4 LED bulbs included."
12221-024-01,"Piastra glass carefully sculpted into clear, amber, and smoke glass options; in addition, hand-forged metal leaves provide a mesmerizing, cascading effect to any space. Unique design allows customized capabilities to fit any space, bringing a touch of nature’s beauty indoors. Soft curves against the shimmering light create a subtle yet eye-catching statement piece that will instantly elevate your decor. Elegant canopy finish featuring easy height adjustment strain reliefs. Dimmable G4 LED bulbs included."
12221-024-02,"Piastra glass carefully sculpted into clear, amber, and smoke glass options; in addition, hand-forged metal leaves provide a mesmerizing, cascading effect to any space. Unique design allows customized capabilities to fit any space, bringing a touch of nature’s beauty indoors. Soft curves against the shimmering light create a subtle yet eye-catching statement piece that will instantly elevate your decor. Elegant canopy finish featuring easy height adjustment strain reliefs. Dimmable G4 LED bulbs included."
12221-024-07,"Piastra glass carefully sculpted into clear, amber, and smoke glass options; in addition, hand-forged metal leaves provide a mesmerizing, cascading effect to any space. Unique design allows customized capabilities to fit any space, bringing a touch of nature’s beauty indoors. Soft curves against the shimmering light create a subtle yet eye-catching statement piece that will instantly elevate your decor. Elegant canopy finish featuring easy height adjustment strain reliefs. Dimmable G4 LED bulbs included."
12222-043,"Handcrafted Piastra glass discs in rich cognac and clear tones create a luminous, artistic centerpiece. Each peice of glass is individually hand-pressed, ensuring no two pieces are ever the same. Integrated LED lighting within the glass discs offers a warm, radiant glow, seamlessly blending form and function. Soft, diffused light cascades through the glass, creating a mesmerizing interplay of texture and warmth. A gracefully organic-shaped frame adds a natural, sculptural elegance to the design."
12222-057,"Handcrafted Piastra glass discs in rich cognac and clear tones create a luminous, artistic centerpiece. Each peice of glass is individually hand-pressed, ensuring no two pieces are ever the same. Integrated LED lighting within the glass discs offers a warm, radiant glow, seamlessly blending form and function. Soft, diffused light cascades through the glass, creating a mesmerizing interplay of texture and warmth. A gracefully organic-shaped frame adds a natural, sculptural elegance to the design."
12223-043,"Handcrafted Piastra glass discs in rich cognac and clear tones create a luminous, artistic centerpiece. Each peice of glass is individually hand-pressed, ensuring no two pieces are ever the same. Integrated LED lighting within the glass discs offers a warm, radiant glow, seamlessly blending form and function. Soft, diffused light cascades through the glass, creating a mesmerizing interplay of texture and warmth. A gracefully organic-shaped frame adds a natural, sculptural elegance to the design."
12223-057,"Handcrafted Piastra glass discs in rich cognac and clear tones create a luminous, artistic centerpiece. Each peice of glass is individually hand-pressed, ensuring no two pieces are ever the same. Integrated LED lighting within the glass discs offers a warm, radiant glow, seamlessly blending form and function. Soft, diffused light cascades through the glass, creating a mesmerizing interplay of texture and warmth. A gracefully organic-shaped frame adds a natural, sculptural elegance to the design."
12224-043,"Handcrafted Piastra glass discs in rich cognac and clear tones create a luminous, artistic centerpiece. Each peice of glass is individually hand-pressed, ensuring no two pieces are ever the same. Integrated LED lighting within the glass discs offers a warm, radiant glow, seamlessly blending form and function. Soft, diffused light cascades through the glass, creating a mesmerizing interplay of texture and warmth. A gracefully organic-shaped frame adds a natural, sculptural elegance to the design."
12224-057,"Handcrafted Piastra glass discs in rich cognac and clear tones create a luminous, artistic centerpiece. Each peice of glass is individually hand-pressed, ensuring no two pieces are ever the same. Integrated LED lighting within the glass discs offers a warm, radiant glow, seamlessly blending form and function. Soft, diffused light cascades through the glass, creating a mesmerizing interplay of texture and warmth. A gracefully organic-shaped frame adds a natural, sculptural elegance to the design."
12232-043,"The handmade glass elements bring a distinctive touch of artistry and craftsmanship to the chandelier, elevating its aesthetic charm. The natural shape introduces an organic, fluid elegance, creating a visually captivating centerpiece. The bold black finish, complemented by natural gold accents, achieves a strikingly sleek and sophisticated style, perfect for contemporary interiors. Blending modern sophistication with timeless elegance, this fixture adds a refined touch of class to any room. The handmade glass elements are designed to diffuse light evenly, creating a warm and balanced illumination that enhances the ambiance of any space."
12233-043,"The handmade glass elements bring a distinctive touch of artistry and craftsmanship to the chandelier, elevating its aesthetic charm. The natural shape introduces an organic, fluid elegance, creating a visually captivating centerpiece. The bold black finish, complemented by natural gold accents, achieves a strikingly sleek and sophisticated style, perfect for contemporary interiors. Blending modern sophistication with timeless elegance, this fixture adds a refined touch of class to any room. The handmade glass elements are designed to diffuse light evenly, creating a warm and balanced illumination that enhances the ambiance of any space."
12234-043,"The handmade glass elements bring a distinctive touch of artistry and craftsmanship to the chandelier, elevating its aesthetic charm. The natural shape introduces an organic, fluid elegance, creating a visually captivating centerpiece. The bold black finish, complemented by natural gold accents, achieves a strikingly sleek and sophisticated style, perfect for contemporary interiors. Blending modern sophistication with timeless elegance, this fixture adds a refined touch of class to any room. The handmade glass elements are designed to diffuse light evenly, creating a warm and balanced illumination that enhances the ambiance of any space."
12236-08,"The textured glass diffuses light beautifully, delivering a warm and inviting ambiance to any space. The light source is seamlessly integrated into the sleek black frame, illuminating the handblown glass bowls from within and highlighting their unique textures and clarity. The sleek design is elevated by the artistry of the glasswork and the sophistication of the black frame, creating a stunning centerpiece. Clean lines and understated beauty make it a seamless addition to any room, adding a touch of refined sophistication. Integrated dimmable LED light source."
12237-08,"The textured glass diffuses light beautifully, delivering a warm and inviting ambiance to any space. The light source is seamlessly integrated into the sleek black frame, illuminating the handblown glass bowls from within and highlighting their unique textures and clarity. The sleek design is elevated by the artistry of the glasswork and the sophistication of the black frame, creating a stunning centerpiece. Clean lines and understated beauty make it a seamless addition to any room, adding a touch of refined sophistication. Integrated dimmable LED light source."
12238-08,"The textured glass diffuses light beautifully, delivering a warm and inviting ambiance to any space. The light source is seamlessly integrated into the sleek black frame, illuminating the handblown glass bowls from within and highlighting their unique textures and clarity. The sleek design is elevated by the artistry of the glasswork and the sophistication of the black frame, creating a stunning centerpiece. Clean lines and understated beauty make it a seamless addition to any room, adding a touch of refined sophistication. Integrated dimmable LED light source."
12239-08,"The textured glass diffuses light beautifully, delivering a warm and inviting ambiance to any space. The light source is seamlessly integrated into the sleek black frame, illuminating the handblown glass bowls from within and highlighting their unique textures and clarity. The sleek design is elevated by the artistry of the glasswork and the sophistication of the black frame, creating a stunning centerpiece. Clean lines and understated beauty make it a seamless addition to any room, adding a touch of refined sophistication. Integrated dimmable LED light source."
12240-02,"Blown glass with a handcrafted Alabaster Stone effect. Choice of painted antique brass or matte black canopy with gold accent design provides a refined and luxurious look. Glow-in glass, and LED downlight providing additional light output to your room for a truly perfect lighting experience. Adjustable to accommodate any space with easy height strain reliefs. Integrated dimmable LED light source."
12240-030,"Blown glass with a handcrafted Alabaster Stone effect. Choice of painted antique brass or matte black canopy with gold accent design provides a refined and luxurious look. Glow-in glass, and LED downlight providing additional light output to your room for a truly perfect lighting experience. Adjustable to accommodate any space with easy height strain reliefs. Integrated dimmable LED light source."
12241-02,"Blown glass with a handcrafted Alabaster Stone effect. Choice of painted antique brass or matte black canopy with gold accent design provides a refined and luxurious look. Glow-in glass, and LED downlight providing additional light output to your room for a truly perfect lighting experience. Adjustable to accommodate any space with easy height strain reliefs. Integrated dimmable LED light source."
12241-030,"Blown glass with a handcrafted Alabaster Stone effect. Choice of painted antique brass or matte black canopy with gold accent design provides a refined and luxurious look. Glow-in glass, and LED downlight providing additional light output to your room for a truly perfect lighting experience. Adjustable to accommodate any space with easy height strain reliefs. Integrated dimmable LED light source."
12242-02,"Encapsulated clouds emit a soft and shimmering cascade of light, adding style and grace to any space. Choice of painted antique brass or matte black canopy with gold accent design provides a refined and luxurious look. Sleek and stylish design is perfect for any room, providing a touch of glamour and luxury. Adjustable to accommodate any space with easy height strain reliefs. Integrated dimmable LED light source."
12242-030,"Encapsulated clouds emit a soft and shimmering cascade of light, adding style and grace to any space. Choice of painted antique brass or matte black canopy with gold accent design provides a refined and luxurious look. Sleek and stylish design is perfect for any room, providing a touch of glamour and luxury. Adjustable to accommodate any space with easy height strain reliefs. Integrated dimmable LED light source."
12243-02,"Encapsulated clouds emit a soft and shimmering cascade of light, adding style and grace to any space. Choice of painted antique brass or matte black canopy with gold accent design provides a refined and luxurious look. Sleek and stylish design is perfect for any room, providing a touch of glamour and luxury. Adjustable to accommodate any space with easy height strain reliefs. Integrated dimmable LED light source."
12243-030,"Encapsulated clouds emit a soft and shimmering cascade of light, adding style and grace to any space. Choice of painted antique brass or matte black canopy with gold accent design provides a refined and luxurious look. Sleek and stylish design is perfect for any room, providing a touch of glamour and luxury. Adjustable to accommodate any space with easy height strain reliefs. Integrated dimmable LED light source."
12244-02,Clear blown glass embraces the glow of the inner opal white glass to cast an optimal balance of light. Choice of painted antique brass or matte black canopy with gold accent design provides a refined and luxurious look. Adjustable to accommodate any space with easy height strain reliefs. Delicate and timeless design that will elevate your décor and create a stunning visual effect. Integrated dimmable LED light source.
12244-030,Clear blown glass embraces the glow of the inner opal white glass to cast an optimal balance of light. Choice of painted antique brass or matte black canopy with gold accent design provides a refined and luxurious look. Adjustable to accommodate any space with easy height strain reliefs. Delicate and timeless design that will elevate your décor and create a stunning visual effect. Integrated dimmable LED light source.
12245-02,Clear blown glass embraces the glow of the inner opal white glass to cast an optimal balance of light. Choice of painted antique brass or matte black canopy with gold accent design provides a refined and luxurious look. Adjustable to accommodate any space with easy height strain reliefs. Delicate and timeless design that will elevate your décor and create a stunning visual effect. Integrated dimmable LED light source.
12245-030,Clear blown glass embraces the glow of the inner opal white glass to cast an optimal balance of light. Choice of painted antique brass or matte black canopy with gold accent design provides a refined and luxurious look. Adjustable to accommodate any space with easy height strain reliefs. Delicate and timeless design that will elevate your décor and create a stunning visual effect. Integrated dimmable LED light source.
12246-02,Captivating alabaster stone ovoids illuminating from within. A beautiful array of different level ovoids creates a touch of elegance to any room. The antique brass accent adds a sophistication to this galmorous fixture. Adjustable to accommodate any space with easy height strain reliefs. Integrated dimmable LED light source.
12246-030,Captivating alabaster stone ovoids illuminating from within. A beautiful array of different level ovoids creates a touch of elegance to any room. The antique brass accent adds a sophistication to this galmorous fixture. Adjustable to accommodate any space with easy height strain reliefs. Integrated dimmable LED light source.
12247-02,Captivating alabaster stone ovoids illuminating from within. A beautiful array of different level ovoids creates a touch of elegance to any room. The antique brass accent adds a sophistication to this galmorous fixture. Adjustable to accommodate any space with easy height strain reliefs. Integrated dimmable LED light source.
12247-030,Captivating alabaster stone ovoids illuminating from within. A beautiful array of different level ovoids creates a touch of elegance to any room. The antique brass accent adds a sophistication to this galmorous fixture. Adjustable to accommodate any space with easy height strain reliefs. Integrated dimmable LED light source.
12248-02,Direct and indirect light play off one another creating a layered effect. Cylindrical capsule diffuser in a clear and opal glass for a radiant finish. Choice of painted antique brass or black canopy with gold accent design provides a refined and luxurious look. Adjustable to accommodate any space with easy height strain reliefs. Integrated dimmable LED light source.
12248-030,Direct and indirect light play off one another creating a layered effect. Cylindrical capsule diffuser in a clear and opal glass for a radiant finish. Choice of painted antique brass or black canopy with gold accent design provides a refined and luxurious look. Adjustable to accommodate any space with easy height strain reliefs. Integrated dimmable LED light source.
12249-02,Direct and indirect light play off one another creating a layered effect. Cylindrical capsule diffuser in a clear and opal glass for a radiant finish. Choice of painted antique brass or black canopy with gold accent design provides a refined and luxurious look. Adjustable to accommodate any space with easy height strain reliefs. Integrated dimmable LED light source.
12249-030,Direct and indirect light play off one another creating a layered effect. Cylindrical capsule diffuser in a clear and opal glass for a radiant finish. Choice of painted antique brass or black canopy with gold accent design provides a refined and luxurious look. Adjustable to accommodate any space with easy height strain reliefs. Integrated dimmable LED light source.
12250-02,Exquisite alabaster stone ovals illuminating from within and finished at the base with a magnificent gold rim to add a finished touch of elegance. A charming array of different level ovals creates a touch of elegance to any room. The antique brass accent adds a sophistication to this galmorous fixture. Adjustable to accommodate any space with easy height strain reliefs. Integrated dimmable LED light source.
12250-030,Exquisite alabaster stone ovals illuminating from within and finished at the base with a magnificent gold rim to add a finished touch of elegance. A charming array of different level ovals creates a touch of elegance to any room. The antique brass accent adds a sophistication to this galmorous fixture. Adjustable to accommodate any space with easy height strain reliefs. Integrated dimmable LED light source.
12251-02,Exquisite alabaster stone ovals illuminating from within and finished at the base with a magnificent gold rim to add a finished touch of elegance. A charming array of different level ovals creates a touch of elegance to any room. The antique brass accent adds a sophistication to this galmorous fixture. Adjustable to accommodate any space with easy height strain reliefs. Integrated dimmable LED light source.
12251-030,Exquisite alabaster stone ovals illuminating from within and finished at the base with a magnificent gold rim to add a finished touch of elegance. A charming array of different level ovals creates a touch of elegance to any room. The antique brass accent adds a sophistication to this galmorous fixture. Adjustable to accommodate any space with easy height strain reliefs. Integrated dimmable LED light source.
12252-02,"Captivating alabaster stone discs gently glow from within, creating a mesmerizing effect. Luxurious gold hardware beautifully complements the alabaster stone disks. Easily adjustable to fit any space, with convenient height strain reliefs for effortless customization. The light beautifully filters through the alabaster crown, casting a warm, soft glow that enhances both the fixture and its surrounding space. Integrated dimmable LED light source."
12252-030,"Captivating alabaster stone discs gently glow from within, creating a mesmerizing effect. Luxurious gold hardware beautifully complements the alabaster stone disks. Easily adjustable to fit any space, with convenient height strain reliefs for effortless customization. The light beautifully filters through the alabaster crown, casting a warm, soft glow that enhances both the fixture and its surrounding space. Integrated dimmable LED light source."
12253-02,"Captivating alabaster stone discs gently glow from within, creating a mesmerizing effect. Luxurious gold hardware beautifully complements the alabaster stone disks. Easily adjustable to fit any space, with convenient height strain reliefs for effortless customization. The light beautifully filters through the alabaster crown, casting a warm, soft glow that enhances both the fixture and its surrounding space. Integrated dimmable LED light source."
12253-030,"Captivating alabaster stone discs gently glow from within, creating a mesmerizing effect. Luxurious gold hardware beautifully complements the alabaster stone disks. Easily adjustable to fit any space, with convenient height strain reliefs for effortless customization. The light beautifully filters through the alabaster crown, casting a warm, soft glow that enhances both the fixture and its surrounding space. Integrated dimmable LED light source."
12254-02,"Captivating alabaster stone discs gently glow from within, creating a mesmerizing effect. Luxurious gold hardware beautifully complements the alabaster stone disks. Easily adjustable to fit any space, with convenient height strain reliefs for effortless customization. The light beautifully filters through the alabaster crown, casting a warm, soft glow that enhances both the fixture and its surrounding space. Integrated dimmable LED light source."
12254-030,"Captivating alabaster stone discs gently glow from within, creating a mesmerizing effect. Luxurious gold hardware beautifully complements the alabaster stone disks. Easily adjustable to fit any space, with convenient height strain reliefs for effortless customization. The light beautifully filters through the alabaster crown, casting a warm, soft glow that enhances both the fixture and its surrounding space. Integrated dimmable LED light source."
12255-02,"Captivating alabaster stone discs gently glow from within, creating a mesmerizing effect. Luxurious gold hardware beautifully complements the alabaster stone disks. Easily adjustable to fit any space, with convenient height strain reliefs for effortless customization. The light beautifully filters through the alabaster crown, casting a warm, soft glow that enhances both the fixture and its surrounding space. Integrated dimmable LED light source."
12255-030,"Captivating alabaster stone discs gently glow from within, creating a mesmerizing effect. Luxurious gold hardware beautifully complements the alabaster stone disks. Easily adjustable to fit any space, with convenient height strain reliefs for effortless customization. The light beautifully filters through the alabaster crown, casting a warm, soft glow that enhances both the fixture and its surrounding space. Integrated dimmable LED light source."
12256-02,"Captivating alabaster stone discs gently glow from within, creating a mesmerizing effect. Luxurious gold hardware beautifully complements the alabaster stone disks. Easily adjustable to fit any space, with convenient height strain reliefs for effortless customization. The light beautifully filters through the alabaster crown, casting a warm, soft glow that enhances both the fixture and its surrounding space. Integrated dimmable LED light source."
12256-030,"Captivating alabaster stone discs gently glow from within, creating a mesmerizing effect. Luxurious gold hardware beautifully complements the alabaster stone disks. Easily adjustable to fit any space, with convenient height strain reliefs for effortless customization. The light beautifully filters through the alabaster crown, casting a warm, soft glow that enhances both the fixture and its surrounding space. Integrated dimmable LED light source."
12257-02,"Captivating alabaster stone discs gently glow from within, creating a mesmerizing effect. Luxurious gold hardware beautifully complements the alabaster stone disks. Easily adjustable to fit any space, with convenient height strain reliefs for effortless customization. The light beautifully filters through the alabaster crown, casting a warm, soft glow that enhances both the fixture and its surrounding space. Integrated dimmable LED light source."
12257-030,"Captivating alabaster stone discs gently glow from within, creating a mesmerizing effect. Luxurious gold hardware beautifully complements the alabaster stone disks. Easily adjustable to fit any space, with convenient height strain reliefs for effortless customization. The light beautifully filters through the alabaster crown, casting a warm, soft glow that enhances both the fixture and its surrounding space. Integrated dimmable LED light source."
12258-02,"Captivating alabaster stone discs gently glow from within, creating a mesmerizing effect. Luxurious gold hardware beautifully complements the alabaster stone disks. Easily adjustable to fit any space, with convenient height strain reliefs for effortless customization. The light beautifully filters through the alabaster crown, casting a warm, soft glow that enhances both the fixture and its surrounding space. Integrated dimmable LED light source."
12258-030,"Captivating alabaster stone discs gently glow from within, creating a mesmerizing effect. Luxurious gold hardware beautifully complements the alabaster stone disks. Easily adjustable to fit any space, with convenient height strain reliefs for effortless customization. The light beautifully filters through the alabaster crown, casting a warm, soft glow that enhances both the fixture and its surrounding space. Integrated dimmable LED light source."
12259-02,"Captivating alabaster stone discs gently glow from within, creating a mesmerizing effect. Luxurious gold hardware beautifully complements the alabaster stone disks. Easily adjustable to fit any space, with convenient height strain reliefs for effortless customization. The light beautifully filters through the alabaster crown, casting a warm, soft glow that enhances both the fixture and its surrounding space. Integrated dimmable LED light source."
12259-030,"Captivating alabaster stone discs gently glow from within, creating a mesmerizing effect. Luxurious gold hardware beautifully complements the alabaster stone disks. Easily adjustable to fit any space, with convenient height strain reliefs for effortless customization. The light beautifully filters through the alabaster crown, casting a warm, soft glow that enhances both the fixture and its surrounding space. Integrated dimmable LED light source."
12260-02,"Captivating alabaster stone discs gently glow from within, creating a mesmerizing effect. Luxurious gold hardware beautifully complements the alabaster stone disks. Easily adjustable to fit any space, with convenient height strain reliefs for effortless customization. The light beautifully filters through the alabaster crown, casting a warm, soft glow that enhances both the fixture and its surrounding space. Integrated dimmable LED light source."
12260-030,"Captivating alabaster stone discs gently glow from within, creating a mesmerizing effect. Luxurious gold hardware beautifully complements the alabaster stone disks. Easily adjustable to fit any space, with convenient height strain reliefs for effortless customization. The light beautifully filters through the alabaster crown, casting a warm, soft glow that enhances both the fixture and its surrounding space. Integrated dimmable LED light source."
12261-02,"Captivating alabaster stone discs gently glow from within, creating a mesmerizing effect. Luxurious gold hardware beautifully complements the alabaster stone disks. Easily adjustable to fit any space, with convenient height strain reliefs for effortless customization. The light beautifully filters through the alabaster crown, casting a warm, soft glow that enhances both the fixture and its surrounding space. Integrated dimmable LED light source."
12261-030,"Captivating alabaster stone discs gently glow from within, creating a mesmerizing effect. Luxurious gold hardware beautifully complements the alabaster stone disks. Easily adjustable to fit any space, with convenient height strain reliefs for effortless customization. The light beautifully filters through the alabaster crown, casting a warm, soft glow that enhances both the fixture and its surrounding space. Integrated dimmable LED light source."
12262-02,Captivating alabaster stone ovoids gracefully illuminating from within. A beautiful array of different level ovoids creates a touch of elegance to any room. The choice of matte black or antique brass accent adds a sophistication to this galmorous fixture. Adjustable to accommodate any space with easy height strain reliefs. Integrated dimmable LED light source.
12262-030,Captivating alabaster stone ovoids gracefully illuminating from within. A beautiful array of different level ovoids creates a touch of elegance to any room. The antique brass accent adds a sophistication to this galmorous fixture. Adjustable to accommodate any space with easy height strain reliefs. Integrated dimmable LED light source.
12263-02,Exquisite alabaster stone ovals illuminating from within and finished at the base with a magnificent gold rim to add a finished touch of elegance. A charming array of different level ovals creates a touch of elegance to any room. The antique brass accent adds a sophistication to this galmorous fixture. Adjustable to accommodate any space with easy height strain reliefs. Integrated dimmable LED light source.
12263-030,Exquisite alabaster stone ovals illuminating from within and finished at the base with a magnificent gold rim to add a finished touch of elegance. A charming array of different level ovals creates a touch of elegance to any room. The antique brass accent adds a sophistication to this galmorous fixture. Adjustable to accommodate any space with easy height strain reliefs. Integrated dimmable LED light source.
12264-02,Direct and indirect light play off one another creating a layered effect. Cylindrical capsule diffuser in a clear and opal glass for a radiant finish. Choice of painted antique brass or black canopy with gold accent design provides a refined and luxurious look. Adjustable to accommodate any space with easy height strain reliefs. Integrated dimmable LED light source.
12264-030,Direct and indirect light play off one another creating a layered effect. Cylindrical capsule diffuser in a clear and opal glass for a radiant finish. Choice of painted antique brass or black canopy with gold accent design provides a refined and luxurious look. Adjustable to accommodate any space with easy height strain reliefs. Integrated dimmable LED light source.
12265-02,"Encapsulated clouds emit a soft and shimmering cascade of light, adding style and grace to any space. Choice of painted antique brass or matte black canopy with gold accent design provides a refined and luxurious look. Sleek and stylish design is perfect for any room, providing a touch of glamour and luxury. Adjustable to accommodate any space with easy height strain reliefs. Integrated dimmable LED light source."
12265-030,"Encapsulated clouds emit a soft and shimmering cascade of light, adding style and grace to any space. Choice of painted antique brass or matte black canopy with gold accent design provides a refined and luxurious look. Sleek and stylish design is perfect for any room, providing a touch of glamour and luxury. Adjustable to accommodate any space with easy height strain reliefs. Integrated dimmable LED light source."
12266-02,Clear blown glass embraces the glow of the inner opal white glass to cast an optimal balance of light. Choice of painted antique brass or matte black canopy with gold accent design provides a refined and luxurious look. Adjustable to accommodate any space with easy height strain reliefs. Delicate and timeless design that will elevate your décor and create a stunning visual effect. Integrated dimmable LED light source.
12266-030,Clear blown glass embraces the glow of the inner opal white glass to cast an optimal balance of light. Choice of painted antique brass or matte black canopy with gold accent design provides a refined and luxurious look. Adjustable to accommodate any space with easy height strain reliefs. Delicate and timeless design that will elevate your décor and create a stunning visual effect. Integrated dimmable LED light source.
12267-02,"Blown glass with a handcrafted Alabaster Stone effect. Choice of painted antique brass or matte black canopy with gold accent design provides a refined and luxurious look. Glow-in glass, and LED downlight providing additional light output to your room for a truly perfect lighting experience. Adjustable to accommodate any space with easy height strain reliefs. Integrated dimmable LED light source."
12267-030,"Blown glass with a handcrafted Alabaster Stone effect. Choice of painted antique brass or matte black canopy with gold accent design provides a refined and luxurious look. Glow-in glass, and LED downlight providing additional light output to your room for a truly perfect lighting experience. Adjustable to accommodate any space with easy height strain reliefs. Integrated dimmable LED light source."
12268-02,"Captivating alabaster stone discs gently glow from within, creating a mesmerizing effect. Luxurious gold hardware beautifully complements the alabaster stone disks. Easily adjustable to fit any space, with convenient height strain reliefs for effortless customization. The light beautifully filters through the alabaster crown, casting a warm, soft glow that enhances both the fixture and its surrounding space. Integrated dimmable LED light source."
12268-030,"Captivating alabaster stone discs gently glow from within, creating a mesmerizing effect. Luxurious gold hardware beautifully complements the alabaster stone disks. Easily adjustable to fit any space, with convenient height strain reliefs for effortless customization. The light beautifully filters through the alabaster crown, casting a warm, soft glow that enhances both the fixture and its surrounding space. Integrated dimmable LED light source."
12269-037,"The pressed glass technique creates a refined yet artisanal look, forming a distinctive and textured glass pendant. LED light source is discreetly hidden within the fixture's crowns, ensuring a clean and seamless design. Glass is securely attached to the crown with a precision threading mechanism, allowing the glass to screw onto the crown seamlessly. The refraction effect enhances the ambient glow, adding depth and complexity to the lighting, while casting intriguing patterns on surrounding surfaces. Integrated dimmable LED light source."
12269-048,"The pressed glass technique creates a refined yet artisanal look, forming a distinctive and textured glass pendant. LED light source is discreetly hidden within the fixture's crowns, ensuring a clean and seamless design. Glass is securely attached to the crown with a precision threading mechanism, allowing the glass to screw onto the crown seamlessly. The refraction effect enhances the ambient glow, adding depth and complexity to the lighting, while casting intriguing patterns on surrounding surfaces. Integrated dimmable LED light source."
12270-037,"The pressed glass technique creates a refined yet artisanal look, forming a distinctive and textured glass pendant. LED light source is discreetly hidden within the fixture's crowns, ensuring a clean and seamless design. Glass is securely attached to the crown with a precision threading mechanism, allowing the glass to screw onto the crown seamlessly. The refraction effect enhances the ambient glow, adding depth and complexity to the lighting, while casting intriguing patterns on surrounding surfaces. Integrated dimmable LED light source."
12270-048,"The pressed glass technique creates a refined yet artisanal look, forming a distinctive and textured glass pendant. LED light source is discreetly hidden within the fixture's crowns, ensuring a clean and seamless design. Glass is securely attached to the crown with a precision threading mechanism, allowing the glass to screw onto the crown seamlessly. The refraction effect enhances the ambient glow, adding depth and complexity to the lighting, while casting intriguing patterns on surrounding surfaces. Integrated dimmable LED light source."
12271-037,"The pressed glass technique creates a refined yet artisanal look, forming a distinctive and textured glass pendant. LED light source is discreetly hidden within the fixture's crowns, ensuring a clean and seamless design. Glass is securely attached to the crown with a precision threading mechanism, allowing the glass to screw onto the crown seamlessly. The refraction effect enhances the ambient glow, adding depth and complexity to the lighting, while casting intriguing patterns on surrounding surfaces. Integrated dimmable LED light source."
12271-048,"The pressed glass technique creates a refined yet artisanal look, forming a distinctive and textured glass pendant. LED light source is discreetly hidden within the fixture's crowns, ensuring a clean and seamless design. Glass is securely attached to the crown with a precision threading mechanism, allowing the glass to screw onto the crown seamlessly. The refraction effect enhances the ambient glow, adding depth and complexity to the lighting, while casting intriguing patterns on surrounding surfaces. Integrated dimmable LED light source."
12272-037,"The pressed glass technique creates a refined yet artisanal look, forming a distinctive and textured glass pendant. LED light source is discreetly hidden within the fixture's crowns, ensuring a clean and seamless design. Glass is securely attached to the crown with a precision threading mechanism, allowing the glass to screw onto the crown seamlessly. The refraction effect enhances the ambient glow, adding depth and complexity to the lighting, while casting intriguing patterns on surrounding surfaces. Integrated dimmable LED light source."
12272-048,"The pressed glass technique creates a refined yet artisanal look, forming a distinctive and textured glass pendant. LED light source is discreetly hidden within the fixture's crowns, ensuring a clean and seamless design. Glass is securely attached to the crown with a precision threading mechanism, allowing the glass to screw onto the crown seamlessly. The refraction effect enhances the ambient glow, adding depth and complexity to the lighting, while casting intriguing patterns on surrounding surfaces. Integrated dimmable LED light source."
12273-037,"The pressed glass technique creates a refined yet artisanal look, forming a distinctive and textured glass pendant. LED light source is discreetly hidden within the fixture's crowns, ensuring a clean and seamless design. Glass is securely attached to the crown with a precision threading mechanism, allowing the glass to screw onto the crown seamlessly. The refraction effect enhances the ambient glow, adding depth and complexity to the lighting, while casting intriguing patterns on surrounding surfaces. Integrated dimmable LED light source."
12273-048,"The pressed glass technique creates a refined yet artisanal look, forming a distinctive and textured glass pendant. LED light source is discreetly hidden within the fixture's crowns, ensuring a clean and seamless design. Glass is securely attached to the crown with a precision threading mechanism, allowing the glass to screw onto the crown seamlessly. The refraction effect enhances the ambient glow, adding depth and complexity to the lighting, while casting intriguing patterns on surrounding surfaces. Integrated dimmable LED light source."
12274-037,"The pressed glass technique creates a refined yet artisanal look, forming a distinctive and textured glass pendant. LED light source is discreetly hidden within the fixture's crowns, ensuring a clean and seamless design. Glass is securely attached to the crown with a precision threading mechanism, allowing the glass to screw onto the crown seamlessly. The refraction effect enhances the ambient glow, adding depth and complexity to the lighting, while casting intriguing patterns on surrounding surfaces. Integrated dimmable LED light source."
12274-048,"The pressed glass technique creates a refined yet artisanal look, forming a distinctive and textured glass pendant. LED light source is discreetly hidden within the fixture's crowns, ensuring a clean and seamless design. Glass is securely attached to the crown with a precision threading mechanism, allowing the glass to screw onto the crown seamlessly. The refraction effect enhances the ambient glow, adding depth and complexity to the lighting, while casting intriguing patterns on surrounding surfaces. Integrated dimmable LED light source."
12275-037,"The pressed glass technique creates a refined yet artisanal look, forming a distinctive and textured glass pendant. LED light source is discreetly hidden within the fixture's crowns, ensuring a clean and seamless design. Glass is securely attached to the crown with a precision threading mechanism, allowing the glass to screw onto the crown seamlessly. The refraction effect enhances the ambient glow, adding depth and complexity to the lighting, while casting intriguing patterns on surrounding surfaces. Integrated dimmable LED light source."
12275-048,"The pressed glass technique creates a refined yet artisanal look, forming a distinctive and textured glass pendant. The pressed glass technique creates a refined yet artisanal look, forming a distinctive and textured glass pendant. Glass is securely attached to the crown with a precision threading mechanism, allowing the glass to screw onto the crown seamlessly. The refraction effect enhances the ambient glow, adding depth and complexity to the lighting, while casting intriguing patterns on surrounding surfaces. Integrated dimmable LED light source."
12276-037,"The pressed glass technique creates a refined yet artisanal look, forming a distinctive and textured glass pendant. LED light source is discreetly hidden within the fixture's crowns, ensuring a clean and seamless design. Glass is securely attached to the crown with a precision threading mechanism, allowing the glass to screw onto the crown seamlessly. The refraction effect enhances the ambient glow, adding depth and complexity to the lighting, while casting intriguing patterns on surrounding surfaces. Integrated dimmable LED light source."
12276-048,"The pressed glass technique creates a refined yet artisanal look, forming a distinctive and textured glass pendant. LED light source is discreetly hidden within the fixture's crowns, ensuring a clean and seamless design. Glass is securely attached to the crown with a precision threading mechanism, allowing the glass to screw onto the crown seamlessly. The refraction effect enhances the ambient glow, adding depth and complexity to the lighting, while casting intriguing patterns on surrounding surfaces. Integrated dimmable LED light source."
12284-02,"The striking design features round smoke and clear disks suspended on illuminated woven tubes, providing dynamic radiance that blends ambient and focused lighting to elevate the overall atmosphere of any room. Tube of light is draped in a stylish braided fabric, adding texture and elegance to the fixture while enhancing its visual appeal. Sleek matte black finish canopy adds a modern touch, while the included safety cable allows for easy height adjustment, ensuring a secure and customizable fit. Full adjustability, allowing you to customize the length and position of the extension tubes for the perfect lighting arrangement. Integrated dimmable LED light source."
12285-02,"The striking design features round smoke and clear disks suspended on illuminated woven tubes, providing dynamic radiance that blends ambient and focused lighting to elevate the overall atmosphere of any room. Tube of light is draped in a stylish braided fabric, adding texture and elegance to the fixture while enhancing its visual appeal. Sleek matte black finish canopy adds a modern touch, while the included safety cable allows for easy height adjustment, ensuring a secure and customizable fit. Full adjustability, allowing you to customize the length and position of the extension tubes for the perfect lighting arrangement. Integrated dimmable LED light source."
12287-02,"Features natural crushed quartz pressed into the handmade glass, adding a unique and earthy texture to each pendant. Each pendant is meticulously handcrafted, ensuring a distinctive, one-of-a-kind piece with exceptional artisanal craftsmanship. The pendant is securely held by a sleek gold bracket, adding a touch of sophistication and contrast to the natural quartz and glass design, enhancing the fixture's overall elegance. Effortlessly complements both modern and traditional interiors, bringing a natural elegance to any room. Integrated dimmable LED light source."
12287-030,"Features natural crushed quartz pressed into the handmade glass, adding a unique and earthy texture to each pendant. Each pendant is meticulously handcrafted, ensuring a distinctive, one-of-a-kind piece with exceptional artisanal craftsmanship. The pendant is securely held by a sleek gold bracket, adding a touch of sophistication and contrast to the natural quartz and glass design, enhancing the fixture's overall elegance. Effortlessly complements both modern and traditional interiors, bringing a natural elegance to any room. Integrated dimmable LED light source."
12288-02,"Features natural crushed quartz pressed into the handmade glass, adding a unique and earthy texture to each pendant. Each pendant is meticulously handcrafted, ensuring a distinctive, one-of-a-kind piece with exceptional artisanal craftsmanship. The pendant is securely held by a sleek gold bracket, adding a touch of sophistication and contrast to the natural quartz and glass design, enhancing the fixture's overall elegance. Effortlessly complements both modern and traditional interiors, bringing a natural elegance to any room. Integrated dimmable LED light source."
12288-030,"Features natural crushed quartz pressed into the handmade glass, adding a unique and earthy texture to each pendant. Each pendant is meticulously handcrafted, ensuring a distinctive, one-of-a-kind piece with exceptional artisanal craftsmanship. The pendant is securely held by a sleek gold bracket, adding a touch of sophistication and contrast to the natural quartz and glass design, enhancing the fixture's overall elegance. Effortlessly complements both modern and traditional interiors, bringing a natural elegance to any room. Integrated dimmable LED light source."
12289-02,"Features natural crushed quartz pressed into the handmade glass, adding a unique and earthy texture to each pendant. Each pendant is meticulously handcrafted, ensuring a distinctive, one-of-a-kind piece with exceptional artisanal craftsmanship. The pendant is securely held by a sleek gold bracket, adding a touch of sophistication and contrast to the natural quartz and glass design, enhancing the fixture's overall elegance. Effortlessly complements both modern and traditional interiors, bringing a natural elegance to any room. Integrated dimmable LED light source."
12289-030,"Features natural crushed quartz pressed into the handmade glass, adding a unique and earthy texture to each pendant. Each pendant is meticulously handcrafted, ensuring a distinctive, one-of-a-kind piece with exceptional artisanal craftsmanship. The pendant is securely held by a sleek gold bracket, adding a touch of sophistication and contrast to the natural quartz and glass design, enhancing the fixture's overall elegance. Effortlessly complements both modern and traditional interiors, bringing a natural elegance to any room. Integrated dimmable LED light source."
12290-02,"Features natural crushed quartz pressed into the handmade glass, adding a unique and earthy texture to each pendant. Each pendant is meticulously handcrafted, ensuring a distinctive, one-of-a-kind piece with exceptional artisanal craftsmanship. The pendant is securely held by a sleek gold bracket, adding a touch of sophistication and contrast to the natural quartz and glass design, enhancing the fixture's overall elegance. Effortlessly complements both modern and traditional interiors, bringing a natural elegance to any room. Integrated dimmable LED light source."
12290-030,"Features natural crushed quartz pressed into the handmade glass, adding a unique and earthy texture to each pendant. Each pendant is meticulously handcrafted, ensuring a distinctive, one-of-a-kind piece with exceptional artisanal craftsmanship. The pendant is securely held by a sleek gold bracket, adding a touch of sophistication and contrast to the natural quartz and glass design, enhancing the fixture's overall elegance. Effortlessly complements both modern and traditional interiors, bringing a natural elegance to any room. Integrated dimmable LED light source."
12291-02,"Features natural crushed quartz pressed into the handmade glass, adding a unique and earthy texture to each pendant. Each pendant is meticulously handcrafted, ensuring a distinctive, one-of-a-kind piece with exceptional artisanal craftsmanship. The pendant is securely held by a sleek gold bracket, adding a touch of sophistication and contrast to the natural quartz and glass design, enhancing the fixture's overall elegance. Effortlessly complements both modern and traditional interiors, bringing a natural elegance to any room. Integrated dimmable LED light source."
12291-030,"Features natural crushed quartz pressed into the handmade glass, adding a unique and earthy texture to each pendant. Each pendant is meticulously handcrafted, ensuring a distinctive, one-of-a-kind piece with exceptional artisanal craftsmanship. The pendant is securely held by a sleek gold bracket, adding a touch of sophistication and contrast to the natural quartz and glass design, enhancing the fixture's overall elegance. Effortlessly complements both modern and traditional interiors, bringing a natural elegance to any room. Integrated dimmable LED light source."
12292-02,"Features natural crushed quartz pressed into the handmade glass, adding a unique and earthy texture to each pendant. Each pendant is meticulously handcrafted, ensuring a distinctive, one-of-a-kind piece with exceptional artisanal craftsmanship. The pendant is securely held by a sleek gold bracket, adding a touch of sophistication and contrast to the natural quartz and glass design, enhancing the fixture's overall elegance. Effortlessly complements both modern and traditional interiors, bringing a natural elegance to any room. Integrated dimmable LED light source."
12292-030,"Features natural crushed quartz pressed into the handmade glass, adding a unique and earthy texture to each pendant. Each pendant is meticulously handcrafted, ensuring a distinctive, one-of-a-kind piece with exceptional artisanal craftsmanship. The pendant is securely held by a sleek gold bracket, adding a touch of sophistication and contrast to the natural quartz and glass design, enhancing the fixture's overall elegance. Effortlessly complements both modern and traditional interiors, bringing a natural elegance to any room. Integrated dimmable LED light source."
12293-02,"Features natural crushed quartz pressed into the handmade glass, adding a unique and earthy texture to each pendant. Each pendant is meticulously handcrafted, ensuring a distinctive, one-of-a-kind piece with exceptional artisanal craftsmanship. The pendant is securely held by a sleek gold bracket, adding a touch of sophistication and contrast to the natural quartz and glass design, enhancing the fixture's overall elegance. Effortlessly complements both modern and traditional interiors, bringing a natural elegance to any room. Integrated dimmable LED light source."
12293-030,"Features natural crushed quartz pressed into the handmade glass, adding a unique and earthy texture to each pendant. Each pendant is meticulously handcrafted, ensuring a distinctive, one-of-a-kind piece with exceptional artisanal craftsmanship. The pendant is securely held by a sleek gold bracket, adding a touch of sophistication and contrast to the natural quartz and glass design, enhancing the fixture's overall elegance. Effortlessly complements both modern and traditional interiors, bringing a natural elegance to any room. Integrated dimmable LED light source."
12294-02,"Features natural crushed quartz pressed into the handmade glass, adding a unique and earthy texture to each pendant. Each pendant is meticulously handcrafted, ensuring a distinctive, one-of-a-kind piece with exceptional artisanal craftsmanship. The pendant is securely held by a sleek gold bracket, adding a touch of sophistication and contrast to the natural quartz and glass design, enhancing the fixture's overall elegance. Effortlessly complements both modern and traditional interiors, bringing a natural elegance to any room. Integrated dimmable LED light source."
12294-030,"Features natural crushed quartz pressed into the handmade glass, adding a unique and earthy texture to each pendant. Each pendant is meticulously handcrafted, ensuring a distinctive, one-of-a-kind piece with exceptional artisanal craftsmanship. The pendant is securely held by a sleek gold bracket, adding a touch of sophistication and contrast to the natural quartz and glass design, enhancing the fixture's overall elegance. Effortlessly complements both modern and traditional interiors, bringing a natural elegance to any room. Integrated dimmable LED light source."
12295-02,"Features natural crushed quartz pressed into the handmade glass, adding a unique and earthy texture to each pendant. Each pendant is meticulously handcrafted, ensuring a distinctive, one-of-a-kind piece with exceptional artisanal craftsmanship. The pendant is securely held by a sleek gold bracket, adding a touch of sophistication and contrast to the natural quartz and glass design, enhancing the fixture's overall elegance. Effortlessly complements both modern and traditional interiors, bringing a natural elegance to any room. Integrated dimmable LED light source."
12295-030,"Features natural crushed quartz pressed into the handmade glass, adding a unique and earthy texture to each pendant. Each pendant is meticulously handcrafted, ensuring a distinctive, one-of-a-kind piece with exceptional artisanal craftsmanship. The pendant is securely held by a sleek gold bracket, adding a touch of sophistication and contrast to the natural quartz and glass design, enhancing the fixture's overall elegance. Effortlessly complements both modern and traditional interiors, bringing a natural elegance to any room. Integrated dimmable LED light source."
12296-02,"Features natural crushed quartz pressed into the handmade glass, adding a unique and earthy texture to each pendant. Each pendant is meticulously handcrafted, ensuring a distinctive, one-of-a-kind piece with exceptional artisanal craftsmanship. The pendant is securely held by a sleek gold bracket, adding a touch of sophistication and contrast to the natural quartz and glass design, enhancing the fixture's overall elegance. Effortlessly complements both modern and traditional interiors, bringing a natural elegance to any room. Integrated dimmable LED light source."
12296-030,"Features natural crushed quartz pressed into the handmade glass, adding a unique and earthy texture to each pendant. Each pendant is meticulously handcrafted, ensuring a distinctive, one-of-a-kind piece with exceptional artisanal craftsmanship. The pendant is securely held by a sleek gold bracket, adding a touch of sophistication and contrast to the natural quartz and glass design, enhancing the fixture's overall elegance. Effortlessly complements both modern and traditional interiors, bringing a natural elegance to any room. Integrated dimmable LED light source."
12297-02,"Features natural crushed quartz pressed into the handmade glass, adding a unique and earthy texture to each pendant. Each pendant is meticulously handcrafted, ensuring a distinctive, one-of-a-kind piece with exceptional artisanal craftsmanship. The pendant is securely held by a sleek gold bracket, adding a touch of sophistication and contrast to the natural quartz and glass design, enhancing the fixture's overall elegance. Effortlessly complements both modern and traditional interiors, bringing a natural elegance to any room. Integrated dimmable LED light source."
12297-030,"Features natural crushed quartz pressed into the handmade glass, adding a unique and earthy texture to each pendant. Each pendant is meticulously handcrafted, ensuring a distinctive, one-of-a-kind piece with exceptional artisanal craftsmanship. The pendant is securely held by a sleek gold bracket, adding a touch of sophistication and contrast to the natural quartz and glass design, enhancing the fixture's overall elegance. Effortlessly complements both modern and traditional interiors, bringing a natural elegance to any room. Integrated dimmable LED light source."
12298,"The striking design features round smoke and clear disks suspended on illuminated woven tubes, providing dynamic radiance that blends ambient and focused lighting to elevate the overall atmosphere of any room. Tube of light is draped in a stylish braided fabric, adding texture and elegance to the fixture while enhancing its visual appeal. Sleek matte black finish canopy adds a modern touch, while the included safety cable allows for easy height adjustment, ensuring a secure and customizable fit. Full adjustability, allowing you to customize the length and position of the extension tubes for the perfect lighting arrangement."
12299,"The striking design features round smoke and clear disks suspended on illuminated woven tubes, providing dynamic radiance that blends ambient and focused lighting to elevate the overall atmosphere of any room. Tube of light is draped in a stylish braided fabric, adding texture and elegance to the fixture while enhancing its visual appeal. Sleek matte black finish canopy adds a modern touch, while the included safety cable allows for easy height adjustment, ensuring a secure and customizable fit. Full adjustability, allowing you to customize the length and position of the extension tubes for the perfect lighting arrangement."
12300,"The striking design features round smoke and clear disks suspended on illuminated woven tubes, providing dynamic radiance that blends ambient and focused lighting to elevate the overall atmosphere of any room. Tube of light is draped in a stylish braided fabric, adding texture and elegance to the fixture while enhancing its visual appeal. Sleek matte black finish canopy adds a modern touch, while the included safety cable allows for easy height adjustment, ensuring a secure and customizable fit. Full adjustability, allowing you to customize the length and position of the extension tubes for the perfect lighting arrangement."
12306-043,"The handmade glass elements bring a distinctive touch of artistry and craftsmanship to the chandelier, elevating its aesthetic charm. The natural shape introduces an organic, fluid elegance, creating a visually captivating centerpiece. The bold black finish, complemented by natural gold accents, achieves a strikingly sleek and sophisticated style, perfect for contemporary interiors. Blending modern sophistication with timeless elegance, this fixture adds a refined touch of class to any room. The handmade glass elements are designed to diffuse light evenly, creating a warm and balanced illumination that enhances the ambiance of any space."
12307-043,"The handmade glass elements bring a distinctive touch of artistry and craftsmanship to the chandelier, elevating its aesthetic charm. The natural shape introduces an organic, fluid elegance, creating a visually captivating centerpiece. The bold black finish, complemented by natural gold accents, achieves a strikingly sleek and sophisticated style, perfect for contemporary interiors. Blending modern sophistication with timeless elegance, this fixture adds a refined touch of class to any room. The handmade glass elements are designed to diffuse light evenly, creating a warm and balanced illumination that enhances the ambiance of any space."
12308-043,"The handmade glass elements bring a distinctive touch of artistry and craftsmanship to the chandelier, elevating its aesthetic charm. The natural shape introduces an organic, fluid elegance, creating a visually captivating centerpiece. The bold black finish, complemented by natural gold accents, achieves a strikingly sleek and sophisticated style, perfect for contemporary interiors. Blending modern sophistication with timeless elegance, this fixture adds a refined touch of class to any room. The handmade glass elements are designed to diffuse light evenly, creating a warm and balanced illumination that enhances the ambiance of any space."
12309-043,"The handmade glass elements bring a distinctive touch of artistry and craftsmanship to the ceiling mount, elevating its aesthetic charm. The natural shape introduces an organic, fluid elegance, creating a visually captivating centerpiece. The bold black finish, complemented by natural gold accents, achieves a strikingly sleek and sophisticated style, perfect for contemporary interiors. Blending modern sophistication with timeless elegance, this fixture adds a refined touch of class to any room. The handmade glass elements are designed to diffuse light evenly, creating a warm and balanced illumination that enhances the ambiance of any space."
12310-043,"The handmade glass elements bring a distinctive touch of artistry and craftsmanship to the ceiling mount, elevating its aesthetic charm. The natural shape introduces an organic, fluid elegance, creating a visually captivating centerpiece. The bold black finish, complemented by natural gold accents, achieves a strikingly sleek and sophisticated style, perfect for contemporary interiors. Blending modern sophistication with timeless elegance, this fixture adds a refined touch of class to any room. The handmade glass elements are designed to diffuse light evenly, creating a warm and balanced illumination that enhances the ambiance of any space."
12311-043,"The handmade glass elements bring a distinctive touch of artistry and craftsmanship to the wall mount, elevating its aesthetic charm. The natural shape introduces an organic, fluid elegance, creating a visually captivating centerpiece. The bold black finish, complemented by natural gold accents, achieves a strikingly sleek and sophisticated style, perfect for contemporary interiors. Blending modern sophistication with timeless elegance, this fixture adds a refined touch of class to any room. The handmade glass elements are designed to diffuse light evenly, creating a warm and balanced illumination that enhances the ambiance of any space."
12312-043,"The handmade glass elements bring a distinctive touch of artistry and craftsmanship to the wall mount, elevating its aesthetic charm. The natural shape introduces an organic, fluid elegance, creating a visually captivating centerpiece. The bold black finish, complemented by natural gold accents, achieves a strikingly sleek and sophisticated style, perfect for contemporary interiors. Blending modern sophistication with timeless elegance, this fixture adds a refined touch of class to any room. The handmade glass elements are designed to diffuse light evenly, creating a warm and balanced illumination that enhances the ambiance of any space."
12313-040,"One of a kind Nettuno collection captures art in motion, inspired by ocean waves. Radiant light emanating from within a modern inspired metal ""basket"" ring. New unique matte dark grey finish. Integrated dimmable LED light source."
12313-041,"One of a kind Nettuno collection captures art in motion, inspired by ocean waves. Radiant light emanating from within a modern inspired metal ""basket"" ring. New unique metallic brushed champagne finish. Integrated dimmable LED light source."
12319-028,"This cast aluminum light fixture features a warm, gold leaf finish with a delicately sculpted, organic silhouette, almost as if the metal has been gently melted or carved into an irregular, lacy ring. Its wide, bowl-like center, with hand made glass, creates a soft, inward curve that catches and reflects the light beautifully. The illumination glows from beneath the textured surface, giving the entire piece a radiant, sun-like presence. adjustable Color Temperature for LED light sourcing. 5CCT."
12320-028,"This cast aluminum light fixture features a warm, gold leaf finish with a delicately sculpted, organic silhouette, almost as if the metal has been gently melted or carved into an irregular, lacy ring. Its wide, bowl-like center, with hand made glass, creates a soft, inward curve that catches and reflects the light beautifully. The illumination glows from beneath the textured surface, giving the entire piece a radiant, sun-like presence. adjustable Color Temperature for LED light sourcing. 5CCT."
12321-040,"This light fixture features a long, handmade glass sculptural form that resembles a gently curved leaf with a metal center. Its surface blends shimmering gold tones with softer, silvery textures, creating a dynamic interplay of light and shadow. Suspended by two nearly invisible cables, the piece appears to float effortlessly beneath a sleek canopy. Adjustable Color Temperature for LED light sourcing. This stunning piece offers versatile colour temperatures, creating a perfect ambiance wherever it shines."
12321-041,"This light fixture features a long, handmade glass sculptural form that resembles a gently curved leaf with a metal center. Its surface blends shimmering gold tones with softer, silvery textures, creating a dynamic interplay of light and shadow. Suspended by two nearly invisible cables, the piece appears to float effortlessly beneath a sleek canopy. Adjustable Color Temperature for LED light sourcing. This stunning piece offers versatile colour temperatures, creating a perfect ambiance wherever it shines."
12322-040,"This light fixture features a long, handmade glass sculptural form that resembles a gently curved leaf with a metal center. Its surface blends shimmering gold tones with softer, silvery textures, creating a dynamic interplay of light and shadow. Suspended by two nearly invisible cables, the piece appears to float effortlessly beneath a sleek canopy. Adjustable Color Temperature for LED light sourcing. This stunning piece offers versatile colour temperatures, creating a perfect ambiance wherever it shines."
12322-041,"This light fixture features a long, handmade glass sculptural form that resembles a gently curved leaf with a metal center. Its surface blends shimmering gold tones with softer, silvery textures, creating a dynamic interplay of light and shadow. Suspended by two nearly invisible cables, the piece appears to float effortlessly beneath a sleek canopy. adjustable Color Temperature for LED light sourcing. This stunning piece offers versatile colour temperatures, creating a perfect ambiance wherever it shines."
12325-043,"Handcrafted Piastra glass discs in rich cognac and clear tones create a luminous, artistic centerpiece. Each peice of glass is individually hand-pressed, ensuring no two pieces are ever the same. Integrated LED lighting within the glass discs offers a warm, radiant glow, seamlessly blending form and function. Soft, diffused light cascades through the glass, creating a mesmerizing interplay of texture and warmth. A gracefully organic-shaped frame adds a natural, sculptural elegance to the design."
12325-057,"Handcrafted Piastra glass discs in rich cognac and clear tones create a luminous, artistic centerpiece. Each peice of glass is individually hand-pressed, ensuring no two pieces are ever the same. Integrated LED lighting within the glass discs offers a warm, radiant glow, seamlessly blending form and function. Soft, diffused light cascades through the glass, creating a mesmerizing interplay of texture and warmth. A gracefully organic-shaped frame adds a natural, sculptural elegance to the design."
12326-043,"Handcrafted Piastra glass discs in rich cognac and clear tones create a luminous, artistic centerpiece. Each peice of glass is individually hand-pressed, ensuring no two pieces are ever the same. Integrated LED lighting within the glass discs offers a warm, radiant glow, seamlessly blending form and function. Soft, diffused light cascades through the glass, creating a mesmerizing interplay of texture and warmth. A gracefully organic-shaped frame adds a natural, sculptural elegance to the design."
12326-057,"Handcrafted Piastra glass discs in rich cognac and clear tones create a luminous, artistic centerpiece. Each peice of glass is individually hand-pressed, ensuring no two pieces are ever the same. Integrated LED lighting within the glass discs offers a warm, radiant glow, seamlessly blending form and function. Soft, diffused light cascades through the glass, creating a mesmerizing interplay of texture and warmth. A gracefully organic-shaped frame adds a natural, sculptural elegance to the design."
12327-043,"Handcrafted Piastra glass discs in rich cognac and clear tones create a luminous, artistic centerpiece. Each peice of glass is individually hand-pressed, ensuring no two pieces are ever the same. Integrated LED lighting within the glass discs offers a warm, radiant glow, seamlessly blending form and function. Soft, diffused light cascades through the glass, creating a mesmerizing interplay of texture and warmth. A gracefully organic-shaped frame adds a natural, sculptural elegance to the design."
12327-057,"Handcrafted Piastra glass discs in rich cognac and clear tones create a luminous, artistic centerpiece. Each peice of glass is individually hand-pressed, ensuring no two pieces are ever the same. Integrated LED lighting within the glass discs offers a warm, radiant glow, seamlessly blending form and function. Soft, diffused light cascades through the glass, creating a mesmerizing interplay of texture and warmth. A gracefully organic-shaped frame adds a natural, sculptural elegance to the design."
12328-043,"Handcrafted Piastra glass discs in rich cognac and clear tones create a luminous, artistic centerpiece. Each peice of glass is individually hand-pressed, ensuring no two pieces are ever the same. Integrated LED lighting within the glass discs offers a warm, radiant glow, seamlessly blending form and function. Soft, diffused light cascades through the glass, creating a mesmerizing interplay of texture and warmth. A gracefully organic-shaped frame adds a natural, sculptural elegance to the design."
12328-057,"Handcrafted Piastra glass discs in rich cognac and clear tones create a luminous, artistic centerpiece. Each peice of glass is individually hand-pressed, ensuring no two pieces are ever the same. Integrated LED lighting within the glass discs offers a warm, radiant glow, seamlessly blending form and function. Soft, diffused light cascades through the glass, creating a mesmerizing interplay of texture and warmth. A gracefully organic-shaped frame adds a natural, sculptural elegance to the design."
12330-037,"This light fixture features a dynamic, sculptural arrangement of twisting metal arms in a warm, golden finish. Clustered along these sweeping curves are irregular, hand-blown glass accented with delicate gold and silver leaf detailing, giving the piece a luxurious, artful presence. The glass forms resemble hand-shaped crystals, each catching and refracting light in a unique way. Suspended from a sleek canopy, the fixture becomes a striking statement that blends modern elegance with organic, expressive design. G9 LED with bulbs included."
12331-037,"This light fixture features a dynamic, sculptural arrangement of twisting metal arms in a warm, golden finish. Clustered along these sweeping curves are irregular, hand-blown glass accented with delicate gold and silver leaf detailing, giving the piece a luxurious, artful presence. The glass forms resemble hand-shaped crystals, each catching and refracting light in a unique way. Suspended from a sleek canopy, the fixture becomes a striking statement that blends modern elegance with organic, expressive design. G9 LED with bulbs included."
12332-061,"This light fixture features a pair of gracefully looping, ribbon-like metal arms finished in a hand pained soft, warm gold. Along these curves, small sculptural blossoms made of clustered natural quartz crystal petals serve as the light sources, giving the piece a delicate, nature-inspired charm. The interplay between the hammered texture of the metal and the sparkling clarity of the crystals creates a look that is both elegant and organic. Suspended from a simple canopy, the fixture brings a refined, whimsical presence to any space. Integrated LED."
12333-061,"This light fixture features a pair of gracefully looping, ribbon-like metal arms finished in a hand pained soft, warm gold. Along these curves, small sculptural blossoms made of clustered natural quartz crystal petals serve as the light sources, giving the piece a delicate, nature-inspired charm. The interplay between the hammered texture of the metal and the sparkling clarity of the crystals creates a look that is both elegant and organic. Suspended from a simple canopy, the fixture brings a refined, whimsical presence to any space. Integrated LED."
12334-028,"This light fixture resembles an illuminated flowering branch, with a network of gracefully twisting golden stems forming its structure. Scattered along these gold leaf branches are exquisitely detailed hand made glass blossoms in both frosted white and clear finishes, each petal delicately shaped to catch and diffuse the light. The combination of matte and transparent flowers creates a layered, ethereal glow that feels both artistic and botanical. Suspended from slender cables beneath a simple round canopy, the piece becomes a striking, sculptural centerpiece that brings a sense of natural elegance indoors. Integrated LED."
12335-028,"This light fixture resembles an illuminated flowering branch, with a network of gracefully twisting golden stems forming its structure. Scattered along these gold leaf branches are exquisitely detailed hand made glass blossoms in both frosted white and clear finishes, each petal delicately shaped to catch and diffuse the light. The combination of matte and transparent flowers creates a layered, ethereal glow that feels both artistic and botanical. Suspended from slender cables beneath a simple round canopy, the piece becomes a striking, sculptural centerpiece that brings a sense of natural elegance indoors. Integrated LED."
12336-028,"This light fixture resembles an illuminated flowering branch, with a network of gracefully twisting golden stems forming its structure. Scattered along these gold leaf branches are exquisitely detailed hand made glass blossoms in both frosted white and clear finishes, each petal delicately shaped to catch and diffuse the light. The combination of matte and transparent flowers creates a layered, ethereal glow that feels both artistic and botanical. Suspended from slender cables beneath a simple round canopy, the piece becomes a striking, sculptural centerpiece that brings a sense of natural elegance indoors. Integrated LED."
12337-028,"This light fixture resembles an illuminated flowering branch, with a network of gracefully twisting golden stems forming its structure. Scattered along these gold leaf branches are exquisitely detailed hand made glass blossoms in both frosted white and clear finishes, each petal delicately shaped to catch and diffuse the light. The combination of matte and transparent flowers creates a layered, ethereal glow that feels both artistic and botanical. Suspended from slender cables beneath a simple round canopy, the piece becomes a striking, sculptural centerpiece that brings a sense of natural elegance indoors. Integrated LED."
12338-028,"This light fixture resembles an illuminated flowering branch, with a network of gracefully twisting golden stems forming its structure. Scattered along these gold leaf branches are exquisitely detailed hand made glass blossoms in both frosted white and clear finishes, each petal delicately shaped to catch and diffuse the light. The combination of matte and transparent flowers creates a layered, ethereal glow that feels both artistic and botanical. Suspended from slender cables beneath a simple round canopy, the piece becomes a striking, sculptural centerpiece that brings a sense of natural elegance indoors. Integrated LED."
12339-028,"This light fixture resembles an illuminated flowering branch, with a network of gracefully twisting golden stems forming its structure. Scattered along these gold leaf branches are exquisitely detailed hand made glass blossoms in both frosted white and clear finishes, each petal delicately shaped to catch and diffuse the light. The combination of matte and transparent flowers creates a layered, ethereal glow that feels both artistic and botanical. Suspended from slender cables beneath a simple round canopy, the piece becomes a striking, sculptural centerpiece that brings a sense of natural elegance indoors. Integrated LED."
12347-02,Captivating alabaster stone rhombus illuminating from within. Choice of painted antique brass or matte black canopy with gold accent design provides a refined and luxurious look. The antique brass accent adds a sophistication to this glamorous fixture. Adjustable to accommodate any space with easy height strain reliefs. Integrated dimmable LED light source.
12347-030,Captivating alabaster stone rhombus illuminating from within. Choice of painted antique brass or matte black canopy with gold accent design provides a refined and luxurious look. The antique brass accent adds a sophistication to this glamorous fixture. Adjustable to accommodate any space with easy height strain reliefs. Integrated dimmable LED light source.
12348-02,Captivating alabaster stone ovoids gracefully illuminating from within. A beautiful array of different level ovoids creates a touch of elegance to any room. The choice of matte black or antique brass accent adds a sophistication to this galmorous fixture. Adjustable to accommodate any space with easy height strain reliefs. Integrated dimmable LED light source.
12348-030,Captivating alabaster stone ovoids gracefully illuminating from within. A beautiful array of different level ovoids creates a touch of elegance to any room. The choice of matte black or antique brass accent adds a sophistication to this galmorous fixture. Adjustable to accommodate any space with easy height strain reliefs. Integrated dimmable LED light source.
12349-02,Exquisite alabaster stone ovals illuminating from within and finished at the base with a magnificent gold rim to add a finished touch of elegance. A charming array of different level ovals creates a touch of elegance to any room. The antique brass accent adds a sophistication to this galmorous fixture. Adjustable to accommodate any space with easy height strain reliefs. Integrated dimmable LED light source.
12349-030,Exquisite alabaster stone ovals illuminating from within and finished at the base with a magnificent gold rim to add a finished touch of elegance. A charming array of different level ovals creates a touch of elegance to any room. The antique brass accent adds a sophistication to this galmorous fixture. Adjustable to accommodate any space with easy height strain reliefs. Integrated dimmable LED light source.
12350-02,Captivating alabaster stone ovoids illuminating from within. Choice of painted antique brass or matte black canopy with gold accent design provides a refined and luxurious look. The antique brass accent adds a sophistication to this glamorous fixture. Adjustable to accommodate any space with easy height strain reliefs. Integrated dimmable LED light source.
12350-030,Captivating alabaster stone ovoids illuminating from within. Choice of painted antique brass or matte black canopy with gold accent design provides a refined and luxurious look. The antique brass accent adds a sophistication to this glamorous fixture. Adjustable to accommodate any space with easy height strain reliefs. Integrated dimmable LED light source.
12351-02,Clear blown glass embraces the glow of the inner opal white glass to cast an optimal balance of light. Choice of painted antique brass or matte black canopy with gold accent design provides a refined and luxurious look. Adjustable to accommodate any space with easy height strain reliefs. Delicate and timeless design that will elevate your décor and create a stunning visual effect. Integrated dimmable LED light source.
12351-030,Clear blown glass embraces the glow of the inner opal white glass to cast an optimal balance of light. Choice of painted antique brass or matte black canopy with gold accent design provides a refined and luxurious look. Adjustable to accommodate any space with easy height strain reliefs. Delicate and timeless design that will elevate your décor and create a stunning visual effect. Integrated dimmable LED light source.
12352-02,"Encapsulated clouds emit a soft and shimmering cascade of light, adding style and grace to any space. Choice of painted antique brass or matte black canopy with gold accent design provides a refined and luxurious look. Sleek and stylish design is perfect for any room, providing a touch of glamour and luxury. Adjustable to accommodate any space with easy height strain reliefs. Integrated dimmable LED light source."
12352-030,"Encapsulated clouds emit a soft and shimmering cascade of light, adding style and grace to any space. Choice of painted antique brass or matte black canopy with gold accent design provides a refined and luxurious look. Sleek and stylish design is perfect for any room, providing a touch of glamour and luxury. Adjustable to accommodate any space with easy height strain reliefs. Integrated dimmable LED light source."
12353-02,"Blown glass with a handcrafted Alabaster Stone effect. Choice of painted antique brass or matte black canopy with gold accent design provides a refined and luxurious look. Glow-in glass, and LED downlight providing additional light output to your room for a truly perfect lighting experience. Adjustable to accommodate any space with easy height strain reliefs. Integrated dimmable LED light source."
12353-030,"Blown glass with a handcrafted Alabaster Stone effect. Choice of painted antique brass or matte black canopy with gold accent design provides a refined and luxurious look. Glow-in glass, and LED downlight providing additional light output to your room for a truly perfect lighting experience. Adjustable to accommodate any space with easy height strain reliefs. Integrated dimmable LED light source."
12354-02,Clear blown glass embraces the glow of the inner opal white glass to cast an optimal balance of light. Choice of painted antique brass or matte black canopy with gold accent design provides a refined and luxurious look. Adjustable to accommodate any space with easy height strain reliefs. Delicate and timeless design that will elevate your décor and create a stunning visual effect. Integrated dimmable LED light source.
12354-030,Clear blown glass embraces the glow of the inner opal white glass to cast an optimal balance of light. Choice of painted antique brass or matte black canopy with gold accent design provides a refined and luxurious look. Adjustable to accommodate any space with easy height strain reliefs. Delicate and timeless design that will elevate your décor and create a stunning visual effect. Integrated dimmable LED light source.
12355-02,Direct and indirect light play off one another creating a layered effect. Cylindrical capsule diffuser in a clear and opal glass for a radiant finish. Choice of painted antique brass or black canopy with gold accent design provides a refined and luxurious look. Adjustable to accommodate any space with easy height strain reliefs. Integrated dimmable LED light source.
12355-030,Direct and indirect light play off one another creating a layered effect. Cylindrical capsule diffuser in a clear and opal glass for a radiant finish. Choice of painted antique brass or black canopy with gold accent design provides a refined and luxurious look. Adjustable to accommodate any space with easy height strain reliefs. Integrated dimmable LED light source.
12357-02,"This light fixture is a dramatic multi-pendant chandelier featuring dozens of slender, gold-toned rods suspended from a canopy. Choice of painted antique brass or matte black canopy with gold accent design provides a refined and luxurious look. The antique brass accent adds a sophistication to this glamorous fixture. Adjustable to accommodate any space with easy height strain reliefs. Integrated dimmable LED light source."
12357-030,"This light fixture is a dramatic multi-pendant chandelier featuring dozens of slender, gold-toned rods suspended from a canopy. Choice of painted antique brass or matte black canopy with gold accent design provides a refined and luxurious look. The antique brass accent adds a sophistication to this glamorous fixture. Adjustable to accommodate any space with easy height strain reliefs. Integrated dimmable LED light source."
12358-02,"This light fixture is a dramatic multi-pendant chandelier featuring dozens of slender, gold-toned rods suspended from a canopy. Choice of painted antique brass or matte black canopy with gold accent design provides a refined and luxurious look. The antique brass accent adds a sophistication to this glamorous fixture. Adjustable to accommodate any space with easy height strain reliefs. Integrated dimmable LED light source."
12358-030,"This light fixture is a dramatic multi-pendant chandelier featuring dozens of slender, gold-toned rods suspended from a canopy. Choice of painted antique brass or matte black canopy with gold accent design provides a refined and luxurious look. The antique brass accent adds a sophistication to this glamorous fixture. Adjustable to accommodate any space with easy height strain reliefs. Integrated dimmable LED light source."
12359-02,"This light fixture is a dramatic multi-pendant chandelier featuring dozens of slender, gold-toned rods suspended from a canopy. Choice of painted antique brass or matte black canopy with gold accent design provides a refined and luxurious look. The antique brass accent adds a sophistication to this glamorous fixture. Adjustable to accommodate any space with easy height strain reliefs. Integrated dimmable LED light source."
12359-030,"This light fixture is a dramatic multi-pendant chandelier featuring dozens of slender, gold-toned rods suspended from a canopy. Choice of painted antique brass or matte black canopy with gold accent design provides a refined and luxurious look. The antique brass accent adds a sophistication to this glamorous fixture. Adjustable to accommodate any space with easy height strain reliefs. Integrated dimmable LED light source."
12360-02,"This light fixture is a dramatic multi-pendant chandelier featuring dozens of slender, gold-toned rods suspended from a canopy. Choice of painted antique brass or matte black canopy with gold accent design provides a refined and luxurious look. The antique brass accent adds a sophistication to this glamorous fixture. Adjustable to accommodate any space with easy height strain reliefs. Integrated dimmable LED light source."
12360-030,"This light fixture is a dramatic multi-pendant chandelier featuring dozens of slender, gold-toned rods suspended from a canopy. Choice of painted antique brass or matte black canopy with gold accent design provides a refined and luxurious look. The antique brass accent adds a sophistication to this glamorous fixture. Adjustable to accommodate any space with easy height strain reliefs. Integrated dimmable LED light source."
12361-02,"This light fixture is a dramatic multi-pendant chandelier featuring dozens of slender, gold-toned rods suspended from a canopy. Choice of painted antique brass or matte black canopy with gold accent design provides a refined and luxurious look. The antique brass accent adds a sophistication to this glamorous fixture. Adjustable to accommodate any space with easy height strain reliefs. Integrated dimmable LED light source."
12361-030,"This light fixture is a dramatic multi-pendant chandelier featuring dozens of slender, gold-toned rods suspended from a canopy. Choice of painted antique brass or matte black canopy with gold accent design provides a refined and luxurious look. The antique brass accent adds a sophistication to this glamorous fixture. Adjustable to accommodate any space with easy height strain reliefs. Integrated dimmable LED light source."
12362-02,"This light fixture is a dramatic multi-pendant chandelier featuring dozens of slender, gold-toned rods suspended from a canopy. Choice of painted antique brass or matte black canopy with gold accent design provides a refined and luxurious look. The antique brass accent adds a sophistication to this glamorous fixture. Adjustable to accommodate any space with easy height strain reliefs. Integrated dimmable LED light source."
12362-030,"This light fixture is a dramatic multi-pendant chandelier featuring dozens of slender, gold-toned rods suspended from a canopy. Choice of painted antique brass or matte black canopy with gold accent design provides a refined and luxurious look. The antique brass accent adds a sophistication to this glamorous fixture. Adjustable to accommodate any space with easy height strain reliefs. Integrated dimmable LED light source."
12363-02,"This light fixture is a dramatic multi-pendant chandelier featuring dozens of slender, gold-toned rods suspended from a canopy. Choice of painted antique brass or matte black canopy with gold accent design provides a refined and luxurious look. The antique brass accent adds a sophistication to this glamorous fixture. Adjustable to accommodate any space with easy height strain reliefs. Integrated dimmable LED light source."
12363-030,"This light fixture is a dramatic multi-pendant chandelier featuring dozens of slender, gold-toned rods suspended from a canopy. Choice of painted antique brass or matte black canopy with gold accent design provides a refined and luxurious look. The antique brass accent adds a sophistication to this glamorous fixture. Adjustable to accommodate any space with easy height strain reliefs. Integrated dimmable LED light source."
12364-02,"This light fixture is a dramatic multi-pendant chandelier featuring dozens of slender, gold-toned rods suspended from a canopy. Choice of painted antique brass or matte black canopy with gold accent design provides a refined and luxurious look. The antique brass accent adds a sophistication to this glamorous fixture. Adjustable to accommodate any space with easy height strain reliefs. Integrated dimmable LED light source."
12364-030,"This light fixture is a dramatic multi-pendant chandelier featuring dozens of slender, gold-toned rods suspended from a canopy. Choice of painted antique brass or matte black canopy with gold accent design provides a refined and luxurious look. The antique brass accent adds a sophistication to this glamorous fixture. Adjustable to accommodate any space with easy height strain reliefs. Integrated dimmable LED light source."
12365-02,"This light fixture is a dramatic multi-pendant chandelier featuring dozens of slender, gold-toned rods suspended from a canopy. Choice of painted antique brass or matte black canopy with gold accent design provides a refined and luxurious look. The antique brass accent adds a sophistication to this glamorous fixture. Adjustable to accommodate any space with easy height strain reliefs. Integrated dimmable LED light source."
12365-030,"This light fixture is a dramatic multi-pendant chandelier featuring dozens of slender, gold-toned rods suspended from a canopy. Choice of painted antique brass or matte black canopy with gold accent design provides a refined and luxurious look. The antique brass accent adds a sophistication to this glamorous fixture. Adjustable to accommodate any space with easy height strain reliefs. Integrated dimmable LED light source."
12366-02,"This light fixture is a dramatic multi-pendant chandelier featuring dozens of slender, gold-toned rods suspended from a canopy. Choice of painted antique brass or matte black canopy with gold accent design provides a refined and luxurious look. The antique brass accent adds a sophistication to this glamorous fixture. Adjustable to accommodate any space with easy height strain reliefs. Integrated dimmable LED light source."
12366-030,"This light fixture is a dramatic multi-pendant chandelier featuring dozens of slender, gold-toned rods suspended from a canopy. Choice of painted antique brass or matte black canopy with gold accent design provides a refined and luxurious look. The antique brass accent adds a sophistication to this glamorous fixture. Adjustable to accommodate any space with easy height strain reliefs. Integrated dimmable LED light source."
12367-02,"This light fixture is a dramatic multi-pendant chandelier featuring dozens of slender, gold-toned rods suspended from a canopy. Choice of painted antique brass or matte black canopy with gold accent design provides a refined and luxurious look. The antique brass accent adds a sophistication to this glamorous fixture. Adjustable to accommodate any space with easy height strain reliefs. Integrated dimmable LED light source."
12367-030,"This light fixture is a dramatic multi-pendant chandelier featuring dozens of slender, gold-toned rods suspended from a canopy. Choice of painted antique brass or matte black canopy with gold accent design provides a refined and luxurious look. The antique brass accent adds a sophistication to this glamorous fixture. Adjustable to accommodate any space with easy height strain reliefs. Integrated dimmable LED light source."
12368-02,"This light fixture is a dramatic multi-pendant chandelier featuring dozens of slender, gold-toned rods suspended from a canopy. Choice of painted antique brass or matte black canopy with gold accent design provides a refined and luxurious look. The antique brass accent adds a sophistication to this glamorous fixture. Adjustable to accommodate any space with easy height strain reliefs. Integrated dimmable LED light source."
12368-030,"This light fixture is a dramatic multi-pendant chandelier featuring dozens of slender, gold-toned rods suspended from a canopy. Choice of painted antique brass or matte black canopy with gold accent design provides a refined and luxurious look. The antique brass accent adds a sophistication to this glamorous fixture. Adjustable to accommodate any space with easy height strain reliefs. Integrated dimmable LED light source."
12369-02,Captivating alabaster stone ovoids illuminating from within. Choice of painted antique brass or matte black canopy with gold accent design provides a refined and luxurious look. The antique brass accent adds a sophistication to this glamorous fixture. Adjustable to accommodate any space with easy height strain reliefs. Integrated dimmable LED light source.
12369-030,Captivating alabaster stone ovoids illuminating from within. Choice of painted antique brass or matte black canopy with gold accent design provides a refined and luxurious look. The antique brass accent adds a sophistication to this glamorous fixture. Adjustable to accommodate any space with easy height strain reliefs. Integrated dimmable LED light source.
12370-02,Captivating alabaster stone ovoids illuminating from within. Choice of painted antique brass or matte black canopy with gold accent design provides a refined and luxurious look. The antique brass accent adds a sophistication to this glamorous fixture. Adjustable to accommodate any space with easy height strain reliefs. Integrated dimmable LED light source.
12370-030,Captivating alabaster stone ovoids illuminating from within. Choice of painted antique brass or matte black canopy with gold accent design provides a refined and luxurious look. The antique brass accent adds a sophistication to this glamorous fixture. Adjustable to accommodate any space with easy height strain reliefs. Integrated dimmable LED light source.
12371-02,Captivating alabaster stone ovoids illuminating from within. Choice of painted antique brass or matte black canopy with gold accent design provides a refined and luxurious look. The antique brass accent adds a sophistication to this glamorous fixture. Adjustable to accommodate any space with easy height strain reliefs. Integrated dimmable LED light source.
12371-030,Captivating alabaster stone ovoids illuminating from within. Choice of painted antique brass or matte black canopy with gold accent design provides a refined and luxurious look. The antique brass accent adds a sophistication to this glamorous fixture. Adjustable to accommodate any space with easy height strain reliefs. Integrated dimmable LED light source.
12372-02,Captivating alabaster stone ovoids illuminating from within. Choice of painted antique brass or matte black canopy with gold accent design provides a refined and luxurious look. The antique brass accent adds a sophistication to this glamorous fixture. Adjustable to accommodate any space with easy height strain reliefs. Integrated dimmable LED light source.
12372-030,Captivating alabaster stone ovoids illuminating from within. Choice of painted antique brass or matte black canopy with gold accent design provides a refined and luxurious look. The antique brass accent adds a sophistication to this glamorous fixture. Adjustable to accommodate any space with easy height strain reliefs. Integrated dimmable LED light source.
12373-02,Captivating alabaster stone ovoids illuminating from within. Choice of painted antique brass or matte black canopy with gold accent design provides a refined and luxurious look. The antique brass accent adds a sophistication to this glamorous fixture. Adjustable to accommodate any space with easy height strain reliefs. Integrated dimmable LED light source.
12373-030,Captivating alabaster stone ovoids illuminating from within. Choice of painted antique brass or matte black canopy with gold accent design provides a refined and luxurious look. The antique brass accent adds a sophistication to this glamorous fixture. Adjustable to accommodate any space with easy height strain reliefs. Integrated dimmable LED light source.
12374-02,Captivating alabaster stone ovoids illuminating from within. Choice of painted antique brass or matte black canopy with gold accent design provides a refined and luxurious look. The antique brass accent adds a sophistication to this glamorous fixture. Adjustable to accommodate any space with easy height strain reliefs. Integrated dimmable LED light source.
12374-030,Captivating alabaster stone ovoids illuminating from within. Choice of painted antique brass or matte black canopy with gold accent design provides a refined and luxurious look. The antique brass accent adds a sophistication to this glamorous fixture. Adjustable to accommodate any space with easy height strain reliefs. Integrated dimmable LED light source.
12375-02,Captivating alabaster stone ovoids illuminating from within. Choice of painted antique brass or matte black canopy with gold accent design provides a refined and luxurious look. The antique brass accent adds a sophistication to this glamorous fixture. Adjustable to accommodate any space with easy height strain reliefs. Integrated dimmable LED light source.
12375-030,Captivating alabaster stone ovoids illuminating from within. Choice of painted antique brass or matte black canopy with gold accent design provides a refined and luxurious look. The antique brass accent adds a sophistication to this glamorous fixture. Adjustable to accommodate any space with easy height strain reliefs. Integrated dimmable LED light source.
12376-02,Captivating alabaster stone ovoids illuminating from within. Choice of painted antique brass or matte black canopy with gold accent design provides a refined and luxurious look. The antique brass accent adds a sophistication to this glamorous fixture. Adjustable to accommodate any space with easy height strain reliefs. Integrated dimmable LED light source.
12376-030,Captivating alabaster stone ovoids illuminating from within. Choice of painted antique brass or matte black canopy with gold accent design provides a refined and luxurious look. The antique brass accent adds a sophistication to this glamorous fixture. Adjustable to accommodate any space with easy height strain reliefs. Integrated dimmable LED light source.
12377-02,Captivating alabaster stone ovoids illuminating from within. Choice of painted antique brass or matte black canopy with gold accent design provides a refined and luxurious look. The antique brass accent adds a sophistication to this glamorous fixture. Adjustable to accommodate any space with easy height strain reliefs. Integrated dimmable LED light source.
12377-030,Captivating alabaster stone ovoids illuminating from within. Choice of painted antique brass or matte black canopy with gold accent design provides a refined and luxurious look. The antique brass accent adds a sophistication to this glamorous fixture. Adjustable to accommodate any space with easy height strain reliefs. Integrated dimmable LED light source.
12378-02,Captivating alabaster stone ovoids illuminating from within. Choice of painted antique brass or matte black canopy with gold accent design provides a refined and luxurious look. The antique brass accent adds a sophistication to this glamorous fixture. Adjustable to accommodate any space with easy height strain reliefs. Integrated dimmable LED light source.
12378-030,Captivating alabaster stone ovoids illuminating from within. Choice of painted antique brass or matte black canopy with gold accent design provides a refined and luxurious look. The antique brass accent adds a sophistication to this glamorous fixture. Adjustable to accommodate any space with easy height strain reliefs. Integrated dimmable LED light source.
12379-02,Captivating alabaster stone ovoids illuminating from within. Choice of painted antique brass or matte black canopy with gold accent design provides a refined and luxurious look. The antique brass accent adds a sophistication to this glamorous fixture. Adjustable to accommodate any space with easy height strain reliefs. Integrated dimmable LED light source.
12379-030,Captivating alabaster stone ovoids illuminating from within. Choice of painted antique brass or matte black canopy with gold accent design provides a refined and luxurious look. The antique brass accent adds a sophistication to this glamorous fixture. Adjustable to accommodate any space with easy height strain reliefs. Integrated dimmable LED light source.
12380-02,Captivating alabaster stone rhombus illuminating from within. Choice of painted antique brass or matte black canopy with gold accent design provides a refined and luxurious look. The antique brass accent adds a sophistication to this glamorous fixture. Adjustable to accommodate any space with easy height strain reliefs. Integrated dimmable LED light source.
12380-030,Captivating alabaster stone rhombus illuminating from within. Choice of painted antique brass or matte black canopy with gold accent design provides a refined and luxurious look. The antique brass accent adds a sophistication to this glamorous fixture. Adjustable to accommodate any space with easy height strain reliefs. Integrated dimmable LED light source.
12381-02,Captivating alabaster stone rhombus illuminating from within. Choice of painted antique brass or matte black canopy with gold accent design provides a refined and luxurious look. The antique brass accent adds a sophistication to this glamorous fixture. Adjustable to accommodate any space with easy height strain reliefs. Integrated dimmable LED light source.
12381-030,Captivating alabaster stone rhombus illuminating from within. Choice of painted antique brass or matte black canopy with gold accent design provides a refined and luxurious look. The antique brass accent adds a sophistication to this glamorous fixture. Adjustable to accommodate any space with easy height strain reliefs. Integrated dimmable LED light source.
12382-02,Captivating alabaster stone rhombus illuminating from within. Choice of painted antique brass or matte black canopy with gold accent design provides a refined and luxurious look. The antique brass accent adds a sophistication to this glamorous fixture. Adjustable to accommodate any space with easy height strain reliefs. Integrated dimmable LED light source.
12382-030,Captivating alabaster stone rhombus illuminating from within. Choice of painted antique brass or matte black canopy with gold accent design provides a refined and luxurious look. The antique brass accent adds a sophistication to this glamorous fixture. Adjustable to accommodate any space with easy height strain reliefs. Integrated dimmable LED light source.
12383-02,Captivating alabaster stone rhombus illuminating from within. Choice of painted antique brass or matte black canopy with gold accent design provides a refined and luxurious look. The antique brass accent adds a sophistication to this glamorous fixture. Adjustable to accommodate any space with easy height strain reliefs. Integrated dimmable LED light source.
12383-030,Captivating alabaster stone rhombus illuminating from within. Choice of painted antique brass or matte black canopy with gold accent design provides a refined and luxurious look. The antique brass accent adds a sophistication to this glamorous fixture. Adjustable to accommodate any space with easy height strain reliefs. Integrated dimmable LED light source.
12384-02,Captivating alabaster stone rhombus illuminating from within. Choice of painted antique brass or matte black canopy with gold accent design provides a refined and luxurious look. The antique brass accent adds a sophistication to this glamorous fixture. Adjustable to accommodate any space with easy height strain reliefs. Integrated dimmable LED light source.
12384-030,Captivating alabaster stone rhombus illuminating from within. Choice of painted antique brass or matte black canopy with gold accent design provides a refined and luxurious look. The antique brass accent adds a sophistication to this glamorous fixture. Adjustable to accommodate any space with easy height strain reliefs. Integrated dimmable LED light source.
12385-02,Captivating alabaster stone rhombus illuminating from within. Choice of painted antique brass or matte black canopy with gold accent design provides a refined and luxurious look. The antique brass accent adds a sophistication to this glamorous fixture. Adjustable to accommodate any space with easy height strain reliefs. Integrated dimmable LED light source.
12385-030,Captivating alabaster stone rhombus illuminating from within. Choice of painted antique brass or matte black canopy with gold accent design provides a refined and luxurious look. The antique brass accent adds a sophistication to this glamorous fixture. Adjustable to accommodate any space with easy height strain reliefs. Integrated dimmable LED light source.
12386-02,Captivating alabaster stone rhombus illuminating from within. Choice of painted antique brass or matte black canopy with gold accent design provides a refined and luxurious look. The antique brass accent adds a sophistication to this glamorous fixture. Adjustable to accommodate any space with easy height strain reliefs. Integrated dimmable LED light source.
12386-030,Captivating alabaster stone rhombus illuminating from within. Choice of painted antique brass or matte black canopy with gold accent design provides a refined and luxurious look. The antique brass accent adds a sophistication to this glamorous fixture. Adjustable to accommodate any space with easy height strain reliefs. Integrated dimmable LED light source.
12387-02,Captivating alabaster stone rhombus illuminating from within. Choice of painted antique brass or matte black canopy with gold accent design provides a refined and luxurious look. The antique brass accent adds a sophistication to this glamorous fixture. Adjustable to accommodate any space with easy height strain reliefs. Integrated dimmable LED light source.
12387-030,Captivating alabaster stone rhombus illuminating from within. Choice of painted antique brass or matte black canopy with gold accent design provides a refined and luxurious look. The antique brass accent adds a sophistication to this glamorous fixture. Adjustable to accommodate any space with easy height strain reliefs. Integrated dimmable LED light source.
12388-02,Captivating alabaster stone rhombus illuminating from within. Choice of painted antique brass or matte black canopy with gold accent design provides a refined and luxurious look. The antique brass accent adds a sophistication to this glamorous fixture. Adjustable to accommodate any space with easy height strain reliefs. Integrated dimmable LED light source.
12388-030,Captivating alabaster stone rhombus illuminating from within. Choice of painted antique brass or matte black canopy with gold accent design provides a refined and luxurious look. The antique brass accent adds a sophistication to this glamorous fixture. Adjustable to accommodate any space with easy height strain reliefs. Integrated dimmable LED light source.
12389-02,Captivating alabaster stone rhombus illuminating from within. Choice of painted antique brass or matte black canopy with gold accent design provides a refined and luxurious look. The antique brass accent adds a sophistication to this glamorous fixture. Adjustable to accommodate any space with easy height strain reliefs. Integrated dimmable LED light source.
12389-030,Captivating alabaster stone rhombus illuminating from within. Choice of painted antique brass or matte black canopy with gold accent design provides a refined and luxurious look. The antique brass accent adds a sophistication to this glamorous fixture. Adjustable to accommodate any space with easy height strain reliefs. Integrated dimmable LED light source.
12390-02,Captivating alabaster stone rhombus illuminating from within. Choice of painted antique brass or matte black canopy with gold accent design provides a refined and luxurious look. The antique brass accent adds a sophistication to this glamorous fixture. Adjustable to accommodate any space with easy height strain reliefs. Integrated dimmable LED light source.
12390-030,Captivating alabaster stone rhombus illuminating from within. Choice of painted antique brass or matte black canopy with gold accent design provides a refined and luxurious look. The antique brass accent adds a sophistication to this glamorous fixture. Adjustable to accommodate any space with easy height strain reliefs. Integrated dimmable LED light source.
12391-022,"This fixture features a series of sweeping, arms made from linked, faceted crystal elements that create a shimmering, sculptural presence. Each arm extends gracefully from its own round canopy, giving the installation a dynamic, multi-point layout across the ceiling. The crystals are set within polished metal frames that enhance their sparkle and lend a sleek, contemporary feel. The design resembles cascading strands of illuminated jewelry, bringing a sense of luxury and movement to any modern space. Integrated dimmable LED light source."
12391-058,"This fixture features a series of sweeping, arms made from linked, faceted crystal elements that create a shimmering, sculptural presence. Each arm extends gracefully from its own round canopy, giving the installation a dynamic, multi-point layout across the ceiling. The crystals are set within polished metal frames that enhance their sparkle and lend a sleek, contemporary feel. The design resembles cascading strands of illuminated jewelry, bringing a sense of luxury and movement to any modern space. Integrated dimmable LED light source."
12392-022,"This fixture features a series of sweeping, arms made from linked, faceted crystal elements that create a shimmering, sculptural presence. Each arm extends gracefully from its own round canopy, giving the installation a dynamic, multi-point layout across the ceiling. The crystals are set within polished metal frames that enhance their sparkle and lend a sleek, contemporary feel. The design resembles cascading strands of illuminated jewelry, bringing a sense of luxury and movement to any modern space. Integrated dimmable LED light source."
12392-058,"This fixture features a series of sweeping, arms made from linked, faceted crystal elements that create a shimmering, sculptural presence. Each arm extends gracefully from its own round canopy, giving the installation a dynamic, multi-point layout across the ceiling. The crystals are set within polished metal frames that enhance their sparkle and lend a sleek, contemporary feel. The design resembles cascading strands of illuminated jewelry, bringing a sense of luxury and movement to any modern space. Integrated dimmable LED light source."
12393-022,"This fixture features a series of sweeping, arms made from linked, faceted crystal elements that create a shimmering, sculptural presence. Each arm extends gracefully from its own round canopy, giving the installation a dynamic, multi-point layout across the ceiling. The crystals are set within polished metal frames that enhance their sparkle and lend a sleek, contemporary feel. The design resembles cascading strands of illuminated jewelry, bringing a sense of luxury and movement to any modern space. Integrated dimmable LED light source."
12393-058,"This fixture features a series of sweeping, arms made from linked, faceted crystal elements that create a shimmering, sculptural presence. Each arm extends gracefully from its own round canopy, giving the installation a dynamic, multi-point layout across the ceiling. The crystals are set within polished metal frames that enhance their sparkle and lend a sleek, contemporary feel. The design resembles cascading strands of illuminated jewelry, bringing a sense of luxury and movement to any modern space. Integrated dimmable LED light source."
12394-022,"This fixture features a series of sweeping, arms made from linked, faceted crystal elements that create a shimmering, sculptural presence. Each arm extends gracefully from its own round canopy, giving the installation a dynamic, multi-point layout across the ceiling. The crystals are set within polished metal frames that enhance their sparkle and lend a sleek, contemporary feel. The design resembles cascading strands of illuminated jewelry, bringing a sense of luxury and movement to any modern space. Integrated dimmable LED light source."
12394-058,"This fixture features a series of sweeping, arms made from linked, faceted crystal elements that create a shimmering, sculptural presence. Each arm extends gracefully from its own round canopy, giving the installation a dynamic, multi-point layout across the ceiling. The crystals are set within polished metal frames that enhance their sparkle and lend a sleek, contemporary feel. The design resembles cascading strands of illuminated jewelry, bringing a sense of luxury and movement to any modern space. Integrated dimmable LED light source."
12395-022,"This fixture features a series of sweeping, arms made from linked, faceted crystal elements that create a shimmering, sculptural presence. Each arm extends gracefully from its own round canopy, giving the installation a dynamic, multi-point layout across the ceiling. The crystals are set within polished metal frames that enhance their sparkle and lend a sleek, contemporary feel. The design resembles cascading strands of illuminated jewelry, bringing a sense of luxury and movement to any modern space. Integrated dimmable LED light source."
12395-058,"This fixture features a series of sweeping, arms made from linked, faceted crystal elements that create a shimmering, sculptural presence. Each arm extends gracefully from its own round canopy, giving the installation a dynamic, multi-point layout across the ceiling. The crystals are set within polished metal frames that enhance their sparkle and lend a sleek, contemporary feel. The design resembles cascading strands of illuminated jewelry, bringing a sense of luxury and movement to any modern space. Integrated dimmable LED light source."
12396-022,"This fixture features a series of sweeping, arms made from linked, faceted crystal elements that create a shimmering, sculptural presence. Each arm extends gracefully from its own round canopy, giving the installation a dynamic, multi-point layout across the ceiling. The crystals are set within polished metal frames that enhance their sparkle and lend a sleek, contemporary feel. The design resembles cascading strands of illuminated jewelry, bringing a sense of luxury and movement to any modern space. Integrated dimmable LED light source."
12396-058,"This fixture features a series of sweeping, arms made from linked, faceted crystal elements that create a shimmering, sculptural presence. Each arm extends gracefully from its own round canopy, giving the installation a dynamic, multi-point layout across the ceiling. The crystals are set within polished metal frames that enhance their sparkle and lend a sleek, contemporary feel. The design resembles cascading strands of illuminated jewelry, bringing a sense of luxury and movement to any modern space. Integrated dimmable LED light source."
12404-01,"Abstract geometric design creates a bold and captivating visual impact, drawing attention and adding a dynamic, modern touch to any space. Exquisite hand-pulled crystal elements bring a unique, artisanal touch to the fixture, with each piece crafted with meticulous care to create a one-of-a-kind look. Mirrored finish of the stainless steel enhances the overall design, reflecting light and creating a striking contrast with the crystal, adding depth and brilliance to the piece. A modern contemporary aesthetic, blending artistic craftsmanship with cutting-edge style to enhance any space with sophisticated flair."
12404-037,"Abstract geometric design creates a bold and captivating visual impact, drawing attention and adding a dynamic, modern touch to any space. Exquisite hand-pulled crystal elements bring a unique, artisanal touch to the fixture, with each piece crafted with meticulous care to create a one-of-a-kind look. Mirrored finish of the stainless steel enhances the overall design, reflecting light and creating a striking contrast with the crystal, adding depth and brilliance to the piece. A modern contemporary aesthetic, blending artistic craftsmanship with cutting-edge style to enhance any space with sophisticated flair."
12405-01,"Abstract geometric design creates a bold and captivating visual impact, drawing attention and adding a dynamic, modern touch to any space. Exquisite hand-pulled crystal elements bring a unique, artisanal touch to the fixture, with each piece crafted with meticulous care to create a one-of-a-kind look. Mirrored finish of the stainless steel enhances the overall design, reflecting light and creating a striking contrast with the crystal, adding depth and brilliance to the piece. A modern contemporary aesthetic, blending artistic craftsmanship with cutting-edge style to enhance any space with sophisticated flair."
12405-037,"Abstract geometric design creates a bold and captivating visual impact, drawing attention and adding a dynamic, modern touch to any space. Exquisite hand-pulled crystal elements bring a unique, artisanal touch to the fixture, with each piece crafted with meticulous care to create a one-of-a-kind look. Mirrored finish of the stainless steel enhances the overall design, reflecting light and creating a striking contrast with the crystal, adding depth and brilliance to the piece. A modern contemporary aesthetic, blending artistic craftsmanship with cutting-edge style to enhance any space with sophisticated flair."
12406-01,"Abstract geometric design creates a bold and captivating visual impact, drawing attention and adding a dynamic, modern touch to any space. Exquisite hand-pulled crystal elements bring a unique, artisanal touch to the fixture, with each piece crafted with meticulous care to create a one-of-a-kind look. Mirrored finish of the stainless steel enhances the overall design, reflecting light and creating a striking contrast with the crystal, adding depth and brilliance to the piece. A modern contemporary aesthetic, blending artistic craftsmanship with cutting-edge style to enhance any space with sophisticated flair."
12406-037,"Abstract geometric design creates a bold and captivating visual impact, drawing attention and adding a dynamic, modern touch to any space. Exquisite hand-pulled crystal elements bring a unique, artisanal touch to the fixture, with each piece crafted with meticulous care to create a one-of-a-kind look. Mirrored finish of the stainless steel enhances the overall design, reflecting light and creating a striking contrast with the crystal, adding depth and brilliance to the piece. A modern contemporary aesthetic, blending artistic craftsmanship with cutting-edge style to enhance any space with sophisticated flair."
12407-017-01,"Piastra glass carefully sculpted into clear, amber, and smoke glass options; in addition, hand-forged metal leaves provide a mesmerizing, cascading effect to any space. Unique design allows customized capabilities to fit any space, bringing a touch of nature’s beauty indoors. Soft curves against the shimmering light create a subtle yet eye-catching statement piece that will instantly elevate your decor. Elegant canopy finish featuring easy height adjustment strain reliefs."
12407-017-02,"Piastra glass carefully sculpted into clear, amber, and smoke glass options; in addition, hand-forged metal leaves provide a mesmerizing, cascading effect to any space. Unique design allows customized capabilities to fit any space, bringing a touch of nature’s beauty indoors. Soft curves against the shimmering light create a subtle yet eye-catching statement piece that will instantly elevate your decor. Elegant canopy finish featuring easy height adjustment strain reliefs."
12407-017-07,"Piastra glass carefully sculpted into clear, amber, and smoke glass options; in addition, hand-forged metal leaves provide a mesmerizing, cascading effect to any space. Unique design allows customized capabilities to fit any space, bringing a touch of nature’s beauty indoors. Soft curves against the shimmering light create a subtle yet eye-catching statement piece that will instantly elevate your decor. Elegant canopy finish featuring easy height adjustment strain reliefs."
12407-018-01,"Piastra glass carefully sculpted into clear, amber, and smoke glass options; in addition, hand-forged metal leaves provide a mesmerizing, cascading effect to any space. Unique design allows customized capabilities to fit any space, bringing a touch of nature’s beauty indoors. Soft curves against the shimmering light create a subtle yet eye-catching statement piece that will instantly elevate your decor. Elegant canopy finish featuring easy height adjustment strain reliefs."
12407-018-02,"Piastra glass carefully sculpted into clear, amber, and smoke glass options; in addition, hand-forged metal leaves provide a mesmerizing, cascading effect to any space. Unique design allows customized capabilities to fit any space, bringing a touch of nature’s beauty indoors. Soft curves against the shimmering light create a subtle yet eye-catching statement piece that will instantly elevate your decor. Elegant canopy finish featuring easy height adjustment strain reliefs."
12407-018-07,"Piastra glass carefully sculpted into clear, amber, and smoke glass options; in addition, hand-forged metal leaves provide a mesmerizing, cascading effect to any space. Unique design allows customized capabilities to fit any space, bringing a touch of nature’s beauty indoors. Soft curves against the shimmering light create a subtle yet eye-catching statement piece that will instantly elevate your decor. Elegant canopy finish featuring easy height adjustment strain reliefs."
12407-019-01,"Piastra glass carefully sculpted into clear, amber, and smoke glass options; in addition, hand-forged metal leaves provide a mesmerizing, cascading effect to any space. Unique design allows customized capabilities to fit any space, bringing a touch of nature’s beauty indoors. Soft curves against the shimmering light create a subtle yet eye-catching statement piece that will instantly elevate your decor. Elegant canopy finish featuring easy height adjustment strain reliefs."
12407-019-02,"Piastra glass carefully sculpted into clear, amber, and smoke glass options; in addition, hand-forged metal leaves provide a mesmerizing, cascading effect to any space. Unique design allows customized capabilities to fit any space, bringing a touch of nature’s beauty indoors. Soft curves against the shimmering light create a subtle yet eye-catching statement piece that will instantly elevate your decor. Elegant canopy finish featuring easy height adjustment strain reliefs."
12407-019-07,"Piastra glass carefully sculpted into clear, amber, and smoke glass options; in addition, hand-forged metal leaves provide a mesmerizing, cascading effect to any space. Unique design allows customized capabilities to fit any space, bringing a touch of nature’s beauty indoors. Soft curves against the shimmering light create a subtle yet eye-catching statement piece that will instantly elevate your decor. Elegant canopy finish featuring easy height adjustment strain reliefs."
12407-020-01,"Piastra glass carefully sculpted into clear, amber, and smoke glass options; in addition, hand-forged metal leaves provide a mesmerizing, cascading effect to any space. Unique design allows customized capabilities to fit any space, bringing a touch of nature’s beauty indoors. Soft curves against the shimmering light create a subtle yet eye-catching statement piece that will instantly elevate your decor. Elegant canopy finish featuring easy height adjustment strain reliefs."
12407-020-02,"Piastra glass carefully sculpted into clear, amber, and smoke glass options; in addition, hand-forged metal leaves provide a mesmerizing, cascading effect to any space. Unique design allows customized capabilities to fit any space, bringing a touch of nature’s beauty indoors. Soft curves against the shimmering light create a subtle yet eye-catching statement piece that will instantly elevate your decor. Elegant canopy finish featuring easy height adjustment strain reliefs."
12407-020-07,"Piastra glass carefully sculpted into clear, amber, and smoke glass options; in addition, hand-forged metal leaves provide a mesmerizing, cascading effect to any space. Unique design allows customized capabilities to fit any space, bringing a touch of nature’s beauty indoors. Soft curves against the shimmering light create a subtle yet eye-catching statement piece that will instantly elevate your decor. Elegant canopy finish featuring easy height adjustment strain reliefs."
12407-023-01,"Piastra glass carefully sculpted into clear, amber, and smoke glass options; in addition, hand-forged metal leaves provide a mesmerizing, cascading effect to any space. Unique design allows customized capabilities to fit any space, bringing a touch of nature’s beauty indoors. Soft curves against the shimmering light create a subtle yet eye-catching statement piece that will instantly elevate your decor. Elegant canopy finish featuring easy height adjustment strain reliefs."
12407-023-02,"Piastra glass carefully sculpted into clear, amber, and smoke glass options; in addition, hand-forged metal leaves provide a mesmerizing, cascading effect to any space. Unique design allows customized capabilities to fit any space, bringing a touch of nature’s beauty indoors. Soft curves against the shimmering light create a subtle yet eye-catching statement piece that will instantly elevate your decor. Elegant canopy finish featuring easy height adjustment strain reliefs."
12407-023-07,"Piastra glass carefully sculpted into clear, amber, and smoke glass options; in addition, hand-forged metal leaves provide a mesmerizing, cascading effect to any space. Unique design allows customized capabilities to fit any space, bringing a touch of nature’s beauty indoors. Soft curves against the shimmering light create a subtle yet eye-catching statement piece that will instantly elevate your decor. Elegant canopy finish featuring easy height adjustment strain reliefs."
12407-024-01,"Piastra glass carefully sculpted into clear, amber, and smoke glass options; in addition, hand-forged metal leaves provide a mesmerizing, cascading effect to any space. Unique design allows customized capabilities to fit any space, bringing a touch of nature’s beauty indoors. Soft curves against the shimmering light create a subtle yet eye-catching statement piece that will instantly elevate your decor. Elegant canopy finish featuring easy height adjustment strain reliefs."
12407-024-02,"Piastra glass carefully sculpted into clear, amber, and smoke glass options; in addition, hand-forged metal leaves provide a mesmerizing, cascading effect to any space. Unique design allows customized capabilities to fit any space, bringing a touch of nature’s beauty indoors. Soft curves against the shimmering light create a subtle yet eye-catching statement piece that will instantly elevate your decor. Elegant canopy finish featuring easy height adjustment strain reliefs."
12407-024-07,"Piastra glass carefully sculpted into clear, amber, and smoke glass options; in addition, hand-forged metal leaves provide a mesmerizing, cascading effect to any space. Unique design allows customized capabilities to fit any space, bringing a touch of nature’s beauty indoors. Soft curves against the shimmering light create a subtle yet eye-catching statement piece that will instantly elevate your decor. Elegant canopy finish featuring easy height adjustment strain reliefs."
12414-02,"The striking design features round smoke and clear disks suspended on illuminated woven tubes, providing dynamic radiance that blends ambient and focused lighting to elevate the overall atmosphere of any room. Tube of light is draped in a stylish braided fabric, adding texture and elegance to the fixture while enhancing its visual appeal. Sleek matte black finish canopy adds a modern touch, while the included safety cable allows for easy height adjustment, ensuring a secure and customizable fit. Full adjustability, allowing you to customize the length and position of the extension tubes for the perfect lighting arrangement. Integrated dimmable LED light source."
12415-02,"The striking design features round smoke and clear disks suspended on illuminated woven tubes, providing dynamic radiance that blends ambient and focused lighting to elevate the overall atmosphere of any room. Tube of light is draped in a stylish braided fabric, adding texture and elegance to the fixture while enhancing its visual appeal. Sleek matte black finish canopy adds a modern touch, while the included safety cable allows for easy height adjustment, ensuring a secure and customizable fit. Full adjustability, allowing you to customize the length and position of the extension tubes for the perfect lighting arrangement. Integrated dimmable LED light source."
12416-02,"The striking design features round smoke and clear disks suspended on illuminated woven tubes, providing dynamic radiance that blends ambient and focused lighting to elevate the overall atmosphere of any room. Tube of light is draped in a stylish braided fabric, adding texture and elegance to the fixture while enhancing its visual appeal. Sleek matte black finish canopy adds a modern touch, while the included safety cable allows for easy height adjustment, ensuring a secure and customizable fit. Full adjustability, allowing you to customize the length and position of the extension tubes for the perfect lighting arrangement. Integrated dimmable LED light source."
12417-062,"This light fixture features a flowing, sculptural form made of solid brass, hand crafted intertwined, ribbon-like loops suspended from a long rectangular canopy. Its organic curves are wrapped in a warm, softly illuminated, natural alabaster interior surface that creates a gentle, ambient glow. The exterior has a luxurious metallic finish that highlights the fixture’s fluid, hand-formed appearance. A piece of modern art suspended in midair, ideal for adding drama and elegance to contemporary dining or living spaces."
12418-062,"This light fixture features a flowing, sculptural form made of solid brass, hand crafted intertwined, ribbon-like loops suspended from a long rectangular canopy. Its organic curves are wrapped in a warm, softly illuminated, natural alabaster interior surface that creates a gentle, ambient glow. The exterior has a luxurious metallic finish that highlights the fixture’s fluid, hand-formed appearance. A piece of modern art suspended in midair, ideal for adding drama and elegance to contemporary dining or living spaces."
12425-063,"This hand forged light fixture has a striking, sculptural form resembling a polished metallic ring with an open rectangular center. Its highly reflective stainless steel surface is perforated with countless tiny holes that allow points of warm light to shimmer through. Suspended from a simple round canopy by thin cables, the fixture appears to float effortlessly in the air. When illuminated, it creates a starry, atmospheric effect, making it a bold centerpiece for modern interiors."
12430-05,"Emanating light out into the surrounding space creates a beautiful blooming flower effect. The blade is hand-bent to create a precise V-shaped channel, ,and mixed with crystal rods to enhance its visual appeal. Available in soft brass and metallic black finish. Additional extension rods included to accommodate your needs."
12430-06,"Emanating light out into the surrounding space creates a beautiful blooming flower effect. The blade is hand-bent to create a precise V-shaped channel, ,and mixed with crystal rods to enhance its visual appeal. Available in soft brass and metallic black finish. Additional extension rods included to accommodate your needs."
12431-05,"Emanating light out into the surrounding space creates a beautiful blooming flower effect. The blade is hand-bent to create a precise V-shaped channel, ,and mixed with crystal rods to enhance its visual appeal. Available in soft brass and metallic black finish. Additional extension rods included to accommodate your needs."
12431-06,"Emanating light out into the surrounding space creates a beautiful blooming flower effect. The blade is hand-bent to create a precise V-shaped channel, ,and mixed with crystal rods to enhance its visual appeal. Available in soft brass and metallic black finish. Additional extension rods included to accommodate your needs."
12432-05,"Emanating light out into the surrounding space creates a beautiful blooming flower effect. The blade is hand-bent to create a precise V-shaped channel, ,and mixed with crystal rods to enhance its visual appeal. Available in soft brass and metallic black finish. Additional extension rods included to accommodate your needs."
12432-06,"Emanating light out into the surrounding space creates a beautiful blooming flower effect. The blade is hand-bent to create a precise V-shaped channel, ,and mixed with crystal rods to enhance its visual appeal. Available in soft brass and metallic black finish. Additional extension rods included to accommodate your needs."
12433-05,"Emanating light out into the surrounding space creates a beautiful blooming flower effect. The blade is hand-bent to create a precise V-shaped channel, ,and mixed with crystal rods to enhance its visual appeal. Available in soft brass and metallic black finish. Additional extension rods included to accommodate your needs."
12433-06,"Emanating light out into the surrounding space creates a beautiful blooming flower effect. The blade is hand-bent to create a precise V-shaped channel, ,and mixed with crystal rods to enhance its visual appeal. Available in soft brass and metallic black finish. Additional extension rods included to accommodate your needs."
12435-014,Unique metal cage in 2 finishes - brushed gunmetal and brushed gold. Large circular hand-molded glass with intricate ocean-like waves. Marrying form and function to create a captivating design. Integrated dimmable LED light source.
12435-032,Unique metal cage in 2 finishes - brushed gunmetal and brushed gold. Large circular hand-molded glass with intricate ocean-like waves. Marrying form and function to create a captivating design. Integrated dimmable LED light source.
12436-017-01,"Piastra glass carefully sculpted into clear, amber, and smoke glass options. Unique design allows customized capabilities to fit any space, bringing a touch of nature’s beauty indoors. Soft curves against the shimmering light create a subtle yet eye-catching statement piece that will instantly elevate your decor."
12436-017-02,"Piastra glass carefully sculpted into clear, amber, and smoke glass options. Unique design allows customized capabilities to fit any space, bringing a touch of nature’s beauty indoors. Soft curves against the shimmering light create a subtle yet eye-catching statement piece that will instantly elevate your decor."
12436-017-07,"Piastra glass carefully sculpted into clear, amber, and smoke glass options. Unique design allows customized capabilities to fit any space, bringing a touch of nature’s beauty indoors. Soft curves against the shimmering light create a subtle yet eye-catching statement piece that will instantly elevate your decor."
12436-018-01,"Piastra glass carefully sculpted into clear, amber, and smoke glass options. Unique design allows customized capabilities to fit any space, bringing a touch of nature’s beauty indoors. Soft curves against the shimmering light create a subtle yet eye-catching statement piece that will instantly elevate your decor."
12436-018-02,"Piastra glass carefully sculpted into clear, amber, and smoke glass options. Unique design allows customized capabilities to fit any space, bringing a touch of nature’s beauty indoors. Soft curves against the shimmering light create a subtle yet eye-catching statement piece that will instantly elevate your decor."
12436-018-07,"Piastra glass carefully sculpted into clear, amber, and smoke glass options. Unique design allows customized capabilities to fit any space, bringing a touch of nature’s beauty indoors. Soft curves against the shimmering light create a subtle yet eye-catching statement piece that will instantly elevate your decor."
12436-019-01,"Piastra glass carefully sculpted into clear, amber, and smoke glass options. Unique design allows customized capabilities to fit any space, bringing a touch of nature’s beauty indoors. Soft curves against the shimmering light create a subtle yet eye-catching statement piece that will instantly elevate your decor."
12436-019-02,"Piastra glass carefully sculpted into clear, amber, and smoke glass options. Unique design allows customized capabilities to fit any space, bringing a touch of nature’s beauty indoors. Soft curves against the shimmering light create a subtle yet eye-catching statement piece that will instantly elevate your decor."
12436-019-07,"Piastra glass carefully sculpted into clear, amber, and smoke glass options. Unique design allows customized capabilities to fit any space, bringing a touch of nature’s beauty indoors. Soft curves against the shimmering light create a subtle yet eye-catching statement piece that will instantly elevate your decor."
12437-017-01,"Piastra glass carefully sculpted into clear, amber, and smoke glass options. Unique design allows customized capabilities to fit any space, bringing a touch of nature’s beauty indoors. Soft curves against the shimmering light create a subtle yet eye-catching statement piece that will instantly elevate your decor."
12437-017-02,"Piastra glass carefully sculpted into clear, amber, and smoke glass options. Unique design allows customized capabilities to fit any space, bringing a touch of nature’s beauty indoors. Soft curves against the shimmering light create a subtle yet eye-catching statement piece that will instantly elevate your decor."
12437-017-07,"Piastra glass carefully sculpted into clear, amber, and smoke glass options. Unique design allows customized capabilities to fit any space, bringing a touch of nature’s beauty indoors. Soft curves against the shimmering light create a subtle yet eye-catching statement piece that will instantly elevate your decor."
12437-018-01,"Piastra glass carefully sculpted into clear, amber, and smoke glass options. Unique design allows customized capabilities to fit any space, bringing a touch of nature’s beauty indoors. Soft curves against the shimmering light create a subtle yet eye-catching statement piece that will instantly elevate your decor."
12437-018-02,"Piastra glass carefully sculpted into clear, amber, and smoke glass options. Unique design allows customized capabilities to fit any space, bringing a touch of nature’s beauty indoors. Soft curves against the shimmering light create a subtle yet eye-catching statement piece that will instantly elevate your decor."
12437-018-07,"Piastra glass carefully sculpted into clear, amber, and smoke glass options. Unique design allows customized capabilities to fit any space, bringing a touch of nature’s beauty indoors. Soft curves against the shimmering light create a subtle yet eye-catching statement piece that will instantly elevate your decor."
12437-019-01,"Piastra glass carefully sculpted into clear, amber, and smoke glass options. Unique design allows customized capabilities to fit any space, bringing a touch of nature’s beauty indoors. Soft curves against the shimmering light create a subtle yet eye-catching statement piece that will instantly elevate your decor."
12437-019-02,"Piastra glass carefully sculpted into clear, amber, and smoke glass options. Unique design allows customized capabilities to fit any space, bringing a touch of nature’s beauty indoors. Soft curves against the shimmering light create a subtle yet eye-catching statement piece that will instantly elevate your decor."
12437-019-07,"Piastra glass carefully sculpted into clear, amber, and smoke glass options. Unique design allows customized capabilities to fit any space, bringing a touch of nature’s beauty indoors. Soft curves against the shimmering light create a subtle yet eye-catching statement piece that will instantly elevate your decor."
12438-02,"This dramatic light fixture showcases a cascading cluster of hand blown transparent glass globes, each one uniquely shaped with gentle, organic contours creating more reflection. Inside every globe, a textured crystalline element softly scatters the light, creating a sparkling, luminous effect throughout the composition. The globes are suspended at varying lengths from an elegant canopy, giving the fixture a sense of movement and depth. It forms a striking chandelier that blends modern elegance with a sculptural, artisanal character."
12438-030,"This dramatic light fixture showcases a cascading cluster of hand blown transparent glass globes, each one uniquely shaped with gentle, organic contours creating more reflection. Inside every globe, a textured crystalline element softly scatters the light, creating a sparkling, luminous effect throughout the composition. The globes are suspended at varying lengths from an elegant canopy, giving the fixture a sense of movement and depth. It forms a striking chandelier that blends modern elegance with a sculptural, artisanal character."
12439-02,"This dramatic light fixture showcases a cascading cluster of hand blown transparent glass globes, each one uniquely shaped with gentle, organic contours creating more reflection. Inside every globe, a textured crystalline element softly scatters the light, creating a sparkling, luminous effect throughout the composition. The globes are suspended at varying lengths from an elegant canopy, giving the fixture a sense of movement and depth. It forms a striking chandelier that blends modern elegance with a sculptural, artisanal character."
12439-030,"This dramatic light fixture showcases a cascading cluster of hand blown transparent glass globes, each one uniquely shaped with gentle, organic contours creating more reflection. Inside every globe, a textured crystalline element softly scatters the light, creating a sparkling, luminous effect throughout the composition. The globes are suspended at varying lengths from an elegant canopy, giving the fixture a sense of movement and depth. It forms a striking chandelier that blends modern elegance with a sculptural, artisanal character."
12440-02,"This dramatic light fixture showcases a cascading cluster of hand blown transparent glass globes, each one uniquely shaped with gentle, organic contours creating more reflection. Inside every globe, a textured crystalline element softly scatters the light, creating a sparkling, luminous effect throughout the composition. The globes are suspended at varying lengths from an elegant canopy, giving the fixture a sense of movement and depth. It forms a striking chandelier that blends modern elegance with a sculptural, artisanal character."
12440-030,"This dramatic light fixture showcases a cascading cluster of hand blown transparent glass globes, each one uniquely shaped with gentle, organic contours creating more reflection. Inside every globe, a textured crystalline element softly scatters the light, creating a sparkling, luminous effect throughout the composition. The globes are suspended at varying lengths from an elegant canopy, giving the fixture a sense of movement and depth. It forms a striking chandelier that blends modern elegance with a sculptural, artisanal character."
12441-02,"This dramatic light fixture showcases a cascading cluster of hand blown transparent glass globes, each one uniquely shaped with gentle, organic contours creating more reflection. Inside every globe, a textured crystalline element softly scatters the light, creating a sparkling, luminous effect throughout the composition. The globes are suspended at varying lengths from an elegant canopy, giving the fixture a sense of movement and depth. It forms a striking chandelier that blends modern elegance with a sculptural, artisanal character."
12441-030,"This dramatic light fixture showcases a cascading cluster of hand blown transparent glass globes, each one uniquely shaped with gentle, organic contours creating more reflection. Inside every globe, a textured crystalline element softly scatters the light, creating a sparkling, luminous effect throughout the composition. The globes are suspended at varying lengths from an elegant canopy, giving the fixture a sense of movement and depth. It forms a striking chandelier that blends modern elegance with a sculptural, artisanal character."
12442-02,"This dramatic light fixture showcases a cascading cluster of hand blown transparent glass globes, each one uniquely shaped with gentle, organic contours creating more reflection. Inside every globe, a textured crystalline element softly scatters the light, creating a sparkling, luminous effect throughout the composition. The globes are suspended at varying lengths from an elegant canopy, giving the fixture a sense of movement and depth. It forms a striking chandelier that blends modern elegance with a sculptural, artisanal character."
12442-030,"This dramatic light fixture showcases a cascading cluster of hand blown transparent glass globes, each one uniquely shaped with gentle, organic contours creating more reflection. Inside every globe, a textured crystalline element softly scatters the light, creating a sparkling, luminous effect throughout the composition. The globes are suspended at varying lengths from an elegant canopy, giving the fixture a sense of movement and depth. It forms a striking chandelier that blends modern elegance with a sculptural, artisanal character."
12443-02,"This dramatic light fixture showcases a cascading cluster of hand blown transparent glass globes, each one uniquely shaped with gentle, organic contours creating more reflection. Inside every globe, a textured crystalline element softly scatters the light, creating a sparkling, luminous effect throughout the composition. The globes are suspended at varying lengths from an elegant canopy, giving the fixture a sense of movement and depth. It forms a striking chandelier that blends modern elegance with a sculptural, artisanal character."
12443-030,"This dramatic light fixture showcases a cascading cluster of hand blown transparent glass globes, each one uniquely shaped with gentle, organic contours creating more reflection. Inside every globe, a textured crystalline element softly scatters the light, creating a sparkling, luminous effect throughout the composition. The globes are suspended at varying lengths from an elegant canopy, giving the fixture a sense of movement and depth. It forms a striking chandelier that blends modern elegance with a sculptural, artisanal character."
12444-02,"This dramatic light fixture showcases a cascading cluster of hand blown transparent glass globes, each one uniquely shaped with gentle, organic contours creating more reflection. Inside every globe, a textured crystalline element softly scatters the light, creating a sparkling, luminous effect throughout the composition. The globes are suspended at varying lengths from an elegant canopy, giving the fixture a sense of movement and depth. It forms a striking chandelier that blends modern elegance with a sculptural, artisanal character."
12444-030,"This dramatic light fixture showcases a cascading cluster of hand blown transparent glass globes, each one uniquely shaped with gentle, organic contours creating more reflection. Inside every globe, a textured crystalline element softly scatters the light, creating a sparkling, luminous effect throughout the composition. The globes are suspended at varying lengths from an elegant canopy, giving the fixture a sense of movement and depth. It forms a striking chandelier that blends modern elegance with a sculptural, artisanal character."
12445-02,"This dramatic light fixture showcases a cascading cluster of hand blown transparent glass globes, each one uniquely shaped with gentle, organic contours creating more reflection. Inside every globe, a textured crystalline element softly scatters the light, creating a sparkling, luminous effect throughout the composition. The globes are suspended at varying lengths from an elegant canopy, giving the fixture a sense of movement and depth. It forms a striking chandelier that blends modern elegance with a sculptural, artisanal character."
12445-030,"This dramatic light fixture showcases a cascading cluster of hand blown transparent glass globes, each one uniquely shaped with gentle, organic contours creating more reflection. Inside every globe, a textured crystalline element softly scatters the light, creating a sparkling, luminous effect throughout the composition. The globes are suspended at varying lengths from an elegant canopy, giving the fixture a sense of movement and depth. It forms a striking chandelier that blends modern elegance with a sculptural, artisanal character."
12446-02,"This dramatic light fixture showcases a cascading cluster of hand blown transparent glass globes, each one uniquely shaped with gentle, organic contours creating more reflection. Inside every globe, a textured crystalline element softly scatters the light, creating a sparkling, luminous effect throughout the composition. The globes are suspended at varying lengths from an elegant canopy, giving the fixture a sense of movement and depth. It forms a striking chandelier that blends modern elegance with a sculptural, artisanal character."
12446-030,"This dramatic light fixture showcases a cascading cluster of hand blown transparent glass globes, each one uniquely shaped with gentle, organic contours creating more reflection. Inside every globe, a textured crystalline element softly scatters the light, creating a sparkling, luminous effect throughout the composition. The globes are suspended at varying lengths from an elegant canopy, giving the fixture a sense of movement and depth. It forms a striking chandelier that blends modern elegance with a sculptural, artisanal character."
12447-02,"This dramatic light fixture showcases a cascading cluster of hand blown transparent glass globes, each one uniquely shaped with gentle, organic contours creating more reflection. Inside every globe, a textured crystalline element softly scatters the light, creating a sparkling, luminous effect throughout the composition. The globes are suspended at varying lengths from an elegant canopy, giving the fixture a sense of movement and depth. It forms a striking chandelier that blends modern elegance with a sculptural, artisanal character."
12447-030,"This dramatic light fixture showcases a cascading cluster of hand blown transparent glass globes, each one uniquely shaped with gentle, organic contours creating more reflection. Inside every globe, a textured crystalline element softly scatters the light, creating a sparkling, luminous effect throughout the composition. The globes are suspended at varying lengths from an elegant canopy, giving the fixture a sense of movement and depth. It forms a striking chandelier that blends modern elegance with a sculptural, artisanal character."
12448-02,"This dramatic light fixture showcases a cascading cluster of hand blown transparent glass globes, each one uniquely shaped with gentle, organic contours creating more reflection. Inside every globe, a textured crystalline element softly scatters the light, creating a sparkling, luminous effect throughout the composition. The globes are suspended at varying lengths from an elegant canopy, giving the fixture a sense of movement and depth. It forms a striking chandelier that blends modern elegance with a sculptural, artisanal character."
12448-030,"This dramatic light fixture showcases a cascading cluster of hand blown transparent glass globes, each one uniquely shaped with gentle, organic contours creating more reflection. Inside every globe, a textured crystalline element softly scatters the light, creating a sparkling, luminous effect throughout the composition. The globes are suspended at varying lengths from an elegant canopy, giving the fixture a sense of movement and depth. It forms a striking chandelier that blends modern elegance with a sculptural, artisanal character."
12449-02,"Features natural crushed quartz pressed into the handmade glass, adding a unique and earthy texture to each pendant. Each pendant is meticulously handcrafted, ensuring a distinctive, one-of-a-kind piece with exceptional artisanal craftsmanship. The pendant is securely held by a sleek gold bracket, adding a touch of sophistication and contrast to the natural quartz and glass design, enhancing the fixture's overall elegance. Effortlessly complements both modern and traditional interiors, bringing a natural elegance to any room. Integrated dimmable LED light source."
12449-030,"Features natural crushed quartz pressed into the handmade glass, adding a unique and earthy texture to each pendant. Each pendant is meticulously handcrafted, ensuring a distinctive, one-of-a-kind piece with exceptional artisanal craftsmanship. The pendant is securely held by a sleek gold bracket, adding a touch of sophistication and contrast to the natural quartz and glass design, enhancing the fixture's overall elegance. Effortlessly complements both modern and traditional interiors, bringing a natural elegance to any room. Integrated dimmable LED light source."
12450-02,"This dramatic light fixture showcases a cascading cluster of hand blown transparent glass globes, each one uniquely shaped with gentle, organic contours creating more reflection. Inside every globe, a textured crystalline element softly scatters the light, creating a sparkling, luminous effect throughout the composition. The globes are suspended at varying lengths from an elegant canopy, giving the fixture a sense of movement and depth. It forms a striking chandelier that blends modern elegance with a sculptural, artisanal character."
12450-030,"This dramatic light fixture showcases a cascading cluster of hand blown transparent glass globes, each one uniquely shaped with gentle, organic contours creating more reflection. Inside every globe, a textured crystalline element softly scatters the light, creating a sparkling, luminous effect throughout the composition. The globes are suspended at varying lengths from an elegant canopy, giving the fixture a sense of movement and depth. It forms a striking chandelier that blends modern elegance with a sculptural, artisanal character."
12451-02,"This light fixture is a dramatic multi-pendant chandelier featuring dozens of slender, gold-toned rods suspended from a canopy. Choice of painted antique brass or matte black canopy with gold accent design provides a refined and luxurious look. The antique brass accent adds a sophistication to this glamorous fixture. Adjustable to accommodate any space with easy height strain reliefs. Integrated dimmable LED light source."
12451-030,"This light fixture is a dramatic multi-pendant chandelier featuring dozens of slender, gold-toned rods suspended from a canopy. Choice of painted antique brass or matte black canopy with gold accent design provides a refined and luxurious look. The antique brass accent adds a sophistication to this glamorous fixture. Adjustable to accommodate any space with easy height strain reliefs. Integrated dimmable LED light source."
