org_shortname,org_name,run_date,bundle,arr,cohort_year,engagement_score,engagement_narrative,adoption_score,adoption_narrative,value_delivery_score,value_delivery_narrative,operational_health_score,operational_health_narrative,composite_score,health_band,composite_narrative,ghost_account,ghost_account_note,behavioral_floor_applied,support_fire,support_fire_notes,support_fire_days_open,support_data_available,scoring_status,dimensions_scored,denominator_quality,bundle_config_mismatch
bp,Buster & Punch ,2025-11-30,iPad-only,15279.96,2024,76.7,"734 logins in 90 days — solid activity for this team size, with 46 of 90 reps logging in regularly and pace holding steady at 0.8x baseline. No engagement concern here.",57.1,Using 4 of 7 applicable features — real breadth gaps here. eCat Online Catalog is enabled but no portal traffic in 90 days; Online Ordering (B2B Cart) is enabled but no portal orders in 90 days; Sales Data is configured but no import has run in 90 days — check whether the feed is broken or the integration was never fully set up. CS should investigate the feed configuration and schedule a rep coaching session.,40.0,Only 2 of 5 applicable channels are producing outcomes. No iPad orders submitted in 90 days — reps are not converting activity into orders; online catalog is enabled but no portal traffic in 90d. CS should identify the highest-impact gap and address it in the next touchpoint.,75.7,Catalog 79% complete (contract pricing — price check skipped) — healthy but with room to improve; 4 of 5 import feeds healthy; Customers last ran with errors; data feeds mostly on cadence — Images is 52d overdue against a ~3d expected cadence and needs attention.,59.7,Watch,"Buster & Punch 's reps are logging in consistently (engagement 77), but they are using only a portion of the platform — adoption (57) and value delivery (40) reflect a feature-coverage gap, not an activity problem. Run a targeted coaching session on the highest-ROI unused features to convert this activity into stronger outcomes.",False,,False,False,,,True,complete,4,,True
yw,Yutzy Woodworking,2025-11-30,iPad-only,11385.0,2024,88.3,"577 logins in 90 days — solid activity for this team size, with 22 of 21 reps logging in regularly and pace holding steady at 1.2x baseline. No engagement concern here.",50.0,Using 2 of 4 applicable features — real breadth gaps here. Smart Stacks haven't been used — a CS demo of the feature could unlock this; Sales Data is configured but no import has run in 90 days — check whether the feed is broken or the integration was never fully set up. CS should investigate the feed configuration and schedule a rep coaching session.,100.0,All configured channels are producing outcomes.,67.5,Catalog 61% complete — healthy but with room to improve; all 6 import feeds healthy; data freshness critical — the Option Images feed last ran 43d ago against a ~3d expected cadence.,80.6,Thriving,"Yutzy Woodworking's reps are logging in consistently (engagement 88), but they are using only a portion of the platform — adoption (50) reflects a feature-coverage gap, not an activity problem. Run a targeted coaching session on the highest-ROI unused features to convert this activity into stronger outcomes.",False,,False,False,,,True,complete,4,stale,False
dccl,Donald Choi Canada,2025-11-30,iPad+Catalog+Cart,22038.0,2024,56.7,"493 logins in 90 days, but only 12 of 104 reps (12%) have logged in this quarter — most of the team isn't engaged. Pace is holding steady at 1.1x baseline.",57.1,Using 4 of 7 applicable features — real breadth gaps here. eCat Online Catalog is enabled but no portal traffic in 90 days; Online Ordering (B2B Cart) is enabled but no portal orders in 90 days; Inventory Management feed has gone quiet — no imports in 90 days. CS should investigate the feed configuration and schedule a rep coaching session.,40.0,Only 2 of 5 applicable channels are producing outcomes. Online catalog is enabled but no portal traffic in 90d; B2B Cart is configured but no portal orders in 90d. CS should identify the highest-impact gap and address it in the next touchpoint.,99.6,Catalog 99% complete; all 5 import feeds healthy; data feeds running on cadence.,59.5,Watch,"Donald Choi Canada is in Watch (60) with a mixed performance profile — no single dimension dominates, but value delivery (40) is the largest gap. Focus the next conversation on what is blocking orders or portal adoption — converting activity into outcomes is the priority.",False,,False,False,,,True,complete,4,,False
tam,Theodore Alexander Manhasset,2025-11-30,iPad-only,14060.04,2016,86.7,"1,256 logins in 90 days — solid activity for this team size, with 26 of 29 reps logging in regularly and pace holding steady at 1.5x baseline. No engagement concern here.",60.0,Using 3 of 5 applicable features — real breadth gaps here. Smart Stacks haven't been used — a CS demo of the feature could unlock this; Sales Data is configured but no import has run in 90 days — check whether the feed is broken or the integration was never fully set up. CS should investigate the feed configuration and schedule a rep coaching session.,100.0,All configured channels are producing outcomes.,74.2,Catalog 100% complete; all 11 import feeds healthy; data freshness critical — the Options feed last ran 78d ago against a ~1d expected cadence.,83.5,Thriving,Theodore Alexander Manhasset is in Thriving territory (84) with a mixed profile — value delivery (100) is the strongest area and adoption (60) is the drag. A feature coaching session targeting the unused capabilities is the highest-leverage next step.,False,,False,False,,,True,complete,4,,False
jc,Jonathan Charles Fine Furniture Ltd.,2025-11-30,iPad+Catalog+Portal,24029.4,2018,65.0,"387 logins in 90 days, but only 13 of 47 reps (28%) have logged in this quarter — most of the team isn't engaged. Pace is holding steady at 1.0x baseline.",100.0,Using every configured feature — nothing unused.,100.0,All configured channels are producing outcomes.,89.1,"Catalog 91% complete; 9 of 11 import feeds healthy; Options, Portal Orders last ran with errors; data feeds mostly on cadence — Customers is 38d overdue against a ~5d expected cadence and needs attention.",89.1,Thriving,Jonathan Charles Fine Furniture Ltd. is in Thriving territory (89) with a mixed profile — adoption (100) is the strongest area and engagement (65) is the drag. Monitor closely — an engagement dip in an otherwise Thriving account is an early warning worth tracking.,False,,False,False,,,True,complete,4,,False
cfg,Charleston Forge,2025-11-30,iPad+Catalog+Cart,21066.48,2015,86.7,"1,085 logins in 90 days — solid activity for this team size, with 32 of 41 reps logging in regularly and pace holding steady at 1.0x baseline. No engagement concern here. Rep headcount estimated from annual login history (portal accounts excluded from denominator).",60.0,Using 3 of 5 applicable features — real breadth gaps here. eCat Online Catalog is enabled but no portal traffic in 90 days; Online Ordering (B2B Cart) is enabled but no portal orders in 90 days. CS should schedule a rep coaching session to build these habits.,50.0,Only 2 of 4 applicable channels are producing outcomes. Online catalog is enabled but no portal traffic in 90d; B2B Cart is configured but no portal orders in 90d. CS should identify the highest-impact gap and address it in the next touchpoint.,71.7,Catalog 94% complete; 5 of 6 import feeds healthy; Customers last ran with errors; data freshness critical — the Images feed last ran 5d ago against a ~1d expected cadence.,65.5,Healthy,Charleston Forge is in Healthy territory (66) with a mixed profile — engagement (87) is the strongest area and value delivery (50) is the drag. Focus the next conversation on converting activity into outcomes; portal activation or an order-workflow review is the starting point.,False,,False,False,,,True,complete,4,,False
big,Baker-McGuire,2025-11-30,iPad-only,18729.96,2018,86.7,"1,642 logins in 90 days — solid activity for this team size, with 61 of 76 reps logging in regularly and pace holding steady at 1.0x baseline. No engagement concern here.",75.0,Using 3 of 4 applicable features — mostly adopted. Sales Data is configured but no import has run in 90 days — check whether the feed is broken or the integration was never fully set up.,50.0,"Only 1 of 2 applicable channels are producing outcomes. IPad order volume close but short — 6 orders in 90 days (threshold is 10, roughly one per week). CS should identify the highest-impact gap and address it in the next touchpoint.",72.1,Catalog 70% complete — healthy but with room to improve; all 7 import feeds healthy; data freshness critical — the Options feed last ran 26d ago against a ~4d expected cadence.,68.6,Healthy,Baker-McGuire is in Healthy territory (69) with a mixed profile — engagement (87) is the strongest area and value delivery (50) is the drag. Focus the next conversation on converting activity into outcomes; portal activation or an order-workflow review is the starting point.,False,,False,False,,,True,complete,4,,False
ril,Ratana International Ltd.,2025-11-30,Full,27025.92,2024,51.7,"791 logins in 90 days, but only 44 of 271 reps (16%) have logged in this quarter — most of the team isn't engaged. Pace is cooling off — worth monitoring at 0.7x baseline.",87.5,Using 7 of 8 applicable features — mostly adopted. Sales Portal is enabled but reps haven't opened it in 90 days — consider a rep training touchpoint.,100.0,All configured channels are producing outcomes.,97.8,Catalog 98% complete; all 9 import feeds healthy; data feeds mostly on cadence — Images is 71d overdue against a ~6d expected cadence and needs attention.,85.0,Thriving,"The platform is producing some outcomes for Ratana International Ltd. (value delivery 100), but rep engagement is thin (engagement 52) — a small slice of the team is doing most of the work. Re-engaging the broader team is the most important next step: identify which reps have gone quiet and whether coverage or enablement gaps are driving it.",False,,False,False,,,True,complete,4,,False
jcusa,Jonathan Charles Designs Inc.,2025-11-30,iPad-only,9670.92,2018,61.7,"617 logins in 90 days, but only 26 of 2511 reps (1%) have logged in this quarter — most of the team isn't engaged. Pace is holding steady at 1.0x baseline.",87.5,Using 7 of 8 applicable features — mostly adopted. Sales Data is configured but no import has run in 90 days — check whether the feed is broken or the integration was never fully set up.,100.0,All configured channels are producing outcomes.,91.3,Catalog 100% complete; all 6 import feeds healthy; data freshness critical — the Customers feed last ran 163d ago against a ~5d expected cadence.,86.2,Thriving,Jonathan Charles Designs Inc. is in Thriving territory (86) with a mixed profile — value delivery (100) is the strongest area and engagement (62) is the drag. Monitor closely — an engagement dip in an otherwise Thriving account is an early warning worth tracking.,False,,False,False,,,True,complete,4,,True
fsf,Four Seasons Furniture,2025-11-30,Full,22560.0,2023,86.7,"1,402 logins in 90 days — solid activity for this team size, with 26 of 31 reps logging in regularly and pace holding steady at 1.1x baseline. No engagement concern here. Rep headcount estimated from annual login history (portal accounts excluded from denominator).",100.0,Using every configured feature — nothing unused.,100.0,All configured channels are producing outcomes.,92.2,Catalog 92% complete; all 8 import feeds healthy; data freshness declining — the Option Images feed last ran 43d ago against a ~20d expected cadence.,95.1,Thriving,Four Seasons Furniture is performing well across the board — every dimension is at 87 or higher and the overall score of 95 reflects consistent strength rather than one area carrying the others. No action needed; monitor at standard cadence.,False,,False,False,,,True,complete,4,,False
tel,Tomlinson Companies,2025-11-30,iPad+Catalog,13440.0,2015,51.7,"43 logins in 90 days is on the lower side for 20 enabled reps — 5 of 20 (25%) are active, but session depth is limited. Pace is holding steady at 0.8x baseline.",50.0,Using 2 of 4 applicable features — real breadth gaps here. Smart Stacks haven't been used — a CS demo of the feature could unlock this; eCat Online Catalog is enabled but no portal traffic in 90 days. CS should schedule a rep coaching session to build these habits.,33.3,Only 1 of 3 applicable channels are producing outcomes. No iPad orders submitted in 90 days — reps are not converting activity into orders; online catalog is enabled but no portal traffic in 90d. CS should identify the highest-impact gap and address it in the next touchpoint.,20.0,Ops concern — catalog completeness at 20% is a blocker for field use — reps are working with incomplete product data; flag for a catalog audit.,38.6,At Risk,"Tomlinson Companies's rep activity (52 engagement) and platform outcomes (33 value delivery) are both too low to support a healthy relationship. Re-establishing contact to understand why reps have gone quiet is the first step — determine whether this is a coverage gap, a product fit issue, or something else.",False,,True,False,,,True,complete,4,,False
mfc,Morgan Fabrics Corporation,2025-11-30,iPad+Catalog,13440.0,2012,50.0,"116 logins in 90 days, but only 8 of 561 reps (1%) have logged in this quarter — most of the team isn't engaged. Pace is holding steady at 1.2x baseline.",60.0,Using 3 of 5 applicable features — real breadth gaps here. eCat Online Catalog is enabled but no portal traffic in 90 days; Sales Data is configured but no import has run in 90 days — check whether the feed is broken or the integration was never fully set up. CS should investigate the feed configuration and schedule a rep coaching session.,33.3,Only 1 of 3 applicable channels are producing outcomes. No iPad orders submitted in 90 days — reps are not converting activity into orders; online catalog is enabled but no portal traffic in 90d. CS should identify the highest-impact gap and address it in the next touchpoint.,40.0,Ops concern — catalog completeness at 28% is a blocker for field use — reps are working with incomplete product data; flag for a catalog audit; 1 of 2 import feeds healthy; Products last ran with errors; data freshness declining — the Images feed last ran 22d ago against a ~14d expected cadence.,40.0,Watch,"Morgan Fabrics Corporation's rep activity (50 engagement) and platform outcomes (33 value delivery) are both too low to support a healthy relationship. Re-establishing contact to understand why reps have gone quiet is the first step — determine whether this is a coverage gap, a product fit issue, or something else.",False,,True,False,,,True,complete,4,,False
gc,Groupe Courchesne,2025-11-30,iPad+Catalog+Cart,16980.0,2023,61.7,"828 logins in 90 days, but only 14 of 326 reps (4%) have logged in this quarter — most of the team isn't engaged. Pace is holding steady at 0.9x baseline.",57.1,Using 4 of 7 applicable features — real breadth gaps here. eCat Online Catalog is enabled but no portal traffic in 90 days; Online Ordering (B2B Cart) is enabled but no portal orders in 90 days; Sales Data is configured but no import has run in 90 days — check whether the feed is broken or the integration was never fully set up. CS should investigate the feed configuration and schedule a rep coaching session.,60.0,3 of 5 configured channels producing outcomes. Gap: Online catalog is enabled but no portal traffic in 90d; B2B Cart is configured but no portal orders in 90d.,79.4,Catalog 99% complete (contract pricing — price check skipped); all 5 import feeds healthy; data freshness critical — the Images feed last ran 18d ago against a ~2d expected cadence.,63.7,Healthy,"Groupe Courchesne's reps are logging in at a limited rate (engagement 62), but they are using only a portion of the platform — adoption (57) reflects a feature-coverage gap, not an activity problem. Run a targeted coaching session on the highest-ROI unused features to convert this activity into stronger outcomes.",False,,False,False,,,True,complete,4,,False
df,Designer's Fountain,2025-11-30,iPad-only,9560.04,2024,71.7,"382 logins in 90 days is on the lower side for 43 enabled reps — 27 of 43 (63%) are active, but session depth is limited. Pace is holding steady at 0.9x baseline.",80.0,Using 4 of 5 applicable features — mostly adopted. Sales Data is configured but no import has run in 90 days — check whether the feed is broken or the integration was never fully set up.,66.7,2 of 3 configured channels producing outcomes. Gap: No meaningful iPad order activity — only 2 orders in 90 days (threshold is 10).,82.2,Catalog 99% complete (contract pricing — price check skipped); 2 of 3 import feeds healthy; Products last ran with errors; data feeds running on cadence.,73.7,Healthy,Designer's Fountain is in Healthy territory (74) with a mixed profile — operational health (82) is the strongest area and value delivery (67) is the drag. Focus the next conversation on converting activity into outcomes; portal activation or an order-workflow review is the starting point.,False,,False,False,,,True,complete,4,,False
vcg,Visual Comfort Signature,2025-11-30,iPad-only,18455.4,2019,78.3,"3,269 logins in 90 days — solid activity for this team size, with 69 of 146 reps logging in regularly and pace holding steady at 0.9x baseline. No engagement concern here.",100.0,Using every configured feature — nothing unused.,100.0,All configured channels are producing outcomes.,91.3,Catalog 96% complete; 5 of 6 import feeds healthy; Inventory last ran with errors; data feeds mostly on cadence — Images is 33d overdue against a ~3d expected cadence and needs attention.,92.8,Thriving,"Visual Comfort Signature is performing well overall (93) — engagement (78) is the relative drag, but every dimension is in acceptable shape. Monitor at standard cadence.",False,,False,False,,,True,complete,4,,False
vic,Vaxcel International Corporation,2025-11-30,Full,21780.0,2022,56.7,"316 logins in 90 days, but only 18 of 327 reps (6%) have logged in this quarter — most of the team isn't engaged. Pace is holding steady at 0.9x baseline.",87.5,Using 7 of 8 applicable features — mostly adopted. Sales Data is configured but no import has run in 90 days — check whether the feed is broken or the integration was never fully set up.,83.3,5 of 6 configured channels producing outcomes. Gap: No meaningful iPad order activity — only 1 order in 90 days (threshold is 10).,91.3,Catalog 99% complete; 7 of 8 import feeds healthy; Customers last ran with errors; data feeds mostly on cadence — Portal Invoices is 130d overdue against a ~8d expected cadence and needs attention.,79.1,Healthy,Vaxcel International Corporation is in Healthy territory (79) with a mixed profile — operational health (91) is the strongest area and engagement (57) is the drag. Monitor engagement closely; a continued downward trend would push this into Watch territory.,False,,False,False,,,True,complete,4,,False
ah,Alfresco Home,2025-11-30,iPad+Catalog+Cart,18560.04,2018,76.7,"1,251 logins in 90 days — solid activity for this team size, with 36 of 48 reps logging in regularly and pace cooling off — worth monitoring at 0.7x baseline. No engagement concern here. Rep headcount estimated from annual login history (portal accounts excluded from denominator).",50.0,Using 3 of 6 applicable features — real breadth gaps here. eCat Online Catalog is enabled but no portal traffic in 90 days; Online Ordering (B2B Cart) is enabled but no portal orders in 90 days; Sales Data is configured but no import has run in 90 days — check whether the feed is broken or the integration was never fully set up. CS should investigate the feed configuration and schedule a rep coaching session.,50.0,Only 2 of 4 applicable channels are producing outcomes. Online catalog is enabled but no portal traffic in 90d; B2B Cart is configured but no portal orders in 90d. CS should identify the highest-impact gap and address it in the next touchpoint.,99.6,Catalog 99% complete; all 3 import feeds healthy; data feeds mostly on cadence — Images is 71d overdue against a ~2d expected cadence and needs attention.,66.6,Healthy,"Alfresco Home's reps are logging in consistently (engagement 77), but they are using only a portion of the platform — adoption (50) and value delivery (50) reflect a feature-coverage gap, not an activity problem. Run a targeted coaching session on the highest-ROI unused features to convert this activity into stronger outcomes.",False,,False,False,,,True,complete,4,,False
kii,"Kennedy International, Inc.",2025-11-30,iPad+Catalog+Cart,16642.56,2015,66.0,"1,009 logins in 90 days, but only 16 of 87 reps (18%) have logged in this quarter — most of the team isn't engaged. Pace is holding steady at 1.0x baseline.",71.4,Using 5 of 7 applicable features — real breadth gaps here. eCat Online Catalog is enabled but no portal traffic in 90 days; Online Ordering (B2B Cart) is enabled but no portal orders in 90 days. CS should schedule a rep coaching session to build these habits.,60.0,3 of 5 configured channels producing outcomes. Gap: Online catalog is enabled but no portal traffic in 90d; B2B Cart is configured but no portal orders in 90d.,77.1,"Catalog 72% complete (contract pricing — price check skipped) — healthy but with room to improve; 5 of 7 import feeds healthy; Product Stories, Sales Data last ran with errors; data feeds running on cadence.",67.2,Healthy,"Kennedy International, Inc. is in Healthy territory (67) with a mixed profile — operational health (77) is the strongest area and value delivery (60) is the drag. Focus the next conversation on converting activity into outcomes; portal activation or an order-workflow review is the starting point.",False,,False,False,,,True,complete,4,,False
mah,Moda at Home Enterprises Ltd,2025-11-30,iPad+Catalog+Cart,16642.44,2019,56.7,"203 logins in 90 days, but only 13 of 361 reps (4%) have logged in this quarter — most of the team isn't engaged. Pace is holding steady at 0.9x baseline.",57.1,Using 4 of 7 applicable features — real breadth gaps here. eCat Online Catalog is enabled but no portal traffic in 90 days; Online Ordering (B2B Cart) is enabled but no portal orders in 90 days; Sales Data is configured but no import has run in 90 days — check whether the feed is broken or the integration was never fully set up. CS should investigate the feed configuration and schedule a rep coaching session.,40.0,Only 2 of 5 applicable channels are producing outcomes. Sharing/quoting near zero (2 events in 90d); online catalog is enabled but no portal traffic in 90d. CS should identify the highest-impact gap and address it in the next touchpoint.,66.8,"Catalog 69% complete (contract pricing — price check skipped) — healthy but with room to improve; 3 of 6 import feeds healthy; Inventory, Product Stories, Products last ran with errors; data feeds running on cadence.",53.0,Watch,"Moda at Home Enterprises Ltd is in Watch (53) with a mixed performance profile — no single dimension dominates, but value delivery (40) is the largest gap. Focus the next conversation on what is blocking orders or portal adoption — converting activity into outcomes is the priority.",False,,False,False,,,True,complete,4,,False
hf,Hooker Furnishings,2025-11-30,iPad-only,10365.0,2024,76.7,"822 logins in 90 days — solid activity for this team size, with 32 of 63 reps logging in regularly and pace holding steady at 0.9x baseline. No engagement concern here.",80.0,Using 4 of 5 applicable features — mostly adopted. Sales Data is configured but no import has run in 90 days — check whether the feed is broken or the integration was never fully set up.,100.0,All configured channels are producing outcomes.,60.6,"Catalog 89% complete — healthy but with room to improve; 2 of 4 import feeds healthy; Customers, Inventory last ran with errors; data freshness critical — the Customers feed last ran 50d ago against a ~3d expected cadence.",82.3,Thriving,Hooker Furnishings is in Thriving territory (82) with a mixed profile — value delivery (100) is the strongest area and operational health (61) is the drag. Address the data infrastructure when the next review cycle allows — the rest of the picture is strong enough to support it.,False,,False,False,,,False,complete,4,,False
afx,"AFX, Inc.",2025-11-30,iPad-only,9150.0,2023,48.3,"Low engagement: 168 logins in 90 days from 17 of 67 reps (25% active), pace is cooling off — worth monitoring at 0.6x baseline. Below-threshold activity across the board — proactive outreach warranted.",60.0,Using 3 of 5 applicable features — real breadth gaps here. Reps aren't using sharing or quoting in the field — zero email drafts in 90 days; Sales Data is configured but no import has run in 90 days — check whether the feed is broken or the integration was never fully set up. CS should investigate the feed configuration and schedule a rep coaching session.,33.3,Only inventory is flowing — iPad order volume (0 orders) and sharing activity (0 events) are both near zero. Reps appear to be logging in but not converting activity into outcomes. CS should investigate whether reps are actively using the iPad in the field or just checking catalogs.,66.7,Catalog 95% complete (contract pricing — price check skipped); all 4 import feeds healthy; data freshness critical — the Inventory feed last ran 72d ago against a ~1d expected cadence.,40.0,Watch,"AFX, Inc.'s rep activity (48 engagement) and platform outcomes (33 value delivery) are both too low to support a healthy relationship. Re-establishing contact to understand why reps have gone quiet is the first step — determine whether this is a coverage gap, a product fit issue, or something else.",False,,True,False,,,True,complete,4,,False
heb,Home Essentials & Beyond,2025-11-30,iPad-only,9140.04,2012,65.0,"436 logins in 90 days, but only 27 of 99 reps (27%) have logged in this quarter — most of the team isn't engaged. Pace is holding steady at 0.9x baseline.",80.0,Using 4 of 5 applicable features — mostly adopted. Sales Data is configured but no import has run in 90 days — check whether the feed is broken or the integration was never fully set up.,100.0,All configured channels are producing outcomes.,87.5,"Catalog 100% complete (contract pricing — price check skipped); 4 of 6 import feeds healthy; Option Images, Products last ran with errors; data feeds mostly on cadence — Option Images is 39d overdue against a ~3d expected cadence and needs attention.",84.8,Thriving,Home Essentials & Beyond is in Thriving territory (85) with a mixed profile — value delivery (100) is the strongest area and engagement (65) is the drag. Monitor closely — an engagement dip in an otherwise Thriving account is an early warning worth tracking.,False,,False,False,,,True,complete,4,,False
fal,Fine Art Handcrafted Lighting,2025-11-30,iPad-only,17840.04,2024,92.7,"1,895 logins in 90 days — solid activity for this team size, with 47 of 46 reps logging in regularly and pace holding steady at 0.8x baseline. No engagement concern here.",75.0,Using 3 of 4 applicable features — mostly adopted. Sales Data is configured but no import has run in 90 days — check whether the feed is broken or the integration was never fully set up.,100.0,All configured channels are producing outcomes.,62.4,Catalog 98% complete (contract pricing — price check skipped); 3 of 4 import feeds healthy; Customers last ran with errors; data freshness critical — the Products feed last ran 35d ago against a ~8d expected cadence.,85.7,Thriving,Fine Art Handcrafted Lighting is in Thriving territory (86) with a mixed profile — value delivery (100) is the strongest area and operational health (62) is the drag. Address the data infrastructure when the next review cycle allows — the rest of the picture is strong enough to support it.,False,,False,False,,,True,complete,4,stale,False
bri,Bulbrite,2025-11-30,Full,31445.04,2023,81.0,"1,066 logins in 90 days — solid activity for this team size, with 62 of 88 reps logging in regularly and pace holding steady at 0.9x baseline. No engagement concern here. Rep headcount estimated from annual login history (portal accounts excluded from denominator).",100.0,Using every configured feature — nothing unused.,100.0,All configured channels are producing outcomes.,95.6,Catalog 100% complete (contract pricing — price check skipped); 9 of 10 import feeds healthy; Kit Items last ran with errors; data feeds mostly on cadence — Images is 31d overdue against a ~4d expected cadence and needs attention.,94.4,Thriving,Bulbrite is performing well across the board — every dimension is at 81 or higher and the overall score of 94 reflects consistent strength rather than one area carrying the others. No action needed; monitor at standard cadence.,False,,False,False,,,True,complete,4,,False
sbmh,Somerset Bay and Modern History,2025-11-30,Full,26079.96,2011,86.7,"1,913 logins in 90 days — solid activity for this team size, with 30 of 34 reps logging in regularly and pace holding steady at 0.8x baseline. No engagement concern here. Rep headcount estimated from annual login history (portal accounts excluded from denominator).",100.0,Using every configured feature — nothing unused.,100.0,All configured channels are producing outcomes.,89.0,Catalog 97% complete; 7 of 8 import feeds healthy; Inventory last ran with errors; data freshness critical — the Images feed last ran 67d ago against a ~5d expected cadence.,94.5,Thriving,Somerset Bay and Modern History is performing well across the board — every dimension is at 87 or higher and the overall score of 94 reflects consistent strength rather than one area carrying the others. No action needed; monitor at standard cadence.,False,,False,False,,,True,complete,4,,False
sarreid,"Sarreid, Ltd.",2025-11-30,iPad+Catalog+Portal,27968.04,2014,85.0,"4,381 logins in 90 days — solid activity for this team size, with 59 of 105 reps logging in regularly and pace holding steady at 0.9x baseline. No engagement concern here.",100.0,Using every configured feature — nothing unused.,100.0,All configured channels are producing outcomes.,96.9,Catalog 93% complete; all 9 import feeds healthy; data feeds running on cadence.,95.6,Thriving,"Sarreid, Ltd. is performing well across the board — every dimension is at 85 or higher and the overall score of 96 reflects consistent strength rather than one area carrying the others. No action needed; monitor at standard cadence.",False,,False,False,,,True,complete,4,,False
bcf,Braxton Culler,2025-11-30,Full,26340.0,2022,90.7,"3,512 logins in 90 days — solid activity for this team size, with 50 of 63 reps logging in regularly and pace holding steady at 1.0x baseline. No engagement concern here. Rep headcount estimated from annual login history (portal accounts excluded from denominator).",100.0,Using every configured feature — nothing unused.,100.0,All configured channels are producing outcomes.,74.7,Catalog 82% complete — healthy but with room to improve; all 10 import feeds healthy; data freshness critical — the Images feed last ran 9d ago against a ~1d expected cadence.,92.6,Thriving,"Braxton Culler is performing well overall (93) — operational health (75) is the relative drag, but every dimension is in acceptable shape. Monitor at standard cadence.",False,,False,False,,,True,complete,4,,False
fc,Furniture Classics ,2025-11-30,Full,24099.96,2017,76.7,"1,998 logins in 90 days — solid activity for this team size, with 37 of 46 reps logging in regularly and pace cooling off — worth monitoring at 0.7x baseline. No engagement concern here. Rep headcount estimated from annual login history (portal accounts excluded from denominator).",85.7,Using 6 of 7 applicable features — mostly adopted. Sales Data is configured but no import has run in 90 days — check whether the feed is broken or the integration was never fully set up.,100.0,All configured channels are producing outcomes.,73.1,Catalog completeness at 28% is a blocker for field use — reps are working with incomplete product data; flag for a catalog audit; all 4 import feeds healthy; data feeds running on cadence.,85.9,Thriving,"Furniture Classics  is performing well overall (86) — operational health (73) is the relative drag, but every dimension is in acceptable shape. Monitor at standard cadence.",False,,False,False,,,True,complete,4,,False
jyc,Jamie Young Company,2025-11-30,Full,35400.0,2014,86.7,"2,375 logins in 90 days — solid activity for this team size, with 62 of 79 reps logging in regularly and pace holding steady at 0.8x baseline. No engagement concern here. Rep headcount estimated from annual login history (portal accounts excluded from denominator).",100.0,Using every configured feature — nothing unused.,100.0,All configured channels are producing outcomes.,77.7,"Catalog 100% complete (contract pricing — price check skipped); 5 of 8 import feeds healthy; Customers, Inventory, Sales Data last ran with errors; data freshness declining — the Portal Orders feed last ran 80d ago against a ~22d expected cadence.",92.2,Thriving,"Jamie Young Company is performing well overall (92) — operational health (78) is the relative drag, but every dimension is in acceptable shape. Monitor at standard cadence.",False,,False,False,,,True,complete,4,,False
ta,Theodore Alexander,2025-11-30,Full,24260.04,2016,66.0,"2,894 logins in 90 days, but only 46 of 478 reps (10%) have logged in this quarter — most of the team isn't engaged. Pace is holding steady at 1.0x baseline.",100.0,Using every configured feature — nothing unused.,100.0,All configured channels are producing outcomes.,99.2,Catalog 100% complete; all 8 import feeds healthy; data feeds running on cadence.,91.3,Thriving,Theodore Alexander is in Thriving territory (91) with a mixed profile — adoption (100) is the strongest area and engagement (66) is the drag. Monitor closely — an engagement dip in an otherwise Thriving account is an early warning worth tracking.,False,,False,False,,,True,complete,4,,False
lpf,Linon/Powell Furniture,2025-11-30,Full,26079.96,2019,90.7,"3,120 logins in 90 days — solid activity for this team size, with 48 of 62 reps logging in regularly and pace holding steady at 0.9x baseline. No engagement concern here. Rep headcount estimated from annual login history (portal accounts excluded from denominator).",87.5,Using 7 of 8 applicable features — mostly adopted. Sales Data is configured but no import has run in 90 days — check whether the feed is broken or the integration was never fully set up.,100.0,All configured channels are producing outcomes.,90.1,Catalog 99% complete (contract pricing — price check skipped); 6 of 7 import feeds healthy; Products last ran with errors; data feeds running on cadence.,93.2,Thriving,Linon/Powell Furniture is performing well across the board — every dimension is at 88 or higher and the overall score of 93 reflects consistent strength rather than one area carrying the others. No action needed; monitor at standard cadence.,False,,False,False,,,True,complete,4,,False
wag,Wendover Art Group,2025-11-30,iPad-only,16087.56,2025,81.0,"1,836 logins in 90 days — solid activity for this team size, with 57 of 92 reps logging in regularly and pace holding steady at 0.8x baseline. No engagement concern here.",100.0,Using every configured feature — nothing unused.,100.0,All configured channels are producing outcomes.,72.1,"Catalog 97% complete; 2 of 4 import feeds healthy; Customers, Sales Data last ran with errors; data freshness critical — the Images feed last ran 22d ago against a ~4d expected cadence.",89.7,Thriving,"Wendover Art Group is performing well overall (90) — operational health (72) is the relative drag, but every dimension is in acceptable shape. Monitor at standard cadence.",False,,False,False,,,True,complete,4,,False
gsa,Godinger Silver Art Co.,2025-11-30,iPad-only,8799.96,2011,65.0,"369 logins in 90 days, but only 17 of 45 reps (38%) have logged in this quarter — most of the team isn't engaged. Pace is holding steady at 0.8x baseline.",100.0,Using every configured feature — nothing unused.,66.7,"2 of 3 configured channels producing outcomes. Gap: IPad order volume close but short — 6 orders in 90 days (threshold is 10, roughly one per week).",74.2,Catalog 70% complete — healthy but with room to improve; all 5 import feeds healthy; data freshness critical — the Option Images feed last ran 130d ago against a ~1d expected cadence.,74.4,Healthy,Godinger Silver Art Co. is in Healthy territory (74) with a mixed profile — adoption (100) is the strongest area and engagement (65) is the drag. Monitor engagement closely; a continued downward trend would push this into Watch territory.,False,,False,False,,,True,complete,4,,False
ali,Access Lighting,2025-11-30,iPad+Catalog+Portal,21680.04,2018,51.7,"698 logins in 90 days, but only 38 of 236 reps (16%) have logged in this quarter — most of the team isn't engaged. Pace is cooling off — worth monitoring at 0.7x baseline.",85.7,Using 6 of 7 applicable features — mostly adopted. Sales Data is configured but no import has run in 90 days — check whether the feed is broken or the integration was never fully set up.,80.0,4 of 5 configured channels producing outcomes. Gap: No iPad orders submitted in 90 days — reps are not converting activity into orders.,68.6,Catalog 100% complete; 5 of 6 import feeds healthy; Products last ran with errors; data freshness critical — the Images feed last ran 116d ago against a ~1d expected cadence.,71.8,Healthy,"The platform is producing some outcomes for Access Lighting (value delivery 80), but rep engagement is thin (engagement 52) — a small slice of the team is doing most of the work. Re-engaging the broader team is the most important next step: identify which reps have gone quiet and whether coverage or enablement gaps are driving it.",False,,False,False,,,True,complete,4,,False
gl,Golden Lighting,2025-11-30,Full,24309.96,2023,71.7,"487 logins in 90 days is on the lower side for 46 enabled reps — 30 of 46 (65%) are active, but session depth is limited. Pace is holding steady at 0.8x baseline. Rep headcount estimated from annual login history (portal accounts excluded from denominator).",75.0,Using 6 of 8 applicable features — mostly adopted. Sales Portal is enabled but reps haven't opened it in 90 days — consider a rep training touchpoint.,83.3,5 of 6 configured channels producing outcomes. Gap: No meaningful iPad order activity — only 2 orders in 90 days (threshold is 10).,97.2,Catalog 99% complete; all 7 import feeds healthy; data feeds mostly on cadence — Images is 29d overdue against a ~2d expected cadence and needs attention.,81.5,Thriving,"Golden Lighting is in Thriving territory (82), but the score sits just above the Healthy cutoff — engagement (72) is the relative weakness while operational health (97) is doing the lifting. A focused check-in on engagement would solidify the Thriving position before any drift sets in.",False,,False,False,,,True,complete,4,,False
uhc,Uniware Housewares Corp.,2025-11-30,iPad-only,8739.96,2021,92.7,"1,561 logins in 90 days — solid activity for this team size, with 19 of 20 reps logging in regularly and pace holding steady at 0.9x baseline. No engagement concern here.",60.0,Using 3 of 5 applicable features — real breadth gaps here. Reps aren't using sharing or quoting in the field — zero email drafts in 90 days; Sales Data is configured but no import has run in 90 days — check whether the feed is broken or the integration was never fully set up. CS should investigate the feed configuration and schedule a rep coaching session.,66.7,2 of 3 configured channels producing outcomes — reps are active but not using sharing/quoting in the field. A short demo of the share flow in the next QBR could move this.,99.3,Catalog 98% complete (contract pricing — price check skipped); all 3 import feeds healthy; data feeds mostly on cadence — Images is 4d overdue against a ~1d expected cadence and needs attention.,78.4,Healthy,Uniware Housewares Corp. is in Healthy territory (78) with a mixed profile — operational health (99) is the strongest area and adoption (60) is the drag. A focused coaching session would help this team use more of the platform; rep activity is already there to support it.,False,,False,False,,,True,complete,4,,False
sccon,Summer Classics Contract,2025-11-30,Full,21819.96,2014,81.0,"1,856 logins in 90 days — solid activity for this team size, with 32 of 43 reps logging in regularly and pace holding steady at 0.8x baseline. No engagement concern here. Rep headcount estimated from annual login history (portal accounts excluded from denominator).",100.0,Using every configured feature — nothing unused.,100.0,All configured channels are producing outcomes.,85.1,Catalog 73% complete (contract pricing — price check skipped) — healthy but with room to improve; all 13 import feeds healthy; data feeds mostly on cadence — Images is 15d overdue against a ~1d expected cadence and needs attention.,92.3,Thriving,Summer Classics Contract is performing well across the board — every dimension is at 81 or higher and the overall score of 92 reflects consistent strength rather than one area carrying the others. No action needed; monitor at standard cadence.,False,,False,False,,,True,complete,4,,False
am,Alfonso Marina,2025-11-30,iPad-only,11082.72,2024,78.3,"520 logins in 90 days — solid activity for this team size, with 18 of 20 reps logging in regularly and pace cooling off — worth monitoring at 0.6x baseline. No engagement concern here.",75.0,Using 3 of 4 applicable features — mostly adopted. Sales Data is configured but no import has run in 90 days — check whether the feed is broken or the integration was never fully set up.,100.0,All configured channels are producing outcomes.,69.9,Catalog 94% complete; all 6 import feeds healthy; data freshness critical — the Images feed last ran 38d ago against a ~3d expected cadence.,83.6,Thriving,Alfonso Marina is in Thriving territory (84) with a mixed profile — value delivery (100) is the strongest area and operational health (70) is the drag. Address the data infrastructure when the next review cycle allows — the rest of the picture is strong enough to support it.,False,,False,False,,,True,complete,4,,False
abol,America's Backyards,2025-11-30,iPad-only,8700.0,2024,38.3,"Low engagement: 72 logins in 90 days from 6 of 21 reps (29% active), pace is sharp deceleration — usage has dropped significantly from baseline at 0.4x baseline. Below-threshold activity across the board — proactive outreach warranted.",66.7,Using 4 of 6 applicable features — real breadth gaps here. eCat Online Catalog is enabled but no portal traffic in 90 days; Sales Data is configured but no import has run in 90 days — check whether the feed is broken or the integration was never fully set up. CS should investigate the feed configuration and schedule a rep coaching session.,50.0,Only 2 of 4 applicable channels are producing outcomes. No iPad orders submitted in 90 days — reps are not converting activity into orders; online catalog is enabled but no portal traffic in 90d. CS should identify the highest-impact gap and address it in the next touchpoint.,73.2,Catalog 91% complete; all 4 import feeds healthy; data freshness critical — the Product Stories feed last ran 124d ago against a ~3d expected cadence.,55.1,Watch,"The platform is producing some outcomes for America's Backyards (value delivery 50), but rep engagement is thin (engagement 38) — a small slice of the team is doing most of the work. Re-engaging the broader team is the most important next step: identify which reps have gone quiet and whether coverage or enablement gaps are driving it.",False,,False,False,,,True,complete,4,,True
ol,Oly Studio,2025-11-30,iPad-only,13380.0,2025,45.0,"Low engagement: 83 logins in 90 days from 9 of 13 reps (69% active), pace is sharp deceleration — usage has dropped significantly from baseline at 0.3x baseline. Below-threshold activity across the board — proactive outreach warranted.",80.0,Using 4 of 5 applicable features — mostly adopted. Sales Data is configured but no import has run in 90 days — check whether the feed is broken or the integration was never fully set up.,66.7,2 of 3 configured channels producing outcomes — reps are active but not using sharing/quoting in the field. A short demo of the share flow in the next QBR could move this.,100.0,Catalog 100% complete; all 1 import feed healthy.,70.6,Healthy,"The platform is producing some outcomes for Oly Studio (value delivery 67), but rep engagement is thin (engagement 45) — a small slice of the team is doing most of the work. Re-engaging the broader team is the most important next step: identify which reps have gone quiet and whether coverage or enablement gaps are driving it.",False,,False,False,,,True,complete,4,,False
prog,Coleto Brands | Progress Lighting,2025-11-30,iPad-only,25200.0,2025,0.0,Zero logins in 90 days. No active usage this quarter — treat as a ghost-account candidate if ARR ≥ $5K.,0.0,Using 0 of 3 applicable features — real breadth gaps here. iPad is configured but not being used; Smart Stacks haven't been used — a CS demo of the feature could unlock this; Reps aren't using sharing or quoting in the field — zero email drafts in 90 days. CS should schedule a rep coaching session to build these habits.,0.0,Only 0 of 2 applicable channels are producing outcomes. No iPad orders submitted in 90 days — reps are not converting activity into orders; sharing/quoting near zero (0 events in 90d). CS should identify the highest-impact gap and address it in the next touchpoint.,100.0,Catalog 98% complete.,20.0,At Risk,"No one at Coleto Brands | Progress Lighting has logged into the platform in the last 90 days despite $25,200 in annual contract value. This is an urgent churn risk that needs an immediate conversation with the client.",True,"ARR $25,200, zero logins in 90d",True,False,,,False,complete,4,,False
sca,Shadow Catchers,2025-11-30,iPad-only,8700.0,2015,71.7,"257 logins in 90 days is on the lower side for 34 enabled reps — 23 of 34 (68%) are active, but session depth is limited. Pace is holding steady at 1.0x baseline.",75.0,Using 3 of 4 applicable features — mostly adopted. Sales Data is configured but no import has run in 90 days — check whether the feed is broken or the integration was never fully set up.,100.0,All configured channels are producing outcomes.,51.8,Ops concern — catalog 99% complete; 1 of 2 import feeds healthy; Products last ran with errors; data freshness critical — the Images feed last ran 40d ago against a ~4d expected cadence — escalate to ops.,78.3,Healthy,Shadow Catchers is in Healthy territory (78) with a mixed profile — value delivery (100) is the strongest area and operational health (52) is the drag. Addressing catalog and import health in the next review cycle is the cleanest path back toward Thriving.,False,,False,False,,,True,complete,4,,False
rf,Rowe Furniture,2025-11-30,iPad-only,9300.0,2021,81.0,"1,564 logins in 90 days — solid activity for this team size, with 31 of 48 reps logging in regularly and pace holding steady at 0.9x baseline. No engagement concern here.",75.0,Using 3 of 4 applicable features — mostly adopted. Sales Data is configured but no import has run in 90 days — check whether the feed is broken or the integration was never fully set up.,100.0,All configured channels are producing outcomes.,52.0,"Ops concern — catalog 81% complete — healthy but with room to improve; 1 of 4 import feeds healthy; Customers (153d ago), Kit Items, Products last ran with errors; data freshness critical — the Images feed last ran 37d ago against a ~1d expected cadence.",80.7,Thriving,Rowe Furniture is in Thriving territory (81) with a mixed profile — value delivery (100) is the strongest area and operational health (52) is the drag. Address the data infrastructure when the next review cycle allows — the rest of the picture is strong enough to support it.,False,,False,False,,,True,complete,4,,False
swc,Sauder Woodworking,2025-11-30,iPad-only,8700.0,2013,65.0,"277 logins in 90 days, but only 12 of 28 reps (43%) have logged in this quarter — most of the team isn't engaged. Pace is holding steady at 1.0x baseline.",100.0,Using every configured feature — nothing unused.,50.0,Only 1 of 2 applicable channels are producing outcomes. No iPad orders submitted in 90 days — reps are not converting activity into orders. CS should identify the highest-impact gap and address it in the next touchpoint.,100.0,Catalog 98% complete; all 2 import feeds healthy; data feeds running on cadence.,73.8,Healthy,Sauder Woodworking is in Healthy territory (74) with a mixed profile — adoption (100) is the strongest area and value delivery (50) is the drag. Focus the next conversation on converting activity into outcomes; portal activation or an order-workflow review is the starting point.,False,,False,False,,,True,complete,4,,False
lss,Lifestyle Solutions,2025-11-30,iPad-only,8700.0,2023,71.7,"238 logins in 90 days is on the lower side for 19 enabled reps — 12 of 19 (63%) are active, but session depth is limited. Pace is holding steady at 1.1x baseline.",80.0,Using 4 of 5 applicable features — mostly adopted. Sales Data is configured but no import has run in 90 days — check whether the feed is broken or the integration was never fully set up.,66.7,2 of 3 configured channels producing outcomes. Gap: No meaningful iPad order activity — only 1 order in 90 days (threshold is 10).,87.2,Catalog 93% complete; 2 of 3 import feeds healthy; Products last ran with errors; data feeds mostly on cadence — Images is 11d overdue against a ~2d expected cadence and needs attention.,74.7,Healthy,Lifestyle Solutions is in Healthy territory (75) with a mixed profile — operational health (87) is the strongest area and value delivery (67) is the drag. Focus the next conversation on converting activity into outcomes; portal activation or an order-workflow review is the starting point.,False,,False,False,,,True,complete,4,,False
soi,Silver One,2025-11-30,iPad-only,8700.0,2024,66.7,"149 logins in 90 days is on the lower side for 4 enabled reps — 4 of 4 (100%) are active, but session depth is limited. Pace is cooling off — worth monitoring at 0.6x baseline.",50.0,Using 2 of 4 applicable features — real breadth gaps here. Smart Stacks haven't been used — a CS demo of the feature could unlock this; Sales Data is configured but no import has run in 90 days — check whether the feed is broken or the integration was never fully set up. CS should investigate the feed configuration and schedule a rep coaching session.,0.0,Only 0 of 2 applicable channels are producing outcomes. No iPad orders submitted in 90 days — reps are not converting activity into orders; sharing/quoting near zero (1 event in 90d). CS should identify the highest-impact gap and address it in the next touchpoint.,66.7,Catalog 97% complete (contract pricing — price check skipped); all 2 import feeds healthy; data freshness critical — the Images feed last ran 9d ago against a ~2d expected cadence.,40.0,Watch,"The platform isn't generating any measurable business outcomes for Silver One — no channel (orders, quotes, portal activity, or data flow) is currently producing results. Focus the next conversation on which channel was expected to convert activity into orders, and what is blocking it.",False,,False,False,,,True,complete,4,,False
etl,ELICO LTD.,2025-11-30,iPad-only,8700.0,2019,82.3,"686 logins in 90 days — solid activity for this team size, with 14 of 16 reps logging in regularly and pace holding steady at 0.9x baseline. No engagement concern here.",100.0,Using every configured feature — nothing unused.,100.0,All configured channels are producing outcomes.,94.8,Catalog 96% complete; all 5 import feeds healthy; data feeds mostly on cadence — Customers is 87d overdue against a ~16d expected cadence and needs attention.,94.5,Thriving,ELICO LTD. is performing well across the board — every dimension is at 82 or higher and the overall score of 94 reflects consistent strength rather than one area carrying the others. No action needed; monitor at standard cadence.,False,,False,False,,,True,complete,4,,False
krb,Kaleen Rugs & Broadloom,2025-11-30,iPad-only,8700.0,2024,13.3,Only 1 logins in 90 days from just 1 of 34 reps (3%) — most of the team is not using the app this quarter. Prioritize an engagement call to identify adoption barriers.,50.0,Using 2 of 4 applicable features — real breadth gaps here. Reps aren't using sharing or quoting in the field — zero email drafts in 90 days; Sales Data is configured but no import has run in 90 days — check whether the feed is broken or the integration was never fully set up. CS should investigate the feed configuration and schedule a rep coaching session.,0.0,Only 0 of 2 applicable channels are producing outcomes. No iPad orders submitted in 90 days — reps are not converting activity into orders; sharing/quoting near zero (0 events in 90d). CS should identify the highest-impact gap and address it in the next touchpoint.,28.9,Ops concern — catalog is empty — no products have complete data; 2 of 3 import feeds healthy; Customers (81d ago) last ran with errors; data freshness critical — the Customers feed last ran 81d ago against a ~1d expected cadence — escalate to ops.,19.1,Critical,"Kaleen Rugs & Broadloom has essentially no active usage — 13 engagement and 0 value delivery mean the platform is running but not being used in any meaningful way. At $8,700 this is an urgent recovery situation.",False,,True,False,,,True,complete,4,,False
dals,DALS Lighting,2025-11-30,iPad-only,8700.0,2023,65.0,"209 logins in 90 days, but only 15 of 60 reps (25%) have logged in this quarter — most of the team isn't engaged. Pace is holding steady at 0.9x baseline.",80.0,Using 4 of 5 applicable features — mostly adopted. Sales Data is configured but no import has run in 90 days — check whether the feed is broken or the integration was never fully set up.,66.7,2 of 3 configured channels producing outcomes. Gap: No iPad orders submitted in 90 days — reps are not converting activity into orders.,56.7,Ops concern — catalog completeness at 33% is a blocker for field use — reps are working with incomplete product data; flag for a catalog audit; all 1 import feed healthy; data freshness declining — the Inventory feed last ran 44d ago against a ~18d expected cadence.,66.9,Healthy,DALS Lighting is in Healthy territory (67) with a mixed profile — adoption (80) is the strongest area and operational health (57) is the drag. Addressing catalog and import health in the next review cycle is the cleanest path back toward Thriving.,False,,False,False,,,True,complete,4,,False
ihw,Interlude Furniture,2025-11-30,iPad+Catalog+Portal,20730.0,2025,90.7,"3,012 logins in 90 days — solid activity for this team size, with 33 of 38 reps logging in regularly and pace holding steady at 0.9x baseline. No engagement concern here.",100.0,Using every configured feature — nothing unused.,100.0,All configured channels are producing outcomes.,85.2,Catalog 83% complete (contract pricing — price check skipped) — healthy but with room to improve; all 12 import feeds healthy; data feeds mostly on cadence — Products is 19d overdue against a ~4d expected cadence and needs attention.,94.7,Thriving,Interlude Furniture is performing well across the board — every dimension is at 85 or higher and the overall score of 95 reflects consistent strength rather than one area carrying the others. No action needed; monitor at standard cadence.,False,,False,False,,,True,complete,4,,False
sc,Gabriella White,2025-11-30,iPad+Catalog+Portal,24936.0,2013,96.7,"14,155 logins in 90 days — solid activity for this team size, with 136 of 145 reps logging in regularly and pace holding steady at 1.1x baseline. No engagement concern here.",100.0,Using every configured feature — nothing unused.,100.0,All configured channels are producing outcomes.,85.0,Catalog 62% complete (contract pricing — price check skipped) — healthy but with room to improve; all 13 import feeds healthy; data feeds mostly on cadence — Images is 15d overdue against a ~1d expected cadence and needs attention.,96.2,Thriving,Gabriella White is performing well across the board — every dimension is at 85 or higher and the overall score of 96 reflects consistent strength rather than one area carrying the others. No action needed; monitor at standard cadence.,False,,False,False,,,True,complete,4,,False
ih,Interlude Home,2025-11-30,iPad+Catalog+Portal,22140.0,2021,90.7,"3,598 logins in 90 days — solid activity for this team size, with 32 of 36 reps logging in regularly and pace holding steady at 0.9x baseline. No engagement concern here.",100.0,Using every configured feature — nothing unused.,100.0,All configured channels are producing outcomes.,99.8,Catalog 96% complete; all 8 import feeds healthy; data feeds mostly on cadence — Images is 38d overdue against a ~7d expected cadence and needs attention.,97.6,Thriving,Interlude Home is performing well across the board — every dimension is at 91 or higher and the overall score of 98 reflects consistent strength rather than one area carrying the others. No action needed; monitor at standard cadence.,False,,False,False,,,True,complete,4,,False
rw,RENWIL,2025-11-30,iPad+Catalog+Portal,25374.0,2024,86.7,"2,723 logins in 90 days — solid activity for this team size, with 72 of 88 reps logging in regularly and pace holding steady at 1.0x baseline. No engagement concern here.",71.4,Using 5 of 7 applicable features — real breadth gaps here. eCat Online Catalog is enabled but no portal traffic in 90 days; Sales Data is configured but no import has run in 90 days — check whether the feed is broken or the integration was never fully set up. CS should investigate the feed configuration and schedule a rep coaching session.,60.0,3 of 5 configured channels producing outcomes. Gap: Online catalog is enabled but no portal traffic in 90d; Sales Portal is configured but no portal orders in 90d.,76.6,Catalog 100% complete; all 8 import feeds healthy; data freshness critical — the Inventory feed last ran 15d ago against a ~1d expected cadence.,72.3,Healthy,RENWIL is in Healthy territory (72) with a mixed profile — engagement (87) is the strongest area and value delivery (60) is the drag. Focus the next conversation on converting activity into outcomes; portal activation or an order-workflow review is the starting point.,False,,False,False,,,True,complete,4,,False
cci,Currey & Company,2025-11-30,iPad+Catalog+Portal,26480.04,2021,81.0,"2,530 logins in 90 days — solid activity for this team size, with 53 of 90 reps logging in regularly and pace holding steady at 0.9x baseline. No engagement concern here.",100.0,Using every configured feature — nothing unused.,100.0,All configured channels are producing outcomes.,84.5,"Catalog 93% complete; 5 of 8 import feeds healthy; Customers, Products, Sales Data last ran with errors; data feeds mostly on cadence — Images is 10d overdue against a ~1d expected cadence and needs attention.",92.2,Thriving,Currey & Company is performing well across the board — every dimension is at 81 or higher and the overall score of 92 reflects consistent strength rather than one area carrying the others. No action needed; monitor at standard cadence.,False,,False,False,,,True,complete,4,,False
ml,Millennium Lighting,2025-11-30,iPad+Catalog,17979.96,2020,74.3,"1,174 logins in 90 days, but only 52 of 133 reps (39%) have logged in this quarter — most of the team isn't engaged. Pace is holding steady at 0.9x baseline.",66.7,Using 4 of 6 applicable features — real breadth gaps here. eCat Online Catalog is enabled but no portal traffic in 90 days; Sales Data is configured but no import has run in 90 days — check whether the feed is broken or the integration was never fully set up. CS should investigate the feed configuration and schedule a rep coaching session.,50.0,Only 2 of 4 applicable channels are producing outcomes. No meaningful iPad order activity — only 1 order in 90 days (threshold is 10); online catalog is enabled but no portal traffic in 90d. CS should identify the highest-impact gap and address it in the next touchpoint.,83.8,Catalog 98% complete; all 3 import feeds healthy; data freshness declining — the Images feed last ran 8d ago against a ~3d expected cadence.,66.2,Healthy,Millennium Lighting is in Healthy territory (66) with a mixed profile — operational health (84) is the strongest area and value delivery (50) is the drag. Focus the next conversation on converting activity into outcomes; portal activation or an order-workflow review is the starting point.,False,,False,False,,,True,complete,4,,False
mlc,Matteo Lighting,2025-11-30,iPad-only,12675.0,2023,78.3,"549 logins in 90 days — solid activity for this team size, with 36 of 37 reps logging in regularly and pace cooling off — worth monitoring at 0.6x baseline. No engagement concern here.",75.0,Using 3 of 4 applicable features — mostly adopted. Sales Data is configured but no import has run in 90 days — check whether the feed is broken or the integration was never fully set up.,100.0,All configured channels are producing outcomes.,91.7,Catalog 100% complete (contract pricing — price check skipped); all 3 import feeds healthy; data freshness declining — the Images feed last ran 24d ago against a ~13d expected cadence.,87.9,Thriving,"Matteo Lighting is performing well overall (88) — adoption (75) is the relative drag, but every dimension is in acceptable shape. Monitor at standard cadence.",False,,False,False,,,False,complete,4,,False
da,Dainolite Ltd.,2025-11-30,iPad-only,9399.96,2013,81.0,"1,498 logins in 90 days — solid activity for this team size, with 27 of 40 reps logging in regularly and pace holding steady at 0.9x baseline. No engagement concern here.",100.0,Using every configured feature — nothing unused.,100.0,All configured channels are producing outcomes.,80.7,"Catalog 100% complete; 3 of 5 import feeds healthy; Customers, Sales Data last ran with errors; data feeds mostly on cadence — Images is 26d overdue against a ~3d expected cadence and needs attention.",91.4,Thriving,Dainolite Ltd. is performing well across the board — every dimension is at 81 or higher and the overall score of 91 reflects consistent strength rather than one area carrying the others. No action needed; monitor at standard cadence.,False,,False,False,,,True,complete,4,,False
mlg,Minka Lighting Group,2025-11-30,iPad-only,16687.56,2025,81.0,"1,261 logins in 90 days — solid activity for this team size, with 65 of 101 reps logging in regularly and pace holding steady at 1.1x baseline. No engagement concern here.",100.0,Using every configured feature — nothing unused.,66.7,2 of 3 configured channels producing outcomes. Gap: No meaningful iPad order activity — only 2 orders in 90 days (threshold is 10).,70.7,"Catalog 99% complete (contract pricing — price check skipped); 3 of 5 import feeds healthy; Inventory, Sales Data last ran with errors; data freshness declining — the Images feed last ran 8d ago against a ~2d expected cadence.",77.7,Healthy,Minka Lighting Group is in Healthy territory (78) with a mixed profile — adoption (100) is the strongest area and value delivery (67) is the drag. Focus the next conversation on converting activity into outcomes; portal activation or an order-workflow review is the starting point.,False,,False,False,,,True,complete,4,,False
kal,Kalco Lighting / Allegri Crystal,2025-11-30,Full,29045.04,2019,81.0,"1,197 logins in 90 days — solid activity for this team size, with 49 of 74 reps logging in regularly and pace holding steady at 0.8x baseline. No engagement concern here. Rep headcount estimated from annual login history (portal accounts excluded from denominator).",100.0,Using every configured feature — nothing unused.,100.0,All configured channels are producing outcomes.,81.5,Catalog 92% complete; 6 of 7 import feeds healthy; Customers last ran with errors; data freshness critical — the Portal Orders feed last ran 39d ago against a ~1d expected cadence.,91.5,Thriving,Kalco Lighting / Allegri Crystal is performing well across the board — every dimension is at 81 or higher and the overall score of 92 reflects consistent strength rather than one area carrying the others. No action needed; monitor at standard cadence.,False,,False,False,,,True,complete,4,,False
ihm,International Home Miami,2025-11-30,iPad-only,8403.84,2024,76.7,"136 logins in 90 days — solid activity for this team size, with 31 of 22 reps logging in regularly and pace holding steady at 0.8x baseline. No engagement concern here.",60.0,Using 3 of 5 applicable features — real breadth gaps here. Smart Stacks haven't been used — a CS demo of the feature could unlock this; Sales Data is configured but no import has run in 90 days — check whether the feed is broken or the integration was never fully set up. CS should investigate the feed configuration and schedule a rep coaching session.,66.7,2 of 3 configured channels producing outcomes. Gap: No meaningful iPad order activity — only 1 order in 90 days (threshold is 10).,72.8,Catalog 100% complete; all 5 import feeds healthy; data freshness critical — the Images feed last ran 74d ago against a ~1d expected cadence.,69.1,Healthy,International Home Miami is in Healthy territory (69) with a mixed profile — engagement (77) is the strongest area and adoption (60) is the drag. A focused coaching session would help this team use more of the platform; rep activity is already there to support it.,False,,False,False,,,False,complete,4,stale,False
eglo,Eglo USA Inc.,2025-11-30,iPad-only,10340.04,2022,61.7,"437 logins in 90 days is on the lower side for 48 enabled reps — 27 of 48 (56%) are active, but session depth is limited. Pace is cooling off — worth monitoring at 0.7x baseline.",100.0,Using every configured feature — nothing unused.,100.0,All configured channels are producing outcomes.,82.5,"Catalog 96% complete (contract pricing — price check skipped); 3 of 5 import feeds healthy; Customers, Sales Data last ran with errors; data feeds mostly on cadence — Images is 92d overdue against a ~1d expected cadence and needs attention.",86.9,Thriving,Eglo USA Inc. is in Thriving territory (87) with a mixed profile — adoption (100) is the strongest area and engagement (62) is the drag. Monitor closely — an engagement dip in an otherwise Thriving account is an early warning worth tracking.,False,,False,False,,,True,complete,4,,False
eli,Elegant Furniture & Lighting,2025-11-30,iPad+Catalog+Cart,26570.04,2013,81.0,"2,036 logins in 90 days — solid activity for this team size, with 54 of 75 reps logging in regularly and pace holding steady at 1.0x baseline. No engagement concern here. Rep headcount estimated from annual login history (portal accounts excluded from denominator).",57.1,Using 4 of 7 applicable features — real breadth gaps here. eCat Online Catalog is enabled but no portal traffic in 90 days; Online Ordering (B2B Cart) is enabled but no portal orders in 90 days; Sales Data is configured but no import has run in 90 days — check whether the feed is broken or the integration was never fully set up. CS should investigate the feed configuration and schedule a rep coaching session.,60.0,3 of 5 configured channels producing outcomes. Gap: Online catalog is enabled but no portal traffic in 90d; B2B Cart is configured but no portal orders in 90d.,88.3,Catalog 94% complete; 3 of 4 import feeds healthy; Customers last ran with errors; data feeds running on cadence.,70.3,Healthy,"Elegant Furniture & Lighting's reps are logging in consistently (engagement 81), but they are using only a portion of the platform — adoption (57) reflects a feature-coverage gap, not an activity problem. Run a targeted coaching session on the highest-ROI unused features to convert this activity into stronger outcomes.",False,,False,False,,,True,complete,4,,False
wwjc,Wildwood/Chelsea House,2025-11-30,Full,40340.04,2011,90.7,"3,008 logins in 90 days — solid activity for this team size, with 59 of 69 reps logging in regularly and pace holding steady at 0.8x baseline. No engagement concern here. Rep headcount estimated from annual login history (portal accounts excluded from denominator).",100.0,Using every configured feature — nothing unused.,100.0,All configured channels are producing outcomes.,98.5,Catalog 100% complete; all 9 import feeds healthy; data feeds running on cadence.,97.4,Thriving,Wildwood/Chelsea House is performing well across the board — every dimension is at 91 or higher and the overall score of 97 reflects consistent strength rather than one area carrying the others. No action needed; monitor at standard cadence.,False,,False,False,,,True,complete,4,,False
clli,Craftmade,2025-11-30,iPad+Catalog+Portal,28740.0,2019,56.0,"2,083 logins in 90 days, but only 57 of 1679 reps (3%) have logged in this quarter — most of the team isn't engaged. Pace is cooling off — worth monitoring at 0.7x baseline.",85.7,Using 6 of 7 applicable features — mostly adopted. Sales Data is configured but no import has run in 90 days — check whether the feed is broken or the integration was never fully set up.,80.0,"4 of 5 configured channels producing outcomes. Gap: IPad order volume close but short — 9 orders in 90 days (threshold is 10, roughly one per week).",99.6,Catalog 93% complete (contract pricing — price check skipped); all 7 import feeds healthy; data feeds mostly on cadence — Products is 11d overdue against a ~2d expected cadence and needs attention.,79.1,Healthy,Craftmade is in Healthy territory (79) with a mixed profile — operational health (100) is the strongest area and engagement (56) is the drag. Monitor engagement closely; a continued downward trend would push this into Watch territory.,False,,False,False,,,True,complete,4,,False
el,Eurofase Inc.,2025-11-30,iPad+Catalog+Portal,33095.04,2020,74.3,"1,742 logins in 90 days, but only 90 of 277 reps (32%) have logged in this quarter — most of the team isn't engaged. Pace is holding steady at 0.8x baseline.",100.0,Using every configured feature — nothing unused.,80.0,"4 of 5 configured channels producing outcomes. Gap: IPad order volume close but short — 7 orders in 90 days (threshold is 10, roughly one per week).",73.2,Catalog completeness at 26% (contract pricing — price check skipped) is a blocker for field use — reps are working with incomplete product data; flag for a catalog audit; all 9 import feeds healthy; data feeds running on cadence.,81.2,Thriving,"Eurofase Inc. is in Thriving territory (81), but the score sits just above the Healthy cutoff — operational health (73) is the relative weakness while adoption (100) is doing the lifting. A focused check-in on operational health would solidify the Thriving position before any drift sets in.",False,,False,False,,,True,complete,4,,False
hfg,Hubbardton Forge,2025-11-30,iPad+Catalog+Portal,36300.0,2022,85.0,"3,871 logins in 90 days — solid activity for this team size, with 91 of 182 reps logging in regularly and pace holding steady at 0.9x baseline. No engagement concern here.",100.0,Using every configured feature — nothing unused.,100.0,All configured channels are producing outcomes.,95.9,Catalog 94% complete; 8 of 9 import feeds healthy; Customers last ran with errors; data feeds mostly on cadence — Images is 43d overdue against a ~2d expected cadence and needs attention.,95.4,Thriving,Hubbardton Forge is performing well across the board — every dimension is at 85 or higher and the overall score of 95 reflects consistent strength rather than one area carrying the others. No action needed; monitor at standard cadence.,False,,False,False,,,True,complete,4,,False
pf,Palecek ,2025-11-30,iPad+Catalog,39009.96,2012,85.0,"5,626 logins in 90 days — solid activity for this team size, with 115 of 184 reps logging in regularly and pace holding steady at 0.9x baseline. No engagement concern here.",100.0,Using every configured feature — nothing unused.,100.0,All configured channels are producing outcomes.,96.6,Catalog 100% complete; all 8 import feeds healthy; data feeds running on cadence.,95.6,Thriving,Palecek  is performing well across the board — every dimension is at 85 or higher and the overall score of 96 reflects consistent strength rather than one area carrying the others. No action needed; monitor at standard cadence.,False,,False,False,,,True,complete,4,,False
kl,Coleto Brands | Kichler,2025-11-30,iPad-only,9360.0,2022,56.7,"290 logins in 90 days, but only 21 of 117 reps (18%) have logged in this quarter — most of the team isn't engaged. Pace is holding steady at 0.8x baseline.",100.0,Using every configured feature — nothing unused.,50.0,Only 1 of 2 applicable channels are producing outcomes. No iPad orders submitted in 90 days — reps are not converting activity into orders. CS should identify the highest-impact gap and address it in the next touchpoint.,100.0,Catalog 91% complete; all 1 import feed healthy.,71.7,Healthy,Coleto Brands | Kichler is in Healthy territory (72) with a mixed profile — adoption (100) is the strongest area and value delivery (50) is the drag. Focus the next conversation on converting activity into outcomes; portal activation or an order-workflow review is the starting point.,False,,False,False,,,True,complete,4,,False
hmjc,Hancock & Moore / Jessica Charles,2025-11-30,iPad-only,7908.84,2018,50.0,"180 logins in 90 days, but only 16 of 118 reps (14%) have logged in this quarter — most of the team isn't engaged. Pace is holding steady at 1.1x baseline.",60.0,Using 3 of 5 applicable features — real breadth gaps here. Reps aren't using sharing or quoting in the field — zero email drafts in 90 days; Sales Data is configured but no import has run in 90 days — check whether the feed is broken or the integration was never fully set up. CS should investigate the feed configuration and schedule a rep coaching session.,33.3,Only inventory is flowing — iPad order volume (0 orders) and sharing activity (0 events) are both near zero. Reps appear to be logging in but not converting activity into outcomes. CS should investigate whether reps are actively using the iPad in the field or just checking catalogs.,86.7,Catalog 87% complete — healthy but with room to improve; all 4 import feeds healthy; data feeds running on cadence.,40.0,Watch,"Hancock & Moore / Jessica Charles's data infrastructure is healthy, but reps aren't using the platform — engagement is at 50 and no business outcomes are being generated. The infrastructure isn't the problem; this is a rep adoption and activation conversation.",False,,True,False,,,True,complete,4,,False
eglo_can,EGLO Canada,2025-11-30,iPad-only,7830.0,2024,77.3,"359 logins in 90 days — solid activity for this team size, with 16 of 19 reps logging in regularly and pace holding steady at 1.2x baseline. No engagement concern here.",100.0,Using every configured feature — nothing unused.,66.7,2 of 3 configured channels producing outcomes. Gap: No meaningful iPad order activity — only 2 orders in 90 days (threshold is 10).,84.6,"Catalog 100% complete (contract pricing — price check skipped); 3 of 5 import feeds healthy; Customers, Sales Data last ran with errors; data feeds mostly on cadence — Images is 92d overdue against a ~1d expected cadence and needs attention.",79.6,Healthy,EGLO Canada is in Healthy territory (80) with a mixed profile — adoption (100) is the strongest area and value delivery (67) is the drag. Focus the next conversation on converting activity into outcomes; portal activation or an order-workflow review is the starting point.,False,,False,False,,,False,complete,4,,False
arl,Arabela Lighting,2025-11-30,iPad-only,7830.0,2025,61.7,"469 logins in 90 days is on the lower side for 62 enabled reps — 43 of 62 (69%) are active, but session depth is limited. Pace is cooling off — worth monitoring at 0.7x baseline.",60.0,Using 3 of 5 applicable features — real breadth gaps here. Smart Stacks haven't been used — a CS demo of the feature could unlock this; Sales Data is configured but no import has run in 90 days — check whether the feed is broken or the integration was never fully set up. CS should investigate the feed configuration and schedule a rep coaching session.,100.0,All configured channels are producing outcomes.,71.9,Catalog 100% complete (contract pricing — price check skipped); all 3 import feeds healthy; data freshness critical — the Customers feed last ran 164d ago against a ~3d expected cadence.,76.8,Healthy,Arabela Lighting is in Healthy territory (77) with a mixed profile — value delivery (100) is the strongest area and adoption (60) is the drag. A focused coaching session would help this team use more of the platform; rep activity is already there to support it.,False,,False,False,,,True,complete,4,,False
cf,Century Furniture,2025-11-30,iPad-only,7830.0,2013,50.0,"60 logins in 90 days, but only 11 of 80 reps (14%) have logged in this quarter — most of the team isn't engaged. Pace is holding steady at 1.4x baseline.",100.0,Using every configured feature — nothing unused.,66.7,2 of 3 configured channels producing outcomes. Gap: No iPad orders submitted in 90 days — reps are not converting activity into orders.,97.0,Catalog 94% complete; all 3 import feeds healthy; data feeds running on cadence.,75.2,Healthy,"The platform is producing some outcomes for Century Furniture (value delivery 67), but rep engagement is thin (engagement 50) — a small slice of the team is doing most of the work. Re-engaging the broader team is the most important next step: identify which reps have gone quiet and whether coverage or enablement gaps are driving it.",False,,False,False,,,True,complete,4,,False
hh,Highland House,2025-11-30,iPad-only,7830.0,2013,43.3,Only 19 logins in 90 days from just 5 of 60 reps (8%) — most of the team is not using the app this quarter. Prioritize an engagement call to identify adoption barriers.,75.0,Using 3 of 4 applicable features — mostly adopted. Reps aren't using sharing or quoting in the field — zero email drafts in 90 days.,33.3,Only inventory is flowing — iPad order volume (0 orders) and sharing activity (0 events) are both near zero. Reps appear to be logging in but not converting activity into outcomes. CS should investigate whether reps are actively using the iPad in the field or just checking catalogs.,86.0,Catalog 79% complete — healthy but with room to improve; all 3 import feeds healthy; data feeds running on cadence.,40.0,Watch,"Highland House's data infrastructure is healthy, but reps aren't using the platform — engagement is at 43 and no business outcomes are being generated. The infrastructure isn't the problem; this is a rep adoption and activation conversation.",False,,True,False,,,True,complete,4,,False
luc,Lucas McKearn,2025-11-30,iPad-only,7830.0,2025,25.0,"Low engagement: 31 logins in 90 days from 9 of 21 reps (43% active), pace is sharp deceleration — usage has dropped significantly from baseline at 0.2x baseline. Below-threshold activity across the board — proactive outreach warranted.",80.0,Using 4 of 5 applicable features — mostly adopted. Sales Data is configured but no import has run in 90 days — check whether the feed is broken or the integration was never fully set up.,33.3,Only inventory is flowing — iPad order volume (0 orders) and sharing activity (2 events) are both near zero. Reps appear to be logging in but not converting activity into outcomes. CS should investigate whether reps are actively using the iPad in the field or just checking catalogs.,58.9,Ops concern — catalog 100% complete (contract pricing — price check skipped); 2 of 3 import feeds healthy; Products last ran with errors; data freshness critical — the Images feed last ran 156d ago against a ~1d expected cadence — escalate to ops.,40.0,Watch,"Lucas McKearn has the full platform configured and adopted, but rep logins have dropped off sharply — engagement is at 25 and the platform isn't generating observable outcomes. Outreach is needed to understand whether reps have gone dark on a coverage issue or whether a more fundamental re-engagement effort is required.",False,,True,False,,,True,complete,4,,False
vce,Visual Comfort Europe,2025-11-30,iPad-only,7830.0,2022,66.7,"667 logins in 90 days from 17 of 23 reps (74% active), but pace is cooling off — worth monitoring at 0.7x baseline — worth monitoring for continued fade.",80.0,Using 4 of 5 applicable features — mostly adopted. Sales Data is configured but no import has run in 90 days — check whether the feed is broken or the integration was never fully set up.,100.0,All configured channels are producing outcomes.,63.2,Catalog 61% complete — healthy but with room to improve; all 5 import feeds healthy; data freshness critical — the Inventory feed last ran 67d ago against a ~1d expected cadence.,80.3,Thriving,Visual Comfort Europe is in Thriving territory (80) with a mixed profile — value delivery (100) is the strongest area and operational health (63) is the drag. Address the data infrastructure when the next review cycle allows — the rest of the picture is strong enough to support it.,False,,False,False,,,True,complete,4,,False
mpc,Pioneer Morton,2025-11-30,iPad+Catalog+Cart,15282.0,2015,66.0,"1,972 logins in 90 days, but only 13 of 248 reps (5%) have logged in this quarter — most of the team isn't engaged. Pace is holding steady at 1.0x baseline.",60.0,Using 3 of 5 applicable features — real breadth gaps here. eCat Online Catalog is enabled but no portal traffic in 90 days; Online Ordering (B2B Cart) is enabled but no portal orders in 90 days. CS should schedule a rep coaching session to build these habits.,50.0,Only 2 of 4 applicable channels are producing outcomes. Online catalog is enabled but no portal traffic in 90d; B2B Cart is configured but no portal orders in 90d. CS should identify the highest-impact gap and address it in the next touchpoint.,91.7,Catalog 99% complete (contract pricing — price check skipped); 3 of 4 import feeds healthy; Customers last ran with errors; data feeds running on cadence.,64.3,Healthy,Pioneer Morton is in Healthy territory (64) with a mixed profile — operational health (92) is the strongest area and value delivery (50) is the drag. Focus the next conversation on converting activity into outcomes; portal activation or an order-workflow review is the starting point.,False,,False,False,,,True,complete,4,,False
all,Accord Lighting,2025-11-30,iPad-only,12920.04,2023,61.7,"498 logins in 90 days is on the lower side for 68 enabled reps — 41 of 68 (60%) are active, but session depth is limited. Pace is cooling off — worth monitoring at 0.7x baseline.",75.0,Using 3 of 4 applicable features — mostly adopted. Sales Data is configured but no import has run in 90 days — check whether the feed is broken or the integration was never fully set up.,50.0,"Only 1 of 2 applicable channels are producing outcomes. IPad order volume close but short — 6 orders in 90 days (threshold is 10, roughly one per week). CS should identify the highest-impact gap and address it in the next touchpoint.",30.6,"Ops concern — catalog completeness at 2% (contract pricing — price check skipped) is a blocker for field use — reps are working with incomplete product data; flag for a catalog audit; 3 of 5 import feeds healthy; Customers (92d ago), Options (178d ago) last ran with errors; data freshness critical — the Images feed last ran 45d ago against a ~7d expected cadence — escalate to ops.",54.0,Watch,"Accord Lighting is in Watch (54) with a mixed performance profile — no single dimension dominates, but operational health (31) is the largest gap. Escalate the data infrastructure issues to the ops team before they degrade the rep experience further.",False,,False,False,,,True,complete,4,,False
gh,Gabby,2025-11-30,Full,24336.0,2013,85.0,"5,207 logins in 90 days — solid activity for this team size, with 54 of 77 reps logging in regularly and pace holding steady at 0.9x baseline. No engagement concern here. Rep headcount estimated from annual login history (portal accounts excluded from denominator).",100.0,Using every configured feature — nothing unused.,100.0,All configured channels are producing outcomes.,71.4,Catalog completeness at 59% (contract pricing — price check skipped) is a blocker for field use — reps are working with incomplete product data; flag for a catalog audit; all 13 import feeds healthy; data feeds mostly on cadence — Images is 15d overdue against a ~1d expected cadence and needs attention.,90.5,Thriving,"Gabby is performing well overall (90) — operational health (71) is the relative drag, but every dimension is in acceptable shape. Monitor at standard cadence.",False,,False,False,,,True,complete,4,,False
gcl,Geo Contemporary,2025-11-30,iPad-only,9864.96,2024,71.7,"279 logins in 90 days is on the lower side for 35 enabled reps — 22 of 35 (63%) are active, but session depth is limited. Pace is holding steady at 0.8x baseline.",50.0,Using 2 of 4 applicable features — real breadth gaps here. Smart Stacks haven't been used — a CS demo of the feature could unlock this; Sales Data is configured but no import has run in 90 days — check whether the feed is broken or the integration was never fully set up. CS should investigate the feed configuration and schedule a rep coaching session.,100.0,All configured channels are producing outcomes.,69.5,Catalog 87% complete (contract pricing — price check skipped) — healthy but with room to improve; all 6 import feeds healthy; data freshness critical — the Options feed last ran 103d ago against a ~8d expected cadence.,76.8,Healthy,"Geo Contemporary's reps are logging in consistently (engagement 72), but they are using only a portion of the platform — adoption (50) reflects a feature-coverage gap, not an activity problem. Run a targeted coaching session on the highest-ROI unused features to convert this activity into stronger outcomes.",False,,False,False,,,True,complete,4,,False
mh,Magnussen Home,2025-11-30,iPad-only,17420.04,2023,90.7,"3,447 logins in 90 days — solid activity for this team size, with 80 of 91 reps logging in regularly and pace holding steady at 1.0x baseline. No engagement concern here.",100.0,Using every configured feature — nothing unused.,100.0,All configured channels are producing outcomes.,76.9,"Catalog 97% complete (contract pricing — price check skipped); 3 of 5 import feeds healthy; Products, Sales Data last ran with errors; data freshness declining — the Images feed last ran 3d ago against a ~1d expected cadence.",93.1,Thriving,"Magnussen Home is performing well overall (93) — operational health (77) is the relative drag, but every dimension is in acceptable shape. Monitor at standard cadence.",False,,False,False,,,True,complete,4,,False
asi,Abaline Supply Inc.,2025-11-30,Full,25684.56,2011,66.0,"1,760 logins in 90 days, but only 33 of 275 reps (12%) have logged in this quarter — most of the team isn't engaged. Pace is holding steady at 1.1x baseline.",85.7,Using 6 of 7 applicable features — mostly adopted. Sales Portal is enabled but reps haven't opened it in 90 days — consider a rep training touchpoint.,100.0,All configured channels are producing outcomes.,81.9,Catalog 65% complete (contract pricing — price check skipped) — healthy but with room to improve; 6 of 7 import feeds healthy; Customers last ran with errors; data feeds running on cadence.,85.0,Thriving,Abaline Supply Inc. is in Thriving territory (85) with a mixed profile — value delivery (100) is the strongest area and engagement (66) is the drag. Monitor closely — an engagement dip in an otherwise Thriving account is an early warning worth tracking.,False,,False,False,,,True,complete,4,,False
kkc,Kindel Karges Furniture,2025-11-30,iPad-only,9540.0,2016,48.3,"Low engagement: 199 logins in 90 days from 21 of 79 reps (27% active), pace is cooling off — worth monitoring at 0.7x baseline. Below-threshold activity across the board — proactive outreach warranted.",75.0,Using 3 of 4 applicable features — mostly adopted. Sales Data is configured but no import has run in 90 days — check whether the feed is broken or the integration was never fully set up.,50.0,Only 1 of 2 applicable channels are producing outcomes. No iPad orders submitted in 90 days — reps are not converting activity into orders. CS should identify the highest-impact gap and address it in the next touchpoint.,76.7,Catalog 100% complete (contract pricing — price check skipped); all 3 import feeds healthy; data freshness critical — the Images feed last ran 37d ago against a ~1d expected cadence.,59.9,Watch,"The platform is producing some outcomes for Kindel Karges Furniture (value delivery 50), but rep engagement is thin (engagement 48) — a small slice of the team is doing most of the work. Re-engaging the broader team is the most important next step: identify which reps have gone quiet and whether coverage or enablement gaps are driving it.",False,,False,False,,,False,complete,4,,False
clc,Capital Lighting Fixture Co.,2025-11-30,Full,28059.96,2012,81.0,"1,621 logins in 90 days — solid activity for this team size, with 59 of 87 reps logging in regularly and pace holding steady at 0.9x baseline. No engagement concern here. Rep headcount estimated from annual login history (portal accounts excluded from denominator).",100.0,Using every configured feature — nothing unused.,83.3,5 of 6 configured channels producing outcomes. Gap: No iPad orders submitted in 90 days — reps are not converting activity into orders.,74.4,"Catalog 100% complete; 3 of 8 import feeds healthy; Inventory, Portal Invoice Tracking Data, Portal Orders, Products, Sales Data last ran with errors; data feeds mostly on cadence — Inventory is 38d overdue against a ~1d expected cadence and needs attention.",84.3,Thriving,"Capital Lighting Fixture Co. is in Thriving territory (84), but the score sits just above the Healthy cutoff — operational health (74) is the relative weakness while adoption (100) is doing the lifting. A focused check-in on operational health would solidify the Thriving position before any drift sets in.",False,,False,False,,,True,complete,4,,False
shl,Savoy House Lighting,2025-11-30,Full,25700.04,2012,71.0,"1,439 logins in 90 days from 50 of 75 reps (67% active), but pace is cooling off — worth monitoring at 0.6x baseline — worth monitoring for continued fade. Rep headcount estimated from annual login history (portal accounts excluded from denominator).",100.0,Using every configured feature — nothing unused.,100.0,All configured channels are producing outcomes.,80.3,"Catalog 99% complete (contract pricing — price check skipped); 6 of 10 import feeds healthy; Contract Prices (156d ago), Customers, Inventory, Products last ran with errors; data feeds mostly on cadence — Product Stories is 142d overdue against a ~11d expected cadence and needs attention.",88.8,Thriving,"Savoy House Lighting is performing well overall (89) — engagement (71) is the relative drag, but every dimension is in acceptable shape. Monitor at standard cadence.",False,,False,False,,,True,complete,4,,False
bsc,Butler Specialty Company,2025-11-30,iPad-only,6960.0,2011,71.7,"328 logins in 90 days is on the lower side for 19 enabled reps — 10 of 19 (53%) are active, but session depth is limited. Pace is holding steady at 0.9x baseline.",100.0,Using every configured feature — nothing unused.,100.0,All configured channels are producing outcomes.,97.9,Catalog 99% complete; all 5 import feeds healthy; data feeds running on cadence.,92.5,Thriving,"Butler Specialty Company is performing well overall (92) — engagement (72) is the relative drag, but every dimension is in acceptable shape. Monitor at standard cadence.",False,,False,False,,,True,complete,4,,False
sp,"Sabine Pools, Spas, & Furnitur",2025-11-30,iPad-only,6960.0,2018,65.0,"245 logins in 90 days, but only 6 of 13 reps (46%) have logged in this quarter — most of the team isn't engaged. Pace is holding steady at 1.1x baseline.",33.3,Using 1 of 3 applicable features — real breadth gaps here. Smart Stacks haven't been used — a CS demo of the feature could unlock this; Reps aren't using sharing or quoting in the field — zero email drafts in 90 days. CS should schedule a rep coaching session to build these habits.,50.0,Only 1 of 2 applicable channels are producing outcomes. Sharing/quoting near zero (0 events in 90d). CS should identify the highest-impact gap and address it in the next touchpoint.,59.2,"Ops concern — catalog 79% complete — healthy but with room to improve; 4 of 7 import feeds healthy; Kit Items, Options, Products last ran with errors; data freshness critical — the Option Images feed last ran 86d ago against a ~1d expected cadence.",52.2,Watch,"Sabine Pools, Spas, & Furnitur's reps are logging in at a limited rate (engagement 65), but they are using only a portion of the platform — adoption (33) and value delivery (50) reflect a feature-coverage gap, not an activity problem. Run a targeted coaching session on the highest-ROI unused features to convert this activity into stronger outcomes.",False,,False,False,,,True,complete,4,,False
sbl,Schonbek Lighting,2025-11-30,iPad-only,17624.52,2023,76.7,"849 logins in 90 days — solid activity for this team size, with 75 of 130 reps logging in regularly and pace holding steady at 0.8x baseline. No engagement concern here.",80.0,Using 4 of 5 applicable features — mostly adopted. Sales Data is configured but no import has run in 90 days — check whether the feed is broken or the integration was never fully set up.,100.0,All configured channels are producing outcomes.,88.9,Catalog 100% complete (contract pricing — price check skipped); 2 of 3 import feeds healthy; Inventory last ran with errors; data feeds running on cadence.,88.0,Thriving,"Schonbek Lighting is performing well overall (88) — engagement (77) is the relative drag, but every dimension is in acceptable shape. Monitor at standard cadence.",False,,False,False,,,True,complete,4,,False
mli,Maxim Lighting ,2025-11-30,iPad-only,19236.6,2019,85.0,"3,543 logins in 90 days — solid activity for this team size, with 58 of 81 reps logging in regularly and pace holding steady at 0.8x baseline. No engagement concern here.",100.0,Using every configured feature — nothing unused.,66.7,2 of 3 configured channels producing outcomes. Gap: No meaningful iPad order activity — only 1 order in 90 days (threshold is 10).,86.1,Catalog 66% complete (contract pricing — price check skipped) — healthy but with room to improve; all 6 import feeds healthy; data feeds mostly on cadence — Images is 166d overdue against a ~1d expected cadence and needs attention.,81.8,Thriving,Maxim Lighting  is in Thriving territory (82) with a mixed profile — adoption (100) is the strongest area and value delivery (67) is the drag. Investigate why activity is not converting into outcomes — an order pipeline review or portal activation check is the starting point.,False,,False,False,,,True,complete,4,,False
kll,Kuzco Lighting Inc.,2025-11-30,Full,26780.04,2022,71.0,"1,458 logins in 90 days from 67 of 105 reps (64% active), but pace is cooling off — worth monitoring at 0.7x baseline — worth monitoring for continued fade. Rep headcount estimated from annual login history (portal accounts excluded from denominator).",75.0,Using 6 of 8 applicable features — mostly adopted. Sales Portal is enabled but reps haven't opened it in 90 days — consider a rep training touchpoint.,100.0,All configured channels are producing outcomes.,92.6,Catalog 97% complete; all 5 import feeds healthy; data freshness critical — the Images feed last ran 168d ago against a ~1d expected cadence.,86.3,Thriving,"Kuzco Lighting Inc. is performing well overall (86) — engagement (71) is the relative drag, but every dimension is in acceptable shape. Monitor at standard cadence.",False,,False,False,,,True,complete,4,,False
ufi,Universal Furniture,2025-11-30,iPad+Catalog+Portal,25475.04,2011,90.7,"7,563 logins in 90 days — solid activity for this team size, with 79 of 95 reps logging in regularly and pace holding steady at 0.9x baseline. No engagement concern here.",100.0,Using every configured feature — nothing unused.,100.0,All configured channels are producing outcomes.,83.3,"Catalog 100% complete; 6 of 8 import feeds healthy; Customers, Products last ran with errors; data freshness critical — the Customers feed last ran 43d ago against a ~2d expected cadence.",94.3,Thriving,Universal Furniture is performing well across the board — every dimension is at 83 or higher and the overall score of 94 reflects consistent strength rather than one area carrying the others. No action needed; monitor at standard cadence.,False,,False,False,,,True,complete,4,,False
scw,Summer Classics,2025-11-30,Full,38779.44,2014,85.0,"5,336 logins in 90 days — solid activity for this team size, with 60 of 84 reps logging in regularly and pace holding steady at 0.8x baseline. No engagement concern here. Rep headcount estimated from annual login history (portal accounts excluded from denominator).",100.0,Using every configured feature — nothing unused.,100.0,All configured channels are producing outcomes.,85.2,Catalog 70% complete (contract pricing — price check skipped) — healthy but with room to improve; all 13 import feeds healthy; data feeds mostly on cadence — Images is 15d overdue against a ~1d expected cadence and needs attention.,93.3,Thriving,Summer Classics is performing well across the board — every dimension is at 85 or higher and the overall score of 93 reflects consistent strength rather than one area carrying the others. No action needed; monitor at standard cadence.,False,,False,False,,,True,complete,4,,False
wac,WAC/Modern Forms Lighting,2025-11-30,iPad-only,22104.0,2023,81.0,"2,198 logins in 90 days — solid activity for this team size, with 96 of 160 reps logging in regularly and pace holding steady at 0.9x baseline. No engagement concern here.",100.0,Using every configured feature — nothing unused.,100.0,All configured channels are producing outcomes.,93.2,Catalog 100% complete (contract pricing — price check skipped); 5 of 6 import feeds healthy; Customers (92d ago) last ran with errors; data feeds running on cadence.,93.9,Thriving,WAC/Modern Forms Lighting is performing well across the board — every dimension is at 81 or higher and the overall score of 94 reflects consistent strength rather than one area carrying the others. No action needed; monitor at standard cadence.,False,,False,False,,,True,complete,4,,False
clm,Crystorama,2025-11-30,iPad+Catalog+Portal,30480.0,2013,66.0,"1,545 logins in 90 days, but only 63 of 746 reps (8%) have logged in this quarter — most of the team isn't engaged. Pace is holding steady at 0.8x baseline.",100.0,Using every configured feature — nothing unused.,100.0,All configured channels are producing outcomes.,98.7,Catalog 100% complete; all 8 import feeds healthy; data feeds mostly on cadence — Images is 45d overdue against a ~3d expected cadence and needs attention.,91.2,Thriving,Crystorama is in Thriving territory (91) with a mixed profile — adoption (100) is the strongest area and engagement (66) is the drag. Monitor closely — an engagement dip in an otherwise Thriving account is an early warning worth tracking.,False,,False,False,,,True,complete,4,,False
ap,Alden Home,2025-11-30,iPad+Catalog+Cart,11040.0,2011,71.7,"343 logins in 90 days is on the lower side for 21 enabled reps — 15 of 21 (71%) are active, but session depth is limited. Pace is holding steady at 0.9x baseline. Rep headcount estimated from annual login history (portal accounts excluded from denominator).",66.7,Using 4 of 6 applicable features — real breadth gaps here. eCat Online Catalog is enabled but no portal traffic in 90 days; Online Ordering (B2B Cart) is enabled but no portal orders in 90 days. CS should schedule a rep coaching session to build these habits.,40.0,Only 2 of 5 applicable channels are producing outcomes. No meaningful iPad order activity — only 1 order in 90 days (threshold is 10); online catalog is enabled but no portal traffic in 90d. CS should identify the highest-impact gap and address it in the next touchpoint.,63.0,Catalog 79% complete — healthy but with room to improve; 6 of 7 import feeds healthy; Inventory last ran with errors; data freshness declining — the Products feed last ran 9d ago against a ~3d expected cadence.,57.9,Watch,"Alden Home is in Watch (58) with a mixed performance profile — no single dimension dominates, but value delivery (40) is the largest gap. Focus the next conversation on what is blocking orders or portal adoption — converting activity into outcomes is the priority.",False,,False,False,,,True,complete,4,,False
fms,Visual Comfort - Studio /Fans,2025-11-30,iPad-only,15439.44,2019,78.3,"3,744 logins in 90 days — solid activity for this team size, with 82 of 193 reps logging in regularly and pace holding steady at 0.8x baseline. No engagement concern here.",100.0,Using every configured feature — nothing unused.,100.0,All configured channels are producing outcomes.,63.0,"Catalog 88% complete — healthy but with room to improve; 2 of 5 import feeds healthy; Customers, Products, Sales Data last ran with errors; data feeds mostly on cadence — Images is 39d overdue against a ~2d expected cadence and needs attention.",87.2,Thriving,Visual Comfort - Studio /Fans is in Thriving territory (87) with a mixed profile — adoption (100) is the strongest area and operational health (63) is the drag. Address the data infrastructure when the next review cycle allows — the rest of the picture is strong enough to support it.,False,,False,False,,,True,complete,4,,False
tla,Visual Comfort - Modern,2025-11-30,iPad-only,13567.44,2019,74.3,"2,157 logins in 90 days, but only 71 of 187 reps (38%) have logged in this quarter — most of the team isn't engaged. Pace is holding steady at 0.8x baseline.",100.0,Using every configured feature — nothing unused.,100.0,All configured channels are producing outcomes.,56.0,"Ops concern — catalog completeness at 27% is a blocker for field use — reps are working with incomplete product data; flag for a catalog audit; 3 of 5 import feeds healthy; Customers, Sales Data last ran with errors; data feeds mostly on cadence — Product Image Downloads is 38d overdue against a ~1d expected cadence and needs attention.",84.8,Thriving,Visual Comfort - Modern is in Thriving territory (85) with a mixed profile — adoption (100) is the strongest area and operational health (56) is the drag. Address the data infrastructure when the next review cycle allows — the rest of the picture is strong enough to support it.,False,,False,False,,,True,complete,4,,False
hvl,Hudson Valley Lighting,2025-11-30,iPad-only,5405.04,2016,46.7,"Low engagement: 413 logins in 90 days from 43 of 175 reps (25% active), pace is cooling off — worth monitoring at 0.7x baseline. Below-threshold activity across the board — proactive outreach warranted.",75.0,Using 3 of 4 applicable features — mostly adopted. Sales Data is configured but no import has run in 90 days — check whether the feed is broken or the integration was never fully set up.,50.0,Only 1 of 2 applicable channels are producing outcomes. No iPad orders submitted in 90 days — reps are not converting activity into orders. CS should identify the highest-impact gap and address it in the next touchpoint.,81.0,Catalog 92% complete; all 2 import feeds healthy; data freshness declining — the Images feed last ran 39d ago against a ~14d expected cadence.,60.4,Healthy,"The platform is producing some outcomes for Hudson Valley Lighting (value delivery 50), but rep engagement is thin (engagement 47) — a small slice of the team is doing most of the work. Re-engaging the broader team is the most important next step: identify which reps have gone quiet and whether coverage or enablement gaps are driving it.",False,,False,False,,,True,complete,4,,False
st,Sixtrees Limited,2025-11-30,iPad+Catalog,6960.0,2015,33.3,Only 6 logins in 90 days from just 2 of 22 reps (9%) — most of the team is not using the app this quarter. Prioritize an engagement call to identify adoption barriers.,40.0,Using 2 of 5 applicable features — real breadth gaps here. Reps aren't using sharing or quoting in the field — zero email drafts in 90 days; eCat Online Catalog is enabled but no portal traffic in 90 days; Sales Data is configured but no import has run in 90 days — check whether the feed is broken or the integration was never fully set up. CS should investigate the feed configuration and schedule a rep coaching session.,0.0,Only 0 of 3 applicable channels are producing outcomes. No iPad orders submitted in 90 days — reps are not converting activity into orders; sharing/quoting near zero (0 events in 90d). CS should identify the highest-impact gap and address it in the next touchpoint.,91.4,Catalog 98% complete; all 2 import feeds healthy; data freshness declining — the Images feed last ran 3d ago against a ~1d expected cadence.,34.6,At Risk,"Sixtrees Limited's data infrastructure is healthy, but reps aren't using the platform — engagement is at 33 and no business outcomes are being generated. The infrastructure isn't the problem; this is a rep adoption and activation conversation.",False,,True,False,,,True,complete,4,,False
vl,Ciana Varaluz LLC,2025-11-30,iPad+Catalog+Portal,11420.04,2019,70.0,"715 logins in 90 days, but only 40 of 90 reps (44%) have logged in this quarter — most of the team isn't engaged. Pace is holding steady at 0.8x baseline.",100.0,Using every configured feature — nothing unused.,80.0,"4 of 5 configured channels producing outcomes. Gap: IPad order volume close but short — 9 orders in 90 days (threshold is 10, roughly one per week).",73.4,"Catalog 100% complete; 4 of 7 import feeds healthy; Customers (79d ago), Inventory, Products last ran with errors; data freshness critical — the Images feed last ran 12d ago against a ~1d expected cadence.",80.2,Thriving,"Ciana Varaluz LLC is in Thriving territory (80), but the score sits just above the Healthy cutoff — engagement (70) is the relative weakness while adoption (100) is doing the lifting. A focused check-in on engagement would solidify the Thriving position before any drift sets in.",False,,False,False,,,True,complete,4,,False
pw,Philip Whitney,2025-11-30,iPad-only,4500.0,2012,48.3,"Low engagement: 115 logins in 90 days from 18 of 45 reps (40% active), pace is cooling off — worth monitoring at 0.6x baseline. Below-threshold activity across the board — proactive outreach warranted.",75.0,Using 3 of 4 applicable features — mostly adopted. Reps aren't using sharing or quoting in the field — zero email drafts in 90 days.,33.3,Only inventory is flowing — iPad order volume (0 orders) and sharing activity (0 events) are both near zero. Reps appear to be logging in but not converting activity into outcomes. CS should investigate whether reps are actively using the iPad in the field or just checking catalogs.,86.7,Catalog 81% complete — healthy but with room to improve; all 2 import feeds healthy; data feeds running on cadence.,40.0,Watch,"Philip Whitney's data infrastructure is healthy, but reps aren't using the platform — engagement is at 48 and no business outcomes are being generated. The infrastructure isn't the problem; this is a rep adoption and activation conversation.",False,,True,False,,,False,complete,4,,False
ssi,"Studio Silversmiths, Inc.",2025-11-30,iPad-only,4500.0,2011,58.3,"159 logins in 90 days is on the lower side for 46 enabled reps — 19 of 46 (41%) are active, but session depth is limited. Pace is holding steady at 0.8x baseline.",100.0,Using every configured feature — nothing unused.,66.7,2 of 3 configured channels producing outcomes. Gap: No iPad orders submitted in 90 days — reps are not converting activity into orders.,86.7,Catalog 88% complete — healthy but with room to improve; all 2 import feeds healthy; data feeds running on cadence.,75.3,Healthy,"Studio Silversmiths, Inc. is in Healthy territory (75) with a mixed profile — adoption (100) is the strongest area and engagement (58) is the drag. Monitor engagement closely; a continued downward trend would push this into Watch territory.",False,,False,False,,,False,complete,4,,False
rac,Ricci Argentieri Company,2025-11-30,iPad-only,4539.96,2011,76.7,"643 logins in 90 days — solid activity for this team size, with 26 of 46 reps logging in regularly and pace holding steady at 0.9x baseline. No engagement concern here.",100.0,Using every configured feature — nothing unused.,100.0,All configured channels are producing outcomes.,99.7,Catalog 95% complete; all 3 import feeds healthy; data feeds running on cadence.,94.1,Thriving,"Ricci Argentieri Company is performing well overall (94) — engagement (77) is the relative drag, but every dimension is in acceptable shape. Monitor at standard cadence.",False,,False,False,,,False,complete,4,,False
tl,Troy Lighting,2025-11-30,iPad-only,4392.0,2021,56.7,"248 logins in 90 days, but only 33 of 164 reps (20%) have logged in this quarter — most of the team isn't engaged. Pace is holding steady at 0.8x baseline.",75.0,Using 3 of 4 applicable features — mostly adopted. Sales Data is configured but no import has run in 90 days — check whether the feed is broken or the integration was never fully set up.,50.0,Only 1 of 2 applicable channels are producing outcomes. No iPad orders submitted in 90 days — reps are not converting activity into orders. CS should identify the highest-impact gap and address it in the next touchpoint.,61.2,Catalog completeness at 22% is a blocker for field use — reps are working with incomplete product data; flag for a catalog audit; all 2 import feeds healthy; data freshness declining — the Images feed last ran 39d ago against a ~18d expected cadence.,58.9,Watch,"Troy Lighting is in Watch (59) with a mixed performance profile — no single dimension dominates, but value delivery (50) is the largest gap. Focus the next conversation on what is blocking orders or portal adoption — converting activity into outcomes is the priority.",False,,False,False,,,True,complete,4,,False
