BaseItemCode,LongDesc,ShortDesc,ImageFileName,Dimensions,ShipWeight,PackedVolume,PackQuantity,MinimumQuantity,TradeNameCode,CollectionCodes,CategoryCodes,NewItem,NetPrice,PromotionPrice,Price_retail,Price_imap,Price_canet,Price_caimap,Price_camsrp,UPCValue,Finish,CountryOfOrigin,drop_ship,shipped_via,order_uom,rohscompliant,Color,voltage,wattage,switchtype,workswith,wiresize,mountingtype,prop65,warranty,numberofswitches,bulbcompatibility,numberofgangs,RelatedItems
AAFN4S16AG4,"Paddle Fan Speed Control Switch, Graphite",Paddle Fan,"AAFN4S16AG4.jpg,AAFN4S16AG4_2.jpg,AAFN4S16AG4_3.jpg,AAFN4S16AG4_4.jpg,AAFN4S16AG4_5.jpg,AAFN4S16AG4_6.jpg",2.66 in H x 1.85 in W x 1.77 in L,0.25,0.03,1,1,adorne,adorne,Fan Control,N,39.26,,71.38,71.38,44.98,81.78,81.78,785007233964,Graphite,China,Y,Fedex or Truck,UNIT,,,,,,,,,,,,,,"AAFN4S16AG4,AAFN4S16AM4,AAFN4S16AW4"
AAFN4S16AM4,"Paddle Fan Speed Control Switch, Magnesium",Paddle Fan,"AAFN4S16AM4.jpg,AAFN4S16AM4_2.jpg,AAFN4S16AM4_3.jpg,AAFN4S16AM4_4.jpg,AAFN4S16AM4_5.jpg,AAFN4S16AM4_6.jpg",2.66 in H x 1.85 in W x 1.77 in L,0.25,0.03,1,1,adorne,adorne,Fan Control,N,39.26,,71.38,71.38,44.98,81.78,81.78,785007023305,Magnesium,China,Y,Fedex or Truck,UNIT,,,,,,,,,,,,,,"AAFN4S16AG4,AAFN4S16AM4,AAFN4S16AW4"
AAFN4S16AW4,"Paddle Fan Speed Control Switch, White",Paddle Fan,"AAFN4S16AW4.jpg,AAFN4S16AW4_2.jpg,AAFN4S16AW4_3.jpg,AAFN4S16AW4_4.jpg,AAFN4S16AW4_5.jpg,AAFN4S16AW4_6.jpg",2.66 in H x 1.85 in W x 1.77 in L,0.25,0.03,1,1,adorne,adorne,Fan Control,N,33.63,,61.15,61.15,38.71,70.38,70.38,785007023206,White,China,Y,Fedex or Truck,UNIT,,,,,,,,,,,,,,"AAFN4S16AG4,AAFN4S16AM4,AAFN4S16AW4"
ADPD4FBL3P2G4,"0-10V Paddle Dimmer, Graphite",0-10V Paddle,"ADPD4FBL3P2G4.jpg,ADPD4FBL3P2G4_2.jpg,ADPD4FBL3P2G4_3.jpg,ADPD4FBL3P2G4_4.jpg,ADPD4FBL3P2G4_5.jpg,ADPD4FBL3P2G4_6.jpg",1.77 in H x 1.77 in W x 1.62 in L,0.25,0.04,1,1,adorne,adorne,Dimmer,N,62.16,,113.02,113.02,96.95,176.28,176.28,785007233865,Graphite,China,Y,Fedex or Truck,UNIT,,,,,,,,,,,,,,"ADPD4FBL3P2G4,ADPD4FBL3P2M4,ADPD4FBL3P2W4"
ADPD4FBL3P2M4,"0-10V Paddle Dimmer, Magnesium",0-10V Paddle,"ADPD4FBL3P2M4.jpg,ADPD4FBL3P2M4_2.jpg,ADPD4FBL3P2M4_3.jpg,ADPD4FBL3P2M4_4.jpg,ADPD4FBL3P2M4_5.jpg,ADPD4FBL3P2M4_6.jpg",1.77 in H x 1.77 in W x 1.62 in L,0.38,0.03,1,1,adorne,adorne,Dimmer,N,62.16,,113.02,113.02,96.95,176.28,176.28,785007052671,Magnesium,China,Y,Fedex or Truck,UNIT,,,,,,,,,,,,,,"ADPD4FBL3P2G4,ADPD4FBL3P2M4,ADPD4FBL3P2W4"
ADPD4FBL3P2W4,"0-10V Paddle Dimmer, White",0-10V Paddle,"ADPD4FBL3P2W4.jpg,ADPD4FBL3P2W4_2.jpg,ADPD4FBL3P2W4_3.jpg,ADPD4FBL3P2W4_4.jpg,ADPD4FBL3P2W4_5.jpg,ADPD4FBL3P2W4_6.jpg",1.77 in H x 1.77 in W x 1.62 in L,0.38,0.03,1,1,adorne,adorne,Dimmer,N,53.11,,96.57,96.57,82.43,149.88,149.88,785007052688,White,China,Y,Fedex or Truck,UNIT,,,,,,,,,,,,,,"ADPD4FBL3P2G4,ADPD4FBL3P2M4,ADPD4FBL3P2W4"
ASPD1531G277,"277V Paddle Switch, Half-Size, Graphite",277V Paddle,"ASPD1531G277.jpg,ASPD1531G277_2.jpg,ASPD1531G277_3.jpg,ASPD1531G277_4.jpg,ASPD1531G277_5.jpg,ASPD1531G277_6.jpg",1.77 in H x 1.5 in W x 0.89 in L,0.15,0.01,1,1,adorne,adorne,Light Switch,N,14.33,,26.05,26.05,17.09,31.08,31.08,785007234381,Graphite,China,Y,Fedex or Truck,UNIT,,,,,,,,,,,,,,"ASPD1531G277,ASPD1531M277,ASPD1531W277"
ASPD1531G4,"Paddle Switch, Half-Size, Graphite",Paddle Switch,"ASPD1531G4.jpg,ASPD1531G4_2.jpg,ASPD1531G4_3.jpg,ASPD1531G4_4.jpg,ASPD1531G4_5.jpg,ASPD1531G4_6.jpg",1.77 in H x 1.5 in W x 0.89 in L,0.25,0.03,1,1,adorne,adorne,Light Switch,N,8.15,,14.81,14.81,9.78,17.78,17.78,785007234398,Graphite,China,Y,Fedex or Truck,UNIT,,,,,,,,,,,,,,"ASPD1531G4,ASPD1531M4,ASPD1531W4"
ASPD1531M277,"277V Paddle Switch, Half-Size, Magnesium",277V Paddle,"ASPD1531M277.jpg,ASPD1531M277_2.jpg,ASPD1531M277_3.jpg,ASPD1531M277_4.jpg,ASPD1531M277_5.jpg,ASPD1531M277_6.jpg",1.77 in H x 1.5 in W x 0.89 in L,0.15,0.01,1,1,adorne,adorne,Light Switch,N,14.33,,26.05,26.05,17.09,31.08,31.08,785007052923,Magnesium,China,Y,Fedex or Truck,UNIT,,,,,,,,,,,,,,"ASPD1531G277,ASPD1531M277,ASPD1531W277"
ASPD1531M4,"Paddle Switch, Half-Size, Magnesium",Paddle Switch,"ASPD1531M4.jpg,ASPD1531M4_2.jpg,ASPD1531M4_3.jpg,ASPD1531M4_4.jpg,ASPD1531M4_5.jpg,ASPD1531M4_6.jpg",1.77 in H x 1.5 in W x 0.89 in L,0.18,0.03,1,1,adorne,adorne,Light Switch,N,8.15,,14.81,14.81,9.78,17.78,17.78,785007022667,Magnesium,China,Y,Fedex or Truck,UNIT,,,,,,,,,,,,,,"ASPD1531G4,ASPD1531M4,ASPD1531W4"
ASPD1531W277,"277V Paddle Switch, Half-Size, White",277V Paddle,"ASPD1531W277.jpg,ASPD1531W277_2.jpg,ASPD1531W277_3.jpg,ASPD1531W277_4.jpg,ASPD1531W277_5.jpg,ASPD1531W277_6.jpg",1.77 in H x 1.5 in W x 0.89 in L,0.15,0.01,1,1,adorne,adorne,Light Switch,N,12.34,,22.43,22.43,14.78,26.88,26.88,785007052930,White,China,Y,Fedex or Truck,UNIT,,,,,,,,,,,,,,"ASPD1531G277,ASPD1531M277,ASPD1531W277"
ASPD1531W4,"Paddle Switch, Half-Size, White",Paddle Switch,"ASPD1531W4.jpg,ASPD1531W4_2.jpg,ASPD1531W4_3.jpg,ASPD1531W4_4.jpg,ASPD1531W4_5.jpg,ASPD1531W4_6.jpg",1.77 in H x 1.5 in W x 0.89 in L,0.18,0.03,1,1,adorne,adorne,Light Switch,N,6.92,,12.58,12.58,8.40,15.28,15.28,785007040296,White,China,Y,Fedex or Truck,UNIT,,,,,,,,,,,,,,"ASPD1531G4,ASPD1531M4,ASPD1531W4"
ASPD1532G277,"277V Paddle Switch, Graphite",277V Paddle,"ASPD1532G277.jpg,ASPD1532G277_2.jpg,ASPD1532G277_3.jpg,ASPD1532G277_4.jpg,ASPD1532G277_5.jpg,ASPD1532G277_6.jpg",1.77 in H x 1.77 in W x 1.5 in L,0.15,0.01,1,1,adorne,adorne,Light Switch,N,11.41,,20.75,20.75,13.68,24.88,24.88,785007234404,Graphite,China,Y,Fedex or Truck,UNIT,,,,,,,,,,,,,,"ASPD1532G277,ASPD1532M277,ASPD1532W277"
ASPD1532G4,"15A Paddle Switch, Graphite",15A Paddle,"ASPD1532G4.jpg,ASPD1532G4_2.jpg,ASPD1532G4_3.jpg,ASPD1532G4_4.jpg,ASPD1532G4_5.jpg,ASPD1532G4_6.jpg",1.77 in H x 1.77 in W x 1.5 in L,0.3,0.01,1,1,adorne,adorne,Light Switch,N,5.39,,9.80,9.80,6.31,11.48,11.48,785007234411,Graphite,China,Y,Fedex or Truck,UNIT,,,,,,,,,,,,,,"ASPD1532G4,ASPD1532M4,ASPD1532W4"
ASPD1532M277,"277V Paddle Switch, Magnesium",277V Paddle,"ASPD1532M277.jpg,ASPD1532M277_2.jpg,ASPD1532M277_3.jpg,ASPD1532M277_4.jpg,ASPD1532M277_5.jpg,ASPD1532M277_6.jpg",1.77 in H x 1.77 in W x 1.5 in L,0.15,0.01,1,1,adorne,adorne,Light Switch,N,11.41,,20.75,20.75,13.68,24.88,24.88,785007052961,Magnesium,China,Y,Fedex or Truck,UNIT,,,,,,,,,,,,,,"ASPD1532G277,ASPD1532M277,ASPD1532W277"
ASPD1532M4,"15A Paddle Switch, Magnesium",15A Paddle,"ASPD1532M4.jpg,ASPD1532M4_2.jpg,ASPD1532M4_3.jpg,ASPD1532M4_4.jpg,ASPD1532M4_5.jpg,ASPD1532M4_6.jpg",1.77 in H x 1.77 in W x 1.5 in L,0.18,0.03,1,1,adorne,adorne,Light Switch,N,5.39,,9.80,9.80,6.42,11.68,11.68,785007022919,Magnesium,China,Y,Fedex or Truck,UNIT,,,,,,,,,,,,,,"ASPD1532G4,ASPD1532M4,ASPD1532W4"
ASPD1532W277,"277V Paddle Switch, White",277V Paddle,"ASPD1532W277.jpg,ASPD1532W277_2.jpg,ASPD1532W277_3.jpg,ASPD1532W277_4.jpg,ASPD1532W277_5.jpg,ASPD1532W277_6.jpg",1.77 in H x 1.77 in W x 1.5 in L,0.15,0.01,1,1,adorne,adorne,Light Switch,N,11.06,,20.11,20.11,13.19,23.98,23.98,785007052916,White,China,Y,Fedex or Truck,UNIT,,,,,,,,,,,,,,"ASPD1532G277,ASPD1532M277,ASPD1532W277"
ASPD1532W4,"15A Paddle Switch, White",15A Paddle,"ASPD1532W4.jpg,ASPD1532W4_2.jpg,ASPD1532W4_3.jpg,ASPD1532W4_4.jpg,ASPD1532W4_5.jpg,ASPD1532W4_6.jpg",1.77 in H x 1.77 in W x 1.5 in L,0.15,0.03,1,1,adorne,adorne,Light Switch,N,4.52,,8.21,8.21,5.54,10.08,10.08,785007040319,White,China,Y,Fedex or Truck,UNIT,,,,,,,,,,,,,,"ASPD1532G4,ASPD1532M4,ASPD1532W4"
ASPD1542G277,"277V 4-Way Paddle Switch, Graphite",277V 4-Way,"ASPD1542G277.jpg,ASPD1542G277_2.jpg,ASPD1542G277_3.jpg,ASPD1542G277_4.jpg,ASPD1542G277_5.jpg,ASPD1542G277_6.jpg",1.77 in H x 1.77 in W x 1.5 in L,0.15,0.01,1,1,adorne,adorne,Light Switch,N,25.92,,47.13,47.13,29.03,52.78,52.78,785007234893,Graphite,Mexico,Y,Fedex or Truck,UNIT,,,,,,,,,,,,,,"ASPD1542G277,ASPD1542M277,ASPD1542W277"
ASPD1542M277,"277V 4-Way Paddle Switch, Magnesium",277V 4-Way,"ASPD1542M277.jpg,ASPD1542M277_2.jpg,ASPD1542M277_3.jpg,ASPD1542M277_4.jpg,ASPD1542M277_5.jpg,ASPD1542M277_6.jpg",1.77 in H x 1.77 in W x 1.5 in L,0.25,0.01,1,1,adorne,adorne,Light Switch,N,25.92,,47.13,47.13,30.68,55.78,55.78,785007052947,Magnesium,China,Y,Fedex or Truck,UNIT,,,,,,,,,,,,,,"ASPD1542G277,ASPD1542M277,ASPD1542W277"
ASPD1542W277,"277V 4-Way Paddle Switch, White",277V 4-Way,"ASPD1542W277.jpg,ASPD1542W277_2.jpg,ASPD1542W277_3.jpg,ASPD1542W277_4.jpg,ASPD1542W277_5.jpg,ASPD1542W277_6.jpg",1.77 in H x 1.77 in W x 1.5 in L,0.25,0.01,1,1,adorne,adorne,Light Switch,N,21.11,,38.39,38.39,28.64,52.08,52.08,785007052954,White,China,Y,Fedex or Truck,UNIT,,,,,,,,,,,,,,"ASPD1542G277,ASPD1542M277,ASPD1542W277"
ASPD2032G4,"20A Paddle Switch, Graphite",20A Paddle,"ASPD2032G4.jpg,ASPD2032G4_2.jpg,ASPD2032G4_3.jpg,ASPD2032G4_4.jpg,ASPD2032G4_5.jpg,ASPD2032G4_6.jpg",1.77 in H x 1.77 in W x 1.59 in L,0.17,0.03,1,1,adorne,adorne,Light Switch,N,11.81,,21.47,21.47,14.56,26.48,26.48,785007234473,Graphite,China,Y,Fedex or Truck,UNIT,,,,,,,,,,,,,,"ASPD2032G4,ASPD2032M4,ASPD2032W4"
ASPD2032M4,"20A Paddle Switch, Magnesium",20A Paddle,"ASPD2032M4.jpg,ASPD2032M4_2.jpg,ASPD2032M4_3.jpg,ASPD2032M4_4.jpg,ASPD2032M4_5.jpg,ASPD2032M4_6.jpg",1.77 in H x 1.77 in W x 1.59 in L,0.17,0.03,1,1,adorne,adorne,Light Switch,N,11.81,,21.47,21.47,14.56,26.48,26.48,785007022896,Magnesium,China,Y,Fedex or Truck,UNIT,,,,,,,,,,,,,,"ASPD2032G4,ASPD2032M4,ASPD2032W4"
ASPD2032W4,"20A Paddle Switch, White",20A Paddle,"ASPD2032W4.jpg,ASPD2032W4_2.jpg,ASPD2032W4_3.jpg,ASPD2032W4_4.jpg,ASPD2032W4_5.jpg,ASPD2032W4_6.jpg",1.77 in H x 1.77 in W x 1.59 in L,0.17,0.03,1,1,adorne,adorne,Light Switch,N,10.81,,19.65,19.65,12.86,23.38,23.38,785007022759,White,China,Y,Fedex or Truck,UNIT,,,,,,,,,,,,,,"ASPD2032G4,ASPD2032M4,ASPD2032W4"
ASPD2042G4,"20A 4-Way Paddle Switch, Graphite",20A 4-Way,"ASPD2042G4.jpg,ASPD2042G4_2.jpg,ASPD2042G4_3.jpg,ASPD2042G4_4.jpg,ASPD2042G4_5.jpg,ASPD2042G4_6.jpg",1.77 in H x 1.77 in W x 1.72 in L,0.18,0.03,1,1,adorne,adorne,Light Switch,N,20.30,,36.90,36.90,23.42,42.58,42.58,785007234930,Graphite,Mexico,Y,Fedex or Truck,UNIT,,,,,,,,,,,,,,"ASPD2042G4,ASPD2042M4,ASPD2042W4"
ASPD2042M4,"20A 4-Way Paddle Switch, Magnesium",20A 4-Way,"ASPD2042M4.jpg,ASPD2042M4_2.jpg,ASPD2042M4_3.jpg,ASPD2042M4_4.jpg,ASPD2042M4_5.jpg,ASPD2042M4_6.jpg",1.77 in H x 1.77 in W x 1.72 in L,0.18,0.03,1,1,adorne,adorne,Light Switch,N,20.30,,36.90,36.90,24.68,44.88,44.88,785007022575,Magnesium,Mexico,Y,Fedex or Truck,UNIT,,,,,,,,,,,,,,"ASPD2042G4,ASPD2042M4,ASPD2042W4"
ASPD2042W4,"20A 4-Way Paddle Switch, White",20A 4-Way,"ASPD2042W4.jpg,ASPD2042W4_2.jpg,ASPD2042W4_3.jpg,ASPD2042W4_4.jpg,ASPD2042W4_5.jpg,ASPD2042W4_6.jpg",1.77 in H x 1.77 in W x 1.72 in L,0.18,0.03,1,1,adorne,adorne,Light Switch,N,17.26,,31.38,31.38,20.89,37.98,37.98,785007022568,White,Mexico,Y,Fedex or Truck,UNIT,,,,,,,,,,,,,,"ASPD2042G4,ASPD2042M4,ASPD2042W4"
ADPD153LG2,"150W LED Advanced Dimmer, Graphite",150W LED,"ADPD153LG2.jpg,ADPD153LG2_2.jpg,ADPD153LG2_3.jpg,ADPD153LG2_4.jpg,ADPD153LG2_5.jpg,ADPD153LG2_6.jpg",2.7 in H x 1.77 in W x 1.37 in L,0,0.01,1,1,adorne,adorne,Dimmer,N,38.71,,70.39,70.39,52.02,94.58,94.58,785007450712,Graphite,China,Y,Fedex or Truck,,,,,,,,,,,,,,,"ADPD153LG2,ADPD153LM2,ADPD153LW2"
ADPD153LM2,"150W LED Advanced Dimmer, Magnesium",150W LED,"ADPD153LM2.jpg,ADPD153LM2_2.jpg,ADPD153LM2_3.jpg,ADPD153LM2_4.jpg,ADPD153LM2_5.jpg,ADPD153LM2_6.jpg",2.7 in H x 1.77 in W x 1.37 in L,0,0.01,1,1,adorne,adorne,Dimmer,N,38.71,,70.39,70.39,52.02,94.58,94.58,785007450699,Magnesium,China,Y,Fedex or Truck,,,,,,,,,,,,,,,"ADPD153LG2,ADPD153LM2,ADPD153LW2"
ADPD153LW2,"150W LED Advanced Dimmer, White",150W LED,"ADPD153LW2.jpg,ADPD153LW2_2.jpg,ADPD153LW2_3.jpg,ADPD153LW2_4.jpg,ADPD153LW2_5.jpg,ADPD153LW2_6.jpg",2.7 in H x 1.77 in W x 1.37 in L,0,0.01,1,1,adorne,adorne,Dimmer,N,32.18,,58.50,58.50,44.92,81.68,81.68,785007450705,White,China,Y,Fedex or Truck,,,,,,,,,,,,,,,"ADPD153LG2,ADPD153LM2,ADPD153LW2"
ADWR703TUG4,"Whisper Tru-Universal Dimmer, Graphite",Whisper Tru-,"ADWR703TUG4.jpg,ADWR703TUG4_2.jpg,ADWR703TUG4_3.jpg,ADWR703TUG4_4.jpg,ADWR703TUG4_5.jpg,ADWR703TUG4_6.jpg",4.19 in H x 1.77 in W x 1.2 in L,0.25,0.04,1,1,adorne,adorne,Dimmer,N,56.01,,101.83,101.83,65.49,119.08,119.08,785007233926,Graphite,China,Y,Fedex or Truck,UNIT,,,,,,,,,,,,,,"ADWR703TUG4,ADWR703TUM4,ADWR703TUW4"
ADWR703TUM4,"Whisper Tru-Universal Dimmer, Magnesium",Whisper Tru-,"ADWR703TUM4.jpg,ADWR703TUM4_2.jpg,ADWR703TUM4_3.jpg,ADWR703TUM4_4.jpg,ADWR703TUM4_5.jpg,ADWR703TUM4_6.jpg",4.19 in H x 1.77 in W x 1.2 in L,0.25,0.04,1,1,adorne,adorne,Dimmer,N,56.01,,101.83,101.83,66.92,121.68,121.68,785007133912,Magnesium,China,Y,Fedex or Truck,UNIT,,,,,,,,,,,,,,"ADWR703TUG4,ADWR703TUM4,ADWR703TUW4"
ADWR703TUW4,"Whisper Tru-Universal Dimmer, White",Whisper Tru-,"ADWR703TUW4.jpg,ADWR703TUW4_2.jpg,ADWR703TUW4_3.jpg,ADWR703TUW4_4.jpg,ADWR703TUW4_5.jpg,ADWR703TUW4_6.jpg",4.19 in H x 1.77 in W x 1.2 in L,0.25,0.04,1,1,adorne,adorne,Dimmer,N,48.82,,88.77,88.77,58.40,106.18,106.18,785007133929,White,China,Y,Fedex or Truck,UNIT,,,,,,,,,,,,,,"ADWR703TUG4,ADWR703TUM4,ADWR703TUW4"
ASWR1532G4,"Whisper Switch, Graphite",Whisper Switch,"ASWR1532G4.jpg,ASWR1532G4_2.jpg,ASWR1532G4_3.jpg,ASWR1532G4_4.jpg,ASWR1532G4_5.jpg,ASWR1532G4_6.jpg",1.77 in H x 1.77 in W x 1.63 in L,0.2,0.03,1,1,adorne,adorne,Light Switch,N,10.30,,18.72,18.72,11.92,21.68,21.68,785007234510,Graphite,China,Y,Fedex or Truck,UNIT,,,,,,,,,,,,,,"ASWR1532G4,ASWR1532M4,ASWR1532W4"
ASWR1532M4,"Whisper Switch, Magnesium",Whisper Switch,"ASWR1532M4.jpg,ASWR1532M4_2.jpg,ASWR1532M4_3.jpg,ASWR1532M4_4.jpg,ASWR1532M4_5.jpg,ASWR1532M4_6.jpg",1.77 in H x 1.77 in W x 1.63 in L,0.18,0.03,1,1,adorne,adorne,Light Switch,N,10.30,,18.72,18.72,12.25,22.28,22.28,785007022971,Magnesium,China,Y,Fedex or Truck,UNIT,,,,,,,,,,,,,,"ASWR1532G4,ASWR1532M4,ASWR1532W4"
ASWR1532W4,"Whisper Switch, White",Whisper Switch,"ASWR1532W4.jpg,ASWR1532W4_2.jpg,ASWR1532W4_3.jpg,ASWR1532W4_4.jpg,ASWR1532W4_5.jpg,ASWR1532W4_6.jpg",1.77 in H x 1.77 in W x 1.63 in L,0.18,0.03,1,1,adorne,adorne,Light Switch,N,9.02,,16.40,16.40,10.71,19.48,19.48,785007040265,White,China,Y,Fedex or Truck,UNIT,,,,,,,,,,,,,,"ASWR1532G4,ASWR1532M4,ASWR1532W4"
ADTP4FBL3PG4,"0-10V sofTap Dimmer, Graphite",0-10V sofTap,"ADTP4FBL3PG4.jpg,ADTP4FBL3PG4_2.jpg,ADTP4FBL3PG4_3.jpg,ADTP4FBL3PG4_4.jpg",1.77 in H x 1.77 in W x 1.62 in L,0.25,0.04,1,1,adorne,adorne,Dimmer,N,79.95,,145.37,145.37,72.20,131.28,131.28,785007233896,Graphite,China,Y,Fedex or Truck,UNIT,,,,,,,,,,,,,,"ADTP4FBL3PG4,ADTP4FBL3PM4,ADTP4FBL3PW4"
ADTP4FBL3PM4,"0-10V sofTap Dimmer, Magnesium",0-10V sofTap,"ADTP4FBL3PM4.jpg,ADTP4FBL3PM4_2.jpg,ADTP4FBL3PM4_3.jpg,ADTP4FBL3PM4_4.jpg,ADTP4FBL3PM4_5.jpg,ADTP4FBL3PM4_6.jpg",1.77 in H x 1.77 in W x 1.62 in L,0.3,0.03,1,1,adorne,adorne,Dimmer,N,79.95,,145.37,145.37,76.33,138.78,138.78,785007055931,Magnesium,China,Y,Fedex or Truck,UNIT,,,,,,,,,,,,,,"ADTP4FBL3PG4,ADTP4FBL3PM4,ADTP4FBL3PW4"
ADTP4FBL3PW4,"0-10V sofTap Dimmer, White",0-10V sofTap,"ADTP4FBL3PW4.jpg,ADTP4FBL3PW4_2.jpg,ADTP4FBL3PW4_3.jpg,ADTP4FBL3PW4_4.jpg,ADTP4FBL3PW4_5.jpg",1.77 in H x 1.77 in W x 1.62 in L,0.33,0.03,1,1,adorne,adorne,Dimmer,N,64.31,,116.93,116.93,65.71,119.48,119.48,785007055948,White,China,Y,Fedex or Truck,UNIT,,,,,,,,,,,,,,"ADTP4FBL3PG4,ADTP4FBL3PM4,ADTP4FBL3PW4"
ADTP703TUG4,"700W sofTap Tru-Universal Dimmer, Graphite",700W sofTap,"ADTP703TUG4.jpg,ADTP703TUG4_2.jpg,ADTP703TUG4_3.jpg,ADTP703TUG4_4.jpg,ADTP703TUG4_5.jpg,ADTP703TUG4_6.jpg",4.2 in H x 1.79 in W x 1.77 in L,0.4,0.03,1,1,adorne,adorne,Dimmer,N,56.16,,102.10,102.10,60.43,109.88,109.88,785007233919,Graphite,China,Y,Fedex or Truck,UNIT,,,,,,,,,,,,,,"ADTP703TUG4,ADTP703TUM4,ADTP703TUW4"
ADTP703TUM4,"700W sofTap Tru-Universal Dimmer, Magnesium",700W sofTap,"ADTP703TUM4.jpg,ADTP703TUM4_2.jpg,ADTP703TUM4_3.jpg,ADTP703TUM4_4.jpg,ADTP703TUM4_5.jpg,ADTP703TUM4_6.jpg",4.2 in H x 1.79 in W x 1.77 in L,0.39,0.03,1,1,adorne,adorne,Dimmer,N,56.16,,102.10,102.10,61.81,112.38,112.38,785007023176,Magnesium,China,Y,Fedex or Truck,UNIT,,,,,,,,,,,,,,"ADTP703TUG4,ADTP703TUM4,ADTP703TUW4"
ADTP703TUW4,"700W sofTap Tru-Universal Dimmer, White",700W sofTap,"ADTP703TUW4.jpg,ADTP703TUW4_2.jpg,ADTP703TUW4_3.jpg,ADTP703TUW4_4.jpg,ADTP703TUW4_5.jpg,ADTP703TUW4_6.jpg",4.2 in H x 1.79 in W x 1.77 in L,0.4,0.03,1,1,adorne,adorne,Dimmer,N,48.82,,88.77,88.77,53.45,97.18,97.18,785007023220,White,China,Y,Fedex or Truck,UNIT,,,,,,,,,,,,,,"ADTP703TUG4,ADTP703TUM4,ADTP703TUW4"
ASTP1532G4,"sofTap Switch, Graphite",sofTap Switch,"ASTP1532G4.jpg,ASTP1532G4_2.jpg,ASTP1532G4_3.jpg,ASTP1532G4_4.jpg,ASTP1532G4_5.jpg,ASTP1532G4_6.jpg",2.66 in H x 1.77 in W x 1.63 in L,0.2,0.03,1,1,adorne,adorne,Light Switch,N,41.04,,74.61,74.61,46.30,84.18,84.18,785007233940,Graphite,China,Y,Fedex or Truck,UNIT,,,,,,,,,,,,,,"ASTP1532G4,ASTP1532M4,ASTP1532W4"
ASTP1532M4,"sofTap Switch, Magnesium",sofTap Switch,"ASTP1532M4.jpg,ASTP1532M4_2.jpg,ASTP1532M4_3.jpg,ASTP1532M4_4.jpg,ASTP1532M4_5.jpg,ASTP1532M4_6.jpg",2.66 in H x 1.77 in W x 1.63 in L,0.25,0.03,1,1,adorne,adorne,Light Switch,N,41.04,,74.61,74.61,47.34,86.08,86.08,785007022902,Magnesium,China,Y,Fedex or Truck,UNIT,,,,,,,,,,,,,,"ASTP1532G4,ASTP1532M4,ASTP1532W4"
ASTP1532W4,"sofTap Switch, White",sofTap Switch,"ASTP1532W4.jpg,ASTP1532W4_2.jpg,ASTP1532W4_3.jpg,ASTP1532W4_4.jpg,ASTP1532W4_5.jpg,ASTP1532W4_6.jpg",2.66 in H x 1.77 in W x 1.63 in L,0.25,0.03,1,1,adorne,adorne,Light Switch,N,35.41,,64.39,64.39,41.29,75.08,75.08,785007022858,White,China,Y,Fedex or Truck,UNIT,,,,,,,,,,,,,,"ASTP1532G4,ASTP1532M4,ASTP1532W4"
ADSM703HG2,"700W Incandescent/Halogen Motion, Graphite",700W Incandesce,"ADSM703HG2.jpg,ADSM703HG2_2.jpg,ADSM703HG2_3.jpg,ADSM703HG2_4.jpg",4.2 in H x 1.85 in W x 1.77 in L,0.42,0.03,1,1,adorne,adorne,Dimmer,N,51.06,,92.84,92.84,55.81,101.48,101.48,785007234787,Graphite,China,Y,Fedex or Truck,UNIT,,,,,,,,,,,,,,"ADSM703HG2,ADSM703HM2,ADSM703HW2"
ADSM703HM2,"700W Incandescent/Halogen Motion, Magnesium",700W Incandesce,"ADSM703HM2.jpg,ADSM703HM2_2.jpg,ADSM703HM2_3.jpg,ADSM703HM2_4.jpg",4.2 in H x 1.85 in W x 1.77 in L,0.42,0.03,1,1,adorne,adorne,Dimmer,N,51.06,,92.84,92.84,47.45,86.28,86.28,785007023336,Magnesium,China,Y,Fedex or Truck,UNIT,,,,,,,,,,,,,,"ADSM703HG2,ADSM703HM2,ADSM703HW2"
ADSM703HW2,"700W Incandescent/Halogen Motion Sensor, White",700W Incandesce,"ADSM703HW2.jpg,ADSM703HW2_2.jpg,ADSM703HW2_3.jpg,ADSM703HW2_4.jpg,ADSM703HW2_5.jpg",4.2 in H x 1.85 in W x 1.77 in L,0.42,0.03,1,1,adorne,adorne,Dimmer,N,41.04,,74.61,74.61,44.98,81.78,81.78,785007023428,White,China,Y,Fedex or Truck,UNIT,,,,,,,,,,,,,,"ADSM703HG2,ADSM703HM2,ADSM703HW2"
ASOS32G4,"Motion Sensor Switch, Auto On/Off, Graphite",Motion Sensor,"ASOS32G4.jpg,ASOS32G4_2.jpg,ASOS32G4_3.jpg,ASOS32G4_4.jpg",2.66 in H x 1.85 in W x 1.77 in L,0.35,0.03,1,1,adorne,adorne,Occupancy Sensor,N,39.78,,72.32,72.32,42.56,77.38,77.38,785007234794,Graphite,China,Y,Fedex or Truck,UNIT,,,,,,,,,,,,,,"ASOS32G4,ASOS32M4,ASOS32W4"
ASOS32M4,"Motion Sensor Switch, Auto On/Off, Magnesium",Motion Sensor,"ASOS32M4.jpg,ASOS32M4_2.jpg,ASOS32M4_3.jpg,ASOS32M4_4.jpg,ASOS32M4_5.jpg,ASOS32M4_6.jpg",2.66 in H x 1.85 in W x 1.77 in L,0.35,0.03,1,1,adorne,adorne,Occupancy Sensor,N,39.78,,72.32,72.32,43.49,79.08,79.08,785007023244,Magnesium,China,Y,Fedex or Truck,UNIT,,,,,,,,,,,,,,"ASOS32G4,ASOS32M4,ASOS32W4"
ASOS32W4,"Motion Sensor Switch, Auto On/Off, White",Motion Sensor,"ASOS32W4.jpg,ASOS32W4_2.jpg,ASOS32W4_3.jpg,ASOS32W4_4.jpg,ASOS32W4_5.jpg,ASOS32W4_6.jpg",2.66 in H x 1.85 in W x 1.77 in L,0.35,0.03,1,1,adorne,adorne,Occupancy Sensor,N,32.97,,59.95,59.95,36.34,66.08,66.08,785007023145,White,China,Y,Fedex or Truck,UNIT,,,,,,,,,,,,,,"ASOS32G4,ASOS32M4,ASOS32W4"
ASTM2G2,"Timer Switch, Manual On/Timed Off, Graphite",Timer Switch,"ASTM2G2.jpg,ASTM2G2_2.jpg,ASTM2G2_3.jpg,ASTM2G2_4.jpg,ASTM2G2_5.jpg,ASTM2G2_6.jpg",2.66 in H x 1.77 in W x 1.85 in L,0.2,0.03,1,1,adorne,adorne,Timer Switch,N,41.93,,76.23,76.23,47.07,85.58,85.58,785007234817,Graphite,China,Y,Fedex or Truck,UNIT,,,,,,,,,,,,,,"ASTM2G2,ASTM2M2,ASTM2W2"
ASTM2M2,"Timer Switch, Manual On/Timed Off, Magnesium",Timer Switch,"ASTM2M2.jpg,ASTM2M2_2.jpg,ASTM2M2_3.jpg,ASTM2M2_4.jpg,ASTM2M2_5.jpg,ASTM2M2_6.jpg",2.66 in H x 1.77 in W x 1.85 in L,0.3,0.03,1,1,adorne,adorne,Timer Switch,N,41.93,,76.23,76.23,48.06,87.38,87.38,785007023008,Magnesium,China,Y,Fedex or Truck,UNIT,,,,,,,,,,,,,,"ASTM2G2,ASTM2M2,ASTM2W2"
ASTM2W2,"Timer Switch, Manual On/Timed Off, White",Timer Switch,"ASTM2W2.jpg,ASTM2W2_2.jpg,ASTM2W2_3.jpg,ASTM2W2_4.jpg,ASTM2W2_5.jpg,ASTM2W2_6.jpg",2.66 in H x 1.77 in W x 1.85 in L,0.3,0.03,1,1,adorne,adorne,Timer Switch,N,36.22,,65.86,65.86,41.95,76.28,76.28,785007023473,White,China,Y,Fedex or Truck,UNIT,,,,,,,,,,,,,,"ASTM2G2,ASTM2M2,ASTM2W2"
ASVS12G4,"Motion Sensor Switch, Manual On/Auto Off, Graphite",Motion Sensor,"ASVS12G4.jpg,ASVS12G4_2.jpg,ASVS12G4_3.jpg,ASVS12G4_4.jpg",2.66 in H x 1.77 in W x 1.85 in L,0.2,0.03,1,1,adorne,adorne,Vacancy Sensor,N,33.63,,61.15,61.15,37.22,67.68,67.68,785007234800,Graphite,China,Y,Fedex or Truck,UNIT,,,,,,,,,,,,,,"ASVS12G4,ASVS12M4,ASVS12W4"
ASVS12M4,"Motion Sensor Switch, Manual On/Auto, Magnesium",Motion Sensor,"ASVS12M4.jpg,ASVS12M4_2.jpg,ASVS12M4_3.jpg,ASVS12M4_4.jpg,ASVS12M4_5.jpg,ASVS12M4_6.jpg",2.66 in H x 1.77 in W x 1.85 in L,0.35,0.03,1,1,adorne,adorne,Vacancy Sensor,N,33.63,,61.15,61.15,37.22,67.68,67.68,785007023282,Magnesium,China,Y,Fedex or Truck,UNIT,,,,,,,,,,,,,,"ASVS12G4,ASVS12M4,ASVS12W4"
ASVS12W4,"Motion Sensor Switch, Manual On/Auto Off, White",Motion Sensor,"ASVS12W4.jpg,ASVS12W4_2.jpg,ASVS12W4_3.jpg,ASVS12W4_4.jpg,ASVS12W4_5.jpg,ASVS12W4_6.jpg",2.66 in H x 1.77 in W x 1.85 in L,0.35,0.03,1,1,adorne,adorne,Vacancy Sensor,N,29.33,,53.33,53.33,32.33,58.78,58.78,785007023442,White,China,Y,Fedex or Truck,UNIT,,,,,,,,,,,,,,"ASVS12G4,ASVS12M4,ASVS12W4"
ADTH4FBL3PG4,"0-10V Touch Dimmer, Graphite",0-10V Touch,"ADTH4FBL3PG4.jpg,ADTH4FBL3PG4_2.jpg,ADTH4FBL3PG4_3.jpg,ADTH4FBL3PG4_4.jpg",1.77 in H x 1.77 in W x 1.62 in L,0.25,0.04,1,1,adorne,adorne,Dimmer,N,89.00,,161.81,161.81,101.90,185.28,185.28,785007233889,Graphite,China,Y,Fedex or Truck,UNIT,,,,,,,,,,,,,,"ADTH4FBL3PG4,ADTH4FBL3PM4,ADTH4FBL3PW4"
ADTH4FBL3PM4,"0-10V Touch Dimmer, Magnesium",0-10V Touch,"ADTH4FBL3PM4.jpg,ADTH4FBL3PM4_2.jpg,ADTH4FBL3PM4_3.jpg,ADTH4FBL3PM4_4.jpg,ADTH4FBL3PM4_5.jpg",1.77 in H x 1.77 in W x 1.62 in L,0.33,0.03,1,1,adorne,adorne,Dimmer,N,89.00,,161.81,161.81,107.73,195.88,195.88,785007055955,Magnesium,China,Y,Fedex or Truck,UNIT,,,,,,,,,,,,,,"ADTH4FBL3PG4,ADTH4FBL3PM4,ADTH4FBL3PW4"
ADTH4FBL3PW4,"0-10V Touch Dimmer, White",0-10V Touch,"ADTH4FBL3PW4.jpg,ADTH4FBL3PW4_2.jpg,ADTH4FBL3PW4_3.jpg,ADTH4FBL3PW4_4.jpg,ADTH4FBL3PW4_5.jpg,ADTH4FBL3PW4_6.jpg",1.77 in H x 1.77 in W x 1.62 in L,0.33,0.03,1,1,adorne,adorne,Dimmer,N,75.57,,137.40,137.40,91.78,166.88,166.88,785007055962,White,China,Y,Fedex or Truck,UNIT,,,,,,,,,,,,,,"ADTH4FBL3PG4,ADTH4FBL3PM4,ADTH4FBL3PW4"
ADTH703TUG4,"Touch Tru-Universal Dimmer, Graphite",Touch Tru-,"ADTH703TUG4.jpg,ADTH703TUG4_2.jpg,ADTH703TUG4_3.jpg,ADTH703TUG4_4.jpg,ADTH703TUG4_5.jpg,ADTH703TUG4_6.jpg",2.48 in H x 1.77 in W x 1.29 in L,0.25,0.04,1,1,adorne,adorne,Dimmer,N,75.87,,137.95,137.95,90.79,165.08,165.08,785007233902,Graphite,China,Y,Fedex or Truck,UNIT,,,,,,,,,,,,,,"ADTH703TUG4,ADTH703TUM4,ADTH703TUW4"
ADTH703TUM4,"Touch Tru-Universal Dimmer, Magnesium",Touch Tru-,"ADTH703TUM4.jpg,ADTH703TUM4_2.jpg,ADTH703TUM4_3.jpg,ADTH703TUM4_4.jpg,ADTH703TUM4_5.jpg,ADTH703TUM4_6.jpg",2.48 in H x 1.77 in W x 1.29 in L,0.25,0.04,1,1,adorne,adorne,Dimmer,N,75.87,,137.95,137.95,90.79,165.08,165.08,785007133936,Magnesium,China,Y,Fedex or Truck,UNIT,,,,,,,,,,,,,,"ADTH703TUG4,ADTH703TUM4,ADTH703TUW4"
ADTH703TUW4,"Touch Tru-Universal Dimmer, White",Touch Tru-,"ADTH703TUW4.jpg,ADTH703TUW4_2.jpg,ADTH703TUW4_3.jpg,ADTH703TUW4_4.jpg,ADTH703TUW4_5.jpg,ADTH703TUW4_6.jpg",2.48 in H x 1.77 in W x 1.29 in L,0.25,0.04,1,1,adorne,adorne,Dimmer,N,65.93,,119.88,119.88,78.97,143.58,143.58,785007133943,White,China,Y,Fedex or Truck,UNIT,,,,,,,,,,,,,,"ADTH703TUG4,ADTH703TUM4,ADTH703TUW4"
ASTH1532G2,"Touch Switch, Graphite",Touch Switch,"ASTH1532G2.jpg,ASTH1532G2_2.jpg,ASTH1532G2_3.jpg,ASTH1532G2_4.jpg,ASTH1532G2_5.jpg,ASTH1532G2_6.jpg",2.66 in H x 1.77 in W x 1.63 in L,0.17,0.03,1,1,adorne,adorne,Light Switch,N,53.49,,97.25,97.25,60.43,109.88,109.88,785007233933,Graphite,China,Y,Fedex or Truck,UNIT,,,,,,,,,,,,,,"ASTH1532G2,ASTH1532M2,ASTH1532W2"
ASTH1532M2,"Touch Switch, Magnesium",Touch Switch,"ASTH1532M2.jpg,ASTH1532M2_2.jpg,ASTH1532M2_3.jpg,ASTH1532M2_4.jpg,ASTH1532M2_5.jpg,ASTH1532M2_6.jpg",2.66 in H x 1.77 in W x 1.63 in L,0.14,0.03,1,1,adorne,adorne,Light Switch,N,53.49,,97.25,97.25,61.81,112.38,112.38,785007022742,Magnesium,China,Y,Fedex or Truck,UNIT,,,,,,,,,,,,,,"ASTH1532G2,ASTH1532M2,ASTH1532W2"
ASTH1532W2,"Touch Switch, White",Touch Switch,"ASTH1532W2.jpg,ASTH1532W2_2.jpg,ASTH1532W2_3.jpg,ASTH1532W2_4.jpg,ASTH1532W2_5.jpg,ASTH1532W2_6.jpg",2.66 in H x 1.77 in W x 1.63 in L,0.14,0.03,1,1,adorne,adorne,Light Switch,N,46.60,,84.73,84.73,53.45,97.18,97.18,785007022827,White,China,Y,Fedex or Truck,UNIT,,,,,,,,,,,,,,"ASTH1532G2,ASTH1532M2,ASTH1532W2"
ASWV1532G2,"15A Wave Switch, Graphite",15A Wave,"ASWV1532G2.jpg,ASWV1532G2_2.jpg,ASWV1532G2_3.jpg,ASWV1532G2_4.jpg,ASWV1532G2_5.jpg",2.66 in H x 1.77 in W x 1.71 in L,0.2,0.03,1,1,adorne,adorne,Light Switch,N,53.49,,97.25,97.25,61.81,112.38,112.38,785007233957,Graphite,China,Y,Fedex or Truck,UNIT,,,,,,,,,,,,,,"ASWV1532G2,ASWV1532M2,ASWV1532W2"
ASWV1532M2,"15A Wave Switch, Magnesium",15A Wave,"ASWV1532M2.jpg,ASWV1532M2_2.jpg,ASWV1532M2_3.jpg,ASWV1532M2_4.jpg,ASWV1532M2_5.jpg,ASWV1532M2_6.jpg",2.66 in H x 1.77 in W x 1.71 in L,0.28,0.03,1,1,adorne,adorne,Light Switch,N,53.49,,97.25,97.25,61.81,112.38,112.38,785007022711,Magnesium,China,Y,Fedex or Truck,UNIT,,,,,,,,,,,,,,"ASWV1532G2,ASWV1532M2,ASWV1532W2"
ASWV1532W2,"15A Wave Switch, White",15A Wave,"ASWV1532W2.jpg,ASWV1532W2_2.jpg,ASWV1532W2_3.jpg,ASWV1532W2_4.jpg,ASWV1532W2_5.jpg,ASWV1532W2_6.jpg",2.66 in H x 1.77 in W x 1.71 in L,0.28,0.03,1,1,adorne,adorne,Light Switch,N,46.60,,84.73,84.73,53.45,97.18,97.18,785007022926,White,China,Y,Fedex or Truck,UNIT,,,,,,,,,,,,,,"ASWV1532G2,ASWV1532M2,ASWV1532W2"
ASWV2032G2,"20A Wave Switch, Graphite",20A Wave,"ASWV2032G2.jpg,ASWV2032G2_2.jpg,ASWV2032G2_3.jpg,ASWV2032G2_4.jpg,ASWV2032G2_5.jpg",2.66 in H x 1.77 in W x 1.71 in L,0.2,0.01,1,1,adorne,adorne,Light Switch,N,53.75,,97.72,97.72,69.84,126.98,126.98,785007382501,Graphite,China,Y,Fedex or Truck,,,,,,,,,,,,,,,"ASWV2032G2,ASWV2032M2,ASWV2032W2"
ASWV2032M2,"20A Wave Switch, Magnesium",20A Wave,"ASWV2032M2.jpg,ASWV2032M2_2.jpg,ASWV2032M2_3.jpg,ASWV2032M2_4.jpg",2.66 in H x 1.77 in W x 1.71 in L,0.28,0.01,1,1,adorne,adorne,Light Switch,N,48.97,,89.03,89.03,69.84,126.98,126.98,785007382495,Magnesium,China,Y,Fedex or Truck,,,,,,,,,,,,,,,"ASWV2032G2,ASWV2032M2,ASWV2032W2"
ASWV2032W2,"20A Wave Switch, White",20A Wave,"ASWV2032W2.jpg,ASWV2032W2_2.jpg,ASWV2032W2_3.jpg,ASWV2032W2_4.jpg,ASWV2032W2_5.jpg",2.66 in H x 1.77 in W x 1.71 in L,0.28,0.01,1,1,adorne,adorne,Light Switch,N,48.97,,89.03,89.03,60.32,109.68,109.68,785007382488,White,China,Y,Fedex or Truck,,,,,,,,,,,,,,,"ASWV2032G2,ASWV2032M2,ASWV2032W2"
AGFTR2152G4,"Tamper-Resistant 15A Duplex Self-Test, Graphite",Tamper-Resistan,"AGFTR2152G4.jpg,AGFTR2152G4_2.jpg,AGFTR2152G4_3.jpg,AGFTR2152G4_4.jpg,AGFTR2152G4_5.jpg,AGFTR2152G4_6.jpg",2.66 in H x 1.82 in W x 1.77 in L,0.29,0.01,1,1,adorne,adorne,GFCI,N,31.92,,58.04,58.04,41.95,76.28,76.28,785007233971,Graphite,China,Y,Fedex or Truck,UNIT,,,,,,,,,,,,,,"AGFTR2152G4,AGFTR2152M4,AGFTR2152W4"
AGFTR2152M4,"Tamper-Resistant 15A Duplex Self-Test, Magnesium",Tamper-Resistan,"AGFTR2152M4.jpg,AGFTR2152M4_2.jpg,AGFTR2152M4_3.jpg,AGFTR2152M4_4.jpg,AGFTR2152M4_5.jpg,AGFTR2152M4_6.jpg",2.66 in H x 1.82 in W x 1.77 in L,0.29,0.01,1,1,adorne,adorne,GFCI,N,31.92,,58.04,58.04,41.95,76.28,76.28,785007052664,Magnesium,China,Y,Fedex or Truck,UNIT,,,,,,,,,,,,,,"AGFTR2152G4,AGFTR2152M4,AGFTR2152W4"
AGFTR2152W4,"Tamper-Resistant 15A Duplex Self-Test, White",Tamper-Resistan,"AGFTR2152W4.jpg,AGFTR2152W4_2.jpg,AGFTR2152W4_3.jpg,AGFTR2152W4_4.jpg,AGFTR2152W4_5.jpg,AGFTR2152W4_6.jpg",2.66 in H x 1.82 in W x 1.77 in L,0.29,0.01,1,1,adorne,adorne,GFCI,N,26.30,,47.82,47.82,33.76,61.38,61.38,785007052626,White,China,Y,Fedex or Truck,UNIT,,,,,,,,,,,,,,"AGFTR2152G4,AGFTR2152M4,AGFTR2152W4"
AGFTR2153G4,"Plus Size Tamper-Resistant 15A Duplex, Graphite",Plus Size,"AGFTR2153G4.jpg,AGFTR2153G4_2.jpg,AGFTR2153G4_3.jpg",3.0 in H x 1.82 in W x 1.76 in L,0.3,0.03,1,1,adorne,adorne,GFCI,N,32.91,,59.84,59.84,40.36,73.38,73.38,785007233988,Graphite,China,Y,Fedex or Truck,UNIT,,,,,,,,,,,,,,"AGFTR2153G4,AGFTR2153M4,AGFTR2153W4"
AGFTR2153M4,"Plus Size Tamper-Resistant 15A Duplex, Magnesium",Plus Size,"AGFTR2153M4.jpg,AGFTR2153M4_2.jpg,AGFTR2153M4_3.jpg",3.0 in H x 1.82 in W x 1.76 in L,0.3,0.03,1,1,adorne,adorne,GFCI,N,32.91,,59.84,59.84,39.42,71.68,71.68,785007052619,Magnesium,China,Y,Fedex or Truck,UNIT,,,,,,,,,,,,,,"AGFTR2153G4,AGFTR2153M4,AGFTR2153W4"
AGFTR2153W4,"Plus Size Tamper-Resistant 15A Duplex Self-, White",Plus Size,"AGFTR2153W4.jpg,AGFTR2153W4_2.jpg,AGFTR2153W4_3.jpg,AGFTR2153W4_4.jpg",3.0 in H x 1.82 in W x 1.76 in L,0.3,0.03,1,1,adorne,adorne,GFCI,N,30.22,,54.94,54.94,36.51,66.38,66.38,785007052657,White,China,Y,Fedex or Truck,UNIT,,,,,,,,,,,,,,"AGFTR2153G4,AGFTR2153M4,AGFTR2153W4"
AGFTR2202G4,"Tamper-Resistant 20A Duplex Self-Test, Graphite",Tamper-Resistan,"AGFTR2202G4.jpg,AGFTR2202G4_2.jpg,AGFTR2202G4_3.jpg,AGFTR2202G4_4.jpg,AGFTR2202G4_5.jpg,AGFTR2202G4_6.jpg",2.66 in H x 1.82 in W x 1.77 in L,0.26,0.03,1,1,adorne,adorne,GFCI,N,35.41,,64.39,64.39,42.83,77.88,77.88,785007234374,Graphite,China,Y,Fedex or Truck,UNIT,,,,,,,,,,,,,,"AGFTR2202G4,AGFTR2202M4,AGFTR2202W4"
AGFTR2202M4,"Tamper-Resistant 20A Duplex Self-Test, Magnesium",Tamper-Resistan,"AGFTR2202M4.jpg,AGFTR2202M4_2.jpg,AGFTR2202M4_3.jpg,AGFTR2202M4_4.jpg,AGFTR2202M4_5.jpg,AGFTR2202M4_6.jpg",2.66 in H x 1.82 in W x 1.77 in L,0.26,0.03,1,1,adorne,adorne,GFCI,N,35.41,,64.39,64.39,42.83,77.88,77.88,785007052633,Magnesium,China,Y,Fedex or Truck,UNIT,,,,,,,,,,,,,,"AGFTR2202G4,AGFTR2202M4,AGFTR2202W4"
AGFTR2202W4,"Tamper-Resistant 20A Duplex Self-Test, White",Tamper-Resistan,"AGFTR2202W4.jpg,AGFTR2202W4_2.jpg,AGFTR2202W4_3.jpg,AGFTR2202W4_4.jpg,AGFTR2202W4_5.jpg,AGFTR2202W4_6.jpg",2.66 in H x 1.82 in W x 1.77 in L,0.26,0.03,1,1,adorne,adorne,GFCI,N,30.89,,56.16,56.16,37.44,68.08,68.08,785007052640,White,China,Y,Fedex or Truck,UNIT,,,,,,,,,,,,,,"AGFTR2202G4,AGFTR2202M4,AGFTR2202W4"
ARCD152G10,"15A Tamper-Resistant Dual-Controlled, Graphite",15A Tamper-,"ARCD152G10.jpg,ARCD152G10_2.jpg,ARCD152G10_3.jpg",2.12 in H x 1.77 in W x 1.73 in L,0.14,0.01,1,1,adorne,adorne,Outlets,N,8.15,,14.81,14.81,9.28,16.88,16.88,785007234558,Graphite,China,Y,Fedex or Truck,UNIT,,,,,,,,,,,,,,"ARCD152G10,ARCD152M10,ARCD152W10"
ARCD152M10,"15A Tamper-Resistant Dual-Controlled, Magnesium",15A Tamper-,"ARCD152M10.jpg,ARCD152M10_2.jpg,ARCD152M10_3.jpg,ARCD152M10_4.jpg",2.12 in H x 1.77 in W x 1.73 in L,0.14,0.01,1,1,adorne,adorne,Outlets,N,8.15,,14.81,14.81,9.78,17.78,17.78,785007050707,Magnesium,China,Y,Fedex or Truck,UNIT,,,,,,,,,,,,,,"ARCD152G10,ARCD152M10,ARCD152W10"
ARCD152W10,"15A Tamper-Resistant Dual-Controlled Outlet, White",15A Tamper-,"ARCD152W10.jpg,ARCD152W10_2.jpg,ARCD152W10_3.jpg,ARCD152W10_4.jpg",2.12 in H x 1.77 in W x 1.73 in L,0.14,0.01,1,1,adorne,adorne,Outlets,N,7.63,,13.88,13.88,9.23,16.78,16.78,785007050714,White,China,Y,Fedex or Truck,UNIT,,,,,,,,,,,,,,"ARCD152G10,ARCD152M10,ARCD152W10"
ARCD202M10,"20A Tamper-Resistant Dual-Controlled, Magnesium",20A Tamper-,"ARCD202M10.jpg,ARCD202M10_2.jpg,ARCD202M10_3.jpg,ARCD202M10_4.jpg",2.12 in H x 1.77 in W x 1.73 in L,0.14,0.01,1,1,adorne,adorne,Outlets,N,14.58,,26.51,26.51,17.59,31.98,31.98,785007050684,Magnesium,China,Y,Fedex or Truck,UNIT,,,,,,,,,,,,,,"ARCD202M10,ARCD202W10"
ARCD202W10,"20A Tamper-Resistant Dual-Controlled Outlet, White",20A Tamper-,"ARCD202W10.jpg,ARCD202W10_2.jpg,ARCD202W10_3.jpg,ARCD202W10_4.jpg",2.12 in H x 1.77 in W x 1.73 in L,0.14,0.01,1,1,adorne,adorne,Outlets,N,12.43,,22.60,22.60,15.39,27.98,27.98,785007050691,White,China,Y,Fedex or Truck,UNIT,,,,,,,,,,,,,,"ARCD202M10,ARCD202W10"
ARCH152G10,"15A Tamper-Resistant Half-Controlled, Graphite",15A Tamper-,"ARCH152G10.jpg,ARCH152G10_2.jpg,ARCH152G10_3.jpg",2.12 in H x 1.77 in W x 1.73 in L,0.14,0.01,1,1,adorne,adorne,Outlets,N,8.75,,15.91,15.91,9.78,17.78,17.78,785007234565,Graphite,China,Y,Fedex or Truck,UNIT,,,,,,,,,,,,,,"ARCH152G10,ARCH152M10,ARCH152W10"
ARCH152M10,"15A Tamper-Resistant Half-Controlled, Magnesium",15A Tamper-,"ARCH152M10.jpg,ARCH152M10_2.jpg,ARCH152M10_3.jpg,ARCH152M10_4.jpg",2.12 in H x 1.77 in W x 1.73 in L,0.14,0.01,1,1,adorne,adorne,Outlets,N,8.75,,15.91,15.91,10.55,19.18,19.18,785007050806,Magnesium,China,Y,Fedex or Truck,UNIT,,,,,,,,,,,,,,"ARCH152G10,ARCH152M10,ARCH152W10"
ARCH152W10,"15A Tamper-Resistant Half-Controlled Outlet, White",15A Tamper-,"ARCH152W10.jpg,ARCH152W10_2.jpg,ARCH152W10_3.jpg,ARCH152W10_4.jpg",2.12 in H x 1.77 in W x 1.73 in L,0.14,0.01,1,1,adorne,adorne,Outlets,N,7.10,,12.91,12.91,8.62,15.68,15.68,785007050790,White,China,Y,Fedex or Truck,UNIT,,,,,,,,,,,,,,"ARCH152G10,ARCH152M10,ARCH152W10"
ARPS152G4,"15A Energy-Saving On/Off Outlet, Graphite",15A Energy-,"ARPS152G4.jpg,ARPS152G4_2.jpg,ARPS152G4_3.jpg",1.77 in H x 2.66 in W x 1.73 in L,0.25,0.03,1,1,adorne,adorne,Outlets,N,23.17,,42.13,42.13,24.96,45.38,45.38,785007234572,Graphite,China,Y,Fedex or Truck,UNIT,,,,,,,,,,,,,,"ARPS152G4,ARPS152M4,ARPS152W4"
ARPS152M4,"15A Energy-Saving On/Off Outlet, Magnesium",15A Energy-,"ARPS152M4.jpg,ARPS152M4_2.jpg,ARPS152M4_3.jpg,ARPS152M4_4.jpg,ARPS152M4_5.jpg,ARPS152M4_6.jpg",1.77 in H x 2.66 in W x 1.73 in L,0.22,0.03,1,1,adorne,adorne,Outlets,N,23.17,,42.13,42.13,28.37,51.58,51.58,785007022728,Magnesium,China,Y,Fedex or Truck,UNIT,,,,,,,,,,,,,,"ARPS152G4,ARPS152M4,ARPS152W4"
ARPS152W4,"15A Energy-Saving On/Off Outlet, White",15A Energy-,"ARPS152W4.jpg,ARPS152W4_2.jpg,ARPS152W4_3.jpg,ARPS152W4_4.jpg,ARPS152W4_5.jpg,ARPS152W4_6.jpg",1.77 in H x 2.66 in W x 1.73 in L,0.22,0.03,1,1,adorne,adorne,Outlets,N,18.51,,33.65,33.65,22.70,41.28,41.28,785007022780,White,China,Y,Fedex or Truck,UNIT,,,,,,,,,,,,,,"ARPS152G4,ARPS152M4,ARPS152W4"
ARTR151W10,"15A Single Tamper-Resistant Outlet, White",15A Single,"ARTR151W10.jpg,ARTR151W10_2.jpg,ARTR151W10_3.jpg,ARTR151W10_4.jpg,ARTR151W10_5.jpg,ARTR151W10_6.jpg",1.77 in H x 2.66 in W x 1.73 in L,0.14,0.01,1,1,adorne,adorne,Outlets,N,6.42,,11.68,11.68,8.02,14.58,14.58,785007404357,White,China,Y,Fedex or Truck,UNIT,,,,,,,,,,,,,,"ARTR151W10,ARTR151M10,ARTR151G10"
ARTR151M10,"15A Single Tamper-Resistant Outlet, Magnesium",15A Single,"ARTR151M10.jpg,ARTR151M10_2.jpg,ARTR151M10_3.jpg,ARTR151M10_4.jpg,ARTR151M10_5.jpg,ARTR151M10_6.jpg",1.77 in H x 2.66 in W x 1.73 in L,0.14,0.01,1,1,adorne,adorne,Outlets,N,7.23,,13.14,13.14,9.01,16.38,16.38,785007404340,Magnesium,China,Y,Fedex or Truck,UNIT,,,,,,,,,,,,,,"ARTR151W10,ARTR151M10,ARTR151G10"
ARTR151G10,"15A Single Tamper-Resistant Outlet, Graphite",15A Single,"ARTR151G10.jpg,ARTR151G10_2.jpg,ARTR151G10_3.jpg,ARTR151G10_4.jpg,ARTR151G10_5.jpg,ARTR151G10_6.jpg",1.77 in H x 2.66 in W x 1.73 in L,0.14,0.01,1,1,adorne,adorne,Outlets,N,7.23,,13.14,13.14,8.57,15.58,15.58,785007404364,Graphite,China,Y,Fedex or Truck,UNIT,,,,,,,,,,,,,,"ARTR151W10,ARTR151M10,ARTR151G10"
ARPTR151GG2,"15A One-Gang Pop-Out Outlet, Graphite",15A One-Gang,"ARPTR151GG2.jpg,ARPTR151GG2_2.jpg,ARPTR151GG2_3.jpg,ARPTR151GG2_4.jpg",4.88 in H x 2.99 in W x 2.6 in L,0.6,0.02,1,1,adorne,adorne,Outlets,N,43.56,,79.20,79.20,51.91,94.38,94.38,785007234527,Graphite,China,Y,Fedex or Truck,UNIT,,,,,,,,,,,,,,"ARPTR151GG2,ARPTR151GM2,ARPTR151GW2"
ARPTR151GM2,"15A One-Gang Pop-Out Outlet, Magnesium",15A One-Gang,"ARPTR151GM2.jpg,ARPTR151GM2_2.jpg,ARPTR151GM2_3.jpg,ARPTR151GM2_4.jpg,ARPTR151GM2_5.jpg,ARPTR151GM2_6.jpg",4.88 in H x 2.99 in W x 2.6 in L,0.3,0.02,1,1,adorne,adorne,Outlets,N,43.56,,79.20,79.20,51.91,94.38,94.38,786776178616,Magnesium,China,Y,Fedex or Truck,UNIT,,,,,,,,,,,,,,"ARPTR151GG2,ARPTR151GM2,ARPTR151GW2"
ARPTR151GW2,"15A One-Gang Pop-Out Outlet, White",15A One-Gang,"ARPTR151GW2.jpg,ARPTR151GW2_2.jpg,ARPTR151GW2_3.jpg,ARPTR151GW2_4.jpg,ARPTR151GW2_5.jpg,ARPTR151GW2_6.jpg",4.88 in H x 2.99 in W x 2.6 in L,0.3,0.02,1,1,adorne,adorne,Outlets,N,36.37,,66.13,66.13,42.83,77.88,77.88,786776178609,White,China,Y,Fedex or Truck,UNIT,,,,,,,,,,,,,,"ARPTR151GG2,ARPTR151GM2,ARPTR151GW2"
ARPTR152GG2,"15A Two-Gang Pop-Out Outlet, Graphite",15A Two-Gang,"ARPTR152GG2.jpg,ARPTR152GG2_2.jpg,ARPTR152GG2_3.jpg,ARPTR152GG2_4.jpg",4.7 in H x 4.8 in W x 2.6 in L,0.8,0.02,1,1,adorne,adorne,Outlets,N,46.95,,85.36,85.36,58.01,105.48,105.48,785007234534,Graphite,China,Y,Fedex or Truck,UNIT,,,,,,,,,,,,,,"ARPTR152GG2,ARPTR152GM2,ARPTR152GW2"
ARPTR152GM2,"15A Two-Gang Pop-Out Outlet, Magnesium",15A Two-Gang,"ARPTR152GM2.jpg,ARPTR152GM2_2.jpg,ARPTR152GM2_3.jpg,ARPTR152GM2_4.jpg,ARPTR152GM2_5.jpg,ARPTR152GM2_6.jpg",4.7 in H x 4.8 in W x 2.6 in L,1,0.02,1,1,adorne,adorne,Outlets,N,46.95,,85.36,85.36,56.20,102.18,102.18,786776178630,Magnesium,China,Y,Fedex or Truck,UNIT,,,,,,,,,,,,,,"ARPTR152GG2,ARPTR152GM2,ARPTR152GW2"
ARPTR152GW2,"15A Two-Gang Pop-Out Outlet, White",15A Two-Gang,,4.7 in H x 4.8 in W x 2.6 in L,1,0.02,1,1,adorne,adorne,Outlets,N,39.24,,71.35,71.35,46.57,84.68,84.68,786776178623,White,China,Y,Fedex or Truck,UNIT,,,,,,,,,,,,,,"ARPTR152GG2,ARPTR152GM2,ARPTR152GW2"
ARPTR201GG2,"20A One-Gang Pop-Out Outlet, Graphite",20A One-Gang,"ARPTR201GG2.jpg,ARPTR201GG2_2.jpg,ARPTR201GG2_3.jpg,ARPTR201GG2_4.jpg",4.88 in H x 2.99 in W x 2.6 in L,0.8,0.02,1,1,adorne,adorne,Outlets,N,44.37,,80.67,80.67,58.01,105.48,105.48,785007234541,Graphite,China,Y,Fedex or Truck,UNIT,,,,,,,,,,,,,,"ARPTR201GG2,ARPTR201GM2,ARPTR201GW2"
ARPTR201GM2,"20A One-Gang Pop-Out Outlet, Magnesium",20A One-Gang,"ARPTR201GM2.jpg,ARPTR201GM2_2.jpg,ARPTR201GM2_3.jpg,ARPTR201GM2_4.jpg,ARPTR201GM2_5.jpg,ARPTR201GM2_6.jpg",4.88 in H x 2.99 in W x 2.6 in L,1,0.02,1,1,adorne,adorne,Outlets,N,44.37,,80.67,80.67,58.01,105.48,105.48,785007060522,Magnesium,China,Y,Fedex or Truck,UNIT,,,,,,,,,,,,,,"ARPTR201GG2,ARPTR201GM2,ARPTR201GW2"
ARPTR201GW2,"20A One-Gang Pop-Out Outlet, White",20A One-Gang,"ARPTR201GW2.jpg,ARPTR201GW2_2.jpg,ARPTR201GW2_3.jpg,ARPTR201GW2_4.jpg,ARPTR201GW2_5.jpg,ARPTR201GW2_6.jpg",4.88 in H x 2.99 in W x 2.6 in L,1,0.02,1,1,adorne,adorne,Outlets,N,37.99,,69.08,69.08,49.32,89.68,89.68,785007060515,White,China,Y,Fedex or Truck,UNIT,,,,,,,,,,,,,,"ARPTR201GG2,ARPTR201GM2,ARPTR201GW2"
ARTR152G4,"15A Dual Tamper-Resistant Outlet, Graphite",15A Dual,"ARTR152G4.jpg,ARTR152G4_2.jpg,ARTR152G4_3.jpg,ARTR152G4_4.jpg,ARTR152G4_5.jpg,ARTR152G4_6.jpg",2.12 in H x 1.77 in W x 1.73 in L,0.25,0.03,1,1,adorne,adorne,Outlets,N,4.14,,7.52,7.52,4.94,8.98,8.98,785007234589,Graphite,China,Y,Fedex or Truck,UNIT,,,,,,,,,,,,,,"ARTR152G4,ARTR152M4,ARTR152W4"
ARTR152M4,"15A Dual Tamper-Resistant Outlet, Magnesium",15A Dual,"ARTR152M4.jpg,ARTR152M4_2.jpg,ARTR152M4_3.jpg,ARTR152M4_4.jpg,ARTR152M4_5.jpg,ARTR152M4_6.jpg",2.12 in H x 1.77 in W x 1.73 in L,0.23,0.03,1,1,adorne,adorne,Outlets,N,4.14,,7.52,7.52,4.94,8.98,8.98,785007022872,Magnesium,China,Y,Fedex or Truck,UNIT,,,,,,,,,,,,,,"ARTR152G4,ARTR152M4,ARTR152W4"
ARTR152W4,"15A Dual Tamper-Resistant Outlet, White",15A Dual,"ARTR152W4.jpg,ARTR152W4_2.jpg,ARTR152W4_3.jpg,ARTR152W4_4.jpg,ARTR152W4_5.jpg,ARTR152W4_6.jpg",2.12 in H x 1.77 in W x 1.73 in L,0.25,0.03,1,1,adorne,adorne,Outlets,N,3.54,,6.44,6.44,4.50,8.18,8.18,785007040272,White,China,Y,Fedex or Truck,UNIT,,,,,,,,,,,,,,"ARTR152G4,ARTR152M4,ARTR152W4"
ARTR153G4,"15A Dual Tamper-Resistant Plus-Size, Graphite",15A Dual,"ARTR153G4.jpg,ARTR153G4_2.jpg,ARTR153G4_3.jpg",3.0 in H x 1.77 in W x 1.48 in L,0.25,0.03,1,1,adorne,adorne,Outlets,N,5.06,,9.20,9.20,5.98,10.88,10.88,785007234596,Graphite,China,Y,Fedex or Truck,UNIT,,,,,,,,,,,,,,"ARTR153G4,ARTR153M4,ARTR153W4"
ARTR153M4,"15A Dual Tamper-Resistant Plus-Size, Magnesium",15A Dual,"ARTR153M4.jpg,ARTR153M4_2.jpg,ARTR153M4_3.jpg,ARTR153M4_4.jpg,ARTR153M4_5.jpg,ARTR153M4_6.jpg",3.0 in H x 1.77 in W x 1.48 in L,0.25,0.03,1,1,adorne,adorne,Outlets,N,5.06,,9.20,9.20,5.93,10.78,10.78,785007022810,Magnesium,China,Y,Fedex or Truck,UNIT,,,,,,,,,,,,,,"ARTR153G4,ARTR153M4,ARTR153W4"
ARTR153W4,"15A Dual Tamper-Resistant Plus-Size Outlet, White",15A Dual,"ARTR153W4.jpg,ARTR153W4_2.jpg,ARTR153W4_3.jpg,ARTR153W4_4.jpg,ARTR153W4_5.jpg",3.0 in H x 1.77 in W x 1.48 in L,0.27,0.03,1,1,adorne,adorne,Outlets,N,4.28,,7.79,7.79,4.77,8.68,8.68,785007022766,White,China,Y,Fedex or Truck,UNIT,,,,,,,,,,,,,,"ARTR153G4,ARTR153M4,ARTR153W4"
ARTR202G4,"20A Dual Tamper-Resistant Outlet, Graphite",20A Dual,"ARTR202G4.jpg,ARTR202G4_2.jpg,ARTR202G4_3.jpg",2.12 in H x 1.77 in W x 1.73 in L,0.25,0.03,1,1,adorne,adorne,Outlets,N,9.02,,16.40,16.40,11.15,20.28,20.28,785007234602,Graphite,China,Y,Fedex or Truck,UNIT,,,,,,,,,,,,,,"ARTR202G4,ARTR202M4,ARTR202W4"
ARTR202M4,"20A Dual Tamper-Resistant Outlet, Magnesium",20A Dual,"ARTR202M4.jpg,ARTR202M4_2.jpg,ARTR202M4_3.jpg,ARTR202M4_4.jpg,ARTR202M4_5.jpg,ARTR202M4_6.jpg",2.12 in H x 1.77 in W x 1.73 in L,0.21,0.03,1,1,adorne,adorne,Outlets,N,9.02,,16.40,16.40,11.15,20.28,20.28,785007022704,Magnesium,China,Y,Fedex or Truck,UNIT,,,,,,,,,,,,,,"ARTR202G4,ARTR202M4,ARTR202W4"
ARTR202W4,"20A Dual Tamper-Resistant Outlet, White",20A Dual,"ARTR202W4.jpg,ARTR202W4_2.jpg,ARTR202W4_3.jpg,ARTR202W4_4.jpg,ARTR202W4_5.jpg",2.12 in H x 1.77 in W x 1.73 in L,0.23,0.03,1,1,adorne,adorne,Outlets,N,7.72,,14.04,14.04,9.23,16.78,16.78,785007022681,White,China,Y,Fedex or Truck,UNIT,,,,,,,,,,,,,,"ARTR202G4,ARTR202M4,ARTR202W4"
ARTRUSB153G4,"Dual-USB Outlet, Graphite",Dual-USB,"ARTRUSB153G4.jpg,ARTRUSB153G4_2.jpg,ARTRUSB153G4_3.jpg,ARTRUSB153G4_4.jpg,ARTRUSB153G4_5.jpg,ARTRUSB153G4_6.jpg",2.65 in H x 1.77 in W x 1.48 in L,0.3,0.03,1,1,adorne,adorne,USB Outlet,N,35.68,,64.88,64.88,45.09,81.98,81.98,785007234619,Graphite,China,Y,Fedex or Truck,UNIT,,,,,,,,,,,,,,"ARTRUSB153G4,ARTRUSB153M4,ARTRUSB153W4"
ARTRUSB153M4,"Dual-USB Outlet, Magnesium",Dual-USB,"ARTRUSB153M4.jpg,ARTRUSB153M4_2.jpg,ARTRUSB153M4_3.jpg,ARTRUSB153M4_4.jpg,ARTRUSB153M4_5.jpg,ARTRUSB153M4_6.jpg",2.65 in H x 1.77 in W x 1.48 in L,0.3,0.02,1,1,adorne,adorne,USB Outlet,N,35.68,,64.88,64.88,45.09,81.98,81.98,785007109924,Magnesium,China,Y,Fedex or Truck,UNIT,,,,,,,,,,,,,,"ARTRUSB153G4,ARTRUSB153M4,ARTRUSB153W4"
ARTRUSB153M4WP,"Dual-USB Outlet with Wall Plate, Magnesium",Dual-USB,"ARTRUSB153M4WP.jpg,ARTRUSB153M4WP_2.jpg,ARTRUSB153M4WP_3.jpg,ARTRUSB153M4WP_4.jpg,ARTRUSB153M4WP_5.jpg",5.19 in H x 3.45 in W x 1.48 in L,0.43,0.02,1,1,adorne,adorne,USB Outlet,N,40.66,,73.93,73.93,50.59,91.98,91.98,785007135411,Magnesium,China,Y,Fedex or Truck,UNIT,,,,,,,,,,,,,,
ARTRUSB153W4,"Dual-USB Outlet, White",Dual-USB,"ARTRUSB153W4.jpg,ARTRUSB153W4_2.jpg,ARTRUSB153W4_3.jpg,ARTRUSB153W4_4.jpg,ARTRUSB153W4_5.jpg,ARTRUSB153W4_6.jpg",2.65 in H x 1.77 in W x 1.48 in L,0.3,0.02,1,1,adorne,adorne,USB Outlet,N,30.46,,55.38,55.38,38.54,70.08,70.08,785007109931,White,China,Y,Fedex or Truck,UNIT,,,,,,,,,,,,,,"ARTRUSB153G4,ARTRUSB153M4,ARTRUSB153W4"
ARTRUSB153W4WP,"Dual-USB Outlet with Gloss Wall Plate, White",Dual-USB,"ARTRUSB153W4WP.jpg,ARTRUSB153W4WP_2.jpg,ARTRUSB153W4WP_3.jpg,ARTRUSB153W4WP_4.jpg,ARTRUSB153W4WP_5.jpg",5.19 in H x 3.45 in W x 1.48 in L,0.43,0.02,1,1,adorne,adorne,USB Outlet,N,31.81,,57.84,57.84,38.27,69.58,69.58,785007135428,White,China,Y,Fedex or Truck,UNIT,,,,,,,,,,,,,,
ARTRUSB156ACG4,"15A Tamper-Resistant Ultra-Fast USB, Graphite",15A Tamper-,"ARTRUSB156ACG4.jpg,ARTRUSB156ACG4_2.jpg,ARTRUSB156ACG4_3.jpg,ARTRUSB156ACG4_4.jpg,ARTRUSB156ACG4_5.jpg,ARTRUSB156ACG4_6.jpg",3.0 in H x 2.5 in W x 1.77 in L,0.2,0.01,1,1,adorne,adorne,USB Outlet,N,49.57,,90.12,90.12,60.32,109.68,109.68,785007262452,Graphite,China,Y,Fedex or Truck,UNIT,,,,,,,,,,,,,,"ARTRUSB156ACG4,ARTRUSB156ACM4,ARTRUSB156ACW4"
ARTRUSB156ACM4,"15A Tamper-Resistant Ultra-Fast USB, Magnesium",15A Tamper-,"ARTRUSB156ACM4.jpg,ARTRUSB156ACM4_2.jpg,ARTRUSB156ACM4_3.jpg,ARTRUSB156ACM4_4.jpg,ARTRUSB156ACM4_5.jpg,ARTRUSB156ACM4_6.jpg",3.0 in H x 2.5 in W x 1.77 in L,0.2,0.01,1,1,adorne,adorne,USB Outlet,N,49.57,,90.12,90.12,60.32,109.68,109.68,785007262438,Magnesium,China,Y,Fedex or Truck,UNIT,,,,,,,,,,,,,,"ARTRUSB156ACG4,ARTRUSB156ACM4,ARTRUSB156ACW4"
ARTRUSB156ACW4,"15A Tamper-Resistant Ultra-Fast USB Type-, White",15A Tamper-,"ARTRUSB156ACW4.jpg,ARTRUSB156ACW4_2.jpg,ARTRUSB156ACW4_3.jpg,ARTRUSB156ACW4_4.jpg,ARTRUSB156ACW4_5.jpg,ARTRUSB156ACW4_6.jpg",3.0 in H x 2.5 in W x 1.77 in L,0.2,0.01,1,1,adorne,adorne,USB Outlet,N,47.18,,85.79,85.79,57.41,104.38,104.38,785007262445,White,China,Y,Fedex or Truck,UNIT,,,,,,,,,,,,,,"ARTRUSB156ACG4,ARTRUSB156ACM4,ARTRUSB156ACW4"
ARTRUSB206ACG4,"20A Tamper-Resistant Ultra-Fast USB, Graphite",20A Tamper-,"ARTRUSB206ACG4.jpg,ARTRUSB206ACG4_2.jpg,ARTRUSB206ACG4_3.jpg,ARTRUSB206ACG4_4.jpg,ARTRUSB206ACG4_5.jpg,ARTRUSB206ACG4_6.jpg",3.0 in H x 2.5 in W x 1.77 in L,0.3,0.02,1,1,adorne,adorne,USB Outlet,N,52.01,,94.56,94.56,63.29,115.08,115.08,785007270181,Graphite,China,Y,Fedex or Truck,UNIT,,,,,,,,,,,,,,"ARTRUSB206ACG4,ARTRUSB206ACM4,ARTRUSB206ACW4"
ARTRUSB206ACM4,"20A Tamper-Resistant Ultra-Fast USB, Magnesium",20A Tamper-,"ARTRUSB206ACM4.jpg,ARTRUSB206ACM4_2.jpg,ARTRUSB206ACM4_3.jpg,ARTRUSB206ACM4_4.jpg,ARTRUSB206ACM4_5.jpg,ARTRUSB206ACM4_6.jpg",3.0 in H x 2.5 in W x 1.77 in L,0.3,0.02,1,1,adorne,adorne,USB Outlet,N,52.01,,94.56,94.56,63.29,115.08,115.08,785007262490,Magnesium,China,Y,Fedex or Truck,UNIT,,,,,,,,,,,,,,"ARTRUSB206ACG4,ARTRUSB206ACM4,ARTRUSB206ACW4"
ARTRUSB206ACW4,"20A Tamper-Resistant Ultra-Fast USB Type-, White",20A Tamper-,"ARTRUSB206ACW4.jpg,ARTRUSB206ACW4_2.jpg,ARTRUSB206ACW4_3.jpg,ARTRUSB206ACW4_4.jpg,ARTRUSB206ACW4_5.jpg,ARTRUSB206ACW4_6.jpg",3.0 in H x 2.5 in W x 1.77 in L,0.3,0.02,1,1,adorne,adorne,USB Outlet,N,49.57,,90.12,90.12,60.32,109.68,109.68,785007270174,White,China,Y,Fedex or Truck,UNIT,,,,,,,,,,,,,,"ARTRUSB206ACG4,ARTRUSB206ACM4,ARTRUSB206ACW4"
ARUSB2AA6G4,"Ultra-Fast USB Type-A/A Outlet Module, Graphite",Ultra-Fast,"ARUSB2AA6G4.jpg,ARUSB2AA6G4_2.jpg,ARUSB2AA6G4_3.jpg,ARUSB2AA6G4_4.jpg,ARUSB2AA6G4_5.jpg,ARUSB2AA6G4_6.jpg",2.65 in H x 1.77 in W x 1.7 in L,0.2,0.01,1,1,adorne,adorne,USB Outlet,N,43.10,,78.36,78.36,54.60,99.28,99.28,785007262360,Graphite,China,Y,Fedex or Truck,UNIT,,,,,,,,,,,,,,"ARUSB2AA6G4,ARUSB2AA6M4,ARUSB2AA6W4"
ARUSB2AA6M4,"Ultra-Fast USB Type-A/A Outlet Module, Magnesium",Ultra-Fast,"ARUSB2AA6M4.jpg,ARUSB2AA6M4_2.jpg,ARUSB2AA6M4_3.jpg,ARUSB2AA6M4_4.jpg,ARUSB2AA6M4_5.jpg,ARUSB2AA6M4_6.jpg",2.65 in H x 1.77 in W x 1.7 in L,0.2,0.01,1,1,adorne,adorne,USB Outlet,N,43.10,,78.36,78.36,54.60,99.28,99.28,785007262346,Magnesium,China,Y,Fedex or Truck,UNIT,,,,,,,,,,,,,,"ARUSB2AA6G4,ARUSB2AA6M4,ARUSB2AA6W4"
ARUSB2AA6W4,"Ultra-Fast USB Type-A/A Outlet Module, White",Ultra-Fast,"ARUSB2AA6W4.jpg,ARUSB2AA6W4_2.jpg,ARUSB2AA6W4_3.jpg,ARUSB2AA6W4_4.jpg,ARUSB2AA6W4_5.jpg,ARUSB2AA6W4_6.jpg",2.65 in H x 1.77 in W x 1.7 in L,0.2,0.01,1,1,adorne,adorne,USB Outlet,N,39.96,,72.65,72.65,50.15,91.18,91.18,785007262353,White,China,Y,Fedex or Truck,UNIT,,,,,,,,,,,,,,"ARUSB2AA6G4,ARUSB2AA6M4,ARUSB2AA6W4"
ARUSB2AC6G4,"Ultra-Fast USB Type-A/C Outlet Module, Graphite",Ultra-Fast,"ARUSB2AC6G4.jpg,ARUSB2AC6G4_2.jpg,ARUSB2AC6G4_3.jpg,ARUSB2AC6G4_4.jpg,ARUSB2AC6G4_5.jpg,ARUSB2AC6G4_6.jpg",2.65 in H x 1.77 in W x 1.7 in L,0.2,0.01,1,1,adorne,adorne,USB Outlet,N,48.00,,87.28,87.28,58.12,105.68,105.68,785007262391,Graphite,China,Y,Fedex or Truck,UNIT,,,,,,,,,,,,,,"ARUSB2AC6G4,ARUSB2AC6M4,ARUSB2AC6W4"
ARUSB2AC6M4,"Ultra-Fast USB Type-A/C Outlet Module, Magnesium",Ultra-Fast,"ARUSB2AC6M4.jpg,ARUSB2AC6M4_2.jpg,ARUSB2AC6M4_3.jpg,ARUSB2AC6M4_4.jpg,ARUSB2AC6M4_5.jpg,ARUSB2AC6M4_6.jpg",2.65 in H x 1.77 in W x 1.7 in L,0.2,0.01,1,1,adorne,adorne,USB Outlet,N,48.00,,87.28,87.28,56.31,102.38,102.38,785007262377,Magnesium,China,Y,Fedex or Truck,UNIT,,,,,,,,,,,,,,"ARUSB2AC6G4,ARUSB2AC6M4,ARUSB2AC6W4"
ARUSB2AC6W4,"Ultra-Fast USB Type-A/C Outlet Module, White",Ultra-Fast,"ARUSB2AC6W4.jpg,ARUSB2AC6W4_2.jpg,ARUSB2AC6W4_3.jpg,ARUSB2AC6W4_4.jpg,ARUSB2AC6W4_5.jpg,ARUSB2AC6W4_6.jpg",2.65 in H x 1.77 in W x 1.7 in L,0.2,0.01,1,1,adorne,adorne,USB Outlet,N,44.82,,81.49,81.49,54.60,99.28,99.28,785007262384,White,China,Y,Fedex or Truck,UNIT,,,,,,,,,,,,,,"ARUSB2AC6G4,ARUSB2AC6M4,ARUSB2AC6W4"
ARUSB30PDM4,"Ultra-Fast Plus Power Delivery USB, Magnesium",Ultra-Fast,"ARUSB30PDM4.jpg,ARUSB30PDM4_2.jpg,ARUSB30PDM4_3.jpg,ARUSB30PDM4_4.jpg,ARUSB30PDM4_5.jpg,ARUSB30PDM4_6.jpg",2.65 in H x 1.77 in W x 1.7 in L,0.2,0.01,1,1,adorne,adorne,USB Outlet,N,55.57,,101.04,101.04,63.35,115.18,115.18,785007378047,Magnesium,China,Y,Fedex or Truck,UNIT,,,,,,,,,,,,,,"ARUSB30PDM4,ARUSB30PDW4,ARUSB30PDG4"
ARUSB30PDW4,"Ultra-Fast Plus Power Delivery USB Type-, White",Ultra-Fast,"ARUSB30PDW4.jpg,ARUSB30PDW4_2.jpg,ARUSB30PDW4_3.jpg,ARUSB30PDW4_4.jpg,ARUSB30PDW4_5.jpg,ARUSB30PDW4_6.jpg",2.65 in H x 1.77 in W x 1.7 in L,0.2,0.01,1,1,adorne,adorne,USB Outlet,N,53.35,,97.00,97.00,61.31,111.48,111.48,785007378054,White,China,Y,Fedex or Truck,UNIT,,,,,,,,,,,,,,"ARUSB30PDM4,ARUSB30PDW4,ARUSB30PDG4"
ARUSB30PDG4,"Ultra-Fast Plus Power Delivery USB Type-, Graphite",Ultra-Fast,"ARUSB30PDG4.jpg,ARUSB30PDG4_2.jpg,ARUSB30PDG4_3.jpg,ARUSB30PDG4_4.jpg,ARUSB30PDG4_5.jpg,ARUSB30PDG4_6.jpg",2.65 in H x 1.77 in W x 1.7 in L,0.2,0.01,1,1,adorne,adorne,USB Outlet,N,55.57,,101.04,101.04,59.94,108.98,108.98,785007378061,Graphite,China,Y,Fedex or Truck,UNIT,,,,,,,,,,,,,,"ARUSB30PDM4,ARUSB30PDW4,ARUSB30PDG4"
ARTRUSB15PD30M4,"15A Tamper-Resistant Ultra-Fast Plus, Magnesium",15A Tamper-,"ARTRUSB15PD30M4.jpg,ARTRUSB15PD30M4_2.jpg,ARTRUSB15PD30M4_3.jpg,ARTRUSB15PD30M4_4.jpg,ARTRUSB15PD30M4_5.jpg,ARTRUSB15PD30M4_6.jpg",3.0 in H x 2.5 in W x 1.77 in L,0.2,0.01,1,1,adorne,adorne,USB Outlet,N,55.81,,101.48,101.48,78.47,142.68,142.68,785007378078,Magnesium,China,Y,Fedex or Truck,UNIT,,,,,,,,,,,,,,"ARTRUSB15PD30M4,ARTRUSB15PD30W4,ARTRUSB15PD30G4"
ARTRUSB15PD30W4,"15A Tamper-Resistant Ultra-Fast Plus, White",15A Tamper-,"ARTRUSB15PD30W4.jpg,ARTRUSB15PD30W4_2.jpg,ARTRUSB15PD30W4_3.jpg,ARTRUSB15PD30W4_4.jpg,ARTRUSB15PD30W4_5.jpg,ARTRUSB15PD30W4_6.jpg",3.0 in H x 2.5 in W x 1.77 in L,0.2,0.01,1,1,adorne,adorne,USB Outlet,N,53.05,,96.46,96.46,75.01,136.38,136.38,785007378085,White,China,Y,Fedex or Truck,UNIT,,,,,,,,,,,,,,"ARTRUSB15PD30M4,ARTRUSB15PD30W4,ARTRUSB15PD30G4"
ARTRUSB15PD30G4,"15A Tamper-Resistant Ultra-Fast Plus, Graphite",15A Tamper-,"ARTRUSB15PD30G4.jpg,ARTRUSB15PD30G4_2.jpg,ARTRUSB15PD30G4_3.jpg,ARTRUSB15PD30G4_4.jpg,ARTRUSB15PD30G4_5.jpg,ARTRUSB15PD30G4_6.jpg",3.0 in H x 2.5 in W x 1.77 in L,0.2,0.01,1,1,adorne,adorne,USB Outlet,N,55.81,,101.48,101.48,75.89,137.98,137.98,785007378092,Graphite,China,Y,Fedex or Truck,UNIT,,,,,,,,,,,,,,"ARTRUSB15PD30M4,ARTRUSB15PD30W4,ARTRUSB15PD30G4"
ARTRUSB20PD30M4,"20A Tamper-Resistant Ultra-Fast Plus, Magnesium",20A Tamper-,"ARTRUSB20PD30M4.jpg,ARTRUSB20PD30M4_2.jpg,ARTRUSB20PD30M4_3.jpg,ARTRUSB20PD30M4_4.jpg,ARTRUSB20PD30M4_5.jpg,ARTRUSB20PD30M4_6.jpg",3.0 in H x 2.5 in W x 1.77 in L,0.3,0.02,1,1,adorne,adorne,USB Outlet,N,56.08,,101.96,101.96,85.46,155.38,155.38,785007378108,Magnesium,China,Y,Fedex or Truck,UNIT,,,,,,,,,,,,,,"ARTRUSB20PD30M4,ARTRUSB20PD30W4,ARTRUSB20PD30G4"
ARTRUSB20PD30W4,"20A Tamper-Resistant Ultra-Fast Plus, White",20A Tamper-,"ARTRUSB20PD30W4.jpg,ARTRUSB20PD30W4_2.jpg,ARTRUSB20PD30W4_3.jpg,ARTRUSB20PD30W4_4.jpg,ARTRUSB20PD30W4_5.jpg,ARTRUSB20PD30W4_6.jpg",3.0 in H x 2.5 in W x 1.77 in L,0.3,0.02,1,1,adorne,adorne,USB Outlet,N,53.98,,98.14,98.14,82.93,150.78,150.78,785007378115,White,China,Y,Fedex or Truck,UNIT,,,,,,,,,,,,,,"ARTRUSB20PD30M4,ARTRUSB20PD30W4,ARTRUSB20PD30G4"
ARTRUSB20PD30G4,"20A Tamper-Resistant Ultra-Fast Plus, Graphite",20A Tamper-,"ARTRUSB20PD30G4.jpg,ARTRUSB20PD30G4_2.jpg,ARTRUSB20PD30G4_3.jpg,ARTRUSB20PD30G4_4.jpg,ARTRUSB20PD30G4_5.jpg,ARTRUSB20PD30G4_6.jpg",3.0 in H x 2.5 in W x 1.77 in L,0.3,0.02,1,1,adorne,adorne,USB Outlet,N,56.08,,101.96,101.96,85.46,155.38,155.38,785007378122,Graphite,China,Y,Fedex or Truck,UNIT,,,,,,,,,,,,,,"ARTRUSB20PD30M4,ARTRUSB20PD30W4,ARTRUSB20PD30G4"
AABK1G4,"Blank, Half-Size, Graphite","Blank, Half-","AABK1G4.jpg,AABK1G4_2.jpg",1.77 in H x 0.96 in W x 0.89 in L,0.11,0.01,1,1,adorne,adorne,Device Blank,N,2.58,,4.69,4.69,3.18,5.78,5.78,785007234824,Graphite,China,Y,Fedex or Truck,UNIT,,,,,,,,,,,,,,"AABK1G4,AABK1M4,AABK1W4"
AABK1M4,"Blank, Half-Size, Magnesium","Blank, Half-","AABK1M4.jpg,AABK1M4_2.jpg,AABK1M4_3.jpg",1.77 in H x 0.96 in W x 0.89 in L,0.11,0.01,1,1,adorne,adorne,Device Blank,N,2.58,,4.69,4.69,3.18,5.78,5.78,785007023121,Magnesium,China,Y,Fedex or Truck,UNIT,,,,,,,,,,,,,,"AABK1G4,AABK1M4,AABK1W4"
AABK1W4,"Blank, Half-Size, White","Blank, Half-","AABK1W4.jpg,AABK1W4_2.jpg,AABK1W4_3.jpg",1.77 in H x 0.96 in W x 0.89 in L,0.11,0.01,1,1,adorne,adorne,Device Blank,N,2.20,,4.00,4.00,2.68,4.88,4.88,785007023190,White,China,Y,Fedex or Truck,UNIT,,,,,,,,,,,,,,"AABK1G4,AABK1M4,AABK1W4"
AALSL277,Locator Light,Locator Light,AALSL277.jpg,4.4 in H x 0.2 in W x 0.2 in L,0.1,0.01,1,1,adorne,adorne,Locator Light,N,5.72,,10.40,10.40,6.92,12.58,12.58,785007052978,,China,Y,Fedex or Truck,UNIT,,,,,,,,,,,,,,
AALSL6,Locator Status Light,Locator Status,"AALSL6.jpg,AALSL6_2.jpg,AALSL6_3.jpg",4.4 in H x 0.2 in W x 0.2 in L,0.05,0.01,1,1,adorne,adorne,Locator Light,N,3.46,,6.29,6.29,4.50,8.18,8.18,785007022803,,China,Y,Fedex or Truck,UNIT,,,,,,,,,,,,,,
AANLM14,"Night Light, Half-Size, White",Night Light,"AANLM14.jpg,AANLM14_2.jpg,AANLM14_3.jpg,AANLM14_4.jpg,AANLM14_5.jpg,AANLM14_6.jpg",1.8 in H x 1.4 in W x 0.9 in L,0.19,0.03,1,1,adorne,adorne,Night Lights,N,17.62,,32.04,32.04,21.49,39.08,39.08,785007022582,,China,Y,Fedex or Truck,UNIT,,,,,,,,,,,,,,
AANLM24,"Night Light, White",Night Light,"AANLM24.jpg,AANLM24_2.jpg,AANLM24_3.jpg,AANLM24_4.jpg,AANLM24_5.jpg,AANLM24_6.jpg",1.8 in H x 1.8 in W x 1.4 in L,0.17,0.03,1,1,adorne,adorne,Night Lights,N,15.99,,29.08,29.08,19.24,34.98,34.98,785007022957,,China,Y,Fedex or Truck,UNIT,,,,,,,,,,,,,,
AARNL2,"Portable Night Light, White",Portable,"AARNL2.jpg,AARNL2_2.jpg,AARNL2_3.jpg,AARNL2_4.jpg,AARNL2_5.jpg,AARNL2_6.jpg",2.7 in H x 1.9 in W x 1.8 in L,0.32,0.03,1,1,adorne,adorne,Night Lights,N,37.99,,69.07,69.07,45.91,83.48,83.48,785007024951,,China,Y,Fedex or Truck,UNIT,,,,,,,,,,,,,,
AF1G,"Sub Frame Only, 1-Gang",Sub Frame,"AF1G.jpg,AF1G_2.jpg",5.1 in H x 3.4 in W x 0.25 in L,0.1,0.01,1,1,adorne,adorne,Sub Frame,N,2.28,,4.14,4.14,2.85,5.18,5.18,785007029178,,Mexico,Y,Fedex or Truck,UNIT,,,,,,,,,,,,,,
AF2G,"Sub Frame Only, 2-Gang",Sub Frame,AF2G.jpg,5.1 in H x 5.2 in W x 0.25 in L,0.3,0.01,1,1,adorne,adorne,Sub Frame,N,4.55,,8.27,8.27,5.43,9.88,9.88,785007029208,,Mexico,Y,Fedex or Truck,UNIT,,,,,,,,,,,,,,
AF3G,"Sub Frame Only, 3-Gang",Sub Frame,AF3G.jpg,5.1 in H x 6.9 in W x 0.25 in L,0.43,0.01,1,1,adorne,adorne,Sub Frame,N,7.10,,12.90,12.90,8.57,15.58,15.58,785007029161,,Mexico,Y,Fedex or Truck,UNIT,,,,,,,,,,,,,,
AF4G,"Sub Frame Only, 4-Gang",Sub Frame,AF4G.jpg,5.1 in H x 8.8 in W x 0.25 in L,0.5,0.01,1,1,adorne,adorne,Sub Frame,N,9.31,,16.92,16.92,11.32,20.58,20.58,785007029130,,Mexico,Y,Fedex or Truck,UNIT,,,,,,,,,,,,,,
AF5G,"Sub Frame Only, 5-Gang",Sub Frame,AF5G.jpg,5.1 in H x 10.6 in W x 0.25 in L,1,0.12,1,1,adorne,adorne,Sub Frame,N,12.26,,22.29,22.29,17.09,31.08,31.08,785007039030,,Mexico,Y,Fedex or Truck,MASTER,,,,,,,,,,,,,,
AF6G,"Sub Frame Only, 6-Gang",Sub Frame,AF6G.jpg,5.1 in H x 12.4 in W x 0.25 in L,1,0.12,1,1,adorne,adorne,Sub Frame,N,19.11,,34.74,34.74,32.77,59.58,59.58,785007039009,,Mexico,Y,Fedex or Truck,MASTER,,,,,,,,,,,,,,
AC1PFG1,"1-Port Frame, Graphite",1-Port Frame,"AC1PFG1.jpg,AC1PFG1_2.jpg,AC1PFG1_3.jpg",N/A,0.11,0.01,1,1,adorne,adorne,Connectivity,N,2.14,,3.89,3.89,3.95,7.18,7.18,804428434061,Graphite,China,Y,Fedex or Truck,UNIT,,,,,,,,,,,,,,"AC1PFG1,AC1PFM1,AC1PFW1"
AC1PFM1,"1-Port Frame, Magnesium",1-Port Frame,"AC1PFM1.jpg,AC1PFM1_2.jpg",N/A,0.11,0.01,1,1,adorne,adorne,Connectivity,N,2.14,,3.89,3.89,3.95,7.18,7.18,804428065197,Magnesium,Taiwan,Y,Fedex or Truck,UNIT,,,,,,,,,,,,,,"AC1PFG1,AC1PFM1,AC1PFW1"
AC1PFW1,"1-Port Frame, White",1-Port Frame,"AC1PFW1.jpg,AC1PFW1_2.jpg,AC1PFW1_3.jpg",N/A,0.11,0.01,1,1,adorne,adorne,Connectivity,N,1.91,,3.48,3.48,1.97,3.58,3.58,804428065203,White,China,Y,Fedex or Truck,UNIT,,,,,,,,,,,,,,"AC1PFG1,AC1PFM1,AC1PFW1"
AC2PFG1,"2-Port Frame, Graphite",2-Port Frame,"AC2PFG1.jpg,AC2PFG1_2.jpg,AC2PFG1_3.jpg,AC2PFG1_4.jpg",N/A,0.07,0.02,1,8,adorne,adorne,Connectivity,N,2.14,,3.89,3.89,3.95,7.18,7.18,804428434078,Graphite,China,Y,Fedex or Truck,UNIT,,,,,,,,,,,,,,"AC2PFG1,AC2PFM1,AC2PFW1"
AC2PFM1,"2-Port Frame, Magnesium",2-Port Frame,"AC2PFM1.jpg,AC2PFM1_2.jpg",N/A,0.07,0.02,1,1,adorne,adorne,Connectivity,N,2.14,,3.89,3.89,3.95,7.18,7.18,804428065210,Magnesium,China,Y,Fedex or Truck,UNIT,,,,,,,,,,,,,,"AC2PFG1,AC2PFM1,AC2PFW1"
AC2PFW1,"2-Port Frame, White",2-Port Frame,"AC2PFW1.jpg,AC2PFW1_2.jpg",N/A,0.06,0.02,1,1,adorne,adorne,Connectivity,N,1.91,,3.48,3.48,1.97,3.58,3.58,804428065227,White,China,Y,Fedex or Truck,UNIT,,,,,,,,,,,,,,"AC2PFG1,AC2PFM1,AC2PFW1"
AC4PFW1,"4-Port Frame, White",4-Port Frame,"AC4PFW1.jpg,AC4PFW1_2.jpg",N/A,0.06,0.02,1,1,adorne,adorne,Connectivity,N,1.87,,3.40,3.40,1.91,3.48,3.48,804428065241,White,China,Y,Fedex or Truck,UNIT,,,,,,,,,,,,,,
AC5ERJ45CM1,"Cat 5e RJ45 Data/Phone Insert, Magnesium",Cat 5e RJ45,"AC5ERJ45CM1.jpg,AC5ERJ45CM1_2.jpg",3.0 in H x 1.2 in W x 1.2 in L,0.08,0.01,1,1,adorne,adorne,Connectivity,N,7.58,,13.79,13.79,9.23,16.78,16.78,804428065258,Magnesium,China,Y,Fedex or Truck,UNIT,,,,,,,,,,,,,,"AC5ERJ45CM1,AC5ERJ45M1,AC5ERJ45W1"
AC5ERJ45M1,"Cat 5e RJ45 Data/Phone Insert, Magnesium",Cat 5e RJ45,"AC5ERJ45M1.jpg,AC5ERJ45M1_2.jpg",2.75 in H x 1.2 in W x 1.2 in L,0.09,0.02,1,1,adorne,adorne,Connectivity,N,5.65,,10.28,10.28,6.81,12.38,12.38,804428065272,Magnesium,China,Y,Fedex or Truck,UNIT,,,,,,,,,,,,,,"AC5ERJ45CM1,AC5ERJ45M1,AC5ERJ45W1"
AC5ERJ45W1,"Cat 5e RJ45 Data/Phone Insert, White",Cat 5e RJ45,"AC5ERJ45W1.jpg,AC5ERJ45W1_2.jpg",2.75 in H x 1.2 in W x 1.2 in L,0.08,0.01,1,1,adorne,adorne,Connectivity,N,5.12,,9.31,9.31,6.09,11.08,11.08,804428065296,White,China,Y,Fedex or Truck,UNIT,,,,,,,,,,,,,,"AC5ERJ45CM1,AC5ERJ45M1,AC5ERJ45W1"
AC6RJ45G1,"Cat 6 RJ45 Data Insert, Graphite",Cat 6 RJ45,"AC6RJ45G1.jpg,AC6RJ45G1_2.jpg,AC6RJ45G1_3.jpg,AC6RJ45G1_4.jpg",2.75 in H x 1.2 in W x 1.2 in L,0.14,0.01,1,4,adorne,adorne,Connectivity,N,9.77,,17.77,17.77,11.98,21.78,21.78,804428434092,Graphite,China,Y,Fedex or Truck,UNIT,,,,,,,,,,,,,,"AC6RJ45G1,AC6RJ45M1,AC6RJ45W1"
AC6RJ45M1,"Cat 6 RJ45 Data Insert, Magnesium",Cat 6 RJ45,"AC6RJ45M1.jpg,AC6RJ45M1_2.jpg",2.75 in H x 1.2 in W x 1.2 in L,0.08,0.01,1,1,adorne,adorne,Connectivity,N,9.77,,17.77,17.77,11.98,21.78,21.78,804428065319,Magnesium,China,Y,Fedex or Truck,UNIT,,,,,,,,,,,,,,"AC6RJ45G1,AC6RJ45M1,AC6RJ45W1"
AC6RJ45W1,"Cat 6 RJ45 Data Insert, White",Cat 6 RJ45,"AC6RJ45W1.jpg,AC6RJ45W1_2.jpg",2.75 in H x 1.2 in W x 1.2 in L,0.08,0.01,1,1,adorne,adorne,Connectivity,N,8.57,,15.58,15.58,10.16,18.48,18.48,804428065326,White,China,Y,Fedex or Truck,UNIT,,,,,,,,,,,,,,"AC6RJ45G1,AC6RJ45M1,AC6RJ45W1"
ACBLKM4,"Blank Keystone Insert 4-Pack, Magnesium",Blank Keystone,"ACBLKM4.jpg,ACBLKM4_2.jpg",1.77 in H x 0.96 in W x 0.89 in L,0.05,0.01,1,1,adorne,adorne,Connectivity,N,2.03,,3.69,3.69,4.88,8.88,8.88,804428065357,Magnesium,China,Y,Fedex or Truck,UNIT,,,,,,,,,,,,,,"ACBLKM4,ACBLKW4"
ACBLKW4,"Blank Keystone Insert 4-Pack, White",Blank Keystone,"ACBLKW4.jpg,ACBLKW4_2.jpg,ACBLKW4_3.jpg",1.77 in H x 0.96 in W x 0.89 in L,0.05,0.01,1,1,adorne,adorne,Connectivity,N,1.82,,3.31,3.31,1.97,3.58,3.58,804428065364,White,China,Y,Fedex or Truck,UNIT,,,,,,,,,,,,,,"ACBLKM4,ACBLKW4"
ACBRSTPM1,"In-Wall Cable Access Port, Magnesium",In-Wall Cable,"ACBRSTPM1.jpg,ACBRSTPM1_2.jpg",N/A,0.01,0.01,1,1,adorne,adorne,Connectivity,N,9.02,,16.40,16.40,10.22,18.58,18.58,804428065371,Magnesium,China,Y,Fedex or Truck,UNIT,,,,,,,,,,,,,,"ACBRSTPM1,ACBRSTPW1"
ACBRSTPW1,"In-Wall Cable Access Port, White",In-Wall Cable,"ACBRSTPW1.jpg,ACBRSTPW1_2.jpg",N/A,0.05,0.01,1,1,adorne,adorne,Connectivity,N,7.77,,14.12,14.12,9.01,16.38,16.38,804428065388,White,China,Y,Fedex or Truck,UNIT,,,,,,,,,,,,,,"ACBRSTPM1,ACBRSTPW1"
ACHDMIM1,"HDMI Keystone Coupler, Magnesium",HDMI Keystone,"ACHDMIM1.jpg,ACHDMIM1_2.jpg",N/A,0.06,0.01,1,1,adorne,adorne,Connectivity,N,17.17,,31.21,31.21,18.80,34.18,34.18,804428065395,Magnesium,China,Y,Fedex or Truck,UNIT,,,,,,,,,,,,,,
ACNRFCG1,"Video F-Connector, Graphite",Video F-,"ACNRFCG1.jpg,ACNRFCG1_2.jpg,ACNRFCG1_3.jpg,ACNRFCG1_4.jpg,ACNRFCG1_5.jpg,ACNRFCG1_6.jpg",N/A,0.05,0.01,1,4,adorne,adorne,Connectivity,N,3.22,,5.86,5.86,3.73,6.78,6.78,804428434085,Graphite,China,Y,Fedex or Truck,UNIT,,,,,,,,,,,,,,"ACNRFCG1,ACNRFCM1,ACNRFCW1"
ACNRFCM1,"Video F-Connector, Magnesium",Video F-,"ACNRFCM1.jpg,ACNRFCM1_2.jpg",N/A,0.05,0.01,1,1,adorne,adorne,Connectivity,N,3.22,,5.86,5.86,3.89,7.08,7.08,804428065418,Magnesium,China,Y,Fedex or Truck,UNIT,,,,,,,,,,,,,,"ACNRFCG1,ACNRFCM1,ACNRFCW1"
ACNRFCW1,"Video F-Connector, White",Video F-,"ACNRFCW1.jpg,ACNRFCW1_2.jpg",N/A,0.05,0.01,1,1,adorne,adorne,Connectivity,N,2.81,,5.10,5.10,3.23,5.88,5.88,804428065432,White,China,Y,Fedex or Truck,UNIT,,,,,,,,,,,,,,"ACNRFCG1,ACNRFCM1,ACNRFCW1"
ACRJ25M1,"RJ25 Phone Jack, Magnesium",RJ25 Phone,"ACRJ25M1.jpg,ACRJ25M1_2.jpg",N/A,0.05,0.01,1,1,adorne,adorne,Connectivity,N,4.23,,7.69,7.69,4.99,9.08,9.08,804428065517,Magnesium,China,Y,Fedex or Truck,UNIT,,,,,,,,,,,,,,"ACRJ25M1,ACRJ25W1"
ACRJ25W1,"RJ25 Phone Jack, White",RJ25 Phone,"ACRJ25W1.jpg,ACRJ25W1_2.jpg",N/A,0.05,0.01,1,1,adorne,adorne,Connectivity,N,3.22,,5.86,5.86,3.89,7.08,7.08,804428065524,White,China,Y,Fedex or Truck,UNIT,,,,,,,,,,,,,,"ACRJ25M1,ACRJ25W1"
AWC1G2BLN4,"One-Gang Screwless Wall Plate, Black Nickel",One-Gang,"AWC1G2BLN4.jpg,AWC1G2BLN4_2.jpg",5.13 in H x 3.45 in W x 0.35 in L,0.31,0.01,1,1,adorne,adorne,Cast Metal Wall Plate,N,27.84,,50.61,50.61,32.27,58.68,58.68,785007254846,Black Nickel,Mexico,Y,Fedex or Truck,UNIT,,,,,,,,,,,,,,"AWC1G2BLN4,AWC1G2BBN4,AWC1G2BSB4,AWC1G2BS4,AWC1G2COF4,AWC1G2MAC4,AWC1G2SBL4,AWC1G2SN4,AWM1G2BLS4,AWM1G2MS4,AWM1G2CU4,AWM1G2MA4,AWM1G2MR1,AWM1G2MB4,AWM1G2MW4,AWM1G2RG4,AWM1G2SL4,AWM1G2SP4,AWM1G2TL4,AWP1G2NK4,AWP1G2BL6"
AWC1G3BLN4,"One-Gang-Plus Screwless all Plate, Black Nickel",One-Gang-Plus,"AWC1G3BLN4.jpg,AWC1G3BLN4_2.jpg",5.13 in H x 3.45 in W x 0.35 in L,0.31,0.01,1,1,adorne,adorne,Cast Metal Wall Plate,N,27.83,,50.61,50.61,32.27,58.68,58.68,785007254839,Black Nickel,Mexico,Y,Fedex or Truck,UNIT,,,,,,,,,,,,,,
AWC2GBLN4,"Two-Gang Screwless Wall Plate, Black Nickel",Two-Gang,"AWC2GBLN4.jpg,AWC2GBLN4_2.jpg",5.13 in H x 5.29 in W x 0.35 in L,0.44,0.02,1,1,adorne,adorne,Cast Metal Wall Plate,N,45.96,,83.58,83.58,52.84,96.08,96.08,785007261486,Black Nickel,Mexico,Y,Fedex or Truck,UNIT,,,,,,,,,,,,,,"AWC2GBLN4,AWC2GBSB4,AWC2GBS4,AWC2GCOF4,AWC2GMAC4,AWC2GSBL4,AWC2GSN4,AWM2GBLS4,AWM2GMS4,AWM2GCU4,AWM2GMA4,AWM2GMR1,AWM2GMB4,AWM2GMW4,AWM2GRG4,AWM2GSL4,AWM2GSP4,AWM2GTL4,AWP2GNK4,AWP2GBR4,AWP2GGG4,AWP2GTM4"
AWC3GBLN4,"Three-Gang Screwless Wall Plate, Black Nickel",Three-Gang,"AWC3GBLN4.jpg,AWC3GBLN4_2.jpg",5.13 in H x 7.06 in W x 0.35 in L,0.59,0.02,1,1,adorne,adorne,Cast Metal Wall Plate,N,63.71,,115.83,115.83,73.69,133.98,133.98,785007261493,Black Nickel,Mexico,Y,Fedex or Truck,UNIT,,,,,,,,,,,,,,"AWC3GBLN4,AWC3GBBN4,AWC3GBSB4,AWC3GBS4,AWC3GCOF4,AWC3GMAC4,AWC3GSBL4,AWC3GSN4,AWM3GBLS4,AWM3GMS4,AWM3GCU4,AWM3GMA4,AWM3GMR1,AWM3GMB4,AWM3GMW4,AWM3GRG4,AWM3GSL4,AWM3GSP4,AWM3GTL4,AWP3GNK4,AWP3GBR4,AWP3GGG4,AWP3GBL4,AWP3GTM4"
AWC4GBLN4,"Four-Gang Screwless Wall Plate, Black Nickel",Four-Gang,"AWC4GBLN4.jpg,AWC4GBLN4_2.jpg",5.13 in H x 8.88 in W x 0.35 in L,0.7,0.03,1,1,adorne,adorne,Cast Metal Wall Plate,N,80.98,,147.22,147.22,94.53,171.88,171.88,785007261509,Black Nickel,Mexico,Y,Fedex or Truck,UNIT,,,,,,,,,,,,,,"AWC4GBLN4,AWC4GBSB4,AWC4GBS4,AWC4GCOF4,AWC4GMAC4,AWC4GSBL4,AWC4GSN4,AWM4GBLS4,AWM4GMS4,AWM4GCU4,AWM4GMA4,AWM4GMR1,AWM4GMB4,AWM4GMW4,AWM4GRG4,AWM4GSL4,AWM4GSP4,AWM4GTL4,AWP4GNK4,AWP4GBR4,AWP4GGG4,AWP4GBL4,AWP4GTM4"
AWC1G2BBN4,"One-Gang Screwless Wall, Brushed Black Nickel",One-Gang,"AWC1G2BBN4.jpg,AWC1G2BBN4_2.jpg,AWC1G2BBN4_3.jpg",5.13 in H x 3.45 in W x 0.35 in L,0.31,0.01,1,1,adorne,adorne,Cast Metal Wall Plate,N,26.88,,48.88,48.88,31.23,56.78,56.78,785007261523,Brushed Black Nickel,Mexico,Y,Fedex or Truck,UNIT,,,,,,,,,,,,,,"AWC1G2BLN4,AWC1G2BBN4,AWC1G2BSB4,AWC1G2BS4,AWC1G2COF4,AWC1G2MAC4,AWC1G2SBL4,AWC1G2SN4,AWM1G2BLS4,AWM1G2MS4,AWM1G2CU4,AWM1G2MA4,AWM1G2MR1,AWM1G2MB4,AWM1G2MW4,AWM1G2RG4,AWM1G2SL4,AWM1G2SP4,AWM1G2TL4,AWP1G2NK4,AWP1G2BL6"
AWC1G3BBN4,"One-Gang-Plus Wall Plate, Brushed Black Nickel",One-Gang-Plus,"AWC1G3BBN4.jpg,AWC1G3BBN4_2.jpg,AWC1G3BBN4_3.jpg,AWC1G3BBN4_4.jpg",5.13 in H x 3.45 in W x 0.35 in L,0.31,0.01,1,1,adorne,adorne,Cast Metal Wall Plate,N,27.83,,50.61,50.61,32.27,58.68,58.68,785007261516,Brushed Black Nickel,Mexico,Y,Fedex or Truck,UNIT,,,,,,,,,,,,,,
AWC2GBBN4,"Two-Gang Wall Plate, Brushed Black Nickel",Two-Gang Wall,"AWC2GBBN4.jpg,AWC2GBBN4_2.jpg",5.13 in H x 5.29 in W x 0.35 in L,0.44,0.02,1,1,adorne,adorne,Cast Metal Wall Plate,N,45.96,,83.58,83.58,52.84,96.08,96.08,785007261530,Brushed Black Nickel,Mexico,Y,Fedex or Truck,UNIT,,,,,,,,,,,,,,
AWC3GBBN4,"Three-Gang Screwless Wall, Brushed Black Nickel",Three-Gang,"AWC3GBBN4.jpg,AWC3GBBN4_2.jpg,AWC3GBBN4_3.jpg",5.13 in H x 7.06 in W x 0.35 in L,0.59,0.02,1,1,adorne,adorne,Cast Metal Wall Plate,N,63.71,,115.83,115.83,73.69,133.98,133.98,785007261547,Brushed Black Nickel,Mexico,Y,Fedex or Truck,UNIT,,,,,,,,,,,,,,"AWC3GBLN4,AWC3GBBN4,AWC3GBSB4,AWC3GBS4,AWC3GCOF4,AWC3GMAC4,AWC3GSBL4,AWC3GSN4,AWM3GBLS4,AWM3GMS4,AWM3GCU4,AWM3GMA4,AWM3GMR1,AWM3GMB4,AWM3GMW4,AWM3GRG4,AWM3GSL4,AWM3GSP4,AWM3GTL4,AWP3GNK4,AWP3GBR4,AWP3GGG4,AWP3GBL4,AWP3GTM4"
AWC4GBBN4,"Four-Gang Wall Plate, Brushed Black Nickel",Four-Gang,"AWC4GBBN4.jpg,AWC4GBBN4_2.jpg,AWC4GBBN4_3.jpg",5.13 in H x 8.88 in W x 0.35 in L,0.7,0.03,1,1,adorne,adorne,Cast Metal Wall Plate,N,80.98,,147.22,147.22,94.53,171.88,171.88,785007261554,Brushed Black Nickel,Mexico,Y,Fedex or Truck,UNIT,,,,,,,,,,,,,,
AWC1G2BSB4,"One-Gang Screwless Wall Plate, Brushed Satin Brass",One-Gang,"AWC1G2BSB4.jpg,AWC1G2BSB4_2.jpg",5.13 in H x 3.45 in W x 0.35 in L,0.31,0.01,1,1,adorne,adorne,Cast Metal Wall Plate,N,30.59,,55.62,55.62,35.52,64.58,64.58,785007261578,Brushed Satin Brass,Mexico,Y,Fedex or Truck,UNIT,,,,,,,,,,,,,,"AWC1G2BLN4,AWC1G2BBN4,AWC1G2BSB4,AWC1G2BS4,AWC1G2COF4,AWC1G2MAC4,AWC1G2SBL4,AWC1G2SN4,AWM1G2BLS4,AWM1G2MS4,AWM1G2CU4,AWM1G2MA4,AWM1G2MR1,AWM1G2MB4,AWM1G2MW4,AWM1G2RG4,AWM1G2SL4,AWM1G2SP4,AWM1G2TL4,AWP1G2NK4,AWP1G2BL6"
AWC1G3BSB4,"One-Gang-Plus Screwless, Brushed Satin Brass",One-Gang-Plus,"AWC1G3BSB4.jpg,AWC1G3BSB4_2.jpg",5.13 in H x 3.45 in W x 0.35 in L,0.31,0.01,1,1,adorne,adorne,Cast Metal Wall Plate,N,30.59,,55.62,55.62,35.52,64.58,64.58,785007261561,Brushed Satin Brass,Mexico,Y,Fedex or Truck,UNIT,,,,,,,,,,,,,,"AWC1G3BSB4,AWC1G3BS4,AWC1G3COF4,AWC1G3MAC4,AWC1G3SBL4,AWC1G3SN4,AWM1G3BLS4,AWM1G3MS4,AWM1G3CU4,AWM1G3MA4,AWM1G3MR1,AWM1G3MB4,AWM1G3MW4,AWM1G3RG4,AWM1G3SL4,AWM1G3SP4,AWM1G3TL4,AWP1G3NK4,AWP1G3BR4,AWP1G3GG4,AWP1G3BL4,AWP1G3TM4"
AWC2GBSB4,"Two-Gang Screwless Wall Plate, Brushed Satin Brass",Two-Gang,"AWC2GBSB4.jpg,AWC2GBSB4_2.jpg",5.13 in H x 5.29 in W x 0.35 in L,0.44,0.02,1,1,adorne,adorne,Cast Metal Wall Plate,N,46.18,,83.96,83.96,53.01,96.38,96.38,785007261585,Brushed Satin Brass,Mexico,Y,Fedex or Truck,UNIT,,,,,,,,,,,,,,"AWC2GBLN4,AWC2GBSB4,AWC2GBS4,AWC2GCOF4,AWC2GMAC4,AWC2GSBL4,AWC2GSN4,AWM2GBLS4,AWM2GMS4,AWM2GCU4,AWM2GMA4,AWM2GMR1,AWM2GMB4,AWM2GMW4,AWM2GRG4,AWM2GSL4,AWM2GSP4,AWM2GTL4,AWP2GNK4,AWP2GBR4,AWP2GGG4,AWP2GTM4"
AWC3GBSB4,"Three-Gang Screwless Wall, Brushed Satin Brass",Three-Gang,"AWC3GBSB4.jpg,AWC3GBSB4_2.jpg",5.13 in H x 7.06 in W x 0.35 in L,0.59,0.02,1,1,adorne,adorne,Cast Metal Wall Plate,N,70.02,,127.31,127.31,80.95,147.18,147.18,785007261592,Brushed Satin Brass,Mexico,Y,Fedex or Truck,UNIT,,,,,,,,,,,,,,"AWC3GBLN4,AWC3GBBN4,AWC3GBSB4,AWC3GBS4,AWC3GCOF4,AWC3GMAC4,AWC3GSBL4,AWC3GSN4,AWM3GBLS4,AWM3GMS4,AWM3GCU4,AWM3GMA4,AWM3GMR1,AWM3GMB4,AWM3GMW4,AWM3GRG4,AWM3GSL4,AWM3GSP4,AWM3GTL4,AWP3GNK4,AWP3GBR4,AWP3GGG4,AWP3GBL4,AWP3GTM4"
AWC4GBSB4,"Four-Gang Screwless Wall, Brushed Satin Brass",Four-Gang,"AWC4GBSB4.jpg,AWC4GBSB4_2.jpg",5.13 in H x 8.88 in W x 0.35 in L,0.7,0.03,1,1,adorne,adorne,Cast Metal Wall Plate,N,89.00,,161.81,161.81,103.88,188.88,188.88,785007261608,Brushed Satin Brass,Mexico,Y,Fedex or Truck,UNIT,,,,,,,,,,,,,,"AWC4GBLN4,AWC4GBSB4,AWC4GBS4,AWC4GCOF4,AWC4GMAC4,AWC4GSBL4,AWC4GSN4,AWM4GBLS4,AWM4GMS4,AWM4GCU4,AWM4GMA4,AWM4GMR1,AWM4GMB4,AWM4GMW4,AWM4GRG4,AWM4GSL4,AWM4GSP4,AWM4GTL4,AWP4GNK4,AWP4GBR4,AWP4GGG4,AWP4GBL4,AWP4GTM4"
AWC1G3BS4,"One-Gang-Plus Screwless, Brushed Stainless Steel",One-Gang-Plus,"AWC1G3BS4.jpg,AWC1G3BS4_2.jpg,AWC1G3BS4_3.jpg,AWC1G3BS4_4.jpg,AWC1G3BS4_5.jpg,AWC1G3BS4_6.jpg",5.13 in H x 3.45 in W x 0.35 in L,0.55,0.02,1,1,adorne,adorne,Cast Metal Wall Plate,N,30.59,,55.62,55.62,35.52,64.58,64.58,785007024630,Brushed Stainless Steel,Mexico,Y,Fedex or Truck,UNIT,,,,,,,,,,,,,,"AWC1G3BSB4,AWC1G3BS4,AWC1G3COF4,AWC1G3MAC4,AWC1G3SBL4,AWC1G3SN4,AWM1G3BLS4,AWM1G3MS4,AWM1G3CU4,AWM1G3MA4,AWM1G3MR1,AWM1G3MB4,AWM1G3MW4,AWM1G3RG4,AWM1G3SL4,AWM1G3SP4,AWM1G3TL4,AWP1G3NK4,AWP1G3BR4,AWP1G3GG4,AWP1G3BL4,AWP1G3TM4"
AWC1G2BS4,"One-Gang Screwless Wall, Brushed Stainless Steel",One-Gang,"AWC1G2BS4.jpg,AWC1G2BS4_2.jpg,AWC1G2BS4_3.jpg,AWC1G2BS4_4.jpg,AWC1G2BS4_5.jpg,AWC1G2BS4_6.jpg",5.13 in H x 3.45 in W x 0.35 in L,0.61,0.02,1,1,adorne,adorne,Cast Metal Wall Plate,N,29.93,,54.41,54.41,34.69,63.08,63.08,785007024289,Brushed Stainless Steel,Mexico,Y,Fedex or Truck,UNIT,,,,,,,,,,,,,,"AWC1G2BLN4,AWC1G2BBN4,AWC1G2BSB4,AWC1G2BS4,AWC1G2COF4,AWC1G2MAC4,AWC1G2SBL4,AWC1G2SN4,AWM1G2BLS4,AWM1G2MS4,AWM1G2CU4,AWM1G2MA4,AWM1G2MR1,AWM1G2MB4,AWM1G2MW4,AWM1G2RG4,AWM1G2SL4,AWM1G2SP4,AWM1G2TL4,AWP1G2NK4,AWP1G2BL6"
AWC2GBS4,"Two-Gang Screwless Wall, Brushed Stainless Steel",Two-Gang,"AWC2GBS4.jpg,AWC2GBS4_2.jpg,AWC2GBS4_3.jpg,AWC2GBS4_4.jpg,AWC2GBS4_5.jpg,AWC2GBS4_6.jpg",5.13 in H x 5.29 in W x 0.35 in L,1.08,0.03,1,1,adorne,adorne,Cast Metal Wall Plate,N,50.53,,91.87,91.87,58.01,105.48,105.48,785007024913,Brushed Stainless Steel,Mexico,Y,Fedex or Truck,UNIT,,,,,,,,,,,,,,"AWC2GBLN4,AWC2GBSB4,AWC2GBS4,AWC2GCOF4,AWC2GMAC4,AWC2GSBL4,AWC2GSN4,AWM2GBLS4,AWM2GMS4,AWM2GCU4,AWM2GMA4,AWM2GMR1,AWM2GMB4,AWM2GMW4,AWM2GRG4,AWM2GSL4,AWM2GSP4,AWM2GTL4,AWP2GNK4,AWP2GBR4,AWP2GGG4,AWP2GTM4"
AWC3GBS4,"Three-Gang Screwless, Brushed Stainless Steel",Three-Gang,"AWC3GBS4.jpg,AWC3GBS4_2.jpg,AWC3GBS4_3.jpg,AWC3GBS4_4.jpg,AWC3GBS4_5.jpg,AWC3GBS4_6.jpg",5.13 in H x 7.06 in W x 0.35 in L,1.4,0.04,1,1,adorne,adorne,Cast Metal Wall Plate,N,70.02,,127.31,127.31,80.95,147.18,147.18,785007024463,Brushed Stainless Steel,Mexico,Y,Fedex or Truck,UNIT,,,,,,,,,,,,,,"AWC3GBLN4,AWC3GBBN4,AWC3GBSB4,AWC3GBS4,AWC3GCOF4,AWC3GMAC4,AWC3GSBL4,AWC3GSN4,AWM3GBLS4,AWM3GMS4,AWM3GCU4,AWM3GMA4,AWM3GMR1,AWM3GMB4,AWM3GMW4,AWM3GRG4,AWM3GSL4,AWM3GSP4,AWM3GTL4,AWP3GNK4,AWP3GBR4,AWP3GGG4,AWP3GBL4,AWP3GTM4"
AWC4GBS4,"Four-Gang Screwless, Brushed Stainless Steel",Four-Gang,"AWC4GBS4.jpg,AWC4GBS4_2.jpg,AWC4GBS4_3.jpg,AWC4GBS4_4.jpg,AWC4GBS4_5.jpg,AWC4GBS4_6.jpg",5.13 in H x 8.88 in W x 0.35 in L,1.72,0.05,1,1,adorne,adorne,Cast Metal Wall Plate,N,84.21,,153.11,153.11,98.33,178.78,178.78,785007024210,Brushed Stainless Steel,Mexico,Y,Fedex or Truck,UNIT,,,,,,,,,,,,,,"AWC4GBLN4,AWC4GBSB4,AWC4GBS4,AWC4GCOF4,AWC4GMAC4,AWC4GSBL4,AWC4GSN4,AWM4GBLS4,AWM4GMS4,AWM4GCU4,AWM4GMA4,AWM4GMR1,AWM4GMB4,AWM4GMW4,AWM4GRG4,AWM4GSL4,AWM4GSP4,AWM4GTL4,AWP4GNK4,AWP4GBR4,AWP4GGG4,AWP4GBL4,AWP4GTM4"
AWC1G2COF4,"One-Gang Screwless Wall Plate, Coffee",One-Gang,"AWC1G2COF4.jpg,AWC1G2COF4_2.jpg,AWC1G2COF4_3.jpg",5.13 in H x 3.45 in W x 0.35 in L,0.31,0.01,1,1,adorne,adorne,Cast Metal Wall Plate,N,29.41,,53.48,53.48,34.14,62.08,62.08,785007261622,Coffee,Mexico,Y,Fedex or Truck,UNIT,,,,,,,,,,,,,,"AWC1G2BLN4,AWC1G2BBN4,AWC1G2BSB4,AWC1G2BS4,AWC1G2COF4,AWC1G2MAC4,AWC1G2SBL4,AWC1G2SN4,AWM1G2BLS4,AWM1G2MS4,AWM1G2CU4,AWM1G2MA4,AWM1G2MR1,AWM1G2MB4,AWM1G2MW4,AWM1G2RG4,AWM1G2SL4,AWM1G2SP4,AWM1G2TL4,AWP1G2NK4,AWP1G2BL6"
AWC1G3COF4,"One-Gang-Plus Screwless Wall Plate, Coffee",One-Gang-Plus,"AWC1G3COF4.jpg,AWC1G3COF4_2.jpg,AWC1G3COF4_3.jpg",5.13 in H x 3.45 in W x 0.35 in L,0.31,0.01,1,1,adorne,adorne,Cast Metal Wall Plate,N,27.84,,50.61,50.61,32.27,58.68,58.68,785007261615,Coffee,Mexico,Y,Fedex or Truck,UNIT,,,,,,,,,,,,,,"AWC1G3BSB4,AWC1G3BS4,AWC1G3COF4,AWC1G3MAC4,AWC1G3SBL4,AWC1G3SN4,AWM1G3BLS4,AWM1G3MS4,AWM1G3CU4,AWM1G3MA4,AWM1G3MR1,AWM1G3MB4,AWM1G3MW4,AWM1G3RG4,AWM1G3SL4,AWM1G3SP4,AWM1G3TL4,AWP1G3NK4,AWP1G3BR4,AWP1G3GG4,AWP1G3BL4,AWP1G3TM4"
AWC2GCOF4,"Two-Gang Screwless Wall Plate, Coffee",Two-Gang,"AWC2GCOF4.jpg,AWC2GCOF4_2.jpg,AWC2GCOF4_3.jpg",5.13 in H x 5.29 in W x 0.35 in L,0.44,0.02,1,1,adorne,adorne,Cast Metal Wall Plate,N,47.54,,86.44,86.44,54.60,99.28,99.28,785007261639,Coffee,Mexico,Y,Fedex or Truck,UNIT,,,,,,,,,,,,,,"AWC2GBLN4,AWC2GBSB4,AWC2GBS4,AWC2GCOF4,AWC2GMAC4,AWC2GSBL4,AWC2GSN4,AWM2GBLS4,AWM2GMS4,AWM2GCU4,AWM2GMA4,AWM2GMR1,AWM2GMB4,AWM2GMW4,AWM2GRG4,AWM2GSL4,AWM2GSP4,AWM2GTL4,AWP2GNK4,AWP2GBR4,AWP2GGG4,AWP2GTM4"
AWC3GCOF4,"Three-Gang Screwless Wall Plate, Coffee",Three-Gang,"AWC3GCOF4.jpg,AWC3GCOF4_2.jpg,AWC3GCOF4_3.jpg",5.13 in H x 7.06 in W x 0.35 in L,0.59,0.02,1,1,adorne,adorne,Cast Metal Wall Plate,N,63.71,,115.83,115.83,73.69,133.98,133.98,785007261646,Coffee,Mexico,Y,Fedex or Truck,UNIT,,,,,,,,,,,,,,"AWC3GBLN4,AWC3GBBN4,AWC3GBSB4,AWC3GBS4,AWC3GCOF4,AWC3GMAC4,AWC3GSBL4,AWC3GSN4,AWM3GBLS4,AWM3GMS4,AWM3GCU4,AWM3GMA4,AWM3GMR1,AWM3GMB4,AWM3GMW4,AWM3GRG4,AWM3GSL4,AWM3GSP4,AWM3GTL4,AWP3GNK4,AWP3GBR4,AWP3GGG4,AWP3GBL4,AWP3GTM4"
AWC4GCOF4,"Four-Gang Screwless Wall Plate, Coffee",Four-Gang,"AWC4GCOF4.jpg,AWC4GCOF4_2.jpg,AWC4GCOF4_3.jpg",5.13 in H x 8.88 in W x 0.35 in L,0.7,0.03,1,1,adorne,adorne,Cast Metal Wall Plate,N,85.57,,155.59,155.59,99.92,181.68,181.68,785007261653,Coffee,Mexico,Y,Fedex or Truck,UNIT,,,,,,,,,,,,,,"AWC4GBLN4,AWC4GBSB4,AWC4GBS4,AWC4GCOF4,AWC4GMAC4,AWC4GSBL4,AWC4GSN4,AWM4GBLS4,AWM4GMS4,AWM4GCU4,AWM4GMA4,AWM4GMR1,AWM4GMB4,AWM4GMW4,AWM4GRG4,AWM4GSL4,AWM4GSP4,AWM4GTL4,AWP4GNK4,AWP4GBR4,AWP4GGG4,AWP4GBL4,AWP4GTM4"
AWC1G2MAC4,"One-Gang Screwless Wall, Matte Antique Copper",One-Gang,"AWC1G2MAC4.jpg,AWC1G2MAC4_2.jpg",5.13 in H x 3.45 in W x 0.35 in L,0.31,0.01,1,1,adorne,adorne,Cast Metal Wall Plate,N,29.41,,53.48,53.48,34.14,62.08,62.08,785007261677,Matte Antique Copper,Mexico,Y,Fedex or Truck,UNIT,,,,,,,,,,,,,,"AWC1G2BLN4,AWC1G2BBN4,AWC1G2BSB4,AWC1G2BS4,AWC1G2COF4,AWC1G2MAC4,AWC1G2SBL4,AWC1G2SN4,AWM1G2BLS4,AWM1G2MS4,AWM1G2CU4,AWM1G2MA4,AWM1G2MR1,AWM1G2MB4,AWM1G2MW4,AWM1G2RG4,AWM1G2SL4,AWM1G2SP4,AWM1G2TL4,AWP1G2NK4,AWP1G2BL6"
AWC1G3MAC4,"One-Gang-Plus Screwless, Matte Antique Copper",One-Gang-Plus,"AWC1G3MAC4.jpg,AWC1G3MAC4_2.jpg",5.13 in H x 3.45 in W x 0.35 in L,0.31,0.01,1,1,adorne,adorne,Cast Metal Wall Plate,N,27.84,,50.61,50.61,32.27,58.68,58.68,785007261660,Matte Antique Copper,Mexico,Y,Fedex or Truck,UNIT,,,,,,,,,,,,,,"AWC1G3BSB4,AWC1G3BS4,AWC1G3COF4,AWC1G3MAC4,AWC1G3SBL4,AWC1G3SN4,AWM1G3BLS4,AWM1G3MS4,AWM1G3CU4,AWM1G3MA4,AWM1G3MR1,AWM1G3MB4,AWM1G3MW4,AWM1G3RG4,AWM1G3SL4,AWM1G3SP4,AWM1G3TL4,AWP1G3NK4,AWP1G3BR4,AWP1G3GG4,AWP1G3BL4,AWP1G3TM4"
AWC2GMAC4,"Two-Gang Screwless Wall, Matte Antique Copper",Two-Gang,"AWC2GMAC4.jpg,AWC2GMAC4_2.jpg",5.13 in H x 5.29 in W x 0.35 in L,0.44,0.02,1,1,adorne,adorne,Cast Metal Wall Plate,N,45.97,,83.58,83.58,52.84,96.08,96.08,785007261684,Matte Antique Copper,Mexico,Y,Fedex or Truck,UNIT,,,,,,,,,,,,,,"AWC2GBLN4,AWC2GBSB4,AWC2GBS4,AWC2GCOF4,AWC2GMAC4,AWC2GSBL4,AWC2GSN4,AWM2GBLS4,AWM2GMS4,AWM2GCU4,AWM2GMA4,AWM2GMR1,AWM2GMB4,AWM2GMW4,AWM2GRG4,AWM2GSL4,AWM2GSP4,AWM2GTL4,AWP2GNK4,AWP2GBR4,AWP2GGG4,AWP2GTM4"
AWC3GMAC4,"Three-Gang Screwless Wall, Matte Antique Copper",Three-Gang,"AWC3GMAC4.jpg,AWC3GMAC4_2.jpg",5.13 in H x 7.06 in W x 0.35 in L,0.59,0.02,1,1,adorne,adorne,Cast Metal Wall Plate,N,63.71,,115.83,115.83,73.69,133.98,133.98,785007261691,Matte Antique Copper,Mexico,Y,Fedex or Truck,UNIT,,,,,,,,,,,,,,"AWC3GBLN4,AWC3GBBN4,AWC3GBSB4,AWC3GBS4,AWC3GCOF4,AWC3GMAC4,AWC3GSBL4,AWC3GSN4,AWM3GBLS4,AWM3GMS4,AWM3GCU4,AWM3GMA4,AWM3GMR1,AWM3GMB4,AWM3GMW4,AWM3GRG4,AWM3GSL4,AWM3GSP4,AWM3GTL4,AWP3GNK4,AWP3GBR4,AWP3GGG4,AWP3GBL4,AWP3GTM4"
AWC4GMAC4,"Four-Gang Screwless Wall, Matte Antique Copper",Four-Gang,"AWC4GMAC4.jpg,AWC4GMAC4_2.jpg",5.13 in H x 8.88 in W x 0.35 in L,0.7,0.03,1,1,adorne,adorne,Cast Metal Wall Plate,N,80.97,,147.22,147.22,94.53,171.88,171.88,785007261707,Matte Antique Copper,Mexico,Y,Fedex or Truck,UNIT,,,,,,,,,,,,,,"AWC4GBLN4,AWC4GBSB4,AWC4GBS4,AWC4GCOF4,AWC4GMAC4,AWC4GSBL4,AWC4GSN4,AWM4GBLS4,AWM4GMS4,AWM4GCU4,AWM4GMA4,AWM4GMR1,AWM4GMB4,AWM4GMW4,AWM4GRG4,AWM4GSL4,AWM4GSP4,AWM4GTL4,AWP4GNK4,AWP4GBR4,AWP4GGG4,AWP4GBL4,AWP4GTM4"
AWC1G2OB4,"One-Gang Screwless Wall Plate, Oil-Rubbed Bronze",One-Gang,"AWC1G2OB4.jpg,AWC1G2OB4_2.jpg,AWC1G2OB4_3.jpg,AWC1G2OB4_4.jpg,AWC1G2OB4_5.jpg,AWC1G2OB4_6.jpg",5.13 in H x 3.45 in W x 0.35 in L,0.61,0.02,1,1,adorne,adorne,Cast Metal Wall Plate,N,28.95,,52.63,52.63,33.54,60.98,60.98,785007024012,Oil Rubbed Bronze,Mexico,Y,Fedex or Truck,UNIT,,,,,,,,,,,,,,
AWC1G3OB4,"One-Gang-Plus Screwless Wall, Oil-Rubbed Bronze",One-Gang-Plus,"AWC1G3OB4.jpg,AWC1G3OB4_2.jpg,AWC1G3OB4_3.jpg,AWC1G3OB4_4.jpg,AWC1G3OB4_5.jpg,AWC1G3OB4_6.jpg",5.13 in H x 3.45 in W x 0.35 in L,0.55,0.02,1,1,adorne,adorne,Cast Metal Wall Plate,N,28.95,,52.63,52.63,33.54,60.98,60.98,785007024111,Oil Rubbed Bronze,Mexico,Y,Fedex or Truck,UNIT,,,,,,,,,,,,,,
AWC2GOB4,"Two-Gang Screwless Wall Plate, Oil-Rubbed Bronze",Two-Gang,"AWC2GOB4.jpg,AWC2GOB4_2.jpg,AWC2GOB4_3.jpg,AWC2GOB4_4.jpg,AWC2GOB4_5.jpg,AWC2GOB4_6.jpg",5.13 in H x 5.29 in W x 0.35 in L,1.08,0.03,1,1,adorne,adorne,Cast Metal Wall Plate,N,47.81,,86.92,86.92,54.93,99.88,99.88,785007024067,Oil Rubbed Bronze,Mexico,Y,Fedex or Truck,UNIT,,,,,,,,,,,,,,
AWC3GOB4,"Three-Gang Screwless Wall Plate, Oil-Rubbed Bronze",Three-Gang,"AWC3GOB4.jpg,AWC3GOB4_2.jpg,AWC3GOB4_3.jpg,AWC3GOB4_4.jpg,AWC3GOB4_5.jpg,AWC3GOB4_6.jpg",5.13 in H x 7.06 in W x 0.35 in L,1.4,0.04,1,1,adorne,adorne,Cast Metal Wall Plate,N,66.25,,120.46,120.46,76.60,139.28,139.28,785007024814,Oil Rubbed Bronze,Mexico,Y,Fedex or Truck,UNIT,,,,,,,,,,,,,,
AWC4GOB4,"Four-Gang Screwless Wall Plate, Oil-Rubbed Bronze",Four-Gang,"AWC4GOB4.jpg,AWC4GOB4_2.jpg,AWC4GOB4_3.jpg,AWC4GOB4_4.jpg,AWC4GOB4_5.jpg,AWC4GOB4_6.jpg",5.13 in H x 8.88 in W x 0.35 in L,1.72,0.05,1,1,adorne,adorne,Cast Metal Wall Plate,N,84.21,,153.11,153.11,98.33,178.78,178.78,785007023718,Oil Rubbed Bronze,Mexico,Y,Fedex or Truck,UNIT,,,,,,,,,,,,,,
AWC1G2SBL4,"One-Gang Screwless Wall Plate, Satin Black",One-Gang,"AWC1G2SBL4.jpg,AWC1G2SBL4_2.jpg,AWC1G2SBL4_3.jpg,AWC1G2SBL4_4.jpg,AWC1G2SBL4_5.jpg,AWC1G2SBL4_6.jpg",5.13 in H x 3.45 in W x 0.35 in L,0.31,0.01,1,1,adorne,adorne,Cast Metal Wall Plate,N,29.41,,53.48,53.48,34.14,62.08,62.08,785007261721,Satin Black,Mexico,Y,Fedex or Truck,UNIT,,,,,,,,,,,,,,"AWC1G2BLN4,AWC1G2BBN4,AWC1G2BSB4,AWC1G2BS4,AWC1G2COF4,AWC1G2MAC4,AWC1G2SBL4,AWC1G2SN4,AWM1G2BLS4,AWM1G2MS4,AWM1G2CU4,AWM1G2MA4,AWM1G2MR1,AWM1G2MB4,AWM1G2MW4,AWM1G2RG4,AWM1G2SL4,AWM1G2SP4,AWM1G2TL4,AWP1G2NK4,AWP1G2BL6"
AWC1G3SBL4,"One-Gang-Plus Screwless Wall Plate, Satin Black",One-Gang-Plus,"AWC1G3SBL4.jpg,AWC1G3SBL4_2.jpg,AWC1G3SBL4_3.jpg,AWC1G3SBL4_4.jpg,AWC1G3SBL4_5.jpg,AWC1G3SBL4_6.jpg",5.13 in H x 3.45 in W x 0.35 in L,0.31,0.01,1,1,adorne,adorne,Cast Metal Wall Plate,N,27.83,,50.61,50.61,32.27,58.68,58.68,785007261714,Satin Black,Mexico,Y,Fedex or Truck,UNIT,,,,,,,,,,,,,,"AWC1G3BSB4,AWC1G3BS4,AWC1G3COF4,AWC1G3MAC4,AWC1G3SBL4,AWC1G3SN4,AWM1G3BLS4,AWM1G3MS4,AWM1G3CU4,AWM1G3MA4,AWM1G3MR1,AWM1G3MB4,AWM1G3MW4,AWM1G3RG4,AWM1G3SL4,AWM1G3SP4,AWM1G3TL4,AWP1G3NK4,AWP1G3BR4,AWP1G3GG4,AWP1G3BL4,AWP1G3TM4"
AWC2GSBL4,"Two-Gang Screwless Wall Plate, Satin Black",Two-Gang,"AWC2GSBL4.jpg,AWC2GSBL4_2.jpg,AWC2GSBL4_3.jpg,AWC2GSBL4_4.jpg,AWC2GSBL4_5.jpg,AWC2GSBL4_6.jpg",5.13 in H x 5.29 in W x 0.35 in L,0.44,0.02,1,1,adorne,adorne,Cast Metal Wall Plate,N,45.96,,83.58,83.58,52.84,96.08,96.08,785007261738,Satin Black,Mexico,Y,Fedex or Truck,UNIT,,,,,,,,,,,,,,"AWC2GBLN4,AWC2GBSB4,AWC2GBS4,AWC2GCOF4,AWC2GMAC4,AWC2GSBL4,AWC2GSN4,AWM2GBLS4,AWM2GMS4,AWM2GCU4,AWM2GMA4,AWM2GMR1,AWM2GMB4,AWM2GMW4,AWM2GRG4,AWM2GSL4,AWM2GSP4,AWM2GTL4,AWP2GNK4,AWP2GBR4,AWP2GGG4,AWP2GTM4"
AWC3GSBL4,"Three-Gang Screwless Wall Plate, Satin Black",Three-Gang,"AWC3GSBL4.jpg,AWC3GSBL4_2.jpg,AWC3GSBL4_3.jpg,AWC3GSBL4_4.jpg,AWC3GSBL4_5.jpg,AWC3GSBL4_6.jpg",5.13 in H x 7.06 in W x 0.35 in L,0.59,0.02,1,1,adorne,adorne,Cast Metal Wall Plate,N,63.71,,115.83,115.83,73.69,133.98,133.98,785007261745,Satin Black,Mexico,Y,Fedex or Truck,UNIT,,,,,,,,,,,,,,"AWC3GBLN4,AWC3GBBN4,AWC3GBSB4,AWC3GBS4,AWC3GCOF4,AWC3GMAC4,AWC3GSBL4,AWC3GSN4,AWM3GBLS4,AWM3GMS4,AWM3GCU4,AWM3GMA4,AWM3GMR1,AWM3GMB4,AWM3GMW4,AWM3GRG4,AWM3GSL4,AWM3GSP4,AWM3GTL4,AWP3GNK4,AWP3GBR4,AWP3GGG4,AWP3GBL4,AWP3GTM4"
AWC4GSBL4,"Four-Gang Screwless Wall Plate, Satin Black",Four-Gang,"AWC4GSBL4.jpg,AWC4GSBL4_2.jpg,AWC4GSBL4_3.jpg,AWC4GSBL4_4.jpg,AWC4GSBL4_5.jpg,AWC4GSBL4_6.jpg",5.13 in H x 8.88 in W x 0.35 in L,0.7,0.03,1,1,adorne,adorne,Cast Metal Wall Plate,N,85.58,,155.59,155.59,99.92,181.68,181.68,785007261752,Satin Black,Mexico,Y,Fedex or Truck,UNIT,,,,,,,,,,,,,,"AWC4GBLN4,AWC4GBSB4,AWC4GBS4,AWC4GCOF4,AWC4GMAC4,AWC4GSBL4,AWC4GSN4,AWM4GBLS4,AWM4GMS4,AWM4GCU4,AWM4GMA4,AWM4GMR1,AWM4GMB4,AWM4GMW4,AWM4GRG4,AWM4GSL4,AWM4GSP4,AWM4GTL4,AWP4GNK4,AWP4GBR4,AWP4GGG4,AWP4GBL4,AWP4GTM4"
AWC1G3SN4,"One-Gang-Plus Screwless Wall Plate, Satin Nickel",One-Gang-Plus,"AWC1G3SN4.jpg,AWC1G3SN4_2.jpg,AWC1G3SN4_3.jpg,AWC1G3SN4_4.jpg,AWC1G3SN4_5.jpg,AWC1G3SN4_6.jpg",5.13 in H x 3.45 in W x 0.35 in L,0.55,0.02,1,1,adorne,adorne,Cast Metal Wall Plate,N,30.59,,55.62,55.62,35.52,64.58,64.58,785007024869,Satin Nickel,Mexico,Y,Fedex or Truck,UNIT,,,,,,,,,,,,,,"AWC1G3BSB4,AWC1G3BS4,AWC1G3COF4,AWC1G3MAC4,AWC1G3SBL4,AWC1G3SN4,AWM1G3BLS4,AWM1G3MS4,AWM1G3CU4,AWM1G3MA4,AWM1G3MR1,AWM1G3MB4,AWM1G3MW4,AWM1G3RG4,AWM1G3SL4,AWM1G3SP4,AWM1G3TL4,AWP1G3NK4,AWP1G3BR4,AWP1G3GG4,AWP1G3BL4,AWP1G3TM4"
AWC1G2SN4,"One-Gang Screwless Wall Plate, Satin Nickel",One-Gang,"AWC1G2SN4.jpg,AWC1G2SN4_2.jpg,AWC1G2SN4_3.jpg,AWC1G2SN4_4.jpg,AWC1G2SN4_5.jpg,AWC1G2SN4_6.jpg",5.13 in H x 3.45 in W x 0.35 in L,0.61,0.02,1,1,adorne,adorne,Cast Metal Wall Plate,N,29.93,,54.41,54.41,34.69,63.08,63.08,785007023619,Satin Nickel,Mexico,Y,Fedex or Truck,UNIT,,,,,,,,,,,,,,"AWC1G2BLN4,AWC1G2BBN4,AWC1G2BSB4,AWC1G2BS4,AWC1G2COF4,AWC1G2MAC4,AWC1G2SBL4,AWC1G2SN4,AWM1G2BLS4,AWM1G2MS4,AWM1G2CU4,AWM1G2MA4,AWM1G2MR1,AWM1G2MB4,AWM1G2MW4,AWM1G2RG4,AWM1G2SL4,AWM1G2SP4,AWM1G2TL4,AWP1G2NK4,AWP1G2BL6"
AWC2GSN4,"Two-Gang Screwless Wall Plate, Satin Nickel",Two-Gang,"AWC2GSN4.jpg,AWC2GSN4_2.jpg,AWC2GSN4_3.jpg,AWC2GSN4_4.jpg,AWC2GSN4_5.jpg,AWC2GSN4_6.jpg",5.13 in H x 5.29 in W x 0.35 in L,1.08,0.03,1,1,adorne,adorne,Cast Metal Wall Plate,N,50.53,,91.87,91.87,58.01,105.48,105.48,785007024159,Satin Nickel,Mexico,Y,Fedex or Truck,UNIT,,,,,,,,,,,,,,"AWC2GBLN4,AWC2GBSB4,AWC2GBS4,AWC2GCOF4,AWC2GMAC4,AWC2GSBL4,AWC2GSN4,AWM2GBLS4,AWM2GMS4,AWM2GCU4,AWM2GMA4,AWM2GMR1,AWM2GMB4,AWM2GMW4,AWM2GRG4,AWM2GSL4,AWM2GSP4,AWM2GTL4,AWP2GNK4,AWP2GBR4,AWP2GGG4,AWP2GTM4"
AWC3GSN4,"Three-Gang Screwless Wall Plate, Satin Nickel",Three-Gang,"AWC3GSN4.jpg,AWC3GSN4_2.jpg,AWC3GSN4_3.jpg,AWC3GSN4_4.jpg,AWC3GSN4_5.jpg,AWC3GSN4_6.jpg",5.13 in H x 7.06 in W x 0.35 in L,1.4,0.04,1,1,adorne,adorne,Cast Metal Wall Plate,N,70.02,,127.31,127.31,80.95,147.18,147.18,785007024364,Satin Nickel,Mexico,Y,Fedex or Truck,UNIT,,,,,,,,,,,,,,"AWC3GBLN4,AWC3GBBN4,AWC3GBSB4,AWC3GBS4,AWC3GCOF4,AWC3GMAC4,AWC3GSBL4,AWC3GSN4,AWM3GBLS4,AWM3GMS4,AWM3GCU4,AWM3GMA4,AWM3GMR1,AWM3GMB4,AWM3GMW4,AWM3GRG4,AWM3GSL4,AWM3GSP4,AWM3GTL4,AWP3GNK4,AWP3GBR4,AWP3GGG4,AWP3GBL4,AWP3GTM4"
AWC4GSN4,"Four-Gang Screwless Wall Plate, Satin Nickel",Four-Gang,"AWC4GSN4.jpg,AWC4GSN4_2.jpg,AWC4GSN4_3.jpg,AWC4GSN4_4.jpg,AWC4GSN4_5.jpg,AWC4GSN4_6.jpg",5.13 in H x 8.88 in W x 0.35 in L,1.72,0.05,1,1,adorne,adorne,Cast Metal Wall Plate,N,89.00,,161.81,161.81,103.88,188.88,188.88,785007024388,Satin Nickel,Mexico,Y,Fedex or Truck,UNIT,,,,,,,,,,,,,,"AWC4GBLN4,AWC4GBSB4,AWC4GBS4,AWC4GCOF4,AWC4GMAC4,AWC4GSBL4,AWC4GSN4,AWM4GBLS4,AWM4GMS4,AWM4GCU4,AWM4GMA4,AWM4GMR1,AWM4GMB4,AWM4GMW4,AWM4GRG4,AWM4GSL4,AWM4GSP4,AWM4GTL4,AWP4GNK4,AWP4GBR4,AWP4GGG4,AWP4GBL4,AWP4GTM4"
AWM1G3BLS4,"One-Gang-Plus Screwless Wall, Black Stainless",One-Gang-Plus,"AWM1G3BLS4.jpg,AWM1G3BLS4_2.jpg",5.13 in H x 3.45 in W x 0.35 in L,0.31,0.01,1,1,adorne,adorne,Cast Metal Wall Plate,N,26.57,,48.30,48.30,30.57,55.58,55.58,785007262292,Black Stainless,Mexico,Y,Fedex or Truck,UNIT,,,,,,,,,,,,,,"AWC1G3BSB4,AWC1G3BS4,AWC1G3COF4,AWC1G3MAC4,AWC1G3SBL4,AWC1G3SN4,AWM1G3BLS4,AWM1G3MS4,AWM1G3CU4,AWM1G3MA4,AWM1G3MR1,AWM1G3MB4,AWM1G3MW4,AWM1G3RG4,AWM1G3SL4,AWM1G3SP4,AWM1G3TL4,AWP1G3NK4,AWP1G3BR4,AWP1G3GG4,AWP1G3BL4,AWP1G3TM4"
AWM1G2BLS4,"One-Gang Screwless Wall Plate, Black Stainless",One-Gang,"AWM1G2BLS4.jpg,AWM1G2BLS4_2.jpg",5.13 in H x 3.45 in W x 0.35 in L,0.31,0.01,1,1,adorne,adorne,Cast Metal Wall Plate,N,26.57,,48.30,48.30,30.57,55.58,55.58,785007262308,Black Stainless,Mexico,Y,Fedex or Truck,UNIT,,,,,,,,,,,,,,"AWC1G2BLN4,AWC1G2BBN4,AWC1G2BSB4,AWC1G2BS4,AWC1G2COF4,AWC1G2MAC4,AWC1G2SBL4,AWC1G2SN4,AWM1G2BLS4,AWM1G2MS4,AWM1G2CU4,AWM1G2MA4,AWM1G2MR1,AWM1G2MB4,AWM1G2MW4,AWM1G2RG4,AWM1G2SL4,AWM1G2SP4,AWM1G2TL4,AWP1G2NK4,AWP1G2BL6"
AWM2GBLS4,"Two-Gang Screwless Wall Plate, Black Stainless",Two-Gang,"AWM2GBLS4.jpg,AWM2GBLS4_2.jpg",5.13 in H x 5.29 in W x 0.35 in L,0.44,0.02,1,1,adorne,adorne,Cast Metal Wall Plate,N,43.31,,78.75,78.75,49.82,90.58,90.58,785007262315,Black Stainless,Mexico,Y,Fedex or Truck,UNIT,,,,,,,,,,,,,,"AWC2GBLN4,AWC2GBSB4,AWC2GBS4,AWC2GCOF4,AWC2GMAC4,AWC2GSBL4,AWC2GSN4,AWM2GBLS4,AWM2GMS4,AWM2GCU4,AWM2GMA4,AWM2GMR1,AWM2GMB4,AWM2GMW4,AWM2GRG4,AWM2GSL4,AWM2GSP4,AWM2GTL4,AWP2GNK4,AWP2GBR4,AWP2GGG4,AWP2GTM4"
AWM3GBLS4,"Three-Gang Screwless Wall Plate, Black Stainless",Three-Gang,"AWM3GBLS4.jpg,AWM3GBLS4_2.jpg",5.13 in H x 7.06 in W x 0.35 in L,0.59,0.02,1,1,adorne,adorne,Cast Metal Wall Plate,N,60.08,,109.23,109.23,69.45,126.28,126.28,785007262322,Black Stainless,Mexico,Y,Fedex or Truck,UNIT,,,,,,,,,,,,,,"AWC3GBLN4,AWC3GBBN4,AWC3GBSB4,AWC3GBS4,AWC3GCOF4,AWC3GMAC4,AWC3GSBL4,AWC3GSN4,AWM3GBLS4,AWM3GMS4,AWM3GCU4,AWM3GMA4,AWM3GMR1,AWM3GMB4,AWM3GMW4,AWM3GRG4,AWM3GSL4,AWM3GSP4,AWM3GTL4,AWP3GNK4,AWP3GBR4,AWP3GGG4,AWP3GBL4,AWP3GTM4"
AWM4GBLS4,"Four-Gang Screwless Wall Plate, Black Stainless",Four-Gang,"AWM4GBLS4.jpg,AWM4GBLS4_2.jpg",5.13 in H x 8.88 in W x 0.35 in L,0.7,0.03,1,1,adorne,adorne,Cast Metal Wall Plate,N,81.58,,148.32,148.32,93.98,170.88,170.88,785007262339,Black Stainless,Mexico,Y,Fedex or Truck,UNIT,,,,,,,,,,,,,,"AWC4GBLN4,AWC4GBSB4,AWC4GBS4,AWC4GCOF4,AWC4GMAC4,AWC4GSBL4,AWC4GSN4,AWM4GBLS4,AWM4GMS4,AWM4GCU4,AWM4GMA4,AWM4GMR1,AWM4GMB4,AWM4GMW4,AWM4GRG4,AWM4GSL4,AWM4GSP4,AWM4GTL4,AWP4GNK4,AWP4GBR4,AWP4GGG4,AWP4GBL4,AWP4GTM4"
AWM1G3MS4,"One-Gang-Plus Screwless Wall, Brushed Stainless",One-Gang-Plus,"AWM1G3MS4.jpg,AWM1G3MS4_2.jpg,AWM1G3MS4_3.jpg,AWM1G3MS4_4.jpg,AWM1G3MS4_5.jpg,AWM1G3MS4_6.jpg",5.13 in H x 3.45 in W x 0.35 in L,0.43,0.02,1,1,adorne,adorne,Cast Metal Wall Plate,N,28.95,,52.63,52.63,33.54,60.98,60.98,785007023732,Brushed Stainless,Mexico,Y,Fedex or Truck,UNIT,,,,,,,,,,,,,,"AWC1G3BSB4,AWC1G3BS4,AWC1G3COF4,AWC1G3MAC4,AWC1G3SBL4,AWC1G3SN4,AWM1G3BLS4,AWM1G3MS4,AWM1G3CU4,AWM1G3MA4,AWM1G3MR1,AWM1G3MB4,AWM1G3MW4,AWM1G3RG4,AWM1G3SL4,AWM1G3SP4,AWM1G3TL4,AWP1G3NK4,AWP1G3BR4,AWP1G3GG4,AWP1G3BL4,AWP1G3TM4"
AWM1G2MS4,"One-Gang Screwless Wall Plate, Brushed Stainless",One-Gang,"AWM1G2MS4.jpg,AWM1G2MS4_2.jpg,AWM1G2MS4_3.jpg,AWM1G2MS4_4.jpg,AWM1G2MS4_5.jpg,AWM1G2MS4_6.jpg",5.13 in H x 3.45 in W x 0.35 in L,0.45,0.02,1,1,adorne,adorne,Cast Metal Wall Plate,N,30.59,,55.62,55.62,35.52,64.58,64.58,785007024258,Brushed Stainless,Mexico,Y,Fedex or Truck,UNIT,,,,,,,,,,,,,,"AWC1G2BLN4,AWC1G2BBN4,AWC1G2BSB4,AWC1G2BS4,AWC1G2COF4,AWC1G2MAC4,AWC1G2SBL4,AWC1G2SN4,AWM1G2BLS4,AWM1G2MS4,AWM1G2CU4,AWM1G2MA4,AWM1G2MR1,AWM1G2MB4,AWM1G2MW4,AWM1G2RG4,AWM1G2SL4,AWM1G2SP4,AWM1G2TL4,AWP1G2NK4,AWP1G2BL6"
AWM2GMS4,"Two-Gang Screwless Wall Plate, Brushed Stainless",Two-Gang,"AWM2GMS4.jpg,AWM2GMS4_2.jpg,AWM2GMS4_3.jpg,AWM2GMS4_4.jpg,AWM2GMS4_5.jpg,AWM2GMS4_6.jpg",5.13 in H x 5.29 in W x 0.35 in L,0.76,0.03,1,1,adorne,adorne,Cast Metal Wall Plate,N,49.45,,89.90,89.90,56.80,103.28,103.28,785007024876,Brushed Stainless,Mexico,Y,Fedex or Truck,UNIT,,,,,,,,,,,,,,"AWC2GBLN4,AWC2GBSB4,AWC2GBS4,AWC2GCOF4,AWC2GMAC4,AWC2GSBL4,AWC2GSN4,AWM2GBLS4,AWM2GMS4,AWM2GCU4,AWM2GMA4,AWM2GMR1,AWM2GMB4,AWM2GMW4,AWM2GRG4,AWM2GSL4,AWM2GSP4,AWM2GTL4,AWP2GNK4,AWP2GBR4,AWP2GGG4,AWP2GTM4"
AWM3GMS4,"Three-Gang Screwless Wall Plate, Brushed Stainless",Three-Gang,"AWM3GMS4.jpg,AWM3GMS4_2.jpg,AWM3GMS4_3.jpg,AWM3GMS4_4.jpg,AWM3GMS4_5.jpg,AWM3GMS4_6.jpg",5.13 in H x 7.06 in W x 0.35 in L,0.98,0.04,1,1,adorne,adorne,Cast Metal Wall Plate,N,66.25,,120.46,120.46,76.60,139.28,139.28,785007023879,Brushed Stainless,Mexico,Y,Fedex or Truck,UNIT,,,,,,,,,,,,,,"AWC3GBLN4,AWC3GBBN4,AWC3GBSB4,AWC3GBS4,AWC3GCOF4,AWC3GMAC4,AWC3GSBL4,AWC3GSN4,AWM3GBLS4,AWM3GMS4,AWM3GCU4,AWM3GMA4,AWM3GMR1,AWM3GMB4,AWM3GMW4,AWM3GRG4,AWM3GSL4,AWM3GSP4,AWM3GTL4,AWP3GNK4,AWP3GBR4,AWP3GGG4,AWP3GBL4,AWP3GTM4"
AWM4GMS4,"Four-Gang Screwless Wall Plate, Brushed Stainless",Four-Gang,"AWM4GMS4.jpg,AWM4GMS4_2.jpg,AWM4GMS4_3.jpg,AWM4GMS4_4.jpg,AWM4GMS4_5.jpg,AWM4GMS4_6.jpg",5.13 in H x 8.88 in W x 0.35 in L,1.22,0.05,1,1,adorne,adorne,Cast Metal Wall Plate,N,89.00,,161.81,161.81,103.88,188.88,188.88,785007024449,Brushed Stainless,Mexico,Y,Fedex or Truck,UNIT,,,,,,,,,,,,,,"AWC4GBLN4,AWC4GBSB4,AWC4GBS4,AWC4GCOF4,AWC4GMAC4,AWC4GSBL4,AWC4GSN4,AWM4GBLS4,AWM4GMS4,AWM4GCU4,AWM4GMA4,AWM4GMR1,AWM4GMB4,AWM4GMW4,AWM4GRG4,AWM4GSL4,AWM4GSP4,AWM4GTL4,AWP4GNK4,AWP4GBR4,AWP4GGG4,AWP4GBL4,AWP4GTM4"
AWM1G3CU4,"One-Gang-Plus Screwless Wall Plate, Copper",One-Gang-Plus,"AWM1G3CU4.jpg,AWM1G3CU4_2.jpg",5.13 in H x 3.45 in W x 0.35 in L,0.3,0.01,1,1,adorne,adorne,Cast Metal Wall Plate,N,30.20,,54.90,54.90,34.75,63.18,63.18,785007271041,Copper,Mexico,Y,Fedex or Truck,UNIT,,,,,,,,,,,,,,"AWC1G3BSB4,AWC1G3BS4,AWC1G3COF4,AWC1G3MAC4,AWC1G3SBL4,AWC1G3SN4,AWM1G3BLS4,AWM1G3MS4,AWM1G3CU4,AWM1G3MA4,AWM1G3MR1,AWM1G3MB4,AWM1G3MW4,AWM1G3RG4,AWM1G3SL4,AWM1G3SP4,AWM1G3TL4,AWP1G3NK4,AWP1G3BR4,AWP1G3GG4,AWP1G3BL4,AWP1G3TM4"
AWM1G2CU4,"One-Gang Screwless Wall Plate, Copper",One-Gang,"AWM1G2CU4.jpg,AWM1G2CU4_2.jpg",5.13 in H x 3.45 in W x 0.35 in L,0.3,0.01,1,1,adorne,adorne,Cast Metal Wall Plate,N,26.57,,48.31,48.31,30.57,55.58,55.58,785007271058,Copper,Mexico,Y,Fedex or Truck,UNIT,,,,,,,,,,,,,,"AWC1G2BLN4,AWC1G2BBN4,AWC1G2BSB4,AWC1G2BS4,AWC1G2COF4,AWC1G2MAC4,AWC1G2SBL4,AWC1G2SN4,AWM1G2BLS4,AWM1G2MS4,AWM1G2CU4,AWM1G2MA4,AWM1G2MR1,AWM1G2MB4,AWM1G2MW4,AWM1G2RG4,AWM1G2SL4,AWM1G2SP4,AWM1G2TL4,AWP1G2NK4,AWP1G2BL6"
AWM2GCU4,"Two-Gang Screwless Wall Plate, Copper",Two-Gang,"AWM2GCU4.jpg,AWM2GCU4_2.jpg",5.13 in H x 5.29 in W x 0.35 in L,0.4,0.02,1,1,adorne,adorne,Cast Metal Wall Plate,N,49.20,,89.46,89.46,56.64,102.98,102.98,785007271065,Copper,Mexico,Y,Fedex or Truck,UNIT,,,,,,,,,,,,,,"AWC2GBLN4,AWC2GBSB4,AWC2GBS4,AWC2GCOF4,AWC2GMAC4,AWC2GSBL4,AWC2GSN4,AWM2GBLS4,AWM2GMS4,AWM2GCU4,AWM2GMA4,AWM2GMR1,AWM2GMB4,AWM2GMW4,AWM2GRG4,AWM2GSL4,AWM2GSP4,AWM2GTL4,AWP2GNK4,AWP2GBR4,AWP2GGG4,AWP2GTM4"
AWM3GCU4,"Three-Gang Screwless Wall Plate, Copper",Three-Gang,AWM3GCU4.jpg,5.13 in H x 7.06 in W x 0.35 in L,0.5,0.02,1,1,adorne,adorne,Cast Metal Wall Plate,N,68.27,,124.12,124.12,78.91,143.48,143.48,785007271072,Copper,Mexico,Y,Fedex or Truck,UNIT,,,,,,,,,,,,,,"AWC3GBLN4,AWC3GBBN4,AWC3GBSB4,AWC3GBS4,AWC3GCOF4,AWC3GMAC4,AWC3GSBL4,AWC3GSN4,AWM3GBLS4,AWM3GMS4,AWM3GCU4,AWM3GMA4,AWM3GMR1,AWM3GMB4,AWM3GMW4,AWM3GRG4,AWM3GSL4,AWM3GSP4,AWM3GTL4,AWP3GNK4,AWP3GBR4,AWP3GGG4,AWP3GBL4,AWP3GTM4"
AWM4GCU4,"Four-Gang Screwless Wall Plate, Copper",Four-Gang,AWM4GCU4.jpg,5.13 in H x 8.88 in W x 0.35 in L,0.5,0.02,1,1,adorne,adorne,Cast Metal Wall Plate,N,87.71,,159.48,159.48,101.02,183.68,183.68,785007271089,Copper,Mexico,Y,Fedex or Truck,UNIT,,,,,,,,,,,,,,"AWC4GBLN4,AWC4GBSB4,AWC4GBS4,AWC4GCOF4,AWC4GMAC4,AWC4GSBL4,AWC4GSN4,AWM4GBLS4,AWM4GMS4,AWM4GCU4,AWM4GMA4,AWM4GMR1,AWM4GMB4,AWM4GMW4,AWM4GRG4,AWM4GSL4,AWM4GSP4,AWM4GTL4,AWP4GNK4,AWP4GBR4,AWP4GGG4,AWP4GBL4,AWP4GTM4"
AWM1G3MA4,"One-Gang-Plus Screwless Wall Plate, Macassar",One-Gang-Plus,"AWM1G3MA4.jpg,AWM1G3MA4_2.jpg,AWM1G3MA4_3.jpg,AWM1G3MA4_4.jpg",5.13 in H x 3.45 in W x 0.35 in L,0.31,0.01,1,1,adorne,adorne,Real Materials Wall Plate,N,26.57,,48.30,48.30,30.57,55.58,55.58,785007261974,Macassar,Mexico,Y,Fedex or Truck,UNIT,,,,,,,,,,,,,,"AWC1G3BSB4,AWC1G3BS4,AWC1G3COF4,AWC1G3MAC4,AWC1G3SBL4,AWC1G3SN4,AWM1G3BLS4,AWM1G3MS4,AWM1G3CU4,AWM1G3MA4,AWM1G3MR1,AWM1G3MB4,AWM1G3MW4,AWM1G3RG4,AWM1G3SL4,AWM1G3SP4,AWM1G3TL4,AWP1G3NK4,AWP1G3BR4,AWP1G3GG4,AWP1G3BL4,AWP1G3TM4"
AWM1G2MA4,"One-Gang Screwless Wall Plate, Macassar",One-Gang,"AWM1G2MA4.jpg,AWM1G2MA4_2.jpg,AWM1G2MA4_3.jpg,AWM1G2MA4_4.jpg",5.13 in H x 3.45 in W x 0.35 in L,0.31,0.01,1,1,adorne,adorne,Real Materials Wall Plate,N,28.07,,51.04,51.04,32.33,58.78,58.78,785007262155,Macassar,Mexico,Y,Fedex or Truck,UNIT,,,,,,,,,,,,,,"AWC1G2BLN4,AWC1G2BBN4,AWC1G2BSB4,AWC1G2BS4,AWC1G2COF4,AWC1G2MAC4,AWC1G2SBL4,AWC1G2SN4,AWM1G2BLS4,AWM1G2MS4,AWM1G2CU4,AWM1G2MA4,AWM1G2MR1,AWM1G2MB4,AWM1G2MW4,AWM1G2RG4,AWM1G2SL4,AWM1G2SP4,AWM1G2TL4,AWP1G2NK4,AWP1G2BL6"
AWM2GMA4,"Two-Gang Screwless Wall Plate, Macassar",Two-Gang,"AWM2GMA4.jpg,AWM2GMA4_2.jpg,AWM2GMA4_3.jpg,AWM2GMA4_4.jpg",5.13 in H x 5.29 in W x 0.35 in L,0.44,0.02,1,1,adorne,adorne,Real Materials Wall Plate,N,43.31,,78.75,78.75,49.82,90.58,90.58,785007262162,Macassar,Mexico,Y,Fedex or Truck,UNIT,,,,,,,,,,,,,,"AWC2GBLN4,AWC2GBSB4,AWC2GBS4,AWC2GCOF4,AWC2GMAC4,AWC2GSBL4,AWC2GSN4,AWM2GBLS4,AWM2GMS4,AWM2GCU4,AWM2GMA4,AWM2GMR1,AWM2GMB4,AWM2GMW4,AWM2GRG4,AWM2GSL4,AWM2GSP4,AWM2GTL4,AWP2GNK4,AWP2GBR4,AWP2GGG4,AWP2GTM4"
AWM3GMA4,"Three-Gang Screwless Wall Plate, Macassar",Three-Gang,"AWM3GMA4.jpg,AWM3GMA4_2.jpg,AWM3GMA4_3.jpg,AWM3GMA4_4.jpg",5.13 in H x 7.06 in W x 0.35 in L,0.59,0.02,1,1,adorne,adorne,Real Materials Wall Plate,N,60.08,,109.23,109.23,69.45,126.28,126.28,785007262179,Macassar,Mexico,Y,Fedex or Truck,UNIT,,,,,,,,,,,,,,"AWC3GBLN4,AWC3GBBN4,AWC3GBSB4,AWC3GBS4,AWC3GCOF4,AWC3GMAC4,AWC3GSBL4,AWC3GSN4,AWM3GBLS4,AWM3GMS4,AWM3GCU4,AWM3GMA4,AWM3GMR1,AWM3GMB4,AWM3GMW4,AWM3GRG4,AWM3GSL4,AWM3GSP4,AWM3GTL4,AWP3GNK4,AWP3GBR4,AWP3GGG4,AWP3GBL4,AWP3GTM4"
AWM4GMA4,"Four-Gang Screwless Wall Plate, Macassar",Four-Gang,"AWM4GMA4.jpg,AWM4GMA4_2.jpg,AWM4GMA4_3.jpg,AWM4GMA4_4.jpg",5.13 in H x 8.88 in W x 0.35 in L,0.7,0.03,1,1,adorne,adorne,Real Materials Wall Plate,N,77.19,,140.34,140.34,88.92,161.68,161.68,785007262186,Macassar,Mexico,Y,Fedex or Truck,UNIT,,,,,,,,,,,,,,"AWC4GBLN4,AWC4GBSB4,AWC4GBS4,AWC4GCOF4,AWC4GMAC4,AWC4GSBL4,AWC4GSN4,AWM4GBLS4,AWM4GMS4,AWM4GCU4,AWM4GMA4,AWM4GMR1,AWM4GMB4,AWM4GMW4,AWM4GRG4,AWM4GSL4,AWM4GSP4,AWM4GTL4,AWP4GNK4,AWP4GBR4,AWP4GGG4,AWP4GBL4,AWP4GTM4"
AWM1G3M4,"Custom One-Gang-Plus Screwless Wall, Magnesium",Custom One-,"AWM1G3M4.jpg,AWM1G3M4_2.jpg,AWM1G3M4_3.jpg,AWM1G3M4_4.jpg,AWM1G3M4_5.jpg",5.13 in H x 3.45 in W x 0.35 in L,0.35,0.02,1,1,adorne,adorne,Real Materials Wall Plate,N,15.99,,29.08,29.08,17.97,32.68,32.68,785007023886,Magnesium,Mexico,Y,Fedex or Truck,UNIT,,,,,,,,,,,,,,"AWM1G3M4,AWM1G3W4"
AWM1G2M4,"Custom One-Gang Screwless Wall Plate, Magnesium",Custom One-,"AWM1G2M4.jpg,AWM1G2M4_2.jpg,AWM1G2M4_3.jpg,AWM1G2M4_4.jpg,AWM1G2M4_5.jpg,AWM1G2M4_6.jpg",5.13 in H x 3.45 in W x 0.35 in L,0.36,0.02,1,1,adorne,adorne,Real Materials Wall Plate,N,15.99,,29.08,29.08,18.58,33.78,33.78,785007024579,Magnesium,Mexico,Y,Fedex or Truck,UNIT,,,,,,,,,,,,,,"AWM1G2M4,AWM1G2W4"
AWM2GM4,"Custom Two-Gang Screwless Wall Plate, Magnesium",Custom Two-,"AWM2GM4.jpg,AWM2GM4_2.jpg,AWM2GM4_3.jpg,AWM2GM4_4.jpg,AWM2GM4_5.jpg,AWM2GM4_6.jpg",5.13 in H x 5.29 in W x 0.35 in L,0.56,0.03,1,1,adorne,adorne,Real Materials Wall Plate,N,23.79,,43.26,43.26,28.59,51.98,51.98,785007023794,Magnesium,Mexico,Y,Fedex or Truck,UNIT,,,,,,,,,,,,,,"AWM2GM4,AWM2GW4"
AWM3GM4,"Custom Three-Gang Screwless Wall, Magnesium",Custom Three-,"AWM3GM4.jpg,AWM3GM4_2.jpg,AWM3GM4_3.jpg,AWM3GM4_4.jpg,AWM3GM4_5.jpg,AWM3GM4_6.jpg",5.13 in H x 7.06 in W x 0.35 in L,0.7,0.04,1,1,adorne,adorne,Real Materials Wall Plate,N,35.41,,64.39,64.39,41.29,75.08,75.08,785007024234,Magnesium,Mexico,Y,Fedex or Truck,UNIT,,,,,,,,,,,,,,"AWM3GM4,AWM3GW4"
AWM4GM4,"Custom Four-Gang Screwless Wall, Magnesium",Custom Four-,"AWM4GM4.jpg,AWM4GM4_2.jpg,AWM4GM4_3.jpg,AWM4GM4_4.jpg,AWM4GM4_5.jpg,AWM4GM4_6.jpg",5.13 in H x 8.88 in W x 0.35 in L,0.86,0.05,1,1,adorne,adorne,Real Materials Wall Plate,N,42.49,,77.25,77.25,53.45,97.18,97.18,785007024715,Magnesium,Mexico,Y,Fedex or Truck,UNIT,,,,,,,,,,,,,,"AWM4GM4,AWM4GW4"
AWM1G2MR1,"One-Gang Screwless Wall Plate, Mirror",One-Gang,AWM1G2MR1.jpg,5.13 in H x 3.45 in W x 0.35 in L,0.45,0.02,1,1,adorne,adorne,Real Materials Wall Plate,N,36.32,,66.03,66.03,40.63,73.88,73.88,785007110029,Mirror,Mexico,Y,Fedex or Truck,MASTER,,,,,,,,,,,,,,"AWC1G2BLN4,AWC1G2BBN4,AWC1G2BSB4,AWC1G2BS4,AWC1G2COF4,AWC1G2MAC4,AWC1G2SBL4,AWC1G2SN4,AWM1G2BLS4,AWM1G2MS4,AWM1G2CU4,AWM1G2MA4,AWM1G2MR1,AWM1G2MB4,AWM1G2MW4,AWM1G2RG4,AWM1G2SL4,AWM1G2SP4,AWM1G2TL4,AWP1G2NK4,AWP1G2BL6"
AWM1G3MR1,"One-Gang-Plus Screwless Wall Plate, Mirror",One-Gang-Plus,AWM1G3MR1.jpg,5.13 in H x 3.45 in W x 0.35 in L,0.43,0.02,1,1,adorne,adorne,Real Materials Wall Plate,N,37.11,,67.48,67.48,41.57,75.58,75.58,785007110067,Mirror,Mexico,Y,Fedex or Truck,MASTER,,,,,,,,,,,,,,"AWC1G3BSB4,AWC1G3BS4,AWC1G3COF4,AWC1G3MAC4,AWC1G3SBL4,AWC1G3SN4,AWM1G3BLS4,AWM1G3MS4,AWM1G3CU4,AWM1G3MA4,AWM1G3MR1,AWM1G3MB4,AWM1G3MW4,AWM1G3RG4,AWM1G3SL4,AWM1G3SP4,AWM1G3TL4,AWP1G3NK4,AWP1G3BR4,AWP1G3GG4,AWP1G3BL4,AWP1G3TM4"
AWM2GMR1,"Two-Gang Screwless Wall Plate, Mirror",Two-Gang,"AWM2GMR1.jpg,AWM2GMR1_2.jpg",5.13 in H x 5.29 in W x 0.35 in L,0.76,0.02,1,1,adorne,adorne,Real Materials Wall Plate,N,60.02,,109.12,109.12,67.31,122.38,122.38,785007110036,Mirror,Mexico,Y,Fedex or Truck,MASTER,,,,,,,,,,,,,,"AWC2GBLN4,AWC2GBSB4,AWC2GBS4,AWC2GCOF4,AWC2GMAC4,AWC2GSBL4,AWC2GSN4,AWM2GBLS4,AWM2GMS4,AWM2GCU4,AWM2GMA4,AWM2GMR1,AWM2GMB4,AWM2GMW4,AWM2GRG4,AWM2GSL4,AWM2GSP4,AWM2GTL4,AWP2GNK4,AWP2GBR4,AWP2GGG4,AWP2GTM4"
AWM3GMR1,"Three-Gang Screwless Wall Plate, Mirror",Three-Gang,AWM3GMR1.jpg,5.13 in H x 7.06 in W x 0.35 in L,0.98,0.05,1,1,adorne,adorne,Real Materials Wall Plate,N,79.30,,144.18,144.18,88.92,161.68,161.68,785007110043,Mirror,Mexico,Y,Fedex or Truck,MASTER,,,,,,,,,,,,,,"AWC3GBLN4,AWC3GBBN4,AWC3GBSB4,AWC3GBS4,AWC3GCOF4,AWC3GMAC4,AWC3GSBL4,AWC3GSN4,AWM3GBLS4,AWM3GMS4,AWM3GCU4,AWM3GMA4,AWM3GMR1,AWM3GMB4,AWM3GMW4,AWM3GRG4,AWM3GSL4,AWM3GSP4,AWM3GTL4,AWP3GNK4,AWP3GBR4,AWP3GGG4,AWP3GBL4,AWP3GTM4"
AWM4GMR1,"Four-Gang Screwless Wall Plate, Mirror",Four-Gang,AWM4GMR1.jpg,5.13 in H x 8.88 in W x 0.35 in L,1.22,0.05,1,1,adorne,adorne,Real Materials Wall Plate,N,101.73,,184.96,184.96,114.28,207.78,207.78,785007110050,Mirror,Mexico,Y,Fedex or Truck,MASTER,,,,,,,,,,,,,,"AWC4GBLN4,AWC4GBSB4,AWC4GBS4,AWC4GCOF4,AWC4GMAC4,AWC4GSBL4,AWC4GSN4,AWM4GBLS4,AWM4GMS4,AWM4GCU4,AWM4GMA4,AWM4GMR1,AWM4GMB4,AWM4GMW4,AWM4GRG4,AWM4GSL4,AWM4GSP4,AWM4GTL4,AWP4GNK4,AWP4GBR4,AWP4GGG4,AWP4GBL4,AWP4GTM4"
AWM1G3MB4,"One-Gang-Plus Screwless Wall Plate, Mirror Black",One-Gang-Plus,"AWM1G3MB4.jpg,AWM1G3MB4_2.jpg,AWM1G3MB4_3.jpg,AWM1G3MB4_4.jpg,AWM1G3MB4_5.jpg,AWM1G3MB4_6.jpg",5.13 in H x 3.45 in W x 0.35 in L,0.43,0.02,1,1,adorne,adorne,Real Materials Wall Plate,N,26.31,,47.84,47.84,31.28,56.88,56.88,785007024500,Mirror Black,Mexico,Y,Fedex or Truck,UNIT,,,,,,,,,,,,,,"AWC1G3BSB4,AWC1G3BS4,AWC1G3COF4,AWC1G3MAC4,AWC1G3SBL4,AWC1G3SN4,AWM1G3BLS4,AWM1G3MS4,AWM1G3CU4,AWM1G3MA4,AWM1G3MR1,AWM1G3MB4,AWM1G3MW4,AWM1G3RG4,AWM1G3SL4,AWM1G3SP4,AWM1G3TL4,AWP1G3NK4,AWP1G3BR4,AWP1G3GG4,AWP1G3BL4,AWP1G3TM4"
AWM1G2MB4,"One-Gang Screwless Wall Plate, Mirror Black",One-Gang,"AWM1G2MB4.jpg,AWM1G2MB4_2.jpg,AWM1G2MB4_3.jpg,AWM1G2MB4_4.jpg,AWM1G2MB4_5.jpg,AWM1G2MB4_6.jpg",5.13 in H x 3.45 in W x 0.35 in L,0.45,0.02,1,1,adorne,adorne,Real Materials Wall Plate,N,27.19,,49.43,49.43,32.33,58.78,58.78,785007023954,Mirror Black,Mexico,Y,Fedex or Truck,UNIT,,,,,,,,,,,,,,"AWC1G2BLN4,AWC1G2BBN4,AWC1G2BSB4,AWC1G2BS4,AWC1G2COF4,AWC1G2MAC4,AWC1G2SBL4,AWC1G2SN4,AWM1G2BLS4,AWM1G2MS4,AWM1G2CU4,AWM1G2MA4,AWM1G2MR1,AWM1G2MB4,AWM1G2MW4,AWM1G2RG4,AWM1G2SL4,AWM1G2SP4,AWM1G2TL4,AWP1G2NK4,AWP1G2BL6"
AWM2GMB4,"Two-Gang Screwless Wall Plate, Mirror Black",Two-Gang,"AWM2GMB4.jpg,AWM2GMB4_2.jpg,AWM2GMB4_3.jpg,AWM2GMB4_4.jpg,AWM2GMB4_5.jpg,AWM2GMB4_6.jpg",5.13 in H x 5.29 in W x 0.35 in L,0.76,0.03,1,1,adorne,adorne,Real Materials Wall Plate,N,41.92,,76.21,76.21,49.82,90.58,90.58,785007024142,Mirror Black,Mexico,Y,Fedex or Truck,UNIT,,,,,,,,,,,,,,"AWC2GBLN4,AWC2GBSB4,AWC2GBS4,AWC2GCOF4,AWC2GMAC4,AWC2GSBL4,AWC2GSN4,AWM2GBLS4,AWM2GMS4,AWM2GCU4,AWM2GMA4,AWM2GMR1,AWM2GMB4,AWM2GMW4,AWM2GRG4,AWM2GSL4,AWM2GSP4,AWM2GTL4,AWP2GNK4,AWP2GBR4,AWP2GGG4,AWP2GTM4"
AWM3GMB4,"Three-Gang Screwless Wall Plate, Mirror Black",Three-Gang,"AWM3GMB4.jpg,AWM3GMB4_2.jpg,AWM3GMB4_3.jpg,AWM3GMB4_4.jpg,AWM3GMB4_5.jpg,AWM3GMB4_6.jpg",5.13 in H x 7.06 in W x 0.35 in L,0.98,0.04,1,1,adorne,adorne,Real Materials Wall Plate,N,58.32,,106.04,106.04,69.45,126.28,126.28,785007024562,Mirror Black,Mexico,Y,Fedex or Truck,UNIT,,,,,,,,,,,,,,"AWC3GBLN4,AWC3GBBN4,AWC3GBSB4,AWC3GBS4,AWC3GCOF4,AWC3GMAC4,AWC3GSBL4,AWC3GSN4,AWM3GBLS4,AWM3GMS4,AWM3GCU4,AWM3GMA4,AWM3GMR1,AWM3GMB4,AWM3GMW4,AWM3GRG4,AWM3GSL4,AWM3GSP4,AWM3GTL4,AWP3GNK4,AWP3GBR4,AWP3GGG4,AWP3GBL4,AWP3GTM4"
AWM4GMB4,"Four-Gang Screwless Wall Plate, Mirror Black",Four-Gang,"AWM4GMB4.jpg,AWM4GMB4_2.jpg,AWM4GMB4_3.jpg,AWM4GMB4_4.jpg,AWM4GMB4_5.jpg,AWM4GMB4_6.jpg",5.13 in H x 8.88 in W x 0.35 in L,1.22,0.05,1,1,adorne,adorne,Real Materials Wall Plate,N,74.95,,136.28,136.28,88.92,161.68,161.68,785007024746,Mirror Black,Mexico,Y,Fedex or Truck,UNIT,,,,,,,,,,,,,,"AWC4GBLN4,AWC4GBSB4,AWC4GBS4,AWC4GCOF4,AWC4GMAC4,AWC4GSBL4,AWC4GSN4,AWM4GBLS4,AWM4GMS4,AWM4GCU4,AWM4GMA4,AWM4GMR1,AWM4GMB4,AWM4GMW4,AWM4GRG4,AWM4GSL4,AWM4GSP4,AWM4GTL4,AWP4GNK4,AWP4GBR4,AWP4GGG4,AWP4GBL4,AWP4GTM4"
AWM1G3MW4,"One-Gang-Plus Screwless Wall Plate, Mirror White",One-Gang-Plus,"AWM1G3MW4.jpg,AWM1G3MW4_2.jpg,AWM1G3MW4_3.jpg,AWM1G3MW4_4.jpg,AWM1G3MW4_5.jpg,AWM1G3MW4_6.jpg",5.13 in H x 3.45 in W x 0.35 in L,0.43,0.02,1,1,adorne,adorne,Real Materials Wall Plate,N,28.07,,51.04,51.04,32.33,58.78,58.78,785007024395,Mirror White,Mexico,Y,Fedex or Truck,UNIT,,,,,,,,,,,,,,"AWC1G3BSB4,AWC1G3BS4,AWC1G3COF4,AWC1G3MAC4,AWC1G3SBL4,AWC1G3SN4,AWM1G3BLS4,AWM1G3MS4,AWM1G3CU4,AWM1G3MA4,AWM1G3MR1,AWM1G3MB4,AWM1G3MW4,AWM1G3RG4,AWM1G3SL4,AWM1G3SP4,AWM1G3TL4,AWP1G3NK4,AWP1G3BR4,AWP1G3GG4,AWP1G3BL4,AWP1G3TM4"
AWM1G2MW4,"One-Gang Screwless Wall Plate, Mirror White",One-Gang,"AWM1G2MW4.jpg,AWM1G2MW4_2.jpg,AWM1G2MW4_3.jpg,AWM1G2MW4_4.jpg,AWM1G2MW4_5.jpg,AWM1G2MW4_6.jpg",5.13 in H x 3.45 in W x 0.35 in L,0.45,0.02,1,1,adorne,adorne,Real Materials Wall Plate,N,27.47,,49.94,49.94,31.61,57.48,57.48,785007023527,Mirror White,Mexico,Y,Fedex or Truck,UNIT,,,,,,,,,,,,,,"AWC1G2BLN4,AWC1G2BBN4,AWC1G2BSB4,AWC1G2BS4,AWC1G2COF4,AWC1G2MAC4,AWC1G2SBL4,AWC1G2SN4,AWM1G2BLS4,AWM1G2MS4,AWM1G2CU4,AWM1G2MA4,AWM1G2MR1,AWM1G2MB4,AWM1G2MW4,AWM1G2RG4,AWM1G2SL4,AWM1G2SP4,AWM1G2TL4,AWP1G2NK4,AWP1G2BL6"
AWM2GMW4,"Two-Gang Screwless Wall Plate, Mirror White",Two-Gang,"AWM2GMW4.jpg,AWM2GMW4_2.jpg,AWM2GMW4_3.jpg,AWM2GMW4_4.jpg,AWM2GMW4_5.jpg,AWM2GMW4_6.jpg",5.13 in H x 5.29 in W x 0.35 in L,0.76,0.03,1,1,adorne,adorne,Real Materials Wall Plate,N,41.84,,76.08,76.08,48.11,87.48,87.48,785007024456,Mirror White,Mexico,Y,Fedex or Truck,UNIT,,,,,,,,,,,,,,"AWC2GBLN4,AWC2GBSB4,AWC2GBS4,AWC2GCOF4,AWC2GMAC4,AWC2GSBL4,AWC2GSN4,AWM2GBLS4,AWM2GMS4,AWM2GCU4,AWM2GMA4,AWM2GMR1,AWM2GMB4,AWM2GMW4,AWM2GRG4,AWM2GSL4,AWM2GSP4,AWM2GTL4,AWP2GNK4,AWP2GBR4,AWP2GGG4,AWP2GTM4"
AWM3GMW4,"Three-Gang Screwless Wall Plate, Mirror White",Three-Gang,"AWM3GMW4.jpg,AWM3GMW4_2.jpg,AWM3GMW4_3.jpg,AWM3GMW4_4.jpg,AWM3GMW4_5.jpg,AWM3GMW4_6.jpg",5.13 in H x 7.06 in W x 0.35 in L,0.98,0.04,1,1,adorne,adorne,Real Materials Wall Plate,N,58.03,,105.51,105.51,67.09,121.98,121.98,785007024043,Mirror White,Mexico,Y,Fedex or Truck,UNIT,,,,,,,,,,,,,,"AWC3GBLN4,AWC3GBBN4,AWC3GBSB4,AWC3GBS4,AWC3GCOF4,AWC3GMAC4,AWC3GSBL4,AWC3GSN4,AWM3GBLS4,AWM3GMS4,AWM3GCU4,AWM3GMA4,AWM3GMR1,AWM3GMB4,AWM3GMW4,AWM3GRG4,AWM3GSL4,AWM3GSP4,AWM3GTL4,AWP3GNK4,AWP3GBR4,AWP3GGG4,AWP3GBL4,AWP3GTM4"
AWM4GMW4,"Four-Gang Screwless Wall Plate, Mirror White",Four-Gang,"AWM4GMW4.jpg,AWM4GMW4_2.jpg,AWM4GMW4_3.jpg,AWM4GMW4_4.jpg,AWM4GMW4_5.jpg,AWM4GMW4_6.jpg",5.13 in H x 8.88 in W x 0.35 in L,1.22,0.05,1,1,adorne,adorne,Real Materials Wall Plate,N,77.19,,140.34,140.34,88.92,161.68,161.68,785007024654,Mirror White,Mexico,Y,Fedex or Truck,UNIT,,,,,,,,,,,,,,"AWC4GBLN4,AWC4GBSB4,AWC4GBS4,AWC4GCOF4,AWC4GMAC4,AWC4GSBL4,AWC4GSN4,AWM4GBLS4,AWM4GMS4,AWM4GCU4,AWM4GMA4,AWM4GMR1,AWM4GMB4,AWM4GMW4,AWM4GRG4,AWM4GSL4,AWM4GSP4,AWM4GTL4,AWP4GNK4,AWP4GBR4,AWP4GGG4,AWP4GBL4,AWP4GTM4"
AWM1G3MWW4,"on-White One-Gang+ Screwless Wall, Mirror White",on-White One-,"AWM1G3MWW4.jpg,AWM1G3MWW4_2.jpg,AWM1G3MWW4_3.jpg,AWM1G3MWW4_4.jpg,AWM1G3MWW4_5.jpg,AWM1G3MWW4_6.jpg",5.13 in H x 3.45 in W x 0.35 in L,0.45,0.02,1,1,adorne,adorne,Real Materials Wall Plate,N,32.37,,58.85,58.85,37.22,67.68,67.68,785007035049,Mirror White,Mexico,Y,Fedex or Truck,UNIT,,,,,,,,,,,,,,
AWM1G2MWW4,"on-White One-Gang Screwless Wall, Mirror White",on-White One-,"AWM1G2MWW4.jpg,AWM1G2MWW4_2.jpg,AWM1G2MWW4_3.jpg,AWM1G2MWW4_4.jpg,AWM1G2MWW4_5.jpg,AWM1G2MWW4_6.jpg",5.13 in H x 3.45 in W x 0.35 in L,0.48,0.02,1,1,adorne,adorne,Real Materials Wall Plate,N,32.37,,58.85,58.85,37.22,67.68,67.68,785007034981,Mirror White,Mexico,Y,Fedex or Truck,UNIT,,,,,,,,,,,,,,
AWM2GMWW4,"on-White Two-Gang Wall Plate, Mirror White",on-White Two-,"AWM2GMWW4.jpg,AWM2GMWW4_2.jpg,AWM2GMWW4_3.jpg,AWM2GMWW4_4.jpg,AWM2GMWW4_5.jpg,AWM2GMWW4_6.jpg",5.13 in H x 5.29 in W x 0.35 in L,0.68,0.03,1,1,adorne,adorne,Real Materials Wall Plate,N,49.42,,89.86,89.86,55.54,100.98,100.98,785007035032,Mirror White,Mexico,Y,Fedex or Truck,UNIT,,,,,,,,,,,,,,
AWM3GMWW4,"on-White Three-Gang Screwless Wall, Mirror White",on-White Three-,"AWM3GMWW4.jpg,AWM3GMWW4_2.jpg,AWM3GMWW4_3.jpg,AWM3GMWW4_4.jpg,AWM3GMWW4_5.jpg,AWM3GMWW4_6.jpg",5.13 in H x 7.06 in W x 0.35 in L,0.85,0.04,1,1,adorne,adorne,Real Materials Wall Plate,N,69.06,,125.56,125.56,79.46,144.48,144.48,785007035018,Mirror White,Mexico,Y,Fedex or Truck,UNIT,,,,,,,,,,,,,,
AWM4GMWW4,"on-White Four-Gang Screwless Wall, Mirror White",on-White Four-,"AWM4GMWW4.jpg,AWM4GMWW4_2.jpg,AWM4GMWW4_3.jpg,AWM4GMWW4_4.jpg,AWM4GMWW4_5.jpg,AWM4GMWW4_6.jpg",5.13 in H x 8.88 in W x 0.35 in L,1.08,0.05,1,1,adorne,adorne,Real Materials Wall Plate,N,93.80,,170.54,170.54,107.68,195.78,195.78,785007035001,Mirror White,Mexico,Y,Fedex or Truck,UNIT,,,,,,,,,,,,,,
AWM1G3RG4,"One-Gang-Plus Screwless Wall Plate, Rustic Gray",One-Gang-Plus,"AWM1G3RG4.jpg,AWM1G3RG4_2.jpg,AWM1G3RG4_3.jpg",5.13 in H x 3.45 in W x 0.35 in L,0.31,0.01,1,1,adorne,adorne,Real Materials Wall Plate,N,26.57,,48.30,48.30,30.57,55.58,55.58,785007262193,Rustic Gray,Mexico,Y,Fedex or Truck,UNIT,,,,,,,,,,,,,,"AWC1G3BSB4,AWC1G3BS4,AWC1G3COF4,AWC1G3MAC4,AWC1G3SBL4,AWC1G3SN4,AWM1G3BLS4,AWM1G3MS4,AWM1G3CU4,AWM1G3MA4,AWM1G3MR1,AWM1G3MB4,AWM1G3MW4,AWM1G3RG4,AWM1G3SL4,AWM1G3SP4,AWM1G3TL4,AWP1G3NK4,AWP1G3BR4,AWP1G3GG4,AWP1G3BL4,AWP1G3TM4"
AWM1G2RG4,"One-Gang Screwless Wall Plate, Rustic Gray",One-Gang,"AWM1G2RG4.jpg,AWM1G2RG4_2.jpg,AWM1G2RG4_3.jpg,AWM1G2RG4_4.jpg,AWM1G2RG4_5.jpg",5.13 in H x 3.45 in W x 0.35 in L,0.31,0.01,1,1,adorne,adorne,Real Materials Wall Plate,N,28.07,,51.04,51.04,32.33,58.78,58.78,785007262209,Rustic Gray,Mexico,Y,Fedex or Truck,UNIT,,,,,,,,,,,,,,"AWC1G2BLN4,AWC1G2BBN4,AWC1G2BSB4,AWC1G2BS4,AWC1G2COF4,AWC1G2MAC4,AWC1G2SBL4,AWC1G2SN4,AWM1G2BLS4,AWM1G2MS4,AWM1G2CU4,AWM1G2MA4,AWM1G2MR1,AWM1G2MB4,AWM1G2MW4,AWM1G2RG4,AWM1G2SL4,AWM1G2SP4,AWM1G2TL4,AWP1G2NK4,AWP1G2BL6"
AWM2GRG4,"Two-Gang Screwless Wall Plate, Rustic Gray",Two-Gang,"AWM2GRG4.jpg,AWM2GRG4_2.jpg,AWM2GRG4_3.jpg",5.13 in H x 5.29 in W x 0.35 in L,0.44,0.02,1,1,adorne,adorne,Real Materials Wall Plate,N,45.78,,83.23,83.23,52.68,95.78,95.78,785007262216,Rustic Gray,Mexico,Y,Fedex or Truck,UNIT,,,,,,,,,,,,,,"AWC2GBLN4,AWC2GBSB4,AWC2GBS4,AWC2GCOF4,AWC2GMAC4,AWC2GSBL4,AWC2GSN4,AWM2GBLS4,AWM2GMS4,AWM2GCU4,AWM2GMA4,AWM2GMR1,AWM2GMB4,AWM2GMW4,AWM2GRG4,AWM2GSL4,AWM2GSP4,AWM2GTL4,AWP2GNK4,AWP2GBR4,AWP2GGG4,AWP2GTM4"
AWM3GRG4,"Three-Gang Screwless Wall Plate, Rustic Gray",Three-Gang,"AWM3GRG4.jpg,AWM3GRG4_2.jpg,AWM3GRG4_3.jpg",5.13 in H x 7.06 in W x 0.35 in L,0.59,0.02,1,1,adorne,adorne,Real Materials Wall Plate,N,60.08,,109.23,109.23,69.45,126.28,126.28,785007262223,Rustic Gray,Mexico,Y,Fedex or Truck,UNIT,,,,,,,,,,,,,,"AWC3GBLN4,AWC3GBBN4,AWC3GBSB4,AWC3GBS4,AWC3GCOF4,AWC3GMAC4,AWC3GSBL4,AWC3GSN4,AWM3GBLS4,AWM3GMS4,AWM3GCU4,AWM3GMA4,AWM3GMR1,AWM3GMB4,AWM3GMW4,AWM3GRG4,AWM3GSL4,AWM3GSP4,AWM3GTL4,AWP3GNK4,AWP3GBR4,AWP3GGG4,AWP3GBL4,AWP3GTM4"
AWM4GRG4,"Four-Gang Screwless Wall Plate, Rustic Gray",Four-Gang,"AWM4GRG4.jpg,AWM4GRG4_2.jpg,AWM4GRG4_3.jpg",5.13 in H x 8.88 in W x 0.35 in L,0.7,0.03,1,1,adorne,adorne,Real Materials Wall Plate,N,77.19,,140.34,140.34,88.92,161.68,161.68,785007262230,Rustic Gray,Mexico,Y,Fedex or Truck,UNIT,,,,,,,,,,,,,,"AWC4GBLN4,AWC4GBSB4,AWC4GBS4,AWC4GCOF4,AWC4GMAC4,AWC4GSBL4,AWC4GSN4,AWM4GBLS4,AWM4GMS4,AWM4GCU4,AWM4GMA4,AWM4GMR1,AWM4GMB4,AWM4GMW4,AWM4GRG4,AWM4GSL4,AWM4GSP4,AWM4GTL4,AWP4GNK4,AWP4GBR4,AWP4GGG4,AWP4GBL4,AWP4GTM4"
AWM1G3SL4,"One-Gang-Plus Screwless Wall Plate, Slate Linen",One-Gang-Plus,"AWM1G3SL4.jpg,AWM1G3SL4_2.jpg",5.13 in H x 3.45 in W x 0.35 in L,0.31,0.01,1,1,adorne,adorne,Real Materials Wall Plate,N,26.57,,48.30,48.30,30.57,55.58,55.58,785007261929,Slate Linen,Mexico,Y,Fedex or Truck,UNIT,,,,,,,,,,,,,,"AWC1G3BSB4,AWC1G3BS4,AWC1G3COF4,AWC1G3MAC4,AWC1G3SBL4,AWC1G3SN4,AWM1G3BLS4,AWM1G3MS4,AWM1G3CU4,AWM1G3MA4,AWM1G3MR1,AWM1G3MB4,AWM1G3MW4,AWM1G3RG4,AWM1G3SL4,AWM1G3SP4,AWM1G3TL4,AWP1G3NK4,AWP1G3BR4,AWP1G3GG4,AWP1G3BL4,AWP1G3TM4"
AWM1G2SL4,"One-Gang Screwless Wall Plate, Slate Linen",One-Gang,"AWM1G2SL4.jpg,AWM1G2SL4_2.jpg",5.13 in H x 3.45 in W x 0.35 in L,0.31,0.01,1,1,adorne,adorne,Real Materials Wall Plate,N,28.07,,51.04,51.04,32.33,58.78,58.78,785007261936,Slate Linen,Mexico,Y,Fedex or Truck,UNIT,,,,,,,,,,,,,,"AWC1G2BLN4,AWC1G2BBN4,AWC1G2BSB4,AWC1G2BS4,AWC1G2COF4,AWC1G2MAC4,AWC1G2SBL4,AWC1G2SN4,AWM1G2BLS4,AWM1G2MS4,AWM1G2CU4,AWM1G2MA4,AWM1G2MR1,AWM1G2MB4,AWM1G2MW4,AWM1G2RG4,AWM1G2SL4,AWM1G2SP4,AWM1G2TL4,AWP1G2NK4,AWP1G2BL6"
AWM2GSL4,"Two-Gang Screwless Wall Plate, Slate Linen",Two-Gang,"AWM2GSL4.jpg,AWM2GSL4_2.jpg",5.13 in H x 5.29 in W x 0.35 in L,0.44,0.02,1,1,adorne,adorne,Real Materials Wall Plate,N,43.31,,78.75,78.75,49.82,90.58,90.58,785007261943,Slate Linen,Mexico,Y,Fedex or Truck,UNIT,,,,,,,,,,,,,,"AWC2GBLN4,AWC2GBSB4,AWC2GBS4,AWC2GCOF4,AWC2GMAC4,AWC2GSBL4,AWC2GSN4,AWM2GBLS4,AWM2GMS4,AWM2GCU4,AWM2GMA4,AWM2GMR1,AWM2GMB4,AWM2GMW4,AWM2GRG4,AWM2GSL4,AWM2GSP4,AWM2GTL4,AWP2GNK4,AWP2GBR4,AWP2GGG4,AWP2GTM4"
AWM3GSL4,"Three-Gang Screwless Wall Plate, Slate Linen",Three-Gang,"AWM3GSL4.jpg,AWM3GSL4_2.jpg",5.13 in H x 7.06 in W x 0.35 in L,0.59,0.02,1,1,adorne,adorne,Real Materials Wall Plate,N,60.08,,109.23,109.23,69.45,126.28,126.28,785007261950,Slate Linen,Mexico,Y,Fedex or Truck,UNIT,,,,,,,,,,,,,,"AWC3GBLN4,AWC3GBBN4,AWC3GBSB4,AWC3GBS4,AWC3GCOF4,AWC3GMAC4,AWC3GSBL4,AWC3GSN4,AWM3GBLS4,AWM3GMS4,AWM3GCU4,AWM3GMA4,AWM3GMR1,AWM3GMB4,AWM3GMW4,AWM3GRG4,AWM3GSL4,AWM3GSP4,AWM3GTL4,AWP3GNK4,AWP3GBR4,AWP3GGG4,AWP3GBL4,AWP3GTM4"
AWM4GSL4,"Four-Gang Screwless Wall Plate, Slate Linen",Four-Gang,"AWM4GSL4.jpg,AWM4GSL4_2.jpg",5.13 in H x 8.88 in W x 0.35 in L,0.7,0.03,1,1,adorne,adorne,Real Materials Wall Plate,N,81.58,,148.32,148.32,93.98,170.88,170.88,785007261967,Slate Linen,Mexico,Y,Fedex or Truck,UNIT,,,,,,,,,,,,,,"AWC4GBLN4,AWC4GBSB4,AWC4GBS4,AWC4GCOF4,AWC4GMAC4,AWC4GSBL4,AWC4GSN4,AWM4GBLS4,AWM4GMS4,AWM4GCU4,AWM4GMA4,AWM4GMR1,AWM4GMB4,AWM4GMW4,AWM4GRG4,AWM4GSL4,AWM4GSP4,AWM4GTL4,AWP4GNK4,AWP4GBR4,AWP4GGG4,AWP4GBL4,AWP4GTM4"
AWM1G3SP4,"One-Gang-Plus Screwless Wall, Spiraled Stainless",One-Gang-Plus,"AWM1G3SP4.jpg,AWM1G3SP4_2.jpg",5.13 in H x 3.45 in W x 0.35 in L,0.31,0.01,1,1,adorne,adorne,Real Materials Wall Plate,N,26.57,,48.30,48.30,30.57,55.58,55.58,785007271096,Spiraled Stainless,Mexico,Y,Fedex or Truck,UNIT,,,,,,,,,,,,,,"AWC1G3BSB4,AWC1G3BS4,AWC1G3COF4,AWC1G3MAC4,AWC1G3SBL4,AWC1G3SN4,AWM1G3BLS4,AWM1G3MS4,AWM1G3CU4,AWM1G3MA4,AWM1G3MR1,AWM1G3MB4,AWM1G3MW4,AWM1G3RG4,AWM1G3SL4,AWM1G3SP4,AWM1G3TL4,AWP1G3NK4,AWP1G3BR4,AWP1G3GG4,AWP1G3BL4,AWP1G3TM4"
AWM1G2SP4,"One-Gang Screwless Wall Plate, Spiraled Stainless",One-Gang,"AWM1G2SP4.jpg,AWM1G2SP4_2.jpg",5.13 in H x 3.45 in W x 0.35 in L,0.31,0.01,1,1,adorne,adorne,Real Materials Wall Plate,N,28.07,,51.04,51.04,32.33,58.78,58.78,785007271102,Spiraled Stainless,Mexico,Y,Fedex or Truck,UNIT,,,,,,,,,,,,,,"AWC1G2BLN4,AWC1G2BBN4,AWC1G2BSB4,AWC1G2BS4,AWC1G2COF4,AWC1G2MAC4,AWC1G2SBL4,AWC1G2SN4,AWM1G2BLS4,AWM1G2MS4,AWM1G2CU4,AWM1G2MA4,AWM1G2MR1,AWM1G2MB4,AWM1G2MW4,AWM1G2RG4,AWM1G2SL4,AWM1G2SP4,AWM1G2TL4,AWP1G2NK4,AWP1G2BL6"
AWM2GSP4,"Two-Gang Screwless Wall Plate, Spiraled Stainless",Two-Gang,"AWM2GSP4.jpg,AWM2GSP4_2.jpg",5.13 in H x 5.29 in W x 0.35 in L,0.44,0.02,1,1,adorne,adorne,Real Materials Wall Plate,N,43.31,,78.75,78.75,49.82,90.58,90.58,785007271119,Spiraled Stainless,Mexico,Y,Fedex or Truck,UNIT,,,,,,,,,,,,,,"AWC2GBLN4,AWC2GBSB4,AWC2GBS4,AWC2GCOF4,AWC2GMAC4,AWC2GSBL4,AWC2GSN4,AWM2GBLS4,AWM2GMS4,AWM2GCU4,AWM2GMA4,AWM2GMR1,AWM2GMB4,AWM2GMW4,AWM2GRG4,AWM2GSL4,AWM2GSP4,AWM2GTL4,AWP2GNK4,AWP2GBR4,AWP2GGG4,AWP2GTM4"
AWM3GSP4,"Three-Gang Screwless Wall, Spiraled Stainless",Three-Gang,"AWM3GSP4.jpg,AWM3GSP4_2.jpg",5.13 in H x 7.06 in W x 0.35 in L,0.59,0.02,1,1,adorne,adorne,Real Materials Wall Plate,N,60.08,,109.23,109.23,69.45,126.28,126.28,785007271126,Spiraled Stainless,Mexico,Y,Fedex or Truck,UNIT,,,,,,,,,,,,,,"AWC3GBLN4,AWC3GBBN4,AWC3GBSB4,AWC3GBS4,AWC3GCOF4,AWC3GMAC4,AWC3GSBL4,AWC3GSN4,AWM3GBLS4,AWM3GMS4,AWM3GCU4,AWM3GMA4,AWM3GMR1,AWM3GMB4,AWM3GMW4,AWM3GRG4,AWM3GSL4,AWM3GSP4,AWM3GTL4,AWP3GNK4,AWP3GBR4,AWP3GGG4,AWP3GBL4,AWP3GTM4"
AWM4GSP4,"Four-Gang Screwless Wall Plate, Spiraled Stainless",Four-Gang,"AWM4GSP4.jpg,AWM4GSP4_2.jpg",5.13 in H x 8.88 in W x 0.35 in L,0.7,0.03,1,1,adorne,adorne,Real Materials Wall Plate,N,77.19,,140.34,140.34,88.92,161.68,161.68,785007271133,Spiraled Stainless,Mexico,Y,Fedex or Truck,UNIT,,,,,,,,,,,,,,"AWC4GBLN4,AWC4GBSB4,AWC4GBS4,AWC4GCOF4,AWC4GMAC4,AWC4GSBL4,AWC4GSN4,AWM4GBLS4,AWM4GMS4,AWM4GCU4,AWM4GMA4,AWM4GMR1,AWM4GMB4,AWM4GMW4,AWM4GRG4,AWM4GSL4,AWM4GSP4,AWM4GTL4,AWP4GNK4,AWP4GBR4,AWP4GGG4,AWP4GBL4,AWP4GTM4"
AWM1G3TL4,"One-Gang-Plus Screwless Wall Plate, True Linen",One-Gang-Plus,"AWM1G3TL4.jpg,AWM1G3TL4_2.jpg,AWM1G3TL4_3.jpg,AWM1G3TL4_4.jpg",5.13 in H x 3.45 in W x 0.35 in L,0.31,0.01,1,1,adorne,adorne,Real Materials Wall Plate,N,26.57,,48.30,48.30,30.57,55.58,55.58,785007261875,True Linen,Mexico,Y,Fedex or Truck,UNIT,,,,,,,,,,,,,,"AWC1G3BSB4,AWC1G3BS4,AWC1G3COF4,AWC1G3MAC4,AWC1G3SBL4,AWC1G3SN4,AWM1G3BLS4,AWM1G3MS4,AWM1G3CU4,AWM1G3MA4,AWM1G3MR1,AWM1G3MB4,AWM1G3MW4,AWM1G3RG4,AWM1G3SL4,AWM1G3SP4,AWM1G3TL4,AWP1G3NK4,AWP1G3BR4,AWP1G3GG4,AWP1G3BL4,AWP1G3TM4"
AWM1G2TL4,"One-Gang Screwless Wall Plate, True Linen",One-Gang,"AWM1G2TL4.jpg,AWM1G2TL4_2.jpg,AWM1G2TL4_3.jpg,AWM1G2TL4_4.jpg",5.13 in H x 3.45 in W x 0.35 in L,0.31,0.01,1,1,adorne,adorne,Real Materials Wall Plate,N,26.57,,48.30,48.30,30.57,55.58,55.58,785007261882,True Linen,Mexico,Y,Fedex or Truck,UNIT,,,,,,,,,,,,,,"AWC1G2BLN4,AWC1G2BBN4,AWC1G2BSB4,AWC1G2BS4,AWC1G2COF4,AWC1G2MAC4,AWC1G2SBL4,AWC1G2SN4,AWM1G2BLS4,AWM1G2MS4,AWM1G2CU4,AWM1G2MA4,AWM1G2MR1,AWM1G2MB4,AWM1G2MW4,AWM1G2RG4,AWM1G2SL4,AWM1G2SP4,AWM1G2TL4,AWP1G2NK4,AWP1G2BL6"
AWM2GTL4,"Two-Gang Screwless Wall Plate, True Linen",Two-Gang,"AWM2GTL4.jpg,AWM2GTL4_2.jpg,AWM2GTL4_3.jpg,AWM2GTL4_4.jpg",5.13 in H x 5.29 in W x 0.35 in L,0.44,0.02,1,1,adorne,adorne,Real Materials Wall Plate,N,43.31,,78.75,78.75,49.82,90.58,90.58,785007261899,True Linen,Mexico,Y,Fedex or Truck,UNIT,,,,,,,,,,,,,,"AWC2GBLN4,AWC2GBSB4,AWC2GBS4,AWC2GCOF4,AWC2GMAC4,AWC2GSBL4,AWC2GSN4,AWM2GBLS4,AWM2GMS4,AWM2GCU4,AWM2GMA4,AWM2GMR1,AWM2GMB4,AWM2GMW4,AWM2GRG4,AWM2GSL4,AWM2GSP4,AWM2GTL4,AWP2GNK4,AWP2GBR4,AWP2GGG4,AWP2GTM4"
AWM3GTL4,"Three-Gang Screwless Wall Plate, True Linen",Three-Gang,"AWM3GTL4.jpg,AWM3GTL4_2.jpg,AWM3GTL4_3.jpg,AWM3GTL4_4.jpg",5.13 in H x 7.06 in W x 0.35 in L,0.59,0.02,1,1,adorne,adorne,Real Materials Wall Plate,N,60.08,,109.23,109.23,69.45,126.28,126.28,785007261905,True Linen,Mexico,Y,Fedex or Truck,UNIT,,,,,,,,,,,,,,"AWC3GBLN4,AWC3GBBN4,AWC3GBSB4,AWC3GBS4,AWC3GCOF4,AWC3GMAC4,AWC3GSBL4,AWC3GSN4,AWM3GBLS4,AWM3GMS4,AWM3GCU4,AWM3GMA4,AWM3GMR1,AWM3GMB4,AWM3GMW4,AWM3GRG4,AWM3GSL4,AWM3GSP4,AWM3GTL4,AWP3GNK4,AWP3GBR4,AWP3GGG4,AWP3GBL4,AWP3GTM4"
AWM4GTL4,"Four-Gang Screwless Wall Plate, True Linen",Four-Gang,"AWM4GTL4.jpg,AWM4GTL4_2.jpg,AWM4GTL4_3.jpg,AWM4GTL4_4.jpg",5.13 in H x 8.88 in W x 0.35 in L,0.7,0.03,1,1,adorne,adorne,Real Materials Wall Plate,N,77.19,,140.34,140.34,88.92,161.68,161.68,785007261912,True Linen,Mexico,Y,Fedex or Truck,UNIT,,,,,,,,,,,,,,"AWC4GBLN4,AWC4GBSB4,AWC4GBS4,AWC4GCOF4,AWC4GMAC4,AWC4GSBL4,AWC4GSN4,AWM4GBLS4,AWM4GMS4,AWM4GCU4,AWM4GMA4,AWM4GMR1,AWM4GMB4,AWM4GMW4,AWM4GRG4,AWM4GSL4,AWM4GSP4,AWM4GTL4,AWP4GNK4,AWP4GBR4,AWP4GGG4,AWP4GBL4,AWP4GTM4"
AWM1G3W4,"Custom One-Gang-Plus Screwless Wall, White",Custom One-,"AWM1G3W4.jpg,AWM1G3W4_2.jpg,AWM1G3W4_3.jpg,AWM1G3W4_4.jpg",5.13 in H x 3.45 in W x 0.35 in L,0.34,0.02,1,1,adorne,adorne,Real Materials Wall Plate,N,13.45,,24.45,24.45,15.06,27.38,27.38,785007024050,White,Mexico,Y,Fedex or Truck,UNIT,,,,,,,,,,,,,,"AWM1G3M4,AWM1G3W4"
AWM1G2W4,"Custom One-Gang Screwless Wall Plate, Trim, White",Custom One-,"AWM1G2W4.jpg,AWM1G2W4_2.jpg,AWM1G2W4_3.jpg,AWM1G2W4_4.jpg,AWM1G2W4_5.jpg,AWM1G2W4_6.jpg",5.13 in H x 3.45 in W x 0.35 in L,0.36,0.02,1,1,adorne,adorne,Real Materials Wall Plate,N,14.21,,25.83,25.83,15.99,29.08,29.08,785007024692,White,Mexico,Y,Fedex or Truck,UNIT,,,,,,,,,,,,,,"AWM1G2M4,AWM1G2W4"
AWM2GW4,"Custom Two-Gang Screwless Wall Plate, Trim, White",Custom Two-,"AWM2GW4.jpg,AWM2GW4_2.jpg,AWM2GW4_3.jpg,AWM2GW4_4.jpg,AWM2GW4_5.jpg,AWM2GW4_6.jpg",5.13 in H x 5.29 in W x 0.35 in L,0.54,0.03,1,1,adorne,adorne,Real Materials Wall Plate,N,21.23,,38.60,38.60,24.35,44.28,44.28,785007023602,White,Mexico,Y,Fedex or Truck,UNIT,,,,,,,,,,,,,,"AWM2GM4,AWM2GW4"
AWM3GW4,"Custom Three-Gang Screwless Wall Plate, White",Custom Three-,"AWM3GW4.jpg,AWM3GW4_2.jpg,AWM3GW4_3.jpg,AWM3GW4_4.jpg,AWM3GW4_5.jpg,AWM3GW4_6.jpg",5.13 in H x 7.06 in W x 0.35 in L,0.68,0.04,1,1,adorne,adorne,Real Materials Wall Plate,N,28.95,,52.63,52.63,33.54,60.98,60.98,785007024777,White,Mexico,Y,Fedex or Truck,UNIT,,,,,,,,,,,,,,"AWM3GM4,AWM3GW4"
AWM4GW4,"Custom Four-Gang Screwless Wall Plate, Trim, White",Custom Four-,"AWM4GW4.jpg,AWM4GW4_2.jpg,AWM4GW4_3.jpg,AWM4GW4_4.jpg,AWM4GW4_5.jpg",5.13 in H x 8.88 in W x 0.35 in L,0.84,0.05,1,1,adorne,adorne,Real Materials Wall Plate,N,37.15,,67.55,67.55,50.59,91.98,91.98,785007023923,White,Mexico,Y,Fedex or Truck,UNIT,,,,,,,,,,,,,,"AWM4GM4,AWM4GW4"
AWP1G3NK4,"One-Gang-Plus Screwless Wall Plate, Black Ink",One-Gang-Plus,"AWP1G3NK4.jpg,AWP1G3NK4_2.jpg,AWP1G3NK4_3.jpg,AWP1G3NK4_4.jpg,AWP1G3NK4_5.jpg,AWP1G3NK4_6.jpg",5.13 in H x 3.45 in W x 0.35 in L,0.53,0.03,1,1,adorne,adorne,Plastics Wall Plate,N,7.10,,12.91,12.91,12.80,23.28,23.28,785007071221,Black Ink,Mexico,Y,Fedex or Truck,UNIT,,,,,,,,,,,,,,"AWC1G3BSB4,AWC1G3BS4,AWC1G3COF4,AWC1G3MAC4,AWC1G3SBL4,AWC1G3SN4,AWM1G3BLS4,AWM1G3MS4,AWM1G3CU4,AWM1G3MA4,AWM1G3MR1,AWM1G3MB4,AWM1G3MW4,AWM1G3RG4,AWM1G3SL4,AWM1G3SP4,AWM1G3TL4,AWP1G3NK4,AWP1G3BR4,AWP1G3GG4,AWP1G3BL4,AWP1G3TM4"
AWP1G2NK4,"One-Gang Screwless Wall Plate, Black Ink",One-Gang,"AWP1G2NK4.jpg,AWP1G2NK4_2.jpg,AWP1G2NK4_3.jpg,AWP1G2NK4_4.jpg,AWP1G2NK4_5.jpg,AWP1G2NK4_6.jpg",5.13 in H x 3.45 in W x 0.35 in L,0.53,0.01,1,1,adorne,adorne,Plastics Wall Plate,N,7.10,,12.91,12.91,12.80,23.28,23.28,785007071214,Black Ink,Mexico,Y,Fedex or Truck,UNIT,,,,,,,,,,,,,,"AWC1G2BLN4,AWC1G2BBN4,AWC1G2BSB4,AWC1G2BS4,AWC1G2COF4,AWC1G2MAC4,AWC1G2SBL4,AWC1G2SN4,AWM1G2BLS4,AWM1G2MS4,AWM1G2CU4,AWM1G2MA4,AWM1G2MR1,AWM1G2MB4,AWM1G2MW4,AWM1G2RG4,AWM1G2SL4,AWM1G2SP4,AWM1G2TL4,AWP1G2NK4,AWP1G2BL6"
AWP2GNK4,"Two-Gang Screwless Wall Plate, Black Ink",Two-Gang,"AWP2GNK4.jpg,AWP2GNK4_2.jpg,AWP2GNK4_3.jpg,AWP2GNK4_4.jpg,AWP2GNK4_5.jpg,AWP2GNK4_6.jpg",5.13 in H x 5.29 in W x 0.35 in L,0.53,0.03,1,1,adorne,adorne,Plastics Wall Plate,N,11.62,,21.12,21.12,21.49,39.08,39.08,785007071238,Black Ink,Mexico,Y,Fedex or Truck,UNIT,,,,,,,,,,,,,,"AWC2GBLN4,AWC2GBSB4,AWC2GBS4,AWC2GCOF4,AWC2GMAC4,AWC2GSBL4,AWC2GSN4,AWM2GBLS4,AWM2GMS4,AWM2GCU4,AWM2GMA4,AWM2GMR1,AWM2GMB4,AWM2GMW4,AWM2GRG4,AWM2GSL4,AWM2GSP4,AWM2GTL4,AWP2GNK4,AWP2GBR4,AWP2GGG4,AWP2GTM4"
AWP3GNK4,"Three-Gang Screwless Wall Plate, Black Ink",Three-Gang,"AWP3GNK4.jpg,AWP3GNK4_2.jpg,AWP3GNK4_3.jpg,AWP3GNK4_4.jpg,AWP3GNK4_5.jpg,AWP3GNK4_6.jpg",5.13 in H x 7.06 in W x 0.35 in L,0.53,0.03,1,1,adorne,adorne,Plastics Wall Plate,N,16.36,,29.74,29.74,30.62,55.68,55.68,785007071245,Black Ink,Mexico,Y,Fedex or Truck,UNIT,,,,,,,,,,,,,,"AWC3GBLN4,AWC3GBBN4,AWC3GBSB4,AWC3GBS4,AWC3GCOF4,AWC3GMAC4,AWC3GSBL4,AWC3GSN4,AWM3GBLS4,AWM3GMS4,AWM3GCU4,AWM3GMA4,AWM3GMR1,AWM3GMB4,AWM3GMW4,AWM3GRG4,AWM3GSL4,AWM3GSP4,AWM3GTL4,AWP3GNK4,AWP3GBR4,AWP3GGG4,AWP3GBL4,AWP3GTM4"
AWP4GNK4,"Four-Gang Screwless Wall Plate, Black Ink",Four-Gang,"AWP4GNK4.jpg,AWP4GNK4_2.jpg,AWP4GNK4_3.jpg,AWP4GNK4_4.jpg,AWP4GNK4_5.jpg,AWP4GNK4_6.jpg",5.13 in H x 8.88 in W x 0.35 in L,0.53,0.03,1,1,adorne,adorne,Plastics Wall Plate,N,19.98,,36.32,36.32,37.66,68.48,68.48,785007071252,Black Ink,Mexico,Y,Fedex or Truck,UNIT,,,,,,,,,,,,,,"AWC4GBLN4,AWC4GBSB4,AWC4GBS4,AWC4GCOF4,AWC4GMAC4,AWC4GSBL4,AWC4GSN4,AWM4GBLS4,AWM4GMS4,AWM4GCU4,AWM4GMA4,AWM4GMR1,AWM4GMB4,AWM4GMW4,AWM4GRG4,AWM4GSL4,AWM4GSP4,AWM4GTL4,AWP4GNK4,AWP4GBR4,AWP4GGG4,AWP4GBL4,AWP4GTM4"
AWP5GNK1,"Five-Gang Screwless Wall, Black Ink",Five-Gang,"AWP5GNK1.jpg,AWP5GNK1_2.jpg,AWP5GNK1_3.jpg,AWP5GNK1_4.jpg,AWP5GNK1_5.jpg,AWP5GNK1_6.jpg",5.13 in H x 1.7 in W x 0.35 in L,0.53,0.03,1,1,adorne,adorne,Plastics Wall Plate,N,26.22,,47.67,47.67,49.05,89.18,89.18,785007071269,Black Ink,Mexico,Y,Fedex or Truck,UNIT,,,,,,,,,,,,,,
AWP6GNK1,"Six-Gang Screwless Wall Plate, Black Ink",Six-Gang,"AWP6GNK1.jpg,AWP6GNK1_2.jpg,AWP6GNK1_3.jpg",5.13 in H x 12.5 in W x 0.35 in L,0.53,0.03,1,1,adorne,adorne,Plastics Wall Plate,N,34.41,,62.56,62.56,62.41,113.48,113.48,785007071276,Black Ink,Mexico,Y,Fedex or Truck,UNIT,,,,,,,,,,,,,,"AWP6GNK1,AWP6GBR1,AWP6GGG1,AWP6GBL1,AWP6GTM1"
AWP1G3BR4,"One-Gang-Plus Screwless Wall Plate, Bronze",One-Gang-Plus,"AWP1G3BR4.jpg,AWP1G3BR4_2.jpg,AWP1G3BR4_3.jpg",5.13 in H x 3.45 in W x 0.35 in L,0.33,0.01,1,1,adorne,adorne,Plastics Wall Plate,N,7.10,,12.91,12.91,8.62,15.68,15.68,785007024357,Bronze,Mexico,Y,Fedex or Truck,UNIT,,,,,,,,,,,,,,"AWC1G3BSB4,AWC1G3BS4,AWC1G3COF4,AWC1G3MAC4,AWC1G3SBL4,AWC1G3SN4,AWM1G3BLS4,AWM1G3MS4,AWM1G3CU4,AWM1G3MA4,AWM1G3MR1,AWM1G3MB4,AWM1G3MW4,AWM1G3RG4,AWM1G3SL4,AWM1G3SP4,AWM1G3TL4,AWP1G3NK4,AWP1G3BR4,AWP1G3GG4,AWP1G3BL4,AWP1G3TM4"
AWP1G2BR6,"One-Gang Screwless Wall Plate, Bronze",One-Gang,"AWP1G2BR6.jpg,AWP1G2BR6_2.jpg,AWP1G2BR6_3.jpg,AWP1G2BR6_4.jpg,AWP1G2BR6_5.jpg",5.13 in H x 3.45 in W x 0.35 in L,0.29,0.01,1,1,adorne,adorne,Plastics Wall Plate,N,7.10,,12.91,12.91,12.03,21.88,21.88,785007040289,Bronze,Mexico,Y,Fedex or Truck,UNIT,,,,,,,,,,,,,,"AWP1G2BR6,AWP1G3EG,AWP1G2WH6,AWP1G2GR6,AWP1G2GG4,AWP1G2MG6,AWP1G3MY,AWP1G3OM,AWP1G3PY,AWP1G3RA,AWP1G2TM6"
AWP2GBR4,"Two-Gang Screwless Wall Plate, Bronze",Two-Gang,"AWP2GBR4.jpg,AWP2GBR4_2.jpg,AWP2GBR4_3.jpg",5.13 in H x 5.29 in W x 0.35 in L,0.48,0.03,1,1,adorne,adorne,Plastics Wall Plate,N,11.62,,21.12,21.12,13.79,25.08,25.08,785007040302,Bronze,Mexico,Y,Fedex or Truck,UNIT,,,,,,,,,,,,,,"AWC2GBLN4,AWC2GBSB4,AWC2GBS4,AWC2GCOF4,AWC2GMAC4,AWC2GSBL4,AWC2GSN4,AWM2GBLS4,AWM2GMS4,AWM2GCU4,AWM2GMA4,AWM2GMR1,AWM2GMB4,AWM2GMW4,AWM2GRG4,AWM2GSL4,AWM2GSP4,AWM2GTL4,AWP2GNK4,AWP2GBR4,AWP2GGG4,AWP2GTM4"
AWP3GBR4,"Three-Gang Screwless Wall Plate, Bronze",Three-Gang,"AWP3GBR4.jpg,AWP3GBR4_2.jpg,AWP3GBR4_3.jpg",5.13 in H x 7.06 in W x 0.35 in L,0.68,0.03,1,1,adorne,adorne,Plastics Wall Plate,N,17.26,,31.38,31.38,19.90,36.18,36.18,785007024272,Bronze,Mexico,Y,Fedex or Truck,UNIT,,,,,,,,,,,,,,"AWC3GBLN4,AWC3GBBN4,AWC3GBSB4,AWC3GBS4,AWC3GCOF4,AWC3GMAC4,AWC3GSBL4,AWC3GSN4,AWM3GBLS4,AWM3GMS4,AWM3GCU4,AWM3GMA4,AWM3GMR1,AWM3GMB4,AWM3GMW4,AWM3GRG4,AWM3GSL4,AWM3GSP4,AWM3GTL4,AWP3GNK4,AWP3GBR4,AWP3GGG4,AWP3GBL4,AWP3GTM4"
AWP4GBR4,"Four-Gang Screwless Wall Plate, Bronze",Four-Gang,"AWP4GBR4.jpg,AWP4GBR4_2.jpg,AWP4GBR4_3.jpg,AWP4GBR4_4.jpg",5.13 in H x 8.88 in W x 0.35 in L,0.84,0.05,1,1,adorne,adorne,Plastics Wall Plate,N,22.43,,40.79,40.79,25.73,46.78,46.78,785007023596,Bronze,Mexico,Y,Fedex or Truck,UNIT,,,,,,,,,,,,,,"AWC4GBLN4,AWC4GBSB4,AWC4GBS4,AWC4GCOF4,AWC4GMAC4,AWC4GSBL4,AWC4GSN4,AWM4GBLS4,AWM4GMS4,AWM4GCU4,AWM4GMA4,AWM4GMR1,AWM4GMB4,AWM4GMW4,AWM4GRG4,AWM4GSL4,AWM4GSP4,AWM4GTL4,AWP4GNK4,AWP4GBR4,AWP4GGG4,AWP4GBL4,AWP4GTM4"
AWP5GBR1,"Five-Gang Screwless Wall Plate, Bronze",Five-Gang,"AWP5GBR1.jpg,AWP5GBR1_2.jpg,AWP5GBR1_3.jpg",5.13 in H x 10.7 in W x 0.35 in L,1,0.06,1,1,adorne,adorne,Plastics Wall Plate,N,26.30,,47.81,47.81,31.72,57.68,57.68,785007039290,Bronze,Mexico,Y,Fedex or Truck,UNIT,,,,,,,,,,,,,,"AWP5GBR1,AWP5GGG1,AWP5GBL1,AWP5GTM1"
AWP6GBR1,"Six-Gang Screwless Wall Plate, Bronze",Six-Gang,"AWP6GBR1.jpg,AWP6GBR1_2.jpg,AWP6GBR1_3.jpg",5.13 in H x 12.5 in W x 0.35 in L,1,0.06,1,1,adorne,adorne,Plastics Wall Plate,N,32.00,,58.19,58.19,38.71,70.38,70.38,785007039078,Bronze,Mexico,Y,Fedex or Truck,UNIT,,,,,,,,,,,,,,"AWP6GNK1,AWP6GBR1,AWP6GGG1,AWP6GBL1,AWP6GTM1"
AWP1G2EG,"One-Gang-Plus Screwless Wall Plate, Evergreen",One-Gang-Plus,"AWP1G2EG.jpg,AWP1G2EG_2.jpg,AWP1G2EG_3.jpg,AWP1G2EG_4.jpg,AWP1G2EG_5.jpg,AWP1G2EG_6.jpg",5.13 in H x 3.45 in W x 0.35 in L,0.32,0.01,1,1,adorne,adorne,Plastics Wall Plate,N,7.48,,13.60,13.60,9.61,17.48,17.48,785007452099,Evergreen,Mexico,Y,Fedex or Truck,,,,,,,,,,,,,,,"AWP1G2EG,AWP1G3WH4,AWP1G3GR4,AWP1G3MG4,AWP1G2MY,AWP1G2OM,AWP1G2PY,AWP1G2RA"
AWP1G3EG,"One-Gang Screwless Wall Plate, Evergreen",One-Gang,"AWP1G3EG.jpg,AWP1G3EG_2.jpg,AWP1G3EG_3.jpg,AWP1G3EG_4.jpg,AWP1G3EG_5.jpg,AWP1G3EG_6.jpg",5.13 in H x 3.45 in W x 0.35 in L,0.28,0.01,1,1,adorne,adorne,Plastics Wall Plate,N,7.25,,13.19,13.19,9.28,16.88,16.88,785007452105,Evergreen,Mexico,Y,Fedex or Truck,,,,,,,,,,,,,,,"AWP1G2BR6,AWP1G3EG,AWP1G2WH6,AWP1G2GR6,AWP1G2GG4,AWP1G2MG6,AWP1G3MY,AWP1G3OM,AWP1G3PY,AWP1G3RA,AWP1G2TM6"
AWP2GEG,"Two-Gang Screwless Wall Plate, Evergreen",Two-Gang,"AWP2GEG.jpg,AWP2GEG_2.jpg,AWP2GEG_3.jpg,AWP2GEG_4.jpg,AWP2GEG_5.jpg,AWP2GEG_6.jpg",5.13 in H x 5.29 in W x 0.35 in L,0.46,0.01,1,1,adorne,adorne,Plastics Wall Plate,N,11.85,,21.54,21.54,15.22,27.68,27.68,785007452112,Evergreen,Mexico,Y,Fedex or Truck,,,,,,,,,,,,,,,"AWP2GEG,AWP2GWH4,AWP2GGR4,AWP2GMG4,AWP2GMY,AWP2GOM,AWP2GBL4,AWP2GPY,AWP2GRA"
AWP3GEG,"Three-Gang Screwless Wall Plate, Evergreen",Three-Gang,"AWP3GEG.jpg,AWP3GEG_2.jpg,AWP3GEG_3.jpg,AWP3GEG_4.jpg,AWP3GEG_5.jpg,AWP3GEG_6.jpg",5.13 in H x 7.06 in W x 0.35 in L,0.66,0.01,1,1,adorne,adorne,Plastics Wall Plate,N,15.59,,28.34,28.34,20.06,36.48,36.48,785007452129,Evergreen,Mexico,Y,Fedex or Truck,,,,,,,,,,,,,,,"AWP3GEG,AWP3GWH4,AWP3GGR4,AWP3GMG4,AWP3GMY,AWP3GOM,AWP3GPY,AWP3GRA"
AWP4GEG,"Four-Gang Screwless Wall Plate, Evergreen",Four-Gang,"AWP4GEG.jpg,AWP4GEG_2.jpg,AWP4GEG_3.jpg,AWP4GEG_4.jpg,AWP4GEG_5.jpg,AWP4GEG_6.jpg",5.13 in H x 8.88 in W x 0.35 in L,0.82,0.01,1,1,adorne,adorne,Plastics Wall Plate,N,23.07,,41.94,41.94,29.74,54.08,54.08,785007452136,Evergreen,Mexico,Y,Fedex or Truck,,,,,,,,,,,,,,,"AWP4GEG,AWP4GWH4,AWP4GGR4,AWP4GMG4,AWP4GMY,AWP4GOM,AWP4GPY,AWP4GRA"
AWP5GEG,"Five-Gang Screwless Wall Plate, Evergreen",Five-Gang,"AWP5GEG.jpg,AWP5GEG_2.jpg,AWP5GEG_3.jpg,AWP5GEG_4.jpg,AWP5GEG_5.jpg,AWP5GEG_6.jpg",5.13 in H x 10.7 in W x 0.35 in L,1,0.01,1,1,adorne,adorne,Plastics Wall Plate,N,26.49,,48.17,48.17,34.14,62.08,62.08,785007452143,Evergreen,Mexico,Y,Fedex or Truck,,,,,,,,,,,,,,,"AWP5GEG,AWP5GWH1,AWP5GGR1,AWP5GMG1,AWP5GMY,AWP5GOM,AWP5GPY,AWP5GRA"
AWP6GEG,"Six-Gang Screwless Wall Plate, Evergreen",Six-Gang,"AWP6GEG.jpg,AWP6GEG_2.jpg,AWP6GEG_3.jpg,AWP6GEG_4.jpg,AWP6GEG_5.jpg,AWP6GEG_6.jpg",5.13 in H x 12.5 in W x 0.35 in L,1,0.01,1,1,adorne,adorne,Plastics Wall Plate,N,32.10,,58.36,58.36,41.40,75.28,75.28,785007452150,Evergreen,Mexico,Y,Fedex or Truck,,,,,,,,,,,,,,,"AWP6GEG,AWP6GWH1,AWP6GGR1,AWP6GMG1,AWP6GMY,AWP6GOM,AWP6GPY,AWP6GRA"
AWP1G3WH4,"One-Gang-Plus Screwless Wall Plate, Gloss White",One-Gang-Plus,"AWP1G3WH4.jpg,AWP1G3WH4_2.jpg,AWP1G3WH4_3.jpg,AWP1G3WH4_4.jpg,AWP1G3WH4_5.jpg,AWP1G3WH4_6.jpg",5.13 in H x 3.45 in W x 0.35 in L,0.32,0.01,1,1,adorne,adorne,Plastics Wall Plate,N,4.28,,7.79,7.79,4.99,9.08,9.08,785007023831,Gloss White,Mexico,Y,Fedex or Truck,UNIT,,,,,,,,,,,,,,"AWP1G2EG,AWP1G3WH4,AWP1G3GR4,AWP1G3MG4,AWP1G2MY,AWP1G2OM,AWP1G2PY,AWP1G2RA"
AWP1G2WH6,"One-Gang Screwless Wall Plate, Gloss White",One-Gang,"AWP1G2WH6.jpg,AWP1G2WH6_2.jpg,AWP1G2WH6_3.jpg,AWP1G2WH6_4.jpg,AWP1G2WH6_5.jpg,AWP1G2WH6_6.jpg",5.13 in H x 3.45 in W x 0.35 in L,0.28,0.01,1,1,adorne,adorne,Plastics Wall Plate,N,4.28,,7.79,7.79,4.99,9.08,9.08,785007040258,Gloss White,Mexico,Y,Fedex or Truck,UNIT,,,,,,,,,,,,,,"AWP1G2BR6,AWP1G3EG,AWP1G2WH6,AWP1G2GR6,AWP1G2GG4,AWP1G2MG6,AWP1G3MY,AWP1G3OM,AWP1G3PY,AWP1G3RA,AWP1G2TM6"
AWP2GWH4,"Two-Gang Screwless Wall Plate, Gloss White",Two-Gang,"AWP2GWH4.jpg,AWP2GWH4_2.jpg,AWP2GWH4_3.jpg,AWP2GWH4_4.jpg,AWP2GWH4_5.jpg,AWP2GWH4_6.jpg",5.13 in H x 5.29 in W x 0.35 in L,0.46,0.02,1,1,adorne,adorne,Plastics Wall Plate,N,7.10,,12.91,12.91,8.62,15.68,15.68,785007040241,Gloss White,Mexico,Y,Fedex or Truck,UNIT,,,,,,,,,,,,,,"AWP2GEG,AWP2GWH4,AWP2GGR4,AWP2GMG4,AWP2GMY,AWP2GOM,AWP2GBL4,AWP2GPY,AWP2GRA"
AWP3GWH4,"Three-Gang Screwless Wall Plate, Gloss White",Three-Gang,"AWP3GWH4.jpg,AWP3GWH4_2.jpg,AWP3GWH4_3.jpg,AWP3GWH4_4.jpg,AWP3GWH4_5.jpg,AWP3GWH4_6.jpg",5.13 in H x 7.06 in W x 0.35 in L,0.66,0.03,1,1,adorne,adorne,Plastics Wall Plate,N,10.30,,18.72,18.72,12.25,22.28,22.28,785007024845,Gloss White,Mexico,Y,Fedex or Truck,UNIT,,,,,,,,,,,,,,"AWP3GEG,AWP3GWH4,AWP3GGR4,AWP3GMG4,AWP3GMY,AWP3GOM,AWP3GPY,AWP3GRA"
AWP4GWH4,"Four-Gang Screwless Wall Plate, Gloss White",Four-Gang,"AWP4GWH4.jpg,AWP4GWH4_2.jpg,AWP4GWH4_3.jpg,AWP4GWH4_4.jpg,AWP4GWH4_5.jpg,AWP4GWH4_6.jpg",5.13 in H x 8.88 in W x 0.35 in L,0.82,0.02,1,1,adorne,adorne,Plastics Wall Plate,N,13.33,,24.23,24.23,15.99,29.08,29.08,785007024227,Gloss White,Mexico,Y,Fedex or Truck,UNIT,,,,,,,,,,,,,,"AWP4GEG,AWP4GWH4,AWP4GGR4,AWP4GMG4,AWP4GMY,AWP4GOM,AWP4GPY,AWP4GRA"
AWP5GWH1,"Five-Gang Screwless Wall Plate, Gloss White",Five-Gang,"AWP5GWH1.jpg,AWP5GWH1_2.jpg,AWP5GWH1_3.jpg,AWP5GWH1_4.jpg,AWP5GWH1_5.jpg,AWP5GWH1_6.jpg",5.13 in H x 10.7 in W x 0.35 in L,1,0.06,1,1,adorne,adorne,Plastics Wall Plate,N,16.80,,30.54,30.54,20.50,37.28,37.28,785007039016,Gloss White,Mexico,Y,Fedex or Truck,UNIT,,,,,,,,,,,,,,"AWP5GEG,AWP5GWH1,AWP5GGR1,AWP5GMG1,AWP5GMY,AWP5GOM,AWP5GPY,AWP5GRA"
AWP6GWH1,"Six-Gang Screwless Wall Plate, Gloss White",Six-Gang,"AWP6GWH1.jpg,AWP6GWH1_2.jpg,AWP6GWH1_3.jpg,AWP6GWH1_4.jpg,AWP6GWH1_5.jpg,AWP6GWH1_6.jpg",5.13 in H x 12.5 in W x 0.35 in L,1,0.06,1,1,adorne,adorne,Plastics Wall Plate,N,21.11,,38.39,38.39,25.73,46.78,46.78,785007039139,Gloss White,Mexico,Y,Fedex or Truck,UNIT,,,,,,,,,,,,,,"AWP6GEG,AWP6GWH1,AWP6GGR1,AWP6GMG1,AWP6GMY,AWP6GOM,AWP6GPY,AWP6GRA"
AWP1G3WHW4,"One-Gang-Plus Screwless, Gloss White-on-White",One-Gang-Plus,"AWP1G3WHW4.jpg,AWP1G3WHW4_2.jpg,AWP1G3WHW4_3.jpg,AWP1G3WHW4_4.jpg,AWP1G3WHW4_5.jpg,AWP1G3WHW4_6.jpg",5.13 in H x 3.45 in W x 0.35 in L,0.32,0.02,1,1,adorne,adorne,Plastics Wall Plate,N,4.96,,9.01,9.01,5.87,10.68,10.68,785007035056,Gloss White on White,Mexico,Y,Fedex or Truck,UNIT,,,,,,,,,,,,,,
AWP1G2WHW10,"One-Gang Screwless Wall, Gloss White-on-White",One-Gang,"AWP1G2WHW10.jpg,AWP1G2WHW10_2.jpg,AWP1G2WHW10_3.jpg,AWP1G2WHW10_4.jpg,AWP1G2WHW10_5.jpg,AWP1G2WHW10_6.jpg",5.13 in H x 3.45 in W x 0.35 in L,0.35,0.01,1,10,adorne,adorne,Plastics Wall Plate,N,4.96,,9.01,9.01,5.87,10.68,10.68,785007034998,Gloss White on White,Mexico,Y,Fedex or Truck,UNIT,,,,,,,,,,,,,,
AWP2GWHW10,"Two-Gang Screwless Wall, Gloss White-on-White",Two-Gang,"AWP2GWHW10.jpg,AWP2GWHW10_2.jpg,AWP2GWHW10_3.jpg,AWP2GWHW10_4.jpg,AWP2GWHW10_5.jpg,AWP2GWHW10_6.jpg",5.13 in H x 5.29 in W x 0.35 in L,0.55,0.03,1,1,adorne,adorne,Plastics Wall Plate,N,8.15,,14.81,14.81,9.78,17.78,17.78,785007035063,Gloss White on White,Mexico,Y,Fedex or Truck,UNIT,,,,,,,,,,,,,,
AWP3GWHW4,"Three-Gang Screwless Wall, Gloss White-on-White",Three-Gang,"AWP3GWHW4.jpg,AWP3GWHW4_2.jpg,AWP3GWHW4_3.jpg,AWP3GWHW4_4.jpg,AWP3GWHW4_5.jpg,AWP3GWHW4_6.jpg",5.13 in H x 7.06 in W x 0.35 in L,0.71,0.02,1,1,adorne,adorne,Plastics Wall Plate,N,11.62,,21.12,21.12,14.07,25.58,25.58,785007035025,Gloss White on White,Mexico,Y,Fedex or Truck,UNIT,,,,,,,,,,,,,,
AWP4GWHW4,"Four-Gang Screwless Wall, Gloss White-on-White",Four-Gang,"AWP4GWHW4.jpg,AWP4GWHW4_2.jpg,AWP4GWHW4_3.jpg,AWP4GWHW4_4.jpg,AWP4GWHW4_5.jpg,AWP4GWHW4_6.jpg",5.13 in H x 8.88 in W x 0.35 in L,0.8,0.05,1,1,adorne,adorne,Plastics Wall Plate,N,15.11,,27.48,27.48,18.52,33.68,33.68,785007035070,Gloss White on White,Mexico,Y,Fedex or Truck,UNIT,,,,,,,,,,,,,,
AWP5GWHW1,"Five-Gang Screwless Wall, Gloss White-on-White",Five-Gang,"AWP5GWHW1.jpg,AWP5GWHW1_2.jpg,AWP5GWHW1_3.jpg,AWP5GWHW1_4.jpg,AWP5GWHW1_5.jpg,AWP5GWHW1_6.jpg",5.13 in H x 10.7 in W x 0.35 in L,1,0.06,1,1,adorne,adorne,Plastics Wall Plate,N,26.30,,47.81,47.81,31.72,57.68,57.68,785007039306,Gloss White on White,Mexico,Y,Fedex or Truck,UNIT,,,,,,,,,,,,,,
AWP6GWHW1,"Six-Gang Screwless Wall, Gloss White-on-White",Six-Gang,"AWP6GWHW1.jpg,AWP6GWHW1_2.jpg,AWP6GWHW1_3.jpg,AWP6GWHW1_4.jpg,AWP6GWHW1_5.jpg,AWP6GWHW1_6.jpg",5.13 in H x 12.5 in W x 0.35 in L,1,0.06,1,1,adorne,adorne,Plastics Wall Plate,N,31.92,,58.04,58.04,38.71,70.38,70.38,785007039313,Gloss White on White,Mexico,Y,Fedex or Truck,UNIT,,,,,,,,,,,,,,
AWP1G3GR4,"One-Gang-Plus Screwless Wall Plate, Graphite",One-Gang-Plus,"AWP1G3GR4.jpg,AWP1G3GR4_2.jpg,AWP1G3GR4_3.jpg,AWP1G3GR4_4.jpg,AWP1G3GR4_5.jpg,AWP1G3GR4_6.jpg",5.13 in H x 3.45 in W x 0.35 in L,0.33,0.01,1,1,adorne,adorne,Plastics Wall Plate,N,7.10,,12.91,12.91,8.62,15.68,15.68,785007023800,Graphite,Mexico,Y,Fedex or Truck,UNIT,,,,,,,,,,,,,,"AWP1G2EG,AWP1G3WH4,AWP1G3GR4,AWP1G3MG4,AWP1G2MY,AWP1G2OM,AWP1G2PY,AWP1G2RA"
AWP1G2GR6,"One-Gang Screwless Wall Plate, Graphite",One-Gang,"AWP1G2GR6.jpg,AWP1G2GR6_2.jpg,AWP1G2GR6_3.jpg,AWP1G2GR6_4.jpg,AWP1G2GR6_5.jpg,AWP1G2GR6_6.jpg",5.13 in H x 3.45 in W x 0.35 in L,0.32,0.02,1,1,adorne,adorne,Plastics Wall Plate,N,7.10,,12.91,12.91,8.62,15.68,15.68,785007023848,Graphite,Mexico,Y,Fedex or Truck,UNIT,,,,,,,,,,,,,,"AWP1G2BR6,AWP1G3EG,AWP1G2WH6,AWP1G2GR6,AWP1G2GG4,AWP1G2MG6,AWP1G3MY,AWP1G3OM,AWP1G3PY,AWP1G3RA,AWP1G2TM6"
AWP2GGR4,"Two-Gang Screwless Wall Plate, Graphite",Two-Gang,"AWP2GGR4.jpg,AWP2GGR4_2.jpg,AWP2GGR4_3.jpg,AWP2GGR4_4.jpg,AWP2GGR4_5.jpg,AWP2GGR4_6.jpg",5.13 in H x 5.29 in W x 0.35 in L,0.53,0.03,1,1,adorne,adorne,Plastics Wall Plate,N,11.62,,21.12,21.12,13.79,25.08,25.08,785007024531,Graphite,Mexico,Y,Fedex or Truck,UNIT,,,,,,,,,,,,,,"AWP2GEG,AWP2GWH4,AWP2GGR4,AWP2GMG4,AWP2GMY,AWP2GOM,AWP2GBL4,AWP2GPY,AWP2GRA"
AWP3GGR4,"Three-Gang Screwless Wall Plate, Graphite",Three-Gang,"AWP3GGR4.jpg,AWP3GGR4_2.jpg,AWP3GGR4_3.jpg,AWP3GGR4_4.jpg,AWP3GGR4_5.jpg,AWP3GGR4_6.jpg",5.13 in H x 7.06 in W x 0.35 in L,0.68,0.03,1,1,adorne,adorne,Plastics Wall Plate,N,16.36,,29.74,29.74,19.24,34.98,34.98,785007024616,Graphite,Mexico,Y,Fedex or Truck,UNIT,,,,,,,,,,,,,,"AWP3GEG,AWP3GWH4,AWP3GGR4,AWP3GMG4,AWP3GMY,AWP3GOM,AWP3GPY,AWP3GRA"
AWP4GGR4,"Four-Gang Screwless Wall Plate, Graphite",Four-Gang,"AWP4GGR4.jpg,AWP4GGR4_2.jpg,AWP4GGR4_3.jpg,AWP4GGR4_4.jpg,AWP4GGR4_5.jpg,AWP4GGR4_6.jpg",5.13 in H x 8.88 in W x 0.35 in L,0.84,0.02,1,1,adorne,adorne,Plastics Wall Plate,N,21.11,,38.39,38.39,24.90,45.28,45.28,785007023688,Graphite,Mexico,Y,Fedex or Truck,UNIT,,,,,,,,,,,,,,"AWP4GEG,AWP4GWH4,AWP4GGR4,AWP4GMG4,AWP4GMY,AWP4GOM,AWP4GPY,AWP4GRA"
AWP5GGR1,"Five-Gang Screwless Wall Plate, Graphite",Five-Gang,"AWP5GGR1.jpg,AWP5GGR1_2.jpg,AWP5GGR1_3.jpg,AWP5GGR1_4.jpg,AWP5GGR1_5.jpg,AWP5GGR1_6.jpg",5.13 in H x 10.7 in W x 0.35 in L,1,0.06,1,1,adorne,adorne,Plastics Wall Plate,N,26.30,,47.81,47.81,30.02,54.58,54.58,785007039054,Graphite,Mexico,Y,Fedex or Truck,UNIT,,,,,,,,,,,,,,"AWP5GEG,AWP5GWH1,AWP5GGR1,AWP5GMG1,AWP5GMY,AWP5GOM,AWP5GPY,AWP5GRA"
AWP6GGR1,"Six-Gang Screwless Wall Plate, Graphite",Six-Gang,"AWP6GGR1.jpg,AWP6GGR1_2.jpg,AWP6GGR1_3.jpg,AWP6GGR1_4.jpg,AWP6GGR1_5.jpg,AWP6GGR1_6.jpg",5.13 in H x 12.5 in W x 0.35 in L,1,0.06,1,1,adorne,adorne,Plastics Wall Plate,N,31.92,,58.04,58.04,36.56,66.48,66.48,785007039269,Graphite,Mexico,Y,Fedex or Truck,UNIT,,,,,,,,,,,,,,"AWP6GEG,AWP6GWH1,AWP6GGR1,AWP6GMG1,AWP6GMY,AWP6GOM,AWP6GPY,AWP6GRA"
AWP1G3GG4,"One-Gang-Plus Screwless Wall Plate, Greige",One-Gang-Plus,"AWP1G3GG4.jpg,AWP1G3GG4_2.jpg,AWP1G3GG4_3.jpg,AWP1G3GG4_4.jpg,AWP1G3GG4_5.jpg,AWP1G3GG4_6.jpg",5.13 in H x 3.45 in W x 0.35 in L,0.53,0.03,1,1,adorne,adorne,Plastics Wall Plate,N,6.72,,12.22,12.22,8.07,14.68,14.68,785007071290,Greige,Mexico,Y,Fedex or Truck,UNIT,,,,,,,,,,,,,,"AWC1G3BSB4,AWC1G3BS4,AWC1G3COF4,AWC1G3MAC4,AWC1G3SBL4,AWC1G3SN4,AWM1G3BLS4,AWM1G3MS4,AWM1G3CU4,AWM1G3MA4,AWM1G3MR1,AWM1G3MB4,AWM1G3MW4,AWM1G3RG4,AWM1G3SL4,AWM1G3SP4,AWM1G3TL4,AWP1G3NK4,AWP1G3BR4,AWP1G3GG4,AWP1G3BL4,AWP1G3TM4"
AWP1G2GG4,"One-Gang Screwless Wall Plate, Greige",One-Gang,"AWP1G2GG4.jpg,AWP1G2GG4_2.jpg,AWP1G2GG4_3.jpg,AWP1G2GG4_4.jpg,AWP1G2GG4_5.jpg,AWP1G2GG4_6.jpg",5.13 in H x 3.45 in W x 0.35 in L,0.53,0.01,1,1,adorne,adorne,Plastics Wall Plate,N,7.10,,12.91,12.91,8.62,15.68,15.68,785007071283,Greige,Mexico,Y,Fedex or Truck,UNIT,,,,,,,,,,,,,,"AWP1G2BR6,AWP1G3EG,AWP1G2WH6,AWP1G2GR6,AWP1G2GG4,AWP1G2MG6,AWP1G3MY,AWP1G3OM,AWP1G3PY,AWP1G3RA,AWP1G2TM6"
AWP2GGG4,"Two-Gang Screwless Wall Plate, Greige",Two-Gang,"AWP2GGG4.jpg,AWP2GGG4_2.jpg,AWP2GGG4_3.jpg,AWP2GGG4_4.jpg,AWP2GGG4_5.jpg,AWP2GGG4_6.jpg",5.13 in H x 5.29 in W x 0.35 in L,0.53,0.03,1,1,adorne,adorne,Plastics Wall Plate,N,11.62,,21.12,21.12,13.79,25.08,25.08,785007071306,Greige,Mexico,Y,Fedex or Truck,UNIT,,,,,,,,,,,,,,"AWC2GBLN4,AWC2GBSB4,AWC2GBS4,AWC2GCOF4,AWC2GMAC4,AWC2GSBL4,AWC2GSN4,AWM2GBLS4,AWM2GMS4,AWM2GCU4,AWM2GMA4,AWM2GMR1,AWM2GMB4,AWM2GMW4,AWM2GRG4,AWM2GSL4,AWM2GSP4,AWM2GTL4,AWP2GNK4,AWP2GBR4,AWP2GGG4,AWP2GTM4"
AWP3GGG4,"Three-Gang Screwless Wall Plate, Greige",Three-Gang,"AWP3GGG4.jpg,AWP3GGG4_2.jpg,AWP3GGG4_3.jpg,AWP3GGG4_4.jpg,AWP3GGG4_5.jpg,AWP3GGG4_6.jpg",5.13 in H x 7.06 in W x 0.35 in L,0.53,0.03,1,1,adorne,adorne,Plastics Wall Plate,N,15.83,,28.79,28.79,19.24,34.98,34.98,785007071313,Greige,Mexico,Y,Fedex or Truck,UNIT,,,,,,,,,,,,,,"AWC3GBLN4,AWC3GBBN4,AWC3GBSB4,AWC3GBS4,AWC3GCOF4,AWC3GMAC4,AWC3GSBL4,AWC3GSN4,AWM3GBLS4,AWM3GMS4,AWM3GCU4,AWM3GMA4,AWM3GMR1,AWM3GMB4,AWM3GMW4,AWM3GRG4,AWM3GSL4,AWM3GSP4,AWM3GTL4,AWP3GNK4,AWP3GBR4,AWP3GGG4,AWP3GBL4,AWP3GTM4"
AWP4GGG4,"Four-Gang Screwless Wall Plate, Greige",Four-Gang,"AWP4GGG4.jpg,AWP4GGG4_2.jpg,AWP4GGG4_3.jpg,AWP4GGG4_4.jpg,AWP4GGG4_5.jpg,AWP4GGG4_6.jpg",5.13 in H x 8.88 in W x 0.35 in L,0.53,0.03,1,1,adorne,adorne,Plastics Wall Plate,N,20.65,,37.55,37.55,25.18,45.78,45.78,785007071320,Greige,Mexico,Y,Fedex or Truck,UNIT,,,,,,,,,,,,,,"AWC4GBLN4,AWC4GBSB4,AWC4GBS4,AWC4GCOF4,AWC4GMAC4,AWC4GSBL4,AWC4GSN4,AWM4GBLS4,AWM4GMS4,AWM4GCU4,AWM4GMA4,AWM4GMR1,AWM4GMB4,AWM4GMW4,AWM4GRG4,AWM4GSL4,AWM4GSP4,AWM4GTL4,AWP4GNK4,AWP4GBR4,AWP4GGG4,AWP4GBL4,AWP4GTM4"
AWP5GGG1,"Five-Gang Screwless Wall Plate, Greige",Five-Gang,"AWP5GGG1.jpg,AWP5GGG1_2.jpg,AWP5GGG1_3.jpg,AWP5GGG1_4.jpg,AWP5GGG1_5.jpg,AWP5GGG1_6.jpg",5.13 in H x 10.7 in W x 0.35 in L,0.53,0.03,1,1,adorne,adorne,Plastics Wall Plate,N,22.62,,41.12,41.12,27.27,49.58,49.58,785007071337,Greige,Mexico,Y,Fedex or Truck,UNIT,,,,,,,,,,,,,,"AWP5GBR1,AWP5GGG1,AWP5GBL1,AWP5GTM1"
AWP6GGG1,"Six-Gang Screwless Wall Plate, Greige",Six-Gang,"AWP6GGG1.jpg,AWP6GGG1_2.jpg,AWP6GGG1_3.jpg,AWP6GGG1_4.jpg,AWP6GGG1_5.jpg",5.13 in H x 12.5 in W x 0.35 in L,0.53,0.03,1,1,adorne,adorne,Plastics Wall Plate,N,34.33,,62.41,62.41,41.62,75.68,75.68,785007071344,Greige,Mexico,Y,Fedex or Truck,UNIT,,,,,,,,,,,,,,"AWP6GNK1,AWP6GBR1,AWP6GGG1,AWP6GBL1,AWP6GTM1"
AWP1G3MG4,"One-Gang-Plus Screwless Wall Plate, Magnesium",One-Gang-Plus,"AWP1G3MG4.jpg,AWP1G3MG4_2.jpg,AWP1G3MG4_3.jpg,AWP1G3MG4_4.jpg,AWP1G3MG4_5.jpg,AWP1G3MG4_6.jpg",5.13 in H x 3.45 in W x 0.35 in L,0.28,0.01,1,1,adorne,adorne,Plastics Wall Plate,N,7.10,,12.91,12.91,8.40,15.28,15.28,785007050738,Magnesium,Mexico,Y,Fedex or Truck,UNIT,,,,,,,,,,,,,,"AWP1G2EG,AWP1G3WH4,AWP1G3GR4,AWP1G3MG4,AWP1G2MY,AWP1G2OM,AWP1G2PY,AWP1G2RA"
AWP1G2MG6,"One-Gang Screwless Wall Plate, Magnesium",One-Gang,"AWP1G2MG6.jpg,AWP1G2MG6_2.jpg,AWP1G2MG6_3.jpg,AWP1G2MG6_4.jpg,AWP1G2MG6_5.jpg,AWP1G2MG6_6.jpg",5.13 in H x 3.45 in W x 0.35 in L,0.29,0.02,1,1,adorne,adorne,Plastics Wall Plate,N,7.10,,12.91,12.91,8.62,15.68,15.68,785007050769,Magnesium,Mexico,Y,Fedex or Truck,UNIT,,,,,,,,,,,,,,"AWP1G2BR6,AWP1G3EG,AWP1G2WH6,AWP1G2GR6,AWP1G2GG4,AWP1G2MG6,AWP1G3MY,AWP1G3OM,AWP1G3PY,AWP1G3RA,AWP1G2TM6"
AWP2GMG4,"Two-Gang Screwless Wall Plate, Magnesium",Two-Gang,"AWP2GMG4.jpg,AWP2GMG4_2.jpg,AWP2GMG4_3.jpg,AWP2GMG4_4.jpg,AWP2GMG4_5.jpg,AWP2GMG4_6.jpg",5.13 in H x 5.29 in W x 0.35 in L,0.48,0.03,1,1,adorne,adorne,Plastics Wall Plate,N,11.62,,21.12,21.12,13.79,25.08,25.08,785007050745,Magnesium,Mexico,Y,Fedex or Truck,UNIT,,,,,,,,,,,,,,"AWP2GEG,AWP2GWH4,AWP2GGR4,AWP2GMG4,AWP2GMY,AWP2GOM,AWP2GBL4,AWP2GPY,AWP2GRA"
AWP3GMG4,"Three-Gang Screwless Wall Plate, Magnesium",Three-Gang,"AWP3GMG4.jpg,AWP3GMG4_2.jpg,AWP3GMG4_3.jpg,AWP3GMG4_4.jpg,AWP3GMG4_5.jpg,AWP3GMG4_6.jpg",5.13 in H x 7.06 in W x 0.35 in L,0.62,0.03,1,1,adorne,adorne,Plastics Wall Plate,N,16.36,,29.74,29.74,19.90,36.18,36.18,785007050752,Magnesium,Mexico,Y,Fedex or Truck,UNIT,,,,,,,,,,,,,,"AWP3GEG,AWP3GWH4,AWP3GGR4,AWP3GMG4,AWP3GMY,AWP3GOM,AWP3GPY,AWP3GRA"
AWP4GMG4,"Four-Gang Screwless Wall Plate, Magnesium",Four-Gang,"AWP4GMG4.jpg,AWP4GMG4_2.jpg,AWP4GMG4_3.jpg,AWP4GMG4_4.jpg,AWP4GMG4_5.jpg,AWP4GMG4_6.jpg",5.13 in H x 8.88 in W x 0.35 in L,0.76,0.02,1,1,adorne,adorne,Plastics Wall Plate,N,21.11,,38.39,38.39,25.73,46.78,46.78,785007050721,Magnesium,Mexico,Y,Fedex or Truck,UNIT,,,,,,,,,,,,,,"AWP4GEG,AWP4GWH4,AWP4GGR4,AWP4GMG4,AWP4GMY,AWP4GOM,AWP4GPY,AWP4GRA"
AWP5GMG1,"Five-Gang Screwless Wall Plate, Magnesium",Five-Gang,"AWP5GMG1.jpg,AWP5GMG1_2.jpg,AWP5GMG1_3.jpg,AWP5GMG1_4.jpg,AWP5GMG1_5.jpg,AWP5GMG1_6.jpg",5.13 in H x 10.7 in W x 0.35 in L,1,0.07,1,1,adorne,adorne,Plastics Wall Plate,N,26.30,,47.81,47.81,31.72,57.68,57.68,785007050783,Magnesium,Mexico,Y,Fedex or Truck,MASTER,,,,,,,,,,,,,,"AWP5GEG,AWP5GWH1,AWP5GGR1,AWP5GMG1,AWP5GMY,AWP5GOM,AWP5GPY,AWP5GRA"
AWP6GMG1,"Six-Gang Screwless Wall Plate, Magnesium",Six-Gang,"AWP6GMG1.jpg,AWP6GMG1_2.jpg,AWP6GMG1_3.jpg,AWP6GMG1_4.jpg,AWP6GMG1_5.jpg,AWP6GMG1_6.jpg",5.13 in H x 12.5 in W x 0.35 in L,0.32,0.01,1,1,adorne,adorne,Plastics Wall Plate,N,31.92,,58.04,58.04,38.71,70.38,70.38,785007050776,Magnesium,Mexico,Y,Fedex or Truck,UNIT,,,,,,,,,,,,,,"AWP6GEG,AWP6GWH1,AWP6GGR1,AWP6GMG1,AWP6GMY,AWP6GOM,AWP6GPY,AWP6GRA"
AWP1G2MY,"One-Gang-Plus Screwless Wall Plate, Mystic",One-Gang-Plus,"AWP1G2MY.jpg,AWP1G2MY_2.jpg,AWP1G2MY_3.jpg,AWP1G2MY_4.jpg,AWP1G2MY_5.jpg,AWP1G2MY_6.jpg",5.13 in H x 3.45 in W x 0.35 in L,0.32,0.01,1,1,adorne,adorne,Plastics Wall Plate,N,7.48,,13.60,13.60,9.61,17.48,17.48,785007452167,Mystic,Mexico,Y,Fedex or Truck,,,,,,,,,,,,,,,"AWP1G2EG,AWP1G3WH4,AWP1G3GR4,AWP1G3MG4,AWP1G2MY,AWP1G2OM,AWP1G2PY,AWP1G2RA"
AWP1G3MY,"One-Gang Screwless Wall Plate, Mystic",One-Gang,"AWP1G3MY.jpg,AWP1G3MY_2.jpg,AWP1G3MY_3.jpg,AWP1G3MY_4.jpg,AWP1G3MY_5.jpg,AWP1G3MY_6.jpg",5.13 in H x 3.45 in W x 0.35 in L,0.35,0.01,1,1,adorne,adorne,Plastics Wall Plate,N,7.25,,13.19,13.19,9.28,16.88,16.88,785007452174,Mystic,Mexico,Y,Fedex or Truck,,,,,,,,,,,,,,,"AWP1G2BR6,AWP1G3EG,AWP1G2WH6,AWP1G2GR6,AWP1G2GG4,AWP1G2MG6,AWP1G3MY,AWP1G3OM,AWP1G3PY,AWP1G3RA,AWP1G2TM6"
AWP2GMY,"Two-Gang Screwless Wall Plate, Mystic",Two-Gang,"AWP2GMY.jpg,AWP2GMY_2.jpg,AWP2GMY_3.jpg,AWP2GMY_4.jpg,AWP2GMY_5.jpg,AWP2GMY_6.jpg",5.13 in H x 5.29 in W x 0.35 in L,0.55,0.01,1,1,adorne,adorne,Plastics Wall Plate,N,11.85,,21.54,21.54,15.22,27.68,27.68,785007452181,Mystic,Mexico,Y,Fedex or Truck,,,,,,,,,,,,,,,"AWP2GEG,AWP2GWH4,AWP2GGR4,AWP2GMG4,AWP2GMY,AWP2GOM,AWP2GBL4,AWP2GPY,AWP2GRA"
AWP3GMY,"Three-Gang Screwless Wall Plate, Mystic",Three-Gang,"AWP3GMY.jpg,AWP3GMY_2.jpg,AWP3GMY_3.jpg,AWP3GMY_4.jpg,AWP3GMY_5.jpg,AWP3GMY_6.jpg",5.13 in H x 7.06 in W x 0.35 in L,0.71,0.01,1,1,adorne,adorne,Plastics Wall Plate,N,15.59,,28.34,28.34,20.06,36.48,36.48,785007452198,Mystic,Mexico,Y,Fedex or Truck,,,,,,,,,,,,,,,"AWP3GEG,AWP3GWH4,AWP3GGR4,AWP3GMG4,AWP3GMY,AWP3GOM,AWP3GPY,AWP3GRA"
AWP4GMY,"Four-Gang Screwless Wall Plate, Mystic",Four-Gang,"AWP4GMY.jpg,AWP4GMY_2.jpg,AWP4GMY_3.jpg,AWP4GMY_4.jpg,AWP4GMY_5.jpg,AWP4GMY_6.jpg",5.13 in H x 8.88 in W x 0.35 in L,0.8,0.01,1,1,adorne,adorne,Plastics Wall Plate,N,23.07,,41.94,41.94,29.74,54.08,54.08,785007452204,Mystic,Mexico,Y,Fedex or Truck,,,,,,,,,,,,,,,"AWP4GEG,AWP4GWH4,AWP4GGR4,AWP4GMG4,AWP4GMY,AWP4GOM,AWP4GPY,AWP4GRA"
AWP5GMY,"Five-Gang Screwless Wall Plate, Mystic",Five-Gang,"AWP5GMY.jpg,AWP5GMY_2.jpg,AWP5GMY_3.jpg,AWP5GMY_4.jpg,AWP5GMY_5.jpg,AWP5GMY_6.jpg",5.13 in H x 10.7 in W x 0.35 in L,1,0.01,1,1,adorne,adorne,Plastics Wall Plate,N,26.49,,48.17,48.17,34.14,62.08,62.08,785007452211,Mystic,Mexico,Y,Fedex or Truck,,,,,,,,,,,,,,,"AWP5GEG,AWP5GWH1,AWP5GGR1,AWP5GMG1,AWP5GMY,AWP5GOM,AWP5GPY,AWP5GRA"
AWP6GMY,"Six-Gang Screwless Wall Plate, Mystic",Six-Gang,"AWP6GMY.jpg,AWP6GMY_2.jpg,AWP6GMY_3.jpg,AWP6GMY_4.jpg,AWP6GMY_5.jpg,AWP6GMY_6.jpg",5.13 in H x 12.5 in W x 0.35 in L,1,0.01,1,1,adorne,adorne,Plastics Wall Plate,N,32.10,,58.36,58.36,41.40,75.28,75.28,785007452228,Mystic,Mexico,Y,Fedex or Truck,,,,,,,,,,,,,,,"AWP6GEG,AWP6GWH1,AWP6GGR1,AWP6GMG1,AWP6GMY,AWP6GOM,AWP6GPY,AWP6GRA"
AWP1G2OM,"One-Gang-Plus Screwless Wall Plate, Oatmeal",One-Gang-Plus,"AWP1G2OM.jpg,AWP1G2OM_2.jpg,AWP1G2OM_3.jpg,AWP1G2OM_4.jpg,AWP1G2OM_5.jpg,AWP1G2OM_6.jpg",5.13 in H x 3.45 in W x 0.35 in L,0.32,0.01,1,1,adorne,adorne,Plastics Wall Plate,N,7.48,,13.60,13.60,9.61,17.48,17.48,785007452020,Oatmeal,Mexico,Y,Fedex or Truck,,,,,,,,,,,,,,,"AWP1G2EG,AWP1G3WH4,AWP1G3GR4,AWP1G3MG4,AWP1G2MY,AWP1G2OM,AWP1G2PY,AWP1G2RA"
AWP1G3OM,"One-Gang Screwless Wall Plate, Oatmeal",One-Gang,"AWP1G3OM.jpg,AWP1G3OM_2.jpg,AWP1G3OM_3.jpg,AWP1G3OM_4.jpg,AWP1G3OM_5.jpg,AWP1G3OM_6.jpg",5.13 in H x 3.45 in W x 0.35 in L,0.35,0.01,1,1,adorne,adorne,Plastics Wall Plate,N,7.25,,13.19,13.19,9.28,16.88,16.88,785007452037,Oatmeal,Mexico,Y,Fedex or Truck,,,,,,,,,,,,,,,"AWP1G2BR6,AWP1G3EG,AWP1G2WH6,AWP1G2GR6,AWP1G2GG4,AWP1G2MG6,AWP1G3MY,AWP1G3OM,AWP1G3PY,AWP1G3RA,AWP1G2TM6"
AWP2GOM,"Two-Gang Screwless Wall Plate, Oatmeal",Two-Gang,"AWP2GOM.jpg,AWP2GOM_2.jpg,AWP2GOM_3.jpg,AWP2GOM_4.jpg,AWP2GOM_5.jpg,AWP2GOM_6.jpg",5.13 in H x 5.29 in W x 0.35 in L,0.55,0.01,1,1,adorne,adorne,Plastics Wall Plate,N,11.85,,21.54,21.54,15.22,27.68,27.68,785007452044,Oatmeal,Mexico,Y,Fedex or Truck,,,,,,,,,,,,,,,"AWP2GEG,AWP2GWH4,AWP2GGR4,AWP2GMG4,AWP2GMY,AWP2GOM,AWP2GBL4,AWP2GPY,AWP2GRA"
AWP3GOM,"Three-Gang Screwless Wall Plate, Oatmeal",Three-Gang,"AWP3GOM.jpg,AWP3GOM_2.jpg,AWP3GOM_3.jpg,AWP3GOM_4.jpg,AWP3GOM_5.jpg,AWP3GOM_6.jpg",5.13 in H x 7.06 in W x 0.35 in L,0.71,0.01,1,1,adorne,adorne,Plastics Wall Plate,N,15.59,,28.34,28.34,20.06,36.48,36.48,785007452051,Oatmeal,Mexico,Y,Fedex or Truck,,,,,,,,,,,,,,,"AWP3GEG,AWP3GWH4,AWP3GGR4,AWP3GMG4,AWP3GMY,AWP3GOM,AWP3GPY,AWP3GRA"
AWP4GOM,"Four-Gang Screwless Wall Plate, Oatmeal",Four-Gang,"AWP4GOM.jpg,AWP4GOM_2.jpg,AWP4GOM_3.jpg,AWP4GOM_4.jpg,AWP4GOM_5.jpg,AWP4GOM_6.jpg",5.13 in H x 8.88 in W x 0.35 in L,0.8,0.01,1,1,adorne,adorne,Plastics Wall Plate,N,23.07,,41.94,41.94,29.74,54.08,54.08,785007452068,Oatmeal,Mexico,Y,Fedex or Truck,,,,,,,,,,,,,,,"AWP4GEG,AWP4GWH4,AWP4GGR4,AWP4GMG4,AWP4GMY,AWP4GOM,AWP4GPY,AWP4GRA"
AWP5GOM,"Five-Gang Screwless Wall Plate, Oatmeal",Five-Gang,"AWP5GOM.jpg,AWP5GOM_2.jpg,AWP5GOM_3.jpg,AWP5GOM_4.jpg,AWP5GOM_5.jpg,AWP5GOM_6.jpg",5.13 in H x 10.7 in W x 0.35 in L,1,0.01,1,1,adorne,adorne,Plastics Wall Plate,N,26.49,,48.17,48.17,34.14,62.08,62.08,785007452075,Oatmeal,Mexico,Y,Fedex or Truck,,,,,,,,,,,,,,,"AWP5GEG,AWP5GWH1,AWP5GGR1,AWP5GMG1,AWP5GMY,AWP5GOM,AWP5GPY,AWP5GRA"
AWP6GOM,"Six-Gang Screwless Wall Plate, Oatmeal",Six-Gang,"AWP6GOM.jpg,AWP6GOM_2.jpg,AWP6GOM_3.jpg,AWP6GOM_4.jpg,AWP6GOM_5.jpg,AWP6GOM_6.jpg",5.13 in H x 12.5 in W x 0.35 in L,1,0.01,1,1,adorne,adorne,Plastics Wall Plate,N,32.10,,58.36,58.36,41.40,75.28,75.28,785007452082,Oatmeal,Mexico,Y,Fedex or Truck,,,,,,,,,,,,,,,"AWP6GEG,AWP6GWH1,AWP6GGR1,AWP6GMG1,AWP6GMY,AWP6GOM,AWP6GPY,AWP6GRA"
AWP1G3BL4,"One-Gang-Plus Screwless Wall Plate, Pale Blue",One-Gang-Plus,"AWP1G3BL4.jpg,AWP1G3BL4_2.jpg,AWP1G3BL4_3.jpg",5.13 in H x 3.45 in W x 0.35 in L,0.32,0.02,1,1,adorne,adorne,Plastics Wall Plate,N,7.10,,12.91,12.91,8.62,15.68,15.68,785007024623,Pale Blue,Mexico,Y,Fedex or Truck,UNIT,,,,,,,,,,,,,,"AWC1G3BSB4,AWC1G3BS4,AWC1G3COF4,AWC1G3MAC4,AWC1G3SBL4,AWC1G3SN4,AWM1G3BLS4,AWM1G3MS4,AWM1G3CU4,AWM1G3MA4,AWM1G3MR1,AWM1G3MB4,AWM1G3MW4,AWM1G3RG4,AWM1G3SL4,AWM1G3SP4,AWM1G3TL4,AWP1G3NK4,AWP1G3BR4,AWP1G3GG4,AWP1G3BL4,AWP1G3TM4"
AWP1G2BL6,"One-Gang Screwless Wall Plate, Pale Blue",One-Gang,"AWP1G2BL6.jpg,AWP1G2BL6_2.jpg,AWP1G2BL6_3.jpg,AWP1G2BL6_4.jpg",5.13 in H x 3.45 in W x 0.35 in L,0.35,0.02,1,1,adorne,adorne,Plastics Wall Plate,N,7.10,,12.91,12.91,8.62,15.68,15.68,785007024487,Pale Blue,Mexico,Y,Fedex or Truck,UNIT,,,,,,,,,,,,,,"AWC1G2BLN4,AWC1G2BBN4,AWC1G2BSB4,AWC1G2BS4,AWC1G2COF4,AWC1G2MAC4,AWC1G2SBL4,AWC1G2SN4,AWM1G2BLS4,AWM1G2MS4,AWM1G2CU4,AWM1G2MA4,AWM1G2MR1,AWM1G2MB4,AWM1G2MW4,AWM1G2RG4,AWM1G2SL4,AWM1G2SP4,AWM1G2TL4,AWP1G2NK4,AWP1G2BL6"
AWP2GBL4,"Two-Gang Screwless Wall Plate, Pale Blue",Two-Gang,"AWP2GBL4.jpg,AWP2GBL4_2.jpg,AWP2GBL4_3.jpg",5.13 in H x 5.29 in W x 0.35 in L,0.55,0.03,1,1,adorne,adorne,Plastics Wall Plate,N,11.62,,21.12,21.12,13.79,25.08,25.08,785007023824,Pale Blue,Mexico,Y,Fedex or Truck,UNIT,,,,,,,,,,,,,,"AWP2GEG,AWP2GWH4,AWP2GGR4,AWP2GMG4,AWP2GMY,AWP2GOM,AWP2GBL4,AWP2GPY,AWP2GRA"
AWP3GBL4,"Three-Gang Screwless Wall Plate, Pale Blue",Three-Gang,"AWP3GBL4.jpg,AWP3GBL4_2.jpg,AWP3GBL4_3.jpg",5.13 in H x 7.06 in W x 0.35 in L,0.71,0.04,1,1,adorne,adorne,Plastics Wall Plate,N,15.48,,28.14,28.14,18.80,34.18,34.18,785007023855,Pale Blue,Mexico,Y,Fedex or Truck,UNIT,,,,,,,,,,,,,,"AWC3GBLN4,AWC3GBBN4,AWC3GBSB4,AWC3GBS4,AWC3GCOF4,AWC3GMAC4,AWC3GSBL4,AWC3GSN4,AWM3GBLS4,AWM3GMS4,AWM3GCU4,AWM3GMA4,AWM3GMR1,AWM3GMB4,AWM3GMW4,AWM3GRG4,AWM3GSL4,AWM3GSP4,AWM3GTL4,AWP3GNK4,AWP3GBR4,AWP3GGG4,AWP3GBL4,AWP3GTM4"
AWP4GBL4,"Four-Gang Screwless Wall Plate, Pale Blue",Four-Gang,"AWP4GBL4.jpg,AWP4GBL4_2.jpg,AWP4GBL4_3.jpg",5.13 in H x 8.88 in W x 0.35 in L,0.8,0.05,1,1,adorne,adorne,Plastics Wall Plate,N,19.98,,36.32,36.32,24.35,44.28,44.28,785007024753,Pale Blue,Mexico,Y,Fedex or Truck,UNIT,,,,,,,,,,,,,,"AWC4GBLN4,AWC4GBSB4,AWC4GBS4,AWC4GCOF4,AWC4GMAC4,AWC4GSBL4,AWC4GSN4,AWM4GBLS4,AWM4GMS4,AWM4GCU4,AWM4GMA4,AWM4GMR1,AWM4GMB4,AWM4GMW4,AWM4GRG4,AWM4GSL4,AWM4GSP4,AWM4GTL4,AWP4GNK4,AWP4GBR4,AWP4GGG4,AWP4GBL4,AWP4GTM4"
AWP5GBL1,"Five-Gang Screwless Wall Plate, Pale Blue",Five-Gang,"AWP5GBL1.jpg,AWP5GBL1_2.jpg,AWP5GBL1_3.jpg",5.13 in H x 10.7 in W x 0.35 in L,1,0.06,1,1,adorne,adorne,Plastics Wall Plate,N,28.19,,51.26,51.26,34.14,62.08,62.08,785007039023,Pale Blue,Mexico,Y,Fedex or Truck,UNIT,,,,,,,,,,,,,,"AWP5GBR1,AWP5GGG1,AWP5GBL1,AWP5GTM1"
AWP6GBL1,"Six-Gang Screwless Wall Plate, Pale Blue",Six-Gang,"AWP6GBL1.jpg,AWP6GBL1_2.jpg,AWP6GBL1_3.jpg",5.13 in H x 3.45 in W x 0.35 in L,1,0.01,1,1,adorne,adorne,Plastics Wall Plate,N,0.00,,,,41.62,75.68,75.68,785007039108,Pale Blue,,Y,Fedex or Truck,,,,,,,,,,,,,,,"AWP6GNK1,AWP6GBR1,AWP6GGG1,AWP6GBL1,AWP6GTM1"
AWP1G2PY,"One-Gang-Plus Screwless Wall Plate, Peachy",One-Gang-Plus,"AWP1G2PY.jpg,AWP1G2PY_2.jpg,AWP1G2PY_3.jpg,AWP1G2PY_4.jpg,AWP1G2PY_5.jpg,AWP1G2PY_6.jpg",5.13 in H x 3.45 in W x 0.35 in L,0.32,0.01,1,1,adorne,adorne,Plastics Wall Plate,N,7.48,,13.60,13.60,9.61,17.48,17.48,785007452235,Peachy,Mexico,Y,Fedex or Truck,,,,,,,,,,,,,,,"AWP1G2EG,AWP1G3WH4,AWP1G3GR4,AWP1G3MG4,AWP1G2MY,AWP1G2OM,AWP1G2PY,AWP1G2RA"
AWP1G3PY,"One-Gang Screwless Wall Plate, Peachy",One-Gang,"AWP1G3PY.jpg,AWP1G3PY_2.jpg,AWP1G3PY_3.jpg,AWP1G3PY_4.jpg,AWP1G3PY_5.jpg,AWP1G3PY_6.jpg",5.13 in H x 3.45 in W x 0.35 in L,0.35,0.01,1,1,adorne,adorne,Plastics Wall Plate,N,7.25,,13.19,13.19,9.28,16.88,16.88,785007452242,Peachy,Mexico,Y,Fedex or Truck,,,,,,,,,,,,,,,"AWP1G2BR6,AWP1G3EG,AWP1G2WH6,AWP1G2GR6,AWP1G2GG4,AWP1G2MG6,AWP1G3MY,AWP1G3OM,AWP1G3PY,AWP1G3RA,AWP1G2TM6"
AWP2GPY,"Two-Gang Screwless Wall Plate, Peachy",Two-Gang,"AWP2GPY.jpg,AWP2GPY_2.jpg,AWP2GPY_3.jpg,AWP2GPY_4.jpg,AWP2GPY_5.jpg,AWP2GPY_6.jpg",5.13 in H x 5.29 in W x 0.35 in L,0.55,0.01,1,1,adorne,adorne,Plastics Wall Plate,N,11.85,,21.54,21.54,15.22,27.68,27.68,785007453171,Peachy,Mexico,Y,Fedex or Truck,,,,,,,,,,,,,,,"AWP2GEG,AWP2GWH4,AWP2GGR4,AWP2GMG4,AWP2GMY,AWP2GOM,AWP2GBL4,AWP2GPY,AWP2GRA"
AWP3GPY,"Three-Gang Screwless Wall Plate, Peachy",Three-Gang,"AWP3GPY.jpg,AWP3GPY_2.jpg,AWP3GPY_3.jpg,AWP3GPY_4.jpg,AWP3GPY_5.jpg,AWP3GPY_6.jpg",5.13 in H x 7.06 in W x 0.35 in L,0.71,0.01,1,1,adorne,adorne,Plastics Wall Plate,N,15.59,,28.34,28.34,20.06,36.48,36.48,785007453188,Peachy,Mexico,Y,Fedex or Truck,,,,,,,,,,,,,,,"AWP3GEG,AWP3GWH4,AWP3GGR4,AWP3GMG4,AWP3GMY,AWP3GOM,AWP3GPY,AWP3GRA"
AWP4GPY,"Four-Gang Screwless Wall Plate, Peachy",Four-Gang,"AWP4GPY.jpg,AWP4GPY_2.jpg,AWP4GPY_3.jpg,AWP4GPY_4.jpg,AWP4GPY_5.jpg,AWP4GPY_6.jpg",5.13 in H x 8.88 in W x 0.35 in L,0.8,0.01,1,1,adorne,adorne,Plastics Wall Plate,N,23.07,,41.94,41.94,29.74,54.08,54.08,785007453195,Peachy,Mexico,Y,Fedex or Truck,,,,,,,,,,,,,,,"AWP4GEG,AWP4GWH4,AWP4GGR4,AWP4GMG4,AWP4GMY,AWP4GOM,AWP4GPY,AWP4GRA"
AWP5GPY,"Five-Gang Screwless Wall Plate, Peachy",Five-Gang,"AWP5GPY.jpg,AWP5GPY_2.jpg,AWP5GPY_3.jpg,AWP5GPY_4.jpg,AWP5GPY_5.jpg,AWP5GPY_6.jpg",5.13 in H x 10.7 in W x 0.35 in L,1,0.01,1,1,adorne,adorne,Plastics Wall Plate,N,26.49,,48.17,48.17,34.14,62.08,62.08,785007453201,Peachy,Mexico,Y,Fedex or Truck,,,,,,,,,,,,,,,"AWP5GEG,AWP5GWH1,AWP5GGR1,AWP5GMG1,AWP5GMY,AWP5GOM,AWP5GPY,AWP5GRA"
AWP6GPY,"Six-Gang Screwless Wall Plate, Peachy",Six-Gang,"AWP6GPY.jpg,AWP6GPY_2.jpg,AWP6GPY_3.jpg,AWP6GPY_4.jpg,AWP6GPY_5.jpg,AWP6GPY_6.jpg",5.13 in H x 12.5 in W x 0.35 in L,1,0.01,1,1,adorne,adorne,Plastics Wall Plate,N,32.10,,58.36,58.36,41.40,75.28,75.28,785007453218,Peachy,Mexico,Y,Fedex or Truck,,,,,,,,,,,,,,,"AWP6GEG,AWP6GWH1,AWP6GGR1,AWP6GMG1,AWP6GMY,AWP6GOM,AWP6GPY,AWP6GRA"
AWP1G3PW4,Matte White One-Gang-Plus Screwless Wall Plate,Matte White,"AWP1G3PW4.jpg,AWP1G3PW4_2.jpg,AWP1G3PW4_3.jpg,AWP1G3PW4_4.jpg,AWP1G3PW4_5.jpg,AWP1G3PW4_6.jpg",5.13 in H x 3.45 in W x 0.35 in L,0.53,0.01,1,1,adorne,adorne,Plastics Wall Plate,N,7.10,,12.91,12.91,12.80,23.28,23.28,785007071368,Powder White,Mexico,Y,Fedex or Truck,UNIT,,,,,,,,,,,,,,
AWP1G2PW4,Matte White One-Gang Screwless Wall Plate,Matte White,"AWP1G2PW4.jpg,AWP1G2PW4_2.jpg,AWP1G2PW4_3.jpg,AWP1G2PW4_4.jpg,AWP1G2PW4_5.jpg,AWP1G2PW4_6.jpg",5.13 in H x 3.45 in W x 0.35 in L,0.53,0.03,1,1,adorne,adorne,Plastics Wall Plate,N,7.10,,12.91,12.91,12.80,23.28,23.28,785007071351,Powder White,Mexico,Y,Fedex or Truck,UNIT,,,,,,,,,,,,,,
AWP2GPW4,Matte White Two-Gang Screwless Wall Plate,Matte White,"AWP2GPW4.jpg,AWP2GPW4_2.jpg,AWP2GPW4_3.jpg,AWP2GPW4_4.jpg,AWP2GPW4_5.jpg,AWP2GPW4_6.jpg",5.13 in H x 5.29 in W x 0.35 in L,0.53,0.03,1,1,adorne,adorne,Plastics Wall Plate,N,11.62,,21.12,21.12,21.49,39.08,39.08,785007071375,Powder White,Mexico,Y,Fedex or Truck,UNIT,,,,,,,,,,,,,,
AWP3GPW4,Matte White Three-Gang Screwless Wall Plate,Matte White,"AWP3GPW4.jpg,AWP3GPW4_2.jpg,AWP3GPW4_3.jpg,AWP3GPW4_4.jpg,AWP3GPW4_5.jpg,AWP3GPW4_6.jpg",5.13 in H x 7.06 in W x 0.35 in L,0.53,0.03,1,1,adorne,adorne,Plastics Wall Plate,N,16.36,,29.74,29.74,30.62,55.68,55.68,785007071382,Powder White,Mexico,Y,Fedex or Truck,UNIT,,,,,,,,,,,,,,
AWP4GPW4,Matte White Four-Gang Screwless Wall Plate,Matte White,"AWP4GPW4.jpg,AWP4GPW4_2.jpg,AWP4GPW4_3.jpg,AWP4GPW4_4.jpg",5.13 in H x 8.88 in W x 0.35 in L,0.53,0.03,1,1,adorne,adorne,Plastics Wall Plate,N,21.11,,38.39,38.39,39.86,72.48,72.48,785007071399,Powder White,Mexico,Y,Fedex or Truck,UNIT,,,,,,,,,,,,,,
AWP5GPW1,Matte White Five-Gang Screwless Wall Plate,Matte White,"AWP5GPW1.jpg,AWP5GPW1_2.jpg,AWP5GPW1_3.jpg,AWP5GPW1_4.jpg,AWP5GPW1_5.jpg,AWP5GPW1_6.jpg",5.13 in H x 10.7 in W x 0.35 in L,0.53,0.03,1,1,adorne,adorne,Plastics Wall Plate,N,26.30,,47.81,47.81,49.05,89.18,89.18,785007071405,Powder White,Mexico,Y,Fedex or Truck,UNIT,,,,,,,,,,,,,,
AWP6GPW1,Matte White Six-Gang Screwless Wall Plate,Matte White,"AWP6GPW1.jpg,AWP6GPW1_2.jpg,AWP6GPW1_3.jpg,AWP6GPW1_4.jpg,AWP6GPW1_5.jpg,AWP6GPW1_6.jpg",5.13 in H x 12.5 in W x 0.35 in L,0.53,0.03,1,1,adorne,adorne,Plastics Wall Plate,N,31.92,,58.04,58.04,58.01,105.48,105.48,785007071412,Powder White,Mexico,Y,Fedex or Truck,UNIT,,,,,,,,,,,,,,
AWP1G2RA,"One-Gang-Plus Screwless Wall Plate, Rosa",One-Gang-Plus,"AWP1G2RA.jpg,AWP1G2RA_2.jpg,AWP1G2RA_3.jpg,AWP1G2RA_4.jpg,AWP1G2RA_5.jpg,AWP1G2RA_6.jpg",5.13 in H x 3.45 in W x 0.35 in L,0.32,0.01,1,1,adorne,adorne,Plastics Wall Plate,N,7.48,,13.60,13.60,9.61,17.48,17.48,785007453225,Rosa,Mexico,Y,Fedex or Truck,,,,,,,,,,,,,,,"AWP1G2EG,AWP1G3WH4,AWP1G3GR4,AWP1G3MG4,AWP1G2MY,AWP1G2OM,AWP1G2PY,AWP1G2RA"
AWP1G3RA,"One-Gang Screwless Wall Plate, Rosa",One-Gang,"AWP1G3RA.jpg,AWP1G3RA_2.jpg,AWP1G3RA_3.jpg,AWP1G3RA_4.jpg,AWP1G3RA_5.jpg,AWP1G3RA_6.jpg",5.13 in H x 3.45 in W x 0.35 in L,0.35,0.01,1,1,adorne,adorne,Plastics Wall Plate,N,7.25,,13.19,13.19,9.28,16.88,16.88,785007453232,Rosa,Mexico,Y,Fedex or Truck,,,,,,,,,,,,,,,"AWP1G2BR6,AWP1G3EG,AWP1G2WH6,AWP1G2GR6,AWP1G2GG4,AWP1G2MG6,AWP1G3MY,AWP1G3OM,AWP1G3PY,AWP1G3RA,AWP1G2TM6"
AWP2GRA,"Two-Gang Screwless Wall Plate, Rosa",Two-Gang,"AWP2GRA.jpg,AWP2GRA_2.jpg,AWP2GRA_3.jpg,AWP2GRA_4.jpg,AWP2GRA_5.jpg,AWP2GRA_6.jpg",5.13 in H x 5.29 in W x 0.35 in L,0.55,0.01,1,1,adorne,adorne,Plastics Wall Plate,N,11.85,,21.54,21.54,15.22,27.68,27.68,785007453249,Rosa,Mexico,Y,Fedex or Truck,,,,,,,,,,,,,,,"AWP2GEG,AWP2GWH4,AWP2GGR4,AWP2GMG4,AWP2GMY,AWP2GOM,AWP2GBL4,AWP2GPY,AWP2GRA"
AWP3GRA,"Three-Gang Screwless Wall Plate, Rosa",Three-Gang,"AWP3GRA.jpg,AWP3GRA_2.jpg,AWP3GRA_3.jpg,AWP3GRA_4.jpg,AWP3GRA_5.jpg,AWP3GRA_6.jpg",5.13 in H x 7.06 in W x 0.35 in L,0.71,0.01,1,1,adorne,adorne,Plastics Wall Plate,N,15.59,,28.34,28.34,20.06,36.48,36.48,785007453256,Rosa,Mexico,Y,Fedex or Truck,,,,,,,,,,,,,,,"AWP3GEG,AWP3GWH4,AWP3GGR4,AWP3GMG4,AWP3GMY,AWP3GOM,AWP3GPY,AWP3GRA"
AWP4GRA,"Four-Gang Screwless Wall Plate, Rosa",Four-Gang,"AWP4GRA.jpg,AWP4GRA_2.jpg,AWP4GRA_3.jpg,AWP4GRA_4.jpg,AWP4GRA_5.jpg,AWP4GRA_6.jpg",5.13 in H x 8.88 in W x 0.35 in L,0.8,0.01,1,1,adorne,adorne,Plastics Wall Plate,N,23.07,,41.94,41.94,29.74,54.08,54.08,785007453263,Rosa,Mexico,Y,Fedex or Truck,,,,,,,,,,,,,,,"AWP4GEG,AWP4GWH4,AWP4GGR4,AWP4GMG4,AWP4GMY,AWP4GOM,AWP4GPY,AWP4GRA"
AWP5GRA,"Five-Gang Screwless Wall Plate, Rosa",Five-Gang,"AWP5GRA.jpg,AWP5GRA_2.jpg,AWP5GRA_3.jpg,AWP5GRA_4.jpg,AWP5GRA_5.jpg,AWP5GRA_6.jpg",5.13 in H x 10.7 in W x 0.35 in L,1,0.01,1,1,adorne,adorne,Plastics Wall Plate,N,26.49,,48.17,48.17,34.14,62.08,62.08,785007453270,Rosa,Mexico,Y,Fedex or Truck,,,,,,,,,,,,,,,"AWP5GEG,AWP5GWH1,AWP5GGR1,AWP5GMG1,AWP5GMY,AWP5GOM,AWP5GPY,AWP5GRA"
AWP6GRA,"Six-Gang Screwless Wall Plate, Rosa",Six-Gang,"AWP6GRA.jpg,AWP6GRA_2.jpg,AWP6GRA_3.jpg,AWP6GRA_4.jpg,AWP6GRA_5.jpg,AWP6GRA_6.jpg",5.13 in H x 12.5 in W x 0.35 in L,1,0.01,1,1,adorne,adorne,Plastics Wall Plate,N,32.10,,58.36,58.36,41.40,75.28,75.28,785007453287,Rosa,Mexico,Y,Fedex or Truck,,,,,,,,,,,,,,,"AWP6GEG,AWP6GWH1,AWP6GGR1,AWP6GMG1,AWP6GMY,AWP6GOM,AWP6GPY,AWP6GRA"
AWP1G3TM4,"One-Gang-Plus Screwless Wall Plate, Titanium",One-Gang-Plus,"AWP1G3TM4.jpg,AWP1G3TM4_2.jpg,AWP1G3TM4_3.jpg,AWP1G3TM4_4.jpg,AWP1G3TM4_5.jpg",5.13 in H x 3.45 in W x 0.35 in L,0.33,0.01,1,1,adorne,adorne,Plastics Wall Plate,N,6.88,,12.51,12.51,8.29,15.08,15.08,785007024432,Titanium,Mexico,Y,Fedex or Truck,UNIT,,,,,,,,,,,,,,"AWC1G3BSB4,AWC1G3BS4,AWC1G3COF4,AWC1G3MAC4,AWC1G3SBL4,AWC1G3SN4,AWM1G3BLS4,AWM1G3MS4,AWM1G3CU4,AWM1G3MA4,AWM1G3MR1,AWM1G3MB4,AWM1G3MW4,AWM1G3RG4,AWM1G3SL4,AWM1G3SP4,AWM1G3TL4,AWP1G3NK4,AWP1G3BR4,AWP1G3GG4,AWP1G3BL4,AWP1G3TM4"
AWP1G2TM6,"One-Gang Screwless Wall Plate, Titanium",One-Gang,"AWP1G2TM6.jpg,AWP1G2TM6_2.jpg,AWP1G2TM6_3.jpg,AWP1G2TM6_4.jpg,AWP1G2TM6_5.jpg",5.13 in H x 3.45 in W x 0.35 in L,0.32,0.01,1,1,adorne,adorne,Plastics Wall Plate,N,6.48,,11.79,11.79,7.80,14.18,14.18,785007023985,Titanium,Mexico,Y,Fedex or Truck,UNIT,,,,,,,,,,,,,,"AWP1G2BR6,AWP1G3EG,AWP1G2WH6,AWP1G2GR6,AWP1G2GG4,AWP1G2MG6,AWP1G3MY,AWP1G3OM,AWP1G3PY,AWP1G3RA,AWP1G2TM6"
AWP2GTM4,"Two-Gang Screwless Wall Plate, Titanium",Two-Gang,"AWP2GTM4.jpg,AWP2GTM4_2.jpg,AWP2GTM4_3.jpg,AWP2GTM4_4.jpg,AWP2GTM4_5.jpg,AWP2GTM4_6.jpg",5.13 in H x 5.29 in W x 0.35 in L,0.53,0.03,1,1,adorne,adorne,Plastics Wall Plate,N,11.00,,20.00,20.00,13.13,23.88,23.88,785007024760,Titanium,Mexico,Y,Fedex or Truck,UNIT,,,,,,,,,,,,,,"AWC2GBLN4,AWC2GBSB4,AWC2GBS4,AWC2GCOF4,AWC2GMAC4,AWC2GSBL4,AWC2GSN4,AWM2GBLS4,AWM2GMS4,AWM2GCU4,AWM2GMA4,AWM2GMR1,AWM2GMB4,AWM2GMW4,AWM2GRG4,AWM2GSL4,AWM2GSP4,AWM2GTL4,AWP2GNK4,AWP2GBR4,AWP2GGG4,AWP2GTM4"
AWP3GTM4,"Three-Gang Screwless Wall Plate, Titanium",Three-Gang,"AWP3GTM4.jpg,AWP3GTM4_2.jpg,AWP3GTM4_3.jpg,AWP3GTM4_4.jpg,AWP3GTM4_5.jpg,AWP3GTM4_6.jpg",5.13 in H x 7.06 in W x 0.35 in L,0.68,0.03,1,1,adorne,adorne,Plastics Wall Plate,N,14.96,,27.20,27.20,18.19,33.08,33.08,785007023749,Titanium,Mexico,Y,Fedex or Truck,UNIT,,,,,,,,,,,,,,"AWC3GBLN4,AWC3GBBN4,AWC3GBSB4,AWC3GBS4,AWC3GCOF4,AWC3GMAC4,AWC3GSBL4,AWC3GSN4,AWM3GBLS4,AWM3GMS4,AWM3GCU4,AWM3GMA4,AWM3GMR1,AWM3GMB4,AWM3GMW4,AWM3GRG4,AWM3GSL4,AWM3GSP4,AWM3GTL4,AWP3GNK4,AWP3GBR4,AWP3GGG4,AWP3GBL4,AWP3GTM4"
AWP4GTM4,"Four-Gang Screwless Wall Plate, Titanium",Four-Gang,"AWP4GTM4.jpg,AWP4GTM4_2.jpg,AWP4GTM4_3.jpg,AWP4GTM4_4.jpg,AWP4GTM4_5.jpg,AWP4GTM4_6.jpg",5.13 in H x 8.88 in W x 0.35 in L,0.84,0.02,1,1,adorne,adorne,Plastics Wall Plate,N,19.29,,35.08,35.08,23.53,42.78,42.78,785007024685,Titanium,Mexico,Y,Fedex or Truck,UNIT,,,,,,,,,,,,,,"AWC4GBLN4,AWC4GBSB4,AWC4GBS4,AWC4GCOF4,AWC4GMAC4,AWC4GSBL4,AWC4GSN4,AWM4GBLS4,AWM4GMS4,AWM4GCU4,AWM4GMA4,AWM4GMR1,AWM4GMB4,AWM4GMW4,AWM4GRG4,AWM4GSL4,AWM4GSP4,AWM4GTL4,AWP4GNK4,AWP4GBR4,AWP4GGG4,AWP4GBL4,AWP4GTM4"
AWP5GTM1,"Five-Gang Screwless Wall Plate, Titanium",Five-Gang,"AWP5GTM1.jpg,AWP5GTM1_2.jpg,AWP5GTM1_3.jpg,AWP5GTM1_4.jpg,AWP5GTM1_5.jpg",5.13 in H x 10.7 in W x 0.35 in L,1,0.06,1,1,adorne,adorne,Plastics Wall Plate,N,24.88,,45.24,45.24,30.02,54.58,54.58,785007039177,Titanium,Mexico,Y,Fedex or Truck,UNIT,,,,,,,,,,,,,,"AWP5GBR1,AWP5GGG1,AWP5GBL1,AWP5GTM1"
AWP6GTM1,"Six-Gang Screwless Wall Plate, Titanium",Six-Gang,"AWP6GTM1.jpg,AWP6GTM1_2.jpg,AWP6GTM1_3.jpg,AWP6GTM1_4.jpg,AWP6GTM1_5.jpg",5.13 in H x 12.5 in W x 0.35 in L,1,0.06,1,1,adorne,adorne,Plastics Wall Plate,N,30.21,,54.92,54.92,36.56,66.48,66.48,785007039085,Titanium,Mexico,Y,Fedex or Truck,UNIT,,,,,,,,,,,,,,"AWP6GNK1,AWP6GBR1,AWP6GGG1,AWP6GBL1,AWP6GTM1"
WNAR153G1,"15A Smart Outlet with Netatmo Plus-Size, Graphite",15A Smart,"WNAR153G1.jpg,WNAR153G1_2.jpg,WNAR153G1_3.jpg,WNAR153G1_4.jpg,WNAR153G1_5.jpg,WNAR153G1_6.jpg",4.19 in H x 1.73 in W x 1.53 in L,0.5,0.03,1,1,adorne,adorne,Smart Outlet,N,68.20,,124.00,124.00,78.75,143.18,143.18,785007380866,Graphite,China,Y,Fedex or Truck,UNIT,,,,,,,,,,,,,,"WNAR153G1,WNAR153M1,WNAR153W1"
WNAR153M1,"15A Smart Outlet with Netatmo Plus-Size, Magnesium",15A Smart,"WNAR153M1.jpg,WNAR153M1_2.jpg,WNAR153M1_3.jpg,WNAR153M1_4.jpg,WNAR153M1_5.jpg,WNAR153M1_6.jpg",4.19 in H x 1.73 in W x 1.53 in L,0.5,0.03,1,1,adorne,adorne,Smart Outlet,N,68.20,,124.00,124.00,80.51,146.38,146.38,785007380859,Magnesium,China,Y,Fedex or Truck,UNIT,,,,,,,,,,,,,,"WNAR153G1,WNAR153M1,WNAR153W1"
WNAR153W1,"15A Smart Outlet with Netatmo Plus-Size, White",15A Smart,"WNAR153W1.jpg,WNAR153W1_2.jpg,WNAR153W1_3.jpg,WNAR153W1_4.jpg,WNAR153W1_5.jpg,WNAR153W1_6.jpg",4.19 in H x 1.73 in W x 1.53 in L,0.5,0.03,1,1,adorne,adorne,Smart Outlet,N,64.31,,116.93,116.93,76.00,138.18,138.18,785007380842,White,China,Y,Fedex or Truck,UNIT,,,,,,,,,,,,,,"WNAR153G1,WNAR153M1,WNAR153W1"
WNAR203G1,"20A Smart Outlet with Netatmo, Plus-Size, Graphite",20A Smart,"WNAR203G1.jpg,WNAR203G1_2.jpg,WNAR203G1_3.jpg,WNAR203G1_4.jpg,WNAR203G1_5.jpg,WNAR203G1_6.jpg",4.19 in H x 1.73 in W x 1.53 in L,0.5,0.03,1,1,adorne,adorne,Smart Outlet,N,78.31,,142.39,142.39,92.44,168.08,168.08,785007380897,Graphite,China,Y,Fedex or Truck,UNIT,,,,,,,,,,,,,,"WNAR203G1,WNAR203M1,WNAR203W1"
WNAR203M1,"20A Smart Outlet with Netatmo, Plus-, Magnesium",20A Smart,"WNAR203M1.jpg,WNAR203M1_2.jpg,WNAR203M1_3.jpg,WNAR203M1_4.jpg,WNAR203M1_5.jpg,WNAR203M1_6.jpg",4.19 in H x 1.73 in W x 1.53 in L,0.5,0.03,1,1,adorne,adorne,Smart Outlet,N,78.31,,142.39,142.39,87.49,159.08,159.08,785007380880,Magnesium,China,Y,Fedex or Truck,UNIT,,,,,,,,,,,,,,"WNAR203G1,WNAR203M1,WNAR203W1"
WNAR203W1,"20A Smart Outlet with Netatmo, Plus-Size, White",20A Smart,"WNAR203W1.jpg,WNAR203W1_2.jpg,WNAR203W1_3.jpg,WNAR203W1_4.jpg,WNAR203W1_5.jpg,WNAR203W1_6.jpg",4.19 in H x 1.73 in W x 1.53 in L,0.5,0.03,1,1,adorne,adorne,Smart Outlet,N,71.45,,129.91,129.91,84.36,153.38,153.38,785007380873,White,China,Y,Fedex or Truck,UNIT,,,,,,,,,,,,,,"WNAR203G1,WNAR203M1,WNAR203W1"
WNAL63CKITG1,"Remote Smart Dimmer with Netatmo Color, Graphite",Remote Smart,WNAL63CKITG1.jpg,.24 H x 1.75 W x 1.75 L,0.010692,0.01,1,1,adorne,adorne,Smart Color Change Kit,N,5.42,,9.85,9.85,7.25,13.18,13.18,785007450880,Graphite,,Y,Fedex or Truck,,,,,,,,,,,,,,,"WNAL63CKITG1,WNAL63CKITM1,WNAL63CKITW1"
WNAL63CKITM1,"Remote Smart Dimmer with Netatmo, Magnesium",Remote Smart,WNAL63CKITM1.jpg,.24 H x 1.75 W x 1.75 L,0.010692,0.01,1,1,adorne,adorne,Smart Color Change Kit,N,5.42,,9.85,9.85,7.25,13.18,13.18,785007450897,Magnesium,,Y,Fedex or Truck,,,,,,,,,,,,,,,"WNAL63CKITG1,WNAL63CKITM1,WNAL63CKITW1"
WNAL63CKITW1,"Remote Smart Dimmer with Netatmo Color, White",Remote Smart,WNAL63CKITW1.jpg,.24 H x 1.75 W x 1.75 L,0.010692,0.01,1,1,adorne,adorne,Smart Color Change Kit,N,4.94,,8.98,8.98,6.59,11.98,11.98,785007450873,White,,Y,Fedex or Truck,,,,,,,,,,,,,,,"WNAL63CKITG1,WNAL63CKITM1,WNAL63CKITW1"
WNAL23CKITG1,"Remote Smart Switch with Netatmo Color, Graphite",Remote Smart,WNAL23CKITG1.jpg,.24 H x 1.75 W x 1.75 L,0.010692,0.01,1,1,adorne,adorne,Smart Color Change Kit,N,5.42,,9.85,9.85,7.25,13.18,13.18,785007450798,Graphite,,Y,Fedex or Truck,,,,,,,,,,,,,,,"WNAL23CKITG1,WNAL23CKITM1,WNAL23CKITW1"
WNAL23CKITM1,"Remote Smart Switch with Netatmo, Magnesium",Remote Smart,WNAL23CKITM1.jpg,.24 H x 1.75 W x 1.75 L,0.010692,0.01,1,1,adorne,adorne,Smart Color Change Kit,N,5.42,,9.85,9.85,7.25,13.18,13.18,785007450804,Magnesium,,Y,Fedex or Truck,,,,,,,,,,,,,,,"WNAL23CKITG1,WNAL23CKITM1,WNAL23CKITW1"
WNAL23CKITW1,"Remote Smart Switch with Netatmo Color, White",Remote Smart,WNAL23CKITW1.jpg,.24 H x 1.75 W x 1.75 L,0.010692,0.01,1,1,adorne,adorne,Smart Color Change Kit,N,4.94,,8.98,8.98,6.59,11.98,11.98,785007450781,White,,Y,Fedex or Truck,,,,,,,,,,,,,,,"WNAL23CKITG1,WNAL23CKITM1,WNAL23CKITW1"
WNAH1G1,"Smart Gateway with Netatmo, Graphite",Smart Gateway,"WNAH1G1.jpg,WNAH1G1_2.jpg,WNAH1G1_3.jpg,WNAH1G1_4.jpg,WNAH1G1_5.jpg,WNAH1G1_6.jpg",4.2 in H x 1.77 in W x 1.53 in L,0.1,0.03,1,1,adorne,adorne,Smart Gateway,N,102.39,,186.16,186.16,117.69,213.98,213.98,785007380682,Graphite,China,Y,Fedex or Truck,UNIT,,,,,,,,,,,,,,"WNAH1G1,WNAH1M1,WNAH1W1"
WNAH1M1,"Smart Gateway with Netatmo, Magnesium",Smart Gateway,"WNAH1M1.jpg,WNAH1M1_2.jpg,WNAH1M1_3.jpg,WNAH1M1_4.jpg,WNAH1M1_5.jpg,WNAH1M1_6.jpg",4.2 in H x 1.77 in W x 1.53 in L,0.1,0.03,1,1,adorne,adorne,Smart Gateway,N,102.39,,186.16,186.16,116.37,211.58,211.58,785007380675,Magnesium,China,Y,Fedex or Truck,UNIT,,,,,,,,,,,,,,"WNAH1G1,WNAH1M1,WNAH1W1"
WNAH1W1,"Smart Gateway with Netatmo, White",Smart Gateway,"WNAH1W1.jpg,WNAH1W1_2.jpg,WNAH1W1_3.jpg,WNAH1W1_4.jpg,WNAH1W1_5.jpg,WNAH1W1_6.jpg",4.2 in H x 1.77 in W x 1.53 in L,0.1,0.03,1,1,adorne,adorne,Smart Gateway,N,95.47,,173.58,173.58,109.71,199.48,199.48,785007380668,White,China,Y,Fedex or Truck,UNIT,,,,,,,,,,,,,,"WNAH1G1,WNAH1M1,WNAH1W1"
WNAL33CKITG1,"Smart Home/Away Switch with Netatmo, Graphite",Smart Home/Away,WNAL33CKITG1.jpg,.24 H x 1.75 W x 1.75 L,0.010692,0.01,1,1,adorne,adorne,Smart Scene Controller,N,5.42,,9.85,9.85,7.25,13.18,13.18,785007450828,Graphite,,Y,Fedex or Truck,,,,,,,,,,,,,,,"WNAL33CKITG1,WNAL33CKITM1,WNAL33CKITW1"
WNAL33CKITM1,"Smart Home/Away Switch with Netatmo, Magnesium",Smart Home/Away,WNAL33CKITM1.jpg,.24 H x 1.75 W x 1.75 L,0.010692,0.01,1,1,adorne,adorne,Smart Scene Controller,N,5.42,,9.85,9.85,7.25,13.18,13.18,785007450835,Magnesium,,Y,Fedex or Truck,,,,,,,,,,,,,,,"WNAL33CKITG1,WNAL33CKITM1,WNAL33CKITW1"
WNAL33CKITW1,"Smart Home/Away Switch with Netatmo Color, White",Smart Home/Away,WNAL33CKITW1.jpg,.24 H x 1.75 W x 1.75 L,0.010692,0.01,1,1,adorne,adorne,Smart Scene Controller,N,4.94,,8.98,8.98,6.59,11.98,11.98,785007450811,White,,Y,Fedex or Truck,,,,,,,,,,,,,,,"WNAL33CKITG1,WNAL33CKITM1,WNAL33CKITW1"
WNACB40CKITG1,"Smart Scene Controller with Netatmo, Graphite",Smart Scene,WNACB40CKITG1.jpg,.24 H x 1.75 W x 1.75 L,0.010692,0.01,1,1,adorne,adorne,Smart Color Change Kit,N,5.42,,9.85,9.85,7.25,13.18,13.18,785007450910,Graphite,,Y,Fedex or Truck,,,,,,,,,,,,,,,"WNACB40CKITG1,WNACB40CKITM1,WNACB40CKITW1"
WNACB40CKITM1,"Smart Scene Controller with Netatmo, Magnesium",Smart Scene,WNACB40CKITM1.jpg,.24 H x 1.75 W x 1.75 L,0.010692,0.01,1,1,adorne,adorne,Smart Color Change Kit,N,5.42,,9.85,9.85,7.25,13.18,13.18,785007450927,Magnesium,,Y,Fedex or Truck,,,,,,,,,,,,,,,"WNACB40CKITG1,WNACB40CKITM1,WNACB40CKITW1"
WNACB40CKITW1,"Smart Scene Controller with Netatmo Color, White",Smart Scene,WNACB40CKITW1.jpg,.24 H x 1.75 W x 1.75 L,0.010692,0.01,1,1,adorne,adorne,Smart Color Change Kit,N,4.94,,8.98,8.98,6.59,11.98,11.98,785007450903,White,,Y,Fedex or Truck,,,,,,,,,,,,,,,"WNACB40CKITG1,WNACB40CKITM1,WNACB40CKITW1"
WNAH2G1,"Smart Surface-Mount Gateway with Netatmo, Graphite",Smart Surface-,"WNAH2G1.jpg,WNAH2G1_2.jpg,WNAH2G1_3.jpg,WNAH2G1_4.jpg,WNAH2G1_5.jpg,WNAH2G1_6.jpg",4.19 in H x 4.19 in W x 0.56 in L,0.53,0.06,1,1,adorne,adorne,Smart Gateway,N,104.64,,190.25,190.25,113.78,206.88,206.88,785007380712,Graphite,China,Y,Fedex or Truck,UNIT,,,,,,,,,,,,,,"WNAH2G1,WNAH2M1,WNAH2W1"
WNAH2M1,"Smart Surface-Mount Gateway with, Magnesium",Smart Surface-,"WNAH2M1.jpg,WNAH2M1_2.jpg,WNAH2M1_3.jpg,WNAH2M1_4.jpg,WNAH2M1_5.jpg,WNAH2M1_6.jpg",4.19 in H x 4.19 in W x 0.56 in L,0.53,0.06,1,1,adorne,adorne,Smart Gateway,N,104.64,,190.25,190.25,120.33,218.78,218.78,785007380705,Magnesium,China,Y,Fedex or Truck,UNIT,,,,,,,,,,,,,,"WNAH2G1,WNAH2M1,WNAH2W1"
WNAH2W1,"Smart Surface-Mount Gateway with Netatmo, White",Smart Surface-,"WNAH2W1.jpg,WNAH2W1_2.jpg,WNAH2W1_3.jpg,WNAH2W1_4.jpg,WNAH2W1_5.jpg,WNAH2W1_6.jpg",4.19 in H x 4.19 in W x 0.56 in L,0.53,0.06,1,1,adorne,adorne,Smart Gateway,N,95.47,,173.58,173.58,109.71,199.48,199.48,785007380699,White,China,Y,Fedex or Truck,UNIT,,,,,,,,,,,,,,"WNAH2G1,WNAH2M1,WNAH2W1"
WNAL10CKITG1,"Smart Switch with Netatmo Color Change, Graphite",Smart Switch,WNAL10CKITG1.jpg,.24 H x 1.75 W x 1.75 L,0.010692,0.01,1,1,adorne,adorne,Smart Color Change Kit,N,5.42,,9.85,9.85,7.25,13.18,13.18,785007450767,Graphite,,Y,Fedex or Truck,,,,,,,,,,,,,,,"WNAL10CKITG1,WNAL10CKITM1,WNAL10CKITW1"
WNAL10CKITM1,"Smart Switch with Netatmo Color, Magnesium",Smart Switch,WNAL10CKITM1.jpg,.24 H x 1.75 W x 1.75 L,0.010692,0.01,1,1,adorne,adorne,Smart Color Change Kit,N,5.42,,9.85,9.85,7.25,13.18,13.18,785007450774,Magnesium,,Y,Fedex or Truck,,,,,,,,,,,,,,,"WNAL10CKITG1,WNAL10CKITM1,WNAL10CKITW1"
WNAL10CKITW1,"Smart Switch with Netatmo Color Change Kit, White",Smart Switch,WNAL10CKITW1.jpg,.24 H x 1.75 W x 1.75 L,0.010692,0.01,1,1,adorne,adorne,Smart Color Change Kit,N,4.94,,8.98,8.98,6.59,11.98,11.98,785007450750,White,,Y,Fedex or Truck,,,,,,,,,,,,,,,"WNAL10CKITG1,WNAL10CKITM1,WNAL10CKITW1"
WNAH10KITG1,"Smart Switch With Netatmo Starter Kit, Graphite",Smart Switch,"WNAH10KITG1.jpg,WNAH10KITG1_2.jpg,WNAH10KITG1_3.jpg,WNAH10KITG1_4.jpg,WNAH10KITG1_5.jpg,WNAH10KITG1_6.jpg",6.0 in H x 2.31 in W x 7.56 in L,0.36,0.06,1,1,adorne,adorne,Smart Switch,N,199.07,,361.94,361.94,228.90,416.18,416.18,785007380743,Graphite,China,Y,Fedex or Truck,UNIT,,,,,,,,,,,,,,"WNAH10KITG1,WNAH10KITM1,WNAH10KITW1"
WNAH10KITM1,"Smart Switch With Netatmo Starter Kit, Magnesium",Smart Switch,"WNAH10KITM1.jpg,WNAH10KITM1_2.jpg,WNAH10KITM1_3.jpg,WNAH10KITM1_4.jpg,WNAH10KITM1_5.jpg,WNAH10KITM1_6.jpg",6.0 in H x 2.31 in W x 7.56 in L,0.36,0.06,1,1,adorne,adorne,Smart Switch,N,199.07,,361.94,361.94,201.40,366.18,366.18,785007380736,Magnesium,China,Y,Fedex or Truck,UNIT,,,,,,,,,,,,,,"WNAH10KITG1,WNAH10KITM1,WNAH10KITW1"
WNAH10KITW1,"Smart Switch With Netatmo Starter Kit, White",Smart Switch,"WNAH10KITW1.jpg,WNAH10KITW1_2.jpg,WNAH10KITW1_3.jpg,WNAH10KITW1_4.jpg,WNAH10KITW1_5.jpg,WNAH10KITW1_6.jpg",6.0 in H x 2.31 in W x 7.56 in L,0.36,0.06,1,1,adorne,adorne,Smart Switch,N,168.91,,307.11,307.11,194.19,353.08,353.08,785007380729,White,China,Y,Fedex or Truck,UNIT,,,,,,,,,,,,,,"WNAH10KITG1,WNAH10KITM1,WNAH10KITW1"
WNAL10G1,"Smart Switch with Netatmo, Graphite",Smart Switch,"WNAL10G1.jpg,WNAL10G1_2.jpg,WNAL10G1_3.jpg,WNAL10G1_4.jpg,WNAL10G1_5.jpg,WNAL10G1_6.jpg",4.19 in H x 1.73 in W x 1.53 in L,0.18,0.03,1,1,adorne,adorne,Smart Switch,N,62.65,,113.91,113.91,74.02,134.58,134.58,785007380804,Graphite,China,Y,Fedex or Truck,UNIT,,,,,,,,,,,,,,"WNAL10G1,WNAL10M1,WNAL10W1"
WNAL10M1,"Smart Switch with Netatmo, Magnesium",Smart Switch,"WNAL10M1.jpg,WNAL10M1_2.jpg,WNAL10M1_3.jpg,WNAL10M1_4.jpg,WNAL10M1_5.jpg,WNAL10M1_6.jpg",4.19 in H x 1.73 in W x 1.53 in L,0.18,0.03,1,1,adorne,adorne,Smart Switch,N,62.65,,113.91,113.91,74.02,134.58,134.58,785007380798,Magnesium,China,Y,Fedex or Truck,UNIT,,,,,,,,,,,,,,"WNAL10G1,WNAL10M1,WNAL10W1"
WNAL10W1,"Smart Switch with Netatmo, White",Smart Switch,"WNAL10W1.jpg,WNAL10W1_2.jpg,WNAL10W1_3.jpg,WNAL10W1_4.jpg,WNAL10W1_5.jpg,WNAL10W1_6.jpg",4.19 in H x 1.73 in W x 1.53 in L,0.18,0.03,1,1,adorne,adorne,Smart Switch,N,57.16,,103.93,103.93,67.47,122.68,122.68,785007380781,White,China,Y,Fedex or Truck,UNIT,,,,,,,,,,,,,,"WNAL10G1,WNAL10M1,WNAL10W1"
WNAL50G1,"Smart Tru-Universal Dimmer with Netatmo, Graphite",Smart Tru-,"WNAL50G1.jpg,WNAL50G1_2.jpg,WNAL50G1_3.jpg,WNAL50G1_4.jpg,WNAL50G1_5.jpg,WNAL50G1_6.jpg",4.19 in H x 1.73 in W x 1.53 in L,0.35,0.03,1,1,adorne,adorne,Smart Dimmer,N,78.31,,142.39,142.39,92.44,168.08,168.08,785007380835,Graphite,China,Y,Fedex or Truck,UNIT,,,,,,,,,,,,,,"WNAL50G1,WNAL50M1,WNAL50W1"
WNAL50M1,"Smart Tru-Universal Dimmer with Netatmo, Magnesium",Smart Tru-,"WNAL50M1.jpg,WNAL50M1_2.jpg,WNAL50M1_3.jpg,WNAL50M1_4.jpg,WNAL50M1_5.jpg,WNAL50M1_6.jpg",4.19 in H x 1.73 in W x 1.53 in L,0.35,0.03,1,1,adorne,adorne,Smart Dimmer,N,78.31,,142.39,142.39,92.44,168.08,168.08,785007380828,Magnesium,China,Y,Fedex or Truck,UNIT,,,,,,,,,,,,,,"WNAL50G1,WNAL50M1,WNAL50W1"
WNAL50W1,"Smart Tru-Universal Dimmer with Netatmo, White",Smart Tru-,"WNAL50W1.jpg,WNAL50W1_2.jpg,WNAL50W1_3.jpg,WNAL50W1_4.jpg,WNAL50W1_5.jpg,WNAL50W1_6.jpg",4.19 in H x 1.73 in W x 1.53 in L,0.35,0.03,1,1,adorne,adorne,Smart Dimmer,N,71.45,,129.91,129.91,84.36,153.38,153.38,785007380811,White,China,Y,Fedex or Truck,UNIT,,,,,,,,,,,,,,"WNAL50G1,WNAL50M1,WNAL50W1"
WNAL43CKITG1,"Smart Wake/Sleep Switch with Netatmo, Graphite",Smart Wake/Slee,WNAL43CKITG1.jpg,.24 H x 1.75 W x 1.75 L,0.010692,0.01,1,1,adorne,adorne,Smart Color Change Kit,N,5.42,,9.85,9.85,7.25,13.18,13.18,785007450859,Graphite,,Y,Fedex or Truck,,,,,,,,,,,,,,,"WNAL43CKITG1,WNAL43CKITM1,WNAL43CKITW1"
WNAL43CKITM1,"Smart Wake/Sleep Switch with Netatmo, Magnesium",Smart Wake/Slee,WNAL43CKITM1.jpg,.24 H x 1.75 W x 1.75 L,0.010692,0.01,1,1,adorne,adorne,Smart Color Change Kit,N,5.42,,9.85,9.85,7.25,13.18,13.18,785007450866,Magnesium,,Y,Fedex or Truck,,,,,,,,,,,,,,,"WNAL43CKITG1,WNAL43CKITM1,WNAL43CKITW1"
WNAL43CKITW1,"Smart Wake/Sleep Switch with Netatmo, White",Smart Wake/Slee,WNAL43CKITW1.jpg,.24 H x 1.75 W x 1.75 L,0.010692,0.01,1,1,adorne,adorne,Smart Color Change Kit,N,4.94,,8.98,8.98,6.59,11.98,11.98,785007450842,White,,Y,Fedex or Truck,,,,,,,,,,,,,,,"WNAL43CKITG1,WNAL43CKITM1,WNAL43CKITW1"
WNAL34W1,"Wired Home/Away Smart Switch with Netatmo, White",Wired Home/Away,"WNAL34W1.jpg,WNAL34W1_2.jpg,WNAL34W1_3.jpg,WNAL34W1_4.jpg,WNAL34W1_5.jpg",1.45 H x 1.77 W x 2.66 L,0.121695,0.01,1,1,adorne,adorne,Smart Scene Controller,N,57.44,,82.06,82.06,60.38,109.78,109.78,785007446531,White,,Y,Fedex or Truck,,,,,,,,,,,,,,,
WNAL64W1,"Wired Remote Smart Dimmer with Netatmo, White",Wired Remote,"WNAL64W1.jpg,WNAL64W1_2.jpg,WNAL64W1_3.jpg,WNAL64W1_4.jpg,WNAL64W1_5.jpg,WNAL64W1_6.jpg",1.45 H x 1.77 W x 2.66 L,0.121695,0.01,1,1,adorne,adorne,Smart Dimmer,N,46.32,,84.22,84.22,61.97,112.68,112.68,785007446593,White,,Y,Fedex or Truck,,,,,,,,,,,,,,,
WNAL24W1,"Wired Remote Smart Switch with Netatmo, White",Wired Remote,"WNAL24W1.jpg,WNAL24W1_2.jpg,WNAL24W1_3.jpg,WNAL24W1_4.jpg,WNAL24W1_5.jpg",1.45 H x 1.77 W x 2.66 L,0.121695,0.01,1,1,adorne,adorne,Smart Switch,N,57.44,,82.06,82.06,60.38,109.78,109.78,785007446500,White,,Y,Fedex or Truck,,,,,,,,,,,,,,,
WNACB46W1,"Wired Smart Scene Controller with Netatmo, White",Wired Smart,"WNACB46W1.jpg,WNACB46W1_2.jpg,WNACB46W1_3.jpg,WNACB46W1_4.jpg,WNACB46W1_5.jpg,WNACB46W1_6.jpg",1.45 H x 1.77 W x 2.66 L,0.121695,0.01,1,1,adorne,adorne,Smart Scene Controller,N,41.50,,75.45,75.45,55.54,100.98,100.98,785007446470,White,,Y,Fedex or Truck,,,,,,,,,,,,,,,
WNAL44W1,"Wired Wake/Sleep Smart Switch with Netatmo, White",Wired Wake/Slee,"WNAL44W1.jpg,WNAL44W1_2.jpg,WNAL44W1_3.jpg,WNAL44W1_4.jpg,WNAL44W1_5.jpg",1.45 H x 1.77 W x 2.66 L,0.121695,0.01,1,1,adorne,adorne,Smart Scene Controller,N,57.44,,82.06,82.06,60.38,109.78,109.78,785007446562,White,,Y,Fedex or Truck,,,,,,,,,,,,,,,
WNAL33M1,"Wireless Home/Away Smart Switch with, Magnesium",Wireless,"WNAL33M1.jpg,WNAL33M1_2.jpg,WNAL33M1_3.jpg,WNAL33M1_4.jpg,WNAL33M1_5.jpg,WNAL33M1_6.jpg",4.68 in H x 1.79 in W x 0.24 in L,0.18,0.03,1,1,adorne,adorne,Smart Scene Controller,N,50.39,,91.61,91.61,59.44,108.08,108.08,785007380989,Magnesium,China,Y,Fedex or Truck,UNIT,,,,,,,,,,,,,,"WNAL33M1,WNAL33G1,WNAL33W1"
WNAL33G1,"Wireless Home/Away Smart Switch with, Graphite",Wireless,"WNAL33G1.jpg,WNAL33G1_2.jpg,WNAL33G1_3.jpg,WNAL33G1_4.jpg,WNAL33G1_5.jpg,WNAL33G1_6.jpg",4.68 in H x 1.79 in W x 0.24 in L,0.18,0.03,1,1,adorne,adorne,Smart Scene Controller,N,50.39,,91.61,91.61,59.44,108.08,108.08,785007380996,Graphite,China,Y,Fedex or Truck,UNIT,,,,,,,,,,,,,,"WNAL33M1,WNAL33G1,WNAL33W1"
WNAL33W1,"Wireless Home/Away Smart Switch with, White",Wireless,"WNAL33W1.jpg,WNAL33W1_2.jpg,WNAL33W1_3.jpg,WNAL33W1_4.jpg,WNAL33W1_5.jpg,WNAL33W1_6.jpg",4.68 in H x 1.79 in W x 0.24 in L,0.18,0.03,1,1,adorne,adorne,Smart Scene Controller,N,48.59,,88.34,88.34,57.35,104.28,104.28,785007380972,White,China,Y,Fedex or Truck,UNIT,,,,,,,,,,,,,,"WNAL33M1,WNAL33G1,WNAL33W1"
WNAL63M1,"Wireless Remote Smart Dimmer with, Magnesium",Wireless,"WNAL63M1.jpg,WNAL63M1_2.jpg,WNAL63M1_3.jpg,WNAL63M1_4.jpg,WNAL63M1_5.jpg,WNAL63M1_6.jpg",4.68 in H x 1.79 in W x 0.24 in L,0.35,0.03,1,1,adorne,adorne,Smart Scene Controller,N,54.81,,99.66,99.66,64.72,117.68,117.68,785007381351,Magnesium,China,Y,Fedex or Truck,UNIT,,,,,,,,,,,,,,"WNAL63M1,WNAL63G1,WNAL63W1"
WNAL63G1,"Wireless Remote Smart Dimmer with, Graphite",Wireless,"WNAL63G1.jpg,WNAL63G1_2.jpg,WNAL63G1_3.jpg,WNAL63G1_4.jpg,WNAL63G1_5.jpg,WNAL63G1_6.jpg",4.68 in H x 1.79 in W x 0.24 in L,0.35,0.03,1,1,adorne,adorne,Smart Dimmer,N,54.81,,99.66,99.66,64.72,117.68,117.68,785007381368,Graphite,China,Y,Fedex or Truck,UNIT,,,,,,,,,,,,,,"WNAL63M1,WNAL63G1,WNAL63W1"
WNAL63W1,"Wireless Remote Smart Dimmer with Netatmo, White",Wireless,"WNAL63W1.jpg,WNAL63W1_2.jpg,WNAL63W1_3.jpg,WNAL63W1_4.jpg,WNAL63W1_5.jpg,WNAL63W1_6.jpg",4.68 in H x 1.79 in W x 0.24 in L,0.35,0.03,1,1,adorne,adorne,Smart Dimmer,N,50.01,,90.93,90.93,58.95,107.18,107.18,785007381344,White,China,Y,Fedex or Truck,UNIT,,,,,,,,,,,,,,"WNAL63M1,WNAL63G1,WNAL63W1"
WNAL23G1,"Wireless Remote Smart Switch with, Graphite",Wireless,"WNAL23G1.jpg,WNAL23G1_2.jpg,WNAL23G1_3.jpg,WNAL23G1_4.jpg,WNAL23G1_5.jpg,WNAL23G1_6.jpg",4.68 in H x 1.79 in W x 0.24 in L,0.18,0.03,1,1,adorne,adorne,Smart Switch,N,52.11,,94.74,94.74,59.44,108.08,108.08,785007380965,Graphite,China,Y,Fedex or Truck,UNIT,,,,,,,,,,,,,,"WNAL23G1,WNAL23M1,WNAL23W1"
WNAL23M1,"Wireless Remote Smart Switch with, Magnesium",Wireless,"WNAL23M1.jpg,WNAL23M1_2.jpg,WNAL23M1_3.jpg,WNAL23M1_4.jpg,WNAL23M1_5.jpg,WNAL23M1_6.jpg",4.68 in H x 1.79 in W x 0.24 in L,0.18,0.03,1,1,adorne,adorne,Smart Switch,N,52.11,,94.74,94.74,61.48,111.78,111.78,785007380958,Magnesium,China,Y,Fedex or Truck,UNIT,,,,,,,,,,,,,,"WNAL23G1,WNAL23M1,WNAL23W1"
WNAL23W1,"Wireless Remote Smart Switch with Netatmo, White",Wireless,"WNAL23W1.jpg,WNAL23W1_2.jpg,WNAL23W1_3.jpg,WNAL23W1_4.jpg,WNAL23W1_5.jpg,WNAL23W1_6.jpg",4.68 in H x 1.79 in W x 0.24 in L,0.18,0.03,1,1,adorne,adorne,Smart Switch,N,48.59,,88.34,88.34,57.35,104.28,104.28,785007380941,White,China,Y,Fedex or Truck,UNIT,,,,,,,,,,,,,,"WNAL23G1,WNAL23M1,WNAL23W1"
WNACB40M1,"Wireless Smart Scene Controller with, Magnesium",Wireless,"WNACB40M1.jpg,WNACB40M1_2.jpg,WNACB40M1_3.jpg,WNACB40M1_4.jpg,WNACB40M1_5.jpg,WNACB40M1_6.jpg",4.68 in H x 1.79 in W x 0.24 in L,0.18,0.03,1,1,adorne,adorne,Smart Scene Controller,N,48.29,,87.80,87.80,69.84,126.98,126.98,785007432404,Magnesium,China,Y,Fedex or Truck,UNIT,,,,,,,,,,,,,,"WNACB40M1,WNACB40G1,WNACB40W1"
WNACB40G1,"Wireless Smart Scene Controller with, Graphite",Wireless,"WNACB40G1.jpg,WNACB40G1_2.jpg,WNACB40G1_3.jpg,WNACB40G1_4.jpg,WNACB40G1_5.jpg,WNACB40G1_6.jpg",4.68 in H x 1.79 in W x 0.24 in L,0.18,0.03,1,1,adorne,adorne,Smart Scene Controller,N,48.29,,87.80,87.80,69.84,126.98,126.98,785007432411,Graphite,China,Y,Fedex or Truck,UNIT,,,,,,,,,,,,,,"WNACB40M1,WNACB40G1,WNACB40W1"
WNACB40W1,"Wireless Smart Scene Controller with, White",Wireless,"WNACB40W1.jpg,WNACB40W1_2.jpg,WNACB40W1_3.jpg,WNACB40W1_4.jpg,WNACB40W1_5.jpg,WNACB40W1_6.jpg",4.68 in H x 1.79 in W x 0.24 in L,0.18,0.03,1,1,adorne,adorne,Smart Scene Controller,N,44.06,,80.10,80.10,60.65,110.28,110.28,785007432398,White,China,Y,Fedex or Truck,UNIT,,,,,,,,,,,,,,"WNACB40M1,WNACB40G1,WNACB40W1"
WNAL43M1,"Wireless Wake/Sleep Smart Switch with, Magnesium",Wireless,"WNAL43M1.jpg,WNAL43M1_2.jpg,WNAL43M1_3.jpg,WNAL43M1_4.jpg,WNAL43M1_5.jpg,WNAL43M1_6.jpg",4.68 in H x 1.79 in W x 0.24 in L,0.18,0.03,1,1,adorne,adorne,Smart Scene Controller,N,57.26,,104.10,104.10,59.44,108.08,108.08,785007381320,Magnesium,China,Y,Fedex or Truck,UNIT,,,,,,,,,,,,,,"WNAL43M1,WNAL43G1,WNAL43W1"
WNAL43G1,"Wireless Wake/Sleep Smart Switch with, Graphite",Wireless,"WNAL43G1.jpg,WNAL43G1_2.jpg,WNAL43G1_3.jpg,WNAL43G1_4.jpg,WNAL43G1_5.jpg,WNAL43G1_6.jpg",4.68 in H x 1.79 in W x 0.24 in L,0.18,0.03,1,1,adorne,adorne,Smart Scene Controller,N,57.26,,104.10,104.10,67.58,122.88,122.88,785007381337,Graphite,China,Y,Fedex or Truck,UNIT,,,,,,,,,,,,,,"WNAL43M1,WNAL43G1,WNAL43W1"
WNAL43W1,"Wireless Wake/Sleep Smart Switch with, White",Wireless,"WNAL43W1.jpg,WNAL43W1_2.jpg,WNAL43W1_3.jpg,WNAL43W1_4.jpg,WNAL43W1_5.jpg,WNAL43W1_6.jpg",4.68 in H x 1.79 in W x 0.24 in L,0.18,0.03,1,1,adorne,adorne,Smart Scene Controller,N,45.97,,83.58,83.58,54.27,98.68,98.68,785007381313,White,China,Y,Fedex or Truck,UNIT,,,,,,,,,,,,,,"WNAL43M1,WNAL43G1,WNAL43W1"
AFGF152TR,15A TR AFCI/GFCI SELF-TEST RECEPT BN,15A TR AFCI/GFC,,4.2 in H x 1.73 in W x 1.36 in L,0.2,0.02,1,1,radiant,radiant,AFCI Devices,N,35.42,,54.99,,,,,785007055764,Brown,China,Y,Fedex or Truck,UNIT,,,,,,,,,,,,,,
AFGF152TRBK,15A TR AFCI/GFCI SELF-TEST RECEPT BK,15A TR AFCI/GFC,,4.2 in H x 1.73 in W x 1.36 in L,0.2,0.02,1,1,radiant,radiant,AFCI Devices,N,35.42,,54.99,,,,,785007055771,Black,China,Y,Fedex or Truck,UNIT,,,,,,,,,,,,,,
AFGF152TRI,15A TR AFCI/GFCI SELF-TEST RECEPT I,15A TR AFCI/GFC,,4.2 in H x 1.73 in W x 1.36 in L,0.2,0.02,1,1,radiant,radiant,AFCI Devices,N,35.42,,54.99,,,,,785007055733,Ivory,China,Y,Fedex or Truck,UNIT,,,,,,,,,,,,,,
AFGF152TRLA,15A TR AFCI/GFCI SELF-TEST RECEPT LA,15A TR AFCI/GFC,,4.2 in H x 1.73 in W x 1.36 in L,0.2,0.02,1,1,radiant,radiant,AFCI Devices,N,35.42,,54.99,,,,,785007055757,Light Almond,China,Y,Fedex or Truck,UNIT,,,,,,,,,,,,,,
AFGF152TRW,15A TR AFCI/GFCI SELF-TEST RECEPT W,15A TR AFCI/GFC,,4.2 in H x 1.73 in W x 1.36 in L,0.2,0.02,1,1,radiant,radiant,AFCI Devices,N,35.42,,54.99,,,,,785007055740,White,China,Y,Fedex or Truck,UNIT,,,,,,,,,,,,,,
AFGF202TR,20A TR AFCI/GFCI SELF-TEST RECEPT BN,20A TR AFCI/GFC,,4.2 in H x 1.73 in W x 1.36 in L,0.2,0.02,1,1,radiant,radiant,AFCI Devices,N,39.15,,60.99,,,,,785007055825,Brown,China,Y,Fedex or Truck,UNIT,,,,,,,,,,,,,,
AFGF202TRBK,20A TR AFCI/GFCI SELF TEST RECEPT BK,20A TR AFCI/GFC,,4.2 in H x 1.73 in W x 1.36 in L,0.2,0.02,1,1,radiant,radiant,AFCI Devices,N,37.03,,56.99,,,,,785007055832,Black,China,Y,Fedex or Truck,UNIT,,,,,,,,,,,,,,
AFGF202TRGRY,20A TR AFCI/GFCI SELF TEST RECEPT GRY,20A TR AFCI/GFC,,4.2 in H x 1.73 in W x 1.36 in L,0.2,0.02,1,1,radiant,radiant,AFCI Devices,N,37.03,,56.99,,,,,785007055849,Gray,China,Y,Fedex or Truck,UNIT,,,,,,,,,,,,,,
AFGF202TRI,20A TR AFCI/GFCI SELF-TEST RECEPT I,20A TR AFCI/GFC,,4.2 in H x 1.73 in W x 1.36 in L,0.2,0.02,1,1,radiant,radiant,AFCI Devices,N,37.03,,56.99,,,,,785007055795,Ivory,China,Y,Fedex or Truck,UNIT,,,,,,,,,,,,,,
AFGF202TRLA,20A TR AFCI/GFCI SELF TEST RECEPT LA,20A TR AFCI/GFC,,4.2 in H x 1.73 in W x 1.36 in L,0.2,0.02,1,1,radiant,radiant,AFCI Devices,N,37.03,,56.99,,,,,785007055818,Light Almond,China,Y,Fedex or Truck,UNIT,,,,,,,,,,,,,,
RCDLM,"Locator Light Module, Clear",Locator Light,RCDLM.jpg,N/A,0.1,0.01,1,1,radiant,radiant,Combination Devices,N,4.24,,6.99,,5.31,,7.58,785007055139,Clear,China,Y,Fedex or Truck,UNIT,,,,,,,,,,,,,,
RCD38TRBK,"Single Pole/3-Way Switch with 15A Tamper-, Black",Single Pole/3-,"RCD38TRBK.jpg,RCD38TRBK_2.jpg,RCD38TRBK_3.jpg,RCD38TRBK_4.jpg,RCD38TRBK_5.jpg,RCD38TRBK_6.jpg",3.81 in H x 1.29 in W x 1.59 in L,0.2,0.01,1,1,radiant,radiant,Combination Devices,N,19.37,,29.99,,14.15,,20.21,785007055023,Black,China,Y,Fedex or Truck,UNIT,,,,,,,,,,,,,,"RCD38TRBK,RCD38TRDBCC6,RCD38TRGRY,RCD38TRI,RCD38TRLA,RCD38TRNICC6,RCD38TRW"
RCD38TRDBCC6,"Single Pole/3-Way Switch with 15A, Dark Bronze",Single Pole/3-,"RCD38TRDBCC6.jpg,RCD38TRDBCC6_2.jpg,RCD38TRDBCC6_3.jpg,RCD38TRDBCC6_4.jpg,RCD38TRDBCC6_5.jpg,RCD38TRDBCC6_6.jpg",3.81 in H x 1.29 in W x 1.59 in L,0.2,0.01,1,1,radiant,radiant,Combination Devices,N,22.49,,34.99,,38.55,,55.07,785007055122,Dark Bronze,China,Y,Fedex or Truck,UNIT,,,,,,,,,,,,,,"RCD38TRBK,RCD38TRDBCC6,RCD38TRGRY,RCD38TRI,RCD38TRLA,RCD38TRNICC6,RCD38TRW"
RCD38TRGRY,"Single Pole/3-Way Switch with 15A Tamper-, Gray",Single Pole/3-,"RCD38TRGRY.jpg,RCD38TRGRY_2.jpg,RCD38TRGRY_3.jpg,RCD38TRGRY_4.jpg,RCD38TRGRY_5.jpg",3.81 in H x 1.29 in W x 1.59 in L,0.2,0.01,1,1,radiant,radiant,Combination Devices,N,19.37,,29.99,,14.15,,20.21,785007233582,Gray,China,Y,Fedex or Truck,UNIT,,,,,,,,,,,,,,"RCD38TRBK,RCD38TRDBCC6,RCD38TRGRY,RCD38TRI,RCD38TRLA,RCD38TRNICC6,RCD38TRW"
RCD38TRI,"Single Pole/3-Way Switch with 15A Tamper-, Ivory",Single Pole/3-,"RCD38TRI.jpg,RCD38TRI_2.jpg,RCD38TRI_3.jpg,RCD38TRI_4.jpg,RCD38TRI_5.jpg,RCD38TRI_6.jpg",3.81 in H x 1.29 in W x 1.59 in L,0.2,0.01,1,1,radiant,radiant,Combination Devices,N,19.37,,29.99,,14.15,,20.21,785007055047,Ivory,China,Y,Fedex or Truck,UNIT,,,,,,,,,,,,,,"RCD38TRBK,RCD38TRDBCC6,RCD38TRGRY,RCD38TRI,RCD38TRLA,RCD38TRNICC6,RCD38TRW"
RCD38TRLA,"Single Pole/3-Way Switch with 15A, Light Almond",Single Pole/3-,"RCD38TRLA.jpg,RCD38TRLA_2.jpg,RCD38TRLA_3.jpg,RCD38TRLA_4.jpg,RCD38TRLA_5.jpg",3.81 in H x 1.29 in W x 1.59 in L,0.2,0.01,1,1,radiant,radiant,Combination Devices,N,19.37,,29.99,,14.15,,20.21,785007055061,Light Almond,China,Y,Fedex or Truck,UNIT,,,,,,,,,,,,,,"RCD38TRBK,RCD38TRDBCC6,RCD38TRGRY,RCD38TRI,RCD38TRLA,RCD38TRNICC6,RCD38TRW"
RCD38TRNICC6,"Single Pole/3-Way Switch with 15A Tamper-, Nickel",Single Pole/3-,"RCD38TRNICC6.jpg,RCD38TRNICC6_2.jpg,RCD38TRNICC6_3.jpg,RCD38TRNICC6_4.jpg,RCD38TRNICC6_5.jpg,RCD38TRNICC6_6.jpg",3.81 in H x 1.29 in W x 1.59 in L,0.2,0.01,1,1,radiant,radiant,Combination Devices,N,22.49,,34.99,,38.55,,55.07,785007055108,Nickel,China,Y,Fedex or Truck,UNIT,,,,,,,,,,,,,,"RCD38TRBK,RCD38TRDBCC6,RCD38TRGRY,RCD38TRI,RCD38TRLA,RCD38TRNICC6,RCD38TRW"
RCD38TRW,"Single Pole/3-Way Switch with 15A Tamper-, White",Single Pole/3-,"RCD38TRW.jpg,RCD38TRW_2.jpg,RCD38TRW_3.jpg,RCD38TRW_4.jpg,RCD38TRW_5.jpg,RCD38TRW_6.jpg",3.81 in H x 1.29 in W x 1.59 in L,0.2,0.01,1,1,radiant,radiant,Combination Devices,N,19.37,,29.99,,14.15,,20.21,785007055085,White,China,Y,Fedex or Truck,UNIT,,,,,,,,,,,,,,"RCD38TRBK,RCD38TRDBCC6,RCD38TRGRY,RCD38TRI,RCD38TRLA,RCD38TRNICC6,RCD38TRW"
RCD38TR,Single-Pole/3-Way Switch with 15A Tamper-,Single-Pole/3-,"RCD38TR.jpg,RCD38TR_2.jpg,RCD38TR_3.jpg",3.81 in H x 1.29 in W x 1.59 in L,0.24,0.01,1,1,radiant,radiant,Combination Devices,N,19.37,,29.99,,14.15,,20.21,785007109917,Brown,China,Y,Fedex or Truck,UNIT,,,,,,,,,,,,,,
RCD33BK,"Two Single Pole/3-Way Switches, Black",Two Single,"RCD33BK.jpg,RCD33BK_2.jpg,RCD33BK_3.jpg,RCD33BK_4.jpg",3.81 in H x 1.29 in W x 1.59 in L,0.2,0.01,1,1,radiant,radiant,Combination Devices,N,19.35,,29.99,,17.28,,24.69,785007054934,Black,China,Y,Fedex or Truck,UNIT,,,,,,,,,,,,,,"RCD33BK,RCD33DBCC6,RCD33GRY,RCD33I,RCD33LA,RCD33NICC6,RCD33W"
RCD33DBCC6,"Two Single Pole/3-Way Switches, Dark Bronze",Two Single,"RCD33DBCC6.jpg,RCD33DBCC6_2.jpg,RCD33DBCC6_3.jpg,RCD33DBCC6_4.jpg,RCD33DBCC6_5.jpg,RCD33DBCC6_6.jpg",3.81 in H x 1.29 in W x 1.59 in L,0.2,0.01,1,1,radiant,radiant,Combination Devices,N,25.89,,39.99,,37.06,,52.94,785007055016,Dark Bronze,China,Y,Fedex or Truck,UNIT,,,,,,,,,,,,,,"RCD33BK,RCD33DBCC6,RCD33GRY,RCD33I,RCD33LA,RCD33NICC6,RCD33W"
RCD33GRY,"Two Single Pole/3-Way Switches, Gray",Two Single,RCD33GRY.jpg,3.81 in H x 1.29 in W x 1.59 in L,0.2,0.01,1,1,radiant,radiant,Combination Devices,N,19.35,,29.99,,17.28,,24.69,785007233568,Gray,China,Y,Fedex or Truck,UNIT,,,,,,,,,,,,,,"RCD33BK,RCD33DBCC6,RCD33GRY,RCD33I,RCD33LA,RCD33NICC6,RCD33W"
RCD33I,"Two Single Pole/3-Way Switches, Ivory",Two Single,"RCD33I.jpg,RCD33I_2.jpg,RCD33I_3.jpg,RCD33I_4.jpg,RCD33I_5.jpg,RCD33I_6.jpg",3.81 in H x 1.29 in W x 1.59 in L,0.2,0.01,1,1,radiant,radiant,Combination Devices,N,19.35,,29.99,,17.28,,24.69,785007054941,Ivory,China,Y,Fedex or Truck,UNIT,,,,,,,,,,,,,,"RCD33BK,RCD33DBCC6,RCD33GRY,RCD33I,RCD33LA,RCD33NICC6,RCD33W"
RCD33LA,"Two Single Pole/3-Way Switches, Light Almond",Two Single,"RCD33LA.jpg,RCD33LA_2.jpg,RCD33LA_3.jpg,RCD33LA_4.jpg,RCD33LA_5.jpg,RCD33LA_6.jpg",3.81 in H x 1.29 in W x 1.59 in L,0.2,0.01,1,1,radiant,radiant,Combination Devices,N,19.35,,29.99,,17.28,,24.69,785007054958,Light Almond,China,Y,Fedex or Truck,UNIT,,,,,,,,,,,,,,"RCD33BK,RCD33DBCC6,RCD33GRY,RCD33I,RCD33LA,RCD33NICC6,RCD33W"
RCD33NICC6,"Two Single Pole/3-Way Switches, Nickel",Two Single,"RCD33NICC6.jpg,RCD33NICC6_2.jpg,RCD33NICC6_3.jpg,RCD33NICC6_4.jpg,RCD33NICC6_5.jpg,RCD33NICC6_6.jpg",3.81 in H x 1.29 in W x 1.59 in L,0.25,0.01,1,1,radiant,radiant,Combination Devices,N,25.89,,39.99,,37.06,,52.94,785007054996,Nickel,China,Y,Fedex or Truck,UNIT,,,,,,,,,,,,,,"RCD33BK,RCD33DBCC6,RCD33GRY,RCD33I,RCD33LA,RCD33NICC6,RCD33W"
RCD33W,"Two Single Pole/3-Way Switches, White",Two Single,"RCD33W.jpg,RCD33W_2.jpg,RCD33W_3.jpg,RCD33W_4.jpg,RCD33W_5.jpg,RCD33W_6.jpg",3.81 in H x 1.29 in W x 1.59 in L,0.2,0.01,1,1,radiant,radiant,Combination Devices,N,19.35,,29.99,,17.28,,24.69,785007054972,White,China,Y,Fedex or Truck,UNIT,,,,,,,,,,,,,,"RCD33BK,RCD33DBCC6,RCD33GRY,RCD33I,RCD33LA,RCD33NICC6,RCD33W"
RCD11,Two Single-Pole Switches,Two Single-,"RCD11.jpg,RCD11_2.jpg,RCD11_3.jpg,RCD11_4.jpg,RCD11_5.jpg",3.81 in H x 1.29 in W x 1.59 in L,0.2,0.01,1,1,radiant,radiant,Combination Devices,N,12.03,,18.99,,13.20,,18.85,785007060188,Brown,China,Y,Fedex or Truck,UNIT,,,,,,,,,,,,,,"RCD11,RCD11BK,RCD11GRY,RCD11I,RCD11LA,RCD11W"
RCD113,Two Single-Pole Switches & Single Pole/3-Way,Two Single-,"RCD113.jpg,RCD113_2.jpg,RCD113_3.jpg,RCD113_4.jpg",3.81 in H x 1.29 in W x 1.59 in L,0.2,0.01,1,1,radiant,radiant,Combination Devices,N,23.21,,35.99,,21.28,,30.40,785007109900,Brown,China,Y,Fedex or Truck,UNIT,,,,,,,,,,,,,,
RCD113BK,"Two Single-Pole Switches and Single Pole/3-, Black",Two Single-,"RCD113BK.jpg,RCD113BK_2.jpg,RCD113BK_3.jpg,RCD113BK_4.jpg,RCD113BK_5.jpg,RCD113BK_6.jpg",3.81 in H x 1.29 in W x 1.59 in L,0.2,0.01,1,1,radiant,radiant,Combination Devices,N,23.21,,35.99,,21.28,,30.40,785007054736,Black,China,Y,Fedex or Truck,UNIT,,,,,,,,,,,,,,"RCD113BK,RCD113GRY,RCD113I,RCD113LA,RCD113W"
RCD113GRY,"Two Single-Pole Switches and Single Pole/3-, Gray",Two Single-,"RCD113GRY.jpg,RCD113GRY_2.jpg,RCD113GRY_3.jpg,RCD113GRY_4.jpg,RCD113GRY_5.jpg,RCD113GRY_6.jpg",3.81 in H x 1.29 in W x 1.59 in L,0.2,0.01,1,1,radiant,radiant,Combination Devices,N,23.21,,35.99,,21.28,,30.40,785007233544,Gray,China,Y,Fedex or Truck,UNIT,,,,,,,,,,,,,,"RCD113BK,RCD113GRY,RCD113I,RCD113LA,RCD113W"
RCD113I,"Two Single-Pole Switches and Single Pole/3-, Ivory",Two Single-,"RCD113I.jpg,RCD113I_2.jpg,RCD113I_3.jpg,RCD113I_4.jpg,RCD113I_5.jpg",3.81 in H x 1.29 in W x 1.59 in L,0.2,0.01,1,1,radiant,radiant,Combination Devices,N,23.21,,35.99,,21.28,,30.40,785007054743,Ivory,China,Y,Fedex or Truck,UNIT,,,,,,,,,,,,,,"RCD113BK,RCD113GRY,RCD113I,RCD113LA,RCD113W"
RCD113LA,"Two Single-Pole Switches and, Light Almond",Two Single-,"RCD113LA.jpg,RCD113LA_2.jpg,RCD113LA_3.jpg,RCD113LA_4.jpg,RCD113LA_5.jpg,RCD113LA_6.jpg",3.81 in H x 1.29 in W x 1.59 in L,0.2,0.01,1,1,radiant,radiant,Combination Devices,N,23.21,,35.99,,21.28,,30.40,785007054750,Light Almond,China,Y,Fedex or Truck,UNIT,,,,,,,,,,,,,,"RCD113BK,RCD113GRY,RCD113I,RCD113LA,RCD113W"
RCD113W,"Two Single-Pole Switches and Single Pole/3-, White",Two Single-,"RCD113W.jpg,RCD113W_2.jpg,RCD113W_3.jpg,RCD113W_4.jpg,RCD113W_5.jpg,RCD113W_6.jpg",3.81 in H x 1.29 in W x 1.59 in L,0.2,0.01,1,1,radiant,radiant,Combination Devices,N,23.21,,35.99,,21.28,,30.40,785007054774,White,China,Y,Fedex or Truck,UNIT,,,,,,,,,,,,,,"RCD113BK,RCD113GRY,RCD113I,RCD113LA,RCD113W"
RCD11BK,"Two Single-Pole Switches, Black",Two Single-,"RCD11BK.jpg,RCD11BK_2.jpg,RCD11BK_3.jpg",3.81 in H x 1.29 in W x 1.59 in L,0.2,0.01,1,1,radiant,radiant,Combination Devices,N,12.03,,18.99,,13.20,,18.85,785007054828,Black,China,Y,Fedex or Truck,UNIT,,,,,,,,,,,,,,"RCD11,RCD11BK,RCD11GRY,RCD11I,RCD11LA,RCD11W"
RCD11GRY,"Two Single-Pole Switches, Gray",Two Single-,"RCD11GRY.jpg,RCD11GRY_2.jpg,RCD11GRY_3.jpg",3.81 in H x 1.29 in W x 1.59 in L,0.2,0.01,1,1,radiant,radiant,Combination Devices,N,12.03,,18.99,,13.20,,18.85,785007233520,Gray,China,Y,Fedex or Truck,UNIT,,,,,,,,,,,,,,"RCD11,RCD11BK,RCD11GRY,RCD11I,RCD11LA,RCD11W"
RCD11I,"Two Single-Pole Switches, Ivory",Two Single-,"RCD11I.jpg,RCD11I_2.jpg,RCD11I_3.jpg,RCD11I_4.jpg,RCD11I_5.jpg,RCD11I_6.jpg",3.81 in H x 1.29 in W x 1.59 in L,0.2,0.01,1,1,radiant,radiant,Combination Devices,N,12.03,,18.99,,13.20,,18.85,785007054842,Ivory,China,Y,Fedex or Truck,UNIT,,,,,,,,,,,,,,"RCD11,RCD11BK,RCD11GRY,RCD11I,RCD11LA,RCD11W"
RCD11LA,"Two Single-Pole Switches, Light Almond",Two Single-,"RCD11LA.jpg,RCD11LA_2.jpg,RCD11LA_3.jpg,RCD11LA_4.jpg,RCD11LA_5.jpg,RCD11LA_6.jpg",3.81 in H x 1.29 in W x 1.59 in L,0.2,0.01,1,1,radiant,radiant,Combination Devices,N,12.03,,18.99,,13.20,,18.85,785007054866,Light Almond,China,Y,Fedex or Truck,UNIT,,,,,,,,,,,,,,"RCD11,RCD11BK,RCD11GRY,RCD11I,RCD11LA,RCD11W"
RCD11W,"Two Single-Pole Switches, White",Two Single-,"RCD11W.jpg,RCD11W_2.jpg,RCD11W_3.jpg,RCD11W_4.jpg,RCD11W_5.jpg,RCD11W_6.jpg",3.81 in H x 1.29 in W x 1.59 in L,0.2,0.01,1,1,radiant,radiant,Combination Devices,N,12.03,,18.99,,13.20,,18.85,785007054880,White,China,Y,Fedex or Truck,UNIT,,,,,,,,,,,,,,"RCD11,RCD11BK,RCD11GRY,RCD11I,RCD11LA,RCD11W"
RCD33,Two Single-Pole/3-Way Switches,Two Single-,"RCD33.jpg,RCD33_2.jpg,RCD33_3.jpg,RCD33_4.jpg",3.81 in H x 1.29 in W x 1.59 in L,0.2,0.01,1,1,radiant,radiant,Combination Devices,N,19.35,,29.99,,17.28,,24.69,785007109894,Brown,China,Y,Fedex or Truck,UNIT,,,,,,,,,,,,,,
HMKITBK,"Interchangeable Face Cover for Multi-, Black",Interchangeable,,2.625 in H x 1.3 in W x 0 in L,0.05,0.01,1,1,radiant,radiant,Dimmer Kit,N,6.10,,9.99,,11.19,,15.99,785007039726,Black,China,Y,Fedex or Truck,UNIT,,,,,,,,,,,,,,"HMKITBK,HMKIT,HMKITDB,HMKITGRY,HMKITI,HMKITLA,HMKITNI,HMKITW"
HMKIT,"Interchangeable Face Cover for Multi-, Brown",Interchangeable,HMKIT.jpg,2.625 in H x 1.3 in W x 0 in L,0.05,0.01,1,1,radiant,radiant,Dimmer Kit,N,6.10,,9.99,,11.19,,15.99,785007039641,Brown,China,Y,Fedex or Truck,UNIT,,,,,,,,,,,,,,"HMKITBK,HMKIT,HMKITDB,HMKITGRY,HMKITI,HMKITLA,HMKITNI,HMKITW"
HMKITDB,"Interchangeable Face Cover for Multi-, Dark Bronze",Interchangeable,HMKITDB.jpg,2.625 in H x 1.3 in W x 0 in L,0.05,0.01,1,1,radiant,radiant,Dimmer Kit,N,13.90,,21.99,,22.39,,31.98,785007039658,Dark Bronze,China,Y,Fedex or Truck,UNIT,,,,,,,,,,,,,,"HMKITBK,HMKIT,HMKITDB,HMKITGRY,HMKITI,HMKITLA,HMKITNI,HMKITW"
HMKITGRY,"Interchangeable Face Cover for Multi-, Gray",Interchangeable,HMKITGRY.jpg,2.625 in H x 1.3 in W x 0 in L,0.05,0.01,1,1,radiant,radiant,Dimmer Kit,N,6.10,,9.99,,11.19,,15.99,785007039757,Gray,China,Y,Fedex or Truck,UNIT,,,,,,,,,,,,,,"HMKITBK,HMKIT,HMKITDB,HMKITGRY,HMKITI,HMKITLA,HMKITNI,HMKITW"
HMKITI,"Interchangeable Face Cover for Multi-, Ivory",Interchangeable,HMKITI.jpg,2.625 in H x 1.3 in W x 0 in L,0.05,0.01,1,1,radiant,radiant,Dimmer Kit,N,6.10,,9.99,,11.19,,15.99,785007039733,Ivory,China,Y,Fedex or Truck,UNIT,,,,,,,,,,,,,,"HMKITBK,HMKIT,HMKITDB,HMKITGRY,HMKITI,HMKITLA,HMKITNI,HMKITW"
HMKITLA,"Interchangeable Face Cover for, Light Almond",Interchangeable,HMKITLA.jpg,N/A,0.05,0.01,1,1,radiant,radiant,Dimmer Kit,N,6.10,,9.99,,11.19,,15.99,785007039597,Light Almond,China,Y,Fedex or Truck,UNIT,,,,,,,,,,,,,,"HMKITBK,HMKIT,HMKITDB,HMKITGRY,HMKITI,HMKITLA,HMKITNI,HMKITW"
HMKITNI,"Interchangeable Face Cover for Multi-, Nickel",Interchangeable,HMKITNI.jpg,2.625 in H x 1.3 in W x 0 in L,0.05,0.01,1,1,radiant,radiant,Dimmer Kit,N,13.90,,21.99,,22.39,,31.98,785007039573,Nickel,China,Y,Fedex or Truck,UNIT,,,,,,,,,,,,,,"HMKITBK,HMKIT,HMKITDB,HMKITGRY,HMKITI,HMKITLA,HMKITNI,HMKITW"
HMKITW,"Interchangeable Face Cover for Multi-, White",Interchangeable,HMKITW.jpg,N/A,0.05,0.01,1,1,radiant,radiant,Dimmer Kit,N,6.10,,9.99,,11.19,,15.99,785007039566,White,China,Y,Fedex or Truck,UNIT,,,,,,,,,,,,,,"HMKITBK,HMKIT,HMKITDB,HMKITGRY,HMKITI,HMKITLA,HMKITNI,HMKITW"
1597SWTTRBKCCD4,"Combination Single Pole Switch and Tamper-, Black",Combination,"1597SWTTRBKCCD4.jpg,1597SWTTRBKCCD4_2.jpg,1597SWTTRBKCCD4_3.jpg,1597SWTTRBKCCD4_4.jpg,1597SWTTRBKCCD4_5.jpg",4.2 in H x 1.73 in W x 1.03 in L,0.27,0.01,1,1,radiant,radiant,GFCI,N,33.08,,50.99,,39.33,,56.18,785007135718,Black,China,Y,Fedex or Truck,UNIT,,,,,,,,,,,,,,
1597SWTTRICCD4,"Combination Single Pole Switch and Tamper-, Ivory",Combination,"1597SWTTRICCD4.jpg,1597SWTTRICCD4_2.jpg,1597SWTTRICCD4_3.jpg",4.2 in H x 1.73 in W x 1.03 in L,0.27,0.01,1,1,radiant,radiant,GFCI,N,33.08,,50.99,,39.33,,56.18,785007135725,Ivory,China,Y,Fedex or Truck,UNIT,,,,,,,,,,,,,,"1597SWTTRICCD4,1597SWTTRLACCD4,1597SWTTRWCCD4"
1597SWTTRLACCD4,"Combination Single Pole Switch and, Light Almond",Combination,"1597SWTTRLACCD4.jpg,1597SWTTRLACCD4_2.jpg,1597SWTTRLACCD4_3.jpg,1597SWTTRLACCD4_4.jpg",4.2 in H x 1.73 in W x 1.03 in L,0.27,0.01,1,1,radiant,radiant,GFCI,N,33.08,,50.99,,39.33,,56.18,785007135732,Light Almond,China,Y,Fedex or Truck,UNIT,,,,,,,,,,,,,,"1597SWTTRICCD4,1597SWTTRLACCD4,1597SWTTRWCCD4"
1597SWTTRWCCD4,"Combination Single Pole Switch and Tamper-, White",Combination,"1597SWTTRWCCD4.jpg,1597SWTTRWCCD4_2.jpg,1597SWTTRWCCD4_3.jpg,1597SWTTRWCCD4_4.jpg",4.2 in H x 1.73 in W x 1.03 in L,0.27,0.01,1,1,radiant,radiant,GFCI,N,33.08,,50.99,,39.33,,56.18,785007135749,White,China,Y,Fedex or Truck,UNIT,,,,,,,,,,,,,,"1597SWTTRICCD4,1597SWTTRLACCD4,1597SWTTRWCCD4"
1597TRA,"Tamper-Resistant 15A Duplex Self-Test, Brown",Tamper-Resistan,"1597TRA.jpg,1597TRA_2.jpg,1597TRA_3.jpg,1597TRA_4.jpg",4.2 in H x 1.73 in W x 1.03 in L,0.25,0.01,1,1,radiant,radiant,GFCI,N,23.45,,36.99,,32.54,,46.48,785007049091,Brown,China,Y,Fedex or Truck,UNIT,,,,,,,,,,,,,,"1597TRA,1597TRAI,1597TRALA,1597TRAW"
1597TRAI,"Tamper-Resistant 15A Duplex Self-Test, Ivory",Tamper-Resistan,"1597TRAI.jpg,1597TRAI_2.jpg,1597TRAI_3.jpg,1597TRAI_4.jpg,1597TRAI_5.jpg",4.2 in H x 1.73 in W x 1.03 in L,0.25,0.01,1,1,radiant,radiant,GFCI,N,23.45,,36.99,,32.54,,46.48,785007048421,Ivory,China,Y,Fedex or Truck,UNIT,,,,,,,,,,,,,,"1597TRA,1597TRAI,1597TRALA,1597TRAW"
1597TRALA,"Tamper-Resistant 15A Duplex Self-, Light Almond",Tamper-Resistan,"1597TRALA.jpg,1597TRALA_2.jpg,1597TRALA_3.jpg,1597TRALA_4.jpg,1597TRALA_5.jpg",4.2 in H x 1.73 in W x 1.03 in L,0.25,0.01,1,1,radiant,radiant,GFCI,N,23.45,,36.99,,32.54,,46.48,785007047974,Light Almond,China,Y,Fedex or Truck,UNIT,,,,,,,,,,,,,,"1597TRA,1597TRAI,1597TRALA,1597TRAW"
1597TRAW,"Tamper-Resistant 15A Duplex Self-Test, White",Tamper-Resistan,"1597TRAW.jpg,1597TRAW_2.jpg,1597TRAW_3.jpg,1597TRAW_4.jpg",4.2 in H x 1.73 in W x 1.03 in L,0.25,0.01,1,1,radiant,radiant,GFCI,N,23.45,,36.99,,32.54,,46.48,785007047844,White,China,Y,Fedex or Truck,UNIT,,,,,,,,,,,,,,"1597TRA,1597TRAI,1597TRALA,1597TRAW"
1597NTLTRDBCC4,"Tamper-Resistant 15A Duplex Self-, Dark Bronze",Tamper-Resistan,"1597NTLTRDBCC4.jpg,1597NTLTRDBCC4_2.jpg,1597NTLTRDBCC4_3.jpg,1597NTLTRDBCC4_4.jpg,1597NTLTRDBCC4_5.jpg,1597NTLTRDBCC4_6.jpg",4.2 in H x 1.73 in W x 1.03 in L,0.34,0.01,1,1,radiant,radiant,GFCI,N,27.55,,42.99,,37.09,,52.99,785007049510,Dark Bronze,China,Y,Fedex or Truck,UNIT,,,,,,,,,,,,,,"1597NTLTRDBCC4,1597NTLTRI,1597NTLTRLA,1597NTLTRW"
1597NTLTRI,"Tamper-Resistant 15A Duplex Self-Test, Ivory",Tamper-Resistan,"1597NTLTRI.jpg,1597NTLTRI_2.jpg,1597NTLTRI_3.jpg,1597NTLTRI_4.jpg",4.2 in H x 1.73 in W x 1.03 in L,0.25,0.01,1,1,radiant,radiant,GFCI,N,24.90,,38.99,,31.08,,44.40,785007127706,Ivory,China,Y,Fedex or Truck,UNIT,,,,,,,,,,,,,,"1597NTLTRDBCC4,1597NTLTRI,1597NTLTRLA,1597NTLTRW"
1597NTLTRLA,"Tamper-Resistant 15A Duplex Self-, Light Almond",Tamper-Resistan,"1597NTLTRLA.jpg,1597NTLTRLA_2.jpg,1597NTLTRLA_3.jpg,1597NTLTRLA_4.jpg",4.2 in H x 1.73 in W x 1.03 in L,0.25,0.01,1,1,radiant,radiant,GFCI,N,24.90,,38.99,,31.08,,44.40,785007127713,Light Almond,China,Y,Fedex or Truck,UNIT,,,,,,,,,,,,,,"1597NTLTRDBCC4,1597NTLTRI,1597NTLTRLA,1597NTLTRW"
1597NTLTRNICC4,Tamper-Resistant 15A Duplex Self-Test GFCI,Tamper-Resistan,"1597NTLTRNICC4.jpg,1597NTLTRNICC4_2.jpg,1597NTLTRNICC4_3.jpg,1597NTLTRNICC4_4.jpg,1597NTLTRNICC4_5.jpg,1597NTLTRNICC4_6.jpg",4.2 in H x 1.73 in W x 1.03 in L,0.34,0.01,1,1,radiant,radiant,GFCI,N,27.55,,42.99,,37.09,,52.99,785007049527,,China,Y,Fedex or Truck,UNIT,,,,,,,,,,,,,,
1597NTLTRW,"Tamper-Resistant 15A Duplex Self-Test, White",Tamper-Resistan,"1597NTLTRW.jpg,1597NTLTRW_2.jpg,1597NTLTRW_3.jpg",4.2 in H x 1.73 in W x 1.03 in L,0.25,0.01,1,1,radiant,radiant,GFCI,N,24.90,,38.99,,31.08,,44.40,785007127690,White,China,Y,Fedex or Truck,UNIT,,,,,,,,,,,,,,"1597NTLTRDBCC4,1597NTLTRI,1597NTLTRLA,1597NTLTRW"
1597TRBK,"Tamper-Resistant 15A Duplex Self-Test, Black",Tamper-Resistan,,4.2 in H x 1.73 in W x 1.13 in L,0.25,0.01,1,1,radiant,radiant,GFCI,N,18.82,,28.99,,24.98,,35.68,785007048636,Black,,Y,Fedex or Truck,,,,,,,,,,,,,,,"1597TRBK,1597TR,1597TRGRY,1597TRI,1597TRLA,1597TRW"
1597TR,"Tamper-Resistant 15A Duplex Self-Test, Brown",Tamper-Resistan,"1597TR.jpg,1597TR_2.jpg,1597TR_3.jpg,1597TR_4.jpg,1597TR_5.jpg,1597TR_6.jpg",4.2 in H x 1.73 in W x 1.13 in L,0.25,0.01,1,1,radiant,radiant,GFCI,N,18.82,,28.99,,24.98,,35.68,785007036251,Brown,China,Y,Fedex or Truck,UNIT,,,,,,,,,,,,,,"1597TRBK,1597TR,1597TRGRY,1597TRI,1597TRLA,1597TRW"
1597TRDBCC4,"Tamper-Resistant 15A Duplex Self-, Dark Bronze",Tamper-Resistan,"1597TRDBCC4.jpg,1597TRDBCC4_2.jpg,1597TRDBCC4_3.jpg,1597TRDBCC4_4.jpg",4.2 in H x 1.73 in W x 1.13 in L,0.34,0.01,1,1,radiant,radiant,GFCI,N,26.30,,40.99,,30.22,,43.17,785007049244,Dark Bronze,China,Y,Fedex or Truck,UNIT,,,,,,,,,,,,,,"1597TRDBCC4,1597TRGCC4,1597TRNICC4"
1597TRGCC4,"Tamper-Resistant 15A Duplex Self-Test, Graphite",Tamper-Resistan,"1597TRGCC4.jpg,1597TRGCC4_2.jpg,1597TRGCC4_3.jpg,1597TRGCC4_4.jpg",4.2 in H x 1.73 in W x 1.13 in L,0.39,0.01,1,1,radiant,radiant,GFCI,N,26.30,,40.99,,30.22,,43.17,785007173727,Graphite,China,Y,Fedex or Truck,UNIT,,,,,,,,,,,,,,"1597TRDBCC4,1597TRGCC4,1597TRNICC4"
1597TRGRY,"Tamper-Resistant 15A Duplex Self-Test GFCI, Gray",Tamper-Resistan,"1597TRGRY.jpg,1597TRGRY_2.jpg,1597TRGRY_3.jpg,1597TRGRY_4.jpg",4.2 in H x 1.73 in W x 1.13 in L,0.25,0.01,1,1,radiant,radiant,GFCI,N,18.82,,28.99,,24.98,,35.68,785007036091,Gray,China,Y,Fedex or Truck,UNIT,,,,,,,,,,,,,,"1597TRBK,1597TR,1597TRGRY,1597TRI,1597TRLA,1597TRW"
1597TRI,"Tamper-Resistant 15A Duplex Self-Test, Ivory",Tamper-Resistan,"1597TRI.jpg,1597TRI_2.jpg,1597TRI_3.jpg,1597TRI_4.jpg,1597TRI_5.jpg,1597TRI_6.jpg",4.2 in H x 1.73 in W x 1.13 in L,0.25,0.01,1,1,radiant,radiant,GFCI,N,18.82,,28.99,,24.98,,35.68,785007035742,Ivory,China,Y,Fedex or Truck,UNIT,,,,,,,,,,,,,,"1597TRBK,1597TR,1597TRGRY,1597TRI,1597TRLA,1597TRW"
1597TRLA,"Tamper-Resistant 15A Duplex Self-, Light Almond",Tamper-Resistan,"1597TRLA.jpg,1597TRLA_2.jpg,1597TRLA_3.jpg,1597TRLA_4.jpg,1597TRLA_5.jpg,1597TRLA_6.jpg",4.2 in H x 1.73 in W x 1.13 in L,0.25,0.01,1,1,radiant,radiant,GFCI,N,18.82,,28.99,,24.98,,35.68,785007035797,Light Almond,China,Y,Fedex or Truck,UNIT,,,,,,,,,,,,,,"1597TRBK,1597TR,1597TRGRY,1597TRI,1597TRLA,1597TRW"
1597TRNICC4,"Tamper-Resistant 15A Duplex Self-Test, Nickel",Tamper-Resistan,"1597TRNICC4.jpg,1597TRNICC4_2.jpg,1597TRNICC4_3.jpg,1597TRNICC4_4.jpg,1597TRNICC4_5.jpg,1597TRNICC4_6.jpg",4.2 in H x 1.73 in W x 1.13 in L,0.34,0.01,1,1,radiant,radiant,GFCI,N,26.30,,40.99,,30.22,,43.17,785007049398,Nickel,China,Y,Fedex or Truck,UNIT,,,,,,,,,,,,,,"1597TRDBCC4,1597TRGCC4,1597TRNICC4"
1597TRW,"Tamper-Resistant 15A Duplex Self-Test, White",Tamper-Resistan,"1597TRW.jpg,1597TRW_2.jpg,1597TRW_3.jpg,1597TRW_4.jpg,1597TRW_5.jpg,1597TRW_6.jpg",4.2 in H x 1.73 in W x 1.13 in L,0.25,0.01,1,1,radiant,radiant,GFCI,N,18.82,,28.99,,24.98,,35.68,785007035759,White,China,Y,Fedex or Truck,UNIT,,,,,,,,,,,,,,"1597TRBK,1597TR,1597TRGRY,1597TRI,1597TRLA,1597TRW"
1597TRSGLBK,"Tamper-Resistant 15A Simplex Self-Test, Black",Tamper-Resistan,"1597TRSGLBK.jpg,1597TRSGLBK_2.jpg,1597TRSGLBK_3.jpg,1597TRSGLBK_4.jpg,1597TRSGLBK_5.jpg",4.2 in H x 1.73 in W x 1.03 in L,0.25,0.01,1,10,radiant,radiant,GFCI,N,31.86,,49.99,,45.84,,65.49,785007381498,Black,China,Y,Fedex or Truck,UNIT,,,,,,,,,,,,,,"1597TRSGLBK,1597TRSGL,1597TRSGLI"
1597TRSGL,"Tamper-Resistant 15A Simplex Self-Test, Brown",Tamper-Resistan,"1597TRSGL.jpg,1597TRSGL_2.jpg,1597TRSGL_3.jpg,1597TRSGL_4.jpg",4.2 in H x 1.73 in W x 1.03 in L,0.25,0.01,1,10,radiant,radiant,GFCI,N,31.86,,49.99,,45.84,,65.49,785007381467,Brown,China,Y,Fedex or Truck,UNIT,,,,,,,,,,,,,,"1597TRSGLBK,1597TRSGL,1597TRSGLI"
1597TRSGLI,"Tamper-Resistant 15A Simplex Self-Test, Ivory",Tamper-Resistan,"1597TRSGLI.jpg,1597TRSGLI_2.jpg,1597TRSGLI_3.jpg,1597TRSGLI_4.jpg,1597TRSGLI_5.jpg",4.2 in H x 1.73 in W x 1.03 in L,0.25,0.01,1,1,radiant,radiant,GFCI,N,31.86,,49.99,,45.84,,65.49,785007381450,Ivory,China,Y,Fedex or Truck,UNIT,,,,,,,,,,,,,,"1597TRSGLBK,1597TRSGL,1597TRSGLI"
2097TRBK,"Tamper-Resistant 20A Duplex Self-Test, Black",Tamper-Resistan,"2097TRBK.jpg,2097TRBK_2.jpg,2097TRBK_3.jpg,2097TRBK_4.jpg,2097TRBK_5.jpg,2097TRBK_6.jpg",4.2 in H x 1.73 in W x 1.13 in L,0.25,0.01,1,1,radiant,radiant,GFCI,N,20.32,,31.99,,27.22,,38.88,785007035766,Black,China,Y,Fedex or Truck,UNIT,,,,,,,,,,,,,,"2097TRBK,2097TR,2097TRGRY,2097TRI,2097TRLA,2097TRRED,2097TRW"
2097TR,"Tamper-Resistant 20A Duplex Self-Test, Brown",Tamper-Resistan,"2097TR.jpg,2097TR_2.jpg,2097TR_3.jpg,2097TR_4.jpg,2097TR_5.jpg",4.2 in H x 1.73 in W x 1.13 in L,0.25,0.01,1,1,radiant,radiant,GFCI,N,20.32,,31.99,,27.22,,38.88,785007036152,Brown,China,Y,Fedex or Truck,UNIT,,,,,,,,,,,,,,"2097TRBK,2097TR,2097TRGRY,2097TRI,2097TRLA,2097TRRED,2097TRW"
2097TRDBCC4,"Tamper-Resistant 20A Duplex Self-, Dark Bronze",Tamper-Resistan,"2097TRDBCC4.jpg,2097TRDBCC4_2.jpg,2097TRDBCC4_3.jpg,2097TRDBCC4_4.jpg,2097TRDBCC4_5.jpg,2097TRDBCC4_6.jpg",4.2 in H x 1.73 in W x 1.13 in L,0.27,0.01,1,1,radiant,radiant,GFCI,N,28.06,,43.99,,40.14,,57.35,785007248623,Dark Bronze,China,Y,Fedex or Truck,UNIT,,,,,,,,,,,,,,"2097TRDBCC4,2097TRGCC4,2097TRNICC4"
2097TRGCC4,"Tamper-Resistant 20A Duplex Self-Test, Graphite",Tamper-Resistan,"2097TRGCC4.jpg,2097TRGCC4_2.jpg,2097TRGCC4_3.jpg,2097TRGCC4_4.jpg,2097TRGCC4_5.jpg,2097TRGCC4_6.jpg",4.2 in H x 1.73 in W x 1.13 in L,0.27,0.01,1,1,radiant,radiant,GFCI,N,28.06,,43.99,,40.14,,57.35,785007248647,Graphite,China,Y,Fedex or Truck,UNIT,,,,,,,,,,,,,,"2097TRDBCC4,2097TRGCC4,2097TRNICC4"
2097TRGRY,"Tamper-Resistant 20A Duplex Self-Test GFCI, Gray",Tamper-Resistan,"2097TRGRY.jpg,2097TRGRY_2.jpg,2097TRGRY_3.jpg,2097TRGRY_4.jpg,2097TRGRY_5.jpg,2097TRGRY_6.jpg",4.2 in H x 1.73 in W x 1.13 in L,0.25,0.01,1,1,radiant,radiant,GFCI,N,20.32,,31.99,,27.22,,38.88,785007036282,Gray,China,Y,Fedex or Truck,UNIT,,,,,,,,,,,,,,"2097TRBK,2097TR,2097TRGRY,2097TRI,2097TRLA,2097TRRED,2097TRW"
2097TRI,"Tamper-Resistant 20A Duplex Self-Test, Ivory",Tamper-Resistan,"2097TRI.jpg,2097TRI_2.jpg,2097TRI_3.jpg,2097TRI_4.jpg,2097TRI_5.jpg,2097TRI_6.jpg",4.2 in H x 1.73 in W x 1.13 in L,0.25,0.01,1,1,radiant,radiant,GFCI,N,20.32,,31.99,,27.22,,38.88,785007036275,Ivory,China,Y,Fedex or Truck,UNIT,,,,,,,,,,,,,,"2097TRBK,2097TR,2097TRGRY,2097TRI,2097TRLA,2097TRRED,2097TRW"
2097TRLA,"Tamper-Resistant 20A Duplex Self-, Light Almond",Tamper-Resistan,"2097TRLA.jpg,2097TRLA_2.jpg,2097TRLA_3.jpg,2097TRLA_4.jpg,2097TRLA_5.jpg,2097TRLA_6.jpg",4.2 in H x 1.73 in W x 1.13 in L,0.25,0.01,1,1,radiant,radiant,GFCI,N,20.32,,31.99,,27.22,,38.88,785007036213,Light Almond,China,Y,Fedex or Truck,UNIT,,,,,,,,,,,,,,"2097TRBK,2097TR,2097TRGRY,2097TRI,2097TRLA,2097TRRED,2097TRW"
2097TRNICC4,"Tamper-Resistant 20A Duplex Self-Test, Nickel",Tamper-Resistan,"2097TRNICC4.jpg,2097TRNICC4_2.jpg,2097TRNICC4_3.jpg,2097TRNICC4_4.jpg,2097TRNICC4_5.jpg,2097TRNICC4_6.jpg",4.2 in H x 1.73 in W x 1.13 in L,0.27,0.01,1,1,radiant,radiant,GFCI,N,28.06,,43.99,,40.14,,57.35,785007248630,Nickel,China,Y,Fedex or Truck,UNIT,,,,,,,,,,,,,,"2097TRDBCC4,2097TRGCC4,2097TRNICC4"
2097TRRED,"Tamper-Resistant 20A Duplex Self-Test GFCI, Red",Tamper-Resistan,"2097TRRED.jpg,2097TRRED_2.jpg,2097TRRED_3.jpg,2097TRRED_4.jpg,2097TRRED_5.jpg,2097TRRED_6.jpg",4.2 in H x 1.73 in W x 1.13 in L,0.25,0.01,1,1,radiant,radiant,GFCI,N,20.32,,31.99,,27.22,,38.88,785007035681,Red,China,Y,Fedex or Truck,UNIT,,,,,,,,,,,,,,"2097TRBK,2097TR,2097TRGRY,2097TRI,2097TRLA,2097TRRED,2097TRW"
2097TRW,"Tamper-Resistant 20A Duplex Self-Test, White",Tamper-Resistan,"2097TRW.jpg,2097TRW_2.jpg,2097TRW_3.jpg,2097TRW_4.jpg,2097TRW_5.jpg,2097TRW_6.jpg",4.2 in H x 1.73 in W x 1.13 in L,0.25,0.01,1,1,radiant,radiant,GFCI,N,20.32,,31.99,,27.22,,38.88,785007035872,White,China,Y,Fedex or Truck,UNIT,,,,,,,,,,,,,,"2097TRBK,2097TR,2097TRGRY,2097TRI,2097TRLA,2097TRRED,2097TRW"
2097NTLTRGRY,"Tamper-Resistant 20A Duplex Self-Test GFCI, Gray",Tamper-Resistan,"2097NTLTRGRY.jpg,2097NTLTRGRY_2.jpg,2097NTLTRGRY_3.jpg,2097NTLTRGRY_4.jpg",4.2 in H x 1.73 in W x 1.03 in L,0.25,0.01,1,1,radiant,radiant,GFCI,N,27.82,,42.99,,33.22,,47.46,785007048551,Gray,China,Y,Fedex or Truck,UNIT,,,,,,,,,,,,,,"2097NTLTRGRY,2097NTLTRI,2097NTLTRLA,2097NTLTRW"
2097NTLTRI,"Tamper-Resistant 20A Duplex Self-Test, Ivory",Tamper-Resistan,"2097NTLTRI.jpg,2097NTLTRI_2.jpg,2097NTLTRI_3.jpg,2097NTLTRI_4.jpg",4.2 in H x 1.73 in W x 1.03 in L,0.25,0.01,1,1,radiant,radiant,GFCI,N,27.82,,42.99,,33.22,,47.46,785007048438,Ivory,China,Y,Fedex or Truck,UNIT,,,,,,,,,,,,,,"2097NTLTRGRY,2097NTLTRI,2097NTLTRLA,2097NTLTRW"
2097NTLTRLA,"Tamper-Resistant 20A Duplex Self-, Light Almond",Tamper-Resistan,"2097NTLTRLA.jpg,2097NTLTRLA_2.jpg,2097NTLTRLA_3.jpg,2097NTLTRLA_4.jpg",4.2 in H x 1.73 in W x 1.03 in L,0.25,0.01,1,1,radiant,radiant,GFCI,N,27.82,,42.99,,33.22,,47.46,785007048407,Light Almond,China,Y,Fedex or Truck,UNIT,,,,,,,,,,,,,,"2097NTLTRGRY,2097NTLTRI,2097NTLTRLA,2097NTLTRW"
2097NTLTRW,"Tamper-Resistant 20A Duplex Self-Test, White",Tamper-Resistan,"2097NTLTRW.jpg,2097NTLTRW_2.jpg,2097NTLTRW_3.jpg,2097NTLTRW_4.jpg",4.2 in H x 1.73 in W x 1.03 in L,0.25,0.01,1,1,radiant,radiant,GFCI,N,27.82,,42.99,,33.22,,47.46,785007047790,White,China,Y,Fedex or Truck,UNIT,,,,,,,,,,,,,,"2097NTLTRGRY,2097NTLTRI,2097NTLTRLA,2097NTLTRW"
1597TRAPLW,"Tamper-Resistant Sensitive Appliance 15A, White",Tamper-Resistan,"1597TRAPLW.jpg,1597TRAPLW_2.jpg,1597TRAPLW_3.jpg",4.2 in H x 1.73 in W x 1.03 in L,0.25,0.01,1,1,radiant,radiant,GFCI,N,27.58,,42.99,,41.47,,59.25,785007381412,White,China,Y,Fedex or Truck,UNIT,,,,,,,,,,,,,,
2097TRAPLW,"Tamper-Resistant Sensitive Appliance, White",Tamper-Resistan,"2097TRAPLW.jpg,2097TRAPLW_2.jpg,2097TRAPLW_3.jpg,2097TRAPLW_4.jpg,2097TRAPLW_5.jpg",4.2 in H x 1.73 in W x 1.03 in L,0.25,0.01,1,1,radiant,radiant,GFCI,N,29.49,,45.99,,48.02,,68.60,785007381429,White,China,Y,Fedex or Truck,UNIT,,,,,,,,,,,,,,
1597TRWRBK,"Tamper-Resistant Weather-Resistant 15A, Black",Tamper-Resistan,"1597TRWRBK.jpg,1597TRWRBK_2.jpg,1597TRWRBK_3.jpg,1597TRWRBK_4.jpg,1597TRWRBK_5.jpg,1597TRWRBK_6.jpg",4.2 in H x 1.73 in W x 1.13 in L,0.25,0.01,1,1,radiant,radiant,GFCI,N,21.06,,32.99,,27.99,,39.98,785007036015,Black,China,Y,Fedex or Truck,UNIT,,,,,,,,,,,,,,"1597TRWRBK,1597TRWR,1597TRWRGRY,1597TRWRI,1597TRWRLA,1597TRWRW"
1597TRWR,"Tamper-Resistant Weather-Resistant 15A, Brown",Tamper-Resistan,"1597TRWR.jpg,1597TRWR_2.jpg,1597TRWR_3.jpg,1597TRWR_4.jpg,1597TRWR_5.jpg,1597TRWR_6.jpg",4.2 in H x 1.73 in W x 1.13 in L,0.25,0.01,1,1,radiant,radiant,GFCI,N,21.06,,32.99,,27.99,,39.98,785007036473,Brown,China,Y,Fedex or Truck,UNIT,,,,,,,,,,,,,,"1597TRWRBK,1597TRWR,1597TRWRGRY,1597TRWRI,1597TRWRLA,1597TRWRW"
1597TRWRGRY,"Tamper-Resistant Weather-Resistant 15A, Gray",Tamper-Resistan,"1597TRWRGRY.jpg,1597TRWRGRY_2.jpg,1597TRWRGRY_3.jpg,1597TRWRGRY_4.jpg,1597TRWRGRY_5.jpg,1597TRWRGRY_6.jpg",4.2 in H x 1.73 in W x 1.13 in L,0.25,0.01,1,1,radiant,radiant,GFCI,N,21.06,,32.99,,27.99,,39.98,785007036114,Gray,China,Y,Fedex or Truck,UNIT,,,,,,,,,,,,,,"1597TRWRBK,1597TRWR,1597TRWRGRY,1597TRWRI,1597TRWRLA,1597TRWRW"
1597TRWRI,"Tamper-Resistant Weather-Resistant 15A, Ivory",Tamper-Resistan,"1597TRWRI.jpg,1597TRWRI_2.jpg,1597TRWRI_3.jpg,1597TRWRI_4.jpg,1597TRWRI_5.jpg,1597TRWRI_6.jpg",4.2 in H x 1.73 in W x 1.13 in L,0.25,0.01,1,1,radiant,radiant,GFCI,N,21.06,,32.99,,27.99,,39.98,785007036138,Ivory,China,Y,Fedex or Truck,UNIT,,,,,,,,,,,,,,"1597TRWRBK,1597TRWR,1597TRWRGRY,1597TRWRI,1597TRWRLA,1597TRWRW"
1597TRWRLA,"Tamper-Resistant Weather-Resistant, Light Almond",Tamper-Resistan,"1597TRWRLA.jpg,1597TRWRLA_2.jpg,1597TRWRLA_3.jpg,1597TRWRLA_4.jpg,1597TRWRLA_5.jpg,1597TRWRLA_6.jpg",4.2 in H x 1.73 in W x 1.13 in L,0.25,0.01,1,1,radiant,radiant,GFCI,N,21.06,,32.99,,27.99,,39.98,785007036497,Light Almond,China,Y,Fedex or Truck,UNIT,,,,,,,,,,,,,,"1597TRWRBK,1597TRWR,1597TRWRGRY,1597TRWRI,1597TRWRLA,1597TRWRW"
1597TRWRW,"Tamper-Resistant Weather-Resistant 15A, White",Tamper-Resistan,"1597TRWRW.jpg,1597TRWRW_2.jpg,1597TRWRW_3.jpg,1597TRWRW_4.jpg,1597TRWRW_5.jpg,1597TRWRW_6.jpg",4.2 in H x 1.73 in W x 1.13 in L,0.25,0.01,1,1,radiant,radiant,GFCI,N,21.06,,32.99,,27.99,,39.98,785007036466,White,China,Y,Fedex or Truck,UNIT,,,,,,,,,,,,,,"1597TRWRBK,1597TRWR,1597TRWRGRY,1597TRWRI,1597TRWRLA,1597TRWRW"
2097TRWRBK,"Tamper-Resistant Weather-Resistant 20A, Black",Tamper-Resistan,"2097TRWRBK.jpg,2097TRWRBK_2.jpg,2097TRWRBK_3.jpg,2097TRWRBK_4.jpg,2097TRWRBK_5.jpg,2097TRWRBK_6.jpg",4.2 in H x 1.73 in W x 1.13 in L,0.25,0.01,1,1,radiant,radiant,GFCI,N,23.89,,36.99,,30.22,,43.17,785007036367,Black,China,Y,Fedex or Truck,UNIT,,,,,,,,,,,,,,"2097TRWRBK,2097TRWR,2097TRWRGRY,2097TRWRI,2097TRWRLA,2097TRWRW"
2097TRWR,"Tamper-Resistant Weather-Resistant 20A, Brown",Tamper-Resistan,"2097TRWR.jpg,2097TRWR_2.jpg,2097TRWR_3.jpg,2097TRWR_4.jpg,2097TRWR_5.jpg,2097TRWR_6.jpg",4.2 in H x 1.73 in W x 1.13 in L,0.25,0.01,1,1,radiant,radiant,GFCI,N,23.89,,36.99,,30.22,,43.17,785007036053,Brown,China,Y,Fedex or Truck,UNIT,,,,,,,,,,,,,,"2097TRWRBK,2097TRWR,2097TRWRGRY,2097TRWRI,2097TRWRLA,2097TRWRW"
2097TRWRGRY,"Tamper-Resistant Weather-Resistant 20A, Gray",Tamper-Resistan,"2097TRWRGRY.jpg,2097TRWRGRY_2.jpg,2097TRWRGRY_3.jpg,2097TRWRGRY_4.jpg,2097TRWRGRY_5.jpg,2097TRWRGRY_6.jpg",4.2 in H x 1.73 in W x 1.13 in L,0.25,0.01,1,1,radiant,radiant,GFCI,N,23.89,,36.99,,30.22,,43.17,785007036312,Gray,China,Y,Fedex or Truck,UNIT,,,,,,,,,,,,,,"2097TRWRBK,2097TRWR,2097TRWRGRY,2097TRWRI,2097TRWRLA,2097TRWRW"
2097TRWRI,"Tamper-Resistant Weather-Resistant 20A, Ivory",Tamper-Resistan,"2097TRWRI.jpg,2097TRWRI_2.jpg,2097TRWRI_3.jpg,2097TRWRI_4.jpg,2097TRWRI_5.jpg,2097TRWRI_6.jpg",4.2 in H x 1.73 in W x 1.13 in L,0.25,0.01,1,1,radiant,radiant,GFCI,N,23.89,,36.99,,30.22,,43.17,785007035698,Ivory,China,Y,Fedex or Truck,UNIT,,,,,,,,,,,,,,"2097TRWRBK,2097TRWR,2097TRWRGRY,2097TRWRI,2097TRWRLA,2097TRWRW"
2097TRWRLA,"Tamper-Resistant Weather-Resistant, Light Almond",Tamper-Resistan,"2097TRWRLA.jpg,2097TRWRLA_2.jpg,2097TRWRLA_3.jpg,2097TRWRLA_4.jpg,2097TRWRLA_5.jpg,2097TRWRLA_6.jpg",4.2 in H x 1.73 in W x 1.13 in L,0.25,0.01,1,1,radiant,radiant,GFCI,N,23.89,,36.99,,30.22,,43.17,785007036008,Light Almond,China,Y,Fedex or Truck,UNIT,,,,,,,,,,,,,,"2097TRWRBK,2097TRWR,2097TRWRGRY,2097TRWRI,2097TRWRLA,2097TRWRW"
2097TRWRW,"Tamper-Resistant Weather-Resistant 20A, White",Tamper-Resistan,"2097TRWRW.jpg,2097TRWRW_2.jpg,2097TRWRW_3.jpg,2097TRWRW_4.jpg,2097TRWRW_5.jpg,2097TRWRW_6.jpg",4.2 in H x 1.73 in W x 1.13 in L,0.25,0.01,1,1,radiant,radiant,GFCI,N,23.89,,36.99,,30.22,,43.17,785007036107,White,China,Y,Fedex or Truck,UNIT,,,,,,,,,,,,,,"2097TRWRBK,2097TRWR,2097TRWRGRY,2097TRWRI,2097TRWRLA,2097TRWRW"
1597TRUSBAA,"Tamper-Resistant 15A Duplex Self-Test, Brown",Tamper-Resistan,,4.2 in H x 1.73 in W x 1.13 in L,0.25,0.01,1,1,radiant,radiant,GFCI/USB,N,0.00,,,,,,,785007309881,Brown,,Y,Fedex or Truck,,,,,,,,,,,,,,,"1597TRUSBAA,1597TRUSBAABK,1597TRUSBAAGRY,1597TRUSBAAI,1597TRUSBAALA,1597TRUSBAAW"
1597TRUSBAABK,"Tamper-Resistant 15A Duplex Self-Test, Black",Tamper-Resistan,"1597TRUSBAABK.jpg,1597TRUSBAABK_2.jpg,1597TRUSBAABK_3.jpg,1597TRUSBAABK_4.jpg,1597TRUSBAABK_5.jpg,1597TRUSBAABK_6.jpg",4.2 in H x 1.73 in W x 1.03 in L,0.3,0.02,1,1,radiant,radiant,GFCI/USB,N,48.20,,74.99,,61.53,,87.90,785007309911,Black,China,Y,Fedex or Truck,UNIT,,,,,,,,,,,,,,"1597TRUSBAA,1597TRUSBAABK,1597TRUSBAAGRY,1597TRUSBAAI,1597TRUSBAALA,1597TRUSBAAW"
1597TRUSBAAGC4,"Tamper-Resistant 15A Duplex Self-Test, Graphite",Tamper-Resistan,"1597TRUSBAAGC4.jpg,1597TRUSBAAGC4_2.jpg,1597TRUSBAAGC4_3.jpg,1597TRUSBAAGC4_4.jpg,1597TRUSBAAGC4_5.jpg,1597TRUSBAAGC4_6.jpg",4.2 in H x 1.73 in W x 1.03 in L,0.3,0.04,1,1,radiant,radiant,GFCI/USB,N,51.42,,79.99,,65.63,,93.76,785007374957,Graphite,China,Y,Fedex or Truck,UNIT,,,,,,,,,,,,,,"1597TRUSBAAGC4,1597TRUSBAANIC4"
1597TRUSBAAGRY,"Tamper-Resistant 15A Duplex Self-Test GFCI, Gray",Tamper-Resistan,"1597TRUSBAAGRY.jpg,1597TRUSBAAGRY_2.jpg,1597TRUSBAAGRY_3.jpg,1597TRUSBAAGRY_4.jpg,1597TRUSBAAGRY_5.jpg,1597TRUSBAAGRY_6.jpg",4.2 in H x 1.73 in W x 1.03 in L,0.3,0.02,1,1,radiant,radiant,GFCI/USB,N,48.20,,74.99,,61.53,,87.90,785007309966,Gray,China,Y,Fedex or Truck,UNIT,,,,,,,,,,,,,,"1597TRUSBAA,1597TRUSBAABK,1597TRUSBAAGRY,1597TRUSBAAI,1597TRUSBAALA,1597TRUSBAAW"
1597TRUSBAAI,"Tamper-Resistant 15A Duplex Self-Test, Ivory",Tamper-Resistan,"1597TRUSBAAI.jpg,1597TRUSBAAI_2.jpg,1597TRUSBAAI_3.jpg,1597TRUSBAAI_4.jpg,1597TRUSBAAI_5.jpg,1597TRUSBAAI_6.jpg",4.2 in H x 1.73 in W x 1.03 in L,0.3,0.02,1,1,radiant,radiant,GFCI/USB,N,48.20,,74.99,,61.53,,87.90,785007309898,Ivory,China,Y,Fedex or Truck,UNIT,,,,,,,,,,,,,,"1597TRUSBAA,1597TRUSBAABK,1597TRUSBAAGRY,1597TRUSBAAI,1597TRUSBAALA,1597TRUSBAAW"
1597TRUSBAALA,"Tamper-Resistant 15A Duplex Self-, Light Almond",Tamper-Resistan,"1597TRUSBAALA.jpg,1597TRUSBAALA_2.jpg,1597TRUSBAALA_3.jpg,1597TRUSBAALA_4.jpg,1597TRUSBAALA_5.jpg,1597TRUSBAALA_6.jpg",4.2 in H x 1.73 in W x 1.03 in L,0.3,0.02,1,1,radiant,radiant,GFCI/USB,N,48.20,,74.99,,61.53,,87.90,785007309928,Light Almond,China,Y,Fedex or Truck,UNIT,,,,,,,,,,,,,,"1597TRUSBAA,1597TRUSBAABK,1597TRUSBAAGRY,1597TRUSBAAI,1597TRUSBAALA,1597TRUSBAAW"
1597TRUSBAANIC4,"Tamper-Resistant 15A Duplex Self-Test, Nickel",Tamper-Resistan,"1597TRUSBAANIC4.jpg,1597TRUSBAANIC4_2.jpg,1597TRUSBAANIC4_3.jpg,1597TRUSBAANIC4_4.jpg,1597TRUSBAANIC4_5.jpg,1597TRUSBAANIC4_6.jpg",4.2 in H x 1.73 in W x 1.03 in L,0.3,0.04,1,1,radiant,radiant,GFCI/USB,N,51.42,,79.99,,65.63,,93.76,785007374933,Nickel,China,Y,Fedex or Truck,UNIT,,,,,,,,,,,,,,"1597TRUSBAAGC4,1597TRUSBAANIC4"
1597TRUSBAAW,"Tamper-Resistant 15A Duplex Self-Test, White",Tamper-Resistan,"1597TRUSBAAW.jpg,1597TRUSBAAW_2.jpg,1597TRUSBAAW_3.jpg,1597TRUSBAAW_4.jpg,1597TRUSBAAW_5.jpg,1597TRUSBAAW_6.jpg",4.2 in H x 1.73 in W x 1.03 in L,0,0.01,1,1,radiant,radiant,GFCI/USB,N,48.20,,74.99,,61.53,,87.90,785007309904,White,China,Y,Fedex or Truck,UNIT,,,,,,,,,,,,,,"1597TRUSBAA,1597TRUSBAABK,1597TRUSBAAGRY,1597TRUSBAAI,1597TRUSBAALA,1597TRUSBAAW"
1597TRUSBAC,"Tamper-Resistant 15A Duplex Self-Test, Brown",Tamper-Resistan,"1597TRUSBAC.jpg,1597TRUSBAC_2.jpg,1597TRUSBAC_3.jpg,1597TRUSBAC_4.jpg,1597TRUSBAC_5.jpg,1597TRUSBAC_6.jpg",4.2 in H x 1.73 in W x 1.03 in L,0.3,0.02,1,1,radiant,radiant,GFCI/USB,N,51.42,,79.99,,65.63,,93.76,785007309973,Brown,China,Y,Fedex or Truck,UNIT,,,,,,,,,,,,,,"1597TRUSBAC,1597TRUSBACBK,1597TRUSBACGRY,1597TRUSBACI,1597TRUSBACLA,1597TRUSBACW"
1597TRUSBACBK,"Tamper-Resistant 15A Duplex Self-Test, Black",Tamper-Resistan,"1597TRUSBACBK.jpg,1597TRUSBACBK_2.jpg,1597TRUSBACBK_3.jpg,1597TRUSBACBK_4.jpg,1597TRUSBACBK_5.jpg,1597TRUSBACBK_6.jpg",4.2 in H x 1.73 in W x 1.03 in L,0.3,0.02,1,1,radiant,radiant,GFCI/USB,N,51.42,,79.99,,65.63,,93.76,785007310009,Black,China,Y,Fedex or Truck,UNIT,,,,,,,,,,,,,,"1597TRUSBAC,1597TRUSBACBK,1597TRUSBACGRY,1597TRUSBACI,1597TRUSBACLA,1597TRUSBACW"
1597TRUSBACDBC4,"Tamper-Resistant 15A Duplex Self-, Dark Bronze",Tamper-Resistan,"1597TRUSBACDBC4.jpg,1597TRUSBACDBC4_2.jpg,1597TRUSBACDBC4_3.jpg,1597TRUSBACDBC4_4.jpg,1597TRUSBACDBC4_5.jpg,1597TRUSBACDBC4_6.jpg",4.2 in H x 1.73 in W x 1.03 in L,0.3,0.04,1,1,radiant,radiant,GFCI/USB,N,54.65,,84.99,,69.72,,99.60,785007375008,Dark Bronze,China,Y,Fedex or Truck,UNIT,,,,,,,,,,,,,,"1597TRUSBACDBC4,1597TRUSBACGC4,1597TRUSBACNIC4"
1597TRUSBACGC4,"Tamper-Resistant 15A Duplex Self-Test, Graphite",Tamper-Resistan,"1597TRUSBACGC4.jpg,1597TRUSBACGC4_2.jpg,1597TRUSBACGC4_3.jpg,1597TRUSBACGC4_4.jpg,1597TRUSBACGC4_5.jpg,1597TRUSBACGC4_6.jpg",4.2 in H x 1.73 in W x 1.03 in L,0.3,0.04,1,1,radiant,radiant,GFCI/USB,N,54.65,,84.99,,69.72,,99.60,785007375015,Graphite,China,Y,Fedex or Truck,UNIT,,,,,,,,,,,,,,"1597TRUSBACDBC4,1597TRUSBACGC4,1597TRUSBACNIC4"
1597TRUSBACGRY,"Tamper-Resistant 15A Duplex Self-Test GFCI, Gray",Tamper-Resistan,"1597TRUSBACGRY.jpg,1597TRUSBACGRY_2.jpg,1597TRUSBACGRY_3.jpg,1597TRUSBACGRY_4.jpg,1597TRUSBACGRY_5.jpg,1597TRUSBACGRY_6.jpg",4.2 in H x 1.73 in W x 1.03 in L,0.3,0.02,1,1,radiant,radiant,GFCI/USB,N,51.42,,79.99,,65.63,,93.76,785007310054,Gray,China,Y,Fedex or Truck,UNIT,,,,,,,,,,,,,,"1597TRUSBAC,1597TRUSBACBK,1597TRUSBACGRY,1597TRUSBACI,1597TRUSBACLA,1597TRUSBACW"
1597TRUSBACI,"Tamper-Resistant 15A Duplex Self-Test, Ivory",Tamper-Resistan,"1597TRUSBACI.jpg,1597TRUSBACI_2.jpg,1597TRUSBACI_3.jpg,1597TRUSBACI_4.jpg,1597TRUSBACI_5.jpg,1597TRUSBACI_6.jpg",4.2 in H x 1.73 in W x 1.03 in L,0.3,0.02,1,1,radiant,radiant,GFCI/USB,N,51.42,,79.99,,65.63,,93.76,785007309980,Ivory,China,Y,Fedex or Truck,UNIT,,,,,,,,,,,,,,"1597TRUSBAC,1597TRUSBACBK,1597TRUSBACGRY,1597TRUSBACI,1597TRUSBACLA,1597TRUSBACW"
1597TRUSBACLA,"Tamper-Resistant 15A Duplex Self-, Light Almond",Tamper-Resistan,"1597TRUSBACLA.jpg,1597TRUSBACLA_2.jpg,1597TRUSBACLA_3.jpg,1597TRUSBACLA_4.jpg,1597TRUSBACLA_5.jpg,1597TRUSBACLA_6.jpg",4.2 in H x 1.73 in W x 1.03 in L,0.3,0.02,1,1,radiant,radiant,GFCI/USB,N,51.42,,79.99,,65.63,,93.76,785007310016,Light Almond,China,Y,Fedex or Truck,UNIT,,,,,,,,,,,,,,"1597TRUSBAC,1597TRUSBACBK,1597TRUSBACGRY,1597TRUSBACI,1597TRUSBACLA,1597TRUSBACW"
1597TRUSBACNIC4,"Tamper-Resistant 15A Duplex Self-Test, Nickel",Tamper-Resistan,"1597TRUSBACNIC4.jpg,1597TRUSBACNIC4_2.jpg,1597TRUSBACNIC4_3.jpg,1597TRUSBACNIC4_4.jpg,1597TRUSBACNIC4_5.jpg,1597TRUSBACNIC4_6.jpg",4.2 in H x 1.73 in W x 1.03 in L,0.3,0.04,1,1,radiant,radiant,GFCI/USB,N,54.65,,84.99,,69.72,,99.60,785007374995,Nickel,China,Y,Fedex or Truck,UNIT,,,,,,,,,,,,,,"1597TRUSBACDBC4,1597TRUSBACGC4,1597TRUSBACNIC4"
1597TRUSBACW,"Tamper-Resistant 15A Duplex Self-Test, White",Tamper-Resistan,"1597TRUSBACW.jpg,1597TRUSBACW_2.jpg,1597TRUSBACW_3.jpg,1597TRUSBACW_4.jpg,1597TRUSBACW_5.jpg,1597TRUSBACW_6.jpg",4.2 in H x 1.73 in W x 1.03 in L,0.3,0.02,1,1,radiant,radiant,GFCI/USB,N,51.42,,79.99,,65.63,,93.76,785007309997,White,China,Y,Fedex or Truck,UNIT,,,,,,,,,,,,,,"1597TRUSBAC,1597TRUSBACBK,1597TRUSBACGRY,1597TRUSBACI,1597TRUSBACLA,1597TRUSBACW"
1597TRUSBCCI,"Tamper-Resistant 15A Duplex Self-Test, Ivory",Tamper-Resistan,,4.2 in H x 1.73 in W x 1.03 in L,0.3,0.01,1,1,radiant,radiant,GFCI/USB,N,0.00,,,,,,,785007310078,Ivory,,Y,Fedex or Truck,,,,,,,,,,,,,,,"1597TRUSBCCI,1597TRUSBCCLA"
1597TRUSBCCLA,"Tamper-Resistant 15A Duplex Self-, Light Almond",Tamper-Resistan,,4.2 in H x 1.73 in W x 1.03 in L,0.3,0.01,1,1,radiant,radiant,GFCI/USB,N,0.00,,,,,,,785007374483,Light Almond,,Y,Fedex or Truck,,,,,,,,,,,,,,,"1597TRUSBCCI,1597TRUSBCCLA"
1597TRUSBCCW,"Tamper-Resistant 15A Duplex Self-Test, White",Tamper-Resistan,"1597TRUSBCCW.jpg,1597TRUSBCCW_2.jpg,1597TRUSBCCW_3.jpg,1597TRUSBCCW_4.jpg,1597TRUSBCCW_5.jpg,1597TRUSBCCW_6.jpg",4.2 in H x 1.73 in W x 1.03 in L,0.3,0.02,1,1,radiant,radiant,GFCI/USB,N,54.65,,84.99,,69.72,,99.60,785007310085,White,China,Y,Fedex or Truck,UNIT,,,,,,,,,,,,,,"1597TRUSBCCW,1597TRWRUSBCCBK,1597TRWRUSBCCW"
1597TRWRUSBACBK,"Tamper-Resistant Weather-Resistant 15A, Black",Tamper-Resistan,"1597TRWRUSBACBK.jpg,1597TRWRUSBACBK_2.jpg,1597TRWRUSBACBK_3.jpg,1597TRWRUSBACBK_4.jpg,1597TRWRUSBACBK_5.jpg,1597TRWRUSBACBK_6.jpg",4.2 in H x 1.73 in W x 2.125 in L,0.3,0.02,1,1,radiant,radiant,GFCI/USB,N,53.91,,82.99,,67.68,,96.68,785007377828,Black,China,Y,Fedex or Truck,UNIT,,,,,,,,,,,,,,"1597TRWRUSBACBK,1597TRWRUSBACGRY,1597TRWRUSBACI,1597TRWRUSBACLA,1597TRWRUSBACW"
1597TRWRUSBACGRY,"Tamper-Resistant Weather-Resistant 15A, Gray",Tamper-Resistan,"1597TRWRUSBACGRY.jpg,1597TRWRUSBACGRY_2.jpg,1597TRWRUSBACGRY_3.jpg,1597TRWRUSBACGRY_4.jpg,1597TRWRUSBACGRY_5.jpg,1597TRWRUSBACGRY_6.jpg",4.2 in H x 1.73 in W x 2.125 in L,0.3,0.02,1,1,radiant,radiant,GFCI/USB,N,53.91,,82.99,,67.68,,96.68,785007377835,Gray,China,Y,Fedex or Truck,UNIT,,,,,,,,,,,,,,"1597TRWRUSBACBK,1597TRWRUSBACGRY,1597TRWRUSBACI,1597TRWRUSBACLA,1597TRWRUSBACW"
1597TRWRUSBACI,"Tamper-Resistant Weather-Resistant 15A, Ivory",Tamper-Resistan,"1597TRWRUSBACI.jpg,1597TRWRUSBACI_2.jpg,1597TRWRUSBACI_3.jpg,1597TRWRUSBACI_4.jpg,1597TRWRUSBACI_5.jpg,1597TRWRUSBACI_6.jpg",4.2 in H x 1.73 in W x 2.125 in L,0.3,0.02,1,1,radiant,radiant,GFCI/USB,N,53.91,,82.99,,67.68,,96.68,785007377859,Ivory,China,Y,Fedex or Truck,UNIT,,,,,,,,,,,,,,"1597TRWRUSBACBK,1597TRWRUSBACGRY,1597TRWRUSBACI,1597TRWRUSBACLA,1597TRWRUSBACW"
1597TRWRUSBACLA,"Tamper-Resistant Weather-Resistant, Light Almond",Tamper-Resistan,"1597TRWRUSBACLA.jpg,1597TRWRUSBACLA_2.jpg,1597TRWRUSBACLA_3.jpg,1597TRWRUSBACLA_4.jpg,1597TRWRUSBACLA_5.jpg,1597TRWRUSBACLA_6.jpg",4.2 in H x 1.73 in W x 2.125 in L,0.3,0.02,1,1,radiant,radiant,GFCI/USB,N,53.91,,82.99,,67.68,,96.68,785007377842,Light Almond,China,Y,Fedex or Truck,UNIT,,,,,,,,,,,,,,"1597TRWRUSBACBK,1597TRWRUSBACGRY,1597TRWRUSBACI,1597TRWRUSBACLA,1597TRWRUSBACW"
1597TRWRUSBACW,"Tamper-Resistant Weather-Resistant 15A, White",Tamper-Resistan,"1597TRWRUSBACW.jpg,1597TRWRUSBACW_2.jpg,1597TRWRUSBACW_3.jpg,1597TRWRUSBACW_4.jpg,1597TRWRUSBACW_5.jpg,1597TRWRUSBACW_6.jpg",4.2 in H x 1.73 in W x 2.125 in L,0.3,0.02,1,1,radiant,radiant,GFCI/USB,N,53.91,,82.99,,67.68,,96.68,785007377811,White,China,Y,Fedex or Truck,UNIT,,,,,,,,,,,,,,"1597TRWRUSBACBK,1597TRWRUSBACGRY,1597TRWRUSBACI,1597TRWRUSBACLA,1597TRWRUSBACW"
1597TRWRUSBCCBK,"Tamper-Resistant 15A Duplex Self-Test, Black",Tamper-Resistan,,4.2 in H x 1.73 in W x 2.125 in L,0.3,0.01,1,1,radiant,radiant,GFCI/USB,N,48.19,,74.99,,,,,785007377927,Black,,Y,Fedex or Truck,,,,,,,,,,,,,,,"1597TRUSBCCW,1597TRWRUSBCCBK,1597TRWRUSBCCW"
1597TRWRUSBCCW,"Tamper-Resistant 15A Duplex Self-Test, White",Tamper-Resistan,,4.2 in H x 1.73 in W x 2.125 in L,0.3,0.01,1,1,radiant,radiant,GFCI/USB,N,0.00,,,,,,,785007377910,White,,Y,Fedex or Truck,,,,,,,,,,,,,,,"1597TRUSBCCW,1597TRWRUSBCCBK,1597TRWRUSBCCW"
2097TRUSBAA,"Tamper-Resistant 20A Duplex Self-Test, Brown",Tamper-Resistan,"2097TRUSBAA.jpg,2097TRUSBAA_2.jpg,2097TRUSBAA_3.jpg,2097TRUSBAA_4.jpg,2097TRUSBAA_5.jpg,2097TRUSBAA_6.jpg",4.2 in H x 1.73 in W x 1.03 in L,0.3,0.02,1,1,radiant,radiant,GFCI/USB,N,49.80,,76.99,,63.56,,90.80,785007374537,Brown,China,Y,Fedex or Truck,UNIT,,,,,,,,,,,,,,"2097TRUSBAA,2097TRUSBAABK,2097TRUSBAAGRY,2097TRUSBAAI,2097TRUSBAALA,2097TRUSBAARED,2097TRUSBAAW"
2097TRUSBAABK,"Tamper-Resistant 20A Duplex Self-Test, Black",Tamper-Resistan,"2097TRUSBAABK.jpg,2097TRUSBAABK_2.jpg,2097TRUSBAABK_3.jpg,2097TRUSBAABK_4.jpg,2097TRUSBAABK_5.jpg,2097TRUSBAABK_6.jpg",4.2 in H x 1.73 in W x 1.03 in L,0.3,0.02,1,1,radiant,radiant,GFCI/USB,N,49.80,,76.99,,63.56,,90.80,785007374575,Black,China,Y,Fedex or Truck,UNIT,,,,,,,,,,,,,,"2097TRUSBAA,2097TRUSBAABK,2097TRUSBAAGRY,2097TRUSBAAI,2097TRUSBAALA,2097TRUSBAARED,2097TRUSBAAW"
2097TRUSBAAGRY,"Tamper-Resistant 20A Duplex Self-Test GFCI, Gray",Tamper-Resistan,"2097TRUSBAAGRY.jpg,2097TRUSBAAGRY_2.jpg,2097TRUSBAAGRY_3.jpg,2097TRUSBAAGRY_4.jpg,2097TRUSBAAGRY_5.jpg,2097TRUSBAAGRY_6.jpg",4.2 in H x 1.73 in W x 1.03 in L,0.3,0.02,1,1,radiant,radiant,GFCI/USB,N,49.80,,76.99,,63.56,,90.80,785007374568,Gray,China,Y,Fedex or Truck,UNIT,,,,,,,,,,,,,,"2097TRUSBAA,2097TRUSBAABK,2097TRUSBAAGRY,2097TRUSBAAI,2097TRUSBAALA,2097TRUSBAARED,2097TRUSBAAW"
2097TRUSBAAI,"Tamper-Resistant 20A Duplex Self-Test, Ivory",Tamper-Resistan,"2097TRUSBAAI.jpg,2097TRUSBAAI_2.jpg,2097TRUSBAAI_3.jpg,2097TRUSBAAI_4.jpg,2097TRUSBAAI_5.jpg,2097TRUSBAAI_6.jpg",4.2 in H x 1.73 in W x 1.03 in L,0.3,0.02,1,1,radiant,radiant,GFCI/USB,N,49.80,,76.99,,63.56,,90.80,785007374544,Ivory,China,Y,Fedex or Truck,UNIT,,,,,,,,,,,,,,"2097TRUSBAA,2097TRUSBAABK,2097TRUSBAAGRY,2097TRUSBAAI,2097TRUSBAALA,2097TRUSBAARED,2097TRUSBAAW"
2097TRUSBAALA,"Tamper-Resistant 20A Duplex Self-, Light Almond",Tamper-Resistan,"2097TRUSBAALA.jpg,2097TRUSBAALA_2.jpg,2097TRUSBAALA_3.jpg,2097TRUSBAALA_4.jpg,2097TRUSBAALA_5.jpg,2097TRUSBAALA_6.jpg",4.2 in H x 1.73 in W x 1.03 in L,0.3,0.02,1,1,radiant,radiant,GFCI/USB,N,49.80,,76.99,,63.56,,90.80,785007374599,Light Almond,China,Y,Fedex or Truck,UNIT,,,,,,,,,,,,,,"2097TRUSBAA,2097TRUSBAABK,2097TRUSBAAGRY,2097TRUSBAAI,2097TRUSBAALA,2097TRUSBAARED,2097TRUSBAAW"
2097TRUSBAARED,"Tamper-Resistant 20A Duplex Self-Test GFCI, Red",Tamper-Resistan,"2097TRUSBAARED.jpg,2097TRUSBAARED_2.jpg,2097TRUSBAARED_3.jpg,2097TRUSBAARED_4.jpg,2097TRUSBAARED_5.jpg,2097TRUSBAARED_6.jpg",4.2 in H x 1.73 in W x 1.03 in L,0.3,0.02,1,1,radiant,radiant,GFCI/USB,N,49.80,,76.99,,63.56,,90.80,785007374582,Red,China,Y,Fedex or Truck,UNIT,,,,,,,,,,,,,,"2097TRUSBAA,2097TRUSBAABK,2097TRUSBAAGRY,2097TRUSBAAI,2097TRUSBAALA,2097TRUSBAARED,2097TRUSBAAW"
2097TRUSBAAW,"Tamper-Resistant 20A Duplex Self-Test, White",Tamper-Resistan,"2097TRUSBAAW.jpg,2097TRUSBAAW_2.jpg,2097TRUSBAAW_3.jpg,2097TRUSBAAW_4.jpg,2097TRUSBAAW_5.jpg,2097TRUSBAAW_6.jpg",4.2 in H x 1.73 in W x 1.03 in L,0.3,0.02,1,1,radiant,radiant,GFCI/USB,N,49.80,,76.99,,63.56,,90.80,785007374551,White,China,Y,Fedex or Truck,UNIT,,,,,,,,,,,,,,"2097TRUSBAA,2097TRUSBAABK,2097TRUSBAAGRY,2097TRUSBAAI,2097TRUSBAALA,2097TRUSBAARED,2097TRUSBAAW"
2097TRUSBAC,"Tamper-Resistant 20A Duplex Self-Test, Brown",Tamper-Resistan,"2097TRUSBAC.jpg,2097TRUSBAC_2.jpg,2097TRUSBAC_3.jpg,2097TRUSBAC_4.jpg,2097TRUSBAC_5.jpg,2097TRUSBAC_6.jpg",4.2 in H x 1.73 in W x 1.03 in L,0.3,0.02,1,1,radiant,radiant,GFCI/USB,N,53.03,,81.99,,67.68,,96.68,785007374636,Brown,China,Y,Fedex or Truck,UNIT,,,,,,,,,,,,,,"2097TRUSBAC,2097TRUSBACBK,2097TRUSBACDBC4,2097TRUSBACGC4,2097TRUSBACGRY,2097TRUSBACI,2097TRUSBACLA,2097TRUSBACNIC4,2097TRUSBACRED,2097TRUSBACW"
2097TRUSBACBK,"Tamper-Resistant 20A Duplex Self-Test, Black",Tamper-Resistan,"2097TRUSBACBK.jpg,2097TRUSBACBK_2.jpg,2097TRUSBACBK_3.jpg,2097TRUSBACBK_4.jpg,2097TRUSBACBK_5.jpg,2097TRUSBACBK_6.jpg",4.2 in H x 1.73 in W x 1.03 in L,0.3,0.02,1,1,radiant,radiant,GFCI/USB,N,53.03,,81.99,,67.68,,96.68,785007374674,Black,China,Y,Fedex or Truck,UNIT,,,,,,,,,,,,,,"2097TRUSBAC,2097TRUSBACBK,2097TRUSBACDBC4,2097TRUSBACGC4,2097TRUSBACGRY,2097TRUSBACI,2097TRUSBACLA,2097TRUSBACNIC4,2097TRUSBACRED,2097TRUSBACW"
2097TRUSBACDBC4,"Tamper-Resistant 20A Duplex Self-, Dark Bronze",Tamper-Resistan,"2097TRUSBACDBC4.jpg,2097TRUSBACDBC4_2.jpg,2097TRUSBACDBC4_3.jpg,2097TRUSBACDBC4_4.jpg,2097TRUSBACDBC4_5.jpg",4.2 in H x 1.73 in W x 1.03 in L,0.3,0.04,1,1,radiant,radiant,GFCI/USB,N,56.24,,86.99,,84.44,,120.63,785007375060,Dark Bronze,China,Y,Fedex or Truck,UNIT,,,,,,,,,,,,,,"2097TRUSBAC,2097TRUSBACBK,2097TRUSBACDBC4,2097TRUSBACGC4,2097TRUSBACGRY,2097TRUSBACI,2097TRUSBACLA,2097TRUSBACNIC4,2097TRUSBACRED,2097TRUSBACW"
2097TRUSBACGC4,"Tamper-Resistant 20A Duplex Self-Test, Graphite",Tamper-Resistan,"2097TRUSBACGC4.jpg,2097TRUSBACGC4_2.jpg,2097TRUSBACGC4_3.jpg,2097TRUSBACGC4_4.jpg,2097TRUSBACGC4_5.jpg",4.2 in H x 1.73 in W x 1.03 in L,0.3,0.04,1,1,radiant,radiant,GFCI/USB,N,56.24,,86.99,,84.44,,120.63,785007375084,Graphite,China,Y,Fedex or Truck,UNIT,,,,,,,,,,,,,,"2097TRUSBAC,2097TRUSBACBK,2097TRUSBACDBC4,2097TRUSBACGC4,2097TRUSBACGRY,2097TRUSBACI,2097TRUSBACLA,2097TRUSBACNIC4,2097TRUSBACRED,2097TRUSBACW"
2097TRUSBACGRY,"Tamper-Resistant 20A Duplex Self-Test GFCI, Gray",Tamper-Resistan,"2097TRUSBACGRY.jpg,2097TRUSBACGRY_2.jpg,2097TRUSBACGRY_3.jpg,2097TRUSBACGRY_4.jpg,2097TRUSBACGRY_5.jpg,2097TRUSBACGRY_6.jpg",4.2 in H x 1.73 in W x 1.03 in L,0.3,0.01,1,1,radiant,radiant,GFCI/USB,N,53.03,,81.99,,67.68,,96.68,785007374667,Gray,China,Y,Fedex or Truck,UNIT,,,,,,,,,,,,,,"2097TRUSBAC,2097TRUSBACBK,2097TRUSBACDBC4,2097TRUSBACGC4,2097TRUSBACGRY,2097TRUSBACI,2097TRUSBACLA,2097TRUSBACNIC4,2097TRUSBACRED,2097TRUSBACW"
2097TRUSBACI,"Tamper-Resistant 20A Duplex Self-Test, Ivory",Tamper-Resistan,"2097TRUSBACI.jpg,2097TRUSBACI_2.jpg,2097TRUSBACI_3.jpg,2097TRUSBACI_4.jpg,2097TRUSBACI_5.jpg,2097TRUSBACI_6.jpg",4.2 in H x 1.73 in W x 1.03 in L,0.3,0.02,1,1,radiant,radiant,GFCI/USB,N,53.03,,81.99,,67.68,,96.68,785007374643,Ivory,China,Y,Fedex or Truck,UNIT,,,,,,,,,,,,,,"2097TRUSBAC,2097TRUSBACBK,2097TRUSBACDBC4,2097TRUSBACGC4,2097TRUSBACGRY,2097TRUSBACI,2097TRUSBACLA,2097TRUSBACNIC4,2097TRUSBACRED,2097TRUSBACW"
2097TRUSBACLA,"Tamper-Resistant 20A Duplex Self-, Light Almond",Tamper-Resistan,"2097TRUSBACLA.jpg,2097TRUSBACLA_2.jpg,2097TRUSBACLA_3.jpg,2097TRUSBACLA_4.jpg,2097TRUSBACLA_5.jpg,2097TRUSBACLA_6.jpg",4.2 in H x 1.73 in W x 1.03 in L,0.3,0.02,1,1,radiant,radiant,GFCI/USB,N,53.03,,81.99,,67.68,,96.68,785007374698,Light Almond,China,Y,Fedex or Truck,UNIT,,,,,,,,,,,,,,"2097TRUSBAC,2097TRUSBACBK,2097TRUSBACDBC4,2097TRUSBACGC4,2097TRUSBACGRY,2097TRUSBACI,2097TRUSBACLA,2097TRUSBACNIC4,2097TRUSBACRED,2097TRUSBACW"
2097TRUSBACNIC4,"Tamper-Resistant 20A Duplex Self-Test, Nickel",Tamper-Resistan,"2097TRUSBACNIC4.jpg,2097TRUSBACNIC4_2.jpg,2097TRUSBACNIC4_3.jpg,2097TRUSBACNIC4_4.jpg,2097TRUSBACNIC4_5.jpg",4.2 in H x 1.73 in W x 1.03 in L,0.3,0.04,1,1,radiant,radiant,GFCI/USB,N,56.24,,86.99,,84.44,,120.63,785007375077,Nickel,China,Y,Fedex or Truck,UNIT,,,,,,,,,,,,,,"2097TRUSBAC,2097TRUSBACBK,2097TRUSBACDBC4,2097TRUSBACGC4,2097TRUSBACGRY,2097TRUSBACI,2097TRUSBACLA,2097TRUSBACNIC4,2097TRUSBACRED,2097TRUSBACW"
2097TRUSBACRED,"Tamper-Resistant 20A Duplex Self-Test GFCI, Red",Tamper-Resistan,"2097TRUSBACRED.jpg,2097TRUSBACRED_2.jpg,2097TRUSBACRED_3.jpg,2097TRUSBACRED_4.jpg,2097TRUSBACRED_5.jpg,2097TRUSBACRED_6.jpg",4.2 in H x 1.73 in W x 1.03 in L,0.3,0.02,1,1,radiant,radiant,GFCI/USB,N,53.03,,81.99,,67.68,,96.68,785007374681,Red,China,Y,Fedex or Truck,UNIT,,,,,,,,,,,,,,"2097TRUSBAC,2097TRUSBACBK,2097TRUSBACDBC4,2097TRUSBACGC4,2097TRUSBACGRY,2097TRUSBACI,2097TRUSBACLA,2097TRUSBACNIC4,2097TRUSBACRED,2097TRUSBACW"
2097TRUSBACW,"Tamper-Resistant 20A Duplex Self-Test, White",Tamper-Resistan,"2097TRUSBACW.jpg,2097TRUSBACW_2.jpg,2097TRUSBACW_3.jpg,2097TRUSBACW_4.jpg,2097TRUSBACW_5.jpg,2097TRUSBACW_6.jpg",4.2 in H x 1.73 in W x 1.03 in L,0.3,0.02,1,1,radiant,radiant,GFCI/USB,N,53.03,,81.99,,67.68,,96.68,785007374650,White,China,Y,Fedex or Truck,UNIT,,,,,,,,,,,,,,"2097TRUSBAC,2097TRUSBACBK,2097TRUSBACDBC4,2097TRUSBACGC4,2097TRUSBACGRY,2097TRUSBACI,2097TRUSBACLA,2097TRUSBACNIC4,2097TRUSBACRED,2097TRUSBACW"
2097TRUSBCCW,"Tamper-Resistant 20A Duplex Self-Test, White",Tamper-Resistan,"2097TRUSBCCW.jpg,2097TRUSBCCW_2.jpg,2097TRUSBCCW_3.jpg,2097TRUSBCCW_4.jpg,2097TRUSBCCW_5.jpg,2097TRUSBCCW_6.jpg",4.2 in H x 1.73 in W x 1.03 in L,0.3,0.02,1,1,radiant,radiant,GFCI/USB,N,56.24,,86.99,,71.78,,102.55,785007374759,White,China,Y,Fedex or Truck,UNIT,,,,,,,,,,,,,,
2097TRWRUSBACBK,"Tamper-Resistant Weather-Resistant 20A, Black",Tamper-Resistan,"2097TRWRUSBACBK.jpg,2097TRWRUSBACBK_2.jpg,2097TRWRUSBACBK_3.jpg,2097TRWRUSBACBK_4.jpg,2097TRWRUSBACBK_5.jpg,2097TRWRUSBACBK_6.jpg",4.2 in H x 1.73 in W x 1.03 in L,0.3,0.02,1,1,radiant,radiant,GFCI/USB,N,56.15,,86.99,,69.69,,99.56,785007377873,Black,China,Y,Fedex or Truck,UNIT,,,,,,,,,,,,,,
2097TRWRUSBACGRY,"Tamper-Resistant Weather-Resistant Duplex, Gray",Tamper-Resistan,"2097TRWRUSBACGRY.jpg,2097TRWRUSBACGRY_2.jpg,2097TRWRUSBACGRY_3.jpg,2097TRWRUSBACGRY_4.jpg,2097TRWRUSBACGRY_5.jpg,2097TRWRUSBACGRY_6.jpg",4.2 in H x 1.73 in W x 1.03 in L,0.3,0.02,1,1,radiant,radiant,GFCI/USB,N,56.15,,86.99,,69.69,,99.56,785007377880,Gray,China,Y,Fedex or Truck,UNIT,,,,,,,,,,,,,,"2097TRWRUSBACGRY,2097TRWRUSBACI,2097TRWRUSBACLA,2097TRWRUSBACW,2097TRWRUSBCCBK"
2097TRWRUSBACI,"Tamper-Resistant Weather-Resistant Duplex, Ivory",Tamper-Resistan,"2097TRWRUSBACI.jpg,2097TRWRUSBACI_2.jpg,2097TRWRUSBACI_3.jpg,2097TRWRUSBACI_4.jpg,2097TRWRUSBACI_5.jpg,2097TRWRUSBACI_6.jpg",4.2 in H x 1.73 in W x 1.03 in L,0.3,0.02,1,1,radiant,radiant,GFCI/USB,N,56.15,,86.99,,69.69,,99.56,785007377903,Ivory,China,Y,Fedex or Truck,UNIT,,,,,,,,,,,,,,"2097TRWRUSBACGRY,2097TRWRUSBACI,2097TRWRUSBACLA,2097TRWRUSBACW,2097TRWRUSBCCBK"
2097TRWRUSBACLA,"Tamper-Resistant Weather-Resistant, Light Almond",Tamper-Resistan,"2097TRWRUSBACLA.jpg,2097TRWRUSBACLA_2.jpg,2097TRWRUSBACLA_3.jpg,2097TRWRUSBACLA_4.jpg,2097TRWRUSBACLA_5.jpg,2097TRWRUSBACLA_6.jpg",4.2 in H x 1.73 in W x 1.03 in L,0.3,0.02,1,1,radiant,radiant,GFCI/USB,N,56.15,,86.99,,69.69,,99.56,785007377897,Light Almond,China,Y,Fedex or Truck,UNIT,,,,,,,,,,,,,,"2097TRWRUSBACGRY,2097TRWRUSBACI,2097TRWRUSBACLA,2097TRWRUSBACW,2097TRWRUSBCCBK"
2097TRWRUSBACW,"Tamper-Resistant Weather-Resistant Duplex, White",Tamper-Resistan,"2097TRWRUSBACW.jpg,2097TRWRUSBACW_2.jpg,2097TRWRUSBACW_3.jpg,2097TRWRUSBACW_4.jpg,2097TRWRUSBACW_5.jpg,2097TRWRUSBACW_6.jpg",4.2 in H x 1.73 in W x 1.03 in L,0.3,0.02,1,1,radiant,radiant,GFCI/USB,N,56.15,,86.99,,69.69,,99.56,785007377866,White,China,Y,Fedex or Truck,UNIT,,,,,,,,,,,,,,"2097TRWRUSBACGRY,2097TRWRUSBACI,2097TRWRUSBACLA,2097TRWRUSBACW,2097TRWRUSBCCBK"
2097TRWRUSBCCBK,"Tamper-Resistant Weather-Resistant Duplex, Black",Tamper-Resistan,"2097TRWRUSBCCBK.jpg,2097TRWRUSBCCBK_2.jpg,2097TRWRUSBCCBK_3.jpg,2097TRWRUSBCCBK_4.jpg,2097TRWRUSBCCBK_5.jpg,2097TRWRUSBCCBK_6.jpg",4.2 in H x 1.73 in W x 1.03 in L,0.3,0.02,1,1,radiant,radiant,GFCI/USB,N,59.53,,91.99,,73.76,,105.37,785007377972,Black,China,Y,Fedex or Truck,UNIT,,,,,,,,,,,,,,"2097TRWRUSBACGRY,2097TRWRUSBACI,2097TRWRUSBACLA,2097TRWRUSBACW,2097TRWRUSBCCBK"
2097TRWRUSBCCW,"Tamper-Resistant Weather-Resistant Duplex, White",Tamper-Resistan,"2097TRWRUSBCCW.jpg,2097TRWRUSBCCW_2.jpg,2097TRWRUSBCCW_3.jpg,2097TRWRUSBCCW_4.jpg,2097TRWRUSBCCW_5.jpg",4.2 in H x 1.73 in W x 1.03 in L,0.3,0.02,1,1,radiant,radiant,GFCI/USB,N,59.53,,91.99,,73.76,,105.37,785007377965,White,China,Y,Fedex or Truck,UNIT,,,,,,,,,,,,,,
326RBK,"BLANK INSERT, BLACK",BLANK INSERT,326RBK.jpg,N/A,0.07,0.01,1,1,radiant,radiant,Inserts,N,5.15,,7.99,,11.86,,16.95,785007248876,Black,China,Y,Fedex or Truck,UNIT,,,,,,,,,,,,,,"326RBK,326R,326RGRY,326RI,326RW"
326R,"BLANK INSERT, BROWN",BLANK INSERT,326R.jpg,N/A,0.07,0.01,1,1,radiant,radiant,Inserts,N,5.15,,7.99,,11.86,,16.95,785007248869,Brown,China,Y,Fedex or Truck,UNIT,,,,,,,,,,,,,,"326RBK,326R,326RGRY,326RI,326RW"
326RGRY,"BLANK INSERT, GRAY",BLANK INSERT,326RGRY.jpg,N/A,0.07,0.01,1,1,radiant,radiant,Inserts,N,5.15,,7.99,,11.86,,16.95,785007248852,Gray,China,Y,Fedex or Truck,UNIT,,,,,,,,,,,,,,"326RBK,326R,326RGRY,326RI,326RW"
326RI,"BLANK INSERT, IVORY",BLANK INSERT,"326RI.jpg,326RI_2.jpg",N/A,0.07,0.01,1,1,radiant,radiant,Inserts,N,5.15,,7.99,,11.86,,16.95,785007248838,Ivory,China,Y,Fedex or Truck,UNIT,,,,,,,,,,,,,,"326RBK,326R,326RGRY,326RI,326RW"
326RLA,BLANK INSERT LA,BLANK INSERT LA,"326RLA.jpg,326RLA_2.jpg,326RLA_3.jpg",N/A,0.07,0.01,1,1,radiant,radiant,Inserts,N,5.15,,7.99,,11.86,,16.95,785007248845,Light Almond,China,Y,Fedex or Truck,UNIT,,,,,,,,,,,,,,
326RW,"BLANK INSERT, WHITE",BLANK INSERT,"326RW.jpg,326RW_2.jpg,326RW_3.jpg",N/A,0.07,0.01,1,1,radiant,radiant,Inserts,N,5.15,,7.99,,12.50,,17.85,785007248821,White,China,Y,Fedex or Truck,UNIT,,,,,,,,,,,,,,"326RBK,326R,326RGRY,326RI,326RW"
326RDB,"Blank Decorator Wall Strap, Dark Bronze",Blank Decorator,"326RDB.jpg,326RDB_2.jpg",N/A,0.07,0.01,1,1,radiant,radiant,Inserts,N,6.90,,10.99,,16.74,,23.92,785007248791,Dark Bronze,China,Y,Fedex or Truck,UNIT,,,,,,,,,,,,,,"326RDB,326RG,326RNI"
326RG,"Blank Decorator Wall Strap, Graphite",Blank Decorator,"326RG.jpg,326RG_2.jpg",N/A,0.07,0.01,1,1,radiant,radiant,Inserts,N,6.90,,10.99,,16.74,,23.92,785007248814,Graphite,China,Y,Fedex or Truck,UNIT,,,,,,,,,,,,,,"326RDB,326RG,326RNI"
326RNI,"Blank Decorator Wall Strap, Nickel",Blank Decorator,"326RNI.jpg,326RNI_2.jpg",N/A,0.07,0.01,1,1,radiant,radiant,Inserts,N,6.90,,10.99,,16.74,,23.92,785007248807,Nickel,China,Y,Fedex or Truck,UNIT,,,,,,,,,,,,,,"326RDB,326RG,326RNI"
DIMBPASS,LED Dimmer Bypass Adapter,LED Dimmer,DIMBPASS.jpg,0.55 in H x 0.87 in W x 0 in L,0.1,0.01,1,1,radiant,radiant,Fan Control,N,11.28,,17.99,,12.99,,18.56,785007378177,Black,China,Y,Fedex or Truck,UNIT,,,,,,,,,,,,,,
RH1103PTC,"INCAN SP/3W 1100W DIMMER, TC",INCAN SP/3W,"RH1103PTC.jpg,RH1103PTC_2.jpg",4.25 in H x 1.75 in W x 1.25 in L,0.4,0.01,1,1,radiant,radiant,Dimmer Kit,N,45.55,,70.99,,59.49,,84.98,785007053272,"Tri Color (WH, IV, LA)",China,Y,Fedex or Truck,UNIT,,,,,,,,,,,,,,
RH4FBL3PTC,0-10V LED/Fluorescent Dimmer,0-10V LED/Fluor,"RH4FBL3PTC.jpg,RH4FBL3PTC_2.jpg,RH4FBL3PTC_3.jpg",4.25 in H x 1.75 in W x 1.25 in L,0.4,0.01,1,1,radiant,radiant,Dimmer Kit,N,62.95,,96.99,,104.26,,148.94,785007053319,"Tri Color (WH, IV, LA)",China,Y,Fedex or Truck,UNIT,,,,,,,,,,,,,,"RH4FBL3PTC,RH4FBL3PW"
RH4FBL3PW,"0-10V LED/Fluorescent Dimmer, White",0-10V LED/Fluor,"RH4FBL3PW.jpg,RH4FBL3PW_2.jpg,RH4FBL3PW_3.jpg,RH4FBL3PW_4.jpg,RH4FBL3PW_5.jpg,RH4FBL3PW_6.jpg",4.25 in H x 1.75 in W x 1.25 in L,0.4,0.01,1,1,radiant,radiant,Dimmer Kit,N,61.33,,94.99,,101.16,,144.51,785007053326,White,China,Y,Fedex or Truck,UNIT,,,,,,,,,,,,,,"RH4FBL3PTC,RH4FBL3PW"
RHLV1103PTC,"120V, 1100VA Magnetic Low-Voltage Single Pole/3-","120V, 1100VA","RHLV1103PTC.jpg,RHLV1103PTC_2.jpg,RHLV1103PTC_3.jpg,RHLV1103PTC_4.jpg,RHLV1103PTC_5.jpg,RHLV1103PTC_6.jpg",4.25 in H x 2.5 in W x 1.25 in L,0.3,0.01,1,1,radiant,radiant,Dimmer Kit,N,60.76,,93.99,,92.69,,132.42,785007053517,"Tri Color (WH, IV, LA)",China,Y,Fedex or Truck,UNIT,,,,,,,,,,,,,,
RHLV1103PW,"120V, 1100VA Magnetic Low-Voltage Single, White","120V, 1100VA","RHLV1103PW.jpg,RHLV1103PW_2.jpg,RHLV1103PW_3.jpg,RHLV1103PW_4.jpg,RHLV1103PW_5.jpg,RHLV1103PW_6.jpg",4.25 in H x 2.5 in W x 1.25 in L,0.3,0.01,1,1,radiant,radiant,Dimmer Kit,N,59.09,,90.99,,90.10,,128.72,785007053302,White,China,Y,Fedex or Truck,UNIT,,,,,,,,,,,,,,
RHLV703PTC,"120V, 700VA, Magnetic Low-Voltage Single Pole/3-","120V, 700VA","RHLV703PTC.jpg,RHLV703PTC_2.jpg,RHLV703PTC_3.jpg",4.25 in H x 1.75 in W x 1.25 in L,0.3,0.01,1,1,radiant,radiant,Dimmer Kit,N,42.21,,64.99,,64.38,,91.97,785007053463,"Tri Color (WH, IV, LA)",China,Y,Fedex or Truck,UNIT,,,,,,,,,,,,,,
RHLV703PW,"120V, 700VA, Magnetic Low-Voltage Single, White","120V, 700VA","RHLV703PW.jpg,RHLV703PW_2.jpg,RHLV703PW_3.jpg,RHLV703PW_4.jpg",4.25 in H x 1.75 in W x 1.25 in L,0.17,0.01,1,1,radiant,radiant,Dimmer Kit,N,40.51,,62.99,,61.78,,88.26,785007053500,White,China,Y,Fedex or Truck,UNIT,,,,,,,,,,,,,,
RHFB83PTC,"2-Wire Fluorescent Dimmer, Tri-Color",2-Wire Fluoresc,"RHFB83PTC.jpg,RHFB83PTC_2.jpg,RHFB83PTC_3.jpg",4.25 in H x 2.5 in W x 1.25 in L,0.3,0.01,1,1,radiant,radiant,Dimmer Kit,N,38.04,,58.99,,91.39,,130.55,785007053432,"Tri Color (WH, IV, LA)",China,Y,Fedex or Truck,UNIT,,,,,,,,,,,,,,
RHFB83PW,"2-Wire Fluorescent Dimmer, White",2-Wire Fluoresc,"RHFB83PW.jpg,RHFB83PW_2.jpg,RHFB83PW_3.jpg,RHFB83PW_4.jpg",4.25 in H x 2.5 in W x 1.25 in L,0.24,0.01,1,1,radiant,radiant,Dimmer Kit,N,36.54,,56.99,,88.99,,127.13,785007053425,White,China,Y,Fedex or Truck,UNIT,,,,,,,,,,,,,,
RW600UTC,"600W 120V Single Pole Occupancy and, Tri-Color",600W 120V,RW600UTC.jpg,N/A,0.34,0.02,1,1,radiant,radiant,Occupancy Sensor,N,25.37,,39.99,,49.59,,70.84,785007026351,Tri-Color,China,Y,Fedex or Truck,UNIT,,,,,,,,,,,,,,
RHDH163PBCCCV4,"Fan Speed Control Switch and De-, Bi-Color",Fan Speed,"RHDH163PBCCCV4.jpg,RHDH163PBCCCV4_2.jpg,RHDH163PBCCCV4_3.jpg,RHDH163PBCCCV4_4.jpg",4.25 in H x 1.75 in W x 1.25 in L,0.33,0.03,1,1,radiant,radiant,Fan Control,N,32.35,,49.99,,61.59,,87.98,785007158366,Bi-Color,China,Y,Fedex or Truck,UNIT,,,,,,,,,,,,,,
RH703PTC,"Incandescent 700W 3-Way Dimmer, Tri-Color",Incandescent,"RH703PTC.jpg,RH703PTC_2.jpg",4.25 in H x 1.75 in W x 1.25 in L,0.3,0.01,1,1,radiant,radiant,Dimmer,N,23.65,,36.99,,30.87,,44.10,785007053289,"Tri Color (WH, IV, LA)",China,Y,Fedex or Truck,UNIT,,,,,,,,,,,,,,
RH703PW,"Incandescent 700W Dimmer, White",Incandescent,"RH703PW.jpg,RH703PW_2.jpg,RH703PW_3.jpg,RH703PW_4.jpg,RH703PW_5.jpg,RH703PW_6.jpg",4.25 in H x 1.75 in W x 1.25 in L,0.3,0.01,1,1,radiant,radiant,Dimmer,N,21.94,,33.99,,28.69,,40.98,785007053401,White,China,Y,Fedex or Truck,UNIT,,,,,,,,,,,,,,
HMRKITBK,"Interchangeable Face Cover for Multi-, Black",Interchangeable,HMRKITBK.jpg,2.625 in H x 1.3 in W x 0 in L,0.05,0.01,1,1,radiant,radiant,Dimmer Kit,N,6.10,,9.99,,11.03,,15.76,785007047363,Black,China,Y,Fedex or Truck,UNIT,,,,,,,,,,,,,,"HMRKITBK,HMRKIT,HMRKITDB,HMRKITGRY,HMRKITI,HMRKITLA,HMRKITNI,HMRKITW"
HMRKIT,"Interchangeable Face Cover for Multi-, Brown",Interchangeable,HMRKIT.jpg,2.625 in H x 1.3 in W x 0 in L,0.05,0.01,1,1,radiant,radiant,Dimmer Kit,N,6.10,,9.99,,11.03,,15.76,785007047325,Brown,China,Y,Fedex or Truck,UNIT,,,,,,,,,,,,,,"HMRKITBK,HMRKIT,HMRKITDB,HMRKITGRY,HMRKITI,HMRKITLA,HMRKITNI,HMRKITW"
HMRKITDB,"Interchangeable Face Cover for Multi-, Dark Bronze",Interchangeable,HMRKITDB.jpg,N/A,0.05,0.01,1,1,radiant,radiant,Dimmer Kit,N,13.90,,21.99,,21.98,,31.40,785007047370,Dark Bronze,China,Y,Fedex or Truck,UNIT,,,,,,,,,,,,,,"HMRKITBK,HMRKIT,HMRKITDB,HMRKITGRY,HMRKITI,HMRKITLA,HMRKITNI,HMRKITW"
HMRKITGRY,"Interchangeable Face Cover for Multi-, Gray",Interchangeable,HMRKITGRY.jpg,2.625 in H x 1.3 in W x 0 in L,0.05,0.01,1,1,radiant,radiant,Dimmer Kit,N,6.10,,9.99,,11.03,,15.76,785007047301,Gray,China,Y,Fedex or Truck,UNIT,,,,,,,,,,,,,,"HMRKITBK,HMRKIT,HMRKITDB,HMRKITGRY,HMRKITI,HMRKITLA,HMRKITNI,HMRKITW"
HMRKITI,"Interchangeable Face Cover for Multi-, Ivory",Interchangeable,HMRKITI.jpg,2.625 in H x 1.3 in W x 0 in L,0.05,0.01,1,1,radiant,radiant,Dimmer Kit,N,6.10,,9.99,,11.03,,15.76,785007047226,Ivory,China,Y,Fedex or Truck,UNIT,,,,,,,,,,,,,,"HMRKITBK,HMRKIT,HMRKITDB,HMRKITGRY,HMRKITI,HMRKITLA,HMRKITNI,HMRKITW"
HMRKITLA,"Interchangeable Face Cover for, Light Almond",Interchangeable,HMRKITLA.jpg,2.625 in H x 1.3 in W x 0 in L,0.05,0.01,1,1,radiant,radiant,Dimmer Kit,N,6.10,,9.99,,11.03,,15.76,785007047356,Light Almond,China,Y,Fedex or Truck,UNIT,,,,,,,,,,,,,,"HMRKITBK,HMRKIT,HMRKITDB,HMRKITGRY,HMRKITI,HMRKITLA,HMRKITNI,HMRKITW"
HMRKITNI,"Interchangeable Face Cover for Multi-, Nickel",Interchangeable,HMRKITNI.jpg,2.625 in H x 1.3 in W x 0 in L,0.05,0.01,1,1,radiant,radiant,Dimmer Kit,N,13.90,,21.99,,21.98,,31.40,785007047233,Nickel,China,Y,Fedex or Truck,UNIT,,,,,,,,,,,,,,"HMRKITBK,HMRKIT,HMRKITDB,HMRKITGRY,HMRKITI,HMRKITLA,HMRKITNI,HMRKITW"
HMRKITW,"Interchangeable Face Cover for Multi-, White",Interchangeable,HMRKITW.jpg,2.625 in H x 1.3 in W x 0 in L,0.05,0.01,1,1,radiant,radiant,Dimmer Kit,N,6.10,,9.99,,11.03,,15.76,785007047295,White,China,Y,Fedex or Truck,UNIT,,,,,,,,,,,,,,"HMRKITBK,HMRKIT,HMRKITDB,HMRKITGRY,HMRKITI,HMRKITLA,HMRKITNI,HMRKITW"
RHKITBK,"Interchangeable Face Cover, Black",Interchangeable,RHKITBK.jpg,4.25 in H x 1.75 in W x 1.25 in L,0.05,0.01,1,1,radiant,radiant,Dimmer Kit,N,4.81,,7.99,,7.36,,10.51,785007053364,Black,China,Y,Fedex or Truck,UNIT,,,,,,,,,,,,,,"RHKITBK,RHKIT,RHKITDB,RHKITGPCCV6,RHKITGRY,RHKITI,RHKITLA,RHKITNI,RHKITRED,RHKITW"
RHKIT,"Interchangeable Face Cover, Brown",Interchangeable,RHKIT.jpg,4.25 in H x 1.75 in W x 1.25 in L,0.05,0.01,1,1,radiant,radiant,Dimmer Kit,N,4.81,,7.99,,7.36,,10.51,785007053456,Brown,China,Y,Fedex or Truck,UNIT,,,,,,,,,,,,,,"RHKITBK,RHKIT,RHKITDB,RHKITGPCCV6,RHKITGRY,RHKITI,RHKITLA,RHKITNI,RHKITRED,RHKITW"
RHKITDB,"Interchangeable Face Cover, Dark Bronze",Interchangeable,"RHKITDB.jpg,RHKITDB_2.jpg,RHKITDB_3.jpg",4.25 in H x 1.75 in W x 1.25 in L,0.05,0.01,1,1,radiant,radiant,Dimmer Kit,N,10.50,,16.99,,16.74,,23.91,785007053265,Dark Bronze,China,Y,Fedex or Truck,UNIT,,,,,,,,,,,,,,"RHKITBK,RHKIT,RHKITDB,RHKITGPCCV6,RHKITGRY,RHKITI,RHKITLA,RHKITNI,RHKITRED,RHKITW"
RHKITGPCCV6,"Interchangeable Face Cover, Graphite",Interchangeable,RHKITGPCCV6.jpg,4.25 in H x 1.75 in W x 1.25 in L,0.2,0.01,1,1,radiant,radiant,Dimmer Kit,N,10.50,,16.99,,16.74,,23.91,785007180879,Graphite,China,Y,Fedex or Truck,UNIT,,,,,,,,,,,,,,"RHKITBK,RHKIT,RHKITDB,RHKITGPCCV6,RHKITGRY,RHKITI,RHKITLA,RHKITNI,RHKITRED,RHKITW"
RHKITGRY,"Interchangeable Face Cover, Gray",Interchangeable,RHKITGRY.jpg,4.25 in H x 1.75 in W x 1.25 in L,0.05,0.01,1,1,radiant,radiant,Dimmer Kit,N,4.81,,7.99,,7.36,,10.51,785007053449,Gray,China,Y,Fedex or Truck,UNIT,,,,,,,,,,,,,,"RHKITBK,RHKIT,RHKITDB,RHKITGPCCV6,RHKITGRY,RHKITI,RHKITLA,RHKITNI,RHKITRED,RHKITW"
RHKITI,"Interchangeable Face Cover, Ivory",Interchangeable,RHKITI.jpg,4.25 in H x 1.75 in W x 1.25 in L,0.01,0.01,1,1,radiant,radiant,Dimmer Kit,N,4.81,,7.99,,7.36,,10.51,785007053357,Ivory,China,Y,Fedex or Truck,UNIT,,,,,,,,,,,,,,"RHKITBK,RHKIT,RHKITDB,RHKITGPCCV6,RHKITGRY,RHKITI,RHKITLA,RHKITNI,RHKITRED,RHKITW"
RHKITLA,"Interchangeable Face Cover, Light Almond",Interchangeable,RHKITLA.jpg,4.25 in H x 1.75 in W x 1.25 in L,0.05,0.01,1,1,radiant,radiant,Dimmer Kit,N,4.81,,7.99,,7.36,,10.51,785007053333,Light Almond,China,Y,Fedex or Truck,UNIT,,,,,,,,,,,,,,"RHKITBK,RHKIT,RHKITDB,RHKITGPCCV6,RHKITGRY,RHKITI,RHKITLA,RHKITNI,RHKITRED,RHKITW"
RHKITNI,"Interchangeable Face Cover, Nickel",Interchangeable,"RHKITNI.jpg,RHKITNI_2.jpg,RHKITNI_3.jpg",4.25 in H x 1.75 in W x 1.25 in L,0.05,0.01,1,1,radiant,radiant,Dimmer Kit,N,10.50,,16.99,,16.74,,23.91,785007053524,Nickel,China,Y,Fedex or Truck,UNIT,,,,,,,,,,,,,,"RHKITBK,RHKIT,RHKITDB,RHKITGPCCV6,RHKITGRY,RHKITI,RHKITLA,RHKITNI,RHKITRED,RHKITW"
RHKITRED,"Interchangeable Face Cover, Red",Interchangeable,RHKITRED.jpg,4.25 in H x 1.75 in W x 1.25 in L,0.05,0.01,1,1,radiant,radiant,Dimmer Kit,N,4.81,,7.99,,7.36,,10.51,785007057430,Red,United States,Y,Fedex or Truck,UNIT,,,,,,,,,,,,,,"RHKITBK,RHKIT,RHKITDB,RHKITGPCCV6,RHKITGRY,RHKITI,RHKITLA,RHKITNI,RHKITRED,RHKITW"
RHKITW,"Interchangeable Face Cover, White",Interchangeable,"RHKITW.jpg,RHKITW_2.jpg,RHKITW_3.jpg",4.25 in H x 1.75 in W x 1.25 in L,0.05,0.01,1,1,radiant,radiant,Dimmer Kit,N,4.81,,7.99,,7.36,,10.51,785007053340,White,China,Y,Fedex or Truck,UNIT,,,,,,,,,,,,,,"RHKITBK,RHKIT,RHKITDB,RHKITGPCCV6,RHKITGRY,RHKITI,RHKITLA,RHKITNI,RHKITRED,RHKITW"
RHL153PWPW,"LED Advanced 150W Single Pole/3-Way, White",LED Advanced,"RHL153PWPW.jpg,RHL153PWPW_2.jpg,RHL153PWPW_3.jpg,RHL153PWPW_4.jpg,RHL153PWPW_5.jpg,RHL153PWPW_6.jpg",4.19 in H x 1.74 in W x 1.46 in L,0.3,0.02,1,1,radiant,radiant,Dimmer,N,23.44,,36.99,,29.71,,42.44,785007442960,White,China,Y,Fedex or Truck,UNIT,,,,,,,,,,,,,,
RHL153PBK,"LED Advanced 150W Single Pole/3-Way Dimmer, Black",LED Advanced,"RHL153PBK.jpg,RHL153PBK_2.jpg,RHL153PBK_3.jpg,RHL153PBK_4.jpg,RHL153PBK_5.jpg,RHL153PBK_6.jpg",4.19 in H x 1.74 in W x 1.46 in L,0.24,0.01,1,1,radiant,radiant,Dimmer,N,19.30,,29.99,,27.05,,38.65,785007442885,Black,China,Y,Fedex or Truck,UNIT,,,,,,,,,,,,,,"RHL153PBK,RHL153P,RHL153PDB,RHL153PG,RHL153PGRY,RHL153PI,RHL153PLA,RHL153PNI,RHL153PRED,RHL153PW"
RHL153P,"LED Advanced 150W Single Pole/3-Way Dimmer, Brown",LED Advanced,"RHL153P.jpg,RHL153P_2.jpg,RHL153P_3.jpg,RHL153P_4.jpg,RHL153P_5.jpg,RHL153P_6.jpg",4.19 in H x 1.74 in W x 1.46 in L,0.24,0.01,1,1,radiant,radiant,Dimmer,N,19.30,,29.99,,27.05,,38.65,785007442908,Brown,China,Y,Fedex or Truck,UNIT,,,,,,,,,,,,,,"RHL153PBK,RHL153P,RHL153PDB,RHL153PG,RHL153PGRY,RHL153PI,RHL153PLA,RHL153PNI,RHL153PRED,RHL153PW"
RHL153PDB,"LED Advanced 150W Single Pole/3-Way, Dark Bronze",LED Advanced,"RHL153PDB.jpg,RHL153PDB_2.jpg,RHL153PDB_3.jpg,RHL153PDB_4.jpg,RHL153PDB_5.jpg,RHL153PDB_6.jpg",4.19 in H x 1.74 in W x 1.46 in L,0.24,0.01,1,1,radiant,radiant,Dimmer,N,26.45,,40.99,,33.52,,47.88,785007442939,Dark Bronze,China,Y,Fedex or Truck,UNIT,,,,,,,,,,,,,,"RHL153PBK,RHL153P,RHL153PDB,RHL153PG,RHL153PGRY,RHL153PI,RHL153PLA,RHL153PNI,RHL153PRED,RHL153PW"
RHL153PG,"LED Advanced 150W Single Pole/3-Way, Graphite",LED Advanced,"RHL153PG.jpg,RHL153PG_2.jpg,RHL153PG_3.jpg,RHL153PG_4.jpg,RHL153PG_5.jpg,RHL153PG_6.jpg",4.19 in H x 1.74 in W x 1.46 in L,0.24,0.01,1,1,radiant,radiant,Dimmer,N,26.45,,40.99,,33.52,,47.88,785007442946,Graphite,China,Y,Fedex or Truck,UNIT,,,,,,,,,,,,,,"RHL153PBK,RHL153P,RHL153PDB,RHL153PG,RHL153PGRY,RHL153PI,RHL153PLA,RHL153PNI,RHL153PRED,RHL153PW"
RHL153PGRY,"LED Advanced 150W Single Pole/3-Way Dimmer, Gray",LED Advanced,"RHL153PGRY.jpg,RHL153PGRY_2.jpg,RHL153PGRY_3.jpg,RHL153PGRY_4.jpg,RHL153PGRY_5.jpg,RHL153PGRY_6.jpg",4.19 in H x 1.74 in W x 1.46 in L,0.24,0.01,1,1,radiant,radiant,Dimmer,N,19.30,,29.99,,27.05,,38.65,785007442892,Gray,China,Y,Fedex or Truck,UNIT,,,,,,,,,,,,,,"RHL153PBK,RHL153P,RHL153PDB,RHL153PG,RHL153PGRY,RHL153PI,RHL153PLA,RHL153PNI,RHL153PRED,RHL153PW"
RHL153PI,"LED Advanced 150W Single Pole/3-Way Dimmer, Ivory",LED Advanced,"RHL153PI.jpg,RHL153PI_2.jpg,RHL153PI_3.jpg,RHL153PI_4.jpg,RHL153PI_5.jpg,RHL153PI_6.jpg",4.19 in H x 1.74 in W x 1.46 in L,0.24,0.01,1,1,radiant,radiant,Dimmer,N,19.30,,29.99,,27.05,,38.65,785007442878,Ivory,China,Y,Fedex or Truck,UNIT,,,,,,,,,,,,,,"RHL153PBK,RHL153P,RHL153PDB,RHL153PG,RHL153PGRY,RHL153PI,RHL153PLA,RHL153PNI,RHL153PRED,RHL153PW"
RHL153PLA,"LED Advanced 150W Single Pole/3-, Light Almond",LED Advanced,"RHL153PLA.jpg,RHL153PLA_2.jpg,RHL153PLA_3.jpg,RHL153PLA_4.jpg,RHL153PLA_5.jpg,RHL153PLA_6.jpg",4.19 in H x 1.74 in W x 1.46 in L,0.24,0.01,1,1,radiant,radiant,Dimmer,N,19.30,,29.99,,27.05,,38.65,785007442861,Light Almond,China,Y,Fedex or Truck,UNIT,,,,,,,,,,,,,,"RHL153PBK,RHL153P,RHL153PDB,RHL153PG,RHL153PGRY,RHL153PI,RHL153PLA,RHL153PNI,RHL153PRED,RHL153PW"
RHL153PNI,"LED Advanced 150W Single Pole/3-Way Dimmer, Nickel",LED Advanced,"RHL153PNI.jpg,RHL153PNI_2.jpg,RHL153PNI_3.jpg,RHL153PNI_4.jpg,RHL153PNI_5.jpg,RHL153PNI_6.jpg",4.19 in H x 1.74 in W x 1.46 in L,0.24,0.01,1,1,radiant,radiant,Dimmer,N,26.45,,40.99,,33.52,,47.88,785007442922,Nickel,China,Y,Fedex or Truck,UNIT,,,,,,,,,,,,,,"RHL153PBK,RHL153P,RHL153PDB,RHL153PG,RHL153PGRY,RHL153PI,RHL153PLA,RHL153PNI,RHL153PRED,RHL153PW"
RHL153PRED,"LED Advanced 150W Single Pole/3-Way Dimmer, Red",LED Advanced,"RHL153PRED.jpg,RHL153PRED_2.jpg,RHL153PRED_3.jpg,RHL153PRED_4.jpg,RHL153PRED_5.jpg,RHL153PRED_6.jpg",4.19 in H x 1.74 in W x 1.46 in L,0.24,0.01,1,1,radiant,radiant,Dimmer,N,19.30,,29.99,,27.05,,38.65,785007442915,Red,China,Y,Fedex or Truck,UNIT,,,,,,,,,,,,,,"RHL153PBK,RHL153P,RHL153PDB,RHL153PG,RHL153PGRY,RHL153PI,RHL153PLA,RHL153PNI,RHL153PRED,RHL153PW"
RHL153PW,"LED Advanced 150W Single Pole/3-Way Dimmer, White",LED Advanced,"RHL153PW.jpg,RHL153PW_2.jpg,RHL153PW_3.jpg,RHL153PW_4.jpg,RHL153PW_5.jpg,RHL153PW_6.jpg",4.19 in H x 1.74 in W x 1.46 in L,0.24,0.01,1,1,radiant,radiant,Dimmer,N,19.30,,29.99,,27.05,,38.65,785007442854,White,China,Y,Fedex or Truck,UNIT,,,,,,,,,,,,,,"RHL153PBK,RHL153P,RHL153PDB,RHL153PG,RHL153PGRY,RHL153PI,RHL153PLA,RHL153PNI,RHL153PRED,RHL153PW"
RHL153PW10PK,"LED Advanced 150W Single Pole/3-Way, White",LED Advanced,"RHL153PW10PK.jpg,RHL153PW10PK_2.jpg,RHL153PW10PK_3.jpg,RHL153PW10PK_4.jpg,RHL153PW10PK_5.jpg",4.19 in H x 1.74 in W x 1.46 in L,1.8,0.1,1,1,radiant,radiant,Dimmer,N,192.69,,296.99,,257.54,,367.91,785007442953,White,China,Y,Fedex or Truck,UNIT,,,,,,,,,,,,,,
HCL453PMMTC,"Multi-Location Master Dimmer, Tri-Color",Multi-Location,"HCL453PMMTC.jpg,HCL453PMMTC_2.jpg,HCL453PMMTC_3.jpg,HCL453PMMTC_4.jpg,HCL453PMMTC_5.jpg",4.25 in H x 2.5 in W x 1.25 in L,0.3,0.01,1,1,radiant,radiant,Dimmer,N,50.77,,78.99,,103.45,,147.78,785007039740,Tri-Color,China,Y,Fedex or Truck,UNIT,,,,,,,,,,,,,,"HCL453PMMTC,HCL453PMMW"
HCL453PMMW,"Multi-Location Master Dimmer, White",Multi-Location,"HCL453PMMW.jpg,HCL453PMMW_2.jpg,HCL453PMMW_3.jpg,HCL453PMMW_4.jpg,HCL453PMMW_5.jpg,HCL453PMMW_6.jpg",4.25 in H x 2.5 in W x 1.25 in L,0.3,0.01,1,1,radiant,radiant,Dimmer,N,48.74,,74.99,,100.37,,143.38,785007039665,White,China,Y,Fedex or Truck,UNIT,,,,,,,,,,,,,,"HCL453PMMTC,HCL453PMMW"
HMRTC,"Multi-Location Remote Dimmer, Tri-Color",Multi-Location,"HMRTC.jpg,HMRTC_2.jpg",4.25 in H x 1.75 in W x 1.25 in L,0.2,0.01,1,1,radiant,radiant,Dimmer,N,22.35,,34.99,,42.33,,60.47,785007039627,White,China,Y,Fedex or Truck,UNIT,,,,,,,,,,,,,,
HMRW,"Multi-Location Remote Dimmer, White",Multi-Location,"HMRW.jpg,HMRW_2.jpg,HMRW_3.jpg,HMRW_4.jpg,HMRW_5.jpg",4.25 in H x 1.75 in W x 1.25 in L,0.3,0.01,1,1,radiant,radiant,Dimmer,N,20.29,,31.99,,38.42,,54.88,785007039719,White,China,Y,Fedex or Truck,UNIT,,,,,,,,,,,,,,
RRW600UBCCCV4,"Single Pole 3-Way Occupancy Sensor, Dark Bronze",Single Pole 3-,"RRW600UBCCCV4.jpg,RRW600UBCCCV4_2.jpg,RRW600UBCCCV4_3.jpg,RRW600UBCCCV4_4.jpg,RRW600UBCCCV4_5.jpg,RRW600UBCCCV4_6.jpg",2.63 in H x 1.69 in W x 1.88 in L,0.3,0.01,1,1,radiant,radiant,Occupancy Sensor,N,44.01,,67.99,,42.76,,61.08,785007158359,Dark Bronze,China,Y,Fedex or Truck,UNIT,,,,,,,,,,,,,,"RRW600UBCCCV4,RRW600UTC"
RRW600UTC,"Single Pole 3-Way Occupancy Sensor, White",Single Pole 3-,"RRW600UTC.jpg,RRW600UTC_2.jpg,RRW600UTC_3.jpg,RRW600UTC_4.jpg,RRW600UTC_5.jpg,RRW600UTC_6.jpg",2.63 in H x 1.69 in W x 1.88 in L,0.3,0.01,1,1,radiant,radiant,Occupancy Sensor,N,28.15,,43.99,,31.35,,47.25,785007496598,White,China,Y,Fedex or Truck,UNIT,,,,,,,,,,,,,,"RRW600UBCCCV4,RRW600UTC"
RHDH163PW,"Single Pole/3-Way Fan Speed Control, White",Single Pole/3-,"RHDH163PW.jpg,RHDH163PW_2.jpg,RHDH163PW_3.jpg,RHDH163PW_4.jpg",4.25 in H x 1.75 in W x 1.25 in L,0.3,0.01,1,1,radiant,radiant,Fan Control,N,32.06,,49.99,,48.93,,69.90,785007053494,White,China,Y,Fedex or Truck,UNIT,,,,,,,,,,,,,,
RRW600VTC,"Single-Pole 3-Way Vacancy Sensor, White",Single-Pole 3-,"RRW600VTC.jpg,RRW600VTC_2.jpg,RRW600VTC_3.jpg,RRW600VTC_4.jpg,RRW600VTC_5.jpg,RRW600VTC_6.jpg",2.63 in H x 1.69 in W x 1.88 in L,0.3,0.01,1,1,radiant,radiant,Vacancy Sensor,N,28.15,,43.99,,33.26,,47.52,785007496604,White,China,Y,Fedex or Truck,UNIT,,,,,,,,,,,,,,
RHDH163PTC,Single-Pole/3-Way Fan Speed Control,Single-Pole/3-,"RHDH163PTC.jpg,RHDH163PTC_2.jpg",4.25 in H x 1.75 in W x 1.25 in L,0.3,0.01,1,1,radiant,radiant,Fan Control,N,33.75,,51.99,,48.32,,69.03,785007053418,"Tri Color (WH, IV, LA)",China,Y,Fedex or Truck,UNIT,,,,,,,,,,,,,,
RH703PTUTC,"Tru-Universal Single Pole/3-Way Dimmer, Tri-Color",Tru-Universal,"RH703PTUTC.jpg,RH703PTUTC_2.jpg",4.25 in H x 1.75 in W x 1.25 in L,0.24,0.01,1,1,radiant,radiant,Dimmer,N,46.60,,71.99,,71.19,,101.70,785007053470,"Tri Color (WH, IV, LA)",China,Y,Fedex or Truck,UNIT,,,,,,,,,,,,,,
RH703PTUW,"Tru-Universal Single Pole/3-Way Dimmer, White",Tru-Universal,"RH703PTUW.jpg,RH703PTUW_2.jpg,RH703PTUW_3.jpg,RH703PTUW_4.jpg,RH703PTUW_5.jpg,RH703PTUW_6.jpg",4.25 in H x 1.75 in W x 1.25 in L,0.24,0.01,1,1,radiant,radiant,Dimmer,N,45.24,,69.99,,69.19,,98.85,785007053296,White,China,Y,Fedex or Truck,UNIT,,,,,,,,,,,,,,
067695,Netatmo 4 Scene Pocket Remote Control with Netatmo,Netatmo 4,"067695.jpg,067695_2.jpg,067695_3.jpg,067695_4.jpg",N/A,0.1,0.01,1,1,radiant,radiant,Smart Scene Controller,N,40.31,,62.99,58.98,81.52,,116.45,414971346706,,France,Y,Fedex or Truck,UNIT,,,,,,,,,,,,,,
064875,Netatmo Wireless Motion Sensor with Netatmo,Netatmo Wireles,"064875.jpg,064875_2.jpg,064875_3.jpg,064875_4.jpg,064875_5.jpg,064875_6.jpg",N/A,0.56,0.05,1,1,radiant,radiant,Dimmer Kit,N,46.78,,71.99,57.03,92.67,,132.38,414971906368,,France,Y,Fedex or Truck,UNIT,,,,,,,,,,,,,,
WNREZK50WH,"Easy 3-Way Dimmer Kit with Netatmo, White",Easy 3-Way,"WNREZK50WH.jpg,WNREZK50WH_2.jpg,WNREZK50WH_3.jpg,WNREZK50WH_4.jpg,WNREZK50WH_5.jpg,WNREZK50WH_6.jpg",N/A,0,0.01,1,1,radiant,radiant,Smart Home (Netatmo),N,71.40,,109.99,106.03,93.16,,133.08,785007442687,White,China,Y,Fedex or Truck,,,,,,,,,,,,,,,
WNREZK10WH,"Easy 3-Way Switch Kit with Netatmo, White",Easy 3-Way,"WNREZK10WH.jpg,WNREZK10WH_2.jpg,WNREZK10WH_3.jpg,WNREZK10WH_4.jpg,WNREZK10WH_5.jpg,WNREZK10WH_6.jpg",N/A,0,0.01,1,1,radiant,radiant,Smart Home (Netatmo),N,62.48,,96.99,93.23,82.22,,117.46,785007442670,White,China,Y,Fedex or Truck,,,,,,,,,,,,,,,
WNREZK15WH,"Easy Switched Outlet Kit with Netatmo, White",Easy Switched,"WNREZK15WH.jpg,WNREZK15WH_2.jpg,WNREZK15WH_3.jpg,WNREZK15WH_4.jpg,WNREZK15WH_5.jpg,WNREZK15WH_6.jpg",N/A,0,0.01,1,1,radiant,radiant,Smart Outlet Kit,N,80.62,,124.99,110.78,109.28,,156.12,785007442694,White,China,Y,Fedex or Truck,,,,,,,,,,,,,,,
WNRL33LA,"Wireless Home/Away Smart Switch, Light Almond",Wireless,"WNRL33LA.jpg,WNRL33LA_2.jpg,WNRL33LA_3.jpg,WNRL33LA_4.jpg,WNRL33LA_5.jpg,WNRL33LA_6.jpg",N/A,0.18,0.03,1,1,radiant,radiant,Smart Scene Controller,N,37.55,,57.99,53.64,56.41,,80.58,785007289688,Light Almond,China,Y,Fedex or Truck,UNIT,,,,,,,,,,,,,,"WNRL33LA,WNRL33NI,WNRL33WH"
WNRL33NI,"Wireless Home/Away Smart Switch, with, Nickel",Wireless,"WNRL33NI.jpg,WNRL33NI_2.jpg,WNRL33NI_3.jpg,WNRL33NI_4.jpg,WNRL33NI_5.jpg,WNRL33NI_6.jpg",N/A,0.18,0.03,1,1,radiant,radiant,Smart Scene Controller,N,45.90,,70.99,65.57,68.93,,98.47,785007289695,Nickel,China,Y,Fedex or Truck,UNIT,,,,,,,,,,,,,,"WNRL33LA,WNRL33NI,WNRL33WH"
WNRL33WH,"Wireless Home/Away Smart Switch, with, White",Wireless,"WNRL33WH.jpg,WNRL33WH_2.jpg,WNRL33WH_3.jpg,WNRL33WH_4.jpg,WNRL33WH_5.jpg,WNRL33WH_6.jpg",N/A,0.18,0.03,1,1,radiant,radiant,Smart Scene Controller,N,37.55,,57.99,53.64,56.41,,80.58,785007289671,White,China,Y,Fedex or Truck,UNIT,,,,,,,,,,,,,,"WNRL33LA,WNRL33NI,WNRL33WH"
WNRR15LA,"Smart 15A Outlet with Netatmo, Light Almond",Smart 15A,"WNRR15LA.jpg,WNRR15LA_2.jpg,WNRR15LA_3.jpg,WNRR15LA_4.jpg,WNRR15LA_5.jpg,WNRR15LA_6.jpg",N/A,0.25,0.03,1,1,radiant,radiant,Smart Outlet,N,50.07,,77.99,71.53,75.24,,107.49,785007289596,Light Almond,China,Y,Fedex or Truck,UNIT,,,,,,,,,,,,,,"WNRR15LA,WNRR15NI,WNRR15WH"
WNRR15NI,"Smart 15A Outlet with Netatmo, Nickel",Smart 15A,"WNRR15NI.jpg,WNRR15NI_2.jpg,WNRR15NI_3.jpg,WNRR15NI_4.jpg,WNRR15NI_5.jpg,WNRR15NI_6.jpg",N/A,0.18,0.03,1,1,radiant,radiant,Smart Outlet,N,58.42,,89.99,83.45,87.78,,125.40,785007289602,Nickel,China,Y,Fedex or Truck,UNIT,,,,,,,,,,,,,,"WNRR15LA,WNRR15NI,WNRR15WH"
WNRR15WH,"Smart 15A Outlet with Netatmo, White",Smart 15A,"WNRR15WH.jpg,WNRR15WH_2.jpg,WNRR15WH_3.jpg,WNRR15WH_4.jpg,WNRR15WH_5.jpg,WNRR15WH_6.jpg",N/A,0.25,0.03,1,1,radiant,radiant,Smart Outlet,N,50.07,,77.99,71.53,75.24,,107.49,785007289589,White,China,Y,Fedex or Truck,UNIT,,,,,,,,,,,,,,"WNRR15LA,WNRR15NI,WNRR15WH"
WNRR20LA,"Smart 20A Outlet with Netatmo, Light Almond",Smart 20A,"WNRR20LA.jpg,WNRR20LA_2.jpg,WNRR20LA_3.jpg,WNRR20LA_4.jpg,WNRR20LA_5.jpg,WNRR20LA_6.jpg",N/A,0.25,0.03,1,1,radiant,radiant,Smart Outlet,N,58.42,,89.99,83.45,87.78,,125.40,785007289626,Light Almond,China,Y,Fedex or Truck,UNIT,,,,,,,,,,,,,,"WNRR20LA,WNRR20NI,WNRR20WH"
WNRR20NI,"Smart 20A Outlet with Netatmo, Nickel",Smart 20A,"WNRR20NI.jpg,WNRR20NI_2.jpg,WNRR20NI_3.jpg,WNRR20NI_4.jpg,WNRR20NI_5.jpg,WNRR20NI_6.jpg",N/A,0.25,0.03,1,1,radiant,radiant,Smart Outlet,N,66.76,,102.99,95.37,100.30,,143.29,785007289633,Nickel,China,Y,Fedex or Truck,UNIT,,,,,,,,,,,,,,"WNRR20LA,WNRR20NI,WNRR20WH"
WNRR20WH,"Smart 20A Outlet with Netatmo, White",Smart 20A,"WNRR20WH.jpg,WNRR20WH_2.jpg,WNRR20WH_3.jpg,WNRR20WH_4.jpg,WNRR20WH_5.jpg,WNRR20WH_6.jpg",N/A,0.25,0.03,1,1,radiant,radiant,Smart Outlet,N,58.42,,89.99,83.45,87.78,,125.40,785007289619,White,China,Y,Fedex or Truck,UNIT,,,,,,,,,,,,,,"WNRR20LA,WNRR20NI,WNRR20WH"
WNRKH53WH,"Smart 3-Way Dimmer Hub Kit with Netatmo, White",Smart 3-Way,"WNRKH53WH.jpg,WNRKH53WH_2.jpg,WNRKH53WH_3.jpg,WNRKH53WH_4.jpg,WNRKH53WH_5.jpg,WNRKH53WH_6.jpg",N/A,0,0.01,1,1,radiant,radiant,Smart Outlet Kit,N,119.32,,183.99,155.43,121.66,,173.80,785007442113,White,China,Y,Fedex or Truck,UNIT,,,,,,,,,,,,,,
WNRH2LA,"Smart Gateway Surface Mount with, Light Almond",Smart Gateway,"WNRH2LA.jpg,WNRH2LA_2.jpg,WNRH2LA_3.jpg,WNRH2LA_4.jpg,WNRH2LA_5.jpg,WNRH2LA_6.jpg",4.75 in H x 4.75 in W x 0.56 in L,0.6,0.06,1,1,radiant,radiant,Smart Gateway,N,82.62,,127.99,118.03,118.31,,169.01,785007377491,Light Almond,China,Y,Fedex or Truck,UNIT,,,,,,,,,,,,,,"WNRH2LA,WNRH2NI,WNRH2WH"
WNRH2NI,"Smart Gateway Surface Mount with Netatmo, Nickel",Smart Gateway,"WNRH2NI.jpg,WNRH2NI_2.jpg,WNRH2NI_3.jpg,WNRH2NI_4.jpg,WNRH2NI_5.jpg,WNRH2NI_6.jpg",4.75 in H x 4.75 in W x 0.56 in L,0.6,0.06,1,1,radiant,radiant,Smart Gateway,N,90.98,,139.99,129.97,130.26,,186.08,785007377507,Nickel,China,Y,Fedex or Truck,UNIT,,,,,,,,,,,,,,"WNRH2LA,WNRH2NI,WNRH2WH"
WNRH2WH,"Smart Gateway Surface Mount with Netatmo, White",Smart Gateway,"WNRH2WH.jpg,WNRH2WH_2.jpg,WNRH2WH_3.jpg,WNRH2WH_4.jpg,WNRH2WH_5.jpg,WNRH2WH_6.jpg",4.75 in H x 4.75 in W x 0.56 in L,0.6,0.06,1,1,radiant,radiant,Smart Gateway,N,82.62,,127.99,118.03,118.31,,169.01,785007377484,White,China,Y,Fedex or Truck,UNIT,,,,,,,,,,,,,,"WNRH2LA,WNRH2NI,WNRH2WH"
WNRH1LA,"Smart Gateway with Netatmo, Light Almond",Smart Gateway,"WNRH1LA.jpg,WNRH1LA_2.jpg,WNRH1LA_3.jpg,WNRH1LA_4.jpg,WNRH1LA_5.jpg,WNRH1LA_6.jpg",4.19 in H x 1.65 in W x 0.79 in L,0.18,0.03,1,1,radiant,radiant,Smart Gateway,N,82.62,,127.99,118.03,118.31,,169.01,785007289503,Light Almond,China,Y,Fedex or Truck,UNIT,,,,,,,,,,,,,,"WNRH1LA,WNRH1NI,WNRH1WH"
WNRH1NI,"Smart Gateway with Netatmo, Nickel",Smart Gateway,"WNRH1NI.jpg,WNRH1NI_2.jpg,WNRH1NI_3.jpg,WNRH1NI_4.jpg,WNRH1NI_5.jpg,WNRH1NI_6.jpg",4.19 in H x 1.65 in W x 0.79 in L,0.18,0.03,1,1,radiant,radiant,Smart Gateway,N,90.98,,139.99,129.97,130.26,,186.08,785007289510,Nickel,China,Y,Fedex or Truck,UNIT,,,,,,,,,,,,,,"WNRH1LA,WNRH1NI,WNRH1WH"
WNRH1WH,"Smart Gateway with Netatmo, White",Smart Gateway,"WNRH1WH.jpg,WNRH1WH_2.jpg,WNRH1WH_3.jpg,WNRH1WH_4.jpg,WNRH1WH_5.jpg,WNRH1WH_6.jpg",4.19 in H x 1.65 in W x 0.79 in L,0.18,0.03,1,1,radiant,radiant,Smart Gateway,N,82.62,,127.99,118.03,118.31,,169.01,785007276992,White,China,Y,Fedex or Truck,UNIT,,,,,,,,,,,,,,"WNRH1LA,WNRH1NI,WNRH1WH"
WNRL33CKITBK,"Smart Home/Away Switch with Netatmo, Black",Smart Home/Away,"WNRL33CKITBK.jpg,WNRL33CKITBK_2.jpg",.33 H x 2.28 W x 2.61 L,0.013007,0.01,1,1,radiant,radiant,Smart Color Change Kit,N,4.57,,7.99,6.66,7.57,,10.82,785007450132,Black,,Y,Fedex or Truck,,,,,,,,,,,,,,,"WNRL33CKITBK,WNRL33CKIT,WNRL33CKITDB,WNRL33CKITG,WNRL33CKITGRY,WNRL33CKITIV,WNRL33CKITLA,WNRL33CKITNI,WNRL33CKITWH"
WNRL33CKIT,"Smart Home/Away Switch with Netatmo, Brown",Smart Home/Away,"WNRL33CKIT.jpg,WNRL33CKIT_2.jpg",.33 H x 2.28 W x 2.61 L,0.013007,0.01,1,1,radiant,radiant,Smart Color Change Kit,N,4.57,,7.99,6.66,8.34,,11.92,785007451825,Brown,,Y,Fedex or Truck,,,,,,,,,,,,,,,"WNRL33CKITBK,WNRL33CKIT,WNRL33CKITDB,WNRL33CKITG,WNRL33CKITGRY,WNRL33CKITIV,WNRL33CKITLA,WNRL33CKITNI,WNRL33CKITWH"
WNRL33CKITDB,"Smart Home/Away Switch with, Dark Bronze",Smart Home/Away,"WNRL33CKITDB.jpg,WNRL33CKITDB_2.jpg",.33 H x 2.28 W x 2.61 L,0.013007,0.01,1,1,radiant,radiant,Smart Color Change Kit,N,4.57,,7.99,6.66,8.34,,11.92,785007450163,Dark Bronze,,Y,Fedex or Truck,,,,,,,,,,,,,,,"WNRL33CKITBK,WNRL33CKIT,WNRL33CKITDB,WNRL33CKITG,WNRL33CKITGRY,WNRL33CKITIV,WNRL33CKITLA,WNRL33CKITNI,WNRL33CKITWH"
WNRL33CKITG,"Smart Home/Away Switch with Netatmo, Graphite",Smart Home/Away,"WNRL33CKITG.jpg,WNRL33CKITG_2.jpg",.33 H x 2.28 W x 2.61 L,0.013007,0.01,1,1,radiant,radiant,Smart Color Change Kit,N,4.57,,7.99,6.66,8.34,,11.92,785007450170,Graphite,,Y,Fedex or Truck,,,,,,,,,,,,,,,"WNRL33CKITBK,WNRL33CKIT,WNRL33CKITDB,WNRL33CKITG,WNRL33CKITGRY,WNRL33CKITIV,WNRL33CKITLA,WNRL33CKITNI,WNRL33CKITWH"
WNRL33CKITGRY,"Smart Home/Away Switch with Netatmo, Color, Gray",Smart Home/Away,"WNRL33CKITGRY.jpg,WNRL33CKITGRY_2.jpg",.33 H x 2.28 W x 2.61 L,0.013007,0.01,1,1,radiant,radiant,Smart Color Change Kit,N,4.57,,7.99,6.66,7.57,,10.82,785007450156,Gray,,Y,Fedex or Truck,,,,,,,,,,,,,,,"WNRL33CKITBK,WNRL33CKIT,WNRL33CKITDB,WNRL33CKITG,WNRL33CKITGRY,WNRL33CKITIV,WNRL33CKITLA,WNRL33CKITNI,WNRL33CKITWH"
WNRL33CKITIV,"Smart Home/Away Switch with Netatmo, Ivory",Smart Home/Away,"WNRL33CKITIV.jpg,WNRL33CKITIV_2.jpg",.33 H x 2.28 W x 2.61 L,0.013007,0.01,1,1,radiant,radiant,Smart Color Change Kit,N,4.57,,7.99,6.66,7.57,,10.82,785007450149,Ivory,,Y,Fedex or Truck,,,,,,,,,,,,,,,"WNRL33CKITBK,WNRL33CKIT,WNRL33CKITDB,WNRL33CKITG,WNRL33CKITGRY,WNRL33CKITIV,WNRL33CKITLA,WNRL33CKITNI,WNRL33CKITWH"
WNRL33CKITLA,"Smart Home/Away Switch with, Light Almond",Smart Home/Away,"WNRL33CKITLA.jpg,WNRL33CKITLA_2.jpg",.33 H x 2.28 W x 2.61 L,0.013007,0.01,1,1,radiant,radiant,Smart Color Change Kit,N,4.57,,7.99,6.66,7.57,,10.82,785007450118,Light Almond,,Y,Fedex or Truck,,,,,,,,,,,,,,,"WNRL33CKITBK,WNRL33CKIT,WNRL33CKITDB,WNRL33CKITG,WNRL33CKITGRY,WNRL33CKITIV,WNRL33CKITLA,WNRL33CKITNI,WNRL33CKITWH"
WNRL33CKITNI,"Smart Home/Away Switch with Netatmo, Nickel",Smart Home/Away,"WNRL33CKITNI.jpg,WNRL33CKITNI_2.jpg",.33 H x 2.28 W x 2.61 L,0.013007,0.01,1,1,radiant,radiant,Smart Color Change Kit,N,4.57,,7.99,6.66,8.34,,11.92,785007450125,Nickel,,Y,Fedex or Truck,,,,,,,,,,,,,,,"WNRL33CKITBK,WNRL33CKIT,WNRL33CKITDB,WNRL33CKITG,WNRL33CKITGRY,WNRL33CKITIV,WNRL33CKITLA,WNRL33CKITNI,WNRL33CKITWH"
WNRL33CKITWH,"Smart Home/Away Switch with Netatmo, White",Smart Home/Away,"WNRL33CKITWH.jpg,WNRL33CKITWH_2.jpg",.33 H x 2.28 W x 2.61 L,0.013007,0.01,1,1,radiant,radiant,Smart Color Change Kit,N,4.57,,7.99,6.66,7.57,,10.82,785007450101,White,,Y,Fedex or Truck,,,,,,,,,,,,,,,"WNRL33CKITBK,WNRL33CKIT,WNRL33CKITDB,WNRL33CKITG,WNRL33CKITGRY,WNRL33CKITIV,WNRL33CKITLA,WNRL33CKITNI,WNRL33CKITWH"
WNRCB40CKITBK,"Smart Scene Controller with Netatmo, Black",Smart Scene,"WNRCB40CKITBK.jpg,WNRCB40CKITBK_2.jpg",.33 H x 2.28 W x 2.61 L,0.014661,0.01,1,1,radiant,radiant,Smart Color Change Kit,N,4.57,,7.99,6.66,7.57,,10.82,785007450460,Black,,Y,Fedex or Truck,,,,,,,,,,,,,,,"WNRCB40CKITBK,WNRCB40CKIT,WNRCB40CKITDB,WNRCB40CKITG,WNRCB40CKITGRY,WNRCB40CKITIV,WNRCB40CKITLA,WNRCB40CKITNI,WNRCB40CKITWH"
WNRCB40CKIT,"Smart Scene Controller with Netatmo, Brown",Smart Scene,"WNRCB40CKIT.jpg,WNRCB40CKIT_2.jpg",.33 H x 2.28 W x 2.61 L,0.014661,0.01,1,1,radiant,radiant,Smart Color Change Kit,N,4.57,,7.99,6.66,8.34,,11.92,785007451863,Brown,,Y,Fedex or Truck,,,,,,,,,,,,,,,"WNRCB40CKITBK,WNRCB40CKIT,WNRCB40CKITDB,WNRCB40CKITG,WNRCB40CKITGRY,WNRCB40CKITIV,WNRCB40CKITLA,WNRCB40CKITNI,WNRCB40CKITWH"
WNRCB40CKITDB,"Smart Scene Controller with, Dark Bronze",Smart Scene,"WNRCB40CKITDB.jpg,WNRCB40CKITDB_2.jpg",.33 H x 2.28 W x 2.61 L,0.014661,0.01,1,1,radiant,radiant,Smart Color Change Kit,N,4.57,,7.99,6.66,8.34,,11.92,785007450491,Dark Bronze,,Y,Fedex or Truck,,,,,,,,,,,,,,,"WNRCB40CKITBK,WNRCB40CKIT,WNRCB40CKITDB,WNRCB40CKITG,WNRCB40CKITGRY,WNRCB40CKITIV,WNRCB40CKITLA,WNRCB40CKITNI,WNRCB40CKITWH"
WNRCB40CKITG,"Smart Scene Controller with Netatmo, Graphite",Smart Scene,"WNRCB40CKITG.jpg,WNRCB40CKITG_2.jpg",.33 H x 2.28 W x 2.61 L,0.014661,0.01,1,1,radiant,radiant,Smart Color Change Kit,N,4.57,,7.99,6.66,8.34,,11.92,785007450507,Graphite,,Y,Fedex or Truck,,,,,,,,,,,,,,,"WNRCB40CKITBK,WNRCB40CKIT,WNRCB40CKITDB,WNRCB40CKITG,WNRCB40CKITGRY,WNRCB40CKITIV,WNRCB40CKITLA,WNRCB40CKITNI,WNRCB40CKITWH"
WNRCB40CKITGRY,"Smart Scene Controller with Netatmo, Color, Gray",Smart Scene,"WNRCB40CKITGRY.jpg,WNRCB40CKITGRY_2.jpg",.33 H x 2.28 W x 2.61 L,0.014661,0.01,1,1,radiant,radiant,Smart Color Change Kit,N,4.57,,7.99,6.66,7.57,,10.82,785007450484,Gray,,Y,Fedex or Truck,,,,,,,,,,,,,,,"WNRCB40CKITBK,WNRCB40CKIT,WNRCB40CKITDB,WNRCB40CKITG,WNRCB40CKITGRY,WNRCB40CKITIV,WNRCB40CKITLA,WNRCB40CKITNI,WNRCB40CKITWH"
WNRCB40CKITIV,"Smart Scene Controller with Netatmo, Ivory",Smart Scene,"WNRCB40CKITIV.jpg,WNRCB40CKITIV_2.jpg",.33 H x 2.28 W x 2.61 L,0.014661,0.01,1,1,radiant,radiant,Smart Color Change Kit,N,4.57,,7.99,6.66,7.57,,10.82,785007450477,Ivory,,Y,Fedex or Truck,,,,,,,,,,,,,,,"WNRCB40CKITBK,WNRCB40CKIT,WNRCB40CKITDB,WNRCB40CKITG,WNRCB40CKITGRY,WNRCB40CKITIV,WNRCB40CKITLA,WNRCB40CKITNI,WNRCB40CKITWH"
WNRCB40CKITLA,"Smart Scene Controller with, Light Almond",Smart Scene,"WNRCB40CKITLA.jpg,WNRCB40CKITLA_2.jpg",.33 H x 2.28 W x 2.61 L,0.014661,0.01,1,1,radiant,radiant,Smart Color Change Kit,N,4.57,,7.99,6.66,7.57,,10.82,785007450446,Light Almond,,Y,Fedex or Truck,,,,,,,,,,,,,,,"WNRCB40CKITBK,WNRCB40CKIT,WNRCB40CKITDB,WNRCB40CKITG,WNRCB40CKITGRY,WNRCB40CKITIV,WNRCB40CKITLA,WNRCB40CKITNI,WNRCB40CKITWH"
WNRCB40CKITNI,"Smart Scene Controller with Netatmo, Nickel",Smart Scene,"WNRCB40CKITNI.jpg,WNRCB40CKITNI_2.jpg",.33 H x 2.28 W x 2.61 L,0.014661,0.01,1,1,radiant,radiant,Smart Color Change Kit,N,4.57,,7.99,6.66,8.34,,11.92,785007450453,Nickel,,Y,Fedex or Truck,,,,,,,,,,,,,,,"WNRCB40CKITBK,WNRCB40CKIT,WNRCB40CKITDB,WNRCB40CKITG,WNRCB40CKITGRY,WNRCB40CKITIV,WNRCB40CKITLA,WNRCB40CKITNI,WNRCB40CKITWH"
WNRCB40CKITWH,"Smart Scene Controller with Netatmo, White",Smart Scene,"WNRCB40CKITWH.jpg,WNRCB40CKITWH_2.jpg",.33 H x 2.28 W x 2.61 L,0.014661,0.01,1,1,radiant,radiant,Smart Color Change Kit,N,4.57,,7.99,6.66,7.57,,10.82,785007450439,White,,Y,Fedex or Truck,,,,,,,,,,,,,,,"WNRCB40CKITBK,WNRCB40CKIT,WNRCB40CKITDB,WNRCB40CKITG,WNRCB40CKITGRY,WNRCB40CKITIV,WNRCB40CKITLA,WNRCB40CKITNI,WNRCB40CKITWH"
WNRL10CKITBK,"Smart Switch with Netatmo, Color Change Kit, Black",Smart Switch,"WNRL10CKITBK.jpg,WNRL10CKITBK_2.jpg",.33 H x 2.28 W x 2.61 L,0.013007,0.01,1,1,radiant,radiant,Smart Color Change Kit,N,4.57,,7.99,6.66,7.57,,10.82,785007449976,Black,,Y,Fedex or Truck,,,,,,,,,,,,,,,"WNRL10CKITBK,WNRL10CKIT,WNRL10CKITDB,WNRL10CKITG,WNRL10CKITGRY,WNRL10CKITIV,WNRL10CKITLA,WNRL10CKITNI,WNRL10CKITWH"
WNRL10CKIT,"Smart Switch with Netatmo, Color Change Kit, Brown",Smart Switch,"WNRL10CKIT.jpg,WNRL10CKIT_2.jpg",.33 H x 2.28 W x 2.61 L,0.013007,0.01,1,1,radiant,radiant,Smart Color Change Kit,N,5.02,,7.99,7.32,8.34,,11.92,785007451801,Brown,,Y,Fedex or Truck,,,,,,,,,,,,,,,"WNRL10CKITBK,WNRL10CKIT,WNRL10CKITDB,WNRL10CKITG,WNRL10CKITGRY,WNRL10CKITIV,WNRL10CKITLA,WNRL10CKITNI,WNRL10CKITWH"
WNRL10CKITDB,"Smart Switch with Netatmo, Color, Dark Bronze",Smart Switch,"WNRL10CKITDB.jpg,WNRL10CKITDB_2.jpg",.33 H x 2.28 W x 2.61 L,0.013007,0.01,1,1,radiant,radiant,Smart Color Change Kit,N,5.02,,7.99,7.32,8.34,,11.92,785007450002,Dark Bronze,,Y,Fedex or Truck,,,,,,,,,,,,,,,"WNRL10CKITBK,WNRL10CKIT,WNRL10CKITDB,WNRL10CKITG,WNRL10CKITGRY,WNRL10CKITIV,WNRL10CKITLA,WNRL10CKITNI,WNRL10CKITWH"
WNRL10CKITG,"Smart Switch with Netatmo, Color, Graphite",Smart Switch,"WNRL10CKITG.jpg,WNRL10CKITG_2.jpg",.33 H x 2.28 W x 2.61 L,0.013007,0.01,1,1,radiant,radiant,Smart Color Change Kit,N,5.02,,7.99,7.32,8.34,,11.92,785007450019,Graphite,,Y,Fedex or Truck,,,,,,,,,,,,,,,"WNRL10CKITBK,WNRL10CKIT,WNRL10CKITDB,WNRL10CKITG,WNRL10CKITGRY,WNRL10CKITIV,WNRL10CKITLA,WNRL10CKITNI,WNRL10CKITWH"
WNRL10CKITGRY,"Smart Switch with Netatmo, Color Change Kit, Gray",Smart Switch,"WNRL10CKITGRY.jpg,WNRL10CKITGRY_2.jpg",.33 H x 2.28 W x 2.61 L,0.013007,0.01,1,1,radiant,radiant,Smart Color Change Kit,N,4.57,,7.99,6.66,7.57,,10.82,785007449990,Gray,,Y,Fedex or Truck,,,,,,,,,,,,,,,"WNRL10CKITBK,WNRL10CKIT,WNRL10CKITDB,WNRL10CKITG,WNRL10CKITGRY,WNRL10CKITIV,WNRL10CKITLA,WNRL10CKITNI,WNRL10CKITWH"
WNRL10CKITIV,"Smart Switch with Netatmo, Color Change Kit, Ivory",Smart Switch,"WNRL10CKITIV.jpg,WNRL10CKITIV_2.jpg",.33 H x 2.28 W x 2.61 L,0.013007,0.01,1,1,radiant,radiant,Smart Color Change Kit,N,4.57,,7.99,6.66,7.57,,10.82,785007449983,Ivory,,Y,Fedex or Truck,,,,,,,,,,,,,,,"WNRL10CKITBK,WNRL10CKIT,WNRL10CKITDB,WNRL10CKITG,WNRL10CKITGRY,WNRL10CKITIV,WNRL10CKITLA,WNRL10CKITNI,WNRL10CKITWH"
WNRL10CKITLA,"Smart Switch with Netatmo, Color, Light Almond",Smart Switch,"WNRL10CKITLA.jpg,WNRL10CKITLA_2.jpg",.33 H x 2.28 W x 2.61 L,0.013007,0.01,1,1,radiant,radiant,Smart Color Change Kit,N,4.57,,7.99,6.66,7.57,,10.82,785007449952,Light Almond,,Y,Fedex or Truck,,,,,,,,,,,,,,,"WNRL10CKITBK,WNRL10CKIT,WNRL10CKITDB,WNRL10CKITG,WNRL10CKITGRY,WNRL10CKITIV,WNRL10CKITLA,WNRL10CKITNI,WNRL10CKITWH"
WNRL10CKITNI,"Smart Switch with Netatmo, Color Change, Nickel",Smart Switch,"WNRL10CKITNI.jpg,WNRL10CKITNI_2.jpg",.33 H x 2.28 W x 2.61 L,0.013007,0.01,1,1,radiant,radiant,Smart Color Change Kit,N,5.02,,7.99,7.32,8.34,,11.92,785007449969,Nickel,,Y,Fedex or Truck,,,,,,,,,,,,,,,"WNRL10CKITBK,WNRL10CKIT,WNRL10CKITDB,WNRL10CKITG,WNRL10CKITGRY,WNRL10CKITIV,WNRL10CKITLA,WNRL10CKITNI,WNRL10CKITWH"
WNRL10CKITWH,"Smart Switch with Netatmo, Color Change Kit, White",Smart Switch,"WNRL10CKITWH.jpg,WNRL10CKITWH_2.jpg",.33 H x 2.28 W x 2.61 L,0.013007,0.01,1,1,radiant,radiant,Smart Color Change Kit,N,4.57,,7.99,6.66,7.57,,10.82,785007449945,White,,Y,Fedex or Truck,,,,,,,,,,,,,,,"WNRL10CKITBK,WNRL10CKIT,WNRL10CKITDB,WNRL10CKITG,WNRL10CKITGRY,WNRL10CKITIV,WNRL10CKITLA,WNRL10CKITNI,WNRL10CKITWH"
WNRL10LA,"Smart Switch with Netatmo, Light Almond",Smart Switch,"WNRL10LA.jpg,WNRL10LA_2.jpg,WNRL10LA_3.jpg,WNRL10LA_4.jpg,WNRL10LA_5.jpg,WNRL10LA_6.jpg",N/A,0.25,0.03,1,1,radiant,radiant,Smart Switch,N,50.07,,77.99,71.53,75.24,,107.49,785007289565,Light Almond,China,Y,Fedex or Truck,UNIT,,,,,,,,,,,,,,"WNRL10LA,WNRL10NI,WNRL10WH"
WNRL10NI,"Smart Switch with Netatmo, Nickel",Smart Switch,"WNRL10NI.jpg,WNRL10NI_2.jpg,WNRL10NI_3.jpg,WNRL10NI_4.jpg,WNRL10NI_5.jpg,WNRL10NI_6.jpg",N/A,0.25,0.03,1,1,radiant,radiant,Smart Switch,N,58.42,,89.99,83.45,87.78,,125.40,785007289572,Nickel,China,Y,Fedex or Truck,UNIT,,,,,,,,,,,,,,"WNRL10LA,WNRL10NI,WNRL10WH"
WNRL10WH,"Smart Switch with Netatmo, White",Smart Switch,"WNRL10WH.jpg,WNRL10WH_2.jpg,WNRL10WH_3.jpg,WNRL10WH_4.jpg,WNRL10WH_5.jpg,WNRL10WH_6.jpg",N/A,0.25,0.03,1,1,radiant,radiant,Smart Switch,N,50.07,,77.99,71.53,75.24,,107.49,785007289558,White,China,Y,Fedex or Truck,UNIT,,,,,,,,,,,,,,"WNRL10LA,WNRL10NI,WNRL10WH"
WNRL50CKITBK,"Smart Dimmer with Netatmo, Color Change Kit, Black",Smart Dimmer,"WNRL50CKITBK.jpg,WNRL50CKITBK_2.jpg",.33 H x 2.28 W x 2.61 L,0.013007,0.01,1,1,radiant,radiant,Smart Color Change Kit,N,4.57,,7.99,6.66,7.57,,10.82,785007450293,Black,,Y,Fedex or Truck,,,,,,,,,,,,,,,"WNRL50CKITBK,WNRL50CKIT,WNRL50CKITDB,WNRL50CKITG,WNRL50CKITGRY,WNRL50CKITIV,WNRL50CKITLA,WNRL50CKITNI,WNRL50CKITWH"
WNRL50CKIT,"Smart Dimmer with Netatmo, Color Change Kit, Brown",Smart Dimmer,"WNRL50CKIT.jpg,WNRL50CKIT_2.jpg",.33 H x 2.28 W x 2.61 L,0.013007,0.01,1,1,radiant,radiant,Smart Color Change Kit,N,4.57,,7.99,6.66,8.34,,11.92,785007451849,Brown,,Y,Fedex or Truck,,,,,,,,,,,,,,,"WNRL50CKITBK,WNRL50CKIT,WNRL50CKITDB,WNRL50CKITG,WNRL50CKITGRY,WNRL50CKITIV,WNRL50CKITLA,WNRL50CKITNI,WNRL50CKITWH"
WNRL50CKITDB,"Smart Dimmer with Netatmo, Color, Dark Bronze",Smart Dimmer,"WNRL50CKITDB.jpg,WNRL50CKITDB_2.jpg",.33 H x 2.28 W x 2.61 L,0.013007,0.01,1,1,radiant,radiant,Smart Color Change Kit,N,4.57,,7.99,6.66,8.34,,11.92,785007450323,Dark Bronze,,Y,Fedex or Truck,,,,,,,,,,,,,,,"WNRL50CKITBK,WNRL50CKIT,WNRL50CKITDB,WNRL50CKITG,WNRL50CKITGRY,WNRL50CKITIV,WNRL50CKITLA,WNRL50CKITNI,WNRL50CKITWH"
WNRL50CKITG,"Smart Dimmer with Netatmo, Color, Graphite",Smart Dimmer,"WNRL50CKITG.jpg,WNRL50CKITG_2.jpg",.33 H x 2.28 W x 2.61 L,0.013007,0.01,1,1,radiant,radiant,Smart Color Change Kit,N,4.57,,7.99,6.66,8.34,,11.92,785007450330,Graphite,,Y,Fedex or Truck,,,,,,,,,,,,,,,"WNRL50CKITBK,WNRL50CKIT,WNRL50CKITDB,WNRL50CKITG,WNRL50CKITGRY,WNRL50CKITIV,WNRL50CKITLA,WNRL50CKITNI,WNRL50CKITWH"
WNRL50CKITGRY,"Smart Dimmer with Netatmo, Color Change Kit, Gray",Smart Dimmer,"WNRL50CKITGRY.jpg,WNRL50CKITGRY_2.jpg",.33 H x 2.28 W x 2.61 L,0.013007,0.01,1,1,radiant,radiant,Smart Color Change Kit,N,4.57,,7.99,6.66,7.57,,10.82,785007450316,Gray,,Y,Fedex or Truck,,,,,,,,,,,,,,,"WNRL50CKITBK,WNRL50CKIT,WNRL50CKITDB,WNRL50CKITG,WNRL50CKITGRY,WNRL50CKITIV,WNRL50CKITLA,WNRL50CKITNI,WNRL50CKITWH"
WNRL50CKITIV,"Smart Dimmer with Netatmo, Color Change Kit, Ivory",Smart Dimmer,"WNRL50CKITIV.jpg,WNRL50CKITIV_2.jpg",.33 H x 2.28 W x 2.61 L,0.013007,0.01,1,1,radiant,radiant,Smart Color Change Kit,N,4.57,,7.99,6.66,7.57,,10.82,785007450309,Ivory,,Y,Fedex or Truck,,,,,,,,,,,,,,,"WNRL50CKITBK,WNRL50CKIT,WNRL50CKITDB,WNRL50CKITG,WNRL50CKITGRY,WNRL50CKITIV,WNRL50CKITLA,WNRL50CKITNI,WNRL50CKITWH"
WNRL50CKITLA,"Smart Dimmer with Netatmo, Color, Light Almond",Smart Dimmer,"WNRL50CKITLA.jpg,WNRL50CKITLA_2.jpg",.33 H x 2.28 W x 2.61 L,0.013007,0.01,1,1,radiant,radiant,Smart Color Change Kit,N,4.57,,7.99,6.66,7.57,,10.82,785007450279,Light Almond,,Y,Fedex or Truck,,,,,,,,,,,,,,,"WNRL50CKITBK,WNRL50CKIT,WNRL50CKITDB,WNRL50CKITG,WNRL50CKITGRY,WNRL50CKITIV,WNRL50CKITLA,WNRL50CKITNI,WNRL50CKITWH"
WNRL50CKITNI,"Smart Dimmer with Netatmo, Color Change, Nickel",Smart Dimmer,"WNRL50CKITNI.jpg,WNRL50CKITNI_2.jpg",.33 H x 2.28 W x 2.61 L,0.013007,0.01,1,1,radiant,radiant,Smart Color Change Kit,N,4.57,,7.99,6.66,8.34,,11.92,785007450286,Nickel,,Y,Fedex or Truck,,,,,,,,,,,,,,,"WNRL50CKITBK,WNRL50CKIT,WNRL50CKITDB,WNRL50CKITG,WNRL50CKITGRY,WNRL50CKITIV,WNRL50CKITLA,WNRL50CKITNI,WNRL50CKITWH"
WNRL50CKITWH,"Smart Dimmer with Netatmo, Color Change Kit, White",Smart Dimmer,"WNRL50CKITWH.jpg,WNRL50CKITWH_2.jpg",.33 H x 2.28 W x 2.61 L,0.013007,0.01,1,1,radiant,radiant,Smart Color Change Kit,N,4.57,,7.99,6.66,7.57,,10.82,785007450262,White,,Y,Fedex or Truck,,,,,,,,,,,,,,,"WNRL50CKITBK,WNRL50CKIT,WNRL50CKITDB,WNRL50CKITG,WNRL50CKITGRY,WNRL50CKITIV,WNRL50CKITLA,WNRL50CKITNI,WNRL50CKITWH"
WNRL50LA,"Smart Tru-Universal Dimmer with, Light Almond",Smart Tru-,"WNRL50LA.jpg,WNRL50LA_2.jpg,WNRL50LA_3.jpg,WNRL50LA_4.jpg,WNRL50LA_5.jpg,WNRL50LA_6.jpg",4.19 in H x 1.73 in W x 0 in L,0.25,0.03,1,1,radiant,radiant,Smart Dimmer,N,54.24,,83.99,77.49,81.55,,116.50,785007290097,Light Almond,China,Y,Fedex or Truck,UNIT,,,,,,,,,,,,,,"WNRL50LA,WNRL50NI,WNRL50WH"
WNRL50NI,"Smart Tru-Universal Dimmer with Netatmo, Nickel",Smart Tru-,"WNRL50NI.jpg,WNRL50NI_2.jpg,WNRL50NI_3.jpg,WNRL50NI_4.jpg,WNRL50NI_5.jpg,WNRL50NI_6.jpg",4.19 in H x 1.73 in W x 0 in L,0.25,0.03,1,1,radiant,radiant,Smart Dimmer,N,62.59,,96.99,89.41,94.08,,134.40,785007290103,Nickel,China,Y,Fedex or Truck,UNIT,,,,,,,,,,,,,,"WNRL50LA,WNRL50NI,WNRL50WH"
WNRL50WH,"Smart Tru-Universal Dimmer with Netatmo, White",Smart Tru-,"WNRL50WH.jpg,WNRL50WH_2.jpg,WNRL50WH_3.jpg,WNRL50WH_4.jpg,WNRL50WH_5.jpg,WNRL50WH_6.jpg",4.19 in H x 1.73 in W x 0 in L,0.25,0.03,1,1,radiant,radiant,Smart Dimmer,N,54.24,,83.99,77.49,81.55,,116.50,785007290080,White,China,Y,Fedex or Truck,UNIT,,,,,,,,,,,,,,"WNRL50LA,WNRL50NI,WNRL50WH"
WNRL43CKITBK,"Smart Wake/Sleep Switch with Netatmo, Black",Smart Wake/Slee,"WNRL43CKITBK.jpg,WNRL43CKITBK_2.jpg",.33 H x 2.28 W x 2.61 L,0.013007,0.01,1,1,radiant,radiant,Smart Scene Controller,N,4.57,,7.99,6.66,7.57,,10.82,785007450217,Black,,Y,Fedex or Truck,,,,,,,,,,,,,,,"WNRL43CKITBK,WNRL43CKIT,WNRL43CKITDB,WNRL43CKITG,WNRL43CKITGRY,WNRL43CKITIV,WNRL43CKITNI,WNRL43CKITLA,WNRL43CKITWH"
WNRL43CKIT,"Smart Wake/Sleep Switch with Netatmo, Brown",Smart Wake/Slee,"WNRL43CKIT.jpg,WNRL43CKIT_2.jpg",.33 H x 2.28 W x 2.61 L,0.013007,0.01,1,1,radiant,radiant,Smart Scene Controller,N,4.57,,7.99,6.66,8.34,,11.92,785007451832,Brown,,Y,Fedex or Truck,,,,,,,,,,,,,,,"WNRL43CKITBK,WNRL43CKIT,WNRL43CKITDB,WNRL43CKITG,WNRL43CKITGRY,WNRL43CKITIV,WNRL43CKITNI,WNRL43CKITLA,WNRL43CKITWH"
WNRL43CKITDB,"Smart Wake/Sleep Switch with, Dark Bronze",Smart Wake/Slee,"WNRL43CKITDB.jpg,WNRL43CKITDB_2.jpg",.33 H x 2.28 W x 2.61 L,0.013007,0.01,1,1,radiant,radiant,Smart Scene Controller,N,4.57,,7.99,6.66,8.34,,11.92,785007450248,Dark Bronze,,Y,Fedex or Truck,,,,,,,,,,,,,,,"WNRL43CKITBK,WNRL43CKIT,WNRL43CKITDB,WNRL43CKITG,WNRL43CKITGRY,WNRL43CKITIV,WNRL43CKITNI,WNRL43CKITLA,WNRL43CKITWH"
WNRL43CKITG,"Smart Wake/Sleep Switch with Netatmo, Graphite",Smart Wake/Slee,"WNRL43CKITG.jpg,WNRL43CKITG_2.jpg",.33 H x 2.28 W x 2.61 L,0.013007,0.01,1,1,radiant,radiant,Smart Scene Controller,N,4.57,,7.99,6.66,8.34,,11.92,785007450255,Graphite,,Y,Fedex or Truck,,,,,,,,,,,,,,,"WNRL43CKITBK,WNRL43CKIT,WNRL43CKITDB,WNRL43CKITG,WNRL43CKITGRY,WNRL43CKITIV,WNRL43CKITNI,WNRL43CKITLA,WNRL43CKITWH"
WNRL43CKITGRY,"Smart Wake/Sleep Switch with Netatmo, Gray",Smart Wake/Slee,"WNRL43CKITGRY.jpg,WNRL43CKITGRY_2.jpg",.33 H x 2.28 W x 2.61 L,0.013007,0.01,1,1,radiant,radiant,Smart Scene Controller,N,4.57,,7.99,6.66,7.57,,10.82,785007450231,Gray,,Y,Fedex or Truck,,,,,,,,,,,,,,,"WNRL43CKITBK,WNRL43CKIT,WNRL43CKITDB,WNRL43CKITG,WNRL43CKITGRY,WNRL43CKITIV,WNRL43CKITNI,WNRL43CKITLA,WNRL43CKITWH"
WNRL43CKITIV,"Smart Wake/Sleep Switch with Netatmo, Ivory",Smart Wake/Slee,"WNRL43CKITIV.jpg,WNRL43CKITIV_2.jpg",.33 H x 2.28 W x 2.61 L,0.013007,0.01,1,1,radiant,radiant,Smart Scene Controller,N,4.57,,7.99,6.66,7.57,,10.82,785007450224,Ivory,,Y,Fedex or Truck,,,,,,,,,,,,,,,"WNRL43CKITBK,WNRL43CKIT,WNRL43CKITDB,WNRL43CKITG,WNRL43CKITGRY,WNRL43CKITIV,WNRL43CKITNI,WNRL43CKITLA,WNRL43CKITWH"
WNRL43CKITNI,"Smart Wake/Sleep Switch with Netatmo, Nickel",Smart Wake/Slee,"WNRL43CKITNI.jpg,WNRL43CKITNI_2.jpg",.33 H x 2.28 W x 2.61 L,0.013007,0.01,1,1,radiant,radiant,Smart Scene Controller,N,4.57,,7.99,6.66,8.34,,11.92,785007450200,Nickel,,Y,Fedex or Truck,,,,,,,,,,,,,,,"WNRL43CKITBK,WNRL43CKIT,WNRL43CKITDB,WNRL43CKITG,WNRL43CKITGRY,WNRL43CKITIV,WNRL43CKITNI,WNRL43CKITLA,WNRL43CKITWH"
WNRL43CKITLA,"Smart Wake/Sleep Switch with, Light Almond",Smart Wake/Slee,"WNRL43CKITLA.jpg,WNRL43CKITLA_2.jpg",.33 H x 2.28 W x 2.61 L,0.013007,0.01,1,1,radiant,radiant,Smart Scene Controller,N,4.57,,7.99,6.66,7.57,,10.82,785007450194,Light Almond,,Y,Fedex or Truck,,,,,,,,,,,,,,,"WNRL43CKITBK,WNRL43CKIT,WNRL43CKITDB,WNRL43CKITG,WNRL43CKITGRY,WNRL43CKITIV,WNRL43CKITNI,WNRL43CKITLA,WNRL43CKITWH"
WNRL43CKITWH,"Smart Wake/Sleep Switch with Netatmo, White",Smart Wake/Slee,"WNRL43CKITWH.jpg,WNRL43CKITWH_2.jpg",.33 H x 2.28 W x 2.61 L,0.013007,0.01,1,1,radiant,radiant,Smart Scene Controller,N,4.57,,7.99,6.66,7.57,,10.82,785007450187,White,,Y,Fedex or Truck,,,,,,,,,,,,,,,"WNRL43CKITBK,WNRL43CKIT,WNRL43CKITDB,WNRL43CKITG,WNRL43CKITGRY,WNRL43CKITIV,WNRL43CKITNI,WNRL43CKITLA,WNRL43CKITWH"
WNRL63CKITBK,"Remote Smart Dimmer with Netatmo, Color, Black",Remote Smart,"WNRL63CKITBK.jpg,WNRL63CKITBK_2.jpg",.33 H x 2.28 W x 2.61 L,0.013007,0.01,1,1,radiant,radiant,Smart Color Change Kit,N,4.57,,7.99,6.66,7.57,,10.82,785007450378,Black,,Y,Fedex or Truck,,,,,,,,,,,,,,,"WNRL63CKITBK,WNRL63CKIT,WNRL63CKITDB,WNRL63CKITG,WNRL63CKITGRY,WNRL63CKITIV,WNRL63CKITLA,WNRL63CKITNI,WNRL63CKITWH"
WNRL63CKIT,"Remote Smart Dimmer with Netatmo, Color, Brown",Remote Smart,"WNRL63CKIT.jpg,WNRL63CKIT_2.jpg",.33 H x 2.28 W x 2.61 L,0.013007,0.01,1,1,radiant,radiant,Smart Color Change Kit,N,4.57,,7.99,6.66,8.34,,11.92,785007451856,Brown,,Y,Fedex or Truck,,,,,,,,,,,,,,,"WNRL63CKITBK,WNRL63CKIT,WNRL63CKITDB,WNRL63CKITG,WNRL63CKITGRY,WNRL63CKITIV,WNRL63CKITLA,WNRL63CKITNI,WNRL63CKITWH"
WNRL63CKITDB,"Remote Smart Dimmer with Netatmo, Dark Bronze",Remote Smart,"WNRL63CKITDB.jpg,WNRL63CKITDB_2.jpg",.33 H x 2.28 W x 2.61 L,0.013007,0.01,1,1,radiant,radiant,Smart Color Change Kit,N,4.57,,7.99,6.66,8.34,,11.92,785007450415,Dark Bronze,,Y,Fedex or Truck,,,,,,,,,,,,,,,"WNRL63CKITBK,WNRL63CKIT,WNRL63CKITDB,WNRL63CKITG,WNRL63CKITGRY,WNRL63CKITIV,WNRL63CKITLA,WNRL63CKITNI,WNRL63CKITWH"
WNRL63CKITG,"Remote Smart Dimmer with Netatmo, Graphite",Remote Smart,"WNRL63CKITG.jpg,WNRL63CKITG_2.jpg",.33 H x 2.28 W x 2.61 L,0.013007,0.01,1,1,radiant,radiant,Smart Color Change Kit,N,4.57,,7.99,6.66,8.34,,11.92,785007450422,Graphite,,Y,Fedex or Truck,,,,,,,,,,,,,,,"WNRL63CKITBK,WNRL63CKIT,WNRL63CKITDB,WNRL63CKITG,WNRL63CKITGRY,WNRL63CKITIV,WNRL63CKITLA,WNRL63CKITNI,WNRL63CKITWH"
WNRL63CKITGRY,"Remote Smart Dimmer with Netatmo, Color, Gray",Remote Smart,"WNRL63CKITGRY.jpg,WNRL63CKITGRY_2.jpg",.33 H x 2.28 W x 2.61 L,0.013007,0.01,1,1,radiant,radiant,Smart Color Change Kit,N,4.57,,7.99,6.66,7.57,,10.82,785007450392,Gray,,Y,Fedex or Truck,,,,,,,,,,,,,,,"WNRL63CKITBK,WNRL63CKIT,WNRL63CKITDB,WNRL63CKITG,WNRL63CKITGRY,WNRL63CKITIV,WNRL63CKITLA,WNRL63CKITNI,WNRL63CKITWH"
WNRL63CKITIV,"Remote Smart Dimmer with Netatmo, Color, Ivory",Remote Smart,"WNRL63CKITIV.jpg,WNRL63CKITIV_2.jpg",.33 H x 2.28 W x 2.61 L,0.013007,0.01,1,1,radiant,radiant,Smart Color Change Kit,N,4.57,,7.99,6.66,7.57,,10.82,785007450385,Ivory,,Y,Fedex or Truck,,,,,,,,,,,,,,,"WNRL63CKITBK,WNRL63CKIT,WNRL63CKITDB,WNRL63CKITG,WNRL63CKITGRY,WNRL63CKITIV,WNRL63CKITLA,WNRL63CKITNI,WNRL63CKITWH"
WNRL63CKITLA,"Remote Smart Dimmer with Netatmo, Light Almond",Remote Smart,"WNRL63CKITLA.jpg,WNRL63CKITLA_2.jpg",.33 H x 2.28 W x 2.61 L,0.013007,0.01,1,1,radiant,radiant,Smart Color Change Kit,N,4.57,,7.99,6.66,7.57,,10.82,785007450354,Light Almond,,Y,Fedex or Truck,,,,,,,,,,,,,,,"WNRL63CKITBK,WNRL63CKIT,WNRL63CKITDB,WNRL63CKITG,WNRL63CKITGRY,WNRL63CKITIV,WNRL63CKITLA,WNRL63CKITNI,WNRL63CKITWH"
WNRL63CKITNI,"Remote Smart Dimmer with Netatmo, Color, Nickel",Remote Smart,"WNRL63CKITNI.jpg,WNRL63CKITNI_2.jpg",.33 H x 2.28 W x 2.61 L,0.013007,0.01,1,1,radiant,radiant,Smart Color Change Kit,N,4.57,,7.99,6.66,8.34,,11.92,785007450361,Nickel,,Y,Fedex or Truck,,,,,,,,,,,,,,,"WNRL63CKITBK,WNRL63CKIT,WNRL63CKITDB,WNRL63CKITG,WNRL63CKITGRY,WNRL63CKITIV,WNRL63CKITLA,WNRL63CKITNI,WNRL63CKITWH"
WNRL63CKITWH,"Remote Smart Dimmer with Netatmo, Color, White",Remote Smart,"WNRL63CKITWH.jpg,WNRL63CKITWH_2.jpg",.33 H x 2.28 W x 2.61 L,0.013007,0.01,1,1,radiant,radiant,Smart Color Change Kit,N,4.57,,7.99,6.66,7.57,,10.82,785007450347,White,,Y,Fedex or Truck,,,,,,,,,,,,,,,"WNRL63CKITBK,WNRL63CKIT,WNRL63CKITDB,WNRL63CKITG,WNRL63CKITGRY,WNRL63CKITIV,WNRL63CKITLA,WNRL63CKITNI,WNRL63CKITWH"
WNRL23CKITBK,"Remote Smart Switch with Netatmo, Color, Black",Remote Smart,"WNRL23CKITBK.jpg,WNRL23CKITBK_2.jpg",.33 H x 2.28 W x 2.61 L,0.013007,0.01,1,1,radiant,radiant,Smart Color Change Kit,N,4.57,,7.99,6.66,7.57,,10.82,785007450057,Black,,Y,Fedex or Truck,,,,,,,,,,,,,,,"WNRL23CKITBK,WNRL23CKIT,WNRL23CKITDB,WNRL23CKITG,WNRL23CKITGRY,WNRL23CKITIV,WNRL23CKITLA,WNRL23CKITNI,WNRL23CKITWH"
WNRL23CKIT,"Remote Smart Switch with Netatmo, Color, Brown",Remote Smart,"WNRL23CKIT.jpg,WNRL23CKIT_2.jpg",.33 H x 2.28 W x 2.61 L,0.013007,0.01,1,1,radiant,radiant,Smart Color Change Kit,N,4.57,,7.99,6.66,8.34,,11.92,785007451818,Brown,,Y,Fedex or Truck,,,,,,,,,,,,,,,"WNRL23CKITBK,WNRL23CKIT,WNRL23CKITDB,WNRL23CKITG,WNRL23CKITGRY,WNRL23CKITIV,WNRL23CKITLA,WNRL23CKITNI,WNRL23CKITWH"
WNRL23CKITDB,"Remote Smart Switch with Netatmo, Dark Bronze",Remote Smart,"WNRL23CKITDB.jpg,WNRL23CKITDB_2.jpg",.33 H x 2.28 W x 2.61 L,0.013007,0.01,1,1,radiant,radiant,Smart Color Change Kit,N,4.57,,7.99,6.66,8.34,,11.92,785007450088,Dark Bronze,,Y,Fedex or Truck,,,,,,,,,,,,,,,"WNRL23CKITBK,WNRL23CKIT,WNRL23CKITDB,WNRL23CKITG,WNRL23CKITGRY,WNRL23CKITIV,WNRL23CKITLA,WNRL23CKITNI,WNRL23CKITWH"
WNRL23CKITG,"Remote Smart Switch with Netatmo, Graphite",Remote Smart,"WNRL23CKITG.jpg,WNRL23CKITG_2.jpg",.33 H x 2.28 W x 2.61 L,0.013007,0.01,1,1,radiant,radiant,Smart Color Change Kit,N,4.57,,7.99,6.66,8.34,,11.92,785007450095,Graphite,,Y,Fedex or Truck,,,,,,,,,,,,,,,"WNRL23CKITBK,WNRL23CKIT,WNRL23CKITDB,WNRL23CKITG,WNRL23CKITGRY,WNRL23CKITIV,WNRL23CKITLA,WNRL23CKITNI,WNRL23CKITWH"
WNRL23CKITGRY,"Remote Smart Switch with Netatmo, Color, Gray",Remote Smart,"WNRL23CKITGRY.jpg,WNRL23CKITGRY_2.jpg",.33 H x 2.28 W x 2.61 L,0.013007,0.01,1,1,radiant,radiant,Smart Color Change Kit,N,4.57,,7.99,6.66,7.57,,10.82,785007450071,Gray,,Y,Fedex or Truck,,,,,,,,,,,,,,,"WNRL23CKITBK,WNRL23CKIT,WNRL23CKITDB,WNRL23CKITG,WNRL23CKITGRY,WNRL23CKITIV,WNRL23CKITLA,WNRL23CKITNI,WNRL23CKITWH"
WNRL23CKITIV,"Remote Smart Switch with Netatmo, Color, Ivory",Remote Smart,"WNRL23CKITIV.jpg,WNRL23CKITIV_2.jpg",.33 H x 2.28 W x 2.61 L,0.013007,0.01,1,1,radiant,radiant,Smart Color Change Kit,N,4.57,,7.99,6.66,7.57,,10.82,785007450064,Ivory,,Y,Fedex or Truck,,,,,,,,,,,,,,,"WNRL23CKITBK,WNRL23CKIT,WNRL23CKITDB,WNRL23CKITG,WNRL23CKITGRY,WNRL23CKITIV,WNRL23CKITLA,WNRL23CKITNI,WNRL23CKITWH"
WNRL23CKITLA,"Remote Smart Switch with Netatmo, Light Almond",Remote Smart,"WNRL23CKITLA.jpg,WNRL23CKITLA_2.jpg",.33 H x 2.28 W x 2.61 L,0.013007,0.01,1,1,radiant,radiant,Smart Color Change Kit,N,4.57,,7.99,6.66,7.57,,10.82,785007450033,Light Almond,,Y,Fedex or Truck,,,,,,,,,,,,,,,"WNRL23CKITBK,WNRL23CKIT,WNRL23CKITDB,WNRL23CKITG,WNRL23CKITGRY,WNRL23CKITIV,WNRL23CKITLA,WNRL23CKITNI,WNRL23CKITWH"
WNRL23CKITNI,"Remote Smart Switch with Netatmo, Color, Nickel",Remote Smart,"WNRL23CKITNI.jpg,WNRL23CKITNI_2.jpg",.33 H x 2.28 W x 2.61 L,0.013007,0.01,1,1,radiant,radiant,Smart Color Change Kit,N,4.57,,7.99,6.66,8.34,,11.92,785007450040,Nickel,,Y,Fedex or Truck,,,,,,,,,,,,,,,"WNRL23CKITBK,WNRL23CKIT,WNRL23CKITDB,WNRL23CKITG,WNRL23CKITGRY,WNRL23CKITIV,WNRL23CKITLA,WNRL23CKITNI,WNRL23CKITWH"
WNRL23CKITWH,"Remote Smart Switch with Netatmo, Color, White",Remote Smart,"WNRL23CKITWH.jpg,WNRL23CKITWH_2.jpg",.33 H x 2.28 W x 2.61 L,0.013007,0.01,1,1,radiant,radiant,Smart Color Change Kit,N,4.57,,7.99,6.66,7.57,,10.82,785007450026,White,,Y,Fedex or Truck,,,,,,,,,,,,,,,"WNRL23CKITBK,WNRL23CKIT,WNRL23CKITDB,WNRL23CKITG,WNRL23CKITGRY,WNRL23CKITIV,WNRL23CKITLA,WNRL23CKITNI,WNRL23CKITWH"
WNRL43LA,"Wireless Wake/Sleep Smart Switch, Light Almond",Wireless,"WNRL43LA.jpg,WNRL43LA_2.jpg,WNRL43LA_3.jpg,WNRL43LA_4.jpg,WNRL43LA_5.jpg,WNRL43LA_6.jpg",N/A,0.18,0.03,1,1,radiant,radiant,Smart Scene Controller,N,37.55,,57.99,53.64,56.41,,80.58,785007289718,Light Almond,China,Y,Fedex or Truck,UNIT,,,,,,,,,,,,,,"WNRL43LA,WNRL43NI,WNRL43WH"
WNRL43NI,"Wireless Wake/Sleep Smart Switch, with, Nickel",Wireless,"WNRL43NI.jpg,WNRL43NI_2.jpg,WNRL43NI_3.jpg,WNRL43NI_4.jpg,WNRL43NI_5.jpg,WNRL43NI_6.jpg",N/A,0,0.01,1,1,radiant,radiant,Smart Scene Controller,N,45.90,,70.99,65.57,68.93,,98.47,785007289725,Nickel,China,Y,Fedex or Truck,,,,,,,,,,,,,,,"WNRL43LA,WNRL43NI,WNRL43WH"
WNRL43WH,"Wireless Wake/Sleep Smart Switch, with, White",Wireless,"WNRL43WH.jpg,WNRL43WH_2.jpg,WNRL43WH_3.jpg,WNRL43WH_4.jpg,WNRL43WH_5.jpg,WNRL43WH_6.jpg",N/A,0.18,0.03,1,1,radiant,radiant,Smart Scene Controller,N,37.55,,57.99,53.64,56.41,,80.58,785007289701,White,China,Y,Fedex or Truck,UNIT,,,,,,,,,,,,,,"WNRL43LA,WNRL43NI,WNRL43WH"
WNRL34WH,"Wired Home/Away Smart Switch, with Netatmo, White",Wired Home/Away,"WNRL34WH.jpg,WNRL34WH_2.jpg,WNRL34WH_3.jpg,WNRL34WH_4.jpg,WNRL34WH_5.jpg,WNRL34WH_6.jpg",1.50 H x 1.81 W x 4.78 L,0.158733,0.01,1,1,radiant,radiant,Smart Scene Controller,N,23.27,,35.99,35.03,38.63,,55.19,785007446838,White,,Y,Fedex or Truck,,,,,,,,,,,,,,,
WNRL24WH,"Wired Remote Smart Switch, with Netatmo, White",Wired Remote,"WNRL24WH.jpg,WNRL24WH_2.jpg,WNRL24WH_3.jpg,WNRL24WH_4.jpg,WNRL24WH_5.jpg,WNRL24WH_6.jpg",1.50 H x 1.81 W x 4.78 L,0.158733,0.01,1,1,radiant,radiant,Smart Switch,N,23.27,,35.99,34.95,38.63,,55.19,785007446807,White,,Y,Fedex or Truck,,,,,,,,,,,,,,,
WNRL44WH,"Wired Wake/Sleep Smart Switch, with Netatmo, White",Wired Wake/Slee,"WNRL44WH.jpg,WNRL44WH_2.jpg,WNRL44WH_3.jpg,WNRL44WH_4.jpg,WNRL44WH_5.jpg,WNRL44WH_6.jpg",1.50 H x 1.81 W x 4.78 L,0.158733,0.01,1,1,radiant,radiant,Smart Scene Controller,N,23.27,,35.99,35.03,38.63,,55.19,785007449228,White,,Y,Fedex or Truck,,,,,,,,,,,,,,,
WNRCB40LA,"Wireless Smart Scene Controller, Light Almond",Wireless,"WNRCB40LA.jpg,WNRCB40LA_2.jpg,WNRCB40LA_3.jpg,WNRCB40LA_4.jpg,WNRCB40LA_5.jpg,WNRCB40LA_6.jpg",4.96 in H x 3.15 in W x 0 in L,0.18,0.03,1,1,radiant,radiant,Smart Scene Controller,N,41.52,,63.99,60.55,59.51,,85.01,785007432138,Light Almond,China,Y,Fedex or Truck,UNIT,,,,,,,,,,,,,,"WNRCB40LA,WNRCB40NI,WNRCB40WH"
WNRCB40NI,"Wireless Smart Scene Controller with, Nickel",Wireless,"WNRCB40NI.jpg,WNRCB40NI_2.jpg,WNRCB40NI_3.jpg,WNRCB40NI_4.jpg,WNRCB40NI_5.jpg,WNRCB40NI_6.jpg",4.96 in H x 3.15 in W x 0 in L,0.18,0.03,1,1,radiant,radiant,Smart Scene Controller,N,41.52,,63.99,60.55,65.23,,93.18,785007432299,Nickel,China,Y,Fedex or Truck,UNIT,,,,,,,,,,,,,,"WNRCB40LA,WNRCB40NI,WNRCB40WH"
WNRCB40WH,"Wireless Smart Scene Controller with, White",Wireless,"WNRCB40WH.jpg,WNRCB40WH_2.jpg,WNRCB40WH_3.jpg,WNRCB40WH_4.jpg,WNRCB40WH_5.jpg,WNRCB40WH_6.jpg",4.96 in H x 3.15 in W x 0 in L,0.18,0.03,1,1,radiant,radiant,Smart Scene Controller,N,37.88,,58.99,55.25,59.51,,85.01,785007432121,White,China,Y,Fedex or Truck,UNIT,,,,,,,,,,,,,,"WNRCB40LA,WNRCB40NI,WNRCB40WH"
WNRL63LA,"Wireless Remote Smart Dimmer, with, Light Almond",Wireless,"WNRL63LA.jpg,WNRL63LA_2.jpg,WNRL63LA_3.jpg,WNRL63LA_4.jpg,WNRL63LA_5.jpg,WNRL63LA_6.jpg",4.19 in H x 1.73 in W x 0 in L,0.18,0.03,1,1,radiant,radiant,Smart Scene Controller,N,30.04,,46.99,42.91,51.68,,73.83,785007289749,Light Almond,China,Y,Fedex or Truck,UNIT,,,,,,,,,,,,,,"WNRL63LA,WNRL63NI,WNRL63WH"
WNRL63NI,"Wireless Remote Smart Dimmer, with Netatmo, Nickel",Wireless,"WNRL63NI.jpg,WNRL63NI_2.jpg,WNRL63NI_3.jpg,WNRL63NI_4.jpg,WNRL63NI_5.jpg,WNRL63NI_6.jpg",4.19 in H x 1.73 in W x 0 in L,0.18,0.03,1,1,radiant,radiant,Smart Scene Controller,N,38.38,,59.99,54.83,65.28,,93.26,785007289756,Nickel,China,Y,Fedex or Truck,UNIT,,,,,,,,,,,,,,"WNRL63LA,WNRL63NI,WNRL63WH"
WNRL63WH,"Wireless Remote Smart Dimmer, with Netatmo, White",Wireless,"WNRL63WH.jpg,WNRL63WH_2.jpg,WNRL63WH_3.jpg,WNRL63WH_4.jpg,WNRL63WH_5.jpg,WNRL63WH_6.jpg",4.19 in H x 1.73 in W x 0 in L,0.18,0.03,1,1,radiant,radiant,Smart Scene Controller,N,30.04,,46.99,42.91,51.68,,73.83,785007289732,White,China,Y,Fedex or Truck,UNIT,,,,,,,,,,,,,,"WNRL63LA,WNRL63NI,WNRL63WH"
WNRL23LA,"Wireless Remote Smart Switch, with, Light Almond",Wireless,"WNRL23LA.jpg,WNRL23LA_2.jpg,WNRL23LA_3.jpg,WNRL23LA_4.jpg,WNRL23LA_5.jpg,WNRL23LA_6.jpg",N/A,0.18,0.03,1,1,radiant,radiant,Smart Scene Controller,N,30.04,,46.99,42.91,47.28,,67.54,785007289657,Light Almond,China,Y,Fedex or Truck,UNIT,,,,,,,,,,,,,,"WNRL23LA,WNRL23NI,WNRL23WH"
WNRL23NI,"Wireless Remote Smart Switch, with Netatmo, Nickel",Wireless,"WNRL23NI.jpg,WNRL23NI_2.jpg,WNRL23NI_3.jpg,WNRL23NI_4.jpg,WNRL23NI_5.jpg,WNRL23NI_6.jpg",N/A,0.18,0.03,1,1,radiant,radiant,Smart Scene Controller,N,38.38,,59.99,54.83,60.40,,86.28,785007289664,Nickel,China,Y,Fedex or Truck,UNIT,,,,,,,,,,,,,,"WNRL23LA,WNRL23NI,WNRL23WH"
WNRL23WH,"Wireless Remote Smart Switch, with Netatmo, White",Wireless,"WNRL23WH.jpg,WNRL23WH_2.jpg,WNRL23WH_3.jpg,WNRL23WH_4.jpg,WNRL23WH_5.jpg,WNRL23WH_6.jpg",N/A,0.18,0.03,1,1,radiant,radiant,Smart Scene Controller,N,30.04,,46.99,42.91,47.28,,67.54,785007289640,White,China,Y,Fedex or Truck,UNIT,,,,,,,,,,,,,,"WNRL23LA,WNRL23NI,WNRL23WH"
WNP10,"Plug-In Smart Switch, with Netatmo, White",Plug-In Smart,"WNP10.jpg,WNP10_2.jpg,WNP10_3.jpg,WNP10_4.jpg,WNP10_5.jpg,WNP10_6.jpg",N/A,0.25,0.03,1,1,radiant,radiant,Smart Lamp Module,N,45.90,,70.99,65.57,68.93,,98.47,785007289763,White,China,Y,Fedex or Truck,UNIT,,,,,,,,,,,,,,
WNP20,"Plug-In Tru-Universal Smart Dimmer, with, White",Plug-In Tru-,"WNP20.jpg,WNP20_2.jpg,WNP20_3.jpg,WNP20_4.jpg,WNP20_5.jpg,WNP20_6.jpg",2.0 in H x 3.0 in W x 0 in L,0.25,0.03,1,1,radiant,radiant,Smart Lamp Module,N,45.90,,70.99,65.57,68.93,,98.47,785007289770,White,China,Y,Fedex or Truck,UNIT,,,,,,,,,,,,,,
NTL885TRW,15A Tamper-Resistant Outlet with Night Light,15A Tamper-,"NTL885TRW.jpg,NTL885TRW_2.jpg,NTL885TRW_3.jpg,NTL885TRW_4.jpg,NTL885TRW_5.jpg,NTL885TRW_6.jpg",4.2 in H x 1.29 in W x 1.3 in L,0.25,0.01,1,1,radiant,radiant,Night Lights,N,19.35,,29.99,,24.27,,34.67,785007113723,White,China,Y,Fedex or Truck,UNIT,,,,,,,,,,,,,,"NTL885TRW,NTL885TRBKCC6,NTL885TRICC6,NTL885TRLACC6,NTL885TRNICC6"
NTL885TRBKCC6,"15A Tamper-Resistant Outlet with Night, Black",15A Tamper-,"NTL885TRBKCC6.jpg,NTL885TRBKCC6_2.jpg,NTL885TRBKCC6_3.jpg,NTL885TRBKCC6_4.jpg,NTL885TRBKCC6_5.jpg,NTL885TRBKCC6_6.jpg",4.2 in H x 1.29 in W x 1.3 in L,0.28,0.01,1,6,radiant,radiant,Night Lights,N,19.35,,29.99,,24.27,,34.67,785007032383,Black,China,Y,Fedex or Truck,UNIT,,,,,,,,,,,,,,"NTL885TRW,NTL885TRBKCC6,NTL885TRICC6,NTL885TRLACC6,NTL885TRNICC6"
NTL885TRICC6,"15A Tamper-Resistant Outlet with Night, Ivory",15A Tamper-,"NTL885TRICC6.jpg,NTL885TRICC6_2.jpg,NTL885TRICC6_3.jpg,NTL885TRICC6_4.jpg,NTL885TRICC6_5.jpg,NTL885TRICC6_6.jpg",4.2 in H x 1.29 in W x 1.3 in L,0.28,0.01,1,6,radiant,radiant,Night Lights,N,19.35,,29.99,,24.27,,34.67,785007032307,Ivory,China,Y,Fedex or Truck,UNIT,,,,,,,,,,,,,,"NTL885TRW,NTL885TRBKCC6,NTL885TRICC6,NTL885TRLACC6,NTL885TRNICC6"
NTL885TRLACC6,"15A Tamper-Resistant Outlet with, Light Almond",15A Tamper-,"NTL885TRLACC6.jpg,NTL885TRLACC6_2.jpg,NTL885TRLACC6_3.jpg,NTL885TRLACC6_4.jpg,NTL885TRLACC6_5.jpg,NTL885TRLACC6_6.jpg",4.2 in H x 1.29 in W x 1.3 in L,0.28,0.01,1,6,radiant,radiant,Night Lights,N,19.35,,29.99,,24.27,,34.67,785007032376,Light Almond,China,Y,Fedex or Truck,UNIT,,,,,,,,,,,,,,"NTL885TRW,NTL885TRBKCC6,NTL885TRICC6,NTL885TRLACC6,NTL885TRNICC6"
NTL885TRNICC6,"15A Tamper-Resistant Outlet with Night, Nickel",15A Tamper-,"NTL885TRNICC6.jpg,NTL885TRNICC6_2.jpg,NTL885TRNICC6_3.jpg,NTL885TRNICC6_4.jpg,NTL885TRNICC6_5.jpg,NTL885TRNICC6_6.jpg",4.2 in H x 1.29 in W x 1.3 in L,0.28,0.01,1,6,radiant,radiant,Night Lights,N,23.41,,36.99,,28.69,,40.99,785007032369,Nickel,China,Y,Fedex or Truck,UNIT,,,,,,,,,,,,,,"NTL885TRW,NTL885TRBKCC6,NTL885TRICC6,NTL885TRLACC6,NTL885TRNICC6"
NTLHORZWCC6,Horizontal Step Light,Horizontal,"NTLHORZWCC6.jpg,NTLHORZWCC6_2.jpg,NTLHORZWCC6_3.jpg,NTLHORZWCC6_4.jpg",4.2 in H x 1.29 in W x 1.3 in L,0.26,0.01,1,1,radiant,radiant,Night Lights,N,20.05,,30.99,,26.33,,37.62,785007071665,White,China,Y,Fedex or Truck,UNIT,,,,,,,,,,,,,,"NTLHORZWCC6,NTLHORZTCCC6"
NTLHORZTCCC6,"Horizontal Step Light, Tri-Color",Horizontal,"NTLHORZTCCC6.jpg,NTLHORZTCCC6_2.jpg,NTLHORZTCCC6_3.jpg,NTLHORZTCCC6_4.jpg,NTLHORZTCCC6_5.jpg,NTLHORZTCCC6_6.jpg",4.2 in H x 1.29 in W x 1.3 in L,0.32,0.01,1,1,radiant,radiant,Night Lights,N,21.02,,32.99,,28.69,,40.99,785007071672,Tri-Color,China,Y,Fedex or Truck,UNIT,,,,,,,,,,,,,,"NTLHORZWCC6,NTLHORZTCCC6"
NTLFULLW,Night Light Full WH,Night Light,NTLFULLW.jpg,N/A,0.25,0.01,1,1,radiant,radiant,Night Lights,N,16.20,,24.99,,19.84,,28.35,785007127614,White,China,Y,Fedex or Truck,UNIT,,,,,,,,,,,,,,
NTL873BKCC6,"Single Pole/3-Way Switch with Night Light, Black",Single Pole/3-,"NTL873BKCC6.jpg,NTL873BKCC6_2.jpg,NTL873BKCC6_3.jpg,NTL873BKCC6_4.jpg,NTL873BKCC6_5.jpg,NTL873BKCC6_6.jpg",4.2 in H x 1.29 in W x 1.3 in L,0.3,0.01,1,6,radiant,radiant,Light Switch,N,19.35,,29.99,,22.76,,32.51,785007032260,Black,China,Y,Fedex or Truck,UNIT,,,,,,,,,,,,,,"NTL873BKCC6,NTL873ICC6,NTL873LACC6,NTL873NICC6,NTL873WCC6"
NTL873ICC6,"Single Pole/3-Way Switch with Night Light, Ivory",Single Pole/3-,"NTL873ICC6.jpg,NTL873ICC6_2.jpg,NTL873ICC6_3.jpg,NTL873ICC6_4.jpg,NTL873ICC6_5.jpg,NTL873ICC6_6.jpg",4.2 in H x 1.29 in W x 1.3 in L,0.3,0.01,1,6,radiant,radiant,Light Switch,N,19.35,,29.99,,22.76,,32.51,785007032338,Ivory,China,Y,Fedex or Truck,UNIT,,,,,,,,,,,,,,"NTL873BKCC6,NTL873ICC6,NTL873LACC6,NTL873NICC6,NTL873WCC6"
NTL873LACC6,"Single Pole/3-Way Switch with, Light Almond",Single Pole/3-,"NTL873LACC6.jpg,NTL873LACC6_2.jpg,NTL873LACC6_3.jpg,NTL873LACC6_4.jpg,NTL873LACC6_5.jpg,NTL873LACC6_6.jpg",4.2 in H x 1.29 in W x 1.3 in L,0.3,0.01,1,6,radiant,radiant,Light Switch,N,19.35,,29.99,,22.76,,32.51,785007032277,Light Almond,China,Y,Fedex or Truck,UNIT,,,,,,,,,,,,,,"NTL873BKCC6,NTL873ICC6,NTL873LACC6,NTL873NICC6,NTL873WCC6"
NTL873NICC6,"Single Pole/3-Way Switch with Night Light, Nickel",Single Pole/3-,"NTL873NICC6.jpg,NTL873NICC6_2.jpg,NTL873NICC6_3.jpg,NTL873NICC6_4.jpg,NTL873NICC6_5.jpg,NTL873NICC6_6.jpg",4.2 in H x 1.29 in W x 1.3 in L,0.3,0.01,1,6,radiant,radiant,Light Switch,N,25.08,,38.99,,27.17,,38.82,785007032352,Nickel,China,Y,Fedex or Truck,UNIT,,,,,,,,,,,,,,"NTL873BKCC6,NTL873ICC6,NTL873LACC6,NTL873NICC6,NTL873WCC6"
NTL873WCC6,"Single Pole/3-Way Switch with Night Light, White",Single Pole/3-,"NTL873WCC6.jpg,NTL873WCC6_2.jpg,NTL873WCC6_3.jpg,NTL873WCC6_4.jpg,NTL873WCC6_5.jpg,NTL873WCC6_6.jpg",4.2 in H x 1.29 in W x 1.3 in L,0.3,0.01,1,6,radiant,radiant,Light Switch,N,19.35,,29.99,,22.76,,32.51,785007032314,White,China,Y,Fedex or Truck,UNIT,,,,,,,,,,,,,,"NTL873BKCC6,NTL873ICC6,NTL873LACC6,NTL873NICC6,NTL873WCC6"
885TRWR,"Outdoor Outlet, Brown",Outdoor Outlet,"885TRWR.jpg,885TRWR_2.jpg,885TRWR_3.jpg,885TRWR_4.jpg,885TRWR_5.jpg,885TRWR_6.jpg",4.2 in H x 1.29 in W x 1.0 in L,0.13,0.01,1,10,radiant,radiant,Outlets,N,4.58,,7.99,,11.36,,16.23,785007241730,Brown,Mexico,Y,Fedex or Truck,UNIT,,,,,,,,,,,,,,"885TRWR,885TRWRI,885TRWRLA,885TRWRW"
885TRWRI,"Outdoor Outlet, Ivory",Outdoor Outlet,"885TRWRI.jpg,885TRWRI_2.jpg,885TRWRI_3.jpg,885TRWRI_4.jpg,885TRWRI_5.jpg,885TRWRI_6.jpg",4.2 in H x 1.29 in W x 1.0 in L,0.13,0.01,1,10,radiant,radiant,Outlets,N,4.58,,7.99,,11.36,,16.23,785007241709,Ivory,Mexico,Y,Fedex or Truck,UNIT,,,,,,,,,,,,,,"885TRWR,885TRWRI,885TRWRLA,885TRWRW"
885TRWRLA,"Outdoor Outlet, Light Almond",Outdoor Outlet,"885TRWRLA.jpg,885TRWRLA_2.jpg,885TRWRLA_3.jpg,885TRWRLA_4.jpg,885TRWRLA_5.jpg,885TRWRLA_6.jpg",4.2 in H x 1.29 in W x 1.0 in L,0.13,0.01,1,10,radiant,radiant,Outlets,N,4.58,,7.99,,11.36,,16.23,785007241785,Light Almond,Mexico,Y,Fedex or Truck,UNIT,,,,,,,,,,,,,,"885TRWR,885TRWRI,885TRWRLA,885TRWRW"
885TRWRW,"Outdoor Outlet, White",Outdoor Outlet,"885TRWRW.jpg,885TRWRW_2.jpg,885TRWRW_3.jpg,885TRWRW_4.jpg,885TRWRW_5.jpg,885TRWRW_6.jpg",4.2 in H x 1.29 in W x 1.0 in L,0.13,0.01,1,10,radiant,radiant,Outlets,N,4.58,,7.99,,11.36,,16.23,785007241792,White,Mexico,Y,Fedex or Truck,UNIT,,,,,,,,,,,,,,"885TRWR,885TRWRI,885TRWRLA,885TRWRW"
TR26352R,"Spec Grade 20A Tamper-Resistant Receptacle, Brown",Spec Grade,"TR26352R.jpg,TR26352R_2.jpg,TR26352R_3.jpg,TR26352R_4.jpg,TR26352R_5.jpg,TR26352R_6.jpg",3.28 in H x 1.37 in W x 0.93 in L,0.2,0.01,1,1,radiant,radiant,Outlets,N,3.60,,5.99,,6.77,,9.67,785007055993,Brown,Mexico,Y,Fedex or Truck,UNIT,,,,,,,,,,,,,,"TR26352R,TR26352RDBCC6,TR26352RGCC6,TR26352RGRY,TR26352RI,TR26352RLA,TR26352RNICC6,TR26352RW"
TR26352RDBCC6,"Spec Grade 20A Tamper-Resistant, Dark Bronze",Spec Grade,"TR26352RDBCC6.jpg,TR26352RDBCC6_2.jpg,TR26352RDBCC6_3.jpg,TR26352RDBCC6_4.jpg,TR26352RDBCC6_5.jpg,TR26352RDBCC6_6.jpg",3.28 in H x 1.37 in W x 0.93 in L,0.2,0.01,1,1,radiant,radiant,Outlets,N,8.71,,13.99,,12.78,,18.25,785007235975,Dark Bronze,Mexico,Y,Fedex or Truck,UNIT,,,,,,,,,,,,,,"TR26352R,TR26352RDBCC6,TR26352RGCC6,TR26352RGRY,TR26352RI,TR26352RLA,TR26352RNICC6,TR26352RW"
TR26352RGCC6,"Spec Grade 20A Tamper-Resistant, Graphite",Spec Grade,"TR26352RGCC6.jpg,TR26352RGCC6_2.jpg,TR26352RGCC6_3.jpg,TR26352RGCC6_4.jpg,TR26352RGCC6_5.jpg,TR26352RGCC6_6.jpg",3.28 in H x 1.37 in W x 0.93 in L,0.2,0.01,1,1,radiant,radiant,Outlets,N,8.71,,13.99,,12.78,,18.25,785007235999,Graphite,Mexico,Y,Fedex or Truck,UNIT,,,,,,,,,,,,,,"TR26352R,TR26352RDBCC6,TR26352RGCC6,TR26352RGRY,TR26352RI,TR26352RLA,TR26352RNICC6,TR26352RW"
TR26352RGRY,"Spec Grade 20A Tamper-Resistant Receptacle, Gray",Spec Grade,"TR26352RGRY.jpg,TR26352RGRY_2.jpg,TR26352RGRY_3.jpg,TR26352RGRY_4.jpg,TR26352RGRY_5.jpg",3.28 in H x 1.37 in W x 0.93 in L,0.2,0.01,1,1,radiant,radiant,Outlets,N,3.60,,5.99,,6.77,,9.67,785007056013,Gray,Mexico,Y,Fedex or Truck,UNIT,,,,,,,,,,,,,,"TR26352R,TR26352RDBCC6,TR26352RGCC6,TR26352RGRY,TR26352RI,TR26352RLA,TR26352RNICC6,TR26352RW"
TR26352RI,"Spec Grade 20A Tamper-Resistant Receptacle, Ivory",Spec Grade,"TR26352RI.jpg,TR26352RI_2.jpg,TR26352RI_3.jpg,TR26352RI_4.jpg,TR26352RI_5.jpg,TR26352RI_6.jpg",3.28 in H x 1.37 in W x 0.93 in L,0.2,0.01,1,1,radiant,radiant,Outlets,N,3.60,,5.99,,6.77,,9.67,785007056020,Ivory,Mexico,Y,Fedex or Truck,UNIT,,,,,,,,,,,,,,"TR26352R,TR26352RDBCC6,TR26352RGCC6,TR26352RGRY,TR26352RI,TR26352RLA,TR26352RNICC6,TR26352RW"
TR26352RLA,"Spec Grade 20A Tamper-Resistant, Light Almond",Spec Grade,"TR26352RLA.jpg,TR26352RLA_2.jpg,TR26352RLA_3.jpg,TR26352RLA_4.jpg,TR26352RLA_5.jpg,TR26352RLA_6.jpg",3.28 in H x 1.37 in W x 0.93 in L,0.2,0.01,1,1,radiant,radiant,Outlets,N,3.60,,5.99,,6.77,,9.67,785007056037,Light Almond,Mexico,Y,Fedex or Truck,UNIT,,,,,,,,,,,,,,"TR26352R,TR26352RDBCC6,TR26352RGCC6,TR26352RGRY,TR26352RI,TR26352RLA,TR26352RNICC6,TR26352RW"
TR26352RNICC6,"Spec Grade 20A Tamper-Resistant Receptacle, Nickel",Spec Grade,"TR26352RNICC6.jpg,TR26352RNICC6_2.jpg,TR26352RNICC6_3.jpg,TR26352RNICC6_4.jpg,TR26352RNICC6_5.jpg,TR26352RNICC6_6.jpg",3.28 in H x 1.37 in W x 0.93 in L,0.2,0.01,1,1,radiant,radiant,Outlets,N,8.71,,13.99,,12.78,,18.25,785007235982,Nickel,Mexico,Y,Fedex or Truck,UNIT,,,,,,,,,,,,,,"TR26352R,TR26352RDBCC6,TR26352RGCC6,TR26352RGRY,TR26352RI,TR26352RLA,TR26352RNICC6,TR26352RW"
TR26352RW,"Spec Grade 20A Tamper-Resistant Receptacle, White",Spec Grade,"TR26352RW.jpg,TR26352RW_2.jpg,TR26352RW_3.jpg,TR26352RW_4.jpg,TR26352RW_5.jpg,TR26352RW_6.jpg",3.28 in H x 1.37 in W x 0.93 in L,0.2,0.01,1,1,radiant,radiant,Outlets,N,3.60,,5.99,,6.77,,9.67,785007056044,White,Mexico,Y,Fedex or Truck,UNIT,,,,,,,,,,,,,,"TR26352R,TR26352RDBCC6,TR26352RGCC6,TR26352RGRY,TR26352RI,TR26352RLA,TR26352RNICC6,TR26352RW"
TR26352RBK,"Spec Grade 20A Tamper-Resistant Receptacles, Black",Spec Grade,"TR26352RBK.jpg,TR26352RBK_2.jpg,TR26352RBK_3.jpg,TR26352RBK_4.jpg,TR26352RBK_5.jpg,TR26352RBK_6.jpg",3.28 in H x 1.37 in W x 0.93 in L,0.2,0.01,1,1,radiant,radiant,Outlets,N,3.60,,5.99,,6.77,,9.67,785007056006,Black,Mexico,Y,Fedex or Truck,UNIT,,,,,,,,,,,,,,
885TRBK,"Tamper-Resistant Outlet, Black",Tamper-Resistan,"885TRBK.jpg,885TRBK_2.jpg,885TRBK_3.jpg,885TRBK_4.jpg",4.2 in H x 1.29 in W x 1.0 in L,0.14,0.01,1,10,radiant,radiant,Outlets,N,2.47,,3.99,,6.06,,8.66,785007861044,Black,China,Y,Fedex or Truck,UNIT,,,,,,,,,,,,,,"885TRBK,885TR,885TRDBCC12,885TRGCC12,885TRGRY,885TRI,885TRLA,885TRNICC12,885TRW"
885TR,"Tamper-Resistant Outlet, Brown",Tamper-Resistan,"885TR.jpg,885TR_2.jpg,885TR_3.jpg,885TR_4.jpg",4.2 in H x 1.29 in W x 1.0 in L,0.13,0.01,1,10,radiant,radiant,Outlets,N,2.47,,3.99,,6.06,,8.66,785007241037,Brown,China,Y,Fedex or Truck,UNIT,,,,,,,,,,,,,,"885TRBK,885TR,885TRDBCC12,885TRGCC12,885TRGRY,885TRI,885TRLA,885TRNICC12,885TRW"
885TRDBCC12,"Tamper-Resistant Outlet, Dark Bronze",Tamper-Resistan,"885TRDBCC12.jpg,885TRDBCC12_2.jpg,885TRDBCC12_3.jpg,885TRDBCC12_4.jpg,885TRDBCC12_5.jpg,885TRDBCC12_6.jpg",4.2 in H x 1.29 in W x 1.0 in L,0.13,0.01,1,12,radiant,radiant,Outlets,N,5.30,,8.99,,6.94,,9.92,785007029413,Dark Bronze,China,Y,Fedex or Truck,UNIT,,,,,,,,,,,,,,"885TRBK,885TR,885TRDBCC12,885TRGCC12,885TRGRY,885TRI,885TRLA,885TRNICC12,885TRW"
885TRGCC12,"Tamper-Resistant Outlet, Graphite",Tamper-Resistan,"885TRGCC12.jpg,885TRGCC12_2.jpg,885TRGCC12_3.jpg,885TRGCC12_4.jpg,885TRGCC12_5.jpg,885TRGCC12_6.jpg",4.2 in H x 1.29 in W x 1.0 in L,0.11,0.01,1,12,radiant,radiant,Outlets,N,5.30,,8.99,,6.94,,9.92,785007173710,Graphite,China,Y,Fedex or Truck,UNIT,,,,,,,,,,,,,,"885TRBK,885TR,885TRDBCC12,885TRGCC12,885TRGRY,885TRI,885TRLA,885TRNICC12,885TRW"
885TRGRY,"Tamper-Resistant Outlet, Gray",Tamper-Resistan,"885TRGRY.jpg,885TRGRY_2.jpg,885TRGRY_3.jpg,885TRGRY_4.jpg,885TRGRY_5.jpg,885TRGRY_6.jpg",4.2 in H x 1.29 in W x 1.0 in L,0.13,0.01,1,10,radiant,radiant,Outlets,N,2.47,,3.99,,6.06,,8.66,785007240504,Gray,China,Y,Fedex or Truck,UNIT,,,,,,,,,,,,,,"885TRBK,885TR,885TRDBCC12,885TRGCC12,885TRGRY,885TRI,885TRLA,885TRNICC12,885TRW"
885TRI,"Tamper-Resistant Outlet, Ivory",Tamper-Resistan,"885TRI.jpg,885TRI_2.jpg,885TRI_3.jpg,885TRI_4.jpg,885TRI_5.jpg,885TRI_6.jpg",4.2 in H x 1.29 in W x 1.0 in L,0.13,0.01,1,10,radiant,radiant,Outlets,N,2.47,,3.99,,6.06,,8.66,785007861020,Ivory,China,Y,Fedex or Truck,UNIT,,,,,,,,,,,,,,"885TRBK,885TR,885TRDBCC12,885TRGCC12,885TRGRY,885TRI,885TRLA,885TRNICC12,885TRW"
885TRLA,"Tamper-Resistant Outlet, Light Almond",Tamper-Resistan,"885TRLA.jpg,885TRLA_2.jpg,885TRLA_3.jpg,885TRLA_4.jpg",4.2 in H x 1.29 in W x 1.0 in L,0.14,0.01,1,10,radiant,radiant,Outlets,N,2.47,,3.99,,6.06,,8.66,785007861006,Light Almond,China,Y,Fedex or Truck,UNIT,,,,,,,,,,,,,,"885TRBK,885TR,885TRDBCC12,885TRGCC12,885TRGRY,885TRI,885TRLA,885TRNICC12,885TRW"
885TRNICC12,"Tamper-Resistant Outlet, Nickel",Tamper-Resistan,"885TRNICC12.jpg,885TRNICC12_2.jpg,885TRNICC12_3.jpg,885TRNICC12_4.jpg,885TRNICC12_5.jpg,885TRNICC12_6.jpg",4.2 in H x 1.29 in W x 1.0 in L,0.13,0.01,1,12,radiant,radiant,Outlets,N,5.30,,8.99,,6.94,,9.92,785007021035,Nickel,China,Y,Fedex or Truck,UNIT,,,,,,,,,,,,,,"885TRBK,885TR,885TRDBCC12,885TRGCC12,885TRGRY,885TRI,885TRLA,885TRNICC12,885TRW"
885TRW,"Tamper-Resistant Outlet, White",Tamper-Resistan,"885TRW.jpg,885TRW_2.jpg,885TRW_3.jpg,885TRW_4.jpg,885TRW_5.jpg,885TRW_6.jpg",4.2 in H x 1.29 in W x 1.0 in L,0.14,0.01,1,10,radiant,radiant,Outlets,N,2.47,,3.99,,6.06,,8.66,785007860986,White,China,Y,Fedex or Truck,UNIT,,,,,,,,,,,,,,"885TRBK,885TR,885TRDBCC12,885TRGCC12,885TRGRY,885TRI,885TRLA,885TRNICC12,885TRW"
R26USBPDBK,"15A Tamper Resistant Ultra Fast PLUS, Black",15A Tamper,"R26USBPDBK.jpg,R26USBPDBK_2.jpg,R26USBPDBK_3.jpg,R26USBPDBK_4.jpg,R26USBPDBK_5.jpg,R26USBPDBK_6.jpg",4.18 in H x 1.693 in W x 1.35 in L,0.33,0.01,1,1,radiant,radiant,USB Outlet,N,46.74,,71.99,,67.26,,96.08,785007297720,Black,China,Y,Fedex or Truck,UNIT,,,,,,,,,,,,,,"R26USBPDBK,R26USBPD,R26USBPDCC6,R26USBPDDBCC6,R26USBPDGCC6,R26USBPDGRY,R26USBPDI,R26USBPDLA,R26USBPDNICC6,R26USBPDW,R26USBPDWCC6"
R26USBPD,"15A Tamper Resistant Ultra Fast PLUS, Brown",15A Tamper,"R26USBPD.jpg,R26USBPD_2.jpg,R26USBPD_3.jpg,R26USBPD_4.jpg,R26USBPD_5.jpg,R26USBPD_6.jpg",4.18 in H x 1.693 in W x 1.35 in L,0.33,0.01,1,1,radiant,radiant,USB Outlet,N,46.74,,71.99,,67.26,,96.08,785007297737,Brown,China,Y,Fedex or Truck,UNIT,,,,,,,,,,,,,,"R26USBPDBK,R26USBPD,R26USBPDCC6,R26USBPDDBCC6,R26USBPDGCC6,R26USBPDGRY,R26USBPDI,R26USBPDLA,R26USBPDNICC6,R26USBPDW,R26USBPDWCC6"
R26USBPDCC6,"15A Tamper Resistant Ultra Fast PLUS, Brown",15A Tamper,"R26USBPDCC6.jpg,R26USBPDCC6_2.jpg",4.18 in H x 1.693 in W x 1.35 in L,0.3,0.01,1,6,radiant,radiant,USB Outlet,N,51.88,,79.99,,,,,785007290066,Brown,China,Y,Fedex or Truck,UNIT,,,,,,,,,,,,,,"R26USBPDBK,R26USBPD,R26USBPDCC6,R26USBPDDBCC6,R26USBPDGCC6,R26USBPDGRY,R26USBPDI,R26USBPDLA,R26USBPDNICC6,R26USBPDW,R26USBPDWCC6"
R26USBPDDBCC6,"15A Tamper Resistant Ultra Fast, Dark Bronze",15A Tamper,"R26USBPDDBCC6.jpg,R26USBPDDBCC6_2.jpg,R26USBPDDBCC6_3.jpg,R26USBPDDBCC6_4.jpg,R26USBPDDBCC6_5.jpg,R26USBPDDBCC6_6.jpg",4.18 in H x 1.693 in W x 1.35 in L,0.3,0.01,1,6,radiant,radiant,USB Outlet,N,55.75,,85.99,,70.82,,101.17,785007290059,Dark Bronze,China,Y,Fedex or Truck,UNIT,,,,,,,,,,,,,,"R26USBPDBK,R26USBPD,R26USBPDCC6,R26USBPDDBCC6,R26USBPDGCC6,R26USBPDGRY,R26USBPDI,R26USBPDLA,R26USBPDNICC6,R26USBPDW,R26USBPDWCC6"
R26USBPDGCC6,"15A Tamper Resistant Ultra Fast PLUS, Graphite",15A Tamper,"R26USBPDGCC6.jpg,R26USBPDGCC6_2.jpg,R26USBPDGCC6_3.jpg,R26USBPDGCC6_4.jpg,R26USBPDGCC6_5.jpg,R26USBPDGCC6_6.jpg",4.18 in H x 1.693 in W x 1.35 in L,0.3,0.01,1,6,radiant,radiant,USB Outlet,N,55.75,,85.99,,70.82,,101.17,785007290042,Graphite,China,Y,Fedex or Truck,UNIT,,,,,,,,,,,,,,"R26USBPDBK,R26USBPD,R26USBPDCC6,R26USBPDDBCC6,R26USBPDGCC6,R26USBPDGRY,R26USBPDI,R26USBPDLA,R26USBPDNICC6,R26USBPDW,R26USBPDWCC6"
R26USBPDGRY,"15A Tamper Resistant Ultra Fast PLUS Power, Gray",15A Tamper,"R26USBPDGRY.jpg,R26USBPDGRY_2.jpg,R26USBPDGRY_3.jpg,R26USBPDGRY_4.jpg,R26USBPDGRY_5.jpg,R26USBPDGRY_6.jpg",4.18 in H x 1.693 in W x 1.35 in L,0.33,0.01,1,1,radiant,radiant,USB Outlet,N,46.74,,71.99,,67.26,,96.08,785007297713,Gray,China,Y,Fedex or Truck,UNIT,,,,,,,,,,,,,,"R26USBPDBK,R26USBPD,R26USBPDCC6,R26USBPDDBCC6,R26USBPDGCC6,R26USBPDGRY,R26USBPDI,R26USBPDLA,R26USBPDNICC6,R26USBPDW,R26USBPDWCC6"
R26USBPDI,"15A Tamper Resistant Ultra Fast PLUS, Ivory",15A Tamper,"R26USBPDI.jpg,R26USBPDI_2.jpg,R26USBPDI_3.jpg,R26USBPDI_4.jpg,R26USBPDI_5.jpg,R26USBPDI_6.jpg",4.18 in H x 1.693 in W x 1.35 in L,0.33,0.01,1,1,radiant,radiant,USB Outlet,N,46.74,,71.99,,67.26,,96.08,785007297690,Ivory,China,Y,Fedex or Truck,UNIT,,,,,,,,,,,,,,"R26USBPDBK,R26USBPD,R26USBPDCC6,R26USBPDDBCC6,R26USBPDGCC6,R26USBPDGRY,R26USBPDI,R26USBPDLA,R26USBPDNICC6,R26USBPDW,R26USBPDWCC6"
R26USBPDLA,"15A Tamper Resistant Ultra Fast, Light Almond",15A Tamper,"R26USBPDLA.jpg,R26USBPDLA_2.jpg,R26USBPDLA_3.jpg,R26USBPDLA_4.jpg,R26USBPDLA_5.jpg,R26USBPDLA_6.jpg",4.18 in H x 1.693 in W x 1.35 in L,0.33,0.01,1,1,radiant,radiant,USB Outlet,N,46.74,,71.99,,67.26,,96.08,785007297706,Light Almond,China,Y,Fedex or Truck,UNIT,,,,,,,,,,,,,,"R26USBPDBK,R26USBPD,R26USBPDCC6,R26USBPDDBCC6,R26USBPDGCC6,R26USBPDGRY,R26USBPDI,R26USBPDLA,R26USBPDNICC6,R26USBPDW,R26USBPDWCC6"
R26USBPDNICC6,"15A Tamper Resistant Ultra Fast PLUS, Nickel",15A Tamper,"R26USBPDNICC6.jpg,R26USBPDNICC6_2.jpg,R26USBPDNICC6_3.jpg,R26USBPDNICC6_4.jpg,R26USBPDNICC6_5.jpg,R26USBPDNICC6_6.jpg",4.18 in H x 1.693 in W x 1.35 in L,0.3,0.01,1,6,radiant,radiant,USB Outlet,N,55.75,,85.99,,70.82,,101.17,785007290035,Nickel,China,Y,Fedex or Truck,UNIT,,,,,,,,,,,,,,"R26USBPDBK,R26USBPD,R26USBPDCC6,R26USBPDDBCC6,R26USBPDGCC6,R26USBPDGRY,R26USBPDI,R26USBPDLA,R26USBPDNICC6,R26USBPDW,R26USBPDWCC6"
R26USBPDW,"15A Tamper Resistant Ultra Fast PLUS, White",15A Tamper,"R26USBPDW.jpg,R26USBPDW_2.jpg,R26USBPDW_3.jpg,R26USBPDW_4.jpg,R26USBPDW_5.jpg,R26USBPDW_6.jpg",4.18 in H x 1.693 in W x 1.35 in L,0.33,0.01,1,1,radiant,radiant,USB Outlet,N,46.74,,71.99,,67.26,,96.08,785007297683,White,China,Y,Fedex or Truck,UNIT,,,,,,,,,,,,,,"R26USBPDBK,R26USBPD,R26USBPDCC6,R26USBPDDBCC6,R26USBPDGCC6,R26USBPDGRY,R26USBPDI,R26USBPDLA,R26USBPDNICC6,R26USBPDW,R26USBPDWCC6"
R26USBPDWCC6,"15A Tamper Resistant Ultra Fast PLUS, White",15A Tamper,"R26USBPDWCC6.jpg,R26USBPDWCC6_2.jpg,R26USBPDWCC6_3.jpg",4.18 in H x 1.693 in W x 1.35 in L,0.3,0.01,1,6,radiant,radiant,USB Outlet,N,55.75,,85.99,,,,,785007290073,White,China,Y,Fedex or Truck,UNIT,,,,,,,,,,,,,,"R26USBPDBK,R26USBPD,R26USBPDCC6,R26USBPDDBCC6,R26USBPDGCC6,R26USBPDGRY,R26USBPDI,R26USBPDLA,R26USBPDNICC6,R26USBPDW,R26USBPDWCC6"
TR20USBPDBK,"20A Tamper Resistant Ultra Fast PLUS, Black",20A Tamper,"TR20USBPDBK.jpg,TR20USBPDBK_2.jpg,TR20USBPDBK_3.jpg,TR20USBPDBK_4.jpg,TR20USBPDBK_5.jpg,TR20USBPDBK_6.jpg",2.63 in H x 1.69 in W x 1.42 in L,0.33,0.01,1,1,radiant,radiant,USB Outlet,N,53.01,,81.99,,75.98,,108.54,785007297829,Black,China,Y,Fedex or Truck,UNIT,,,,,,,,,,,,,,"TR20USBPDBK,TR20USBPD,TR20USBPDDB,TR20USBPDG,TR20USBPDGRY,TR20USBPDI,TR20USBPDLA,TR20USBPDNI,TR20USBPDRED,TR20USBPDW"
TR20USBPD,"20A Tamper Resistant Ultra Fast PLUS, Brown",20A Tamper,"TR20USBPD.jpg,TR20USBPD_2.jpg,TR20USBPD_3.jpg,TR20USBPD_4.jpg,TR20USBPD_5.jpg,TR20USBPD_6.jpg",2.63 in H x 1.69 in W x 1.42 in L,0.33,0.01,1,1,radiant,radiant,USB Outlet,N,53.01,,81.99,,75.98,,108.54,785007297836,Brown,China,Y,Fedex or Truck,UNIT,,,,,,,,,,,,,,"TR20USBPDBK,TR20USBPD,TR20USBPDDB,TR20USBPDG,TR20USBPDGRY,TR20USBPDI,TR20USBPDLA,TR20USBPDNI,TR20USBPDRED,TR20USBPDW"
TR20USBPDDB,"20A Tamper Resistant Ultra Fast, Dark Bronze",20A Tamper,"TR20USBPDDB.jpg,TR20USBPDDB_2.jpg,TR20USBPDDB_3.jpg,TR20USBPDDB_4.jpg,TR20USBPDDB_5.jpg",2.63 in H x 1.69 in W x 1.42 in L,0.33,0.01,1,1,radiant,radiant,USB Outlet,N,56.41,,86.99,,78.71,,112.44,785007297805,Dark Bronze,China,Y,Fedex or Truck,UNIT,,,,,,,,,,,,,,"TR20USBPDBK,TR20USBPD,TR20USBPDDB,TR20USBPDG,TR20USBPDGRY,TR20USBPDI,TR20USBPDLA,TR20USBPDNI,TR20USBPDRED,TR20USBPDW"
TR20USBPDG,"20A Tamper Resistant Ultra Fast PLUS, Graphite",20A Tamper,"TR20USBPDG.jpg,TR20USBPDG_2.jpg,TR20USBPDG_3.jpg,TR20USBPDG_4.jpg,TR20USBPDG_5.jpg,TR20USBPDG_6.jpg",2.63 in H x 1.69 in W x 1.42 in L,0.33,0.01,1,1,radiant,radiant,USB Outlet,N,56.41,,86.99,,78.71,,112.44,785007297799,Graphite,China,Y,Fedex or Truck,UNIT,,,,,,,,,,,,,,"TR20USBPDBK,TR20USBPD,TR20USBPDDB,TR20USBPDG,TR20USBPDGRY,TR20USBPDI,TR20USBPDLA,TR20USBPDNI,TR20USBPDRED,TR20USBPDW"
TR20USBPDGRY,"20A Tamper Resistant Ultra Fast PLUS Power, Gray",20A Tamper,"TR20USBPDGRY.jpg,TR20USBPDGRY_2.jpg,TR20USBPDGRY_3.jpg,TR20USBPDGRY_4.jpg,TR20USBPDGRY_5.jpg,TR20USBPDGRY_6.jpg",2.63 in H x 1.69 in W x 1.42 in L,0.33,0.01,1,1,radiant,radiant,USB Outlet,N,53.01,,81.99,,75.98,,108.54,785007297751,Gray,China,Y,Fedex or Truck,UNIT,,,,,,,,,,,,,,"TR20USBPDBK,TR20USBPD,TR20USBPDDB,TR20USBPDG,TR20USBPDGRY,TR20USBPDI,TR20USBPDLA,TR20USBPDNI,TR20USBPDRED,TR20USBPDW"
TR20USBPDI,"20A Tamper Resistant Ultra Fast PLUS, Ivory",20A Tamper,"TR20USBPDI.jpg,TR20USBPDI_2.jpg,TR20USBPDI_3.jpg,TR20USBPDI_4.jpg,TR20USBPDI_5.jpg,TR20USBPDI_6.jpg",2.63 in H x 1.69 in W x 1.42 in L,0.33,0.01,1,1,radiant,radiant,USB Outlet,N,53.01,,81.99,,75.98,,108.54,785007297768,Ivory,China,Y,Fedex or Truck,UNIT,,,,,,,,,,,,,,"TR20USBPDBK,TR20USBPD,TR20USBPDDB,TR20USBPDG,TR20USBPDGRY,TR20USBPDI,TR20USBPDLA,TR20USBPDNI,TR20USBPDRED,TR20USBPDW"
TR20USBPDLA,"20A Tamper Resistant Ultra Fast, Light Almond",20A Tamper,"TR20USBPDLA.jpg,TR20USBPDLA_2.jpg,TR20USBPDLA_3.jpg,TR20USBPDLA_4.jpg,TR20USBPDLA_5.jpg,TR20USBPDLA_6.jpg",2.63 in H x 1.69 in W x 1.42 in L,0.33,0.01,1,1,radiant,radiant,USB Outlet,N,53.01,,81.99,,75.98,,108.54,785007297775,Light Almond,China,Y,Fedex or Truck,UNIT,,,,,,,,,,,,,,"TR20USBPDBK,TR20USBPD,TR20USBPDDB,TR20USBPDG,TR20USBPDGRY,TR20USBPDI,TR20USBPDLA,TR20USBPDNI,TR20USBPDRED,TR20USBPDW"
TR20USBPDNI,"20A Tamper Resistant Ultra Fast PLUS, Nickel",20A Tamper,"TR20USBPDNI.jpg,TR20USBPDNI_2.jpg,TR20USBPDNI_3.jpg,TR20USBPDNI_4.jpg,TR20USBPDNI_5.jpg,TR20USBPDNI_6.jpg",2.63 in H x 1.69 in W x 1.42 in L,0.33,0.01,1,1,radiant,radiant,USB Outlet,N,56.41,,86.99,,78.71,,112.44,785007297782,Nickel,China,Y,Fedex or Truck,UNIT,,,,,,,,,,,,,,"TR20USBPDBK,TR20USBPD,TR20USBPDDB,TR20USBPDG,TR20USBPDGRY,TR20USBPDI,TR20USBPDLA,TR20USBPDNI,TR20USBPDRED,TR20USBPDW"
TR20USBPDRED,"20A Tamper Resistant Ultra Fast PLUS Power, Red",20A Tamper,"TR20USBPDRED.jpg,TR20USBPDRED_2.jpg,TR20USBPDRED_3.jpg",2.63 in H x 1.69 in W x 1.42 in L,0.33,0.01,1,1,radiant,radiant,USB Outlet,N,53.01,,81.99,,75.98,,108.54,785007297812,Red,China,Y,Fedex or Truck,UNIT,,,,,,,,,,,,,,"TR20USBPDBK,TR20USBPD,TR20USBPDDB,TR20USBPDG,TR20USBPDGRY,TR20USBPDI,TR20USBPDLA,TR20USBPDNI,TR20USBPDRED,TR20USBPDW"
TR20USBPDW,"20A Tamper Resistant Ultra Fast PLUS, White",20A Tamper,"TR20USBPDW.jpg,TR20USBPDW_2.jpg,TR20USBPDW_3.jpg,TR20USBPDW_4.jpg,TR20USBPDW_5.jpg,TR20USBPDW_6.jpg",2.63 in H x 1.69 in W x 1.42 in L,0.33,0.01,1,1,radiant,radiant,USB Outlet,N,53.01,,81.99,,75.98,,108.54,785007297744,White,China,Y,Fedex or Truck,UNIT,,,,,,,,,,,,,,"TR20USBPDBK,TR20USBPD,TR20USBPDDB,TR20USBPDG,TR20USBPDGRY,TR20USBPDI,TR20USBPDLA,TR20USBPDNI,TR20USBPDRED,TR20USBPDW"
R26USBPD65BK,"65W USB Outlet, Type C, 15A, Tamper-, Black",65W USB Outlet,"R26USBPD65BK.jpg,R26USBPD65BK_2.jpg,R26USBPD65BK_3.jpg,R26USBPD65BK_4.jpg,R26USBPD65BK_5.jpg,R26USBPD65BK_6.jpg",1.94 in H x 2.99 in W x 1.52 in L,0.33,0.01,1,1,radiant,radiant,USB Outlet,N,67.64,,104.99,93.85,86.64,,123.77,785007456264,Black,,Y,Fedex or Truck,,,,,,,,,,,,,,,"R26USBPD65BK,R26USBPD65,R26USBPD65W,R26USBPD65I,R26USBPD65LA,R26USBPD65GRY,R26USBPD65NICC6,R26USBPD65GCC6,R26USBPD65DBCC6,R26USBPD65WCC6"
R26USBPD65,"65W USB Outlet, Type C, 15A, Tamper-, Brown",65W USB Outlet,"R26USBPD65.jpg,R26USBPD65_2.jpg,R26USBPD65_3.jpg,R26USBPD65_4.jpg,R26USBPD65_5.jpg,R26USBPD65_6.jpg",1.94 in H x 2.99 in W x 1.52 in L,0.33,0.01,1,1,radiant,radiant,USB Outlet,N,67.64,,104.99,93.85,86.64,,123.77,785007456271,Brown,,Y,Fedex or Truck,,,,,,,,,,,,,,,"R26USBPD65BK,R26USBPD65,R26USBPD65W,R26USBPD65I,R26USBPD65LA,R26USBPD65GRY,R26USBPD65NICC6,R26USBPD65GCC6,R26USBPD65DBCC6,R26USBPD65WCC6"
R26USBPD65W,"65W USB Outlet, Type C, 15A, Tamper-, White",65W USB Outlet,"R26USBPD65W.jpg,R26USBPD65W_2.jpg,R26USBPD65W_3.jpg,R26USBPD65W_4.jpg,R26USBPD65W_5.jpg,R26USBPD65W_6.jpg",1.94 in H x 2.99 in W x 1.52 in L,0.33,0.01,1,1,radiant,radiant,USB Outlet,N,67.64,,104.99,93.85,86.64,,123.77,785007456226,White,,Y,Fedex or Truck,,,,,,,,,,,,,,,"R26USBPD65BK,R26USBPD65,R26USBPD65W,R26USBPD65I,R26USBPD65LA,R26USBPD65GRY,R26USBPD65NICC6,R26USBPD65GCC6,R26USBPD65DBCC6,R26USBPD65WCC6"
R26USBPD65I,"65W USB Outlet, Type C, 15A, Tamper-, Ivory",65W USB Outlet,"R26USBPD65I.jpg,R26USBPD65I_2.jpg,R26USBPD65I_3.jpg,R26USBPD65I_4.jpg,R26USBPD65I_5.jpg,R26USBPD65I_6.jpg",1.94 in H x 2.99 in W x 1.52 in L,0.33,0.01,1,1,radiant,radiant,USB Outlet,N,67.64,,104.99,93.85,86.64,,123.77,785007456233,Ivory,,Y,Fedex or Truck,,,,,,,,,,,,,,,"R26USBPD65BK,R26USBPD65,R26USBPD65W,R26USBPD65I,R26USBPD65LA,R26USBPD65GRY,R26USBPD65NICC6,R26USBPD65GCC6,R26USBPD65DBCC6,R26USBPD65WCC6"
R26USBPD65LA,"65W USB Outlet, Type C, 15A, Tamper-, Light Almond",65W USB Outlet,"R26USBPD65LA.jpg,R26USBPD65LA_2.jpg,R26USBPD65LA_3.jpg,R26USBPD65LA_4.jpg,R26USBPD65LA_5.jpg,R26USBPD65LA_6.jpg",1.94 in H x 2.99 in W x 1.52 in L,0.33,0.01,1,1,radiant,radiant,USB Outlet,N,67.64,,104.99,93.85,86.64,,123.77,785007456240,Light Almond,,Y,Fedex or Truck,,,,,,,,,,,,,,,"R26USBPD65BK,R26USBPD65,R26USBPD65W,R26USBPD65I,R26USBPD65LA,R26USBPD65GRY,R26USBPD65NICC6,R26USBPD65GCC6,R26USBPD65DBCC6,R26USBPD65WCC6"
R26USBPD65GRY,"65W USB Outlet, Type C, 15A, Tamper-, Gray",65W USB Outlet,"R26USBPD65GRY.jpg,R26USBPD65GRY_2.jpg,R26USBPD65GRY_3.jpg,R26USBPD65GRY_4.jpg,R26USBPD65GRY_5.jpg,R26USBPD65GRY_6.jpg",1.94 in H x 2.99 in W x 1.52 in L,0.33,0.01,1,1,radiant,radiant,USB Outlet,N,67.64,,104.99,93.85,94.51,,135.01,785007456257,Gray,,Y,Fedex or Truck,,,,,,,,,,,,,,,"R26USBPD65BK,R26USBPD65,R26USBPD65W,R26USBPD65I,R26USBPD65LA,R26USBPD65GRY,R26USBPD65NICC6,R26USBPD65GCC6,R26USBPD65DBCC6,R26USBPD65WCC6"
R26USBPD65NICC6,"65W USB Outlet, Type C, 15A, Tamper-, Nickel",65W USB Outlet,"R26USBPD65NICC6.jpg,R26USBPD65NICC6_2.jpg,R26USBPD65NICC6_3.jpg,R26USBPD65NICC6_4.jpg,R26USBPD65NICC6_5.jpg,R26USBPD65NICC6_6.jpg",1.94 in H x 2.99 in W x 1.52 in L,0.33,0.01,1,6,radiant,radiant,USB Outlet,N,70.90,,109.99,100.00,94.51,,135.01,785007456172,Nickel,,Y,Fedex or Truck,,,,,,,,,,,,,,,"R26USBPD65BK,R26USBPD65,R26USBPD65W,R26USBPD65I,R26USBPD65LA,R26USBPD65GRY,R26USBPD65NICC6,R26USBPD65GCC6,R26USBPD65DBCC6,R26USBPD65WCC6"
R26USBPD65GCC6,"65W USB Outlet, Type C, 15A, Tamper-, Graphite",65W USB Outlet,"R26USBPD65GCC6.jpg,R26USBPD65GCC6_2.jpg,R26USBPD65GCC6_3.jpg,R26USBPD65GCC6_4.jpg,R26USBPD65GCC6_5.jpg,R26USBPD65GCC6_6.jpg",1.94 in H x 2.99 in W x 1.52 in L,0.33,0.01,1,6,radiant,radiant,USB Outlet,N,70.90,,109.99,100.00,94.51,,135.01,785007456189,Graphite,,Y,Fedex or Truck,,,,,,,,,,,,,,,"R26USBPD65BK,R26USBPD65,R26USBPD65W,R26USBPD65I,R26USBPD65LA,R26USBPD65GRY,R26USBPD65NICC6,R26USBPD65GCC6,R26USBPD65DBCC6,R26USBPD65WCC6"
R26USBPD65DBCC6,"65W USB Outlet, Type C, 15A, Tamper-, Dark Bronze",65W USB Outlet,"R26USBPD65DBCC6.jpg,R26USBPD65DBCC6_2.jpg,R26USBPD65DBCC6_3.jpg,R26USBPD65DBCC6_4.jpg,R26USBPD65DBCC6_5.jpg,R26USBPD65DBCC6_6.jpg",1.94 in H x 2.99 in W x 1.52 in L,0.33,0.01,1,6,radiant,radiant,USB Outlet,N,70.90,,109.99,100.00,94.51,,135.01,785007456196,Dark Bronze,,Y,Fedex or Truck,,,,,,,,,,,,,,,"R26USBPD65BK,R26USBPD65,R26USBPD65W,R26USBPD65I,R26USBPD65LA,R26USBPD65GRY,R26USBPD65NICC6,R26USBPD65GCC6,R26USBPD65DBCC6,R26USBPD65WCC6"
R26USBPD65WCC6,"65W USB Outlet, Type C, 15A, Tamper-, White",65W USB Outlet,,1.94 in H x 2.99 in W x 1.52 in L,0.33,0.01,1,1,radiant,radiant,USB Outlet,N,0.00,,,,94.51,,135.01,785007456219,White,,Y,Fedex or Truck,,,,,,,,,,,,,,,"R26USBPD65BK,R26USBPD65,R26USBPD65W,R26USBPD65I,R26USBPD65LA,R26USBPD65GRY,R26USBPD65NICC6,R26USBPD65GCC6,R26USBPD65DBCC6,R26USBPD65WCC6"
TR20USBPD65I,"65W Commercial USB Outlet, Type C, 20A, Ivory",65W Commercial,"TR20USBPD65I.jpg,TR20USBPD65I_2.jpg,TR20USBPD65I_3.jpg,TR20USBPD65I_4.jpg,TR20USBPD65I_5.jpg,TR20USBPD65I_6.jpg",1.94 in H x 2.99 in W x 1.52 in L,0.33,0.01,1,1,radiant,radiant,USB Outlet,N,80.30,,123.99,111.84,98.24,,140.35,785007456301,Ivory,,Y,Fedex or Truck,,,,,,,,,,,,,,,"TR20USBPD65I,TR20USBPD65LA,TR20USBPD65NI,TR20USBPD65G,TR20USBPD65DB,TR20USBPD65RED,TR20USBPD65BK,TR20USBPD65"
TR20USBPD65LA,"65W Commercial USB Outlet, Type C, Light Almond",65W Commercial,"TR20USBPD65LA.jpg,TR20USBPD65LA_2.jpg,TR20USBPD65LA_3.jpg,TR20USBPD65LA_4.jpg,TR20USBPD65LA_5.jpg,TR20USBPD65LA_6.jpg",1.94 in H x 2.99 in W x 1.52 in L,0.33,0.01,1,1,radiant,radiant,USB Outlet,N,80.30,,123.99,105.51,98.24,,140.35,785007456318,Light Almond,,Y,Fedex or Truck,,,,,,,,,,,,,,,"TR20USBPD65I,TR20USBPD65LA,TR20USBPD65NI,TR20USBPD65G,TR20USBPD65DB,TR20USBPD65RED,TR20USBPD65BK,TR20USBPD65"
TR20USBPD65NI,"65W Commercial USB Outlet, Type C, 20A, Nickel",65W Commercial,"TR20USBPD65NI.jpg,TR20USBPD65NI_2.jpg,TR20USBPD65NI_3.jpg,TR20USBPD65NI_4.jpg,TR20USBPD65NI_5.jpg,TR20USBPD65NI_6.jpg",1.94 in H x 2.99 in W x 1.52 in L,0.33,0.01,1,1,radiant,radiant,USB Outlet,N,86.98,,133.99,111.82,106.44,,152.06,785007456325,Nickel,,Y,Fedex or Truck,,,,,,,,,,,,,,,"TR20USBPD65I,TR20USBPD65LA,TR20USBPD65NI,TR20USBPD65G,TR20USBPD65DB,TR20USBPD65RED,TR20USBPD65BK,TR20USBPD65"
TR20USBPD65G,"65W Commercial USB Outlet, Type C, Graphite",65W Commercial,"TR20USBPD65G.jpg,TR20USBPD65G_2.jpg,TR20USBPD65G_3.jpg,TR20USBPD65G_4.jpg,TR20USBPD65G_5.jpg,TR20USBPD65G_6.jpg",1.94 in H x 2.99 in W x 1.52 in L,0.33,0.01,1,1,radiant,radiant,USB Outlet,N,86.98,,133.99,111.82,106.44,,152.06,785007460919,Graphite,,Y,Fedex or Truck,,,,,,,,,,,,,,,"TR20USBPD65I,TR20USBPD65LA,TR20USBPD65NI,TR20USBPD65G,TR20USBPD65DB,TR20USBPD65RED,TR20USBPD65BK,TR20USBPD65"
TR20USBPD65DB,"65W Commercial USB Outlet, Type C, Dark Bronze",65W Commercial,"TR20USBPD65DB.jpg,TR20USBPD65DB_2.jpg,TR20USBPD65DB_3.jpg,TR20USBPD65DB_4.jpg,TR20USBPD65DB_5.jpg,TR20USBPD65DB_6.jpg",1.94 in H x 2.99 in W x 1.52 in L,0.33,0.01,1,1,radiant,radiant,USB Outlet,N,86.98,,133.99,111.82,106.44,,152.06,785007460926,Dark Bronze,,Y,Fedex or Truck,,,,,,,,,,,,,,,"TR20USBPD65I,TR20USBPD65LA,TR20USBPD65NI,TR20USBPD65G,TR20USBPD65DB,TR20USBPD65RED,TR20USBPD65BK,TR20USBPD65"
TR20USBPD65RED,"65W Commercial USB Outlet, Type C, 20A, Red",65W Commercial,"TR20USBPD65RED.jpg,TR20USBPD65RED_2.jpg,TR20USBPD65RED_3.jpg,TR20USBPD65RED_4.jpg,TR20USBPD65RED_5.jpg,TR20USBPD65RED_6.jpg",1.94 in H x 2.99 in W x 1.52 in L,0.33,0.01,1,1,radiant,radiant,USB Outlet,N,80.30,,123.99,105.51,98.24,,140.35,785007460933,Red,,Y,Fedex or Truck,,,,,,,,,,,,,,,"TR20USBPD65I,TR20USBPD65LA,TR20USBPD65NI,TR20USBPD65G,TR20USBPD65DB,TR20USBPD65RED,TR20USBPD65BK,TR20USBPD65"
TR20USBPD65BK,"65W Commercial USB Outlet, Type C, 20A, Black",65W Commercial,"TR20USBPD65BK.jpg,TR20USBPD65BK_2.jpg,TR20USBPD65BK_3.jpg,TR20USBPD65BK_4.jpg,TR20USBPD65BK_5.jpg,TR20USBPD65BK_6.jpg",1.94 in H x 2.99 in W x 1.52 in L,0.33,0.01,1,1,radiant,radiant,USB Outlet,N,80.30,,123.99,105.51,98.24,,140.35,785007460940,Black,,Y,Fedex or Truck,,,,,,,,,,,,,,,"TR20USBPD65I,TR20USBPD65LA,TR20USBPD65NI,TR20USBPD65G,TR20USBPD65DB,TR20USBPD65RED,TR20USBPD65BK,TR20USBPD65"
TR20USBPD65,"65W Commercial USB Outlet, Type C, 20A, Brown",65W Commercial,"TR20USBPD65.jpg,TR20USBPD65_2.jpg,TR20USBPD65_3.jpg,TR20USBPD65_4.jpg,TR20USBPD65_5.jpg,TR20USBPD65_6.jpg",1.94 in H x 2.99 in W x 1.52 in L,0.33,0.01,1,1,radiant,radiant,USB Outlet,N,80.30,,123.99,105.51,98.24,,140.35,785007460957,Brown,,Y,Fedex or Truck,,,,,,,,,,,,,,,"TR20USBPD65I,TR20USBPD65LA,TR20USBPD65NI,TR20USBPD65G,TR20USBPD65DB,TR20USBPD65RED,TR20USBPD65BK,TR20USBPD65"
RWP26,"One-Gang Screwless Wall Plate, Brown",One-Gang,"RWP26.jpg,RWP26_2.jpg,RWP26_3.jpg,RWP26_4.jpg,RWP26_5.jpg,RWP26_6.jpg",4.5 in H x 3.15 in W x 0.25 in L,0.06,0.01,1,1,radiant,radiant,Screwless Wall Plates,N,2.23,,3.99,,2.62,,3.75,785007071689,Brown,United States,Y,Fedex or Truck,UNIT,,,,,,,,,,,,,,"RWP26,RWP26BK,RWP26GRY,RWP26I,RWP26LA,RWP26NI,RWP26W"
RWP262,"Two-Gang Screwless Wall Plate, Brown",Two-Gang,"RWP262.jpg,RWP262_2.jpg,RWP262_3.jpg,RWP262_4.jpg,RWP262_5.jpg,RWP262_6.jpg",4.5 in H x 4.96 in W x 0.25 in L,0.1,0.01,1,1,radiant,radiant,Screwless Wall Plates,N,4.50,,6.99,,5.17,,7.39,785007231717,Brown,United States,Y,Fedex or Truck,UNIT,,,,,,,,,,,,,,"RWP262,RWP262BK,RWP262GRY,RWP262I,RWP262LA,RWP262NI,RWP262W"
RWP262BK,"Two-Gang Screwless Wall Plate, Black",Two-Gang,"RWP262BK.jpg,RWP262BK_2.jpg,RWP262BK_3.jpg,RWP262BK_4.jpg,RWP262BK_5.jpg,RWP262BK_6.jpg",4.94 in H x 4.96 in W x 0.065 in L,0.1,0.01,1,1,radiant,radiant,Screwless Wall Plates,N,4.50,,6.99,,5.17,,7.39,785007231731,Black,United States,Y,Fedex or Truck,UNIT,,,,,,,,,,,,,,"RWP262,RWP262BK,RWP262GRY,RWP262I,RWP262LA,RWP262NI,RWP262W"
RWP262DBCC6,"Two-Gang Screwless Wall Plate, , CC, Dark Bronze",Two-Gang,"RWP262DBCC6.jpg,RWP262DBCC6_2.jpg,RWP262DBCC6_3.jpg,RWP262DBCC6_4.jpg,RWP262DBCC6_5.jpg,RWP262DBCC6_6.jpg",4.5 in H x 4.96 in W x 0.25 in L,0.1,0.01,1,1,radiant,radiant,Screwless Wall Plates,N,8.95,,13.99,,10.29,,14.70,785007231755,Dark Bronze,United States,Y,Fedex or Truck,UNIT,,,,,,,,,,,,,,"RWP262DBCC6,RWP262GCC6"
RWP262GCC6,"Two-Gang Screwless Wall Plate, , CC, Graphite",Two-Gang,"RWP262GCC6.jpg,RWP262GCC6_2.jpg,RWP262GCC6_3.jpg,RWP262GCC6_4.jpg,RWP262GCC6_5.jpg,RWP262GCC6_6.jpg",4.5 in H x 4.96 in W x 0.25 in L,0.12,0.01,1,1,radiant,radiant,Screwless Wall Plates,N,8.95,,13.99,,10.29,,14.70,785007173796,Graphite,United States,Y,Fedex or Truck,UNIT,,,,,,,,,,,,,,"RWP262DBCC6,RWP262GCC6"
RWP262GRY,"Two-Gang Screwless Wall Plate, Gray",Two-Gang,"RWP262GRY.jpg,RWP262GRY_2.jpg,RWP262GRY_3.jpg,RWP262GRY_4.jpg,RWP262GRY_5.jpg,RWP262GRY_6.jpg",4.5 in H x 4.96 in W x 0.25 in L,0.1,0.01,1,1,radiant,radiant,Screwless Wall Plates,N,4.50,,6.99,,5.17,,7.39,785007231762,Gray,United States,Y,Fedex or Truck,UNIT,,,,,,,,,,,,,,"RWP262,RWP262BK,RWP262GRY,RWP262I,RWP262LA,RWP262NI,RWP262W"
RWP262I,"Two-Gang Screwless Wall Plate, Ivory",Two-Gang,"RWP262I.jpg,RWP262I_2.jpg,RWP262I_3.jpg,RWP262I_4.jpg,RWP262I_5.jpg,RWP262I_6.jpg",4.5 in H x 4.96 in W x 0.25 in L,0.1,0.01,1,1,radiant,radiant,Screwless Wall Plates,N,4.50,,6.99,,5.17,,7.39,785007231779,Ivory,United States,Y,Fedex or Truck,UNIT,,,,,,,,,,,,,,"RWP262,RWP262BK,RWP262GRY,RWP262I,RWP262LA,RWP262NI,RWP262W"
RWP262LA,"Two-Gang Screwless Wall Plate, Light Almond",Two-Gang,"RWP262LA.jpg,RWP262LA_2.jpg,RWP262LA_3.jpg,RWP262LA_4.jpg,RWP262LA_5.jpg,RWP262LA_6.jpg",4.5 in H x 4.96 in W x 0.25 in L,0.1,0.01,1,1,radiant,radiant,Screwless Wall Plates,N,4.50,,6.99,,5.17,,7.39,785007231793,Light Almond,United States,Y,Fedex or Truck,UNIT,,,,,,,,,,,,,,"RWP262,RWP262BK,RWP262GRY,RWP262I,RWP262LA,RWP262NI,RWP262W"
RWP262NI,"Two-Gang Screwless Wall Plate, Nickel",Two-Gang,"RWP262NI.jpg,RWP262NI_2.jpg,RWP262NI_3.jpg,RWP262NI_4.jpg,RWP262NI_5.jpg,RWP262NI_6.jpg",4.5 in H x 4.96 in W x 0.25 in L,0.1,0.01,1,1,radiant,radiant,Screwless Wall Plates,N,8.95,,13.99,,10.29,,14.70,785007231816,Nickel,United States,Y,Fedex or Truck,UNIT,,,,,,,,,,,,,,"RWP262,RWP262BK,RWP262GRY,RWP262I,RWP262LA,RWP262NI,RWP262W"
RWP262W,"Two-Gang Screwless Wall Plate, White",Two-Gang,"RWP262W.jpg,RWP262W_2.jpg,RWP262W_3.jpg,RWP262W_4.jpg,RWP262W_5.jpg,RWP262W_6.jpg",4.5 in H x 4.96 in W x 0.25 in L,0.1,0.01,1,1,radiant,radiant,Screwless Wall Plates,N,4.50,,6.99,,5.17,,7.39,785007231830,White,United States,Y,Fedex or Truck,UNIT,,,,,,,,,,,,,,"RWP262,RWP262BK,RWP262GRY,RWP262I,RWP262LA,RWP262NI,RWP262W"
RWP263,"Three-Gang Screwless Wall Plate, Brown",Three-Gang,"RWP263.jpg,RWP263_2.jpg,RWP263_3.jpg,RWP263_4.jpg,RWP263_5.jpg,RWP263_6.jpg",4.5 in H x 6.77 in W x 0.25 in L,0.13,0.01,1,1,radiant,radiant,Screwless Wall Plates,N,6.74,,10.99,,7.64,,10.91,785007231854,Brown,United States,Y,Fedex or Truck,UNIT,,,,,,,,,,,,,,"RWP263,RWP263BK,RWP263GRY,RWP263I,RWP263LA,RWP263NI,RWP263W"
RWP263BK,Three-Gang Screwless Wall Plate,Three-Gang,"RWP263BK.jpg,RWP263BK_2.jpg,RWP263BK_3.jpg,RWP263BK_4.jpg,RWP263BK_5.jpg,RWP263BK_6.jpg",4.5 in H x 6.77 in W x 0.25 in L,0.13,0.01,1,1,radiant,radiant,Screwless Wall Plates,N,6.74,,10.99,,7.64,,10.91,785007231878,Black,United States,Y,Fedex or Truck,UNIT,,,,,,,,,,,,,,"RWP263,RWP263BK,RWP263GRY,RWP263I,RWP263LA,RWP263NI,RWP263W"
RWP263DBCC6,"Three-Gang Screwless Wall Plate, , CC, Dark Bronze",Three-Gang,"RWP263DBCC6.jpg,RWP263DBCC6_2.jpg,RWP263DBCC6_3.jpg,RWP263DBCC6_4.jpg,RWP263DBCC6_5.jpg,RWP263DBCC6_6.jpg",4.5 in H x 6.77 in W x 0.25 in L,0.13,0.01,1,1,radiant,radiant,Screwless Wall Plates,N,13.46,,20.99,,15.29,,21.84,785007231892,Dark Bronze,United States,Y,Fedex or Truck,UNIT,,,,,,,,,,,,,,"RWP263DBCC6,RWP263GCC6"
RWP263GCC6,"Three-Gang Screwless Wall Plate, , CC, Graphite",Three-Gang,"RWP263GCC6.jpg,RWP263GCC6_2.jpg,RWP263GCC6_3.jpg,RWP263GCC6_4.jpg,RWP263GCC6_5.jpg,RWP263GCC6_6.jpg",4.5 in H x 6.77 in W x 0.25 in L,0.16,0.01,1,1,radiant,radiant,Screwless Wall Plates,N,13.46,,20.99,,15.29,,21.84,785007173802,Graphite,United States,Y,Fedex or Truck,UNIT,,,,,,,,,,,,,,"RWP263DBCC6,RWP263GCC6"
RWP263GRY,"Three-Gang Screwless Wall Plate, Gray",Three-Gang,"RWP263GRY.jpg,RWP263GRY_2.jpg,RWP263GRY_3.jpg,RWP263GRY_4.jpg,RWP263GRY_5.jpg,RWP263GRY_6.jpg",4.5 in H x 6.77 in W x 0.25 in L,0.13,0.01,1,1,radiant,radiant,Screwless Wall Plates,N,6.74,,10.99,,7.64,,10.91,785007231908,Gray,United States,Y,Fedex or Truck,UNIT,,,,,,,,,,,,,,"RWP263,RWP263BK,RWP263GRY,RWP263I,RWP263LA,RWP263NI,RWP263W"
RWP263I,"Three-Gang Screwless Wall Plate, Ivory",Three-Gang,"RWP263I.jpg,RWP263I_2.jpg,RWP263I_3.jpg,RWP263I_4.jpg,RWP263I_5.jpg,RWP263I_6.jpg",4.5 in H x 6.77 in W x 0.25 in L,0.13,0.01,1,1,radiant,radiant,Screwless Wall Plates,N,6.74,,10.99,,7.64,,10.91,785007231915,Ivory,United States,Y,Fedex or Truck,UNIT,,,,,,,,,,,,,,"RWP263,RWP263BK,RWP263GRY,RWP263I,RWP263LA,RWP263NI,RWP263W"
RWP263LA,"Three-Gang Screwless Wall Plate, Light Almond",Three-Gang,"RWP263LA.jpg,RWP263LA_2.jpg,RWP263LA_3.jpg,RWP263LA_4.jpg,RWP263LA_5.jpg,RWP263LA_6.jpg",4.5 in H x 6.77 in W x 0.25 in L,0.13,0.01,1,1,radiant,radiant,Screwless Wall Plates,N,6.74,,10.99,,7.64,,10.91,785007231939,Light Almond,United States,Y,Fedex or Truck,UNIT,,,,,,,,,,,,,,"RWP263,RWP263BK,RWP263GRY,RWP263I,RWP263LA,RWP263NI,RWP263W"
RWP263NI,"Three-Gang Screwless Wall Plate, Nickel",Three-Gang,"RWP263NI.jpg,RWP263NI_2.jpg,RWP263NI_3.jpg,RWP263NI_4.jpg,RWP263NI_5.jpg,RWP263NI_6.jpg",4.5 in H x 6.77 in W x 0.25 in L,0.13,0.01,1,1,radiant,radiant,Screwless Wall Plates,N,13.46,,20.99,,15.29,,21.84,785007231953,Nickel,United States,Y,Fedex or Truck,UNIT,,,,,,,,,,,,,,"RWP263,RWP263BK,RWP263GRY,RWP263I,RWP263LA,RWP263NI,RWP263W"
RWP263W,"Three-Gang Screwless Wall Plate, White",Three-Gang,"RWP263W.jpg,RWP263W_2.jpg,RWP263W_3.jpg,RWP263W_4.jpg,RWP263W_5.jpg,RWP263W_6.jpg",4.5 in H x 6.77 in W x 0.25 in L,0.13,0.01,1,1,radiant,radiant,Screwless Wall Plates,N,6.74,,10.99,,7.64,,10.91,785007231977,White,United States,Y,Fedex or Truck,UNIT,,,,,,,,,,,,,,"RWP263,RWP263BK,RWP263GRY,RWP263I,RWP263LA,RWP263NI,RWP263W"
RWP264,"Four-Gang Screwless Wall Plate, Brown",Four-Gang,"RWP264.jpg,RWP264_2.jpg,RWP264_3.jpg,RWP264_4.jpg,RWP264_5.jpg,RWP264_6.jpg",4.5 in H x 8.59 in W x 0.25 in L,0.17,0.01,1,1,radiant,radiant,Screwless Wall Plates,N,8.95,,13.99,,10.29,,14.70,785007231991,Brown,United States,Y,Fedex or Truck,UNIT,,,,,,,,,,,,,,"RWP264,RWP264BK,RWP264DB,RWP264GRY,RWP264I,RWP264LA,RWP264NI,RWP264W"
RWP264BK,"Four-Gang Screwless Wall Plate, Black",Four-Gang,"RWP264BK.jpg,RWP264BK_2.jpg,RWP264BK_3.jpg,RWP264BK_4.jpg,RWP264BK_5.jpg,RWP264BK_6.jpg",4.5 in H x 8.59 in W x 0.25 in L,0.17,0.01,1,1,radiant,radiant,Screwless Wall Plates,N,8.95,,13.99,,10.29,,14.70,785007295733,Black,United States,Y,Fedex or Truck,UNIT,,,,,,,,,,,,,,"RWP264,RWP264BK,RWP264DB,RWP264GRY,RWP264I,RWP264LA,RWP264NI,RWP264W"
RWP264DB,"Four-Gang Screwless Wall Plate, Dark Bronze",Four-Gang,"RWP264DB.jpg,RWP264DB_2.jpg,RWP264DB_3.jpg,RWP264DB_4.jpg,RWP264DB_5.jpg,RWP264DB_6.jpg",4.5 in H x 8.59 in W x 0.25 in L,0.17,0.01,1,1,radiant,radiant,Screwless Wall Plates,N,17.93,,27.99,,20.40,,29.14,785007295740,Dark Bronze,United States,Y,Fedex or Truck,UNIT,,,,,,,,,,,,,,"RWP264,RWP264BK,RWP264DB,RWP264GRY,RWP264I,RWP264LA,RWP264NI,RWP264W"
RWP264GCC6,"Four-Gang Screwless Wall Plate, , CC, Graphite",Four-Gang,"RWP264GCC6.jpg,RWP264GCC6_2.jpg,RWP264GCC6_3.jpg,RWP264GCC6_4.jpg,RWP264GCC6_5.jpg,RWP264GCC6_6.jpg",4.94 in H x 8.59 in W x 0.065 in L,0.17,0.01,1,1,radiant,radiant,Screwless Wall Plates,N,17.93,,27.99,,20.40,,29.14,785007235807,Graphite,United States,Y,Fedex or Truck,UNIT,,,,,,,,,,,,,,
RWP264GRY,"Four-Gang Screwless Wall Plate, Gray",Four-Gang,"RWP264GRY.jpg,RWP264GRY_2.jpg,RWP264GRY_3.jpg,RWP264GRY_4.jpg,RWP264GRY_5.jpg,RWP264GRY_6.jpg",4.5 in H x 8.59 in W x 0.25 in L,0.17,0.01,1,1,radiant,radiant,Screwless Wall Plates,N,8.95,,13.99,,10.29,,14.70,785007295757,Gray,United States,Y,Fedex or Truck,UNIT,,,,,,,,,,,,,,"RWP264,RWP264BK,RWP264DB,RWP264GRY,RWP264I,RWP264LA,RWP264NI,RWP264W"
RWP264I,"Four-Gang Screwless Wall Plate, Ivory",Four-Gang,"RWP264I.jpg,RWP264I_2.jpg,RWP264I_3.jpg,RWP264I_4.jpg,RWP264I_5.jpg,RWP264I_6.jpg",4.5 in H x 8.59 in W x 0.25 in L,0.17,0.01,1,1,radiant,radiant,Screwless Wall Plates,N,8.95,,13.99,,10.29,,14.70,785007295764,Ivory,United States,Y,Fedex or Truck,UNIT,,,,,,,,,,,,,,"RWP264,RWP264BK,RWP264DB,RWP264GRY,RWP264I,RWP264LA,RWP264NI,RWP264W"
RWP264LA,"Four-Gang Screwless Wall Plate, Light Almond",Four-Gang,"RWP264LA.jpg,RWP264LA_2.jpg,RWP264LA_3.jpg,RWP264LA_4.jpg,RWP264LA_5.jpg,RWP264LA_6.jpg",4.5 in H x 8.59 in W x 0.25 in L,0.17,0.01,1,1,radiant,radiant,Screwless Wall Plates,N,8.95,,13.99,,10.29,,14.70,785007295771,Light Almond,United States,Y,Fedex or Truck,UNIT,,,,,,,,,,,,,,"RWP264,RWP264BK,RWP264DB,RWP264GRY,RWP264I,RWP264LA,RWP264NI,RWP264W"
RWP264NI,"Four-Gang Screwless Wall Plate, Nickel",Four-Gang,"RWP264NI.jpg,RWP264NI_2.jpg,RWP264NI_3.jpg,RWP264NI_4.jpg,RWP264NI_5.jpg,RWP264NI_6.jpg",4.5 in H x 8.59 in W x 0.25 in L,0.17,0.01,1,1,radiant,radiant,Screwless Wall Plates,N,17.93,,27.99,,20.40,,29.14,785007295795,Nickel,United States,Y,Fedex or Truck,UNIT,,,,,,,,,,,,,,"RWP264,RWP264BK,RWP264DB,RWP264GRY,RWP264I,RWP264LA,RWP264NI,RWP264W"
RWP264W,"Four-Gang Screwless Wall Plate, White",Four-Gang,"RWP264W.jpg,RWP264W_2.jpg,RWP264W_3.jpg,RWP264W_4.jpg,RWP264W_5.jpg,RWP264W_6.jpg",4.5 in H x 8.59 in W x 0.25 in L,0.17,0.01,1,1,radiant,radiant,Screwless Wall Plates,N,8.95,,13.99,,10.29,,14.70,785007295818,White,United States,Y,Fedex or Truck,UNIT,,,,,,,,,,,,,,"RWP264,RWP264BK,RWP264DB,RWP264GRY,RWP264I,RWP264LA,RWP264NI,RWP264W"
RWP265,"Five-Gang Screwless Wall Plate, Brown",Five-Gang,"RWP265.jpg,RWP265_2.jpg,RWP265_3.jpg,RWP265_4.jpg,RWP265_5.jpg,RWP265_6.jpg",4.5 in H x 10.4 in W x 0.25 in L,0.2,0.01,1,1,radiant,radiant,Screwless Wall Plates,N,13.46,,20.99,,15.29,,21.84,785007295832,Brown,United States,Y,Fedex or Truck,UNIT,,,,,,,,,,,,,,"RWP265,RWP265BK,RWP265DB,RWP265G,RWP265GRY,RWP265I,RWP265LA,RWP265NI,RWP265W"
RWP265BK,"Five-Gang Screwless Wall Plate, Black",Five-Gang,"RWP265BK.jpg,RWP265BK_2.jpg,RWP265BK_3.jpg,RWP265BK_4.jpg,RWP265BK_5.jpg,RWP265BK_6.jpg",4.5 in H x 10.4 in W x 0.25 in L,0.2,0.01,1,1,radiant,radiant,Screwless Wall Plates,N,13.46,,20.99,,15.29,,21.84,785007295856,Black,United States,Y,Fedex or Truck,UNIT,,,,,,,,,,,,,,"RWP265,RWP265BK,RWP265DB,RWP265G,RWP265GRY,RWP265I,RWP265LA,RWP265NI,RWP265W"
RWP265DB,"Five-Gang Screwless Wall Plate, Dark Bronze",Five-Gang,"RWP265DB.jpg,RWP265DB_2.jpg,RWP265DB_3.jpg,RWP265DB_4.jpg,RWP265DB_5.jpg,RWP265DB_6.jpg",4.5 in H x 10.4 in W x 0.25 in L,0.2,0.01,1,1,radiant,radiant,Screwless Wall Plates,N,26.89,,41.99,,30.60,,43.72,785007295863,Dark Bronze,United States,Y,Fedex or Truck,UNIT,,,,,,,,,,,,,,"RWP265,RWP265BK,RWP265DB,RWP265G,RWP265GRY,RWP265I,RWP265LA,RWP265NI,RWP265W"
RWP265G,"Five-Gang Screwless Wall Plate, Graphite",Five-Gang,"RWP265G.jpg,RWP265G_2.jpg,RWP265G_3.jpg,RWP265G_4.jpg,RWP265G_5.jpg,RWP265G_6.jpg",4.94 in H x 10.4 in W x 0.065 in L,0.2,0.01,1,1,radiant,radiant,Screwless Wall Plates,N,26.89,,41.99,,30.60,,43.72,785007235814,Graphite,United States,Y,Fedex or Truck,UNIT,,,,,,,,,,,,,,"RWP265,RWP265BK,RWP265DB,RWP265G,RWP265GRY,RWP265I,RWP265LA,RWP265NI,RWP265W"
RWP265GRY,"Five-Gang Screwless Wall Plate, Gray",Five-Gang,"RWP265GRY.jpg,RWP265GRY_2.jpg,RWP265GRY_3.jpg,RWP265GRY_4.jpg,RWP265GRY_5.jpg,RWP265GRY_6.jpg",4.5 in H x 10.4 in W x 0.25 in L,0.2,0.01,1,1,radiant,radiant,Screwless Wall Plates,N,13.46,,20.99,,15.29,,21.84,785007295870,Gray,United States,Y,Fedex or Truck,UNIT,,,,,,,,,,,,,,"RWP265,RWP265BK,RWP265DB,RWP265G,RWP265GRY,RWP265I,RWP265LA,RWP265NI,RWP265W"
RWP265I,"Five-Gang Screwless Wall Plate, Ivory",Five-Gang,"RWP265I.jpg,RWP265I_2.jpg,RWP265I_3.jpg,RWP265I_4.jpg,RWP265I_5.jpg,RWP265I_6.jpg",4.5 in H x 10.4 in W x 0.25 in L,0.2,0.01,1,1,radiant,radiant,Screwless Wall Plates,N,13.46,,20.99,,15.29,,21.84,785007295887,Ivory,United States,Y,Fedex or Truck,UNIT,,,,,,,,,,,,,,"RWP265,RWP265BK,RWP265DB,RWP265G,RWP265GRY,RWP265I,RWP265LA,RWP265NI,RWP265W"
RWP265LA,"Five-Gang Screwless Wall Plate, Light Almond",Five-Gang,"RWP265LA.jpg,RWP265LA_2.jpg,RWP265LA_3.jpg,RWP265LA_4.jpg,RWP265LA_5.jpg,RWP265LA_6.jpg",4.5 in H x 10.4 in W x 0.25 in L,0.2,0.01,1,1,radiant,radiant,Screwless Wall Plates,N,13.46,,20.99,,15.29,,21.84,785007295894,Light Almond,United States,Y,Fedex or Truck,UNIT,,,,,,,,,,,,,,"RWP265,RWP265BK,RWP265DB,RWP265G,RWP265GRY,RWP265I,RWP265LA,RWP265NI,RWP265W"
RWP265NI,"Five-Gang Screwless Wall Plate, Nickel",Five-Gang,"RWP265NI.jpg,RWP265NI_2.jpg,RWP265NI_3.jpg,RWP265NI_4.jpg,RWP265NI_5.jpg,RWP265NI_6.jpg",4.5 in H x 10.4 in W x 0.25 in L,0.2,0.01,1,1,radiant,radiant,Screwless Wall Plates,N,26.89,,41.99,,30.60,,43.72,785007295900,Nickel,United States,Y,Fedex or Truck,UNIT,,,,,,,,,,,,,,"RWP265,RWP265BK,RWP265DB,RWP265G,RWP265GRY,RWP265I,RWP265LA,RWP265NI,RWP265W"
RWP265W,"Five-Gang Screwless Wall Plate, White",Five-Gang,"RWP265W.jpg,RWP265W_2.jpg,RWP265W_3.jpg,RWP265W_4.jpg,RWP265W_5.jpg,RWP265W_6.jpg",4.5 in H x 10.4 in W x 0.25 in L,0.2,0.01,1,1,radiant,radiant,Screwless Wall Plates,N,13.46,,20.99,,15.29,,21.84,785007295917,White,United States,Y,Fedex or Truck,UNIT,,,,,,,,,,,,,,"RWP265,RWP265BK,RWP265DB,RWP265G,RWP265GRY,RWP265I,RWP265LA,RWP265NI,RWP265W"
RWP266,"Six-Gang Screwless Wall Plate, Brown",Six-Gang,"RWP266.jpg,RWP266_2.jpg,RWP266_3.jpg,RWP266_4.jpg,RWP266_5.jpg,RWP266_6.jpg",4.5 in H x 12.21 in W x 0.25 in L,0.24,0.01,1,1,radiant,radiant,Screwless Wall Plates,N,16.14,,24.99,,18.33,,26.19,785007295924,Brown,United States,Y,Fedex or Truck,UNIT,,,,,,,,,,,,,,"RWP266,RWP266BK,RWP266DB,RWP266G,RWP266GRY,RWP266I,RWP266LA,RWP266NI,RWP266W"
RWP266BK,"Six-Gang Screwless Wall Plate, Black",Six-Gang,"RWP266BK.jpg,RWP266BK_2.jpg,RWP266BK_3.jpg,RWP266BK_4.jpg,RWP266BK_5.jpg,RWP266BK_6.jpg",4.5 in H x 12.21 in W x 0.25 in L,0.24,0.01,1,1,radiant,radiant,Screwless Wall Plates,N,16.14,,24.99,,18.33,,26.19,785007295948,Black,United States,Y,Fedex or Truck,UNIT,,,,,,,,,,,,,,"RWP266,RWP266BK,RWP266DB,RWP266G,RWP266GRY,RWP266I,RWP266LA,RWP266NI,RWP266W"
RWP266DB,"Six-Gang Screwless Wall Plate, Dark Bronze",Six-Gang,"RWP266DB.jpg,RWP266DB_2.jpg,RWP266DB_3.jpg,RWP266DB_4.jpg,RWP266DB_5.jpg,RWP266DB_6.jpg",4.5 in H x 12.21 in W x 0.25 in L,0.24,0.01,1,1,radiant,radiant,Screwless Wall Plates,N,32.27,,49.99,,36.68,,52.40,785007295955,Dark Bronze,United States,Y,Fedex or Truck,UNIT,,,,,,,,,,,,,,"RWP266,RWP266BK,RWP266DB,RWP266G,RWP266GRY,RWP266I,RWP266LA,RWP266NI,RWP266W"
RWP266G,"Six-Gang Screwless Wall Plate, Graphite",Six-Gang,"RWP266G.jpg,RWP266G_2.jpg,RWP266G_3.jpg,RWP266G_4.jpg,RWP266G_5.jpg,RWP266G_6.jpg",4.94 in H x 12.21 in W x 0.065 in L,0.24,0.01,1,1,radiant,radiant,Screwless Wall Plates,N,32.27,,49.99,,36.68,,52.40,785007235821,Graphite,United States,Y,Fedex or Truck,UNIT,,,,,,,,,,,,,,"RWP266,RWP266BK,RWP266DB,RWP266G,RWP266GRY,RWP266I,RWP266LA,RWP266NI,RWP266W"
RWP266GRY,"Six-Gang Screwless Wall Plate, Gray",Six-Gang,"RWP266GRY.jpg,RWP266GRY_2.jpg,RWP266GRY_3.jpg,RWP266GRY_4.jpg,RWP266GRY_5.jpg,RWP266GRY_6.jpg",4.5 in H x 12.21 in W x 0.25 in L,0.24,0.01,1,1,radiant,radiant,Screwless Wall Plates,N,16.14,,24.99,,18.33,,26.19,785007295962,Gray,United States,Y,Fedex or Truck,UNIT,,,,,,,,,,,,,,"RWP266,RWP266BK,RWP266DB,RWP266G,RWP266GRY,RWP266I,RWP266LA,RWP266NI,RWP266W"
RWP266I,"Six-Gang Screwless Wall Plate, Ivory",Six-Gang,"RWP266I.jpg,RWP266I_2.jpg,RWP266I_3.jpg,RWP266I_4.jpg,RWP266I_5.jpg,RWP266I_6.jpg",4.5 in H x 12.21 in W x 0.25 in L,0.24,0.01,1,1,radiant,radiant,Screwless Wall Plates,N,16.14,,24.99,,18.33,,26.19,785007295979,Ivory,United States,Y,Fedex or Truck,UNIT,,,,,,,,,,,,,,"RWP266,RWP266BK,RWP266DB,RWP266G,RWP266GRY,RWP266I,RWP266LA,RWP266NI,RWP266W"
RWP266LA,"Six-Gang Screwless Wall Plate, Light Almond",Six-Gang,"RWP266LA.jpg,RWP266LA_2.jpg,RWP266LA_3.jpg,RWP266LA_4.jpg,RWP266LA_5.jpg,RWP266LA_6.jpg",4.5 in H x 12.21 in W x 0.25 in L,0.24,0.01,1,1,radiant,radiant,Screwless Wall Plates,N,16.14,,24.99,,18.33,,26.19,785007295986,Light Almond,United States,Y,Fedex or Truck,UNIT,,,,,,,,,,,,,,"RWP266,RWP266BK,RWP266DB,RWP266G,RWP266GRY,RWP266I,RWP266LA,RWP266NI,RWP266W"
RWP266NI,"Six-Gang Screwless Wall Plate, Nickel",Six-Gang,"RWP266NI.jpg,RWP266NI_2.jpg,RWP266NI_3.jpg,RWP266NI_4.jpg,RWP266NI_5.jpg,RWP266NI_6.jpg",4.5 in H x 12.21 in W x 0.25 in L,0.24,0.01,1,1,radiant,radiant,Screwless Wall Plates,N,32.27,,49.99,,36.68,,52.40,785007295993,Nickel,United States,Y,Fedex or Truck,UNIT,,,,,,,,,,,,,,"RWP266,RWP266BK,RWP266DB,RWP266G,RWP266GRY,RWP266I,RWP266LA,RWP266NI,RWP266W"
RWP266W,"Six-Gang Screwless Wall Plate, White",Six-Gang,"RWP266W.jpg,RWP266W_2.jpg,RWP266W_3.jpg,RWP266W_4.jpg,RWP266W_5.jpg,RWP266W_6.jpg",4.5 in H x 12.21 in W x 0.25 in L,0.24,0.01,1,1,radiant,radiant,Screwless Wall Plates,N,16.14,,24.99,,18.33,,26.19,785007296006,White,United States,Y,Fedex or Truck,UNIT,,,,,,,,,,,,,,"RWP266,RWP266BK,RWP266DB,RWP266G,RWP266GRY,RWP266I,RWP266LA,RWP266NI,RWP266W"
RWP26BK,"One-Gang Screwless Wall Plate, Black",One-Gang,"RWP26BK.jpg,RWP26BK_2.jpg,RWP26BK_3.jpg,RWP26BK_4.jpg,RWP26BK_5.jpg,RWP26BK_6.jpg",4.5 in H x 3.15 in W x 0.25 in L,0.06,0.01,1,1,radiant,radiant,Screwless Wall Plates,N,2.23,,3.99,,2.62,,3.75,785007296020,Black,United States,Y,Fedex or Truck,UNIT,,,,,,,,,,,,,,"RWP26,RWP26BK,RWP26GRY,RWP26I,RWP26LA,RWP26NI,RWP26W"
RWP26DBCC6,"One-Gang Screwless Wall Plate, , CC, Dark Bronze",One-Gang,"RWP26DBCC6.jpg,RWP26DBCC6_2.jpg,RWP26DBCC6_3.jpg,RWP26DBCC6_4.jpg,RWP26DBCC6_5.jpg,RWP26DBCC6_6.jpg",4.5 in H x 3.15 in W x 0.25 in L,0.06,0.01,1,1,radiant,radiant,Screwless Wall Plates,N,4.50,,6.99,,5.17,,7.39,785007320725,Dark Bronze,United States,Y,Fedex or Truck,UNIT,,,,,,,,,,,,,,"RWP26DBCC6,RWP26GCC6"
RWP26GCC6,"One-Gang Screwless Wall Plate, , CC, Graphite",One-Gang,"RWP26GCC6.jpg,RWP26GCC6_2.jpg,RWP26GCC6_3.jpg,RWP26GCC6_4.jpg,RWP26GCC6_5.jpg,RWP26GCC6_6.jpg",4.5 in H x 3.15 in W x 0.25 in L,0.09,0.01,1,1,radiant,radiant,Screwless Wall Plates,N,4.50,,6.99,,5.17,,7.39,785007173789,Graphite,United States,Y,Fedex or Truck,UNIT,,,,,,,,,,,,,,"RWP26DBCC6,RWP26GCC6"
RWP26GRY,"One-Gang Screwless Wall Plate, Gray",One-Gang,"RWP26GRY.jpg,RWP26GRY_2.jpg,RWP26GRY_3.jpg,RWP26GRY_4.jpg,RWP26GRY_5.jpg,RWP26GRY_6.jpg",4.5 in H x 3.15 in W x 0.25 in L,0.06,0.01,1,1,radiant,radiant,Screwless Wall Plates,N,2.23,,3.99,,2.62,,3.75,785007320732,Gray,United States,Y,Fedex or Truck,UNIT,,,,,,,,,,,,,,"RWP26,RWP26BK,RWP26GRY,RWP26I,RWP26LA,RWP26NI,RWP26W"
RWP26I,"One-Gang Screwless Wall Plate, Ivory",One-Gang,"RWP26I.jpg,RWP26I_2.jpg,RWP26I_3.jpg,RWP26I_4.jpg,RWP26I_5.jpg,RWP26I_6.jpg",4.5 in H x 3.15 in W x 0.25 in L,0.06,0.01,1,1,radiant,radiant,Screwless Wall Plates,N,2.23,,3.99,,2.62,,3.75,785007320749,Ivory,United States,Y,Fedex or Truck,UNIT,,,,,,,,,,,,,,"RWP26,RWP26BK,RWP26GRY,RWP26I,RWP26LA,RWP26NI,RWP26W"
RWP26LA,"One-Gang Screwless Wall Plate, Light Almond",One-Gang,"RWP26LA.jpg,RWP26LA_2.jpg,RWP26LA_3.jpg,RWP26LA_4.jpg,RWP26LA_5.jpg,RWP26LA_6.jpg",4.5 in H x 3.15 in W x 0.25 in L,0.06,0.01,1,1,radiant,radiant,Screwless Wall Plates,N,2.23,,3.99,,2.62,,3.75,785007320756,Light Almond,United States,Y,Fedex or Truck,UNIT,,,,,,,,,,,,,,"RWP26,RWP26BK,RWP26GRY,RWP26I,RWP26LA,RWP26NI,RWP26W"
RWP26NI,"One-Gang Screwless Wall Plate, Nickel",One-Gang,"RWP26NI.jpg,RWP26NI_2.jpg,RWP26NI_3.jpg,RWP26NI_4.jpg,RWP26NI_5.jpg,RWP26NI_6.jpg",4.5 in H x 3.15 in W x 0.25 in L,0.06,0.01,1,1,radiant,radiant,Screwless Wall Plates,N,4.50,,6.99,,5.17,,7.39,785007320770,Nickel,United States,Y,Fedex or Truck,UNIT,,,,,,,,,,,,,,"RWP26,RWP26BK,RWP26GRY,RWP26I,RWP26LA,RWP26NI,RWP26W"
RWP26W,"One-Gang Screwless Wall Plate, White",One-Gang,"RWP26W.jpg,RWP26W_2.jpg,RWP26W_3.jpg,RWP26W_4.jpg,RWP26W_5.jpg,RWP26W_6.jpg",4.94 in H x 3.15 in W x 0.065 in L,0.06,0.01,1,1,radiant,radiant,Screwless Wall Plates,N,2.23,,3.99,,2.62,,3.75,785007320794,White,United States,Y,Fedex or Truck,UNIT,,,,,,,,,,,,,,"RWP26,RWP26BK,RWP26GRY,RWP26I,RWP26LA,RWP26NI,RWP26W"
TM873ISL,"15A 3-Way Switch with Locator Light, Ivory",15A 3-Way,"TM873ISL.jpg,TM873ISL_2.jpg,TM873ISL_3.jpg,TM873ISL_4.jpg,TM873ISL_5.jpg",4.19 in H x 1.43 in W x 1.27 in L,0.15,0.01,1,10,radiant,radiant,Switches,N,12.68,,19.99,,14.80,,21.15,785007245547,Ivory,China,Y,Fedex or Truck,UNIT,,,,,,,,,,,,,,"TM873ISL,TM873LASL,TM873WSL"
TM873LASL,"15A 3-Way Switch with Locator Light, Light Almond",15A 3-Way,"TM873LASL.jpg,TM873LASL_2.jpg,TM873LASL_3.jpg,TM873LASL_4.jpg,TM873LASL_5.jpg,TM873LASL_6.jpg",4.19 in H x 1.43 in W x 1.27 in L,0.15,0.01,1,10,radiant,radiant,Switches,N,12.68,,19.99,,14.80,,21.15,785007245554,Light Almond,China,Y,Fedex or Truck,UNIT,,,,,,,,,,,,,,"TM873ISL,TM873LASL,TM873WSL"
TM873WSL,"15A 3-Way Switch with Locator Light, White",15A 3-Way,"TM873WSL.jpg,TM873WSL_2.jpg,TM873WSL_3.jpg,TM873WSL_4.jpg,TM873WSL_5.jpg",4.19 in H x 1.43 in W x 1.27 in L,0.15,0.01,1,10,radiant,radiant,Switches,N,12.68,,19.99,,14.80,,21.15,785007245561,White,China,Y,Fedex or Truck,UNIT,,,,,,,,,,,,,,"TM873ISL,TM873LASL,TM873WSL"
TM873BK,"15A 3-Way Switch, Black",15A 3-Way,"TM873BK.jpg,TM873BK_2.jpg,TM873BK_3.jpg,TM873BK_4.jpg,TM873BK_5.jpg",4.19 in H x 1.43 in W x 1.27 in L,0.15,0.01,1,10,radiant,radiant,Switches,N,3.54,,5.99,,4.44,,6.35,785007245424,Black,China,Y,Fedex or Truck,UNIT,,,,,,,,,,,,,,"TM873BK,TM873,TM873DBCC10,TM873GCC10,TM873GRY,TM873I,TM873LA,TM873NICC10,TM873W"
TM873,"15A 3-Way Switch, Brown",15A 3-Way,"TM873.jpg,TM873_2.jpg,TM873_3.jpg,TM873_4.jpg,TM873_5.jpg",4.19 in H x 1.43 in W x 1.27 in L,0.15,0.01,1,10,radiant,radiant,Switches,N,3.54,,5.99,,4.44,,6.35,785007245417,Brown,China,Y,Fedex or Truck,UNIT,,,,,,,,,,,,,,"TM873BK,TM873,TM873DBCC10,TM873GCC10,TM873GRY,TM873I,TM873LA,TM873NICC10,TM873W"
TM873DBCC10,"15A 3-Way Switch, Dark Bronze",15A 3-Way,"TM873DBCC10.jpg,TM873DBCC10_2.jpg,TM873DBCC10_3.jpg,TM873DBCC10_4.jpg,TM873DBCC10_5.jpg,TM873DBCC10_6.jpg",4.19 in H x 1.43 in W x 1.27 in L,0.17,0.01,1,10,radiant,radiant,Switches,N,7.35,,11.99,,18.42,,26.32,785007029406,Dark Bronze,China,Y,Fedex or Truck,UNIT,,,,,,,,,,,,,,"TM873BK,TM873,TM873DBCC10,TM873GCC10,TM873GRY,TM873I,TM873LA,TM873NICC10,TM873W"
TM873GCC10,"15A 3-Way Switch, Graphite",15A 3-Way,"TM873GCC10.jpg,TM873GCC10_2.jpg,TM873GCC10_3.jpg,TM873GCC10_4.jpg,TM873GCC10_5.jpg,TM873GCC10_6.jpg",4.19 in H x 1.43 in W x 1.27 in L,0.17,0.01,1,10,radiant,radiant,Switches,N,7.35,,11.99,,18.42,,26.32,785007173703,Graphite,China,Y,Fedex or Truck,UNIT,,,,,,,,,,,,,,"TM873BK,TM873,TM873DBCC10,TM873GCC10,TM873GRY,TM873I,TM873LA,TM873NICC10,TM873W"
TM873GRY,"15A 3-Way Switch, Gray",15A 3-Way,"TM873GRY.jpg,TM873GRY_2.jpg,TM873GRY_3.jpg,TM873GRY_4.jpg,TM873GRY_5.jpg,TM873GRY_6.jpg",4.19 in H x 1.43 in W x 1.27 in L,0.15,0.01,1,10,radiant,radiant,Switches,N,3.54,,5.99,,4.44,,6.35,785007245431,Gray,China,Y,Fedex or Truck,UNIT,,,,,,,,,,,,,,"TM873BK,TM873,TM873DBCC10,TM873GCC10,TM873GRY,TM873I,TM873LA,TM873NICC10,TM873W"
TM873I,"15A 3-Way Switch, Ivory",15A 3-Way,"TM873I.jpg,TM873I_2.jpg,TM873I_3.jpg,TM873I_4.jpg,TM873I_5.jpg",4.19 in H x 1.43 in W x 1.27 in L,0.15,0.01,1,10,radiant,radiant,Switches,N,3.54,,5.99,,4.44,,6.35,785007245448,Ivory,China,Y,Fedex or Truck,UNIT,,,,,,,,,,,,,,"TM873BK,TM873,TM873DBCC10,TM873GCC10,TM873GRY,TM873I,TM873LA,TM873NICC10,TM873W"
TM873LA,"15A 3-Way Switch, Light Almond",15A 3-Way,"TM873LA.jpg,TM873LA_2.jpg,TM873LA_3.jpg,TM873LA_4.jpg,TM873LA_5.jpg",4.19 in H x 1.43 in W x 1.27 in L,0.15,0.01,1,10,radiant,radiant,Switches,N,3.54,,5.99,,4.44,,6.35,785007245455,Light Almond,China,Y,Fedex or Truck,UNIT,,,,,,,,,,,,,,"TM873BK,TM873,TM873DBCC10,TM873GCC10,TM873GRY,TM873I,TM873LA,TM873NICC10,TM873W"
TM873NICC10,"15A 3-Way Switch, Nickel",15A 3-Way,"TM873NICC10.jpg,TM873NICC10_2.jpg,TM873NICC10_3.jpg,TM873NICC10_4.jpg,TM873NICC10_5.jpg,TM873NICC10_6.jpg",4.19 in H x 1.43 in W x 1.27 in L,0.17,0.01,1,10,radiant,radiant,Switches,N,7.35,,11.99,,18.42,,26.32,785007021028,Nickel,China,Y,Fedex or Truck,UNIT,,,,,,,,,,,,,,"TM873BK,TM873,TM873DBCC10,TM873GCC10,TM873GRY,TM873I,TM873LA,TM873NICC10,TM873W"
TM873W,"15A 3-Way Switch, White",15A 3-Way,"TM873W.jpg,TM873W_2.jpg,TM873W_3.jpg,TM873W_4.jpg,TM873W_5.jpg",4.19 in H x 1.43 in W x 1.27 in L,0.15,0.01,1,10,radiant,radiant,Switches,N,3.54,,5.99,,4.44,,6.35,785007245462,White,China,Y,Fedex or Truck,UNIT,,,,,,,,,,,,,,"TM873BK,TM873,TM873DBCC10,TM873GCC10,TM873GRY,TM873I,TM873LA,TM873NICC10,TM873W"
TM874GRY,15A 4-Way Switch,15A 4-Way,"TM874GRY.jpg,TM874GRY_2.jpg,TM874GRY_3.jpg,TM874GRY_4.jpg,TM874GRY_5.jpg,TM874GRY_6.jpg",4.19 in H x 1.43 in W x 1.27 in L,0.27,0.01,1,10,radiant,radiant,Switches,N,12.75,,19.99,,16.34,,23.34,785007060508,Gray,Mexico,Y,Fedex or Truck,UNIT,,,,,,,,,,,,,,"TM874GRY,TM874BK,TM874,TM874DBCC6,TM874GCC6,TM874I,TM874LA,TM874NICC6,TM874W"
TM874ISL,"15A 4-Way Switch with Locator Light, Ivory",15A 4-Way,"TM874ISL.jpg,TM874ISL_2.jpg,TM874ISL_3.jpg,TM874ISL_4.jpg,TM874ISL_5.jpg,TM874ISL_6.jpg",4.19 in H x 1.43 in W x 1.27 in L,0.27,0.01,1,10,radiant,radiant,Switches,N,22.82,,35.99,,26.69,,38.13,785007242041,Ivory,Mexico,Y,Fedex or Truck,UNIT,,,,,,,,,,,,,,"TM874ISL,TM874LASL,TM874WSL"
TM874LASL,"15A 4-Way Switch with Locator Light, Light Almond",15A 4-Way,"TM874LASL.jpg,TM874LASL_2.jpg,TM874LASL_3.jpg,TM874LASL_4.jpg,TM874LASL_5.jpg,TM874LASL_6.jpg",4.19 in H x 1.43 in W x 1.27 in L,0.27,0.01,1,10,radiant,radiant,Switches,N,22.82,,35.99,,26.69,,38.13,785007242027,Light Almond,Mexico,Y,Fedex or Truck,UNIT,,,,,,,,,,,,,,"TM874ISL,TM874LASL,TM874WSL"
TM874WSL,"15A 4-Way Switch with Locator Light, White",15A 4-Way,"TM874WSL.jpg,TM874WSL_2.jpg,TM874WSL_3.jpg,TM874WSL_4.jpg,TM874WSL_5.jpg,TM874WSL_6.jpg",4.19 in H x 1.43 in W x 1.27 in L,0.27,0.01,1,10,radiant,radiant,Switches,N,22.82,,35.99,,26.69,,38.13,785007242034,White,Mexico,Y,Fedex or Truck,UNIT,,,,,,,,,,,,,,"TM874ISL,TM874LASL,TM874WSL"
TM874BK,"15A 4-Way Switch, Black",15A 4-Way,"TM874BK.jpg,TM874BK_2.jpg,TM874BK_3.jpg,TM874BK_4.jpg,TM874BK_5.jpg,TM874BK_6.jpg",4.19 in H x 1.43 in W x 1.27 in L,0.27,0.01,1,10,radiant,radiant,Switches,N,12.75,,19.99,,16.34,,23.34,785007845037,Black,Mexico,Y,Fedex or Truck,UNIT,,,,,,,,,,,,,,"TM874GRY,TM874BK,TM874,TM874DBCC6,TM874GCC6,TM874I,TM874LA,TM874NICC6,TM874W"
TM874,"15A 4-Way Switch, Brown",15A 4-Way,"TM874.jpg,TM874_2.jpg,TM874_3.jpg,TM874_4.jpg,TM874_5.jpg,TM874_6.jpg",4.19 in H x 1.43 in W x 1.27 in L,0.27,0.01,1,10,radiant,radiant,Switches,N,12.75,,19.99,,16.34,,23.34,785007845020,Brown,Mexico,Y,Fedex or Truck,UNIT,,,,,,,,,,,,,,"TM874GRY,TM874BK,TM874,TM874DBCC6,TM874GCC6,TM874I,TM874LA,TM874NICC6,TM874W"
TM874DBCC6,"15A 4-Way Switch, Dark Bronze",15A 4-Way,"TM874DBCC6.jpg,TM874DBCC6_2.jpg,TM874DBCC6_3.jpg,TM874DBCC6_4.jpg,TM874DBCC6_5.jpg,TM874DBCC6_6.jpg",4.19 in H x 1.43 in W x 1.27 in L,0.17,0.01,1,1,radiant,radiant,Switches,N,16.50,,25.99,,42.85,,61.22,785007029468,Dark Bronze,Mexico,Y,Fedex or Truck,UNIT,,,,,,,,,,,,,,"TM874GRY,TM874BK,TM874,TM874DBCC6,TM874GCC6,TM874I,TM874LA,TM874NICC6,TM874W"
TM874GCC6,"15A 4-Way Switch, Graphite",15A 4-Way,"TM874GCC6.jpg,TM874GCC6_2.jpg,TM874GCC6_3.jpg,TM874GCC6_4.jpg,TM874GCC6_5.jpg,TM874GCC6_6.jpg",4.19 in H x 1.43 in W x 1.27 in L,0.23,0.01,1,1,radiant,radiant,Switches,N,16.50,,25.99,,42.85,,61.22,785007235791,Graphite,Mexico,Y,Fedex or Truck,UNIT,,,,,,,,,,,,,,"TM874GRY,TM874BK,TM874,TM874DBCC6,TM874GCC6,TM874I,TM874LA,TM874NICC6,TM874W"
TM874I,"15A 4-Way Switch, Ivory",15A 4-Way,"TM874I.jpg,TM874I_2.jpg,TM874I_3.jpg,TM874I_4.jpg,TM874I_5.jpg,TM874I_6.jpg",4.19 in H x 1.43 in W x 1.27 in L,0.27,0.01,1,10,radiant,radiant,Switches,N,12.75,,19.99,,16.34,,23.34,785007845006,Ivory,Mexico,Y,Fedex or Truck,UNIT,,,,,,,,,,,,,,"TM874GRY,TM874BK,TM874,TM874DBCC6,TM874GCC6,TM874I,TM874LA,TM874NICC6,TM874W"
TM874LA,"15A 4-Way Switch, Light Almond",15A 4-Way,"TM874LA.jpg,TM874LA_2.jpg,TM874LA_3.jpg,TM874LA_4.jpg,TM874LA_5.jpg,TM874LA_6.jpg",4.19 in H x 1.43 in W x 1.27 in L,0.27,0.01,1,10,radiant,radiant,Switches,N,12.75,,19.99,,16.34,,23.34,785007845013,Light Almond,Mexico,Y,Fedex or Truck,UNIT,,,,,,,,,,,,,,"TM874GRY,TM874BK,TM874,TM874DBCC6,TM874GCC6,TM874I,TM874LA,TM874NICC6,TM874W"
TM874NICC6,"15A 4-Way Switch, Nickel",15A 4-Way,"TM874NICC6.jpg,TM874NICC6_2.jpg,TM874NICC6_3.jpg,TM874NICC6_4.jpg,TM874NICC6_5.jpg,TM874NICC6_6.jpg",4.19 in H x 1.43 in W x 1.27 in L,0.17,0.01,1,1,radiant,radiant,Switches,N,16.50,,25.99,,42.85,,61.22,785007021073,Nickel,Mexico,Y,Fedex or Truck,UNIT,,,,,,,,,,,,,,"TM874GRY,TM874BK,TM874,TM874DBCC6,TM874GCC6,TM874I,TM874LA,TM874NICC6,TM874W"
TM874W,"15A 4-Way Switch, White",15A 4-Way,"TM874W.jpg,TM874W_2.jpg,TM874W_3.jpg,TM874W_4.jpg,TM874W_5.jpg,TM874W_6.jpg",4.19 in H x 1.43 in W x 1.27 in L,0.27,0.01,1,10,radiant,radiant,Switches,N,12.75,,19.99,,16.34,,23.34,785007844993,White,Mexico,Y,Fedex or Truck,UNIT,,,,,,,,,,,,,,"TM874GRY,TM874BK,TM874,TM874DBCC6,TM874GCC6,TM874I,TM874LA,TM874NICC6,TM874W"
TM870ISL,"15A Single-Pole Switch with Locator Light, Ivory",15A Single-,"TM870ISL.jpg,TM870ISL_2.jpg,TM870ISL_3.jpg,TM870ISL_4.jpg,TM870ISL_5.jpg,TM870ISL_6.jpg",4.19 in H x 1.43 in W x 1.27 in L,0.15,0.01,1,10,radiant,radiant,Switches,N,9.57,,14.99,,12.62,,18.03,785007245516,Ivory,China,Y,Fedex or Truck,UNIT,,,,,,,,,,,,,,"TM870ISL,TM870LASL,TM870WSL"
TM870LASL,"15A Single-Pole Switch with, Light Almond",15A Single-,"TM870LASL.jpg,TM870LASL_2.jpg,TM870LASL_3.jpg,TM870LASL_4.jpg,TM870LASL_5.jpg,TM870LASL_6.jpg",4.19 in H x 1.43 in W x 1.27 in L,0.14,0.01,1,10,radiant,radiant,Switches,N,9.57,,14.99,,12.62,,18.03,785007245523,Light Almond,China,Y,Fedex or Truck,UNIT,,,,,,,,,,,,,,"TM870ISL,TM870LASL,TM870WSL"
TM870WSL,"15A Single-Pole Switch with Locator Light, White",15A Single-,"TM870WSL.jpg,TM870WSL_2.jpg,TM870WSL_3.jpg,TM870WSL_4.jpg,TM870WSL_5.jpg,TM870WSL_6.jpg",4.19 in H x 1.43 in W x 1.27 in L,0.15,0.01,1,10,radiant,radiant,Switches,N,9.57,,14.99,,12.62,,18.03,785007245530,White,China,Y,Fedex or Truck,UNIT,,,,,,,,,,,,,,"TM870ISL,TM870LASL,TM870WSL"
TM870BK,"15A Single-Pole Switch, Black",15A Single-,"TM870BK.jpg,TM870BK_2.jpg,TM870BK_3.jpg,TM870BK_4.jpg,TM870BK_5.jpg,TM870BK_6.jpg",4.19 in H x 1.43 in W x 1.27 in L,0.15,0.01,1,10,radiant,radiant,Switches,N,2.51,,3.99,,2.93,,4.18,785007245363,Black,China,Y,Fedex or Truck,UNIT,,,,,,,,,,,,,,"TM870BK,TM870,TM870DBCC10,TM870GCC10,TM870GRY,TM870I,TM870LA,TM870NICC10,TM870W"
TM870,"15A Single-Pole Switch, Brown",15A Single-,"TM870.jpg,TM870_2.jpg,TM870_3.jpg,TM870_4.jpg,TM870_5.jpg,TM870_6.jpg",4.19 in H x 1.43 in W x 1.27 in L,0.15,0.01,1,10,radiant,radiant,Switches,N,2.51,,3.99,,2.93,,4.18,785007245356,Brown,China,Y,Fedex or Truck,UNIT,,,,,,,,,,,,,,"TM870BK,TM870,TM870DBCC10,TM870GCC10,TM870GRY,TM870I,TM870LA,TM870NICC10,TM870W"
TM870DBCC10,"15A Single-Pole Switch, Dark Bronze",15A Single-,"TM870DBCC10.jpg,TM870DBCC10_2.jpg,TM870DBCC10_3.jpg,TM870DBCC10_4.jpg,TM870DBCC10_5.jpg,TM870DBCC10_6.jpg",4.19 in H x 1.43 in W x 1.27 in L,0.16,0.01,1,10,radiant,radiant,Switches,N,5.90,,9.99,,6.92,,9.88,785007029383,Dark Bronze,China,Y,Fedex or Truck,UNIT,,,,,,,,,,,,,,"TM870BK,TM870,TM870DBCC10,TM870GCC10,TM870GRY,TM870I,TM870LA,TM870NICC10,TM870W"
TM870GCC10,"15A Single-Pole Switch, Graphite",15A Single-,"TM870GCC10.jpg,TM870GCC10_2.jpg,TM870GCC10_3.jpg,TM870GCC10_4.jpg,TM870GCC10_5.jpg,TM870GCC10_6.jpg",4.19 in H x 1.43 in W x 1.27 in L,0.17,0.01,1,10,radiant,radiant,Switches,N,5.90,,9.99,,6.92,,9.88,785007173697,Graphite,China,Y,Fedex or Truck,UNIT,,,,,,,,,,,,,,"TM870BK,TM870,TM870DBCC10,TM870GCC10,TM870GRY,TM870I,TM870LA,TM870NICC10,TM870W"
TM870GRY,"15A Single-Pole Switch, Gray",15A Single-,"TM870GRY.jpg,TM870GRY_2.jpg,TM870GRY_3.jpg,TM870GRY_4.jpg,TM870GRY_5.jpg,TM870GRY_6.jpg",4.19 in H x 1.43 in W x 1.27 in L,0.15,0.01,1,10,radiant,radiant,Switches,N,2.51,,3.99,,2.93,,4.18,785007245370,Gray,China,Y,Fedex or Truck,UNIT,,,,,,,,,,,,,,"TM870BK,TM870,TM870DBCC10,TM870GCC10,TM870GRY,TM870I,TM870LA,TM870NICC10,TM870W"
TM870I,"15A Single-Pole Switch, Ivory",15A Single-,"TM870I.jpg,TM870I_2.jpg,TM870I_3.jpg,TM870I_4.jpg,TM870I_5.jpg,TM870I_6.jpg",4.19 in H x 1.43 in W x 1.27 in L,0.15,0.01,1,10,radiant,radiant,Switches,N,2.51,,3.99,,2.93,,4.18,785007245387,Ivory,China,Y,Fedex or Truck,UNIT,,,,,,,,,,,,,,"TM870BK,TM870,TM870DBCC10,TM870GCC10,TM870GRY,TM870I,TM870LA,TM870NICC10,TM870W"
TM870LA,"15A Single-Pole Switch, Light Almond",15A Single-,"TM870LA.jpg,TM870LA_2.jpg,TM870LA_3.jpg,TM870LA_4.jpg,TM870LA_5.jpg",4.19 in H x 1.43 in W x 1.27 in L,0.15,0.01,1,10,radiant,radiant,Switches,N,2.51,,3.99,,2.93,,4.18,785007245394,Light Almond,China,Y,Fedex or Truck,UNIT,,,,,,,,,,,,,,"TM870BK,TM870,TM870DBCC10,TM870GCC10,TM870GRY,TM870I,TM870LA,TM870NICC10,TM870W"
TM870NICC10,"15A Single-Pole Switch, Nickel",15A Single-,"TM870NICC10.jpg,TM870NICC10_2.jpg,TM870NICC10_3.jpg,TM870NICC10_4.jpg,TM870NICC10_5.jpg,TM870NICC10_6.jpg",4.19 in H x 1.43 in W x 1.27 in L,0.17,0.01,1,10,radiant,radiant,Switches,N,5.90,,9.99,,6.92,,9.88,785007021059,Nickel,China,Y,Fedex or Truck,UNIT,,,,,,,,,,,,,,"TM870BK,TM870,TM870DBCC10,TM870GCC10,TM870GRY,TM870I,TM870LA,TM870NICC10,TM870W"
TM870W,"15A Single-Pole Switch, White",15A Single-,"TM870W.jpg,TM870W_2.jpg,TM870W_3.jpg,TM870W_4.jpg,TM870W_5.jpg,TM870W_6.jpg",4.19 in H x 1.43 in W x 1.27 in L,0.15,0.01,1,10,radiant,radiant,Switches,N,2.51,,3.99,,2.93,,4.18,785007245400,White,China,Y,Fedex or Truck,UNIT,,,,,,,,,,,,,,"TM870BK,TM870,TM870DBCC10,TM870GCC10,TM870GRY,TM870I,TM870LA,TM870NICC10,TM870W"
RSWV153,15A Wave Switch,15A Wave Switch,"RSWV153.jpg,RSWV153_2.jpg,RSWV153_3.jpg,RSWV153_4.jpg,RSWV153_5.jpg,RSWV153_6.jpg",4.2 in H x 1.72 in W x 1.03 in L,0.2,0.01,1,1,radiant,radiant,Switches,N,37.38,,57.99,,51.61,,73.73,785007382525,Black,China,Y,Fedex or Truck,UNIT,,,,,,,,,,,,,,
RSWV203,20A Wave Switch,20A Wave Switch,"RSWV203.jpg,RSWV203_2.jpg,RSWV203_3.jpg,RSWV203_4.jpg,RSWV203_5.jpg,RSWV203_6.jpg",4.2 in H x 1.72 in W x 1.03 in L,0.2,0.01,1,1,radiant,radiant,Switches,N,38.92,,59.99,,53.67,,76.67,785007382518,Black,China,Y,Fedex or Truck,UNIT,,,,,,,,,,,,,,
TM870STMICC6,Momentary Contact Switch,Momentary,"TM870STMICC6.jpg,TM870STMICC6_2.jpg,TM870STMICC6_3.jpg,TM870STMICC6_4.jpg",4.19 in H x 1.43 in W x 1.27 in L,0.2,0.01,1,6,radiant,radiant,Switches,N,16.10,,24.99,,21.13,,30.18,785007043662,Ivory,Mexico,Y,Fedex or Truck,UNIT,,,,,,,,,,,,,,"TM870STMICC6,TM870STMBKCC6,TM870STMLACC6,TM870STMWCC6"
TM870STMBKCC6,Momentary Contact Switch,Momentary,"TM870STMBKCC6.jpg,TM870STMBKCC6_2.jpg,TM870STMBKCC6_3.jpg,TM870STMBKCC6_4.jpg,TM870STMBKCC6_5.jpg",4.19 in H x 1.43 in W x 1.27 in L,0.2,0.01,1,6,radiant,radiant,Switches,N,16.10,,24.99,,21.13,,30.18,785007043655,Black,Mexico,Y,Fedex or Truck,UNIT,,,,,,,,,,,,,,"TM870STMICC6,TM870STMBKCC6,TM870STMLACC6,TM870STMWCC6"
TM870STMLACC6,Momentary Contact Switch,Momentary,"TM870STMLACC6.jpg,TM870STMLACC6_2.jpg,TM870STMLACC6_3.jpg,TM870STMLACC6_4.jpg",4.19 in H x 1.43 in W x 1.27 in L,0.2,0.01,1,6,radiant,radiant,Switches,N,16.10,,24.99,,21.13,,30.18,785007043679,Light Almond,Mexico,Y,Fedex or Truck,UNIT,,,,,,,,,,,,,,"TM870STMICC6,TM870STMBKCC6,TM870STMLACC6,TM870STMWCC6"
TM870STMWCC6,Momentary Contact Switch,Momentary,"TM870STMWCC6.jpg,TM870STMWCC6_2.jpg,TM870STMWCC6_3.jpg",4.19 in H x 1.43 in W x 1.27 in L,0.17,0.01,1,6,radiant,radiant,Switches,N,15.45,,23.99,,21.13,,30.18,785007304831,White,Mexico,Y,Fedex or Truck,UNIT,,,,,,,,,,,,,,"TM870STMICC6,TM870STMBKCC6,TM870STMLACC6,TM870STMWCC6"
RT2BK,"4-Button Digital Timer, Black",4-Button,"RT2BK.jpg,RT2BK_2.jpg,RT2BK_3.jpg,RT2BK_4.jpg,RT2BK_5.jpg,RT2BK_6.jpg",3.281 in H x 1.69 in W x 1.88 in L,0.3,0.01,1,1,radiant,radiant,Timer Switch,N,24.28,,37.99,,36.27,,51.81,785007034356,Black,China,Y,Fedex or Truck,UNIT,,,,,,,,,,,,,,"RT2BK,RT2DBCCV4,RT2I,RT2LA,RT2NICCV4,RT2W"
RT2DBCCV4,"4-Button Digital Timer, Dark Bronze",4-Button,"RT2DBCCV4.jpg,RT2DBCCV4_2.jpg,RT2DBCCV4_3.jpg,RT2DBCCV4_4.jpg,RT2DBCCV4_5.jpg,RT2DBCCV4_6.jpg",4.2 in H x 1.69 in W x 1.88 in L,0.31,0.04,1,1,radiant,radiant,Timer Switch,N,29.30,,45.99,,48.82,,69.75,785007158373,Dark Bronze,China,Y,Fedex or Truck,UNIT,,,,,,,,,,,,,,"RT2BK,RT2DBCCV4,RT2I,RT2LA,RT2NICCV4,RT2W"
RT2I,"4-Button Digital Timer, Ivory",4-Button,"RT2I.jpg,RT2I_2.jpg,RT2I_3.jpg,RT2I_4.jpg,RT2I_5.jpg,RT2I_6.jpg",3.281 in H x 1.69 in W x 1.88 in L,0.3,0.01,1,1,radiant,radiant,Timer Switch,N,24.28,,37.99,,36.27,,51.81,785007034400,Ivory,China,Y,Fedex or Truck,UNIT,,,,,,,,,,,,,,"RT2BK,RT2DBCCV4,RT2I,RT2LA,RT2NICCV4,RT2W"
RT2LA,"4-Button Digital Timer, Light Almond",4-Button,"RT2LA.jpg,RT2LA_2.jpg,RT2LA_3.jpg,RT2LA_4.jpg,RT2LA_5.jpg,RT2LA_6.jpg",3.281 in H x 1.69 in W x 1.88 in L,0.3,0.01,1,1,radiant,radiant,Timer Switch,N,24.28,,37.99,,36.27,,51.81,785007034363,Light Almond,China,Y,Fedex or Truck,UNIT,,,,,,,,,,,,,,"RT2BK,RT2DBCCV4,RT2I,RT2LA,RT2NICCV4,RT2W"
RT2NICCV4,"4-Button Digital Timer, Nickel",4-Button,"RT2NICCV4.jpg,RT2NICCV4_2.jpg,RT2NICCV4_3.jpg,RT2NICCV4_4.jpg,RT2NICCV4_5.jpg,RT2NICCV4_6.jpg",4.2 in H x 1.69 in W x 1.88 in L,0.31,0.04,1,1,radiant,radiant,Timer Switch,N,29.30,,45.99,,48.82,,69.75,785007158380,Nickel,China,Y,Fedex or Truck,UNIT,,,,,,,,,,,,,,"RT2BK,RT2DBCCV4,RT2I,RT2LA,RT2NICCV4,RT2W"
RT2W,"4-Button Digital Timer, White",4-Button,"RT2W.jpg,RT2W_2.jpg,RT2W_3.jpg,RT2W_4.jpg,RT2W_5.jpg,RT2W_6.jpg",3.281 in H x 1.69 in W x 1.88 in L,0.24,0.01,1,1,radiant,radiant,Timer Switch,N,24.28,,37.99,,36.27,,51.81,785007034370,White,China,Y,Fedex or Truck,UNIT,,,,,,,,,,,,,,"RT2BK,RT2DBCCV4,RT2I,RT2LA,RT2NICCV4,RT2W"
R26USBAC6BK,"15A Tamper-Resistant Ultra-Fast USB Type, Black",15A Tamper-,"R26USBAC6BK.jpg,R26USBAC6BK_2.jpg,R26USBAC6BK_3.jpg,R26USBAC6BK_4.jpg,R26USBAC6BK_5.jpg,R26USBAC6BK_6.jpg",4.18 in H x 1.693 in W x 1.35 in L,0.33,0.01,1,10,radiant,radiant,USB Outlet,N,30.95,,47.99,,54.65,,78.07,785007207521,Black,China,Y,Fedex or Truck,UNIT,,,,,,,,,,,,,,"R26USBAC6BK,R26USBAC6DBCCV4,R26USBAC6G,R26USBAC6I,R26USBAC6LA,R26USBAC6NICCV4,R26USBAC6W"
R26USBAC6DBCCV4,"15A Tamper-Resistant Ultra-Fast USB, Dark Bronze",15A Tamper-,"R26USBAC6DBCCV4.jpg,R26USBAC6DBCCV4_2.jpg,R26USBAC6DBCCV4_3.jpg,R26USBAC6DBCCV4_4.jpg,R26USBAC6DBCCV4_5.jpg,R26USBAC6DBCCV4_6.jpg",4.18 in H x 1.693 in W x 1.35 in L,0.29,0.03,1,1,radiant,radiant,USB Outlet,N,37.56,,57.99,,65.58,,93.68,785007207583,Dark Bronze,Vietnam,Y,Fedex or Truck,UNIT,,,,,,,,,,,,,,"R26USBAC6BK,R26USBAC6DBCCV4,R26USBAC6G,R26USBAC6I,R26USBAC6LA,R26USBAC6NICCV4,R26USBAC6W"
R26USBAC6G,"15A Tamper-Resistant Ultra-Fast USB, Graphite",15A Tamper-,"R26USBAC6G.jpg,R26USBAC6G_2.jpg,R26USBAC6G_3.jpg,R26USBAC6G_4.jpg,R26USBAC6G_5.jpg,R26USBAC6G_6.jpg",4.18 in H x 1.693 in W x 1.35 in L,0.33,0.01,1,1,radiant,radiant,USB Outlet,N,37.87,,58.99,,65.58,,93.68,785007254587,Graphite,China,Y,Fedex or Truck,UNIT,,,,,,,,,,,,,,"R26USBAC6BK,R26USBAC6DBCCV4,R26USBAC6G,R26USBAC6I,R26USBAC6LA,R26USBAC6NICCV4,R26USBAC6W"
R26USBAC6I,"15A Tamper-Resistant Ultra-Fast USB Type, Ivory",15A Tamper-,"R26USBAC6I.jpg,R26USBAC6I_2.jpg,R26USBAC6I_3.jpg,R26USBAC6I_4.jpg,R26USBAC6I_5.jpg,R26USBAC6I_6.jpg",4.18 in H x 1.693 in W x 1.35 in L,0.33,0.01,1,10,radiant,radiant,USB Outlet,N,30.95,,47.99,,54.65,,78.07,785007207606,Ivory,China,Y,Fedex or Truck,UNIT,,,,,,,,,,,,,,"R26USBAC6BK,R26USBAC6DBCCV4,R26USBAC6G,R26USBAC6I,R26USBAC6LA,R26USBAC6NICCV4,R26USBAC6W"
R26USBAC6LA,"15A Tamper-Resistant Ultra-Fast, Light Almond",15A Tamper-,"R26USBAC6LA.jpg,R26USBAC6LA_2.jpg,R26USBAC6LA_3.jpg,R26USBAC6LA_4.jpg,R26USBAC6LA_5.jpg,R26USBAC6LA_6.jpg",4.18 in H x 1.693 in W x 1.35 in L,0.33,0.01,1,10,radiant,radiant,USB Outlet,N,30.95,,47.99,,54.65,,78.07,785007207644,Light Almond,China,Y,Fedex or Truck,UNIT,,,,,,,,,,,,,,"R26USBAC6BK,R26USBAC6DBCCV4,R26USBAC6G,R26USBAC6I,R26USBAC6LA,R26USBAC6NICCV4,R26USBAC6W"
R26USBAC6NICCV4,"15A Tamper-Resistant Ultra-Fast USB Type, Nickel",15A Tamper-,"R26USBAC6NICCV4.jpg,R26USBAC6NICCV4_2.jpg,R26USBAC6NICCV4_3.jpg,R26USBAC6NICCV4_4.jpg,R26USBAC6NICCV4_5.jpg,R26USBAC6NICCV4_6.jpg",4.18 in H x 1.693 in W x 1.35 in L,0.29,0.03,1,1,radiant,radiant,USB Outlet,N,37.56,,57.99,,65.58,,93.68,785007207729,Nickel,China,Y,Fedex or Truck,UNIT,,,,,,,,,,,,,,"R26USBAC6BK,R26USBAC6DBCCV4,R26USBAC6G,R26USBAC6I,R26USBAC6LA,R26USBAC6NICCV4,R26USBAC6W"
R26USBAC6W,"15A Tamper-Resistant Ultra-Fast USB Type, White",15A Tamper-,"R26USBAC6W.jpg,R26USBAC6W_2.jpg,R26USBAC6W_3.jpg,R26USBAC6W_4.jpg,R26USBAC6W_5.jpg,R26USBAC6W_6.jpg",4.18 in H x 1.693 in W x 1.35 in L,0.33,0.01,1,10,radiant,radiant,USB Outlet,N,30.95,,47.99,,54.65,,78.07,785007207743,White,Vietnam,Y,Fedex or Truck,UNIT,,,,,,,,,,,,,,"R26USBAC6BK,R26USBAC6DBCCV4,R26USBAC6G,R26USBAC6I,R26USBAC6LA,R26USBAC6NICCV4,R26USBAC6W"
R26USBCC6BK,"15A Tamper-Resistant Ultra-Fast USB Type, Black",15A Tamper-,"R26USBCC6BK.jpg,R26USBCC6BK_2.jpg,R26USBCC6BK_3.jpg,R26USBCC6BK_4.jpg,R26USBCC6BK_5.jpg,R26USBCC6BK_6.jpg",4.18 in H x 1.693 in W x 1.35 in L,0.33,0.01,1,10,radiant,radiant,USB Outlet,N,33.53,,51.99,,58.85,,84.07,785007207538,Black,China,Y,Fedex or Truck,UNIT,,,,,,,,,,,,,,"R26USBCC6BK,R26USBCC6DBCCV4,R26USBCC6G,R26USBCC6I,R26USBCC6LA,R26USBCC6NICCV4,R26USBCC6W"
R26USBCC6DBCCV4,"15A Tamper-Resistant Ultra-Fast USB, Dark Bronze",15A Tamper-,"R26USBCC6DBCCV4.jpg,R26USBCC6DBCCV4_2.jpg,R26USBCC6DBCCV4_3.jpg,R26USBCC6DBCCV4_4.jpg,R26USBCC6DBCCV4_5.jpg,R26USBCC6DBCCV4_6.jpg",4.18 in H x 1.693 in W x 1.35 in L,0.29,0.03,1,1,radiant,radiant,USB Outlet,N,40.41,,62.99,,70.60,,100.86,785007207590,Dark Bronze,China,Y,Fedex or Truck,UNIT,,,,,,,,,,,,,,"R26USBCC6BK,R26USBCC6DBCCV4,R26USBCC6G,R26USBCC6I,R26USBCC6LA,R26USBCC6NICCV4,R26USBCC6W"
R26USBCC6G,"15A Tamper-Resistant Ultra-Fast USB, Graphite",15A Tamper-,"R26USBCC6G.jpg,R26USBCC6G_2.jpg,R26USBCC6G_3.jpg,R26USBCC6G_4.jpg,R26USBCC6G_5.jpg,R26USBCC6G_6.jpg",4.18 in H x 1.693 in W x 1.35 in L,0.33,0.01,1,1,radiant,radiant,USB Outlet,N,36.40,,55.99,,70.60,,100.86,785007254594,Graphite,China,Y,Fedex or Truck,UNIT,,,,,,,,,,,,,,"R26USBCC6BK,R26USBCC6DBCCV4,R26USBCC6G,R26USBCC6I,R26USBCC6LA,R26USBCC6NICCV4,R26USBCC6W"
R26USBCC6I,"15A Tamper-Resistant Ultra-Fast USB Type, Ivory",15A Tamper-,"R26USBCC6I.jpg,R26USBCC6I_2.jpg,R26USBCC6I_3.jpg,R26USBCC6I_4.jpg,R26USBCC6I_5.jpg,R26USBCC6I_6.jpg",4.18 in H x 1.693 in W x 1.35 in L,0.33,0.01,1,10,radiant,radiant,USB Outlet,N,33.53,,51.99,,58.85,,84.07,785007207613,Ivory,China,Y,Fedex or Truck,UNIT,,,,,,,,,,,,,,"R26USBCC6BK,R26USBCC6DBCCV4,R26USBCC6G,R26USBCC6I,R26USBCC6LA,R26USBCC6NICCV4,R26USBCC6W"
R26USBCC6LA,"15A Tamper-Resistant Ultra-Fast, Light Almond",15A Tamper-,"R26USBCC6LA.jpg,R26USBCC6LA_2.jpg,R26USBCC6LA_3.jpg,R26USBCC6LA_4.jpg,R26USBCC6LA_5.jpg,R26USBCC6LA_6.jpg",4.18 in H x 1.693 in W x 1.35 in L,0.33,0.01,1,10,radiant,radiant,USB Outlet,N,33.53,,51.99,,58.85,,84.07,785007207651,Light Almond,China,Y,Fedex or Truck,UNIT,,,,,,,,,,,,,,"R26USBCC6BK,R26USBCC6DBCCV4,R26USBCC6G,R26USBCC6I,R26USBCC6LA,R26USBCC6NICCV4,R26USBCC6W"
R26USBCC6NICCV4,"15A Tamper-Resistant Ultra-Fast USB Type, Nickel",15A Tamper-,"R26USBCC6NICCV4.jpg,R26USBCC6NICCV4_2.jpg,R26USBCC6NICCV4_3.jpg,R26USBCC6NICCV4_4.jpg,R26USBCC6NICCV4_5.jpg,R26USBCC6NICCV4_6.jpg",4.18 in H x 1.693 in W x 1.35 in L,0.29,0.03,1,1,radiant,radiant,USB Outlet,N,40.41,,62.99,,70.60,,100.86,785007207736,Nickel,China,Y,Fedex or Truck,UNIT,,,,,,,,,,,,,,"R26USBCC6BK,R26USBCC6DBCCV4,R26USBCC6G,R26USBCC6I,R26USBCC6LA,R26USBCC6NICCV4,R26USBCC6W"
R26USBCC6W,"15A Tamper-Resistant Ultra-Fast USB Type, White",15A Tamper-,"R26USBCC6W.jpg,R26USBCC6W_2.jpg,R26USBCC6W_3.jpg,R26USBCC6W_4.jpg,R26USBCC6W_5.jpg,R26USBCC6W_6.jpg",4.18 in H x 1.693 in W x 1.35 in L,0.33,0.01,1,10,radiant,radiant,USB Outlet,N,33.53,,51.99,,58.85,,84.07,785007207750,White,China,Y,Fedex or Truck,UNIT,,,,,,,,,,,,,,"R26USBCC6BK,R26USBCC6DBCCV4,R26USBCC6G,R26USBCC6I,R26USBCC6LA,R26USBCC6NICCV4,R26USBCC6W"
TM826USBBK,"15A Tamper-Resistant USB Outlet, Black",15A Tamper-,"TM826USBBK.jpg,TM826USBBK_2.jpg,TM826USBBK_3.jpg",4.18 in H x 1.69 in W x 1.35 in L,0.3,0.01,1,1,radiant,radiant,USB Outlet,N,23.00,,35.99,,33.91,,48.44,785007127621,Black,Vietnam,Y,Fedex or Truck,UNIT,,,,,,,,,,,,,,"TM826USBBK,TM826USBDBCCV4,TM826USBGCCV4,TM826USBI,TM826USBLA,TM826USBNICC6,TM826USBW"
TM826USBDBCCV4,"15A Tamper-Resistant USB Outlet, Dark Bronze",15A Tamper-,"TM826USBDBCCV4.jpg,TM826USBDBCCV4_2.jpg,TM826USBDBCCV4_3.jpg,TM826USBDBCCV4_4.jpg,TM826USBDBCCV4_5.jpg",4.18 in H x 1.69 in W x 1.35 in L,0.24,0.03,1,1,radiant,radiant,USB Outlet,N,32.00,,49.99,,38.18,,54.54,785007038989,Dark Bronze,China,Y,Fedex or Truck,UNIT,,,,,,,,,,,,,,"TM826USBBK,TM826USBDBCCV4,TM826USBGCCV4,TM826USBI,TM826USBLA,TM826USBNICC6,TM826USBW"
TM826USBGCCV4,"15A Tamper-Resistant USB Outlet, Graphite",15A Tamper-,"TM826USBGCCV4.jpg,TM826USBGCCV4_2.jpg,TM826USBGCCV4_3.jpg,TM826USBGCCV4_4.jpg,TM826USBGCCV4_5.jpg,TM826USBGCCV4_6.jpg",4.18 in H x 1.69 in W x 1.35 in L,0.28,0.03,1,1,radiant,radiant,USB Outlet,N,32.00,,49.99,,38.18,,54.54,785007173734,Graphite,China,Y,Fedex or Truck,UNIT,,,,,,,,,,,,,,"TM826USBBK,TM826USBDBCCV4,TM826USBGCCV4,TM826USBI,TM826USBLA,TM826USBNICC6,TM826USBW"
TM826USBI,"15A Tamper-Resistant USB Outlet, Ivory",15A Tamper-,"TM826USBI.jpg,TM826USBI_2.jpg,TM826USBI_3.jpg,TM826USBI_4.jpg",4.18 in H x 1.69 in W x 1.35 in L,0.3,0.01,1,1,radiant,radiant,USB Outlet,N,23.00,,35.99,,33.91,,48.44,785007127638,Ivory,Vietnam,Y,Fedex or Truck,UNIT,,,,,,,,,,,,,,"TM826USBBK,TM826USBDBCCV4,TM826USBGCCV4,TM826USBI,TM826USBLA,TM826USBNICC6,TM826USBW"
TM826USBLA,"15A Tamper-Resistant USB Outlet, Light Almond",15A Tamper-,"TM826USBLA.jpg,TM826USBLA_2.jpg,TM826USBLA_3.jpg,TM826USBLA_4.jpg",4.18 in H x 1.69 in W x 1.35 in L,0.3,0.01,1,1,radiant,radiant,USB Outlet,N,23.00,,35.99,,33.91,,48.44,785007127645,Light Almond,Vietnam,Y,Fedex or Truck,UNIT,,,,,,,,,,,,,,"TM826USBBK,TM826USBDBCCV4,TM826USBGCCV4,TM826USBI,TM826USBLA,TM826USBNICC6,TM826USBW"
TM826USBNICC6,"15A Tamper-Resistant USB Outlet, Nickel",15A Tamper-,"TM826USBNICC6.jpg,TM826USBNICC6_2.jpg,TM826USBNICC6_3.jpg,TM826USBNICC6_4.jpg,TM826USBNICC6_5.jpg,TM826USBNICC6_6.jpg",4.18 in H x 1.69 in W x 1.35 in L,0.32,0.01,1,1,radiant,radiant,USB Outlet,N,32.00,,49.99,,38.18,,54.54,785007032208,Nickel,China,Y,Fedex or Truck,UNIT,,,,,,,,,,,,,,"TM826USBBK,TM826USBDBCCV4,TM826USBGCCV4,TM826USBI,TM826USBLA,TM826USBNICC6,TM826USBW"
TM826USBW,"15A Tamper-Resistant USB Outlet, White",15A Tamper-,"TM826USBW.jpg,TM826USBW_2.jpg,TM826USBW_3.jpg,TM826USBW_4.jpg,TM826USBW_5.jpg,TM826USBW_6.jpg",4.18 in H x 1.69 in W x 1.35 in L,0.3,0.01,1,1,radiant,radiant,USB Outlet,N,23.00,,35.99,,33.91,,48.44,785007127652,White,Vietnam,Y,Fedex or Truck,UNIT,,,,,,,,,,,,,,"TM826USBBK,TM826USBDBCCV4,TM826USBGCCV4,TM826USBI,TM826USBLA,TM826USBNICC6,TM826USBW"
R26USBACBK,"15A Tamper-Resistant USB Type A/C Outlet, Black",15A Tamper-,"R26USBACBK.jpg,R26USBACBK_2.jpg,R26USBACBK_3.jpg,R26USBACBK_4.jpg",4.18 in H x 1.693 in W x 1.35 in L,0.33,0.01,1,1,radiant,radiant,USB Outlet,N,27.25,,41.99,,50.25,,71.78,785007181043,Black,China,Y,Fedex or Truck,UNIT,,,,,,,,,,,,,,"R26USBACBK,R26USBACDBCCV4,R26USBACG,R26USBACI,R26USBACLA,R26USBACNICCV4,R26USBACW"
R26USBACDBCCV4,"15A Tamper-Resistant USB Type A/C, Dark Bronze",15A Tamper-,"R26USBACDBCCV4.jpg,R26USBACDBCCV4_2.jpg,R26USBACDBCCV4_3.jpg,R26USBACDBCCV4_4.jpg",4.18 in H x 1.693 in W x 1.35 in L,0.24,0.03,1,1,radiant,radiant,USB Outlet,N,34.50,,53.99,,54.61,,78.02,785007181319,Dark Bronze,China,Y,Fedex or Truck,UNIT,,,,,,,,,,,,,,"R26USBACBK,R26USBACDBCCV4,R26USBACG,R26USBACI,R26USBACLA,R26USBACNICCV4,R26USBACW"
R26USBACG,"15A Tamper-Resistant USB Type A/C Outlet, Graphite",15A Tamper-,"R26USBACG.jpg,R26USBACG_2.jpg,R26USBACG_3.jpg,R26USBACG_4.jpg,R26USBACG_5.jpg",4.18 in H x 1.693 in W x 1.35 in L,0.33,0.01,1,1,radiant,radiant,USB Outlet,N,34.50,,53.99,,54.61,,78.02,785007254600,Graphite,China,Y,Fedex or Truck,UNIT,,,,,,,,,,,,,,"R26USBACBK,R26USBACDBCCV4,R26USBACG,R26USBACI,R26USBACLA,R26USBACNICCV4,R26USBACW"
R26USBACI,"15A Tamper-Resistant USB Type A/C Outlet, Ivory",15A Tamper-,"R26USBACI.jpg,R26USBACI_2.jpg,R26USBACI_3.jpg,R26USBACI_4.jpg,R26USBACI_5.jpg",4.18 in H x 1.693 in W x 1.35 in L,0.33,0.01,1,1,radiant,radiant,USB Outlet,N,27.25,,41.99,,50.25,,71.78,785007181326,Ivory,China,Y,Fedex or Truck,UNIT,,,,,,,,,,,,,,"R26USBACBK,R26USBACDBCCV4,R26USBACG,R26USBACI,R26USBACLA,R26USBACNICCV4,R26USBACW"
R26USBACLA,"15A Tamper-Resistant USB Type A/C, Light Almond",15A Tamper-,"R26USBACLA.jpg,R26USBACLA_2.jpg,R26USBACLA_3.jpg,R26USBACLA_4.jpg,R26USBACLA_5.jpg",4.18 in H x 1.693 in W x 1.35 in L,0.33,0.01,1,1,radiant,radiant,USB Outlet,N,27.25,,41.99,,50.25,,71.78,785007181357,Light Almond,China,Y,Fedex or Truck,UNIT,,,,,,,,,,,,,,"R26USBACBK,R26USBACDBCCV4,R26USBACG,R26USBACI,R26USBACLA,R26USBACNICCV4,R26USBACW"
R26USBACNICCV4,"15A Tamper-Resistant USB Type A/C Outlet, Nickel",15A Tamper-,"R26USBACNICCV4.jpg,R26USBACNICCV4_2.jpg,R26USBACNICCV4_3.jpg,R26USBACNICCV4_4.jpg,R26USBACNICCV4_5.jpg",4.18 in H x 1.693 in W x 1.35 in L,0.24,0.03,1,1,radiant,radiant,USB Outlet,N,34.50,,53.99,,54.61,,78.02,785007181388,Nickel,China,Y,Fedex or Truck,UNIT,,,,,,,,,,,,,,"R26USBACBK,R26USBACDBCCV4,R26USBACG,R26USBACI,R26USBACLA,R26USBACNICCV4,R26USBACW"
R26USBACW,"15A Tamper-Resistant USB Type A/C Outlet, White",15A Tamper-,"R26USBACW.jpg,R26USBACW_2.jpg,R26USBACW_3.jpg,R26USBACW_4.jpg,R26USBACW_5.jpg,R26USBACW_6.jpg",4.18 in H x 1.693 in W x 1.35 in L,0.33,0.01,1,1,radiant,radiant,USB Outlet,N,27.25,,41.99,,50.25,,71.78,785007181401,White,Vietnam,Y,Fedex or Truck,UNIT,,,,,,,,,,,,,,"R26USBACBK,R26USBACDBCCV4,R26USBACG,R26USBACI,R26USBACLA,R26USBACNICCV4,R26USBACW"
R26USBCCDBCCV4,3.1 C-C USB+15A DUP REC DB VPK,3.1 C-C USB+15A,"R26USBCCDBCCV4.jpg,R26USBCCDBCCV4_2.jpg,R26USBCCDBCCV4_3.jpg,R26USBCCDBCCV4_4.jpg,R26USBCCDBCCV4_5.jpg",4.18 in H x 1.693 in W x 1.35 in L,0.24,0.03,1,1,radiant,radiant,USB Outlet,N,39.25,,60.99,,70.60,,100.86,785007180923,Dark Bronze,China,Y,Fedex or Truck,UNIT,,,,,,,,,,,,,,
R26USBCCNICCV4,"3.1 C-C USB+15A DUP REC NI VPK, Nickel",3.1 C-C USB+15A,"R26USBCCNICCV4.jpg,R26USBCCNICCV4_2.jpg,R26USBCCNICCV4_3.jpg,R26USBCCNICCV4_4.jpg,R26USBCCNICCV4_5.jpg",4.18 in H x 1.693 in W x 1.35 in L,0.24,0.03,1,1,radiant,radiant,USB Outlet,N,39.25,,60.99,,,,,785007180992,Nickel,China,Y,Fedex or Truck,UNIT,,,,,,,,,,,,,,
WRR26USBAC6BK,"Outdoor Ultra-Fast USB Outlet, Black",Outdoor Ultra-,"WRR26USBAC6BK.jpg,WRR26USBAC6BK_2.jpg,WRR26USBAC6BK_3.jpg,WRR26USBAC6BK_4.jpg,WRR26USBAC6BK_5.jpg,WRR26USBAC6BK_6.jpg",2.677 in H x 1.693 in W x 1.35 in L,0.33,0.01,1,1,radiant,radiant,USB Outlet,N,41.84,,64.99,,66.97,,95.67,785007249330,Black,China,Y,Fedex or Truck,UNIT,,,,,,,,,,,,,,"WRR26USBAC6BK,WRR26USBAC6I,WRR26USBAC6LA,WRR26USBAC6W"
WRR26USBAC6I,"Outdoor Ultra-Fast USB Outlet, Ivory",Outdoor Ultra-,"WRR26USBAC6I.jpg,WRR26USBAC6I_2.jpg,WRR26USBAC6I_3.jpg,WRR26USBAC6I_4.jpg,WRR26USBAC6I_5.jpg,WRR26USBAC6I_6.jpg",2.677 in H x 1.693 in W x 1.35 in L,0.33,0.01,1,1,radiant,radiant,USB Outlet,N,41.84,,64.99,,66.97,,95.67,785007249354,Ivory,China,Y,Fedex or Truck,UNIT,,,,,,,,,,,,,,"WRR26USBAC6BK,WRR26USBAC6I,WRR26USBAC6LA,WRR26USBAC6W"
WRR26USBAC6LA,"Outdoor Ultra-Fast USB Outlet, Light Almond",Outdoor Ultra-,"WRR26USBAC6LA.jpg,WRR26USBAC6LA_2.jpg,WRR26USBAC6LA_3.jpg,WRR26USBAC6LA_4.jpg,WRR26USBAC6LA_5.jpg,WRR26USBAC6LA_6.jpg",2.677 in H x 1.693 in W x 1.35 in L,0.33,0.01,1,1,radiant,radiant,USB Outlet,N,41.84,,64.99,,66.97,,95.67,785007249378,Light Almond,China,Y,Fedex or Truck,UNIT,,,,,,,,,,,,,,"WRR26USBAC6BK,WRR26USBAC6I,WRR26USBAC6LA,WRR26USBAC6W"
WRR26USBAC6W,"Outdoor Ultra-Fast USB Outlet, White",Outdoor Ultra-,"WRR26USBAC6W.jpg,WRR26USBAC6W_2.jpg,WRR26USBAC6W_3.jpg,WRR26USBAC6W_4.jpg,WRR26USBAC6W_5.jpg,WRR26USBAC6W_6.jpg",2.677 in H x 1.693 in W x 1.35 in L,0.33,0.01,1,1,radiant,radiant,USB Outlet,N,41.84,,64.99,,66.97,,95.67,785007249392,White,China,Y,Fedex or Truck,UNIT,,,,,,,,,,,,,,"WRR26USBAC6BK,WRR26USBAC6I,WRR26USBAC6LA,WRR26USBAC6W"
TM8USB4BKCC6,"Quad USB Charger, Black",Quad USB,"TM8USB4BKCC6.jpg,TM8USB4BKCC6_2.jpg,TM8USB4BKCC6_3.jpg,TM8USB4BKCC6_4.jpg,TM8USB4BKCC6_5.jpg,TM8USB4BKCC6_6.jpg",3.281 in H x 1.693 in W x 1.31 in L,0.33,0.01,1,1,radiant,radiant,USB Outlet,N,35.00,,53.99,,49.11,,70.15,785007028782,Black,China,Y,Fedex or Truck,UNIT,,,,,,,,,,,,,,"TM8USB4BKCC6,TM8USB4GRYCC6,TM8USB4ICC6,TM8USB4LACC6,TM8USB4NICC6,TM8USB4WCC6"
TM8USB4GRYCC6,"Quad USB Charger, Gray",Quad USB,TM8USB4GRYCC6.jpg,2.677 in H x 1.693 in W x 1.33 in L,0.33,0.01,1,1,radiant,radiant,USB Outlet,N,35.00,,53.99,,49.11,,70.15,785007040203,Gray,China,Y,Fedex or Truck,UNIT,,,,,,,,,,,,,,"TM8USB4BKCC6,TM8USB4GRYCC6,TM8USB4ICC6,TM8USB4LACC6,TM8USB4NICC6,TM8USB4WCC6"
TM8USB4ICC6,"Quad USB Charger, Ivory",Quad USB,"TM8USB4ICC6.jpg,TM8USB4ICC6_2.jpg,TM8USB4ICC6_3.jpg,TM8USB4ICC6_4.jpg,TM8USB4ICC6_5.jpg,TM8USB4ICC6_6.jpg",3.281 in H x 1.693 in W x 1.31 in L,0.33,0.01,1,1,radiant,radiant,USB Outlet,N,35.00,,53.99,,49.11,,70.15,785007028768,Ivory,China,Y,Fedex or Truck,UNIT,,,,,,,,,,,,,,"TM8USB4BKCC6,TM8USB4GRYCC6,TM8USB4ICC6,TM8USB4LACC6,TM8USB4NICC6,TM8USB4WCC6"
TM8USB4LACC6,"Quad USB Charger, Light Almond",Quad USB,"TM8USB4LACC6.jpg,TM8USB4LACC6_2.jpg,TM8USB4LACC6_3.jpg,TM8USB4LACC6_4.jpg,TM8USB4LACC6_5.jpg,TM8USB4LACC6_6.jpg",3.281 in H x 1.693 in W x 1.31 in L,0.33,0.01,1,1,radiant,radiant,USB Outlet,N,35.00,,53.99,,49.11,,70.15,785007028744,Light Almond,China,Y,Fedex or Truck,UNIT,,,,,,,,,,,,,,"TM8USB4BKCC6,TM8USB4GRYCC6,TM8USB4ICC6,TM8USB4LACC6,TM8USB4NICC6,TM8USB4WCC6"
TM8USB4NICC6,"Quad USB Charger, Nickel",Quad USB,"TM8USB4NICC6.jpg,TM8USB4NICC6_2.jpg,TM8USB4NICC6_3.jpg,TM8USB4NICC6_4.jpg,TM8USB4NICC6_5.jpg,TM8USB4NICC6_6.jpg",3.281 in H x 1.693 in W x 1.31 in L,0.33,0.01,1,1,radiant,radiant,USB Outlet,N,39.25,,60.99,,52.35,,74.78,785007028751,Nickel,China,Y,Fedex or Truck,UNIT,,,,,,,,,,,,,,"TM8USB4BKCC6,TM8USB4GRYCC6,TM8USB4ICC6,TM8USB4LACC6,TM8USB4NICC6,TM8USB4WCC6"
TM8USB4WCC6,"Quad USB Charger, White",Quad USB,"TM8USB4WCC6.jpg,TM8USB4WCC6_2.jpg,TM8USB4WCC6_3.jpg,TM8USB4WCC6_4.jpg,TM8USB4WCC6_5.jpg,TM8USB4WCC6_6.jpg",3.281 in H x 1.693 in W x 1.31 in L,0.33,0.01,1,1,radiant,radiant,USB Outlet,N,35.00,,53.99,,49.11,,70.15,785007028737,White,China,Y,Fedex or Truck,UNIT,,,,,,,,,,,,,,"TM8USB4BKCC6,TM8USB4GRYCC6,TM8USB4ICC6,TM8USB4LACC6,TM8USB4NICC6,TM8USB4WCC6"
RWC826USBBKCCV2,"Wireless Charger, Black",Wireless,"RWC826USBBKCCV2.jpg,RWC826USBBKCCV2_2.jpg,RWC826USBBKCCV2_3.jpg,RWC826USBBKCCV2_4.jpg,RWC826USBBKCCV2_5.jpg,RWC826USBBKCCV2_6.jpg",3.281 in H x 1.693 in W x 1.31 in L,0.52,0.09,1,1,radiant,radiant,USB Outlet,N,67.26,,103.99,,85.38,,121.97,785007133981,Black,China,Y,Fedex or Truck,UNIT,,,,,,,,,,,,,,"RWC826USBBKCCV2,RWC826USBICCV2,RWC826USBLACCV2,RWC826USBWCCV2"
RWC826USBICCV2,"Wireless Charger, Ivory",Wireless,"RWC826USBICCV2.jpg,RWC826USBICCV2_2.jpg,RWC826USBICCV2_3.jpg,RWC826USBICCV2_4.jpg,RWC826USBICCV2_5.jpg,RWC826USBICCV2_6.jpg",3.281 in H x 1.693 in W x 1.31 in L,0.52,0.09,1,1,radiant,radiant,USB Outlet,N,67.26,,103.99,,85.38,,121.97,785007133974,Ivory,China,Y,Fedex or Truck,UNIT,,,,,,,,,,,,,,"RWC826USBBKCCV2,RWC826USBICCV2,RWC826USBLACCV2,RWC826USBWCCV2"
RWC826USBLACCV2,"Wireless Charger, Light Almond",Wireless,"RWC826USBLACCV2.jpg,RWC826USBLACCV2_2.jpg,RWC826USBLACCV2_3.jpg,RWC826USBLACCV2_4.jpg,RWC826USBLACCV2_5.jpg,RWC826USBLACCV2_6.jpg",3.281 in H x 1.693 in W x 1.31 in L,0.52,0.09,1,1,radiant,radiant,USB Outlet,N,67.26,,103.99,,85.38,,121.97,785007133967,Light Almond,China,Y,Fedex or Truck,UNIT,,,,,,,,,,,,,,"RWC826USBBKCCV2,RWC826USBICCV2,RWC826USBLACCV2,RWC826USBWCCV2"
RWC826USBWCCV2,"Wireless Charger, White",Wireless,"RWC826USBWCCV2.jpg,RWC826USBWCCV2_2.jpg,RWC826USBWCCV2_3.jpg,RWC826USBWCCV2_4.jpg,RWC826USBWCCV2_5.jpg,RWC826USBWCCV2_6.jpg",3.281 in H x 1.693 in W x 1.31 in L,0.52,0.09,1,1,radiant,radiant,USB Outlet,N,67.26,,103.99,,85.38,,121.97,785007133950,White,China,Y,Fedex or Truck,UNIT,,,,,,,,,,,,,,"RWC826USBBKCCV2,RWC826USBICCV2,RWC826USBLACCV2,RWC826USBWCCV2"
TM873WAMCC4,"15A 3-Way Switch, White",15A 3-Way,"TM873WAMCC4.jpg,TM873WAMCC4_2.jpg,TM873WAMCC4_3.jpg,TM873WAMCC4_4.jpg,TM873WAMCC4_5.jpg",4.19 in H x 1.43 in W x 1.27 in L,0.17,0.03,1,1,radiant,radiant,Antimicrobial Devices,N,3.92,,6.99,,,,,785007432510,White,China,Y,Fedex or Truck,UNIT,,,,,,,,,,,,,,
TM870WAMCC4,"15A Single Pole Switch, White",15A Single,"TM870WAMCC4.jpg,TM870WAMCC4_2.jpg,TM870WAMCC4_3.jpg,TM870WAMCC4_4.jpg,TM870WAMCC4_5.jpg,TM870WAMCC4_6.jpg",4.19 in H x 1.43 in W x 1.27 in L,0.17,0.03,1,1,radiant,radiant,Antimicrobial Devices,N,3.02,,4.99,,,,,785007432503,White,China,Y,Fedex or Truck,UNIT,,,,,,,,,,,,,,
RWP264WAMCC6,Four-Gang Screwless Wall Plate,Four-Gang,"RWP264WAMCC6.jpg,RWP264WAMCC6_2.jpg,RWP264WAMCC6_3.jpg,RWP264WAMCC6_4.jpg,RWP264WAMCC6_5.jpg,RWP264WAMCC6_6.jpg",4.94 in H x 8.59 in W x 0.065 in L,0.16,0.01,1,1,radiant,radiant,Antimicrobial Devices,N,10.32,,15.99,,,,,785007432572,White,United States,Y,Fedex or Truck,UNIT,,,,,,,,,,,,,,
RHCL453PWAMCC4,LED/CFL Dimmer,LED/CFL Dimmer,"RHCL453PWAMCC4.jpg,RHCL453PWAMCC4_2.jpg,RHCL453PWAMCC4_3.jpg,RHCL453PWAMCC4_4.jpg,RHCL453PWAMCC4_5.jpg,RHCL453PWAMCC4_6.jpg",4.25 in H x 1.75 in W x 1.25 in L,0.24,0.03,1,1,radiant,radiant,Antimicrobial Devices,N,27.76,,42.99,,,,,785007432534,White,China,Y,Fedex or Truck,UNIT,,,,,,,,,,,,,,
RWP26WAMCC6,One-Gang Screwless Wall Plate,One-Gang,"RWP26WAMCC6.jpg,RWP26WAMCC6_2.jpg,RWP26WAMCC6_3.jpg,RWP26WAMCC6_4.jpg,RWP26WAMCC6_5.jpg,RWP26WAMCC6_6.jpg",4.94 in H x 12.21 in W x 0.065 in L,0.06,0.01,1,1,radiant,radiant,Antimicrobial Devices,N,3.09,,4.99,,,,,785007432541,White,United States,Y,Fedex or Truck,UNIT,,,,,,,,,,,,,,
RWP263WAMCC6,Three-Gang Screwless Wall Plate,Three-Gang,"RWP263WAMCC6.jpg,RWP263WAMCC6_2.jpg,RWP263WAMCC6_3.jpg,RWP263WAMCC6_4.jpg,RWP263WAMCC6_5.jpg,RWP263WAMCC6_6.jpg",4.94 in H x 6.77 in W x 0.065 in L,0.13,0.01,1,1,radiant,radiant,Antimicrobial Devices,N,7.92,,12.99,,,,,785007432565,White,United States,Y,Fedex or Truck,UNIT,,,,,,,,,,,,,,
RH703PTUWAMCC4,Tru-Universal Dimmer,Tru-Universal,"RH703PTUWAMCC4.jpg,RH703PTUWAMCC4_2.jpg,RH703PTUWAMCC4_3.jpg,RH703PTUWAMCC4_4.jpg,RH703PTUWAMCC4_5.jpg,RH703PTUWAMCC4_6.jpg",4.25 in H x 1.75 in W x 1.25 in L,0.24,0.03,1,1,radiant,radiant,Antimicrobial Devices,N,53.27,,81.99,,,,,785007432527,White,China,Y,Fedex or Truck,UNIT,,,,,,,,,,,,,,
RWP262WAMCC6,Two-Gang Screwless Wall Plate,Two-Gang,"RWP262WAMCC6.jpg,RWP262WAMCC6_2.jpg,RWP262WAMCC6_3.jpg",4.94 in H x 4.96 in W x 0.065 in L,0.1,0.01,1,1,radiant,radiant,Antimicrobial Devices,N,5.41,,8.99,,,,,785007432558,White,United States,Y,Fedex or Truck,UNIT,,,,,,,,,,,,,,
L2EVSE40ACP1450,Plug-In Home Level 2 EV Charger,Plug-In Home,"L2EVSE40ACP1450.jpg,L2EVSE40ACP1450_2.jpg,L2EVSE40ACP1450_3.jpg,L2EVSE40ACP1450_4.jpg,L2EVSE40ACP1450_5.jpg,L2EVSE40ACP1450_6.jpg",7.1 in H x 3.7 in W x 3.7 in L,0,0.01,1,1,radiant,radiant,EV Charging,N,429.95,,661.99,450.00,861.03,,1230.05,785007442731,,China,Y,Fedex or Truck,UNIT,,,,,,,,,,,,,,
L2EVSE48AC,Hardwired Home Level 2 EV Charger,Hardwired,"L2EVSE48AC.jpg,L2EVSE48AC_2.jpg,L2EVSE48AC_3.jpg,L2EVSE48AC_4.jpg,L2EVSE48AC_5.jpg,L2EVSE48AC_6.jpg",7.1 in H x 7.1 in W x 3.7 in L,0,0.01,1,1,radiant,radiant,EV Charging,N,458.62,,705.99,500.00,861.03,,1230.05,785007442700,,China,Y,Fedex or Truck,UNIT,,,,,,,,,,,,,,
3894,Straight Blade Receptacle 50A 125/250 3P 4W,Straight,,#N/A H x #N/A W x #N/A L,0,0.01,1,1,radiant,radiant,EV Charging,N,6.55,,10.00,9.36,49.78,,71.11,785007807905,Black,,Y,Fedex or Truck,,,,,,,,,,,,,,,
SS703,"Power Outlet Receptacle Openings, Two Gang",Power Outlet,SS703.jpg,4.5 in H x 4.56 in W x 0.2 in L,0.19,0.01,1,20,radiant,radiant,EV Charging,N,4.63,,7.00,6.61,14.12,,20.17,785007129595,,United States,Y,Fedex or Truck,UNIT,,,,,,,,,,,,,,
3894WR,50A Weather-Resistant Electrical Outlet for RVs,50A Weather-,"3894WR.jpg,3894WR_2.jpg,3894WR_3.jpg,3894WR_4.jpg",3.77 in H x 2.55 in W x 0 in L,0,0.01,1,1,radiant,radiant,EV Charging,N,13.84,,21.00,19.77,26.70,,38.14,785007442380,,China,Y,Fedex or Truck,,,,,,,,,,,,,,,
WPBD452,"Weatherproof Two Gang Box, Gray",Weatherproof,WPBD452.jpg,4.5 in H x 4.5 in W x 2.72 in L,1.05,0.03,1,1,radiant,radiant,EV Charging,N,11.70,,17.00,16.71,49.85,,71.22,785007116052,,India,Y,Fedex or Truck,UNIT,,,,,,,,,,,,,,
CP498TR15W,Single Kitchen Countertop Outlet TR 15A 125V W,Single Kitchen,"CP498TR15W.jpg,CP498TR15W_2.jpg,CP498TR15W_3.jpg,CP498TR15W_4.jpg,CP498TR15W_5.jpg,CP498TR15W_6.jpg",3.7 H x 2.3 W x 3.6 L,0.350535,0.01,1,1,radiant,radiant,Countertop Outlet,N,70.89,,109.99,99.99,96.17,,137.38,785007461251,White,,Y,Fedex or Truck,,,,,,,,,,,,,,,
CP498TR20W,Single Kitchen Countertop Outlet TR 20A 125V W,Single Kitchen,"CP498TR20W.jpg,CP498TR20W_2.jpg,CP498TR20W_3.jpg,CP498TR20W_4.jpg,CP498TR20W_5.jpg,CP498TR20W_6.jpg",3.7 H x 2.3 W x 3.6 L,0.350535,0.01,1,1,radiant,radiant,Countertop Outlet,N,77.34,,118.99,108.99,104.92,,149.88,785007461268,White,,Y,Fedex or Truck,,,,,,,,,,,,,,,
CP498TR15BK,Single Kitchen Countertop Outlet TR 15A 125V BK,Single Kitchen,"CP498TR15BK.jpg,CP498TR15BK_2.jpg,CP498TR15BK_3.jpg,CP498TR15BK_4.jpg,CP498TR15BK_5.jpg,CP498TR15BK_6.jpg",3.7 H x 2.3 W x 3.6 L,0.350535,0.01,1,1,radiant,radiant,Countertop Outlet,N,70.89,,109.99,99.99,96.17,,137.38,785007461275,Black,,Y,Fedex or Truck,,,,,,,,,,,,,,,
CP498TR20BK,Single Kitchen Countertop Outlet TR 20A 125V BK,Single Kitchen,"CP498TR20BK.jpg,CP498TR20BK_2.jpg,CP498TR20BK_3.jpg,CP498TR20BK_4.jpg,CP498TR20BK_5.jpg,CP498TR20BK_6.jpg",3.7 H x 2.3 W x 3.6 L,0.350535,0.01,1,1,radiant,radiant,Countertop Outlet,N,77.34,,118.99,108.99,104.92,,149.88,785007461497,Black,,Y,Fedex or Truck,,,,,,,,,,,,,,,
CP498LMW,"Kitchen Countertop Outlet Lid W, Matte White",Kitchen Counter,"CP498LMW.jpg,CP498LMW_2.jpg,CP498LMW_3.jpg,CP498LMW_4.jpg,CP498LMW_5.jpg,CP498LMW_6.jpg",.225 H x 2.8 W x n/a L,0.187393,0.01,1,1,radiant,radiant,Countertop Outlet,N,19.33,,29.99,27.99,26.22,,37.46,785007461503,Matte White,,Y,Fedex or Truck,,,,,,,,,,,,,,,
CP498LSS,Kitchen Countertop Outlet Lid Brushed Stainless SS,Kitchen Counter,"CP498LSS.jpg,CP498LSS_2.jpg,CP498LSS_3.jpg,CP498LSS_4.jpg,CP498LSS_5.jpg,CP498LSS_6.jpg",.225 H x 2.8 W x n/a L,0.187393,0.01,1,1,radiant,radiant,Countertop Outlet,N,19.33,,29.99,27.99,26.22,,37.46,785007461510,Stainless Steel,,Y,Fedex or Truck,,,,,,,,,,,,,,,
CP498LBK,"Kitchen Countertop Outlet Lid BK, Black",Kitchen Counter,"CP498LBK.jpg,CP498LBK_2.jpg,CP498LBK_3.jpg,CP498LBK_4.jpg,CP498LBK_5.jpg,CP498LBK_6.jpg",.225 H x 2.8 W x n/a L,0.187393,0.01,1,1,radiant,radiant,Countertop Outlet,N,19.33,,29.99,27.99,26.22,,37.46,785007461527,Black,,Y,Fedex or Truck,,,,,,,,,,,,,,,
CP498LCB,"Kitchen Countertop Outlet Lid CB, Champagne Bronze",Kitchen Counter,"CP498LCB.jpg,CP498LCB_2.jpg,CP498LCB_3.jpg,CP498LCB_4.jpg,CP498LCB_5.jpg,CP498LCB_6.jpg",.225 H x 2.8 W x n/a L,0.187393,0.01,1,1,radiant,radiant,Countertop Outlet,N,19.33,,29.99,27.99,26.22,,37.46,785007461534,Champagne Bronze,,Y,Fedex or Truck,,,,,,,,,,,,,,,
