org_shortname,org_name,bundle,vertical,peer_group_id_effective,peer_group_level,peer_group_n,benchmark_eligible,benchmark_confidence,metric,metric_label,metric_applicable,org_value,peer_p25,peer_median,peer_p75,percentile_rank,delta_vs_median,quartile,n_peers_with_data,run_date,benchmark_month
bp,Buster & Punch,iPad-only,,iPad-only,tier3,54,True,low,health_score,Overall Health Score,True,41.0,49.0,63.5,75.0,0.167,-22.5,Q1,54,2026-04-07,2026-04
yw,Yutzy Woodworking,iPad-only,Furniture,Furniture / iPad-only,tier1,16,True,high,health_score,Overall Health Score,True,40.0,42.5,51.5,63.0,0.188,-11.5,Q1,16,2026-04-07,2026-04
dccl,Donald Choi Canada,iPad+Catalog+Cart,,iPad+Catalog+Cart,tier3,8,True,low,health_score,Overall Health Score,True,53.0,54.75,59.0,65.75,0.125,-6.0,Q1,8,2026-04-07,2026-04
tam,Theodore Alexander Manhasset,iPad-only,Furniture,Furniture / iPad-only,tier1,16,True,high,health_score,Overall Health Score,True,70.0,40.75,46.5,62.25,1.0,23.5,Q4,16,2026-04-07,2026-04
jc,Jonathan Charles Fine Furniture Ltd.,iPad+Catalog+Portal,Furniture,Furniture / iPad+Catalog+Portal,tier1,4,True,medium,health_score,Overall Health Score,True,20.0,80.25,85.0,91.0,0.0,-65.0,Q1,4,2026-04-07,2026-04
cfg,Charleston Forge,iPad+Catalog+Cart,,iPad+Catalog+Cart,tier3,8,True,low,health_score,Overall Health Score,True,52.0,54.75,59.0,65.75,0.0,-7.0,Q1,8,2026-04-07,2026-04
big,Baker-McGuire,iPad-only,,iPad-only,tier3,54,True,low,health_score,Overall Health Score,True,82.0,47.5,63.0,74.5,0.889,19.0,Q4,54,2026-04-07,2026-04
ril,Ratana International Ltd.,Full,Furniture,Furniture / Full,tier1,6,True,medium,health_score,Overall Health Score,True,55.0,68.0,69.0,73.0,0.0,-14.0,Q1,6,2026-04-07,2026-04
jcusa,Jonathan Charles Designs Inc.,iPad-only,Furniture,Furniture / iPad-only,tier1,16,True,high,health_score,Overall Health Score,True,40.0,42.5,51.5,63.0,0.188,-11.5,Q1,16,2026-04-07,2026-04
fsf,Four Seasons Furniture,Full,Furniture,Furniture / Full,tier1,6,True,medium,health_score,Overall Health Score,True,75.0,64.25,68.0,69.5,1.0,7.0,Q4,6,2026-04-07,2026-04
tel,Tomlinson Companies,iPad+Catalog,Furniture,Furniture,tier2,32,True,low,health_score,Overall Health Score,True,18.0,46.0,63.0,70.75,0.0,-45.0,Q1,32,2026-04-07,2026-04
mfc,Morgan Fabrics Corporation,iPad+Catalog,Home & Decor / Housewares / Art Manufacturers,Home & Decor / Housewares / Art Manufacturers,tier2,14,True,low,health_score,Overall Health Score,True,38.0,42.25,63.5,77.25,0.214,-25.5,Q1,14,2026-04-07,2026-04
gc,Groupe Courchesne,iPad+Catalog+Cart,Home & Decor / Housewares / Art Manufacturers,Home & Decor / Housewares / Art Manufacturers,tier2,14,True,low,health_score,Overall Health Score,True,65.0,38.5,58.5,77.25,0.571,6.5,Q3,14,2026-04-07,2026-04
df,Designers Fountain,iPad-only,Lighting,Lighting / iPad-only,tier1,18,True,high,health_score,Overall Health Score,True,66.0,59.5,72.5,75.75,0.389,-6.5,Q2,18,2026-04-07,2026-04
vcg,Visual Comfort Signature,iPad-only,Lighting,Lighting / iPad-only,tier1,18,True,high,health_score,Overall Health Score,True,84.0,59.5,69.5,75.0,0.944,14.5,Q4,18,2026-04-07,2026-04
vic,Vaxcel International Corporation,Full,Lighting,Lighting / Full,tier1,8,True,high,health_score,Overall Health Score,True,52.0,62.0,68.0,71.0,0.0,-16.0,Q1,8,2026-04-07,2026-04
ah,Alfresco Home,iPad+Catalog+Cart,Furniture,Furniture,tier2,32,True,low,health_score,Overall Health Score,True,73.0,45.25,62.5,70.0,0.781,10.5,Q4,32,2026-04-07,2026-04
kii,"Kennedy International, Inc.",iPad+Catalog+Cart,,iPad+Catalog+Cart,tier3,8,True,low,health_score,Overall Health Score,True,61.0,53.75,56.0,65.75,0.625,5.0,Q3,8,2026-04-07,2026-04
mah,Moda at Home Enterprises Ltd,iPad+Catalog+Cart,Home & Decor / Housewares / Art Manufacturers,Home & Decor / Housewares / Art Manufacturers,tier2,14,True,low,health_score,Overall Health Score,True,55.0,38.5,63.5,77.25,0.429,-8.5,Q2,14,2026-04-07,2026-04
hf,Hooker Furnishings,iPad-only,Furniture,Furniture / iPad-only,tier1,16,True,high,health_score,Overall Health Score,True,58.0,40.75,46.5,63.0,0.625,11.5,Q3,16,2026-04-07,2026-04
afx,"AFX, Inc.",iPad-only,Lighting,Lighting / iPad-only,tier1,18,True,high,health_score,Overall Health Score,True,72.0,59.5,70.0,75.75,0.5,2.0,Q3,18,2026-04-07,2026-04
heb,Home Essentials & Beyond,iPad-only,Home & Decor / Housewares / Art Manufacturers,Home & Decor / Housewares / Art Manufacturers / iPad-only,tier1,9,True,high,health_score,Overall Health Score,True,83.0,40.0,62.0,69.0,1.0,21.0,Q4,9,2026-04-07,2026-04
fal,Fine Art Handcrafted Lighting,iPad-only,Lighting,Lighting / iPad-only,tier1,18,True,high,health_score,Overall Health Score,True,58.0,64.25,72.5,75.75,0.222,-14.5,Q1,18,2026-04-07,2026-04
bri,Bulbrite,Full,Lighting,Lighting / Full,tier1,8,True,high,health_score,Overall Health Score,True,70.0,58.75,64.5,71.0,0.75,5.5,Q4,8,2026-04-07,2026-04
sbmh,Somerset Bay and Modern History,Full,Furniture,Furniture / Full,tier1,6,True,medium,health_score,Overall Health Score,True,63.0,68.0,69.0,73.0,0.167,-6.0,Q1,6,2026-04-07,2026-04
sarreid,"Sarreid, Ltd.",iPad+Catalog+Portal,Furniture,Furniture / iPad+Catalog+Portal,tier1,4,True,medium,health_score,Overall Health Score,True,97.0,63.5,79.5,83.0,1.0,17.5,Q4,4,2026-04-07,2026-04
bcf,Braxton Culler,Full,Furniture,Furniture / Full,tier1,6,True,medium,health_score,Overall Health Score,True,74.0,64.25,68.0,69.5,0.833,6.0,Q4,6,2026-04-07,2026-04
fc,Furniture Classics,Full,Furniture,Furniture / Full,tier1,6,True,medium,health_score,Overall Health Score,True,68.0,64.25,69.0,73.0,0.5,-1.0,Q3,6,2026-04-07,2026-04
jyc,Jamie Young Company,Full,Lighting,Lighting / Full,tier1,8,True,high,health_score,Overall Health Score,True,66.0,58.75,66.5,71.0,0.5,-0.5,Q3,8,2026-04-07,2026-04
ta,Theodore Alexander,Full,Furniture,Furniture / Full,tier1,6,True,medium,health_score,Overall Health Score,True,70.0,64.25,68.0,72.5,0.667,2.0,Q3,6,2026-04-07,2026-04
lpf,Linon/Powell Furniture,Full,Generic B2B Wholesale,Full,tier3,19,True,low,health_score,Overall Health Score,True,69.0,63.0,68.0,74.0,0.526,1.0,Q3,19,2026-04-07,2026-04
wag,Wendover Art Group,iPad-only,,iPad-only,tier3,54,True,low,health_score,Overall Health Score,True,88.0,47.5,63.0,74.5,0.981,25.0,Q4,54,2026-04-07,2026-04
gsa,Godinger Silver Art Co.,iPad-only,Home & Decor / Housewares / Art Manufacturers,Home & Decor / Housewares / Art Manufacturers / iPad-only,tier1,9,True,high,health_score,Overall Health Score,True,69.0,40.0,62.0,80.0,0.667,7.0,Q3,9,2026-04-07,2026-04
ali,Access Lighting,iPad+Catalog+Portal,Lighting,Lighting / iPad+Catalog+Portal,tier1,5,True,medium,health_score,Overall Health Score,True,60.0,77.0,82.0,82.0,0.0,-22.0,Q1,5,2026-04-07,2026-04
gl,Golden Lighting,Full,Lighting,Lighting / Full,tier1,8,True,high,health_score,Overall Health Score,True,59.0,61.75,68.0,71.0,0.25,-9.0,Q2,8,2026-04-07,2026-04
uhc,Uniware Housewares Corp.,iPad-only,Home & Decor / Housewares / Art Manufacturers,Home & Decor / Housewares / Art Manufacturers / iPad-only,tier1,9,True,high,health_score,Overall Health Score,True,62.0,40.0,67.0,80.0,0.444,-5.0,Q2,9,2026-04-07,2026-04
sccon,Summer Classics Contract,Full,Furniture,Furniture / Full,tier1,6,True,medium,health_score,Overall Health Score,True,68.0,64.25,69.0,73.0,0.5,-1.0,Q3,6,2026-04-07,2026-04
am,Alfonso Marina,iPad-only,Furniture,Furniture / iPad-only,tier1,16,True,high,health_score,Overall Health Score,True,62.0,40.75,46.5,63.0,0.688,15.5,Q3,16,2026-04-07,2026-04
abol,Americas Backyards,iPad-only,Furniture,Furniture / iPad-only,tier1,16,True,high,health_score,Overall Health Score,True,47.0,40.75,51.0,63.0,0.5,-4.0,Q3,16,2026-04-07,2026-04
gblx,Globalux Lighting & Fans,iPad-only,Lighting,Lighting / iPad-only,tier1,18,True,high,health_score,Overall Health Score,True,57.0,64.25,72.5,75.75,0.167,-15.5,Q1,18,2026-04-07,2026-04
ol,Oly Studio,iPad-only,Furniture,Furniture / iPad-only,tier1,16,True,high,health_score,Overall Health Score,True,20.0,42.5,51.5,63.0,0.062,-31.5,Q1,16,2026-04-07,2026-04
prog,Coleto Brands | Progress Lighting,iPad-only,Lighting,Lighting / iPad-only,tier1,18,True,high,health_score,Overall Health Score,True,64.0,59.75,72.5,75.75,0.278,-8.5,Q2,18,2026-04-07,2026-04
sca,Shadow Catchers,iPad-only,Home & Decor / Housewares / Art Manufacturers,Home & Decor / Housewares / Art Manufacturers / iPad-only,tier1,9,True,high,health_score,Overall Health Score,True,81.0,40.0,62.0,69.0,0.889,19.0,Q4,9,2026-04-07,2026-04
rf,Rowe Furniture,iPad-only,Furniture,Furniture / iPad-only,tier1,16,True,high,health_score,Overall Health Score,True,63.0,40.75,46.5,62.25,0.812,16.5,Q4,16,2026-04-07,2026-04
swc,Sauder Woodworking,iPad-only,Furniture,Furniture / iPad-only,tier1,16,True,high,health_score,Overall Health Score,True,63.0,40.75,46.5,62.25,0.812,16.5,Q4,16,2026-04-07,2026-04
lss,Lifestyle Solutions,iPad-only,Furniture,Furniture / iPad-only,tier1,16,True,high,health_score,Overall Health Score,True,69.0,40.75,46.5,62.25,0.938,22.5,Q4,16,2026-04-07,2026-04
soi,Silver One,iPad-only,Home & Decor / Housewares / Art Manufacturers,Home & Decor / Housewares / Art Manufacturers / iPad-only,tier1,9,True,high,health_score,Overall Health Score,True,40.0,49.0,67.0,80.0,0.222,-27.0,Q1,9,2026-04-07,2026-04
etl,ELICO LTD.,iPad-only,Home & Decor / Housewares / Art Manufacturers,Home & Decor / Housewares / Art Manufacturers / iPad-only,tier1,9,True,high,health_score,Overall Health Score,True,80.0,40.0,62.0,69.0,0.778,18.0,Q4,9,2026-04-07,2026-04
krb,Kaleen Rugs & Broadloom,iPad-only,Home & Decor / Housewares / Art Manufacturers,Home & Decor / Housewares / Art Manufacturers / iPad-only,tier1,9,True,high,health_score,Overall Health Score,True,18.0,49.0,67.0,80.0,0.0,-49.0,Q1,9,2026-04-07,2026-04
dals,DALS Lighting,iPad-only,,iPad-only,tier3,54,True,low,health_score,Overall Health Score,True,40.0,49.0,63.5,75.0,0.13,-23.5,Q1,54,2026-04-07,2026-04
ihw,Interlude Furniture,iPad+Catalog+Portal,Furniture,Furniture / iPad+Catalog+Portal,tier1,4,True,medium,health_score,Overall Health Score,True,78.0,65.75,85.0,91.0,0.25,-7.0,Q2,4,2026-04-07,2026-04
sc,Gabriella White,iPad+Catalog+Portal,,iPad+Catalog+Portal,tier3,13,True,low,health_score,Overall Health Score,True,89.0,77.0,82.0,84.0,0.923,7.0,Q4,13,2026-04-07,2026-04
ih,Interlude Home,iPad+Catalog+Portal,Furniture,Furniture / iPad+Catalog+Portal,tier1,4,True,medium,health_score,Overall Health Score,True,89.0,63.5,79.5,85.0,0.75,9.5,Q4,4,2026-04-07,2026-04
rw,RENWIL,iPad+Catalog+Portal,Home & Decor / Housewares / Art Manufacturers,Home & Decor / Housewares / Art Manufacturers,tier2,14,True,low,health_score,Overall Health Score,True,84.0,38.5,58.5,68.5,1.0,25.5,Q4,14,2026-04-07,2026-04
cci,Currey & Company,iPad+Catalog+Portal,Lighting,Lighting / iPad+Catalog+Portal,tier1,5,True,medium,health_score,Overall Health Score,True,77.0,71.0,82.0,82.0,0.4,-5.0,Q2,5,2026-04-07,2026-04
ml,Millennium Lighting,iPad+Catalog,Lighting,Lighting,tier2,35,True,low,health_score,Overall Health Score,True,85.0,59.5,70.0,76.0,0.971,15.0,Q4,35,2026-04-07,2026-04
mlc,Matteo Lighting,iPad-only,Lighting,Lighting / iPad-only,tier1,18,True,high,health_score,Overall Health Score,True,75.0,59.5,69.5,75.75,0.722,5.5,Q3,18,2026-04-07,2026-04
da,Dainolite Ltd.,iPad-only,Lighting,Lighting / iPad-only,tier1,18,True,high,health_score,Overall Health Score,True,65.0,59.5,72.5,75.75,0.333,-7.5,Q2,18,2026-04-07,2026-04
mlg,Minka Lighting Group,iPad-only,,iPad-only,tier3,54,True,low,health_score,Overall Health Score,True,86.0,47.5,63.0,74.5,0.944,23.0,Q4,54,2026-04-07,2026-04
kal,Kalco Lighting / Allegri Crystal,Full,Lighting,Lighting / Full,tier1,8,True,high,health_score,Overall Health Score,True,58.0,62.0,68.0,71.0,0.125,-10.0,Q1,8,2026-04-07,2026-04
ihm,International Home Miami,iPad-only,Furniture,Furniture / iPad-only,tier1,16,True,high,health_score,Overall Health Score,True,46.0,40.75,51.5,63.0,0.438,-5.5,Q2,16,2026-04-07,2026-04
eglo,Eglo USA Inc.,iPad-only,Lighting,Lighting / iPad-only,tier1,18,True,high,health_score,Overall Health Score,True,75.0,59.5,69.5,75.75,0.722,5.5,Q3,18,2026-04-07,2026-04
eli,Elegant Furniture & Lighting,iPad+Catalog+Cart,Lighting,Lighting,tier2,35,True,low,health_score,Overall Health Score,True,57.0,61.5,71.0,76.5,0.143,-14.0,Q1,35,2026-04-07,2026-04
wwjc,Wildwood/Chelsea House,Full,Lighting,Lighting / Full,tier1,8,True,high,health_score,Overall Health Score,True,76.0,58.75,64.5,70.0,1.0,11.5,Q4,8,2026-04-07,2026-04
clli,Craftmade,iPad+Catalog+Portal,Lighting,Lighting / iPad+Catalog+Portal,tier1,5,True,medium,health_score,Overall Health Score,True,82.0,71.0,77.0,82.0,1.0,5.0,Q4,5,2026-04-07,2026-04
el,Eurofase Inc.,iPad+Catalog+Portal,,iPad+Catalog+Portal,tier3,13,True,low,health_score,Overall Health Score,True,85.0,77.0,82.0,84.0,0.769,3.0,Q4,13,2026-04-07,2026-04
hfg,Hubbardton Forge,iPad+Catalog+Portal,Lighting,Lighting / iPad+Catalog+Portal,tier1,5,True,medium,health_score,Overall Health Score,True,82.0,71.0,77.0,82.0,1.0,5.0,Q4,5,2026-04-07,2026-04
pf,Palecek,iPad+Catalog,Furniture,Furniture,tier2,32,True,low,health_score,Overall Health Score,True,91.0,45.25,62.5,70.0,0.969,28.5,Q4,32,2026-04-07,2026-04
kl,Coleto Brands | Kichler,iPad-only,Lighting,Lighting / iPad-only,tier1,18,True,high,health_score,Overall Health Score,True,73.0,59.5,69.5,75.75,0.556,3.5,Q3,18,2026-04-07,2026-04
eglo_can,EGLO Canada,iPad-only,Lighting,Lighting / iPad-only,tier1,18,True,high,health_score,Overall Health Score,True,67.0,59.5,72.5,75.75,0.444,-5.5,Q2,18,2026-04-07,2026-04
arl,Arabela Lighting,iPad-only,Lighting,Lighting / iPad-only,tier1,18,True,high,health_score,Overall Health Score,True,75.0,59.5,69.5,75.75,0.722,5.5,Q3,18,2026-04-07,2026-04
cf,Century Furniture,iPad-only,Furniture,Furniture / iPad-only,tier1,16,True,high,health_score,Overall Health Score,True,41.0,42.25,51.5,63.0,0.25,-10.5,Q2,16,2026-04-07,2026-04
hh,Highland House,iPad-only,Furniture,Furniture / iPad-only,tier1,16,True,high,health_score,Overall Health Score,True,20.0,42.5,51.5,63.0,0.062,-31.5,Q1,16,2026-04-07,2026-04
luc,Lucas McKearn,iPad-only,Lighting,Lighting / iPad-only,tier1,18,True,high,health_score,Overall Health Score,True,49.0,64.25,72.5,75.75,0.056,-23.5,Q1,18,2026-04-07,2026-04
vce,Visual Comfort Europe,iPad-only,Lighting,Lighting / iPad-only,tier1,18,True,high,health_score,Overall Health Score,True,76.0,59.5,69.5,75.0,0.778,6.5,Q4,18,2026-04-07,2026-04
mpc,Pioneer Morton,iPad+Catalog+Cart,Generic B2B Wholesale,iPad+Catalog+Cart,tier3,8,True,low,health_score,Overall Health Score,True,68.0,53.75,56.0,62.0,0.875,12.0,Q4,8,2026-04-07,2026-04
all,Accord Lighting,iPad-only,,iPad-only,tier3,54,True,low,health_score,Overall Health Score,True,56.0,47.5,63.5,75.0,0.352,-7.5,Q2,54,2026-04-07,2026-04
gh,Gabby,Full,,Full,tier3,19,True,low,health_score,Overall Health Score,True,76.0,63.0,68.0,72.0,1.0,8.0,Q4,19,2026-04-07,2026-04
gcl,Geo Contemporary,iPad-only,Lighting,Lighting / iPad-only,tier1,18,True,high,health_score,Overall Health Score,True,49.0,64.25,72.5,75.75,0.056,-23.5,Q1,18,2026-04-07,2026-04
mh,Magnussen Home,iPad-only,,iPad-only,tier3,54,True,low,health_score,Overall Health Score,True,70.0,47.5,63.0,75.0,0.685,7.0,Q3,54,2026-04-07,2026-04
asi,Abaline Supply Inc.,Full,,Full,tier3,19,True,low,health_score,Overall Health Score,True,65.0,63.0,69.0,74.0,0.316,-4.0,Q2,19,2026-04-07,2026-04
kkc,Kindel Karges Furniture,iPad-only,Furniture,Furniture / iPad-only,tier1,16,True,high,health_score,Overall Health Score,True,56.0,40.75,46.5,63.0,0.562,9.5,Q3,16,2026-04-07,2026-04
clc,Capital Lighting Fixture Co.,Full,Lighting,Lighting / Full,tier1,8,True,high,health_score,Overall Health Score,True,74.0,58.75,64.5,70.0,0.875,9.5,Q4,8,2026-04-07,2026-04
shl,Savoy House Lighting,Full,Lighting,Lighting / Full,tier1,8,True,high,health_score,Overall Health Score,True,70.0,58.75,64.5,71.0,0.75,5.5,Q4,8,2026-04-07,2026-04
bsc,Butler Specialty Company,iPad-only,Furniture,Furniture / iPad-only,tier1,16,True,high,health_score,Overall Health Score,True,43.0,40.75,51.5,63.0,0.312,-8.5,Q2,16,2026-04-07,2026-04
sp,"Sabine Pools, Spas, & Furniture",iPad-only,Furniture,Furniture / iPad-only,tier1,16,True,high,health_score,Overall Health Score,True,46.0,40.75,51.5,63.0,0.438,-5.5,Q2,16,2026-04-07,2026-04
sbl,Schonbek Lighting,iPad-only,Furniture,Furniture / iPad-only,tier1,16,True,high,health_score,Overall Health Score,True,68.0,40.75,46.5,62.25,0.875,21.5,Q4,16,2026-04-07,2026-04
mli,Maxim Lighting,iPad-only,,iPad-only,tier3,54,True,low,health_score,Overall Health Score,True,92.0,47.5,63.0,74.5,1.0,29.0,Q4,54,2026-04-07,2026-04
kll,Kuzco Lighting Inc.,Full,Lighting,Lighting / Full,tier1,8,True,high,health_score,Overall Health Score,True,63.0,58.75,68.0,71.0,0.375,-5.0,Q2,8,2026-04-07,2026-04
ufi,Universal Furniture,iPad+Catalog+Portal,Furniture,Furniture / iPad+Catalog+Portal,tier1,4,True,medium,health_score,Overall Health Score,True,81.0,63.5,83.5,91.0,0.5,-2.5,Q3,4,2026-04-07,2026-04
scw,Summer Classics,Full,,Full,tier3,19,True,low,health_score,Overall Health Score,True,75.0,63.0,68.0,72.0,0.895,7.0,Q4,19,2026-04-07,2026-04
wac,WAC/Modern Forms Lighting,iPad-only,Lighting,Lighting / iPad-only,tier1,18,True,high,health_score,Overall Health Score,True,82.0,59.5,69.5,75.0,0.889,12.5,Q4,18,2026-04-07,2026-04
clm,Crystorama,iPad+Catalog+Portal,Lighting,Lighting / iPad+Catalog+Portal,tier1,5,True,medium,health_score,Overall Health Score,True,82.0,71.0,77.0,82.0,1.0,5.0,Q4,5,2026-04-07,2026-04
ap,Alden Home,iPad+Catalog+Cart,Furniture,Furniture,tier2,32,True,low,health_score,Overall Health Score,True,54.0,45.25,63.0,70.75,0.344,-9.0,Q2,32,2026-04-07,2026-04
fms,Visual Comfort - Studio /Fans,iPad-only,Lighting,Lighting / iPad-only,tier1,18,True,high,health_score,Overall Health Score,True,88.0,59.5,69.5,75.0,1.0,18.5,Q4,18,2026-04-07,2026-04
tla,Visual Comfort - Modern,iPad-only,Lighting,Lighting / iPad-only,tier1,18,True,high,health_score,Overall Health Score,True,82.0,59.5,69.5,75.0,0.889,12.5,Q4,18,2026-04-07,2026-04
hvl,Hudson Valley Lighting,iPad-only,,iPad-only,tier3,54,True,low,health_score,Overall Health Score,True,60.0,47.5,63.5,75.0,0.426,-3.5,Q2,54,2026-04-07,2026-04
st,Sixtrees Limited,iPad+Catalog,Home & Decor / Housewares / Art Manufacturers,Home & Decor / Housewares / Art Manufacturers,tier2,14,True,low,health_score,Overall Health Score,True,38.0,42.25,63.5,77.25,0.214,-25.5,Q1,14,2026-04-07,2026-04
vl,Ciana Varaluz LLC,iPad+Catalog+Portal,Lighting,Lighting / iPad+Catalog+Portal,tier1,5,True,medium,health_score,Overall Health Score,True,71.0,77.0,82.0,82.0,0.2,-11.0,Q1,5,2026-04-07,2026-04
pw,Philip Whitney,iPad-only,Home & Decor / Housewares / Art Manufacturers,Home & Decor / Housewares / Art Manufacturers / iPad-only,tier1,9,True,high,health_score,Overall Health Score,True,20.0,49.0,67.0,80.0,0.111,-47.0,Q1,9,2026-04-07,2026-04
ssi,"Studio Silversmiths, Inc.",iPad-only,Home & Decor / Housewares / Art Manufacturers,Home & Decor / Housewares / Art Manufacturers / iPad-only,tier1,9,True,high,health_score,Overall Health Score,True,49.0,40.0,67.0,80.0,0.333,-18.0,Q2,9,2026-04-07,2026-04
rac,Ricci Argentieri Company,iPad-only,Home & Decor / Housewares / Art Manufacturers,Home & Decor / Housewares / Art Manufacturers / iPad-only,tier1,9,True,high,health_score,Overall Health Score,True,67.0,40.0,62.0,80.0,0.556,5.0,Q3,9,2026-04-07,2026-04
tl,Troy Lighting,iPad-only,Lighting,Lighting / iPad-only,tier1,18,True,high,health_score,Overall Health Score,True,56.0,64.25,72.5,75.75,0.111,-16.5,Q1,18,2026-04-07,2026-04
bp,Buster & Punch,iPad-only,,iPad-only,tier3,54,True,low,value_delivery_score,Value Delivery Score,True,20.0,20.0,60.0,60.0,0.278,-40.0,Q2,54,2026-04-07,2026-04
yw,Yutzy Woodworking,iPad-only,Furniture,Furniture / iPad-only,tier1,16,True,high,value_delivery_score,Value Delivery Score,True,40.0,20.0,40.0,60.0,0.562,0.0,Q3,16,2026-04-07,2026-04
dccl,Donald Choi Canada,iPad+Catalog+Cart,,iPad+Catalog+Cart,tier3,8,True,low,value_delivery_score,Value Delivery Score,True,40.0,51.5,56.5,63.25,0.125,-16.5,Q1,8,2026-04-07,2026-04
tam,Theodore Alexander Manhasset,iPad-only,Furniture,Furniture / iPad-only,tier1,16,True,high,value_delivery_score,Value Delivery Score,True,60.0,20.0,40.0,60.0,1.0,20.0,Q4,16,2026-04-07,2026-04
jc,Jonathan Charles Fine Furniture Ltd.,iPad+Catalog+Portal,Furniture,Furniture / iPad+Catalog+Portal,tier1,4,True,medium,value_delivery_score,Value Delivery Score,True,10.0,87.5,90.0,92.5,0.0,-80.0,Q1,4,2026-04-07,2026-04
cfg,Charleston Forge,iPad+Catalog+Cart,,iPad+Catalog+Cart,tier3,8,True,low,value_delivery_score,Value Delivery Score,True,60.0,45.25,53.0,63.25,0.75,7.0,Q4,8,2026-04-07,2026-04
big,Baker-McGuire,iPad-only,,iPad-only,tier3,54,True,low,value_delivery_score,Value Delivery Score,True,100.0,20.0,60.0,60.0,1.0,40.0,Q4,54,2026-04-07,2026-04
ril,Ratana International Ltd.,Full,Furniture,Furniture / Full,tier1,6,True,medium,value_delivery_score,Value Delivery Score,True,35.0,65.0,82.5,88.75,0.0,-47.5,Q1,6,2026-04-07,2026-04
jcusa,Jonathan Charles Designs Inc.,iPad-only,Furniture,Furniture / iPad-only,tier1,16,True,high,value_delivery_score,Value Delivery Score,True,20.0,20.0,40.0,60.0,0.375,-20.0,Q2,16,2026-04-07,2026-04
fsf,Four Seasons Furniture,Full,Furniture,Furniture / Full,tier1,6,True,medium,value_delivery_score,Value Delivery Score,True,100.0,56.25,70.0,83.75,1.0,30.0,Q4,6,2026-04-07,2026-04
tel,Tomlinson Companies,iPad+Catalog,Furniture,Furniture,tier2,32,True,low,value_delivery_score,Value Delivery Score,True,20.0,31.25,60.0,80.0,0.25,-40.0,Q2,32,2026-04-07,2026-04
mfc,Morgan Fabrics Corporation,iPad+Catalog,Home & Decor / Housewares / Art Manufacturers,Home & Decor / Housewares / Art Manufacturers,tier2,14,True,low,value_delivery_score,Value Delivery Score,True,40.0,20.0,46.5,78.25,0.5,-6.5,Q3,14,2026-04-07,2026-04
gc,Groupe Courchesne,iPad+Catalog+Cart,Home & Decor / Housewares / Art Manufacturers,Home & Decor / Housewares / Art Manufacturers,tier2,14,True,low,value_delivery_score,Value Delivery Score,True,73.0,20.0,40.0,75.0,0.714,33.0,Q3,14,2026-04-07,2026-04
df,Designers Fountain,iPad-only,Lighting,Lighting / iPad-only,tier1,18,True,high,value_delivery_score,Value Delivery Score,True,60.0,60.0,60.0,75.0,0.722,0.0,Q3,18,2026-04-07,2026-04
vcg,Visual Comfort Signature,iPad-only,Lighting,Lighting / iPad-only,tier1,18,True,high,value_delivery_score,Value Delivery Score,True,100.0,60.0,60.0,60.0,1.0,40.0,Q4,18,2026-04-07,2026-04
vic,Vaxcel International Corporation,Full,Lighting,Lighting / Full,tier1,8,True,high,value_delivery_score,Value Delivery Score,True,45.0,53.75,67.5,75.0,0.125,-22.5,Q1,8,2026-04-07,2026-04
ah,Alfresco Home,iPad+Catalog+Cart,Furniture,Furniture,tier2,32,True,low,value_delivery_score,Value Delivery Score,True,60.0,20.0,60.0,80.0,0.719,0.0,Q3,32,2026-04-07,2026-04
kii,"Kennedy International, Inc.",iPad+Catalog+Cart,,iPad+Catalog+Cart,tier3,8,True,low,value_delivery_score,Value Delivery Score,True,53.0,45.25,56.5,63.25,0.5,-3.5,Q3,8,2026-04-07,2026-04
mah,Moda at Home Enterprises Ltd,iPad+Catalog+Cart,Home & Decor / Housewares / Art Manufacturers,Home & Decor / Housewares / Art Manufacturers,tier2,14,True,low,value_delivery_score,Value Delivery Score,True,53.0,20.0,40.0,78.25,0.571,13.0,Q3,14,2026-04-07,2026-04
hf,Hooker Furnishings,iPad-only,Furniture,Furniture / iPad-only,tier1,16,True,high,value_delivery_score,Value Delivery Score,True,60.0,20.0,40.0,60.0,1.0,20.0,Q4,16,2026-04-07,2026-04
afx,"AFX, Inc.",iPad-only,Lighting,Lighting / iPad-only,tier1,18,True,high,value_delivery_score,Value Delivery Score,True,60.0,60.0,60.0,75.0,0.722,0.0,Q3,18,2026-04-07,2026-04
heb,Home Essentials & Beyond,iPad-only,Home & Decor / Housewares / Art Manufacturers,Home & Decor / Housewares / Art Manufacturers / iPad-only,tier1,9,True,high,value_delivery_score,Value Delivery Score,True,100.0,20.0,20.0,60.0,1.0,80.0,Q4,9,2026-04-07,2026-04
fal,Fine Art Handcrafted Lighting,iPad-only,Lighting,Lighting / iPad-only,tier1,18,True,high,value_delivery_score,Value Delivery Score,True,60.0,60.0,60.0,75.0,0.722,0.0,Q3,18,2026-04-07,2026-04
bri,Bulbrite,Full,Lighting,Lighting / Full,tier1,8,True,high,value_delivery_score,Value Delivery Score,True,75.0,48.75,57.5,75.0,0.875,17.5,Q4,8,2026-04-07,2026-04
sbmh,Somerset Bay and Modern History,Full,Furniture,Furniture / Full,tier1,6,True,medium,value_delivery_score,Value Delivery Score,True,80.0,56.25,72.5,88.75,0.5,7.5,Q3,6,2026-04-07,2026-04
sarreid,"Sarreid, Ltd.",iPad+Catalog+Portal,Furniture,Furniture / iPad+Catalog+Portal,tier1,4,True,medium,value_delivery_score,Value Delivery Score,True,100.0,62.5,85.0,90.0,1.0,15.0,Q4,4,2026-04-07,2026-04
bcf,Braxton Culler,Full,Furniture,Furniture / Full,tier1,6,True,medium,value_delivery_score,Value Delivery Score,True,90.0,56.25,70.0,83.75,0.833,20.0,Q4,6,2026-04-07,2026-04
fc,Furniture Classics,Full,Furniture,Furniture / Full,tier1,6,True,medium,value_delivery_score,Value Delivery Score,True,85.0,56.25,70.0,87.5,0.667,15.0,Q3,6,2026-04-07,2026-04
jyc,Jamie Young Company,Full,Lighting,Lighting / Full,tier1,8,True,high,value_delivery_score,Value Delivery Score,True,75.0,48.75,57.5,75.0,0.875,17.5,Q4,8,2026-04-07,2026-04
ta,Theodore Alexander,Full,Furniture,Furniture / Full,tier1,6,True,medium,value_delivery_score,Value Delivery Score,True,55.0,65.0,82.5,88.75,0.167,-27.5,Q1,6,2026-04-07,2026-04
lpf,Linon/Powell Furniture,Full,Generic B2B Wholesale,Full,tier3,19,True,low,value_delivery_score,Value Delivery Score,True,85.0,55.0,75.0,82.5,0.895,10.0,Q4,19,2026-04-07,2026-04
wag,Wendover Art Group,iPad-only,,iPad-only,tier3,54,True,low,value_delivery_score,Value Delivery Score,True,100.0,20.0,60.0,60.0,1.0,40.0,Q4,54,2026-04-07,2026-04
gsa,Godinger Silver Art Co.,iPad-only,Home & Decor / Housewares / Art Manufacturers,Home & Decor / Housewares / Art Manufacturers / iPad-only,tier1,9,True,high,value_delivery_score,Value Delivery Score,True,60.0,20.0,20.0,80.0,0.667,40.0,Q3,9,2026-04-07,2026-04
ali,Access Lighting,iPad+Catalog+Portal,Lighting,Lighting / iPad+Catalog+Portal,tier1,5,True,medium,value_delivery_score,Value Delivery Score,True,40.0,80.0,90.0,100.0,0.0,-50.0,Q1,5,2026-04-07,2026-04
gl,Golden Lighting,Full,Lighting,Lighting / Full,tier1,8,True,high,value_delivery_score,Value Delivery Score,True,45.0,53.75,67.5,75.0,0.125,-22.5,Q1,8,2026-04-07,2026-04
uhc,Uniware Housewares Corp.,iPad-only,Home & Decor / Housewares / Art Manufacturers,Home & Decor / Housewares / Art Manufacturers / iPad-only,tier1,9,True,high,value_delivery_score,Value Delivery Score,True,20.0,20.0,40.0,80.0,0.444,-20.0,Q2,9,2026-04-07,2026-04
sccon,Summer Classics Contract,Full,Furniture,Furniture / Full,tier1,6,True,medium,value_delivery_score,Value Delivery Score,True,60.0,61.25,82.5,88.75,0.333,-22.5,Q2,6,2026-04-07,2026-04
am,Alfonso Marina,iPad-only,Furniture,Furniture / iPad-only,tier1,16,True,high,value_delivery_score,Value Delivery Score,True,60.0,20.0,40.0,60.0,1.0,20.0,Q4,16,2026-04-07,2026-04
abol,Americas Backyards,iPad-only,Furniture,Furniture / iPad-only,tier1,16,True,high,value_delivery_score,Value Delivery Score,True,20.0,20.0,40.0,60.0,0.375,-20.0,Q2,16,2026-04-07,2026-04
gblx,Globalux Lighting & Fans,iPad-only,Lighting,Lighting / iPad-only,tier1,18,True,high,value_delivery_score,Value Delivery Score,True,40.0,60.0,60.0,75.0,0.111,-20.0,Q1,18,2026-04-07,2026-04
ol,Oly Studio,iPad-only,Furniture,Furniture / iPad-only,tier1,16,True,high,value_delivery_score,Value Delivery Score,True,0.0,20.0,40.0,60.0,0.062,-40.0,Q1,16,2026-04-07,2026-04
prog,Coleto Brands | Progress Lighting,iPad-only,Lighting,Lighting / iPad-only,tier1,18,True,high,value_delivery_score,Value Delivery Score,True,60.0,60.0,60.0,75.0,0.722,0.0,Q3,18,2026-04-07,2026-04
sca,Shadow Catchers,iPad-only,Home & Decor / Housewares / Art Manufacturers,Home & Decor / Housewares / Art Manufacturers / iPad-only,tier1,9,True,high,value_delivery_score,Value Delivery Score,True,80.0,20.0,20.0,60.0,0.889,60.0,Q4,9,2026-04-07,2026-04
rf,Rowe Furniture,iPad-only,Furniture,Furniture / iPad-only,tier1,16,True,high,value_delivery_score,Value Delivery Score,True,60.0,20.0,40.0,60.0,1.0,20.0,Q4,16,2026-04-07,2026-04
swc,Sauder Woodworking,iPad-only,Furniture,Furniture / iPad-only,tier1,16,True,high,value_delivery_score,Value Delivery Score,True,60.0,20.0,40.0,60.0,1.0,20.0,Q4,16,2026-04-07,2026-04
lss,Lifestyle Solutions,iPad-only,Furniture,Furniture / iPad-only,tier1,16,True,high,value_delivery_score,Value Delivery Score,True,60.0,20.0,40.0,60.0,1.0,20.0,Q4,16,2026-04-07,2026-04
soi,Silver One,iPad-only,Home & Decor / Housewares / Art Manufacturers,Home & Decor / Housewares / Art Manufacturers / iPad-only,tier1,9,True,high,value_delivery_score,Value Delivery Score,True,20.0,20.0,40.0,80.0,0.444,-20.0,Q2,9,2026-04-07,2026-04
etl,ELICO LTD.,iPad-only,Home & Decor / Housewares / Art Manufacturers,Home & Decor / Housewares / Art Manufacturers / iPad-only,tier1,9,True,high,value_delivery_score,Value Delivery Score,True,80.0,20.0,20.0,60.0,0.889,60.0,Q4,9,2026-04-07,2026-04
krb,Kaleen Rugs & Broadloom,iPad-only,Home & Decor / Housewares / Art Manufacturers,Home & Decor / Housewares / Art Manufacturers / iPad-only,tier1,9,True,high,value_delivery_score,Value Delivery Score,True,0.0,20.0,40.0,80.0,0.111,-40.0,Q1,9,2026-04-07,2026-04
dals,DALS Lighting,iPad-only,,iPad-only,tier3,54,True,low,value_delivery_score,Value Delivery Score,True,20.0,20.0,60.0,60.0,0.278,-40.0,Q2,54,2026-04-07,2026-04
ihw,Interlude Furniture,iPad+Catalog+Portal,Furniture,Furniture / iPad+Catalog+Portal,tier1,4,True,medium,value_delivery_score,Value Delivery Score,True,80.0,70.0,90.0,92.5,0.25,-10.0,Q2,4,2026-04-07,2026-04
sc,Gabriella White,iPad+Catalog+Portal,,iPad+Catalog+Portal,tier3,13,True,low,value_delivery_score,Value Delivery Score,True,90.0,80.0,90.0,90.0,0.769,0.0,Q4,13,2026-04-07,2026-04
ih,Interlude Home,iPad+Catalog+Portal,Furniture,Furniture / iPad+Catalog+Portal,tier1,4,True,medium,value_delivery_score,Value Delivery Score,True,90.0,62.5,85.0,92.5,0.75,5.0,Q4,4,2026-04-07,2026-04
rw,RENWIL,iPad+Catalog+Portal,Home & Decor / Housewares / Art Manufacturers,Home & Decor / Housewares / Art Manufacturers,tier2,14,True,low,value_delivery_score,Value Delivery Score,True,80.0,20.0,40.0,69.75,0.929,40.0,Q4,14,2026-04-07,2026-04
cci,Currey & Company,iPad+Catalog+Portal,Lighting,Lighting / iPad+Catalog+Portal,tier1,5,True,medium,value_delivery_score,Value Delivery Score,True,80.0,70.0,90.0,100.0,0.4,-10.0,Q2,5,2026-04-07,2026-04
ml,Millennium Lighting,iPad+Catalog,Lighting,Lighting,tier2,35,True,low,value_delivery_score,Value Delivery Score,True,100.0,57.5,60.0,80.0,1.0,40.0,Q4,35,2026-04-07,2026-04
mlc,Matteo Lighting,iPad-only,Lighting,Lighting / iPad-only,tier1,18,True,high,value_delivery_score,Value Delivery Score,True,60.0,60.0,60.0,75.0,0.722,0.0,Q3,18,2026-04-07,2026-04
da,Dainolite Ltd.,iPad-only,Lighting,Lighting / iPad-only,tier1,18,True,high,value_delivery_score,Value Delivery Score,True,60.0,60.0,60.0,75.0,0.722,0.0,Q3,18,2026-04-07,2026-04
mlg,Minka Lighting Group,iPad-only,,iPad-only,tier3,54,True,low,value_delivery_score,Value Delivery Score,True,100.0,20.0,60.0,60.0,1.0,40.0,Q4,54,2026-04-07,2026-04
kal,Kalco Lighting / Allegri Crystal,Full,Lighting,Lighting / Full,tier1,8,True,high,value_delivery_score,Value Delivery Score,True,50.0,52.5,67.5,75.0,0.25,-17.5,Q2,8,2026-04-07,2026-04
ihm,International Home Miami,iPad-only,Furniture,Furniture / iPad-only,tier1,16,True,high,value_delivery_score,Value Delivery Score,True,20.0,20.0,40.0,60.0,0.375,-20.0,Q2,16,2026-04-07,2026-04
eglo,Eglo USA Inc.,iPad-only,Lighting,Lighting / iPad-only,tier1,18,True,high,value_delivery_score,Value Delivery Score,True,80.0,60.0,60.0,60.0,0.778,20.0,Q4,18,2026-04-07,2026-04
eli,Elegant Furniture & Lighting,iPad+Catalog+Cart,Lighting,Lighting,tier2,35,True,low,value_delivery_score,Value Delivery Score,True,33.0,60.0,60.0,82.5,0.057,-27.0,Q1,35,2026-04-07,2026-04
wwjc,Wildwood/Chelsea House,Full,Lighting,Lighting / Full,tier1,8,True,high,value_delivery_score,Value Delivery Score,True,85.0,48.75,57.5,75.0,1.0,27.5,Q4,8,2026-04-07,2026-04
clli,Craftmade,iPad+Catalog+Portal,Lighting,Lighting / iPad+Catalog+Portal,tier1,5,True,medium,value_delivery_score,Value Delivery Score,True,100.0,70.0,80.0,90.0,1.0,20.0,Q4,5,2026-04-07,2026-04
el,Eurofase Inc.,iPad+Catalog+Portal,,iPad+Catalog+Portal,tier3,13,True,low,value_delivery_score,Value Delivery Score,True,90.0,80.0,90.0,90.0,0.769,0.0,Q4,13,2026-04-07,2026-04
hfg,Hubbardton Forge,iPad+Catalog+Portal,Lighting,Lighting / iPad+Catalog+Portal,tier1,5,True,medium,value_delivery_score,Value Delivery Score,True,90.0,70.0,80.0,100.0,0.6,10.0,Q3,5,2026-04-07,2026-04
pf,Palecek,iPad+Catalog,Furniture,Furniture,tier2,32,True,low,value_delivery_score,Value Delivery Score,True,100.0,20.0,60.0,65.0,1.0,40.0,Q4,32,2026-04-07,2026-04
kl,Coleto Brands | Kichler,iPad-only,Lighting,Lighting / iPad-only,tier1,18,True,high,value_delivery_score,Value Delivery Score,True,60.0,60.0,60.0,75.0,0.722,0.0,Q3,18,2026-04-07,2026-04
eglo_can,EGLO Canada,iPad-only,Lighting,Lighting / iPad-only,tier1,18,True,high,value_delivery_score,Value Delivery Score,True,60.0,60.0,60.0,75.0,0.722,0.0,Q3,18,2026-04-07,2026-04
arl,Arabela Lighting,iPad-only,Lighting,Lighting / iPad-only,tier1,18,True,high,value_delivery_score,Value Delivery Score,True,60.0,60.0,60.0,75.0,0.722,0.0,Q3,18,2026-04-07,2026-04
cf,Century Furniture,iPad-only,Furniture,Furniture / iPad-only,tier1,16,True,high,value_delivery_score,Value Delivery Score,True,40.0,20.0,40.0,60.0,0.562,0.0,Q3,16,2026-04-07,2026-04
hh,Highland House,iPad-only,Furniture,Furniture / iPad-only,tier1,16,True,high,value_delivery_score,Value Delivery Score,True,0.0,20.0,40.0,60.0,0.062,-40.0,Q1,16,2026-04-07,2026-04
luc,Lucas McKearn,iPad-only,Lighting,Lighting / iPad-only,tier1,18,True,high,value_delivery_score,Value Delivery Score,True,20.0,60.0,60.0,75.0,0.056,-40.0,Q1,18,2026-04-07,2026-04
vce,Visual Comfort Europe,iPad-only,Lighting,Lighting / iPad-only,tier1,18,True,high,value_delivery_score,Value Delivery Score,True,60.0,60.0,60.0,75.0,0.722,0.0,Q3,18,2026-04-07,2026-04
mpc,Pioneer Morton,iPad+Catalog+Cart,Generic B2B Wholesale,iPad+Catalog+Cart,tier3,8,True,low,value_delivery_score,Value Delivery Score,True,73.0,45.25,53.0,60.0,1.0,20.0,Q4,8,2026-04-07,2026-04
all,Accord Lighting,iPad-only,,iPad-only,tier3,54,True,low,value_delivery_score,Value Delivery Score,True,40.0,20.0,60.0,60.0,0.389,-20.0,Q2,54,2026-04-07,2026-04
gh,Gabby,Full,,Full,tier3,19,True,low,value_delivery_score,Value Delivery Score,True,85.0,55.0,75.0,82.5,0.895,10.0,Q4,19,2026-04-07,2026-04
gcl,Geo Contemporary,iPad-only,Lighting,Lighting / iPad-only,tier1,18,True,high,value_delivery_score,Value Delivery Score,True,20.0,60.0,60.0,75.0,0.056,-40.0,Q1,18,2026-04-07,2026-04
mh,Magnussen Home,iPad-only,,iPad-only,tier3,54,True,low,value_delivery_score,Value Delivery Score,True,80.0,20.0,60.0,60.0,0.833,20.0,Q4,54,2026-04-07,2026-04
asi,Abaline Supply Inc.,Full,,Full,tier3,19,True,low,value_delivery_score,Value Delivery Score,True,75.0,55.0,75.0,85.0,0.579,0.0,Q3,19,2026-04-07,2026-04
kkc,Kindel Karges Furniture,iPad-only,Furniture,Furniture / iPad-only,tier1,16,True,high,value_delivery_score,Value Delivery Score,True,40.0,20.0,40.0,60.0,0.562,0.0,Q3,16,2026-04-07,2026-04
clc,Capital Lighting Fixture Co.,Full,Lighting,Lighting / Full,tier1,8,True,high,value_delivery_score,Value Delivery Score,True,55.0,48.75,67.5,75.0,0.375,-12.5,Q2,8,2026-04-07,2026-04
shl,Savoy House Lighting,Full,Lighting,Lighting / Full,tier1,8,True,high,value_delivery_score,Value Delivery Score,True,75.0,48.75,57.5,75.0,0.875,17.5,Q4,8,2026-04-07,2026-04
bsc,Butler Specialty Company,iPad-only,Furniture,Furniture / iPad-only,tier1,16,True,high,value_delivery_score,Value Delivery Score,True,20.0,20.0,40.0,60.0,0.375,-20.0,Q2,16,2026-04-07,2026-04
sp,"Sabine Pools, Spas, & Furniture",iPad-only,Furniture,Furniture / iPad-only,tier1,16,True,high,value_delivery_score,Value Delivery Score,True,20.0,20.0,40.0,60.0,0.375,-20.0,Q2,16,2026-04-07,2026-04
sbl,Schonbek Lighting,iPad-only,Furniture,Furniture / iPad-only,tier1,16,True,high,value_delivery_score,Value Delivery Score,True,60.0,20.0,40.0,60.0,1.0,20.0,Q4,16,2026-04-07,2026-04
mli,Maxim Lighting,iPad-only,,iPad-only,tier3,54,True,low,value_delivery_score,Value Delivery Score,True,100.0,20.0,60.0,60.0,1.0,40.0,Q4,54,2026-04-07,2026-04
kll,Kuzco Lighting Inc.,Full,Lighting,Lighting / Full,tier1,8,True,high,value_delivery_score,Value Delivery Score,True,60.0,48.75,65.0,75.0,0.5,-5.0,Q3,8,2026-04-07,2026-04
ufi,Universal Furniture,iPad+Catalog+Portal,Furniture,Furniture / iPad+Catalog+Portal,tier1,4,True,medium,value_delivery_score,Value Delivery Score,True,90.0,62.5,85.0,92.5,0.75,5.0,Q4,4,2026-04-07,2026-04
scw,Summer Classics,Full,,Full,tier3,19,True,low,value_delivery_score,Value Delivery Score,True,80.0,55.0,75.0,85.0,0.684,5.0,Q3,19,2026-04-07,2026-04
wac,WAC/Modern Forms Lighting,iPad-only,Lighting,Lighting / iPad-only,tier1,18,True,high,value_delivery_score,Value Delivery Score,True,100.0,60.0,60.0,60.0,1.0,40.0,Q4,18,2026-04-07,2026-04
clm,Crystorama,iPad+Catalog+Portal,Lighting,Lighting / iPad+Catalog+Portal,tier1,5,True,medium,value_delivery_score,Value Delivery Score,True,100.0,70.0,80.0,90.0,1.0,20.0,Q4,5,2026-04-07,2026-04
ap,Alden Home,iPad+Catalog+Cart,Furniture,Furniture,tier2,32,True,low,value_delivery_score,Value Delivery Score,True,47.0,20.0,60.0,80.0,0.406,-13.0,Q2,32,2026-04-07,2026-04
fms,Visual Comfort - Studio /Fans,iPad-only,Lighting,Lighting / iPad-only,tier1,18,True,high,value_delivery_score,Value Delivery Score,True,100.0,60.0,60.0,60.0,1.0,40.0,Q4,18,2026-04-07,2026-04
tla,Visual Comfort - Modern,iPad-only,Lighting,Lighting / iPad-only,tier1,18,True,high,value_delivery_score,Value Delivery Score,True,100.0,60.0,60.0,60.0,1.0,40.0,Q4,18,2026-04-07,2026-04
hvl,Hudson Valley Lighting,iPad-only,,iPad-only,tier3,54,True,low,value_delivery_score,Value Delivery Score,True,60.0,20.0,60.0,60.0,0.759,0.0,Q4,54,2026-04-07,2026-04
st,Sixtrees Limited,iPad+Catalog,Home & Decor / Housewares / Art Manufacturers,Home & Decor / Housewares / Art Manufacturers,tier2,14,True,low,value_delivery_score,Value Delivery Score,True,20.0,20.0,46.5,78.25,0.357,-26.5,Q2,14,2026-04-07,2026-04
vl,Ciana Varaluz LLC,iPad+Catalog+Portal,Lighting,Lighting / iPad+Catalog+Portal,tier1,5,True,medium,value_delivery_score,Value Delivery Score,True,70.0,80.0,90.0,100.0,0.2,-20.0,Q1,5,2026-04-07,2026-04
pw,Philip Whitney,iPad-only,Home & Decor / Housewares / Art Manufacturers,Home & Decor / Housewares / Art Manufacturers / iPad-only,tier1,9,True,high,value_delivery_score,Value Delivery Score,True,0.0,20.0,40.0,80.0,0.111,-40.0,Q1,9,2026-04-07,2026-04
ssi,"Studio Silversmiths, Inc.",iPad-only,Home & Decor / Housewares / Art Manufacturers,Home & Decor / Housewares / Art Manufacturers / iPad-only,tier1,9,True,high,value_delivery_score,Value Delivery Score,True,20.0,20.0,40.0,80.0,0.444,-20.0,Q2,9,2026-04-07,2026-04
rac,Ricci Argentieri Company,iPad-only,Home & Decor / Housewares / Art Manufacturers,Home & Decor / Housewares / Art Manufacturers / iPad-only,tier1,9,True,high,value_delivery_score,Value Delivery Score,True,40.0,20.0,20.0,80.0,0.556,20.0,Q3,9,2026-04-07,2026-04
tl,Troy Lighting,iPad-only,Lighting,Lighting / iPad-only,tier1,18,True,high,value_delivery_score,Value Delivery Score,True,60.0,60.0,60.0,75.0,0.722,0.0,Q3,18,2026-04-07,2026-04
bp,Buster & Punch,iPad-only,,iPad-only,tier3,54,True,low,adoption_score,Feature Adoption Score,True,57.0,57.0,71.0,86.0,0.333,-14.0,Q2,54,2026-04-07,2026-04
yw,Yutzy Woodworking,iPad-only,Furniture,Furniture / iPad-only,tier1,16,True,high,adoption_score,Feature Adoption Score,True,43.0,39.5,64.0,71.0,0.312,-21.0,Q2,16,2026-04-07,2026-04
dccl,Donald Choi Canada,iPad+Catalog+Cart,,iPad+Catalog+Cart,tier3,8,True,low,adoption_score,Feature Adoption Score,True,67.0,75.25,78.0,89.0,0.25,-11.0,Q2,8,2026-04-07,2026-04
tam,Theodore Alexander Manhasset,iPad-only,Furniture,Furniture / iPad-only,tier1,16,True,high,adoption_score,Feature Adoption Score,True,71.0,39.5,57.0,71.0,0.812,14.0,Q4,16,2026-04-07,2026-04
jc,Jonathan Charles Fine Furniture Ltd.,iPad+Catalog+Portal,Furniture,Furniture / iPad+Catalog+Portal,tier1,4,True,medium,adoption_score,Feature Adoption Score,True,33.0,97.25,100.0,100.0,0.0,-67.0,Q1,4,2026-04-07,2026-04
cfg,Charleston Forge,iPad+Catalog+Cart,,iPad+Catalog+Cart,tier3,8,True,low,adoption_score,Feature Adoption Score,True,89.0,67.0,78.0,80.75,0.875,11.0,Q4,8,2026-04-07,2026-04
big,Baker-McGuire,iPad-only,,iPad-only,tier3,54,True,low,adoption_score,Feature Adoption Score,True,100.0,57.0,71.0,86.0,1.0,29.0,Q4,54,2026-04-07,2026-04
ril,Ratana International Ltd.,Full,Furniture,Furniture / Full,tier1,6,True,medium,adoption_score,Feature Adoption Score,True,80.0,90.0,90.0,97.5,0.0,-10.0,Q1,6,2026-04-07,2026-04
jcusa,Jonathan Charles Designs Inc.,iPad-only,Furniture,Furniture / iPad-only,tier1,16,True,high,adoption_score,Feature Adoption Score,True,71.0,39.5,57.0,71.0,0.812,14.0,Q4,16,2026-04-07,2026-04
fsf,Four Seasons Furniture,Full,Furniture,Furniture / Full,tier1,6,True,medium,adoption_score,Feature Adoption Score,True,90.0,90.0,90.0,97.5,0.667,0.0,Q3,6,2026-04-07,2026-04
tel,Tomlinson Companies,iPad+Catalog,Furniture,Furniture,tier2,32,True,low,adoption_score,Feature Adoption Score,True,25.0,57.0,75.5,100.0,0.062,-50.5,Q1,32,2026-04-07,2026-04
mfc,Morgan Fabrics Corporation,iPad+Catalog,Home & Decor / Housewares / Art Manufacturers,Home & Decor / Housewares / Art Manufacturers,tier2,14,True,low,adoption_score,Feature Adoption Score,True,62.0,32.5,64.0,78.0,0.5,-2.0,Q3,14,2026-04-07,2026-04
gc,Groupe Courchesne,iPad+Catalog+Cart,Home & Decor / Housewares / Art Manufacturers,Home & Decor / Housewares / Art Manufacturers,tier2,14,True,low,adoption_score,Feature Adoption Score,True,78.0,32.5,59.5,76.25,0.786,18.5,Q4,14,2026-04-07,2026-04
df,Designers Fountain,iPad-only,Lighting,Lighting / iPad-only,tier1,18,True,high,adoption_score,Feature Adoption Score,True,86.0,71.0,86.0,100.0,0.667,0.0,Q3,18,2026-04-07,2026-04
vcg,Visual Comfort Signature,iPad-only,Lighting,Lighting / iPad-only,tier1,18,True,high,adoption_score,Feature Adoption Score,True,100.0,71.0,86.0,96.5,1.0,14.0,Q4,18,2026-04-07,2026-04
vic,Vaxcel International Corporation,Full,Lighting,Lighting / Full,tier1,8,True,high,adoption_score,Feature Adoption Score,True,90.0,90.0,95.0,100.0,0.5,-5.0,Q3,8,2026-04-07,2026-04
ah,Alfresco Home,iPad+Catalog+Cart,Furniture,Furniture,tier2,32,True,low,adoption_score,Feature Adoption Score,True,100.0,53.5,71.0,92.5,1.0,29.0,Q4,32,2026-04-07,2026-04
kii,"Kennedy International, Inc.",iPad+Catalog+Cart,,iPad+Catalog+Cart,tier3,8,True,low,adoption_score,Feature Adoption Score,True,78.0,67.0,78.0,89.0,0.625,0.0,Q3,8,2026-04-07,2026-04
mah,Moda at Home Enterprises Ltd,iPad+Catalog+Cart,Home & Decor / Housewares / Art Manufacturers,Home & Decor / Housewares / Art Manufacturers,tier2,14,True,low,adoption_score,Feature Adoption Score,True,78.0,32.5,59.5,76.25,0.786,18.5,Q4,14,2026-04-07,2026-04
hf,Hooker Furnishings,iPad-only,Furniture,Furniture / iPad-only,tier1,16,True,high,adoption_score,Feature Adoption Score,True,86.0,39.5,57.0,71.0,0.875,29.0,Q4,16,2026-04-07,2026-04
afx,"AFX, Inc.",iPad-only,Lighting,Lighting / iPad-only,tier1,18,True,high,adoption_score,Feature Adoption Score,True,71.0,71.0,86.0,100.0,0.333,-15.0,Q2,18,2026-04-07,2026-04
heb,Home Essentials & Beyond,iPad-only,Home & Decor / Housewares / Art Manufacturers,Home & Decor / Housewares / Art Manufacturers / iPad-only,tier1,9,True,high,adoption_score,Feature Adoption Score,True,86.0,29.0,43.0,71.0,1.0,43.0,Q4,9,2026-04-07,2026-04
fal,Fine Art Handcrafted Lighting,iPad-only,Lighting,Lighting / iPad-only,tier1,18,True,high,adoption_score,Feature Adoption Score,True,100.0,71.0,86.0,96.5,1.0,14.0,Q4,18,2026-04-07,2026-04
bri,Bulbrite,Full,Lighting,Lighting / Full,tier1,8,True,high,adoption_score,Feature Adoption Score,True,90.0,90.0,95.0,100.0,0.5,-5.0,Q3,8,2026-04-07,2026-04
sbmh,Somerset Bay and Modern History,Full,Furniture,Furniture / Full,tier1,6,True,medium,adoption_score,Feature Adoption Score,True,100.0,90.0,90.0,90.0,1.0,10.0,Q4,6,2026-04-07,2026-04
sarreid,"Sarreid, Ltd.",iPad+Catalog+Portal,Furniture,Furniture / iPad+Catalog+Portal,tier1,4,True,medium,adoption_score,Feature Adoption Score,True,100.0,75.0,94.5,100.0,1.0,5.5,Q4,4,2026-04-07,2026-04
bcf,Braxton Culler,Full,Furniture,Furniture / Full,tier1,6,True,medium,adoption_score,Feature Adoption Score,True,90.0,90.0,90.0,97.5,0.667,0.0,Q3,6,2026-04-07,2026-04
fc,Furniture Classics,Full,Furniture,Furniture / Full,tier1,6,True,medium,adoption_score,Feature Adoption Score,True,100.0,90.0,90.0,90.0,1.0,10.0,Q4,6,2026-04-07,2026-04
jyc,Jamie Young Company,Full,Lighting,Lighting / Full,tier1,8,True,high,adoption_score,Feature Adoption Score,True,100.0,90.0,90.0,100.0,1.0,10.0,Q4,8,2026-04-07,2026-04
ta,Theodore Alexander,Full,Furniture,Furniture / Full,tier1,6,True,medium,adoption_score,Feature Adoption Score,True,90.0,90.0,90.0,97.5,0.667,0.0,Q3,6,2026-04-07,2026-04
lpf,Linon/Powell Furniture,Full,Generic B2B Wholesale,Full,tier3,19,True,low,adoption_score,Feature Adoption Score,True,100.0,90.0,90.0,100.0,1.0,10.0,Q4,19,2026-04-07,2026-04
wag,Wendover Art Group,iPad-only,,iPad-only,tier3,54,True,low,adoption_score,Feature Adoption Score,True,100.0,57.0,71.0,86.0,1.0,29.0,Q4,54,2026-04-07,2026-04
gsa,Godinger Silver Art Co.,iPad-only,Home & Decor / Housewares / Art Manufacturers,Home & Decor / Housewares / Art Manufacturers / iPad-only,tier1,9,True,high,adoption_score,Feature Adoption Score,True,57.0,29.0,43.0,71.0,0.556,14.0,Q3,9,2026-04-07,2026-04
ali,Access Lighting,iPad+Catalog+Portal,Lighting,Lighting / iPad+Catalog+Portal,tier1,5,True,medium,adoption_score,Feature Adoption Score,True,89.0,100.0,100.0,100.0,0.2,-11.0,Q1,5,2026-04-07,2026-04
gl,Golden Lighting,Full,Lighting,Lighting / Full,tier1,8,True,high,adoption_score,Feature Adoption Score,True,80.0,90.0,95.0,100.0,0.0,-15.0,Q1,8,2026-04-07,2026-04
uhc,Uniware Housewares Corp.,iPad-only,Home & Decor / Housewares / Art Manufacturers,Home & Decor / Housewares / Art Manufacturers / iPad-only,tier1,9,True,high,adoption_score,Feature Adoption Score,True,43.0,29.0,57.0,71.0,0.444,-14.0,Q2,9,2026-04-07,2026-04
sccon,Summer Classics Contract,Full,Furniture,Furniture / Full,tier1,6,True,medium,adoption_score,Feature Adoption Score,True,90.0,90.0,90.0,97.5,0.667,0.0,Q3,6,2026-04-07,2026-04
am,Alfonso Marina,iPad-only,Furniture,Furniture / iPad-only,tier1,16,True,high,adoption_score,Feature Adoption Score,True,100.0,39.5,57.0,71.0,1.0,43.0,Q4,16,2026-04-07,2026-04
abol,Americas Backyards,iPad-only,Furniture,Furniture / iPad-only,tier1,16,True,high,adoption_score,Feature Adoption Score,True,29.0,43.0,64.0,71.0,0.188,-35.0,Q1,16,2026-04-07,2026-04
gblx,Globalux Lighting & Fans,iPad-only,Lighting,Lighting / iPad-only,tier1,18,True,high,adoption_score,Feature Adoption Score,True,71.0,71.0,86.0,100.0,0.333,-15.0,Q2,18,2026-04-07,2026-04
ol,Oly Studio,iPad-only,Furniture,Furniture / iPad-only,tier1,16,True,high,adoption_score,Feature Adoption Score,True,14.0,43.0,64.0,71.0,0.062,-50.0,Q1,16,2026-04-07,2026-04
prog,Coleto Brands | Progress Lighting,iPad-only,Lighting,Lighting / iPad-only,tier1,18,True,high,adoption_score,Feature Adoption Score,True,57.0,71.0,86.0,100.0,0.056,-29.0,Q1,18,2026-04-07,2026-04
sca,Shadow Catchers,iPad-only,Home & Decor / Housewares / Art Manufacturers,Home & Decor / Housewares / Art Manufacturers / iPad-only,tier1,9,True,high,adoption_score,Feature Adoption Score,True,86.0,29.0,43.0,71.0,1.0,43.0,Q4,9,2026-04-07,2026-04
rf,Rowe Furniture,iPad-only,Furniture,Furniture / iPad-only,tier1,16,True,high,adoption_score,Feature Adoption Score,True,71.0,39.5,57.0,71.0,0.812,14.0,Q4,16,2026-04-07,2026-04
swc,Sauder Woodworking,iPad-only,Furniture,Furniture / iPad-only,tier1,16,True,high,adoption_score,Feature Adoption Score,True,71.0,39.5,57.0,71.0,0.812,14.0,Q4,16,2026-04-07,2026-04
lss,Lifestyle Solutions,iPad-only,Furniture,Furniture / iPad-only,tier1,16,True,high,adoption_score,Feature Adoption Score,True,71.0,39.5,57.0,71.0,0.812,14.0,Q4,16,2026-04-07,2026-04
soi,Silver One,iPad-only,Home & Decor / Housewares / Art Manufacturers,Home & Decor / Housewares / Art Manufacturers / iPad-only,tier1,9,True,high,adoption_score,Feature Adoption Score,True,29.0,43.0,57.0,71.0,0.222,-28.0,Q1,9,2026-04-07,2026-04
etl,ELICO LTD.,iPad-only,Home & Decor / Housewares / Art Manufacturers,Home & Decor / Housewares / Art Manufacturers / iPad-only,tier1,9,True,high,adoption_score,Feature Adoption Score,True,71.0,29.0,43.0,71.0,0.778,28.0,Q4,9,2026-04-07,2026-04
krb,Kaleen Rugs & Broadloom,iPad-only,Home & Decor / Housewares / Art Manufacturers,Home & Decor / Housewares / Art Manufacturers / iPad-only,tier1,9,True,high,adoption_score,Feature Adoption Score,True,14.0,43.0,57.0,71.0,0.111,-43.0,Q1,9,2026-04-07,2026-04
dals,DALS Lighting,iPad-only,,iPad-only,tier3,54,True,low,adoption_score,Feature Adoption Score,True,57.0,57.0,71.0,86.0,0.333,-14.0,Q2,54,2026-04-07,2026-04
ihw,Interlude Furniture,iPad+Catalog+Portal,Furniture,Furniture / iPad+Catalog+Portal,tier1,4,True,medium,adoption_score,Feature Adoption Score,True,89.0,83.25,100.0,100.0,0.25,-11.0,Q2,4,2026-04-07,2026-04
sc,Gabriella White,iPad+Catalog+Portal,,iPad+Catalog+Portal,tier3,13,True,low,adoption_score,Feature Adoption Score,True,100.0,89.0,100.0,100.0,1.0,0.0,Q4,13,2026-04-07,2026-04
ih,Interlude Home,iPad+Catalog+Portal,Furniture,Furniture / iPad+Catalog+Portal,tier1,4,True,medium,adoption_score,Feature Adoption Score,True,100.0,75.0,94.5,100.0,1.0,5.5,Q4,4,2026-04-07,2026-04
rw,RENWIL,iPad+Catalog+Portal,Home & Decor / Housewares / Art Manufacturers,Home & Decor / Housewares / Art Manufacturers,tier2,14,True,low,adoption_score,Feature Adoption Score,True,89.0,32.5,59.5,76.25,1.0,29.5,Q4,14,2026-04-07,2026-04
cci,Currey & Company,iPad+Catalog+Portal,Lighting,Lighting / iPad+Catalog+Portal,tier1,5,True,medium,adoption_score,Feature Adoption Score,True,89.0,100.0,100.0,100.0,0.2,-11.0,Q1,5,2026-04-07,2026-04
ml,Millennium Lighting,iPad+Catalog,Lighting,Lighting,tier2,35,True,low,adoption_score,Feature Adoption Score,True,100.0,86.0,90.0,100.0,1.0,10.0,Q4,35,2026-04-07,2026-04
mlc,Matteo Lighting,iPad-only,Lighting,Lighting / iPad-only,tier1,18,True,high,adoption_score,Feature Adoption Score,True,86.0,71.0,86.0,100.0,0.667,0.0,Q3,18,2026-04-07,2026-04
da,Dainolite Ltd.,iPad-only,Lighting,Lighting / iPad-only,tier1,18,True,high,adoption_score,Feature Adoption Score,True,71.0,71.0,86.0,100.0,0.333,-15.0,Q2,18,2026-04-07,2026-04
mlg,Minka Lighting Group,iPad-only,,iPad-only,tier3,54,True,low,adoption_score,Feature Adoption Score,True,100.0,57.0,71.0,86.0,1.0,29.0,Q4,54,2026-04-07,2026-04
kal,Kalco Lighting / Allegri Crystal,Full,Lighting,Lighting / Full,tier1,8,True,high,adoption_score,Feature Adoption Score,True,90.0,90.0,95.0,100.0,0.5,-5.0,Q3,8,2026-04-07,2026-04
ihm,International Home Miami,iPad-only,Furniture,Furniture / iPad-only,tier1,16,True,high,adoption_score,Feature Adoption Score,True,57.0,39.5,64.0,71.0,0.5,-7.0,Q3,16,2026-04-07,2026-04
eglo,Eglo USA Inc.,iPad-only,Lighting,Lighting / iPad-only,tier1,18,True,high,adoption_score,Feature Adoption Score,True,100.0,71.0,86.0,96.5,1.0,14.0,Q4,18,2026-04-07,2026-04
eli,Elegant Furniture & Lighting,iPad+Catalog+Cart,Lighting,Lighting,tier2,35,True,low,adoption_score,Feature Adoption Score,True,89.0,86.0,90.0,100.0,0.457,-1.0,Q2,35,2026-04-07,2026-04
wwjc,Wildwood/Chelsea House,Full,Lighting,Lighting / Full,tier1,8,True,high,adoption_score,Feature Adoption Score,True,90.0,90.0,95.0,100.0,0.5,-5.0,Q3,8,2026-04-07,2026-04
clli,Craftmade,iPad+Catalog+Portal,Lighting,Lighting / iPad+Catalog+Portal,tier1,5,True,medium,adoption_score,Feature Adoption Score,True,100.0,89.0,100.0,100.0,1.0,0.0,Q4,5,2026-04-07,2026-04
el,Eurofase Inc.,iPad+Catalog+Portal,,iPad+Catalog+Portal,tier3,13,True,low,adoption_score,Feature Adoption Score,True,100.0,89.0,100.0,100.0,1.0,0.0,Q4,13,2026-04-07,2026-04
hfg,Hubbardton Forge,iPad+Catalog+Portal,Lighting,Lighting / iPad+Catalog+Portal,tier1,5,True,medium,adoption_score,Feature Adoption Score,True,100.0,89.0,100.0,100.0,1.0,0.0,Q4,5,2026-04-07,2026-04
pf,Palecek,iPad+Catalog,Furniture,Furniture,tier2,32,True,low,adoption_score,Feature Adoption Score,True,100.0,53.5,71.0,92.5,1.0,29.0,Q4,32,2026-04-07,2026-04
kl,Coleto Brands | Kichler,iPad-only,Lighting,Lighting / iPad-only,tier1,18,True,high,adoption_score,Feature Adoption Score,True,86.0,71.0,86.0,100.0,0.667,0.0,Q3,18,2026-04-07,2026-04
eglo_can,EGLO Canada,iPad-only,Lighting,Lighting / iPad-only,tier1,18,True,high,adoption_score,Feature Adoption Score,True,86.0,71.0,86.0,100.0,0.667,0.0,Q3,18,2026-04-07,2026-04
arl,Arabela Lighting,iPad-only,Lighting,Lighting / iPad-only,tier1,18,True,high,adoption_score,Feature Adoption Score,True,86.0,71.0,86.0,100.0,0.667,0.0,Q3,18,2026-04-07,2026-04
cf,Century Furniture,iPad-only,Furniture,Furniture / iPad-only,tier1,16,True,high,adoption_score,Feature Adoption Score,True,57.0,39.5,64.0,71.0,0.5,-7.0,Q3,16,2026-04-07,2026-04
hh,Highland House,iPad-only,Furniture,Furniture / iPad-only,tier1,16,True,high,adoption_score,Feature Adoption Score,True,14.0,43.0,64.0,71.0,0.062,-50.0,Q1,16,2026-04-07,2026-04
luc,Lucas McKearn,iPad-only,Lighting,Lighting / iPad-only,tier1,18,True,high,adoption_score,Feature Adoption Score,True,71.0,71.0,86.0,100.0,0.333,-15.0,Q2,18,2026-04-07,2026-04
vce,Visual Comfort Europe,iPad-only,Lighting,Lighting / iPad-only,tier1,18,True,high,adoption_score,Feature Adoption Score,True,86.0,71.0,86.0,100.0,0.667,0.0,Q3,18,2026-04-07,2026-04
mpc,Pioneer Morton,iPad+Catalog+Cart,Generic B2B Wholesale,iPad+Catalog+Cart,tier3,8,True,low,adoption_score,Feature Adoption Score,True,67.0,75.25,78.0,89.0,0.25,-11.0,Q2,8,2026-04-07,2026-04
all,Accord Lighting,iPad-only,,iPad-only,tier3,54,True,low,adoption_score,Feature Adoption Score,True,71.0,57.0,71.0,86.0,0.593,0.0,Q3,54,2026-04-07,2026-04
gh,Gabby,Full,,Full,tier3,19,True,low,adoption_score,Feature Adoption Score,True,90.0,90.0,90.0,100.0,0.632,0.0,Q3,19,2026-04-07,2026-04
gcl,Geo Contemporary,iPad-only,Lighting,Lighting / iPad-only,tier1,18,True,high,adoption_score,Feature Adoption Score,True,43.0,71.0,86.0,100.0,0.0,-43.0,Q1,18,2026-04-07,2026-04
mh,Magnussen Home,iPad-only,,iPad-only,tier3,54,True,low,adoption_score,Feature Adoption Score,True,100.0,57.0,71.0,86.0,1.0,29.0,Q4,54,2026-04-07,2026-04
asi,Abaline Supply Inc.,Full,,Full,tier3,19,True,low,adoption_score,Feature Adoption Score,True,60.0,90.0,90.0,100.0,0.0,-30.0,Q1,19,2026-04-07,2026-04
kkc,Kindel Karges Furniture,iPad-only,Furniture,Furniture / iPad-only,tier1,16,True,high,adoption_score,Feature Adoption Score,True,57.0,39.5,64.0,71.0,0.5,-7.0,Q3,16,2026-04-07,2026-04
clc,Capital Lighting Fixture Co.,Full,Lighting,Lighting / Full,tier1,8,True,high,adoption_score,Feature Adoption Score,True,100.0,90.0,90.0,100.0,1.0,10.0,Q4,8,2026-04-07,2026-04
shl,Savoy House Lighting,Full,Lighting,Lighting / Full,tier1,8,True,high,adoption_score,Feature Adoption Score,True,100.0,90.0,90.0,100.0,1.0,10.0,Q4,8,2026-04-07,2026-04
bsc,Butler Specialty Company,iPad-only,Furniture,Furniture / iPad-only,tier1,16,True,high,adoption_score,Feature Adoption Score,True,43.0,39.5,64.0,71.0,0.312,-21.0,Q2,16,2026-04-07,2026-04
sp,"Sabine Pools, Spas, & Furniture",iPad-only,Furniture,Furniture / iPad-only,tier1,16,True,high,adoption_score,Feature Adoption Score,True,29.0,43.0,64.0,71.0,0.188,-35.0,Q1,16,2026-04-07,2026-04
sbl,Schonbek Lighting,iPad-only,Furniture,Furniture / iPad-only,tier1,16,True,high,adoption_score,Feature Adoption Score,True,100.0,39.5,57.0,71.0,1.0,43.0,Q4,16,2026-04-07,2026-04
mli,Maxim Lighting,iPad-only,,iPad-only,tier3,54,True,low,adoption_score,Feature Adoption Score,True,100.0,57.0,71.0,86.0,1.0,29.0,Q4,54,2026-04-07,2026-04
kll,Kuzco Lighting Inc.,Full,Lighting,Lighting / Full,tier1,8,True,high,adoption_score,Feature Adoption Score,True,100.0,90.0,90.0,100.0,1.0,10.0,Q4,8,2026-04-07,2026-04
ufi,Universal Furniture,iPad+Catalog+Portal,Furniture,Furniture / iPad+Catalog+Portal,tier1,4,True,medium,adoption_score,Feature Adoption Score,True,100.0,75.0,94.5,100.0,1.0,5.5,Q4,4,2026-04-07,2026-04
scw,Summer Classics,Full,,Full,tier3,19,True,low,adoption_score,Feature Adoption Score,True,90.0,90.0,90.0,100.0,0.632,0.0,Q3,19,2026-04-07,2026-04
wac,WAC/Modern Forms Lighting,iPad-only,Lighting,Lighting / iPad-only,tier1,18,True,high,adoption_score,Feature Adoption Score,True,100.0,71.0,86.0,96.5,1.0,14.0,Q4,18,2026-04-07,2026-04
clm,Crystorama,iPad+Catalog+Portal,Lighting,Lighting / iPad+Catalog+Portal,tier1,5,True,medium,adoption_score,Feature Adoption Score,True,100.0,89.0,100.0,100.0,1.0,0.0,Q4,5,2026-04-07,2026-04
ap,Alden Home,iPad+Catalog+Cart,Furniture,Furniture,tier2,32,True,low,adoption_score,Feature Adoption Score,True,67.0,53.5,75.5,100.0,0.344,-8.5,Q2,32,2026-04-07,2026-04
fms,Visual Comfort - Studio /Fans,iPad-only,Lighting,Lighting / iPad-only,tier1,18,True,high,adoption_score,Feature Adoption Score,True,100.0,71.0,86.0,96.5,1.0,14.0,Q4,18,2026-04-07,2026-04
tla,Visual Comfort - Modern,iPad-only,Lighting,Lighting / iPad-only,tier1,18,True,high,adoption_score,Feature Adoption Score,True,100.0,71.0,86.0,96.5,1.0,14.0,Q4,18,2026-04-07,2026-04
hvl,Hudson Valley Lighting,iPad-only,,iPad-only,tier3,54,True,low,adoption_score,Feature Adoption Score,True,71.0,57.0,71.0,86.0,0.593,0.0,Q3,54,2026-04-07,2026-04
st,Sixtrees Limited,iPad+Catalog,Home & Decor / Housewares / Art Manufacturers,Home & Decor / Housewares / Art Manufacturers,tier2,14,True,low,adoption_score,Feature Adoption Score,True,12.0,43.0,66.5,78.0,0.0,-54.5,Q1,14,2026-04-07,2026-04
vl,Ciana Varaluz LLC,iPad+Catalog+Portal,Lighting,Lighting / iPad+Catalog+Portal,tier1,5,True,medium,adoption_score,Feature Adoption Score,True,100.0,89.0,100.0,100.0,1.0,0.0,Q4,5,2026-04-07,2026-04
pw,Philip Whitney,iPad-only,Home & Decor / Housewares / Art Manufacturers,Home & Decor / Housewares / Art Manufacturers / iPad-only,tier1,9,True,high,adoption_score,Feature Adoption Score,True,14.0,43.0,57.0,71.0,0.111,-43.0,Q1,9,2026-04-07,2026-04
ssi,"Studio Silversmiths, Inc.",iPad-only,Home & Decor / Housewares / Art Manufacturers,Home & Decor / Housewares / Art Manufacturers / iPad-only,tier1,9,True,high,adoption_score,Feature Adoption Score,True,43.0,29.0,57.0,71.0,0.444,-14.0,Q2,9,2026-04-07,2026-04
rac,Ricci Argentieri Company,iPad-only,Home & Decor / Housewares / Art Manufacturers,Home & Decor / Housewares / Art Manufacturers / iPad-only,tier1,9,True,high,adoption_score,Feature Adoption Score,True,71.0,29.0,43.0,71.0,0.778,28.0,Q4,9,2026-04-07,2026-04
tl,Troy Lighting,iPad-only,Lighting,Lighting / iPad-only,tier1,18,True,high,adoption_score,Feature Adoption Score,True,71.0,71.0,86.0,100.0,0.333,-15.0,Q2,18,2026-04-07,2026-04
bp,Buster & Punch,iPad-only,,iPad-only,tier3,54,True,low,engagement_score,Rep Engagement Score,True,60.0,60.0,60.0,70.0,0.667,0.0,Q3,54,2026-04-07,2026-04
yw,Yutzy Woodworking,iPad-only,Furniture,Furniture / iPad-only,tier1,16,True,high,engagement_score,Rep Engagement Score,True,60.0,45.0,60.0,60.0,0.812,0.0,Q4,16,2026-04-07,2026-04
dccl,Donald Choi Canada,iPad+Catalog+Cart,,iPad+Catalog+Cart,tier3,8,True,low,engagement_score,Rep Engagement Score,True,70.0,30.0,30.0,45.0,1.0,40.0,Q4,8,2026-04-07,2026-04
tam,Theodore Alexander Manhasset,iPad-only,Furniture,Furniture / iPad-only,tier1,16,True,high,engagement_score,Rep Engagement Score,True,80.0,45.0,60.0,60.0,1.0,20.0,Q4,16,2026-04-07,2026-04
jc,Jonathan Charles Fine Furniture Ltd.,iPad+Catalog+Portal,Furniture,Furniture / iPad+Catalog+Portal,tier1,4,True,medium,engagement_score,Rep Engagement Score,True,50.0,85.0,90.0,92.5,0.0,-40.0,Q1,4,2026-04-07,2026-04
cfg,Charleston Forge,iPad+Catalog+Cart,,iPad+Catalog+Cart,tier3,8,True,low,engagement_score,Rep Engagement Score,True,20.0,30.0,35.0,60.0,0.0,-15.0,Q1,8,2026-04-07,2026-04
big,Baker-McGuire,iPad-only,,iPad-only,tier3,54,True,low,engagement_score,Rep Engagement Score,True,70.0,60.0,60.0,70.0,0.833,10.0,Q4,54,2026-04-07,2026-04
ril,Ratana International Ltd.,Full,Furniture,Furniture / Full,tier1,6,True,medium,engagement_score,Rep Engagement Score,True,40.0,32.5,40.0,40.0,0.833,0.0,Q4,6,2026-04-07,2026-04
jcusa,Jonathan Charles Designs Inc.,iPad-only,Furniture,Furniture / iPad-only,tier1,16,True,high,engagement_score,Rep Engagement Score,True,20.0,57.5,60.0,60.0,0.0,-40.0,Q1,16,2026-04-07,2026-04
fsf,Four Seasons Furniture,Full,Furniture,Furniture / Full,tier1,6,True,medium,engagement_score,Rep Engagement Score,True,30.0,40.0,40.0,40.0,0.167,-10.0,Q1,6,2026-04-07,2026-04
tel,Tomlinson Companies,iPad+Catalog,Furniture,Furniture,tier2,32,True,low,engagement_score,Rep Engagement Score,True,30.0,40.0,60.0,62.5,0.219,-30.0,Q1,32,2026-04-07,2026-04
mfc,Morgan Fabrics Corporation,iPad+Catalog,Home & Decor / Housewares / Art Manufacturers,Home & Decor / Housewares / Art Manufacturers,tier2,14,True,low,engagement_score,Rep Engagement Score,True,20.0,35.0,60.0,70.0,0.0,-40.0,Q1,14,2026-04-07,2026-04
gc,Groupe Courchesne,iPad+Catalog+Cart,Home & Decor / Housewares / Art Manufacturers,Home & Decor / Housewares / Art Manufacturers,tier2,14,True,low,engagement_score,Rep Engagement Score,True,30.0,35.0,60.0,70.0,0.286,-30.0,Q2,14,2026-04-07,2026-04
df,Designers Fountain,iPad-only,Lighting,Lighting / iPad-only,tier1,18,True,high,engagement_score,Rep Engagement Score,True,60.0,60.0,60.0,67.5,0.722,0.0,Q3,18,2026-04-07,2026-04
vcg,Visual Comfort Signature,iPad-only,Lighting,Lighting / iPad-only,tier1,18,True,high,engagement_score,Rep Engagement Score,True,70.0,60.0,60.0,60.0,0.889,10.0,Q4,18,2026-04-07,2026-04
vic,Vaxcel International Corporation,Full,Lighting,Lighting / Full,tier1,8,True,high,engagement_score,Rep Engagement Score,True,30.0,30.0,30.0,40.0,0.625,0.0,Q3,8,2026-04-07,2026-04
ah,Alfresco Home,iPad+Catalog+Cart,Furniture,Furniture,tier2,32,True,low,engagement_score,Rep Engagement Score,True,40.0,37.5,60.0,62.5,0.375,-20.0,Q2,32,2026-04-07,2026-04
kii,"Kennedy International, Inc.",iPad+Catalog+Cart,,iPad+Catalog+Cart,tier3,8,True,low,engagement_score,Rep Engagement Score,True,60.0,30.0,30.0,45.0,0.875,30.0,Q4,8,2026-04-07,2026-04
mah,Moda at Home Enterprises Ltd,iPad+Catalog+Cart,Home & Decor / Housewares / Art Manufacturers,Home & Decor / Housewares / Art Manufacturers,tier2,14,True,low,engagement_score,Rep Engagement Score,True,30.0,35.0,60.0,70.0,0.286,-30.0,Q2,14,2026-04-07,2026-04
hf,Hooker Furnishings,iPad-only,Furniture,Furniture / iPad-only,tier1,16,True,high,engagement_score,Rep Engagement Score,True,60.0,45.0,60.0,60.0,0.812,0.0,Q4,16,2026-04-07,2026-04
afx,"AFX, Inc.",iPad-only,Lighting,Lighting / iPad-only,tier1,18,True,high,engagement_score,Rep Engagement Score,True,60.0,60.0,60.0,67.5,0.722,0.0,Q3,18,2026-04-07,2026-04
heb,Home Essentials & Beyond,iPad-only,Home & Decor / Housewares / Art Manufacturers,Home & Decor / Housewares / Art Manufacturers / iPad-only,tier1,9,True,high,engagement_score,Rep Engagement Score,True,70.0,60.0,60.0,70.0,0.778,10.0,Q4,9,2026-04-07,2026-04
fal,Fine Art Handcrafted Lighting,iPad-only,Lighting,Lighting / iPad-only,tier1,18,True,high,engagement_score,Rep Engagement Score,True,60.0,60.0,60.0,67.5,0.722,0.0,Q3,18,2026-04-07,2026-04
bri,Bulbrite,Full,Lighting,Lighting / Full,tier1,8,True,high,engagement_score,Rep Engagement Score,True,40.0,30.0,30.0,32.5,0.875,10.0,Q4,8,2026-04-07,2026-04
sbmh,Somerset Bay and Modern History,Full,Furniture,Furniture / Full,tier1,6,True,medium,engagement_score,Rep Engagement Score,True,20.0,40.0,40.0,40.0,0.0,-20.0,Q1,6,2026-04-07,2026-04
sarreid,"Sarreid, Ltd.",iPad+Catalog+Portal,Furniture,Furniture / iPad+Catalog+Portal,tier1,4,True,medium,engagement_score,Rep Engagement Score,True,100.0,65.0,80.0,90.0,1.0,20.0,Q4,4,2026-04-07,2026-04
bcf,Braxton Culler,Full,Furniture,Furniture / Full,tier1,6,True,medium,engagement_score,Rep Engagement Score,True,40.0,32.5,40.0,40.0,0.833,0.0,Q4,6,2026-04-07,2026-04
fc,Furniture Classics,Full,Furniture,Furniture / Full,tier1,6,True,medium,engagement_score,Rep Engagement Score,True,40.0,32.5,40.0,40.0,0.833,0.0,Q4,6,2026-04-07,2026-04
jyc,Jamie Young Company,Full,Lighting,Lighting / Full,tier1,8,True,high,engagement_score,Rep Engagement Score,True,30.0,30.0,30.0,40.0,0.625,0.0,Q3,8,2026-04-07,2026-04
ta,Theodore Alexander,Full,Furniture,Furniture / Full,tier1,6,True,medium,engagement_score,Rep Engagement Score,True,60.0,32.5,40.0,40.0,1.0,20.0,Q4,6,2026-04-07,2026-04
lpf,Linon/Powell Furniture,Full,Generic B2B Wholesale,Full,tier3,19,True,low,engagement_score,Rep Engagement Score,True,40.0,30.0,40.0,40.0,0.842,0.0,Q4,19,2026-04-07,2026-04
wag,Wendover Art Group,iPad-only,,iPad-only,tier3,54,True,low,engagement_score,Rep Engagement Score,True,70.0,60.0,60.0,70.0,0.833,10.0,Q4,54,2026-04-07,2026-04
gsa,Godinger Silver Art Co.,iPad-only,Home & Decor / Housewares / Art Manufacturers,Home & Decor / Housewares / Art Manufacturers / iPad-only,tier1,9,True,high,engagement_score,Rep Engagement Score,True,70.0,60.0,60.0,70.0,0.778,10.0,Q4,9,2026-04-07,2026-04
ali,Access Lighting,iPad+Catalog+Portal,Lighting,Lighting / iPad+Catalog+Portal,tier1,5,True,medium,engagement_score,Rep Engagement Score,True,40.0,40.0,60.0,60.0,0.4,-20.0,Q2,5,2026-04-07,2026-04
gl,Golden Lighting,Full,Lighting,Lighting / Full,tier1,8,True,high,engagement_score,Rep Engagement Score,True,30.0,30.0,30.0,40.0,0.625,0.0,Q3,8,2026-04-07,2026-04
uhc,Uniware Housewares Corp.,iPad-only,Home & Decor / Housewares / Art Manufacturers,Home & Decor / Housewares / Art Manufacturers / iPad-only,tier1,9,True,high,engagement_score,Rep Engagement Score,True,90.0,60.0,60.0,70.0,1.0,30.0,Q4,9,2026-04-07,2026-04
sccon,Summer Classics Contract,Full,Furniture,Furniture / Full,tier1,6,True,medium,engagement_score,Rep Engagement Score,True,40.0,32.5,40.0,40.0,0.833,0.0,Q4,6,2026-04-07,2026-04
am,Alfonso Marina,iPad-only,Furniture,Furniture / iPad-only,tier1,16,True,high,engagement_score,Rep Engagement Score,True,60.0,45.0,60.0,60.0,0.812,0.0,Q4,16,2026-04-07,2026-04
abol,Americas Backyards,iPad-only,Furniture,Furniture / iPad-only,tier1,16,True,high,engagement_score,Rep Engagement Score,True,60.0,45.0,60.0,60.0,0.812,0.0,Q4,16,2026-04-07,2026-04
gblx,Globalux Lighting & Fans,iPad-only,Lighting,Lighting / iPad-only,tier1,18,True,high,engagement_score,Rep Engagement Score,True,60.0,60.0,60.0,67.5,0.722,0.0,Q3,18,2026-04-07,2026-04
ol,Oly Studio,iPad-only,Furniture,Furniture / iPad-only,tier1,16,True,high,engagement_score,Rep Engagement Score,True,30.0,57.5,60.0,60.0,0.188,-30.0,Q1,16,2026-04-07,2026-04
prog,Coleto Brands | Progress Lighting,iPad-only,Lighting,Lighting / iPad-only,tier1,18,True,high,engagement_score,Rep Engagement Score,True,60.0,60.0,60.0,67.5,0.722,0.0,Q3,18,2026-04-07,2026-04
sca,Shadow Catchers,iPad-only,Home & Decor / Housewares / Art Manufacturers,Home & Decor / Housewares / Art Manufacturers / iPad-only,tier1,9,True,high,engagement_score,Rep Engagement Score,True,60.0,60.0,70.0,70.0,0.444,-10.0,Q2,9,2026-04-07,2026-04
rf,Rowe Furniture,iPad-only,Furniture,Furniture / iPad-only,tier1,16,True,high,engagement_score,Rep Engagement Score,True,80.0,45.0,60.0,60.0,1.0,20.0,Q4,16,2026-04-07,2026-04
swc,Sauder Woodworking,iPad-only,Furniture,Furniture / iPad-only,tier1,16,True,high,engagement_score,Rep Engagement Score,True,60.0,45.0,60.0,60.0,0.812,0.0,Q4,16,2026-04-07,2026-04
lss,Lifestyle Solutions,iPad-only,Furniture,Furniture / iPad-only,tier1,16,True,high,engagement_score,Rep Engagement Score,True,60.0,45.0,60.0,60.0,0.812,0.0,Q4,16,2026-04-07,2026-04
soi,Silver One,iPad-only,Home & Decor / Housewares / Art Manufacturers,Home & Decor / Housewares / Art Manufacturers / iPad-only,tier1,9,True,high,engagement_score,Rep Engagement Score,True,60.0,60.0,70.0,70.0,0.444,-10.0,Q2,9,2026-04-07,2026-04
etl,ELICO LTD.,iPad-only,Home & Decor / Housewares / Art Manufacturers,Home & Decor / Housewares / Art Manufacturers / iPad-only,tier1,9,True,high,engagement_score,Rep Engagement Score,True,80.0,60.0,60.0,70.0,0.889,20.0,Q4,9,2026-04-07,2026-04
krb,Kaleen Rugs & Broadloom,iPad-only,Home & Decor / Housewares / Art Manufacturers,Home & Decor / Housewares / Art Manufacturers / iPad-only,tier1,9,True,high,engagement_score,Rep Engagement Score,True,30.0,60.0,70.0,70.0,0.0,-40.0,Q1,9,2026-04-07,2026-04
dals,DALS Lighting,iPad-only,,iPad-only,tier3,54,True,low,engagement_score,Rep Engagement Score,True,50.0,60.0,60.0,70.0,0.167,-10.0,Q1,54,2026-04-07,2026-04
ihw,Interlude Furniture,iPad+Catalog+Portal,Furniture,Furniture / iPad+Catalog+Portal,tier1,4,True,medium,engagement_score,Rep Engagement Score,True,70.0,80.0,90.0,92.5,0.25,-20.0,Q2,4,2026-04-07,2026-04
sc,Gabriella White,iPad+Catalog+Portal,,iPad+Catalog+Portal,tier3,13,True,low,engagement_score,Rep Engagement Score,True,90.0,50.0,70.0,80.0,0.923,20.0,Q4,13,2026-04-07,2026-04
ih,Interlude Home,iPad+Catalog+Portal,Furniture,Furniture / iPad+Catalog+Portal,tier1,4,True,medium,engagement_score,Rep Engagement Score,True,90.0,65.0,80.0,92.5,0.75,10.0,Q4,4,2026-04-07,2026-04
rw,RENWIL,iPad+Catalog+Portal,Home & Decor / Housewares / Art Manufacturers,Home & Decor / Housewares / Art Manufacturers,tier2,14,True,low,engagement_score,Rep Engagement Score,True,70.0,30.0,60.0,70.0,0.857,10.0,Q4,14,2026-04-07,2026-04
cci,Currey & Company,iPad+Catalog+Portal,Lighting,Lighting / iPad+Catalog+Portal,tier1,5,True,medium,engagement_score,Rep Engagement Score,True,80.0,40.0,40.0,60.0,1.0,40.0,Q4,5,2026-04-07,2026-04
ml,Millennium Lighting,iPad+Catalog,Lighting,Lighting,tier2,35,True,low,engagement_score,Rep Engagement Score,True,60.0,40.0,60.0,60.0,0.829,0.0,Q4,35,2026-04-07,2026-04
mlc,Matteo Lighting,iPad-only,Lighting,Lighting / iPad-only,tier1,18,True,high,engagement_score,Rep Engagement Score,True,60.0,60.0,60.0,67.5,0.722,0.0,Q3,18,2026-04-07,2026-04
da,Dainolite Ltd.,iPad-only,Lighting,Lighting / iPad-only,tier1,18,True,high,engagement_score,Rep Engagement Score,True,70.0,60.0,60.0,60.0,0.889,10.0,Q4,18,2026-04-07,2026-04
mlg,Minka Lighting Group,iPad-only,,iPad-only,tier3,54,True,low,engagement_score,Rep Engagement Score,True,70.0,60.0,60.0,70.0,0.833,10.0,Q4,54,2026-04-07,2026-04
kal,Kalco Lighting / Allegri Crystal,Full,Lighting,Lighting / Full,tier1,8,True,high,engagement_score,Rep Engagement Score,True,20.0,30.0,30.0,40.0,0.0,-10.0,Q1,8,2026-04-07,2026-04
ihm,International Home Miami,iPad-only,Furniture,Furniture / iPad-only,tier1,16,True,high,engagement_score,Rep Engagement Score,True,60.0,45.0,60.0,60.0,0.812,0.0,Q4,16,2026-04-07,2026-04
eglo,Eglo USA Inc.,iPad-only,Lighting,Lighting / iPad-only,tier1,18,True,high,engagement_score,Rep Engagement Score,True,60.0,60.0,60.0,67.5,0.722,0.0,Q3,18,2026-04-07,2026-04
eli,Elegant Furniture & Lighting,iPad+Catalog+Cart,Lighting,Lighting,tier2,35,True,low,engagement_score,Rep Engagement Score,True,30.0,40.0,60.0,60.0,0.2,-30.0,Q1,35,2026-04-07,2026-04
wwjc,Wildwood/Chelsea House,Full,Lighting,Lighting / Full,tier1,8,True,high,engagement_score,Rep Engagement Score,True,40.0,30.0,30.0,32.5,0.875,10.0,Q4,8,2026-04-07,2026-04
clli,Craftmade,iPad+Catalog+Portal,Lighting,Lighting / iPad+Catalog+Portal,tier1,5,True,medium,engagement_score,Rep Engagement Score,True,30.0,40.0,60.0,60.0,0.0,-30.0,Q1,5,2026-04-07,2026-04
el,Eurofase Inc.,iPad+Catalog+Portal,,iPad+Catalog+Portal,tier3,13,True,low,engagement_score,Rep Engagement Score,True,70.0,50.0,70.0,90.0,0.615,0.0,Q3,13,2026-04-07,2026-04
hfg,Hubbardton Forge,iPad+Catalog+Portal,Lighting,Lighting / iPad+Catalog+Portal,tier1,5,True,medium,engagement_score,Rep Engagement Score,True,60.0,40.0,40.0,60.0,0.8,20.0,Q4,5,2026-04-07,2026-04
pf,Palecek,iPad+Catalog,Furniture,Furniture,tier2,32,True,low,engagement_score,Rep Engagement Score,True,80.0,37.5,60.0,60.0,0.906,20.0,Q4,32,2026-04-07,2026-04
kl,Coleto Brands | Kichler,iPad-only,Lighting,Lighting / iPad-only,tier1,18,True,high,engagement_score,Rep Engagement Score,True,60.0,60.0,60.0,67.5,0.722,0.0,Q3,18,2026-04-07,2026-04
eglo_can,EGLO Canada,iPad-only,Lighting,Lighting / iPad-only,tier1,18,True,high,engagement_score,Rep Engagement Score,True,60.0,60.0,60.0,67.5,0.722,0.0,Q3,18,2026-04-07,2026-04
arl,Arabela Lighting,iPad-only,Lighting,Lighting / iPad-only,tier1,18,True,high,engagement_score,Rep Engagement Score,True,60.0,60.0,60.0,67.5,0.722,0.0,Q3,18,2026-04-07,2026-04
cf,Century Furniture,iPad-only,Furniture,Furniture / iPad-only,tier1,16,True,high,engagement_score,Rep Engagement Score,True,30.0,57.5,60.0,60.0,0.188,-30.0,Q1,16,2026-04-07,2026-04
hh,Highland House,iPad-only,Furniture,Furniture / iPad-only,tier1,16,True,high,engagement_score,Rep Engagement Score,True,30.0,57.5,60.0,60.0,0.188,-30.0,Q1,16,2026-04-07,2026-04
luc,Lucas McKearn,iPad-only,Lighting,Lighting / iPad-only,tier1,18,True,high,engagement_score,Rep Engagement Score,True,60.0,60.0,60.0,67.5,0.722,0.0,Q3,18,2026-04-07,2026-04
vce,Visual Comfort Europe,iPad-only,Lighting,Lighting / iPad-only,tier1,18,True,high,engagement_score,Rep Engagement Score,True,80.0,60.0,60.0,60.0,1.0,20.0,Q4,18,2026-04-07,2026-04
mpc,Pioneer Morton,iPad+Catalog+Cart,Generic B2B Wholesale,iPad+Catalog+Cart,tier3,8,True,low,engagement_score,Rep Engagement Score,True,60.0,30.0,30.0,45.0,0.875,30.0,Q4,8,2026-04-07,2026-04
all,Accord Lighting,iPad-only,,iPad-only,tier3,54,True,low,engagement_score,Rep Engagement Score,True,60.0,60.0,60.0,70.0,0.667,0.0,Q3,54,2026-04-07,2026-04
gh,Gabby,Full,,Full,tier3,19,True,low,engagement_score,Rep Engagement Score,True,40.0,30.0,40.0,40.0,0.842,0.0,Q4,19,2026-04-07,2026-04
gcl,Geo Contemporary,iPad-only,Lighting,Lighting / iPad-only,tier1,18,True,high,engagement_score,Rep Engagement Score,True,60.0,60.0,60.0,67.5,0.722,0.0,Q3,18,2026-04-07,2026-04
mh,Magnussen Home,iPad-only,,iPad-only,tier3,54,True,low,engagement_score,Rep Engagement Score,True,80.0,60.0,60.0,70.0,0.981,20.0,Q4,54,2026-04-07,2026-04
asi,Abaline Supply Inc.,Full,,Full,tier3,19,True,low,engagement_score,Rep Engagement Score,True,60.0,30.0,40.0,40.0,1.0,20.0,Q4,19,2026-04-07,2026-04
kkc,Kindel Karges Furniture,iPad-only,Furniture,Furniture / iPad-only,tier1,16,True,high,engagement_score,Rep Engagement Score,True,50.0,52.5,60.0,60.0,0.25,-10.0,Q2,16,2026-04-07,2026-04
clc,Capital Lighting Fixture Co.,Full,Lighting,Lighting / Full,tier1,8,True,high,engagement_score,Rep Engagement Score,True,50.0,30.0,30.0,32.5,1.0,20.0,Q4,8,2026-04-07,2026-04
shl,Savoy House Lighting,Full,Lighting,Lighting / Full,tier1,8,True,high,engagement_score,Rep Engagement Score,True,30.0,30.0,30.0,40.0,0.625,0.0,Q3,8,2026-04-07,2026-04
bsc,Butler Specialty Company,iPad-only,Furniture,Furniture / iPad-only,tier1,16,True,high,engagement_score,Rep Engagement Score,True,60.0,45.0,60.0,60.0,0.812,0.0,Q4,16,2026-04-07,2026-04
sp,"Sabine Pools, Spas, & Furniture",iPad-only,Furniture,Furniture / iPad-only,tier1,16,True,high,engagement_score,Rep Engagement Score,True,80.0,45.0,60.0,60.0,1.0,20.0,Q4,16,2026-04-07,2026-04
sbl,Schonbek Lighting,iPad-only,Furniture,Furniture / iPad-only,tier1,16,True,high,engagement_score,Rep Engagement Score,True,60.0,45.0,60.0,60.0,0.812,0.0,Q4,16,2026-04-07,2026-04
mli,Maxim Lighting,iPad-only,,iPad-only,tier3,54,True,low,engagement_score,Rep Engagement Score,True,80.0,60.0,60.0,70.0,0.981,20.0,Q4,54,2026-04-07,2026-04
kll,Kuzco Lighting Inc.,Full,Lighting,Lighting / Full,tier1,8,True,high,engagement_score,Rep Engagement Score,True,30.0,30.0,30.0,40.0,0.625,0.0,Q3,8,2026-04-07,2026-04
ufi,Universal Furniture,iPad+Catalog+Portal,Furniture,Furniture / iPad+Catalog+Portal,tier1,4,True,medium,engagement_score,Rep Engagement Score,True,90.0,65.0,80.0,92.5,0.75,10.0,Q4,4,2026-04-07,2026-04
scw,Summer Classics,Full,,Full,tier3,19,True,low,engagement_score,Rep Engagement Score,True,40.0,30.0,40.0,40.0,0.842,0.0,Q4,19,2026-04-07,2026-04
wac,WAC/Modern Forms Lighting,iPad-only,Lighting,Lighting / iPad-only,tier1,18,True,high,engagement_score,Rep Engagement Score,True,60.0,60.0,60.0,67.5,0.722,0.0,Q3,18,2026-04-07,2026-04
clm,Crystorama,iPad+Catalog+Portal,Lighting,Lighting / iPad+Catalog+Portal,tier1,5,True,medium,engagement_score,Rep Engagement Score,True,40.0,40.0,60.0,60.0,0.4,-20.0,Q2,5,2026-04-07,2026-04
ap,Alden Home,iPad+Catalog+Cart,Furniture,Furniture,tier2,32,True,low,engagement_score,Rep Engagement Score,True,30.0,40.0,60.0,62.5,0.219,-30.0,Q1,32,2026-04-07,2026-04
fms,Visual Comfort - Studio /Fans,iPad-only,Lighting,Lighting / iPad-only,tier1,18,True,high,engagement_score,Rep Engagement Score,True,80.0,60.0,60.0,60.0,1.0,20.0,Q4,18,2026-04-07,2026-04
tla,Visual Comfort - Modern,iPad-only,Lighting,Lighting / iPad-only,tier1,18,True,high,engagement_score,Rep Engagement Score,True,70.0,60.0,60.0,60.0,0.889,10.0,Q4,18,2026-04-07,2026-04
hvl,Hudson Valley Lighting,iPad-only,,iPad-only,tier3,54,True,low,engagement_score,Rep Engagement Score,True,50.0,60.0,60.0,70.0,0.167,-10.0,Q1,54,2026-04-07,2026-04
st,Sixtrees Limited,iPad+Catalog,Home & Decor / Housewares / Art Manufacturers,Home & Decor / Housewares / Art Manufacturers,tier2,14,True,low,engagement_score,Rep Engagement Score,True,30.0,35.0,60.0,70.0,0.286,-30.0,Q2,14,2026-04-07,2026-04
vl,Ciana Varaluz LLC,iPad+Catalog+Portal,Lighting,Lighting / iPad+Catalog+Portal,tier1,5,True,medium,engagement_score,Rep Engagement Score,True,60.0,40.0,40.0,60.0,0.8,20.0,Q4,5,2026-04-07,2026-04
pw,Philip Whitney,iPad-only,Home & Decor / Housewares / Art Manufacturers,Home & Decor / Housewares / Art Manufacturers / iPad-only,tier1,9,True,high,engagement_score,Rep Engagement Score,True,50.0,60.0,70.0,70.0,0.111,-20.0,Q1,9,2026-04-07,2026-04
ssi,"Studio Silversmiths, Inc.",iPad-only,Home & Decor / Housewares / Art Manufacturers,Home & Decor / Housewares / Art Manufacturers / iPad-only,tier1,9,True,high,engagement_score,Rep Engagement Score,True,60.0,60.0,70.0,70.0,0.444,-10.0,Q2,9,2026-04-07,2026-04
rac,Ricci Argentieri Company,iPad-only,Home & Decor / Housewares / Art Manufacturers,Home & Decor / Housewares / Art Manufacturers / iPad-only,tier1,9,True,high,engagement_score,Rep Engagement Score,True,70.0,60.0,60.0,70.0,0.778,10.0,Q4,9,2026-04-07,2026-04
tl,Troy Lighting,iPad-only,Lighting,Lighting / iPad-only,tier1,18,True,high,engagement_score,Rep Engagement Score,True,40.0,60.0,60.0,67.5,0.0,-20.0,Q1,18,2026-04-07,2026-04
bp,Buster & Punch,iPad-only,,iPad-only,tier3,54,True,low,operational_health_score,Operational Health Score,True,36.0,50.0,67.0,91.0,0.167,-31.0,Q1,54,2026-04-07,2026-04
yw,Yutzy Woodworking,iPad-only,Furniture,Furniture / iPad-only,tier1,16,True,high,operational_health_score,Operational Health Score,True,30.0,49.5,69.0,89.0,0.062,-39.0,Q1,16,2026-04-07,2026-04
dccl,Donald Choi Canada,iPad+Catalog+Cart,,iPad+Catalog+Cart,tier3,8,True,low,operational_health_score,Operational Health Score,True,46.0,53.5,69.0,85.0,0.0,-23.0,Q1,8,2026-04-07,2026-04
tam,Theodore Alexander Manhasset,iPad-only,Furniture,Furniture / iPad-only,tier1,16,True,high,operational_health_score,Operational Health Score,True,80.0,46.5,65.0,89.0,0.688,15.0,Q3,16,2026-04-07,2026-04
jc,Jonathan Charles Fine Furniture Ltd.,iPad+Catalog+Portal,Furniture,Furniture / iPad+Catalog+Portal,tier1,4,True,medium,operational_health_score,Operational Health Score,True,78.0,83.5,91.0,94.0,0.25,-13.0,Q2,4,2026-04-07,2026-04
cfg,Charleston Forge,iPad+Catalog+Cart,,iPad+Catalog+Cart,tier3,8,True,low,operational_health_score,Operational Health Score,True,54.0,52.0,69.0,85.0,0.375,-15.0,Q2,8,2026-04-07,2026-04
big,Baker-McGuire,iPad-only,,iPad-only,tier3,54,True,low,operational_health_score,Operational Health Score,True,82.0,48.5,65.0,91.0,0.685,17.0,Q3,54,2026-04-07,2026-04
ril,Ratana International Ltd.,Full,Furniture,Furniture / Full,tier1,6,True,medium,operational_health_score,Operational Health Score,True,70.0,65.5,85.0,92.5,0.333,-15.0,Q2,6,2026-04-07,2026-04
jcusa,Jonathan Charles Designs Inc.,iPad-only,Furniture,Furniture / iPad-only,tier1,16,True,high,operational_health_score,Operational Health Score,True,100.0,46.5,65.0,82.0,1.0,35.0,Q4,16,2026-04-07,2026-04
fsf,Four Seasons Furniture,Full,Furniture,Furniture / Full,tier1,6,True,medium,operational_health_score,Operational Health Score,True,94.0,62.5,76.0,86.5,0.833,18.0,Q4,6,2026-04-07,2026-04
tel,Tomlinson Companies,iPad+Catalog,Furniture,Furniture,tier2,32,True,low,operational_health_score,Operational Health Score,True,0.0,57.0,74.0,92.5,0.0,-74.0,Q1,32,2026-04-07,2026-04
mfc,Morgan Fabrics Corporation,iPad+Catalog,Home & Decor / Housewares / Art Manufacturers,Home & Decor / Housewares / Art Manufacturers,tier2,14,True,low,operational_health_score,Operational Health Score,True,26.0,72.5,85.0,95.5,0.071,-59.0,Q1,14,2026-04-07,2026-04
gc,Groupe Courchesne,iPad+Catalog+Cart,Home & Decor / Housewares / Art Manufacturers,Home & Decor / Housewares / Art Manufacturers,tier2,14,True,low,operational_health_score,Operational Health Score,True,80.0,56.5,85.0,95.5,0.357,-5.0,Q2,14,2026-04-07,2026-04
df,Designers Fountain,iPad-only,Lighting,Lighting / iPad-only,tier1,18,True,high,operational_health_score,Operational Health Score,True,100.0,51.0,60.0,84.5,1.0,40.0,Q4,18,2026-04-07,2026-04
vcg,Visual Comfort Signature,iPad-only,Lighting,Lighting / iPad-only,tier1,18,True,high,operational_health_score,Operational Health Score,True,60.0,51.0,61.0,93.5,0.5,-1.0,Q3,18,2026-04-07,2026-04
vic,Vaxcel International Corporation,Full,Lighting,Lighting / Full,tier1,8,True,high,operational_health_score,Operational Health Score,True,50.0,63.0,75.0,85.0,0.125,-25.0,Q1,8,2026-04-07,2026-04
ah,Alfresco Home,iPad+Catalog+Cart,Furniture,Furniture,tier2,32,True,low,operational_health_score,Operational Health Score,True,100.0,53.0,70.0,89.0,1.0,30.0,Q4,32,2026-04-07,2026-04
kii,"Kennedy International, Inc.",iPad+Catalog+Cart,,iPad+Catalog+Cart,tier3,8,True,low,operational_health_score,Operational Health Score,True,52.0,53.5,69.0,85.0,0.25,-17.0,Q2,8,2026-04-07,2026-04
mah,Moda at Home Enterprises Ltd,iPad+Catalog+Cart,Home & Decor / Housewares / Art Manufacturers,Home & Decor / Housewares / Art Manufacturers,tier2,14,True,low,operational_health_score,Operational Health Score,True,52.0,72.5,85.0,95.5,0.214,-33.0,Q1,14,2026-04-07,2026-04
hf,Hooker Furnishings,iPad-only,Furniture,Furniture / iPad-only,tier1,16,True,high,operational_health_score,Operational Health Score,True,54.0,46.5,69.0,89.0,0.375,-15.0,Q2,16,2026-04-07,2026-04
afx,"AFX, Inc.",iPad-only,Lighting,Lighting / iPad-only,tier1,18,True,high,operational_health_score,Operational Health Score,True,100.0,51.0,60.0,84.5,1.0,40.0,Q4,18,2026-04-07,2026-04
heb,Home Essentials & Beyond,iPad-only,Home & Decor / Housewares / Art Manufacturers,Home & Decor / Housewares / Art Manufacturers / iPad-only,tier1,9,True,high,operational_health_score,Operational Health Score,True,70.0,82.0,94.0,96.0,0.222,-24.0,Q1,9,2026-04-07,2026-04
fal,Fine Art Handcrafted Lighting,iPad-only,Lighting,Lighting / iPad-only,tier1,18,True,high,operational_health_score,Operational Health Score,True,30.0,55.0,61.0,93.5,0.056,-31.0,Q1,18,2026-04-07,2026-04
bri,Bulbrite,Full,Lighting,Lighting / Full,tier1,8,True,high,operational_health_score,Operational Health Score,True,80.0,57.5,67.0,85.0,0.75,13.0,Q4,8,2026-04-07,2026-04
sbmh,Somerset Bay and Modern History,Full,Furniture,Furniture / Full,tier1,6,True,medium,operational_health_score,Operational Health Score,True,60.0,73.0,85.0,92.5,0.167,-25.0,Q1,6,2026-04-07,2026-04
sarreid,"Sarreid, Ltd.",iPad+Catalog+Portal,Furniture,Furniture / iPad+Catalog+Portal,tier1,4,True,medium,operational_health_score,Operational Health Score,True,94.0,76.0,83.0,89.5,1.0,11.0,Q4,4,2026-04-07,2026-04
bcf,Braxton Culler,Full,Furniture,Furniture / Full,tier1,6,True,medium,operational_health_score,Operational Health Score,True,88.0,62.5,76.0,91.0,0.667,12.0,Q3,6,2026-04-07,2026-04
fc,Furniture Classics,Full,Furniture,Furniture / Full,tier1,6,True,medium,operational_health_score,Operational Health Score,True,40.0,73.0,85.0,92.5,0.0,-45.0,Q1,6,2026-04-07,2026-04
jyc,Jamie Young Company,Full,Lighting,Lighting / Full,tier1,8,True,high,operational_health_score,Operational Health Score,True,60.0,60.5,75.0,85.0,0.25,-15.0,Q2,8,2026-04-07,2026-04
ta,Theodore Alexander,Full,Furniture,Furniture / Full,tier1,6,True,medium,operational_health_score,Operational Health Score,True,100.0,62.5,76.0,86.5,1.0,24.0,Q4,6,2026-04-07,2026-04
lpf,Linon/Powell Furniture,Full,Generic B2B Wholesale,Full,tier3,19,True,low,operational_health_score,Operational Health Score,True,56.0,62.0,80.0,88.0,0.158,-24.0,Q1,19,2026-04-07,2026-04
wag,Wendover Art Group,iPad-only,,iPad-only,tier3,54,True,low,operational_health_score,Operational Health Score,True,70.0,48.5,65.0,91.0,0.593,5.0,Q3,54,2026-04-07,2026-04
gsa,Godinger Silver Art Co.,iPad-only,Home & Decor / Housewares / Art Manufacturers,Home & Decor / Housewares / Art Manufacturers / iPad-only,tier1,9,True,high,operational_health_score,Operational Health Score,True,82.0,70.0,94.0,96.0,0.333,-12.0,Q2,9,2026-04-07,2026-04
ali,Access Lighting,iPad+Catalog+Portal,Lighting,Lighting / iPad+Catalog+Portal,tier1,5,True,medium,operational_health_score,Operational Health Score,True,70.0,64.0,70.0,80.0,0.6,0.0,Q3,5,2026-04-07,2026-04
gl,Golden Lighting,Full,Lighting,Lighting / Full,tier1,8,True,high,operational_health_score,Operational Health Score,True,80.0,57.5,67.0,85.0,0.75,13.0,Q4,8,2026-04-07,2026-04
uhc,Uniware Housewares Corp.,iPad-only,Home & Decor / Housewares / Art Manufacturers,Home & Decor / Housewares / Art Manufacturers / iPad-only,tier1,9,True,high,operational_health_score,Operational Health Score,True,100.0,70.0,88.0,94.0,1.0,12.0,Q4,9,2026-04-07,2026-04
sccon,Summer Classics Contract,Full,Furniture,Furniture / Full,tier1,6,True,medium,operational_health_score,Operational Health Score,True,82.0,62.5,79.0,92.5,0.5,3.0,Q3,6,2026-04-07,2026-04
am,Alfonso Marina,iPad-only,Furniture,Furniture / iPad-only,tier1,16,True,high,operational_health_score,Operational Health Score,True,50.0,46.5,69.0,89.0,0.312,-19.0,Q2,16,2026-04-07,2026-04
abol,Americas Backyards,iPad-only,Furniture,Furniture / iPad-only,tier1,16,True,high,operational_health_score,Operational Health Score,True,70.0,46.5,65.0,89.0,0.625,5.0,Q3,16,2026-04-07,2026-04
gblx,Globalux Lighting & Fans,iPad-only,Lighting,Lighting / iPad-only,tier1,18,True,high,operational_health_score,Operational Health Score,True,40.0,55.0,61.0,93.5,0.167,-21.0,Q1,18,2026-04-07,2026-04
ol,Oly Studio,iPad-only,Furniture,Furniture / iPad-only,tier1,16,True,high,operational_health_score,Operational Health Score,True,68.0,46.5,66.0,89.0,0.5,2.0,Q3,16,2026-04-07,2026-04
prog,Coleto Brands | Progress Lighting,iPad-only,Lighting,Lighting / iPad-only,tier1,18,True,high,operational_health_score,Operational Health Score,True,62.0,51.0,60.0,93.5,0.556,2.0,Q3,18,2026-04-07,2026-04
sca,Shadow Catchers,iPad-only,Home & Decor / Housewares / Art Manufacturers,Home & Decor / Housewares / Art Manufacturers / iPad-only,tier1,9,True,high,operational_health_score,Operational Health Score,True,96.0,70.0,88.0,94.0,0.778,8.0,Q4,9,2026-04-07,2026-04
rf,Rowe Furniture,iPad-only,Furniture,Furniture / iPad-only,tier1,16,True,high,operational_health_score,Operational Health Score,True,48.0,48.0,69.0,89.0,0.25,-21.0,Q2,16,2026-04-07,2026-04
swc,Sauder Woodworking,iPad-only,Furniture,Furniture / iPad-only,tier1,16,True,high,operational_health_score,Operational Health Score,True,100.0,46.5,65.0,82.0,1.0,35.0,Q4,16,2026-04-07,2026-04
lss,Lifestyle Solutions,iPad-only,Furniture,Furniture / iPad-only,tier1,16,True,high,operational_health_score,Operational Health Score,True,88.0,46.5,65.0,83.0,0.75,23.0,Q4,16,2026-04-07,2026-04
soi,Silver One,iPad-only,Home & Decor / Housewares / Art Manufacturers,Home & Decor / Housewares / Art Manufacturers / iPad-only,tier1,9,True,high,operational_health_score,Operational Health Score,True,32.0,82.0,94.0,96.0,0.111,-62.0,Q1,9,2026-04-07,2026-04
etl,ELICO LTD.,iPad-only,Home & Decor / Housewares / Art Manufacturers,Home & Decor / Housewares / Art Manufacturers / iPad-only,tier1,9,True,high,operational_health_score,Operational Health Score,True,94.0,70.0,88.0,96.0,0.667,6.0,Q3,9,2026-04-07,2026-04
krb,Kaleen Rugs & Broadloom,iPad-only,Home & Decor / Housewares / Art Manufacturers,Home & Decor / Housewares / Art Manufacturers / iPad-only,tier1,9,True,high,operational_health_score,Operational Health Score,True,8.0,82.0,94.0,96.0,0.0,-86.0,Q1,9,2026-04-07,2026-04
dals,DALS Lighting,iPad-only,,iPad-only,tier3,54,True,low,operational_health_score,Operational Health Score,True,40.0,50.0,67.0,91.0,0.204,-27.0,Q1,54,2026-04-07,2026-04
ihw,Interlude Furniture,iPad+Catalog+Portal,Furniture,Furniture / iPad+Catalog+Portal,tier1,4,True,medium,operational_health_score,Operational Health Score,True,88.0,76.0,86.0,94.0,0.5,2.0,Q3,4,2026-04-07,2026-04
sc,Gabriella White,iPad+Catalog+Portal,,iPad+Catalog+Portal,tier3,13,True,low,operational_health_score,Operational Health Score,True,82.0,70.0,78.0,94.0,0.615,4.0,Q3,13,2026-04-07,2026-04
ih,Interlude Home,iPad+Catalog+Portal,Furniture,Furniture / iPad+Catalog+Portal,tier1,4,True,medium,operational_health_score,Operational Health Score,True,94.0,76.0,83.0,89.5,1.0,11.0,Q4,4,2026-04-07,2026-04
rw,RENWIL,iPad+Catalog+Portal,Home & Decor / Housewares / Art Manufacturers,Home & Decor / Housewares / Art Manufacturers,tier2,14,True,low,operational_health_score,Operational Health Score,True,100.0,56.5,82.0,94.0,1.0,18.0,Q4,14,2026-04-07,2026-04
cci,Currey & Company,iPad+Catalog+Portal,Lighting,Lighting / iPad+Catalog+Portal,tier1,5,True,medium,operational_health_score,Operational Health Score,True,64.0,70.0,70.0,80.0,0.2,-6.0,Q1,5,2026-04-07,2026-04
ml,Millennium Lighting,iPad+Catalog,Lighting,Lighting,tier2,35,True,low,operational_health_score,Operational Health Score,True,100.0,56.0,64.0,83.0,1.0,36.0,Q4,35,2026-04-07,2026-04
mlc,Matteo Lighting,iPad-only,Lighting,Lighting / iPad-only,tier1,18,True,high,operational_health_score,Operational Health Score,True,100.0,51.0,60.0,84.5,1.0,40.0,Q4,18,2026-04-07,2026-04
da,Dainolite Ltd.,iPad-only,Lighting,Lighting / iPad-only,tier1,18,True,high,operational_health_score,Operational Health Score,True,60.0,51.0,61.0,93.5,0.5,-1.0,Q3,18,2026-04-07,2026-04
mlg,Minka Lighting Group,iPad-only,,iPad-only,tier3,54,True,low,operational_health_score,Operational Health Score,True,60.0,48.5,67.0,91.0,0.426,-7.0,Q2,54,2026-04-07,2026-04
kal,Kalco Lighting / Allegri Crystal,Full,Lighting,Lighting / Full,tier1,8,True,high,operational_health_score,Operational Health Score,True,64.0,57.5,75.0,85.0,0.375,-11.0,Q2,8,2026-04-07,2026-04
ihm,International Home Miami,iPad-only,Furniture,Furniture / iPad-only,tier1,16,True,high,operational_health_score,Operational Health Score,True,92.0,46.5,65.0,82.0,0.812,27.0,Q4,16,2026-04-07,2026-04
eglo,Eglo USA Inc.,iPad-only,Lighting,Lighting / iPad-only,tier1,18,True,high,operational_health_score,Operational Health Score,True,60.0,51.0,61.0,93.5,0.5,-1.0,Q3,18,2026-04-07,2026-04
eli,Elegant Furniture & Lighting,iPad+Catalog+Cart,Lighting,Lighting,tier2,35,True,low,operational_health_score,Operational Health Score,True,80.0,56.0,64.0,90.0,0.714,16.0,Q3,35,2026-04-07,2026-04
wwjc,Wildwood/Chelsea House,Full,Lighting,Lighting / Full,tier1,8,True,high,operational_health_score,Operational Health Score,True,100.0,57.5,67.0,80.0,1.0,33.0,Q4,8,2026-04-07,2026-04
clli,Craftmade,iPad+Catalog+Portal,Lighting,Lighting / iPad+Catalog+Portal,tier1,5,True,medium,operational_health_score,Operational Health Score,True,94.0,64.0,70.0,70.0,1.0,24.0,Q4,5,2026-04-07,2026-04
el,Eurofase Inc.,iPad+Catalog+Portal,,iPad+Catalog+Portal,tier3,13,True,low,operational_health_score,Operational Health Score,True,70.0,70.0,80.0,94.0,0.385,-10.0,Q2,13,2026-04-07,2026-04
hfg,Hubbardton Forge,iPad+Catalog+Portal,Lighting,Lighting / iPad+Catalog+Portal,tier1,5,True,medium,operational_health_score,Operational Health Score,True,70.0,64.0,70.0,80.0,0.6,0.0,Q3,5,2026-04-07,2026-04
pf,Palecek,iPad+Catalog,Furniture,Furniture,tier2,32,True,low,operational_health_score,Operational Health Score,True,80.0,53.0,70.0,92.5,0.594,10.0,Q3,32,2026-04-07,2026-04
kl,Coleto Brands | Kichler,iPad-only,Lighting,Lighting / iPad-only,tier1,18,True,high,operational_health_score,Operational Health Score,True,86.0,51.0,60.0,92.0,0.722,26.0,Q3,18,2026-04-07,2026-04
eglo_can,EGLO Canada,iPad-only,Lighting,Lighting / iPad-only,tier1,18,True,high,operational_health_score,Operational Health Score,True,80.0,51.0,60.0,93.5,0.667,20.0,Q3,18,2026-04-07,2026-04
arl,Arabela Lighting,iPad-only,Lighting,Lighting / iPad-only,tier1,18,True,high,operational_health_score,Operational Health Score,True,96.0,51.0,60.0,84.5,0.778,36.0,Q4,18,2026-04-07,2026-04
cf,Century Furniture,iPad-only,Furniture,Furniture / iPad-only,tier1,16,True,high,operational_health_score,Operational Health Score,True,62.0,46.5,69.0,89.0,0.438,-7.0,Q2,16,2026-04-07,2026-04
hh,Highland House,iPad-only,Furniture,Furniture / iPad-only,tier1,16,True,high,operational_health_score,Operational Health Score,True,42.0,49.5,69.0,89.0,0.188,-27.0,Q1,16,2026-04-07,2026-04
luc,Lucas McKearn,iPad-only,Lighting,Lighting / iPad-only,tier1,18,True,high,operational_health_score,Operational Health Score,True,58.0,51.0,61.0,93.5,0.333,-3.0,Q2,18,2026-04-07,2026-04
vce,Visual Comfort Europe,iPad-only,Lighting,Lighting / iPad-only,tier1,18,True,high,operational_health_score,Operational Health Score,True,100.0,51.0,60.0,84.5,1.0,40.0,Q4,18,2026-04-07,2026-04
mpc,Pioneer Morton,iPad+Catalog+Cart,Generic B2B Wholesale,iPad+Catalog+Cart,tier3,8,True,low,operational_health_score,Operational Health Score,True,100.0,52.0,56.0,80.0,1.0,44.0,Q4,8,2026-04-07,2026-04
all,Accord Lighting,iPad-only,,iPad-only,tier3,54,True,low,operational_health_score,Operational Health Score,True,66.0,48.5,66.0,91.0,0.5,0.0,Q3,54,2026-04-07,2026-04
gh,Gabby,Full,,Full,tier3,19,True,low,operational_health_score,Operational Health Score,True,82.0,60.0,80.0,88.0,0.684,2.0,Q3,19,2026-04-07,2026-04
gcl,Geo Contemporary,iPad-only,Lighting,Lighting / iPad-only,tier1,18,True,high,operational_health_score,Operational Health Score,True,64.0,51.0,60.0,93.5,0.611,4.0,Q3,18,2026-04-07,2026-04
mh,Magnussen Home,iPad-only,,iPad-only,tier3,54,True,low,operational_health_score,Operational Health Score,True,30.0,50.0,67.0,91.0,0.093,-37.0,Q1,54,2026-04-07,2026-04
asi,Abaline Supply Inc.,Full,,Full,tier3,19,True,low,operational_health_score,Operational Health Score,True,82.0,60.0,80.0,88.0,0.684,2.0,Q3,19,2026-04-07,2026-04
kkc,Kindel Karges Furniture,iPad-only,Furniture,Furniture / iPad-only,tier1,16,True,high,operational_health_score,Operational Health Score,True,100.0,46.5,65.0,82.0,1.0,35.0,Q4,16,2026-04-07,2026-04
clc,Capital Lighting Fixture Co.,Full,Lighting,Lighting / Full,tier1,8,True,high,operational_health_score,Operational Health Score,True,100.0,57.5,67.0,80.0,1.0,33.0,Q4,8,2026-04-07,2026-04
shl,Savoy House Lighting,Full,Lighting,Lighting / Full,tier1,8,True,high,operational_health_score,Operational Health Score,True,70.0,57.5,72.0,85.0,0.5,-2.0,Q3,8,2026-04-07,2026-04
bsc,Butler Specialty Company,iPad-only,Furniture,Furniture / iPad-only,tier1,16,True,high,operational_health_score,Operational Health Score,True,70.0,46.5,65.0,89.0,0.625,5.0,Q3,16,2026-04-07,2026-04
sp,"Sabine Pools, Spas, & Furniture",iPad-only,Furniture,Furniture / iPad-only,tier1,16,True,high,operational_health_score,Operational Health Score,True,36.0,49.5,69.0,89.0,0.125,-33.0,Q1,16,2026-04-07,2026-04
sbl,Schonbek Lighting,iPad-only,Furniture,Furniture / iPad-only,tier1,16,True,high,operational_health_score,Operational Health Score,True,30.0,49.5,69.0,89.0,0.062,-39.0,Q1,16,2026-04-07,2026-04
mli,Maxim Lighting,iPad-only,,iPad-only,tier3,54,True,low,operational_health_score,Operational Health Score,True,82.0,48.5,65.0,91.0,0.685,17.0,Q3,54,2026-04-07,2026-04
kll,Kuzco Lighting Inc.,Full,Lighting,Lighting / Full,tier1,8,True,high,operational_health_score,Operational Health Score,True,50.0,63.0,75.0,85.0,0.125,-25.0,Q1,8,2026-04-07,2026-04
ufi,Universal Furniture,iPad+Catalog+Portal,Furniture,Furniture / iPad+Catalog+Portal,tier1,4,True,medium,operational_health_score,Operational Health Score,True,70.0,85.5,91.0,94.0,0.0,-21.0,Q1,4,2026-04-07,2026-04
scw,Summer Classics,Full,,Full,tier3,19,True,low,operational_health_score,Operational Health Score,True,88.0,60.0,80.0,85.0,0.789,8.0,Q4,19,2026-04-07,2026-04
wac,WAC/Modern Forms Lighting,iPad-only,Lighting,Lighting / iPad-only,tier1,18,True,high,operational_health_score,Operational Health Score,True,50.0,55.0,61.0,93.5,0.222,-11.0,Q1,18,2026-04-07,2026-04
clm,Crystorama,iPad+Catalog+Portal,Lighting,Lighting / iPad+Catalog+Portal,tier1,5,True,medium,operational_health_score,Operational Health Score,True,80.0,64.0,70.0,70.0,0.8,10.0,Q4,5,2026-04-07,2026-04
ap,Alden Home,iPad+Catalog+Cart,Furniture,Furniture,tier2,32,True,low,operational_health_score,Operational Health Score,True,58.0,53.0,74.0,92.5,0.281,-16.0,Q2,32,2026-04-07,2026-04
fms,Visual Comfort - Studio /Fans,iPad-only,Lighting,Lighting / iPad-only,tier1,18,True,high,operational_health_score,Operational Health Score,True,54.0,52.0,61.0,93.5,0.278,-7.0,Q2,18,2026-04-07,2026-04
tla,Visual Comfort - Modern,iPad-only,Lighting,Lighting / iPad-only,tier1,18,True,high,operational_health_score,Operational Health Score,True,30.0,55.0,61.0,93.5,0.056,-31.0,Q1,18,2026-04-07,2026-04
hvl,Hudson Valley Lighting,iPad-only,,iPad-only,tier3,54,True,low,operational_health_score,Operational Health Score,True,52.0,48.5,67.0,91.0,0.296,-15.0,Q2,54,2026-04-07,2026-04
st,Sixtrees Limited,iPad+Catalog,Home & Decor / Housewares / Art Manufacturers,Home & Decor / Housewares / Art Manufacturers,tier2,14,True,low,operational_health_score,Operational Health Score,True,82.0,56.5,85.0,95.5,0.5,-3.0,Q3,14,2026-04-07,2026-04
vl,Ciana Varaluz LLC,iPad+Catalog+Portal,Lighting,Lighting / iPad+Catalog+Portal,tier1,5,True,medium,operational_health_score,Operational Health Score,True,46.0,70.0,70.0,80.0,0.0,-24.0,Q1,5,2026-04-07,2026-04
pw,Philip Whitney,iPad-only,Home & Decor / Housewares / Art Manufacturers,Home & Decor / Housewares / Art Manufacturers / iPad-only,tier1,9,True,high,operational_health_score,Operational Health Score,True,88.0,70.0,94.0,96.0,0.444,-6.0,Q2,9,2026-04-07,2026-04
ssi,"Studio Silversmiths, Inc.",iPad-only,Home & Decor / Housewares / Art Manufacturers,Home & Decor / Housewares / Art Manufacturers / iPad-only,tier1,9,True,high,operational_health_score,Operational Health Score,True,94.0,70.0,88.0,96.0,0.667,6.0,Q3,9,2026-04-07,2026-04
rac,Ricci Argentieri Company,iPad-only,Home & Decor / Housewares / Art Manufacturers,Home & Decor / Housewares / Art Manufacturers / iPad-only,tier1,9,True,high,operational_health_score,Operational Health Score,True,100.0,70.0,88.0,94.0,1.0,12.0,Q4,9,2026-04-07,2026-04
tl,Troy Lighting,iPad-only,Lighting,Lighting / iPad-only,tier1,18,True,high,operational_health_score,Operational Health Score,True,34.0,55.0,61.0,93.5,0.111,-27.0,Q1,18,2026-04-07,2026-04
bp,Buster & Punch,iPad-only,,iPad-only,tier3,54,True,low,trajectory_score,Trajectory Score,True,30.0,40.0,75.0,100.0,0.241,-45.0,Q1,54,2026-04-07,2026-04
yw,Yutzy Woodworking,iPad-only,Furniture,Furniture / iPad-only,tier1,16,True,high,trajectory_score,Trajectory Score,True,0.0,7.5,35.0,67.5,0.25,-35.0,Q2,16,2026-04-07,2026-04
dccl,Donald Choi Canada,iPad+Catalog+Cart,,iPad+Catalog+Cart,tier3,8,True,low,trajectory_score,Trajectory Score,True,30.0,60.0,80.0,100.0,0.25,-50.0,Q2,8,2026-04-07,2026-04
tam,Theodore Alexander Manhasset,iPad-only,Furniture,Furniture / iPad-only,tier1,16,True,high,trajectory_score,Trajectory Score,True,60.0,0.0,25.0,60.0,0.75,35.0,Q4,16,2026-04-07,2026-04
jc,Jonathan Charles Fine Furniture Ltd.,iPad+Catalog+Portal,Furniture,Furniture / iPad+Catalog+Portal,tier1,4,True,medium,trajectory_score,Trajectory Score,True,0.0,40.0,55.0,65.0,0.0,-55.0,Q1,4,2026-04-07,2026-04
cfg,Charleston Forge,iPad+Catalog+Cart,,iPad+Catalog+Cart,tier3,8,True,low,trajectory_score,Trajectory Score,True,30.0,60.0,80.0,100.0,0.25,-50.0,Q2,8,2026-04-07,2026-04
big,Baker-McGuire,iPad-only,,iPad-only,tier3,54,True,low,trajectory_score,Trajectory Score,True,20.0,40.0,75.0,100.0,0.204,-55.0,Q1,54,2026-04-07,2026-04
ril,Ratana International Ltd.,Full,Furniture,Furniture / Full,tier1,6,True,medium,trajectory_score,Trajectory Score,True,80.0,50.0,55.0,60.0,0.833,25.0,Q4,6,2026-04-07,2026-04
jcusa,Jonathan Charles Designs Inc.,iPad-only,Furniture,Furniture / iPad-only,tier1,16,True,high,trajectory_score,Trajectory Score,True,0.0,7.5,35.0,67.5,0.25,-35.0,Q2,16,2026-04-07,2026-04
fsf,Four Seasons Furniture,Full,Furniture,Furniture / Full,tier1,6,True,medium,trajectory_score,Trajectory Score,True,50.0,52.5,60.0,75.0,0.333,-10.0,Q2,6,2026-04-07,2026-04
tel,Tomlinson Companies,iPad+Catalog,Furniture,Furniture,tier2,32,True,low,trajectory_score,Trajectory Score,True,0.0,10.0,50.0,82.5,0.188,-50.0,Q1,32,2026-04-07,2026-04
mfc,Morgan Fabrics Corporation,iPad+Catalog,Home & Decor / Housewares / Art Manufacturers,Home & Decor / Housewares / Art Manufacturers,tier2,14,True,low,trajectory_score,Trajectory Score,True,50.0,80.0,80.0,100.0,0.143,-30.0,Q1,14,2026-04-07,2026-04
gc,Groupe Courchesne,iPad+Catalog+Cart,Home & Decor / Housewares / Art Manufacturers,Home & Decor / Housewares / Art Manufacturers,tier2,14,True,low,trajectory_score,Trajectory Score,True,80.0,65.0,80.0,100.0,0.643,0.0,Q3,14,2026-04-07,2026-04
df,Designers Fountain,iPad-only,Lighting,Lighting / iPad-only,tier1,18,True,high,trajectory_score,Trajectory Score,True,10.0,62.5,100.0,100.0,0.056,-90.0,Q1,18,2026-04-07,2026-04
vcg,Visual Comfort Signature,iPad-only,Lighting,Lighting / iPad-only,tier1,18,True,high,trajectory_score,Trajectory Score,True,80.0,60.0,100.0,100.0,0.389,-20.0,Q2,18,2026-04-07,2026-04
vic,Vaxcel International Corporation,Full,Lighting,Lighting / Full,tier1,8,True,high,trajectory_score,Trajectory Score,True,60.0,77.5,100.0,100.0,0.0,-40.0,Q1,8,2026-04-07,2026-04
ah,Alfresco Home,iPad+Catalog+Cart,Furniture,Furniture,tier2,32,True,low,trajectory_score,Trajectory Score,True,100.0,10.0,50.0,80.0,1.0,50.0,Q4,32,2026-04-07,2026-04
kii,"Kennedy International, Inc.",iPad+Catalog+Cart,,iPad+Catalog+Cart,tier3,8,True,low,trajectory_score,Trajectory Score,True,70.0,30.0,80.0,100.0,0.375,-10.0,Q2,8,2026-04-07,2026-04
mah,Moda at Home Enterprises Ltd,iPad+Catalog+Cart,Home & Decor / Housewares / Art Manufacturers,Home & Decor / Housewares / Art Manufacturers,tier2,14,True,low,trajectory_score,Trajectory Score,True,80.0,65.0,80.0,100.0,0.643,0.0,Q3,14,2026-04-07,2026-04
hf,Hooker Furnishings,iPad-only,Furniture,Furniture / iPad-only,tier1,16,True,high,trajectory_score,Trajectory Score,True,0.0,7.5,35.0,67.5,0.25,-35.0,Q2,16,2026-04-07,2026-04
afx,"AFX, Inc.",iPad-only,Lighting,Lighting / iPad-only,tier1,18,True,high,trajectory_score,Trajectory Score,True,100.0,60.0,95.0,100.0,1.0,5.0,Q4,18,2026-04-07,2026-04
heb,Home Essentials & Beyond,iPad-only,Home & Decor / Housewares / Art Manufacturers,Home & Decor / Housewares / Art Manufacturers / iPad-only,tier1,9,True,high,trajectory_score,Trajectory Score,True,80.0,60.0,80.0,100.0,0.667,0.0,Q3,9,2026-04-07,2026-04
fal,Fine Art Handcrafted Lighting,iPad-only,Lighting,Lighting / iPad-only,tier1,18,True,high,trajectory_score,Trajectory Score,True,10.0,62.5,100.0,100.0,0.056,-90.0,Q1,18,2026-04-07,2026-04
bri,Bulbrite,Full,Lighting,Lighting / Full,tier1,8,True,high,trajectory_score,Trajectory Score,True,70.0,77.5,100.0,100.0,0.25,-30.0,Q2,8,2026-04-07,2026-04
sbmh,Somerset Bay and Modern History,Full,Furniture,Furniture / Full,tier1,6,True,medium,trajectory_score,Trajectory Score,True,50.0,52.5,60.0,75.0,0.333,-10.0,Q2,6,2026-04-07,2026-04
sarreid,"Sarreid, Ltd.",iPad+Catalog+Portal,Furniture,Furniture / iPad+Catalog+Portal,tier1,4,True,medium,trajectory_score,Trajectory Score,True,80.0,7.5,30.0,52.5,1.0,50.0,Q4,4,2026-04-07,2026-04
bcf,Braxton Culler,Full,Furniture,Furniture / Full,tier1,6,True,medium,trajectory_score,Trajectory Score,True,60.0,50.0,55.0,75.0,0.667,5.0,Q3,6,2026-04-07,2026-04
fc,Furniture Classics,Full,Furniture,Furniture / Full,tier1,6,True,medium,trajectory_score,Trajectory Score,True,60.0,50.0,55.0,75.0,0.667,5.0,Q3,6,2026-04-07,2026-04
jyc,Jamie Young Company,Full,Lighting,Lighting / Full,tier1,8,True,high,trajectory_score,Trajectory Score,True,70.0,77.5,100.0,100.0,0.25,-30.0,Q2,8,2026-04-07,2026-04
ta,Theodore Alexander,Full,Furniture,Furniture / Full,tier1,6,True,medium,trajectory_score,Trajectory Score,True,50.0,52.5,60.0,75.0,0.333,-10.0,Q2,6,2026-04-07,2026-04
lpf,Linon/Powell Furniture,Full,Generic B2B Wholesale,Full,tier3,19,True,low,trajectory_score,Trajectory Score,True,50.0,60.0,80.0,100.0,0.211,-30.0,Q1,19,2026-04-07,2026-04
wag,Wendover Art Group,iPad-only,,iPad-only,tier3,54,True,low,trajectory_score,Trajectory Score,True,100.0,32.5,65.0,100.0,1.0,35.0,Q4,54,2026-04-07,2026-04
gsa,Godinger Silver Art Co.,iPad-only,Home & Decor / Housewares / Art Manufacturers,Home & Decor / Housewares / Art Manufacturers / iPad-only,tier1,9,True,high,trajectory_score,Trajectory Score,True,100.0,60.0,80.0,80.0,1.0,20.0,Q4,9,2026-04-07,2026-04
ali,Access Lighting,iPad+Catalog+Portal,Lighting,Lighting / iPad+Catalog+Portal,tier1,5,True,medium,trajectory_score,Trajectory Score,True,100.0,80.0,90.0,100.0,1.0,10.0,Q4,5,2026-04-07,2026-04
gl,Golden Lighting,Full,Lighting,Lighting / Full,tier1,8,True,high,trajectory_score,Trajectory Score,True,100.0,70.0,90.0,100.0,1.0,10.0,Q4,8,2026-04-07,2026-04
uhc,Uniware Housewares Corp.,iPad-only,Home & Decor / Housewares / Art Manufacturers,Home & Decor / Housewares / Art Manufacturers / iPad-only,tier1,9,True,high,trajectory_score,Trajectory Score,True,100.0,60.0,80.0,80.0,1.0,20.0,Q4,9,2026-04-07,2026-04
sccon,Summer Classics Contract,Full,Furniture,Furniture / Full,tier1,6,True,medium,trajectory_score,Trajectory Score,True,100.0,50.0,55.0,60.0,1.0,45.0,Q4,6,2026-04-07,2026-04
am,Alfonso Marina,iPad-only,Furniture,Furniture / iPad-only,tier1,16,True,high,trajectory_score,Trajectory Score,True,20.0,0.0,35.0,67.5,0.438,-15.0,Q2,16,2026-04-07,2026-04
abol,Americas Backyards,iPad-only,Furniture,Furniture / iPad-only,tier1,16,True,high,trajectory_score,Trajectory Score,True,100.0,0.0,25.0,52.5,1.0,75.0,Q4,16,2026-04-07,2026-04
gblx,Globalux Lighting & Fans,iPad-only,Lighting,Lighting / iPad-only,tier1,18,True,high,trajectory_score,Trajectory Score,True,100.0,60.0,95.0,100.0,1.0,5.0,Q4,18,2026-04-07,2026-04
ol,Oly Studio,iPad-only,Furniture,Furniture / iPad-only,tier1,16,True,high,trajectory_score,Trajectory Score,True,0.0,7.5,35.0,67.5,0.25,-35.0,Q2,16,2026-04-07,2026-04
prog,Coleto Brands | Progress Lighting,iPad-only,Lighting,Lighting / iPad-only,tier1,18,True,high,trajectory_score,Trajectory Score,True,100.0,60.0,95.0,100.0,1.0,5.0,Q4,18,2026-04-07,2026-04
sca,Shadow Catchers,iPad-only,Home & Decor / Housewares / Art Manufacturers,Home & Decor / Housewares / Art Manufacturers / iPad-only,tier1,9,True,high,trajectory_score,Trajectory Score,True,100.0,60.0,80.0,80.0,1.0,20.0,Q4,9,2026-04-07,2026-04
rf,Rowe Furniture,iPad-only,Furniture,Furniture / iPad-only,tier1,16,True,high,trajectory_score,Trajectory Score,True,40.0,0.0,25.0,67.5,0.625,15.0,Q3,16,2026-04-07,2026-04
swc,Sauder Woodworking,iPad-only,Furniture,Furniture / iPad-only,tier1,16,True,high,trajectory_score,Trajectory Score,True,10.0,0.0,35.0,67.5,0.375,-25.0,Q2,16,2026-04-07,2026-04
lss,Lifestyle Solutions,iPad-only,Furniture,Furniture / iPad-only,tier1,16,True,high,trajectory_score,Trajectory Score,True,90.0,0.0,25.0,52.5,0.875,65.0,Q4,16,2026-04-07,2026-04
soi,Silver One,iPad-only,Home & Decor / Housewares / Art Manufacturers,Home & Decor / Housewares / Art Manufacturers / iPad-only,tier1,9,True,high,trajectory_score,Trajectory Score,True,80.0,60.0,80.0,100.0,0.667,0.0,Q3,9,2026-04-07,2026-04
etl,ELICO LTD.,iPad-only,Home & Decor / Housewares / Art Manufacturers,Home & Decor / Housewares / Art Manufacturers / iPad-only,tier1,9,True,high,trajectory_score,Trajectory Score,True,80.0,60.0,80.0,100.0,0.667,0.0,Q3,9,2026-04-07,2026-04
krb,Kaleen Rugs & Broadloom,iPad-only,Home & Decor / Housewares / Art Manufacturers,Home & Decor / Housewares / Art Manufacturers / iPad-only,tier1,9,True,high,trajectory_score,Trajectory Score,True,60.0,80.0,80.0,100.0,0.222,-20.0,Q1,9,2026-04-07,2026-04
dals,DALS Lighting,iPad-only,,iPad-only,tier3,54,True,low,trajectory_score,Trajectory Score,True,40.0,32.5,75.0,100.0,0.296,-35.0,Q2,54,2026-04-07,2026-04
ihw,Interlude Furniture,iPad+Catalog+Portal,Furniture,Furniture / iPad+Catalog+Portal,tier1,4,True,medium,trajectory_score,Trajectory Score,True,60.0,7.5,30.0,57.5,0.75,30.0,Q4,4,2026-04-07,2026-04
sc,Gabriella White,iPad+Catalog+Portal,,iPad+Catalog+Portal,tier3,13,True,low,trajectory_score,Trajectory Score,True,70.0,60.0,80.0,100.0,0.385,-10.0,Q2,13,2026-04-07,2026-04
ih,Interlude Home,iPad+Catalog+Portal,Furniture,Furniture / iPad+Catalog+Portal,tier1,4,True,medium,trajectory_score,Trajectory Score,True,50.0,7.5,35.0,65.0,0.5,15.0,Q3,4,2026-04-07,2026-04
rw,RENWIL,iPad+Catalog+Portal,Home & Decor / Housewares / Art Manufacturers,Home & Decor / Housewares / Art Manufacturers,tier2,14,True,low,trajectory_score,Trajectory Score,True,100.0,65.0,80.0,95.0,1.0,20.0,Q4,14,2026-04-07,2026-04
cci,Currey & Company,iPad+Catalog+Portal,Lighting,Lighting / iPad+Catalog+Portal,tier1,5,True,medium,trajectory_score,Trajectory Score,True,60.0,90.0,100.0,100.0,0.0,-40.0,Q1,5,2026-04-07,2026-04
ml,Millennium Lighting,iPad+Catalog,Lighting,Lighting,tier2,35,True,low,trajectory_score,Trajectory Score,True,50.0,70.0,100.0,100.0,0.114,-50.0,Q1,35,2026-04-07,2026-04
mlc,Matteo Lighting,iPad-only,Lighting,Lighting / iPad-only,tier1,18,True,high,trajectory_score,Trajectory Score,True,100.0,60.0,95.0,100.0,1.0,5.0,Q4,18,2026-04-07,2026-04
da,Dainolite Ltd.,iPad-only,Lighting,Lighting / iPad-only,tier1,18,True,high,trajectory_score,Trajectory Score,True,60.0,62.5,100.0,100.0,0.278,-40.0,Q2,18,2026-04-07,2026-04
mlg,Minka Lighting Group,iPad-only,,iPad-only,tier3,54,True,low,trajectory_score,Trajectory Score,True,100.0,32.5,65.0,100.0,1.0,35.0,Q4,54,2026-04-07,2026-04
kal,Kalco Lighting / Allegri Crystal,Full,Lighting,Lighting / Full,tier1,8,True,high,trajectory_score,Trajectory Score,True,100.0,70.0,90.0,100.0,1.0,10.0,Q4,8,2026-04-07,2026-04
ihm,International Home Miami,iPad-only,Furniture,Furniture / iPad-only,tier1,16,True,high,trajectory_score,Trajectory Score,True,0.0,7.5,35.0,67.5,0.25,-35.0,Q2,16,2026-04-07,2026-04
eglo,Eglo USA Inc.,iPad-only,Lighting,Lighting / iPad-only,tier1,18,True,high,trajectory_score,Trajectory Score,True,70.0,60.0,100.0,100.0,0.333,-30.0,Q2,18,2026-04-07,2026-04
eli,Elegant Furniture & Lighting,iPad+Catalog+Cart,Lighting,Lighting,tier2,35,True,low,trajectory_score,Trajectory Score,True,100.0,65.0,100.0,100.0,1.0,0.0,Q4,35,2026-04-07,2026-04
wwjc,Wildwood/Chelsea House,Full,Lighting,Lighting / Full,tier1,8,True,high,trajectory_score,Trajectory Score,True,80.0,70.0,100.0,100.0,0.375,-20.0,Q2,8,2026-04-07,2026-04
clli,Craftmade,iPad+Catalog+Portal,Lighting,Lighting / iPad+Catalog+Portal,tier1,5,True,medium,trajectory_score,Trajectory Score,True,100.0,80.0,90.0,100.0,1.0,10.0,Q4,5,2026-04-07,2026-04
el,Eurofase Inc.,iPad+Catalog+Portal,,iPad+Catalog+Portal,tier3,13,True,low,trajectory_score,Trajectory Score,True,100.0,60.0,80.0,100.0,1.0,20.0,Q4,13,2026-04-07,2026-04
hfg,Hubbardton Forge,iPad+Catalog+Portal,Lighting,Lighting / iPad+Catalog+Portal,tier1,5,True,medium,trajectory_score,Trajectory Score,True,90.0,80.0,100.0,100.0,0.4,-10.0,Q2,5,2026-04-07,2026-04
pf,Palecek,iPad+Catalog,Furniture,Furniture,tier2,32,True,low,trajectory_score,Trajectory Score,True,90.0,10.0,50.0,80.0,0.844,40.0,Q4,32,2026-04-07,2026-04
kl,Coleto Brands | Kichler,iPad-only,Lighting,Lighting / iPad-only,tier1,18,True,high,trajectory_score,Trajectory Score,True,100.0,60.0,95.0,100.0,1.0,5.0,Q4,18,2026-04-07,2026-04
eglo_can,EGLO Canada,iPad-only,Lighting,Lighting / iPad-only,tier1,18,True,high,trajectory_score,Trajectory Score,True,50.0,62.5,100.0,100.0,0.167,-50.0,Q1,18,2026-04-07,2026-04
arl,Arabela Lighting,iPad-only,Lighting,Lighting / iPad-only,tier1,18,True,high,trajectory_score,Trajectory Score,True,100.0,60.0,95.0,100.0,1.0,5.0,Q4,18,2026-04-07,2026-04
cf,Century Furniture,iPad-only,Furniture,Furniture / iPad-only,tier1,16,True,high,trajectory_score,Trajectory Score,True,10.0,0.0,35.0,67.5,0.375,-25.0,Q2,16,2026-04-07,2026-04
hh,Highland House,iPad-only,Furniture,Furniture / iPad-only,tier1,16,True,high,trajectory_score,Trajectory Score,True,40.0,0.0,25.0,67.5,0.625,15.0,Q3,16,2026-04-07,2026-04
luc,Lucas McKearn,iPad-only,Lighting,Lighting / iPad-only,tier1,18,True,high,trajectory_score,Trajectory Score,True,50.0,62.5,100.0,100.0,0.167,-50.0,Q1,18,2026-04-07,2026-04
vce,Visual Comfort Europe,iPad-only,Lighting,Lighting / iPad-only,tier1,18,True,high,trajectory_score,Trajectory Score,True,60.0,62.5,100.0,100.0,0.278,-40.0,Q2,18,2026-04-07,2026-04
mpc,Pioneer Morton,iPad+Catalog+Cart,Generic B2B Wholesale,iPad+Catalog+Cart,tier3,8,True,low,trajectory_score,Trajectory Score,True,30.0,60.0,80.0,100.0,0.25,-50.0,Q2,8,2026-04-07,2026-04
all,Accord Lighting,iPad-only,,iPad-only,tier3,54,True,low,trajectory_score,Trajectory Score,True,50.0,32.5,75.0,100.0,0.407,-25.0,Q2,54,2026-04-07,2026-04
gh,Gabby,Full,,Full,tier3,19,True,low,trajectory_score,Trajectory Score,True,100.0,55.0,70.0,100.0,1.0,30.0,Q4,19,2026-04-07,2026-04
gcl,Geo Contemporary,iPad-only,Lighting,Lighting / iPad-only,tier1,18,True,high,trajectory_score,Trajectory Score,True,100.0,60.0,95.0,100.0,1.0,5.0,Q4,18,2026-04-07,2026-04
mh,Magnussen Home,iPad-only,,iPad-only,tier3,54,True,low,trajectory_score,Trajectory Score,True,20.0,40.0,75.0,100.0,0.204,-55.0,Q1,54,2026-04-07,2026-04
asi,Abaline Supply Inc.,Full,,Full,tier3,19,True,low,trajectory_score,Trajectory Score,True,30.0,60.0,80.0,100.0,0.0,-50.0,Q1,19,2026-04-07,2026-04
kkc,Kindel Karges Furniture,iPad-only,Furniture,Furniture / iPad-only,tier1,16,True,high,trajectory_score,Trajectory Score,True,50.0,0.0,25.0,67.5,0.688,25.0,Q3,16,2026-04-07,2026-04
clc,Capital Lighting Fixture Co.,Full,Lighting,Lighting / Full,tier1,8,True,high,trajectory_score,Trajectory Score,True,100.0,70.0,90.0,100.0,1.0,10.0,Q4,8,2026-04-07,2026-04
shl,Savoy House Lighting,Full,Lighting,Lighting / Full,tier1,8,True,high,trajectory_score,Trajectory Score,True,100.0,70.0,90.0,100.0,1.0,10.0,Q4,8,2026-04-07,2026-04
bsc,Butler Specialty Company,iPad-only,Furniture,Furniture / iPad-only,tier1,16,True,high,trajectory_score,Trajectory Score,True,30.0,0.0,30.0,67.5,0.5,0.0,Q3,16,2026-04-07,2026-04
sp,"Sabine Pools, Spas, & Furniture",iPad-only,Furniture,Furniture / iPad-only,tier1,16,True,high,trajectory_score,Trajectory Score,True,90.0,0.0,25.0,52.5,0.875,65.0,Q4,16,2026-04-07,2026-04
sbl,Schonbek Lighting,iPad-only,Furniture,Furniture / iPad-only,tier1,16,True,high,trajectory_score,Trajectory Score,True,100.0,0.0,25.0,52.5,1.0,75.0,Q4,16,2026-04-07,2026-04
mli,Maxim Lighting,iPad-only,,iPad-only,tier3,54,True,low,trajectory_score,Trajectory Score,True,100.0,32.5,65.0,100.0,1.0,35.0,Q4,54,2026-04-07,2026-04
kll,Kuzco Lighting Inc.,Full,Lighting,Lighting / Full,tier1,8,True,high,trajectory_score,Trajectory Score,True,100.0,70.0,90.0,100.0,1.0,10.0,Q4,8,2026-04-07,2026-04
ufi,Universal Furniture,iPad+Catalog+Portal,Furniture,Furniture / iPad+Catalog+Portal,tier1,4,True,medium,trajectory_score,Trajectory Score,True,10.0,37.5,55.0,65.0,0.25,-45.0,Q2,4,2026-04-07,2026-04
scw,Summer Classics,Full,,Full,tier3,19,True,low,trajectory_score,Trajectory Score,True,100.0,55.0,70.0,100.0,1.0,30.0,Q4,19,2026-04-07,2026-04
wac,WAC/Modern Forms Lighting,iPad-only,Lighting,Lighting / iPad-only,tier1,18,True,high,trajectory_score,Trajectory Score,True,100.0,60.0,95.0,100.0,1.0,5.0,Q4,18,2026-04-07,2026-04
clm,Crystorama,iPad+Catalog+Portal,Lighting,Lighting / iPad+Catalog+Portal,tier1,5,True,medium,trajectory_score,Trajectory Score,True,100.0,80.0,90.0,100.0,1.0,10.0,Q4,5,2026-04-07,2026-04
ap,Alden Home,iPad+Catalog+Cart,Furniture,Furniture,tier2,32,True,low,trajectory_score,Trajectory Score,True,100.0,10.0,50.0,80.0,1.0,50.0,Q4,32,2026-04-07,2026-04
fms,Visual Comfort - Studio /Fans,iPad-only,Lighting,Lighting / iPad-only,tier1,18,True,high,trajectory_score,Trajectory Score,True,100.0,60.0,95.0,100.0,1.0,5.0,Q4,18,2026-04-07,2026-04
tla,Visual Comfort - Modern,iPad-only,Lighting,Lighting / iPad-only,tier1,18,True,high,trajectory_score,Trajectory Score,True,100.0,60.0,95.0,100.0,1.0,5.0,Q4,18,2026-04-07,2026-04
hvl,Hudson Valley Lighting,iPad-only,,iPad-only,tier3,54,True,low,trajectory_score,Trajectory Score,True,80.0,32.5,65.0,100.0,0.611,15.0,Q3,54,2026-04-07,2026-04
st,Sixtrees Limited,iPad+Catalog,Home & Decor / Housewares / Art Manufacturers,Home & Decor / Housewares / Art Manufacturers,tier2,14,True,low,trajectory_score,Trajectory Score,True,100.0,65.0,80.0,95.0,1.0,20.0,Q4,14,2026-04-07,2026-04
vl,Ciana Varaluz LLC,iPad+Catalog+Portal,Lighting,Lighting / iPad+Catalog+Portal,tier1,5,True,medium,trajectory_score,Trajectory Score,True,80.0,90.0,100.0,100.0,0.2,-20.0,Q1,5,2026-04-07,2026-04
pw,Philip Whitney,iPad-only,Home & Decor / Housewares / Art Manufacturers,Home & Decor / Housewares / Art Manufacturers / iPad-only,tier1,9,True,high,trajectory_score,Trajectory Score,True,50.0,80.0,80.0,100.0,0.111,-30.0,Q1,9,2026-04-07,2026-04
ssi,"Studio Silversmiths, Inc.",iPad-only,Home & Decor / Housewares / Art Manufacturers,Home & Decor / Housewares / Art Manufacturers / iPad-only,tier1,9,True,high,trajectory_score,Trajectory Score,True,50.0,80.0,80.0,100.0,0.111,-30.0,Q1,9,2026-04-07,2026-04
rac,Ricci Argentieri Company,iPad-only,Home & Decor / Housewares / Art Manufacturers,Home & Decor / Housewares / Art Manufacturers / iPad-only,tier1,9,True,high,trajectory_score,Trajectory Score,True,80.0,60.0,80.0,100.0,0.667,0.0,Q3,9,2026-04-07,2026-04
tl,Troy Lighting,iPad-only,Lighting,Lighting / iPad-only,tier1,18,True,high,trajectory_score,Trajectory Score,True,90.0,60.0,100.0,100.0,0.444,-10.0,Q2,18,2026-04-07,2026-04
bp,Buster & Punch,iPad-only,,iPad-only,tier3,54,True,low,orders_90d,Orders (Last 90 Days),False,3.0,,,,,,,0,2026-04-07,2026-04
yw,Yutzy Woodworking,iPad-only,Furniture,Furniture / iPad-only,tier1,16,True,high,orders_90d,Orders (Last 90 Days),False,6.0,,,,,,,0,2026-04-07,2026-04
dccl,Donald Choi Canada,iPad+Catalog+Cart,,iPad+Catalog+Cart,tier3,8,True,low,orders_90d,Orders (Last 90 Days),True,63.0,112.25,234.5,427.0,0.125,-171.5,Q1,8,2026-04-07,2026-04
tam,Theodore Alexander Manhasset,iPad-only,Furniture,Furniture / iPad-only,tier1,16,True,high,orders_90d,Orders (Last 90 Days),False,120.0,,,,,,,0,2026-04-07,2026-04
jc,Jonathan Charles Fine Furniture Ltd.,iPad+Catalog+Portal,Furniture,Furniture / iPad+Catalog+Portal,tier1,4,True,medium,orders_90d,Orders (Last 90 Days),False,0.0,,,,,,,0,2026-04-07,2026-04
cfg,Charleston Forge,iPad+Catalog+Cart,,iPad+Catalog+Cart,tier3,8,True,low,orders_90d,Orders (Last 90 Days),True,114.0,96.0,234.5,427.0,0.375,-120.5,Q2,8,2026-04-07,2026-04
big,Baker-McGuire,iPad-only,,iPad-only,tier3,54,True,low,orders_90d,Orders (Last 90 Days),False,0.0,,,,,,,0,2026-04-07,2026-04
ril,Ratana International Ltd.,Full,Furniture,Furniture / Full,tier1,6,True,medium,orders_90d,Orders (Last 90 Days),True,335.0,777.5,852.5,1712.75,0.0,-517.5,Q1,6,2026-04-07,2026-04
jcusa,Jonathan Charles Designs Inc.,iPad-only,Furniture,Furniture / iPad-only,tier1,16,True,high,orders_90d,Orders (Last 90 Days),False,39.0,,,,,,,0,2026-04-07,2026-04
fsf,Four Seasons Furniture,Full,Furniture,Furniture / Full,tier1,6,True,medium,orders_90d,Orders (Last 90 Days),True,1997.0,534.5,800.0,856.25,0.833,1197.0,Q4,6,2026-04-07,2026-04
tel,Tomlinson Companies,iPad+Catalog,Furniture,Furniture,tier2,32,True,low,orders_90d,Orders (Last 90 Days),False,,,,,,,,0,2026-04-07,2026-04
mfc,Morgan Fabrics Corporation,iPad+Catalog,Home & Decor / Housewares / Art Manufacturers,Home & Decor / Housewares / Art Manufacturers,tier2,14,True,low,orders_90d,Orders (Last 90 Days),False,0.0,,,,,,,0,2026-04-07,2026-04
gc,Groupe Courchesne,iPad+Catalog+Cart,Home & Decor / Housewares / Art Manufacturers,Home & Decor / Housewares / Art Manufacturers,tier2,14,True,low,orders_90d,Orders (Last 90 Days),True,349.0,197.0,197.0,197.0,1.0,152.0,Q4,1,2026-04-07,2026-04
df,Designers Fountain,iPad-only,Lighting,Lighting / iPad-only,tier1,18,True,high,orders_90d,Orders (Last 90 Days),False,2.0,,,,,,,0,2026-04-07,2026-04
vcg,Visual Comfort Signature,iPad-only,Lighting,Lighting / iPad-only,tier1,18,True,high,orders_90d,Orders (Last 90 Days),False,256.0,,,,,,,0,2026-04-07,2026-04
vic,Vaxcel International Corporation,Full,Lighting,Lighting / Full,tier1,8,True,high,orders_90d,Orders (Last 90 Days),True,22.0,116.75,298.0,987.75,0.0,-276.0,Q1,8,2026-04-07,2026-04
ah,Alfresco Home,iPad+Catalog+Cart,Furniture,Furniture,tier2,32,True,low,orders_90d,Orders (Last 90 Days),True,272.0,429.5,800.0,1144.25,0.125,-528.0,Q1,8,2026-04-07,2026-04
kii,"Kennedy International, Inc.",iPad+Catalog+Cart,,iPad+Catalog+Cart,tier3,8,True,low,orders_90d,Orders (Last 90 Days),True,661.0,96.0,155.5,291.25,0.875,505.5,Q4,8,2026-04-07,2026-04
mah,Moda at Home Enterprises Ltd,iPad+Catalog+Cart,Home & Decor / Housewares / Art Manufacturers,Home & Decor / Housewares / Art Manufacturers,tier2,14,True,low,orders_90d,Orders (Last 90 Days),True,197.0,349.0,349.0,349.0,0.0,-152.0,Q1,1,2026-04-07,2026-04
hf,Hooker Furnishings,iPad-only,Furniture,Furniture / iPad-only,tier1,16,True,high,orders_90d,Orders (Last 90 Days),False,16.0,,,,,,,0,2026-04-07,2026-04
afx,"AFX, Inc.",iPad-only,Lighting,Lighting / iPad-only,tier1,18,True,high,orders_90d,Orders (Last 90 Days),False,60.0,,,,,,,0,2026-04-07,2026-04
heb,Home Essentials & Beyond,iPad-only,Home & Decor / Housewares / Art Manufacturers,Home & Decor / Housewares / Art Manufacturers / iPad-only,tier1,9,True,high,orders_90d,Orders (Last 90 Days),False,112.0,,,,,,,0,2026-04-07,2026-04
fal,Fine Art Handcrafted Lighting,iPad-only,Lighting,Lighting / iPad-only,tier1,18,True,high,orders_90d,Orders (Last 90 Days),False,587.0,,,,,,,0,2026-04-07,2026-04
bri,Bulbrite,Full,Lighting,Lighting / Full,tier1,8,True,high,orders_90d,Orders (Last 90 Days),True,718.0,82.5,194.0,701.25,0.75,524.0,Q4,8,2026-04-07,2026-04
sbmh,Somerset Bay and Modern History,Full,Furniture,Furniture / Full,tier1,6,True,medium,orders_90d,Orders (Last 90 Days),True,845.0,534.5,807.5,1712.75,0.5,37.5,Q3,6,2026-04-07,2026-04
sarreid,"Sarreid, Ltd.",iPad+Catalog+Portal,Furniture,Furniture / iPad+Catalog+Portal,tier1,4,True,medium,orders_90d,Orders (Last 90 Days),False,119.0,,,,,,,0,2026-04-07,2026-04
bcf,Braxton Culler,Full,Furniture,Furniture / Full,tier1,6,True,medium,orders_90d,Orders (Last 90 Days),True,755.0,557.0,852.5,1712.75,0.333,-97.5,Q2,6,2026-04-07,2026-04
fc,Furniture Classics,Full,Furniture,Furniture / Full,tier1,6,True,medium,orders_90d,Orders (Last 90 Days),True,860.0,534.5,800.0,1709.0,0.667,60.0,Q3,6,2026-04-07,2026-04
jyc,Jamie Young Company,Full,Lighting,Lighting / Full,tier1,8,True,high,orders_90d,Orders (Last 90 Days),True,2044.0,82.5,194.0,431.5,1.0,1850.0,Q4,8,2026-04-07,2026-04
ta,Theodore Alexander,Full,Furniture,Furniture / Full,tier1,6,True,medium,orders_90d,Orders (Last 90 Days),True,461.0,777.5,852.5,1712.75,0.167,-391.5,Q1,6,2026-04-07,2026-04
lpf,Linon/Powell Furniture,Full,Generic B2B Wholesale,Full,tier3,19,True,low,orders_90d,Orders (Last 90 Days),True,438.0,297.5,755.0,1984.0,0.368,-317.0,Q2,19,2026-04-07,2026-04
wag,Wendover Art Group,iPad-only,,iPad-only,tier3,54,True,low,orders_90d,Orders (Last 90 Days),False,900.0,,,,,,,0,2026-04-07,2026-04
gsa,Godinger Silver Art Co.,iPad-only,Home & Decor / Housewares / Art Manufacturers,Home & Decor / Housewares / Art Manufacturers / iPad-only,tier1,9,True,high,orders_90d,Orders (Last 90 Days),False,9.0,,,,,,,0,2026-04-07,2026-04
ali,Access Lighting,iPad+Catalog+Portal,Lighting,Lighting / iPad+Catalog+Portal,tier1,5,True,medium,orders_90d,Orders (Last 90 Days),False,0.0,,,,,,,0,2026-04-07,2026-04
gl,Golden Lighting,Full,Lighting,Lighting / Full,tier1,8,True,high,orders_90d,Orders (Last 90 Days),True,81.0,116.75,298.0,987.75,0.125,-217.0,Q1,8,2026-04-07,2026-04
uhc,Uniware Housewares Corp.,iPad-only,Home & Decor / Housewares / Art Manufacturers,Home & Decor / Housewares / Art Manufacturers / iPad-only,tier1,9,True,high,orders_90d,Orders (Last 90 Days),False,924.0,,,,,,,0,2026-04-07,2026-04
sccon,Summer Classics Contract,Full,Furniture,Furniture / Full,tier1,6,True,medium,orders_90d,Orders (Last 90 Days),True,2166.0,534.5,800.0,856.25,1.0,1366.0,Q4,6,2026-04-07,2026-04
am,Alfonso Marina,iPad-only,Furniture,Furniture / iPad-only,tier1,16,True,high,orders_90d,Orders (Last 90 Days),False,20.0,,,,,,,0,2026-04-07,2026-04
abol,Americas Backyards,iPad-only,Furniture,Furniture / iPad-only,tier1,16,True,high,orders_90d,Orders (Last 90 Days),False,0.0,,,,,,,0,2026-04-07,2026-04
gblx,Globalux Lighting & Fans,iPad-only,Lighting,Lighting / iPad-only,tier1,18,True,high,orders_90d,Orders (Last 90 Days),False,,,,,,,,0,2026-04-07,2026-04
ol,Oly Studio,iPad-only,Furniture,Furniture / iPad-only,tier1,16,True,high,orders_90d,Orders (Last 90 Days),False,0.0,,,,,,,0,2026-04-07,2026-04
prog,Coleto Brands | Progress Lighting,iPad-only,Lighting,Lighting / iPad-only,tier1,18,True,high,orders_90d,Orders (Last 90 Days),False,71.0,,,,,,,0,2026-04-07,2026-04
sca,Shadow Catchers,iPad-only,Home & Decor / Housewares / Art Manufacturers,Home & Decor / Housewares / Art Manufacturers / iPad-only,tier1,9,True,high,orders_90d,Orders (Last 90 Days),False,86.0,,,,,,,0,2026-04-07,2026-04
rf,Rowe Furniture,iPad-only,Furniture,Furniture / iPad-only,tier1,16,True,high,orders_90d,Orders (Last 90 Days),False,15.0,,,,,,,0,2026-04-07,2026-04
swc,Sauder Woodworking,iPad-only,Furniture,Furniture / iPad-only,tier1,16,True,high,orders_90d,Orders (Last 90 Days),False,0.0,,,,,,,0,2026-04-07,2026-04
lss,Lifestyle Solutions,iPad-only,Furniture,Furniture / iPad-only,tier1,16,True,high,orders_90d,Orders (Last 90 Days),False,67.0,,,,,,,0,2026-04-07,2026-04
soi,Silver One,iPad-only,Home & Decor / Housewares / Art Manufacturers,Home & Decor / Housewares / Art Manufacturers / iPad-only,tier1,9,True,high,orders_90d,Orders (Last 90 Days),False,,,,,,,,0,2026-04-07,2026-04
etl,ELICO LTD.,iPad-only,Home & Decor / Housewares / Art Manufacturers,Home & Decor / Housewares / Art Manufacturers / iPad-only,tier1,9,True,high,orders_90d,Orders (Last 90 Days),False,149.0,,,,,,,0,2026-04-07,2026-04
krb,Kaleen Rugs & Broadloom,iPad-only,Home & Decor / Housewares / Art Manufacturers,Home & Decor / Housewares / Art Manufacturers / iPad-only,tier1,9,True,high,orders_90d,Orders (Last 90 Days),False,0.0,,,,,,,0,2026-04-07,2026-04
dals,DALS Lighting,iPad-only,,iPad-only,tier3,54,True,low,orders_90d,Orders (Last 90 Days),False,2.0,,,,,,,0,2026-04-07,2026-04
ihw,Interlude Furniture,iPad+Catalog+Portal,Furniture,Furniture / iPad+Catalog+Portal,tier1,4,True,medium,orders_90d,Orders (Last 90 Days),False,425.0,,,,,,,0,2026-04-07,2026-04
sc,Gabriella White,iPad+Catalog+Portal,,iPad+Catalog+Portal,tier3,13,True,low,orders_90d,Orders (Last 90 Days),False,6839.0,,,,,,,0,2026-04-07,2026-04
ih,Interlude Home,iPad+Catalog+Portal,Furniture,Furniture / iPad+Catalog+Portal,tier1,4,True,medium,orders_90d,Orders (Last 90 Days),False,764.0,,,,,,,0,2026-04-07,2026-04
rw,RENWIL,iPad+Catalog+Portal,Home & Decor / Housewares / Art Manufacturers,Home & Decor / Housewares / Art Manufacturers,tier2,14,True,low,orders_90d,Orders (Last 90 Days),False,2243.0,,,,,,,0,2026-04-07,2026-04
cci,Currey & Company,iPad+Catalog+Portal,Lighting,Lighting / iPad+Catalog+Portal,tier1,5,True,medium,orders_90d,Orders (Last 90 Days),False,985.0,,,,,,,0,2026-04-07,2026-04
ml,Millennium Lighting,iPad+Catalog,Lighting,Lighting,tier2,35,True,low,orders_90d,Orders (Last 90 Days),False,35.0,,,,,,,0,2026-04-07,2026-04
mlc,Matteo Lighting,iPad-only,Lighting,Lighting / iPad-only,tier1,18,True,high,orders_90d,Orders (Last 90 Days),False,73.0,,,,,,,0,2026-04-07,2026-04
da,Dainolite Ltd.,iPad-only,Lighting,Lighting / iPad-only,tier1,18,True,high,orders_90d,Orders (Last 90 Days),False,1067.0,,,,,,,0,2026-04-07,2026-04
mlg,Minka Lighting Group,iPad-only,,iPad-only,tier3,54,True,low,orders_90d,Orders (Last 90 Days),False,124.0,,,,,,,0,2026-04-07,2026-04
kal,Kalco Lighting / Allegri Crystal,Full,Lighting,Lighting / Full,tier1,8,True,high,orders_90d,Orders (Last 90 Days),True,83.0,116.25,298.0,987.75,0.25,-215.0,Q2,8,2026-04-07,2026-04
ihm,International Home Miami,iPad-only,Furniture,Furniture / iPad-only,tier1,16,True,high,orders_90d,Orders (Last 90 Days),False,1.0,,,,,,,0,2026-04-07,2026-04
eglo,Eglo USA Inc.,iPad-only,Lighting,Lighting / iPad-only,tier1,18,True,high,orders_90d,Orders (Last 90 Days),False,42.0,,,,,,,0,2026-04-07,2026-04
eli,Elegant Furniture & Lighting,iPad+Catalog+Cart,Lighting,Lighting,tier2,35,True,low,orders_90d,Orders (Last 90 Days),True,107.0,83.0,260.0,718.0,0.333,-153.0,Q2,9,2026-04-07,2026-04
wwjc,Wildwood/Chelsea House,Full,Lighting,Lighting / Full,tier1,8,True,high,orders_90d,Orders (Last 90 Days),True,1797.0,82.5,194.0,431.5,0.875,1603.0,Q4,8,2026-04-07,2026-04
clli,Craftmade,iPad+Catalog+Portal,Lighting,Lighting / iPad+Catalog+Portal,tier1,5,True,medium,orders_90d,Orders (Last 90 Days),False,167.0,,,,,,,0,2026-04-07,2026-04
el,Eurofase Inc.,iPad+Catalog+Portal,,iPad+Catalog+Portal,tier3,13,True,low,orders_90d,Orders (Last 90 Days),False,131.0,,,,,,,0,2026-04-07,2026-04
hfg,Hubbardton Forge,iPad+Catalog+Portal,Lighting,Lighting / iPad+Catalog+Portal,tier1,5,True,medium,orders_90d,Orders (Last 90 Days),False,578.0,,,,,,,0,2026-04-07,2026-04
pf,Palecek,iPad+Catalog,Furniture,Furniture,tier2,32,True,low,orders_90d,Orders (Last 90 Days),False,663.0,,,,,,,0,2026-04-07,2026-04
kl,Coleto Brands | Kichler,iPad-only,Lighting,Lighting / iPad-only,tier1,18,True,high,orders_90d,Orders (Last 90 Days),False,120.0,,,,,,,0,2026-04-07,2026-04
eglo_can,EGLO Canada,iPad-only,Lighting,Lighting / iPad-only,tier1,18,True,high,orders_90d,Orders (Last 90 Days),False,33.0,,,,,,,0,2026-04-07,2026-04
arl,Arabela Lighting,iPad-only,Lighting,Lighting / iPad-only,tier1,18,True,high,orders_90d,Orders (Last 90 Days),False,113.0,,,,,,,0,2026-04-07,2026-04
cf,Century Furniture,iPad-only,Furniture,Furniture / iPad-only,tier1,16,True,high,orders_90d,Orders (Last 90 Days),False,0.0,,,,,,,0,2026-04-07,2026-04
hh,Highland House,iPad-only,Furniture,Furniture / iPad-only,tier1,16,True,high,orders_90d,Orders (Last 90 Days),False,0.0,,,,,,,0,2026-04-07,2026-04
luc,Lucas McKearn,iPad-only,Lighting,Lighting / iPad-only,tier1,18,True,high,orders_90d,Orders (Last 90 Days),False,0.0,,,,,,,0,2026-04-07,2026-04
vce,Visual Comfort Europe,iPad-only,Lighting,Lighting / iPad-only,tier1,18,True,high,orders_90d,Orders (Last 90 Days),False,18.0,,,,,,,0,2026-04-07,2026-04
mpc,Pioneer Morton,iPad+Catalog+Cart,Generic B2B Wholesale,iPad+Catalog+Cart,tier3,8,True,low,orders_90d,Orders (Last 90 Days),True,1206.0,96.0,155.5,291.25,1.0,1050.5,Q4,8,2026-04-07,2026-04
all,Accord Lighting,iPad-only,,iPad-only,tier3,54,True,low,orders_90d,Orders (Last 90 Days),False,12.0,,,,,,,0,2026-04-07,2026-04
gh,Gabby,Full,,Full,tier3,19,True,low,orders_90d,Orders (Last 90 Days),True,3741.0,297.5,718.0,1884.0,1.0,3023.0,Q4,19,2026-04-07,2026-04
gcl,Geo Contemporary,iPad-only,Lighting,Lighting / iPad-only,tier1,18,True,high,orders_90d,Orders (Last 90 Days),False,70.0,,,,,,,0,2026-04-07,2026-04
mh,Magnussen Home,iPad-only,,iPad-only,tier3,54,True,low,orders_90d,Orders (Last 90 Days),False,66.0,,,,,,,0,2026-04-07,2026-04
asi,Abaline Supply Inc.,Full,,Full,tier3,19,True,low,orders_90d,Orders (Last 90 Days),True,1971.0,297.5,718.0,1897.0,0.737,1253.0,Q3,19,2026-04-07,2026-04
kkc,Kindel Karges Furniture,iPad-only,Furniture,Furniture / iPad-only,tier1,16,True,high,orders_90d,Orders (Last 90 Days),False,0.0,,,,,,,0,2026-04-07,2026-04
clc,Capital Lighting Fixture Co.,Full,Lighting,Lighting / Full,tier1,8,True,high,orders_90d,Orders (Last 90 Days),True,260.0,82.5,232.0,987.75,0.5,28.0,Q3,8,2026-04-07,2026-04
shl,Savoy House Lighting,Full,Lighting,Lighting / Full,tier1,8,True,high,orders_90d,Orders (Last 90 Days),True,336.0,82.5,194.0,987.75,0.625,142.0,Q3,8,2026-04-07,2026-04
bsc,Butler Specialty Company,iPad-only,Furniture,Furniture / iPad-only,tier1,16,True,high,orders_90d,Orders (Last 90 Days),False,2.0,,,,,,,0,2026-04-07,2026-04
sp,"Sabine Pools, Spas, & Furniture",iPad-only,Furniture,Furniture / iPad-only,tier1,16,True,high,orders_90d,Orders (Last 90 Days),False,86.0,,,,,,,0,2026-04-07,2026-04
sbl,Schonbek Lighting,iPad-only,Furniture,Furniture / iPad-only,tier1,16,True,high,orders_90d,Orders (Last 90 Days),False,104.0,,,,,,,0,2026-04-07,2026-04
mli,Maxim Lighting,iPad-only,,iPad-only,tier3,54,True,low,orders_90d,Orders (Last 90 Days),False,78.0,,,,,,,0,2026-04-07,2026-04
kll,Kuzco Lighting Inc.,Full,Lighting,Lighting / Full,tier1,8,True,high,orders_90d,Orders (Last 90 Days),True,128.0,82.5,298.0,987.75,0.375,-170.0,Q2,8,2026-04-07,2026-04
ufi,Universal Furniture,iPad+Catalog+Portal,Furniture,Furniture / iPad+Catalog+Portal,tier1,4,True,medium,orders_90d,Orders (Last 90 Days),False,496.0,,,,,,,0,2026-04-07,2026-04
scw,Summer Classics,Full,,Full,tier3,19,True,low,orders_90d,Orders (Last 90 Days),True,3570.0,297.5,718.0,1884.0,0.947,2852.0,Q4,19,2026-04-07,2026-04
wac,WAC/Modern Forms Lighting,iPad-only,Lighting,Lighting / iPad-only,tier1,18,True,high,orders_90d,Orders (Last 90 Days),False,971.0,,,,,,,0,2026-04-07,2026-04
clm,Crystorama,iPad+Catalog+Portal,Lighting,Lighting / iPad+Catalog+Portal,tier1,5,True,medium,orders_90d,Orders (Last 90 Days),False,108.0,,,,,,,0,2026-04-07,2026-04
ap,Alden Home,iPad+Catalog+Cart,Furniture,Furniture,tier2,32,True,low,orders_90d,Orders (Last 90 Days),True,8.0,429.5,800.0,1144.25,0.0,-792.0,Q1,8,2026-04-07,2026-04
fms,Visual Comfort - Studio /Fans,iPad-only,Lighting,Lighting / iPad-only,tier1,18,True,high,orders_90d,Orders (Last 90 Days),False,512.0,,,,,,,0,2026-04-07,2026-04
tla,Visual Comfort - Modern,iPad-only,Lighting,Lighting / iPad-only,tier1,18,True,high,orders_90d,Orders (Last 90 Days),False,155.0,,,,,,,0,2026-04-07,2026-04
hvl,Hudson Valley Lighting,iPad-only,,iPad-only,tier3,54,True,low,orders_90d,Orders (Last 90 Days),False,1.0,,,,,,,0,2026-04-07,2026-04
st,Sixtrees Limited,iPad+Catalog,Home & Decor / Housewares / Art Manufacturers,Home & Decor / Housewares / Art Manufacturers,tier2,14,True,low,orders_90d,Orders (Last 90 Days),False,0.0,,,,,,,0,2026-04-07,2026-04
vl,Ciana Varaluz LLC,iPad+Catalog+Portal,Lighting,Lighting / iPad+Catalog+Portal,tier1,5,True,medium,orders_90d,Orders (Last 90 Days),False,79.0,,,,,,,0,2026-04-07,2026-04
pw,Philip Whitney,iPad-only,Home & Decor / Housewares / Art Manufacturers,Home & Decor / Housewares / Art Manufacturers / iPad-only,tier1,9,True,high,orders_90d,Orders (Last 90 Days),False,0.0,,,,,,,0,2026-04-07,2026-04
ssi,"Studio Silversmiths, Inc.",iPad-only,Home & Decor / Housewares / Art Manufacturers,Home & Decor / Housewares / Art Manufacturers / iPad-only,tier1,9,True,high,orders_90d,Orders (Last 90 Days),False,0.0,,,,,,,0,2026-04-07,2026-04
rac,Ricci Argentieri Company,iPad-only,Home & Decor / Housewares / Art Manufacturers,Home & Decor / Housewares / Art Manufacturers / iPad-only,tier1,9,True,high,orders_90d,Orders (Last 90 Days),False,141.0,,,,,,,0,2026-04-07,2026-04
tl,Troy Lighting,iPad-only,Lighting,Lighting / iPad-only,tier1,18,True,high,orders_90d,Orders (Last 90 Days),False,1.0,,,,,,,0,2026-04-07,2026-04
bp,Buster & Punch,iPad-only,,iPad-only,tier3,54,True,low,orders_per_user,Orders per User (Last 90 Days),False,0.033,,,,,,,0,2026-04-07,2026-04
yw,Yutzy Woodworking,iPad-only,Furniture,Furniture / iPad-only,tier1,16,True,high,orders_per_user,Orders per User (Last 90 Days),False,0.24,,,,,,,0,2026-04-07,2026-04
dccl,Donald Choi Canada,iPad+Catalog+Cart,,iPad+Catalog+Cart,tier3,8,True,low,orders_per_user,Orders per User (Last 90 Days),True,3.316,0.08,0.35,2.07,0.75,2.96,Q4,8,2026-04-07,2026-04
tam,Theodore Alexander Manhasset,iPad-only,Furniture,Furniture / iPad-only,tier1,16,True,high,orders_per_user,Orders per User (Last 90 Days),False,4.286,,,,,,,0,2026-04-07,2026-04
jc,Jonathan Charles Fine Furniture Ltd.,iPad+Catalog+Portal,Furniture,Furniture / iPad+Catalog+Portal,tier1,4,True,medium,orders_per_user,Orders per User (Last 90 Days),False,0.0,,,,,,,0,2026-04-07,2026-04
cfg,Charleston Forge,iPad+Catalog+Cart,,iPad+Catalog+Cart,tier3,8,True,low,orders_per_user,Orders per User (Last 90 Days),True,0.078,0.13,0.83,3.73,0.25,-0.75,Q2,8,2026-04-07,2026-04
big,Baker-McGuire,iPad-only,,iPad-only,tier3,54,True,low,orders_per_user,Orders per User (Last 90 Days),False,0.0,,,,,,,0,2026-04-07,2026-04
ril,Ratana International Ltd.,Full,Furniture,Furniture / Full,tier1,6,True,medium,orders_per_user,Orders per User (Last 90 Days),True,1.324,0.33,0.73,1.63,0.667,0.59,Q3,6,2026-04-07,2026-04
jcusa,Jonathan Charles Designs Inc.,iPad-only,Furniture,Furniture / iPad-only,tier1,16,True,high,orders_per_user,Orders per User (Last 90 Days),False,0.015,,,,,,,0,2026-04-07,2026-04
fsf,Four Seasons Furniture,Full,Furniture,Furniture / Full,tier1,6,True,medium,orders_per_user,Orders per User (Last 90 Days),True,2.825,0.33,0.73,1.22,1.0,2.09,Q4,6,2026-04-07,2026-04
tel,Tomlinson Companies,iPad+Catalog,Furniture,Furniture,tier2,32,True,low,orders_per_user,Orders per User (Last 90 Days),False,,,,,,,,0,2026-04-07,2026-04
mfc,Morgan Fabrics Corporation,iPad+Catalog,Home & Decor / Housewares / Art Manufacturers,Home & Decor / Housewares / Art Manufacturers,tier2,14,True,low,orders_per_user,Orders per User (Last 90 Days),False,0.0,,,,,,,0,2026-04-07,2026-04
gc,Groupe Courchesne,iPad+Catalog+Cart,Home & Decor / Housewares / Art Manufacturers,Home & Decor / Housewares / Art Manufacturers,tier2,14,True,low,orders_per_user,Orders per User (Last 90 Days),True,1.101,0.55,0.55,0.55,1.0,0.55,Q4,1,2026-04-07,2026-04
df,Designers Fountain,iPad-only,Lighting,Lighting / iPad-only,tier1,18,True,high,orders_per_user,Orders per User (Last 90 Days),False,0.048,,,,,,,0,2026-04-07,2026-04
vcg,Visual Comfort Signature,iPad-only,Lighting,Lighting / iPad-only,tier1,18,True,high,orders_per_user,Orders per User (Last 90 Days),False,1.571,,,,,,,0,2026-04-07,2026-04
vic,Vaxcel International Corporation,Full,Lighting,Lighting / Full,tier1,8,True,high,orders_per_user,Orders per User (Last 90 Days),True,0.069,0.12,0.14,0.18,0.125,-0.08,Q1,8,2026-04-07,2026-04
ah,Alfresco Home,iPad+Catalog+Cart,Furniture,Furniture,tier2,32,True,low,orders_per_user,Orders per User (Last 90 Days),True,0.15,0.21,0.73,1.46,0.25,-0.58,Q2,8,2026-04-07,2026-04
kii,"Kennedy International, Inc.",iPad+Catalog+Cart,,iPad+Catalog+Cart,tier3,8,True,low,orders_per_user,Orders per User (Last 90 Days),True,7.032,0.08,0.35,1.65,1.0,6.68,Q4,8,2026-04-07,2026-04
mah,Moda at Home Enterprises Ltd,iPad+Catalog+Cart,Home & Decor / Housewares / Art Manufacturers,Home & Decor / Housewares / Art Manufacturers,tier2,14,True,low,orders_per_user,Orders per User (Last 90 Days),True,0.553,1.1,1.1,1.1,0.0,-0.55,Q1,1,2026-04-07,2026-04
hf,Hooker Furnishings,iPad-only,Furniture,Furniture / iPad-only,tier1,16,True,high,orders_per_user,Orders per User (Last 90 Days),False,0.254,,,,,,,0,2026-04-07,2026-04
afx,"AFX, Inc.",iPad-only,Lighting,Lighting / iPad-only,tier1,18,True,high,orders_per_user,Orders per User (Last 90 Days),False,0.896,,,,,,,0,2026-04-07,2026-04
heb,Home Essentials & Beyond,iPad-only,Home & Decor / Housewares / Art Manufacturers,Home & Decor / Housewares / Art Manufacturers / iPad-only,tier1,9,True,high,orders_per_user,Orders per User (Last 90 Days),False,1.12,,,,,,,0,2026-04-07,2026-04
fal,Fine Art Handcrafted Lighting,iPad-only,Lighting,Lighting / iPad-only,tier1,18,True,high,orders_per_user,Orders per User (Last 90 Days),False,10.87,,,,,,,0,2026-04-07,2026-04
bri,Bulbrite,Full,Lighting,Lighting / Full,tier1,8,True,high,orders_per_user,Orders per User (Last 90 Days),True,0.564,0.08,0.14,0.15,1.0,0.43,Q4,8,2026-04-07,2026-04
sbmh,Somerset Bay and Modern History,Full,Furniture,Furniture / Full,tier1,6,True,medium,orders_per_user,Orders per User (Last 90 Days),True,0.251,0.64,1.12,1.74,0.167,-0.87,Q1,6,2026-04-07,2026-04
sarreid,"Sarreid, Ltd.",iPad+Catalog+Portal,Furniture,Furniture / iPad+Catalog+Portal,tier1,4,True,medium,orders_per_user,Orders per User (Last 90 Days),False,0.967,,,,,,,0,2026-04-07,2026-04
bcf,Braxton Culler,Full,Furniture,Furniture / Full,tier1,6,True,medium,orders_per_user,Orders per User (Last 90 Days),True,0.55,0.42,1.12,1.74,0.333,-0.57,Q2,6,2026-04-07,2026-04
fc,Furniture Classics,Full,Furniture,Furniture / Full,tier1,6,True,medium,orders_per_user,Orders per User (Last 90 Days),True,0.094,0.64,1.12,1.74,0.0,-1.03,Q1,6,2026-04-07,2026-04
jyc,Jamie Young Company,Full,Lighting,Lighting / Full,tier1,8,True,high,orders_per_user,Orders per User (Last 90 Days),True,0.129,0.08,0.14,0.18,0.375,-0.02,Q2,8,2026-04-07,2026-04
ta,Theodore Alexander,Full,Furniture,Furniture / Full,tier1,6,True,medium,orders_per_user,Orders per User (Last 90 Days),True,0.917,0.33,0.94,1.74,0.5,-0.02,Q3,6,2026-04-07,2026-04
lpf,Linon/Powell Furniture,Full,Generic B2B Wholesale,Full,tier3,19,True,low,orders_per_user,Orders per User (Last 90 Days),True,0.18,0.14,0.25,0.86,0.421,-0.07,Q2,19,2026-04-07,2026-04
wag,Wendover Art Group,iPad-only,,iPad-only,tier3,54,True,low,orders_per_user,Orders per User (Last 90 Days),False,9.574,,,,,,,0,2026-04-07,2026-04
gsa,Godinger Silver Art Co.,iPad-only,Home & Decor / Housewares / Art Manufacturers,Home & Decor / Housewares / Art Manufacturers / iPad-only,tier1,9,True,high,orders_per_user,Orders per User (Last 90 Days),False,0.196,,,,,,,0,2026-04-07,2026-04
ali,Access Lighting,iPad+Catalog+Portal,Lighting,Lighting / iPad+Catalog+Portal,tier1,5,True,medium,orders_per_user,Orders per User (Last 90 Days),False,0.0,,,,,,,0,2026-04-07,2026-04
gl,Golden Lighting,Full,Lighting,Lighting / Full,tier1,8,True,high,orders_per_user,Orders per User (Last 90 Days),True,0.147,0.08,0.14,0.18,0.625,0.01,Q3,8,2026-04-07,2026-04
uhc,Uniware Housewares Corp.,iPad-only,Home & Decor / Housewares / Art Manufacturers,Home & Decor / Housewares / Art Manufacturers / iPad-only,tier1,9,True,high,orders_per_user,Orders per User (Last 90 Days),False,46.2,,,,,,,0,2026-04-07,2026-04
sccon,Summer Classics Contract,Full,Furniture,Furniture / Full,tier1,6,True,medium,orders_per_user,Orders per User (Last 90 Days),True,1.874,0.33,0.73,1.22,0.833,1.14,Q4,6,2026-04-07,2026-04
am,Alfonso Marina,iPad-only,Furniture,Furniture / iPad-only,tier1,16,True,high,orders_per_user,Orders per User (Last 90 Days),False,1.0,,,,,,,0,2026-04-07,2026-04
abol,Americas Backyards,iPad-only,Furniture,Furniture / iPad-only,tier1,16,True,high,orders_per_user,Orders per User (Last 90 Days),False,0.0,,,,,,,0,2026-04-07,2026-04
gblx,Globalux Lighting & Fans,iPad-only,Lighting,Lighting / iPad-only,tier1,18,True,high,orders_per_user,Orders per User (Last 90 Days),False,,,,,,,,0,2026-04-07,2026-04
ol,Oly Studio,iPad-only,Furniture,Furniture / iPad-only,tier1,16,True,high,orders_per_user,Orders per User (Last 90 Days),False,0.0,,,,,,,0,2026-04-07,2026-04
prog,Coleto Brands | Progress Lighting,iPad-only,Lighting,Lighting / iPad-only,tier1,18,True,high,orders_per_user,Orders per User (Last 90 Days),False,0.657,,,,,,,0,2026-04-07,2026-04
sca,Shadow Catchers,iPad-only,Home & Decor / Housewares / Art Manufacturers,Home & Decor / Housewares / Art Manufacturers / iPad-only,tier1,9,True,high,orders_per_user,Orders per User (Last 90 Days),False,2.529,,,,,,,0,2026-04-07,2026-04
rf,Rowe Furniture,iPad-only,Furniture,Furniture / iPad-only,tier1,16,True,high,orders_per_user,Orders per User (Last 90 Days),False,0.268,,,,,,,0,2026-04-07,2026-04
swc,Sauder Woodworking,iPad-only,Furniture,Furniture / iPad-only,tier1,16,True,high,orders_per_user,Orders per User (Last 90 Days),False,0.0,,,,,,,0,2026-04-07,2026-04
lss,Lifestyle Solutions,iPad-only,Furniture,Furniture / iPad-only,tier1,16,True,high,orders_per_user,Orders per User (Last 90 Days),False,3.526,,,,,,,0,2026-04-07,2026-04
soi,Silver One,iPad-only,Home & Decor / Housewares / Art Manufacturers,Home & Decor / Housewares / Art Manufacturers / iPad-only,tier1,9,True,high,orders_per_user,Orders per User (Last 90 Days),False,,,,,,,,0,2026-04-07,2026-04
etl,ELICO LTD.,iPad-only,Home & Decor / Housewares / Art Manufacturers,Home & Decor / Housewares / Art Manufacturers / iPad-only,tier1,9,True,high,orders_per_user,Orders per User (Last 90 Days),False,9.312,,,,,,,0,2026-04-07,2026-04
krb,Kaleen Rugs & Broadloom,iPad-only,Home & Decor / Housewares / Art Manufacturers,Home & Decor / Housewares / Art Manufacturers / iPad-only,tier1,9,True,high,orders_per_user,Orders per User (Last 90 Days),False,0.0,,,,,,,0,2026-04-07,2026-04
dals,DALS Lighting,iPad-only,,iPad-only,tier3,54,True,low,orders_per_user,Orders per User (Last 90 Days),False,0.033,,,,,,,0,2026-04-07,2026-04
ihw,Interlude Furniture,iPad+Catalog+Portal,Furniture,Furniture / iPad+Catalog+Portal,tier1,4,True,medium,orders_per_user,Orders per User (Last 90 Days),False,8.5,,,,,,,0,2026-04-07,2026-04
sc,Gabriella White,iPad+Catalog+Portal,,iPad+Catalog+Portal,tier3,13,True,low,orders_per_user,Orders per User (Last 90 Days),False,48.85,,,,,,,0,2026-04-07,2026-04
ih,Interlude Home,iPad+Catalog+Portal,Furniture,Furniture / iPad+Catalog+Portal,tier1,4,True,medium,orders_per_user,Orders per User (Last 90 Days),False,16.609,,,,,,,0,2026-04-07,2026-04
rw,RENWIL,iPad+Catalog+Portal,Home & Decor / Housewares / Art Manufacturers,Home & Decor / Housewares / Art Manufacturers,tier2,14,True,low,orders_per_user,Orders per User (Last 90 Days),False,25.489,,,,,,,0,2026-04-07,2026-04
cci,Currey & Company,iPad+Catalog+Portal,Lighting,Lighting / iPad+Catalog+Portal,tier1,5,True,medium,orders_per_user,Orders per User (Last 90 Days),False,11.067,,,,,,,0,2026-04-07,2026-04
ml,Millennium Lighting,iPad+Catalog,Lighting,Lighting,tier2,35,True,low,orders_per_user,Orders per User (Last 90 Days),False,0.271,,,,,,,0,2026-04-07,2026-04
mlc,Matteo Lighting,iPad-only,Lighting,Lighting / iPad-only,tier1,18,True,high,orders_per_user,Orders per User (Last 90 Days),False,1.259,,,,,,,0,2026-04-07,2026-04
da,Dainolite Ltd.,iPad-only,Lighting,Lighting / iPad-only,tier1,18,True,high,orders_per_user,Orders per User (Last 90 Days),False,25.405,,,,,,,0,2026-04-07,2026-04
mlg,Minka Lighting Group,iPad-only,,iPad-only,tier3,54,True,low,orders_per_user,Orders per User (Last 90 Days),False,1.228,,,,,,,0,2026-04-07,2026-04
kal,Kalco Lighting / Allegri Crystal,Full,Lighting,Lighting / Full,tier1,8,True,high,orders_per_user,Orders per User (Last 90 Days),True,0.051,0.12,0.14,0.18,0.0,-0.09,Q1,8,2026-04-07,2026-04
ihm,International Home Miami,iPad-only,Furniture,Furniture / iPad-only,tier1,16,True,high,orders_per_user,Orders per User (Last 90 Days),False,0.021,,,,,,,0,2026-04-07,2026-04
eglo,Eglo USA Inc.,iPad-only,Lighting,Lighting / iPad-only,tier1,18,True,high,orders_per_user,Orders per User (Last 90 Days),False,0.808,,,,,,,0,2026-04-07,2026-04
eli,Elegant Furniture & Lighting,iPad+Catalog+Cart,Lighting,Lighting,tier2,35,True,low,orders_per_user,Orders per User (Last 90 Days),True,0.073,0.09,0.14,0.16,0.222,-0.07,Q1,9,2026-04-07,2026-04
wwjc,Wildwood/Chelsea House,Full,Lighting,Lighting / Full,tier1,8,True,high,orders_per_user,Orders per User (Last 90 Days),True,0.089,0.11,0.14,0.18,0.25,-0.06,Q2,8,2026-04-07,2026-04
clli,Craftmade,iPad+Catalog+Portal,Lighting,Lighting / iPad+Catalog+Portal,tier1,5,True,medium,orders_per_user,Orders per User (Last 90 Days),False,0.1,,,,,,,0,2026-04-07,2026-04
el,Eurofase Inc.,iPad+Catalog+Portal,,iPad+Catalog+Portal,tier3,13,True,low,orders_per_user,Orders per User (Last 90 Days),False,0.416,,,,,,,0,2026-04-07,2026-04
hfg,Hubbardton Forge,iPad+Catalog+Portal,Lighting,Lighting / iPad+Catalog+Portal,tier1,5,True,medium,orders_per_user,Orders per User (Last 90 Days),False,3.026,,,,,,,0,2026-04-07,2026-04
pf,Palecek,iPad+Catalog,Furniture,Furniture,tier2,32,True,low,orders_per_user,Orders per User (Last 90 Days),False,3.623,,,,,,,0,2026-04-07,2026-04
kl,Coleto Brands | Kichler,iPad-only,Lighting,Lighting / iPad-only,tier1,18,True,high,orders_per_user,Orders per User (Last 90 Days),False,1.026,,,,,,,0,2026-04-07,2026-04
eglo_can,EGLO Canada,iPad-only,Lighting,Lighting / iPad-only,tier1,18,True,high,orders_per_user,Orders per User (Last 90 Days),False,1.571,,,,,,,0,2026-04-07,2026-04
arl,Arabela Lighting,iPad-only,Lighting,Lighting / iPad-only,tier1,18,True,high,orders_per_user,Orders per User (Last 90 Days),False,1.738,,,,,,,0,2026-04-07,2026-04
cf,Century Furniture,iPad-only,Furniture,Furniture / iPad-only,tier1,16,True,high,orders_per_user,Orders per User (Last 90 Days),False,0.0,,,,,,,0,2026-04-07,2026-04
hh,Highland House,iPad-only,Furniture,Furniture / iPad-only,tier1,16,True,high,orders_per_user,Orders per User (Last 90 Days),False,0.0,,,,,,,0,2026-04-07,2026-04
luc,Lucas McKearn,iPad-only,Lighting,Lighting / iPad-only,tier1,18,True,high,orders_per_user,Orders per User (Last 90 Days),False,0.0,,,,,,,0,2026-04-07,2026-04
vce,Visual Comfort Europe,iPad-only,Lighting,Lighting / iPad-only,tier1,18,True,high,orders_per_user,Orders per User (Last 90 Days),False,0.6,,,,,,,0,2026-04-07,2026-04
mpc,Pioneer Morton,iPad+Catalog+Cart,Generic B2B Wholesale,iPad+Catalog+Cart,tier3,8,True,low,orders_per_user,Orders per User (Last 90 Days),True,4.983,0.08,0.35,1.65,0.875,4.63,Q4,8,2026-04-07,2026-04
all,Accord Lighting,iPad-only,,iPad-only,tier3,54,True,low,orders_per_user,Orders per User (Last 90 Days),False,0.176,,,,,,,0,2026-04-07,2026-04
gh,Gabby,Full,,Full,tier3,19,True,low,orders_per_user,Orders per User (Last 90 Days),True,0.475,0.14,0.25,0.86,0.579,0.23,Q3,19,2026-04-07,2026-04
gcl,Geo Contemporary,iPad-only,Lighting,Lighting / iPad-only,tier1,18,True,high,orders_per_user,Orders per User (Last 90 Days),False,2.0,,,,,,,0,2026-04-07,2026-04
mh,Magnussen Home,iPad-only,,iPad-only,tier3,54,True,low,orders_per_user,Orders per User (Last 90 Days),False,0.725,,,,,,,0,2026-04-07,2026-04
asi,Abaline Supply Inc.,Full,,Full,tier3,19,True,low,orders_per_user,Orders per User (Last 90 Days),True,7.116,0.14,0.25,0.68,1.0,6.87,Q4,19,2026-04-07,2026-04
kkc,Kindel Karges Furniture,iPad-only,Furniture,Furniture / iPad-only,tier1,16,True,high,orders_per_user,Orders per User (Last 90 Days),False,0.0,,,,,,,0,2026-04-07,2026-04
clc,Capital Lighting Fixture Co.,Full,Lighting,Lighting / Full,tier1,8,True,high,orders_per_user,Orders per User (Last 90 Days),True,0.249,0.08,0.14,0.15,0.875,0.11,Q4,8,2026-04-07,2026-04
shl,Savoy House Lighting,Full,Lighting,Lighting / Full,tier1,8,True,high,orders_per_user,Orders per User (Last 90 Days),True,0.163,0.08,0.14,0.17,0.75,0.03,Q4,8,2026-04-07,2026-04
bsc,Butler Specialty Company,iPad-only,Furniture,Furniture / iPad-only,tier1,16,True,high,orders_per_user,Orders per User (Last 90 Days),False,0.105,,,,,,,0,2026-04-07,2026-04
sp,"Sabine Pools, Spas, & Furniture",iPad-only,Furniture,Furniture / iPad-only,tier1,16,True,high,orders_per_user,Orders per User (Last 90 Days),False,6.615,,,,,,,0,2026-04-07,2026-04
sbl,Schonbek Lighting,iPad-only,Furniture,Furniture / iPad-only,tier1,16,True,high,orders_per_user,Orders per User (Last 90 Days),False,0.806,,,,,,,0,2026-04-07,2026-04
mli,Maxim Lighting,iPad-only,,iPad-only,tier3,54,True,low,orders_per_user,Orders per User (Last 90 Days),False,0.963,,,,,,,0,2026-04-07,2026-04
kll,Kuzco Lighting Inc.,Full,Lighting,Lighting / Full,tier1,8,True,high,orders_per_user,Orders per User (Last 90 Days),True,0.143,0.08,0.14,0.18,0.5,0.0,Q3,8,2026-04-07,2026-04
ufi,Universal Furniture,iPad+Catalog+Portal,Furniture,Furniture / iPad+Catalog+Portal,tier1,4,True,medium,orders_per_user,Orders per User (Last 90 Days),False,4.389,,,,,,,0,2026-04-07,2026-04
scw,Summer Classics,Full,,Full,tier3,19,True,low,orders_per_user,Orders per User (Last 90 Days),True,0.801,0.14,0.25,0.74,0.737,0.55,Q3,19,2026-04-07,2026-04
wac,WAC/Modern Forms Lighting,iPad-only,Lighting,Lighting / iPad-only,tier1,18,True,high,orders_per_user,Orders per User (Last 90 Days),False,6.146,,,,,,,0,2026-04-07,2026-04
clm,Crystorama,iPad+Catalog+Portal,Lighting,Lighting / iPad+Catalog+Portal,tier1,5,True,medium,orders_per_user,Orders per User (Last 90 Days),False,0.145,,,,,,,0,2026-04-07,2026-04
ap,Alden Home,iPad+Catalog+Cart,Furniture,Furniture,tier2,32,True,low,orders_per_user,Orders per User (Last 90 Days),True,0.007,0.23,0.73,1.46,0.0,-0.73,Q1,8,2026-04-07,2026-04
fms,Visual Comfort - Studio /Fans,iPad-only,Lighting,Lighting / iPad-only,tier1,18,True,high,orders_per_user,Orders per User (Last 90 Days),False,2.485,,,,,,,0,2026-04-07,2026-04
tla,Visual Comfort - Modern,iPad-only,Lighting,Lighting / iPad-only,tier1,18,True,high,orders_per_user,Orders per User (Last 90 Days),False,0.787,,,,,,,0,2026-04-07,2026-04
hvl,Hudson Valley Lighting,iPad-only,,iPad-only,tier3,54,True,low,orders_per_user,Orders per User (Last 90 Days),False,0.006,,,,,,,0,2026-04-07,2026-04
st,Sixtrees Limited,iPad+Catalog,Home & Decor / Housewares / Art Manufacturers,Home & Decor / Housewares / Art Manufacturers,tier2,14,True,low,orders_per_user,Orders per User (Last 90 Days),False,0.0,,,,,,,0,2026-04-07,2026-04
vl,Ciana Varaluz LLC,iPad+Catalog+Portal,Lighting,Lighting / iPad+Catalog+Portal,tier1,5,True,medium,orders_per_user,Orders per User (Last 90 Days),False,0.859,,,,,,,0,2026-04-07,2026-04
pw,Philip Whitney,iPad-only,Home & Decor / Housewares / Art Manufacturers,Home & Decor / Housewares / Art Manufacturers / iPad-only,tier1,9,True,high,orders_per_user,Orders per User (Last 90 Days),False,0.0,,,,,,,0,2026-04-07,2026-04
ssi,"Studio Silversmiths, Inc.",iPad-only,Home & Decor / Housewares / Art Manufacturers,Home & Decor / Housewares / Art Manufacturers / iPad-only,tier1,9,True,high,orders_per_user,Orders per User (Last 90 Days),False,0.0,,,,,,,0,2026-04-07,2026-04
rac,Ricci Argentieri Company,iPad-only,Home & Decor / Housewares / Art Manufacturers,Home & Decor / Housewares / Art Manufacturers / iPad-only,tier1,9,True,high,orders_per_user,Orders per User (Last 90 Days),False,3.0,,,,,,,0,2026-04-07,2026-04
tl,Troy Lighting,iPad-only,Lighting,Lighting / iPad-only,tier1,18,True,high,orders_per_user,Orders per User (Last 90 Days),False,0.005,,,,,,,0,2026-04-07,2026-04
bp,Buster & Punch,iPad-only,,iPad-only,tier3,54,True,low,catalog_completeness,Catalog Completeness,False,0.4519,,,,,,,0,2026-04-07,2026-04
yw,Yutzy Woodworking,iPad-only,Furniture,Furniture / iPad-only,tier1,16,True,high,catalog_completeness,Catalog Completeness,False,0.6011,,,,,,,0,2026-04-07,2026-04
dccl,Donald Choi Canada,iPad+Catalog+Cart,,iPad+Catalog+Cart,tier3,8,True,low,catalog_completeness,Catalog Completeness,True,0.519,0.77,0.95,0.98,0.0,-0.43,Q1,8,2026-04-07,2026-04
tam,Theodore Alexander Manhasset,iPad-only,Furniture,Furniture / iPad-only,tier1,16,True,high,catalog_completeness,Catalog Completeness,False,0.9706,,,,,,,0,2026-04-07,2026-04
jc,Jonathan Charles Fine Furniture Ltd.,iPad+Catalog+Portal,Furniture,Furniture / iPad+Catalog+Portal,tier1,4,True,medium,catalog_completeness,Catalog Completeness,True,0.7325,0.58,0.84,0.91,0.25,-0.11,Q2,4,2026-04-07,2026-04
cfg,Charleston Forge,iPad+Catalog+Cart,,iPad+Catalog+Cart,tier3,8,True,low,catalog_completeness,Catalog Completeness,True,0.9366,0.67,0.87,0.98,0.5,0.06,Q3,8,2026-04-07,2026-04
big,Baker-McGuire,iPad-only,,iPad-only,tier3,54,True,low,catalog_completeness,Catalog Completeness,False,0.6988,,,,,,,0,2026-04-07,2026-04
ril,Ratana International Ltd.,Full,Furniture,Furniture / Full,tier1,6,True,medium,catalog_completeness,Catalog Completeness,True,0.9823,0.76,0.87,0.97,0.667,0.11,Q3,6,2026-04-07,2026-04
jcusa,Jonathan Charles Designs Inc.,iPad-only,Furniture,Furniture / iPad-only,tier1,16,True,high,catalog_completeness,Catalog Completeness,False,1.0,,,,,,,0,2026-04-07,2026-04
fsf,Four Seasons Furniture,Full,Furniture,Furniture / Full,tier1,6,True,medium,catalog_completeness,Catalog Completeness,True,0.9112,0.76,0.9,0.99,0.5,0.01,Q3,6,2026-04-07,2026-04
tel,Tomlinson Companies,iPad+Catalog,Furniture,Furniture,tier2,32,True,low,catalog_completeness,Catalog Completeness,True,,,,,,,,0,2026-04-07,2026-04
mfc,Morgan Fabrics Corporation,iPad+Catalog,Home & Decor / Housewares / Art Manufacturers,Home & Decor / Housewares / Art Manufacturers,tier2,14,True,low,catalog_completeness,Catalog Completeness,True,0.0,0.73,0.87,0.99,0.0,-0.87,Q1,4,2026-04-07,2026-04
gc,Groupe Courchesne,iPad+Catalog+Cart,Home & Decor / Housewares / Art Manufacturers,Home & Decor / Housewares / Art Manufacturers,tier2,14,True,low,catalog_completeness,Catalog Completeness,True,0.9826,0.51,0.71,0.81,0.75,0.27,Q4,4,2026-04-07,2026-04
df,Designers Fountain,iPad-only,Lighting,Lighting / iPad-only,tier1,18,True,high,catalog_completeness,Catalog Completeness,False,0.9873,,,,,,,0,2026-04-07,2026-04
vcg,Visual Comfort Signature,iPad-only,Lighting,Lighting / iPad-only,tier1,18,True,high,catalog_completeness,Catalog Completeness,False,0.9664,,,,,,,0,2026-04-07,2026-04
vic,Vaxcel International Corporation,Full,Lighting,Lighting / Full,tier1,8,True,high,catalog_completeness,Catalog Completeness,True,0.0,0.96,0.99,1.0,0.125,-0.99,Q1,8,2026-04-07,2026-04
ah,Alfresco Home,iPad+Catalog+Cart,Furniture,Furniture,tier2,32,True,low,catalog_completeness,Catalog Completeness,True,0.9796,0.75,0.86,0.97,0.714,0.12,Q3,14,2026-04-07,2026-04
kii,"Kennedy International, Inc.",iPad+Catalog+Cart,,iPad+Catalog+Cart,tier3,8,True,low,catalog_completeness,Catalog Completeness,True,0.6535,0.77,0.95,0.98,0.125,-0.29,Q1,8,2026-04-07,2026-04
mah,Moda at Home Enterprises Ltd,iPad+Catalog+Cart,Home & Decor / Housewares / Art Manufacturers,Home & Decor / Housewares / Art Manufacturers,tier2,14,True,low,catalog_completeness,Catalog Completeness,True,0.679,0.56,0.87,0.99,0.25,-0.19,Q2,4,2026-04-07,2026-04
hf,Hooker Furnishings,iPad-only,Furniture,Furniture / iPad-only,tier1,16,True,high,catalog_completeness,Catalog Completeness,False,0.9296,,,,,,,0,2026-04-07,2026-04
afx,"AFX, Inc.",iPad-only,Lighting,Lighting / iPad-only,tier1,18,True,high,catalog_completeness,Catalog Completeness,False,0.9529,,,,,,,0,2026-04-07,2026-04
heb,Home Essentials & Beyond,iPad-only,Home & Decor / Housewares / Art Manufacturers,Home & Decor / Housewares / Art Manufacturers / iPad-only,tier1,9,True,high,catalog_completeness,Catalog Completeness,False,0.9877,,,,,,,0,2026-04-07,2026-04
fal,Fine Art Handcrafted Lighting,iPad-only,Lighting,Lighting / iPad-only,tier1,18,True,high,catalog_completeness,Catalog Completeness,False,0.0,,,,,,,0,2026-04-07,2026-04
bri,Bulbrite,Full,Lighting,Lighting / Full,tier1,8,True,high,catalog_completeness,Catalog Completeness,True,0.9669,0.69,0.99,1.0,0.375,-0.02,Q2,8,2026-04-07,2026-04
sbmh,Somerset Bay and Modern History,Full,Furniture,Furniture / Full,tier1,6,True,medium,catalog_completeness,Catalog Completeness,True,0.9923,0.76,0.87,0.96,1.0,0.12,Q4,6,2026-04-07,2026-04
sarreid,"Sarreid, Ltd.",iPad+Catalog+Portal,Furniture,Furniture / iPad+Catalog+Portal,tier1,4,True,medium,catalog_completeness,Catalog Completeness,True,0.9032,0.55,0.75,0.81,0.75,0.15,Q4,4,2026-04-07,2026-04
bcf,Braxton Culler,Full,Furniture,Furniture / Full,tier1,6,True,medium,catalog_completeness,Catalog Completeness,True,0.8243,0.78,0.95,0.99,0.333,-0.12,Q2,6,2026-04-07,2026-04
fc,Furniture Classics,Full,Furniture,Furniture / Full,tier1,6,True,medium,catalog_completeness,Catalog Completeness,True,0.2632,0.85,0.95,0.99,0.0,-0.68,Q1,6,2026-04-07,2026-04
jyc,Jamie Young Company,Full,Lighting,Lighting / Full,tier1,8,True,high,catalog_completeness,Catalog Completeness,True,0.9944,0.69,0.98,0.99,0.75,0.02,Q4,8,2026-04-07,2026-04
ta,Theodore Alexander,Full,Furniture,Furniture / Full,tier1,6,True,medium,catalog_completeness,Catalog Completeness,True,0.9876,0.76,0.87,0.96,0.833,0.12,Q4,6,2026-04-07,2026-04
lpf,Linon/Powell Furniture,Full,Generic B2B Wholesale,Full,tier3,19,True,low,catalog_completeness,Catalog Completeness,True,0.4304,0.73,0.92,0.99,0.158,-0.49,Q1,19,2026-04-07,2026-04
wag,Wendover Art Group,iPad-only,,iPad-only,tier3,54,True,low,catalog_completeness,Catalog Completeness,False,0.9758,,,,,,,0,2026-04-07,2026-04
gsa,Godinger Silver Art Co.,iPad-only,Home & Decor / Housewares / Art Manufacturers,Home & Decor / Housewares / Art Manufacturers / iPad-only,tier1,9,True,high,catalog_completeness,Catalog Completeness,False,0.7091,,,,,,,0,2026-04-07,2026-04
ali,Access Lighting,iPad+Catalog+Portal,Lighting,Lighting / iPad+Catalog+Portal,tier1,5,True,medium,catalog_completeness,Catalog Completeness,True,1.0,0.89,0.93,0.95,1.0,0.07,Q4,5,2026-04-07,2026-04
gl,Golden Lighting,Full,Lighting,Lighting / Full,tier1,8,True,high,catalog_completeness,Catalog Completeness,True,0.993,0.69,0.98,1.0,0.625,0.02,Q3,8,2026-04-07,2026-04
uhc,Uniware Housewares Corp.,iPad-only,Home & Decor / Housewares / Art Manufacturers,Home & Decor / Housewares / Art Manufacturers / iPad-only,tier1,9,True,high,catalog_completeness,Catalog Completeness,False,0.9777,,,,,,,0,2026-04-07,2026-04
sccon,Summer Classics Contract,Full,Furniture,Furniture / Full,tier1,6,True,medium,catalog_completeness,Catalog Completeness,True,0.7362,0.85,0.95,0.99,0.167,-0.21,Q1,6,2026-04-07,2026-04
am,Alfonso Marina,iPad-only,Furniture,Furniture / iPad-only,tier1,16,True,high,catalog_completeness,Catalog Completeness,False,0.9446,,,,,,,0,2026-04-07,2026-04
abol,Americas Backyards,iPad-only,Furniture,Furniture / iPad-only,tier1,16,True,high,catalog_completeness,Catalog Completeness,False,0.0338,,,,,,,0,2026-04-07,2026-04
gblx,Globalux Lighting & Fans,iPad-only,Lighting,Lighting / iPad-only,tier1,18,True,high,catalog_completeness,Catalog Completeness,False,,,,,,,,0,2026-04-07,2026-04
ol,Oly Studio,iPad-only,Furniture,Furniture / iPad-only,tier1,16,True,high,catalog_completeness,Catalog Completeness,False,0.9988,,,,,,,0,2026-04-07,2026-04
prog,Coleto Brands | Progress Lighting,iPad-only,Lighting,Lighting / iPad-only,tier1,18,True,high,catalog_completeness,Catalog Completeness,False,0.9864,,,,,,,0,2026-04-07,2026-04
sca,Shadow Catchers,iPad-only,Home & Decor / Housewares / Art Manufacturers,Home & Decor / Housewares / Art Manufacturers / iPad-only,tier1,9,True,high,catalog_completeness,Catalog Completeness,False,0.9883,,,,,,,0,2026-04-07,2026-04
rf,Rowe Furniture,iPad-only,Furniture,Furniture / iPad-only,tier1,16,True,high,catalog_completeness,Catalog Completeness,False,0.8299,,,,,,,0,2026-04-07,2026-04
swc,Sauder Woodworking,iPad-only,Furniture,Furniture / iPad-only,tier1,16,True,high,catalog_completeness,Catalog Completeness,False,0.9772,,,,,,,0,2026-04-07,2026-04
lss,Lifestyle Solutions,iPad-only,Furniture,Furniture / iPad-only,tier1,16,True,high,catalog_completeness,Catalog Completeness,False,0.831,,,,,,,0,2026-04-07,2026-04
soi,Silver One,iPad-only,Home & Decor / Housewares / Art Manufacturers,Home & Decor / Housewares / Art Manufacturers / iPad-only,tier1,9,True,high,catalog_completeness,Catalog Completeness,False,,,,,,,,0,2026-04-07,2026-04
etl,ELICO LTD.,iPad-only,Home & Decor / Housewares / Art Manufacturers,Home & Decor / Housewares / Art Manufacturers / iPad-only,tier1,9,True,high,catalog_completeness,Catalog Completeness,False,0.8919,,,,,,,0,2026-04-07,2026-04
krb,Kaleen Rugs & Broadloom,iPad-only,Home & Decor / Housewares / Art Manufacturers,Home & Decor / Housewares / Art Manufacturers / iPad-only,tier1,9,True,high,catalog_completeness,Catalog Completeness,False,0.0,,,,,,,0,2026-04-07,2026-04
dals,DALS Lighting,iPad-only,,iPad-only,tier3,54,True,low,catalog_completeness,Catalog Completeness,False,0.8339,,,,,,,0,2026-04-07,2026-04
ihw,Interlude Furniture,iPad+Catalog+Portal,Furniture,Furniture / iPad+Catalog+Portal,tier1,4,True,medium,catalog_completeness,Catalog Completeness,True,0.7733,0.55,0.82,0.91,0.5,-0.04,Q3,4,2026-04-07,2026-04
sc,Gabriella White,iPad+Catalog+Portal,,iPad+Catalog+Portal,tier3,13,True,low,catalog_completeness,Catalog Completeness,True,0.6154,0.73,0.9,0.95,0.231,-0.29,Q1,13,2026-04-07,2026-04
ih,Interlude Home,iPad+Catalog+Portal,Furniture,Furniture / iPad+Catalog+Portal,tier1,4,True,medium,catalog_completeness,Catalog Completeness,True,0.9393,0.55,0.75,0.81,1.0,0.19,Q4,4,2026-04-07,2026-04
rw,RENWIL,iPad+Catalog+Portal,Home & Decor / Housewares / Art Manufacturers,Home & Decor / Housewares / Art Manufacturers,tier2,14,True,low,catalog_completeness,Catalog Completeness,True,0.9994,0.51,0.71,0.81,1.0,0.29,Q4,4,2026-04-07,2026-04
cci,Currey & Company,iPad+Catalog+Portal,Lighting,Lighting / iPad+Catalog+Portal,tier1,5,True,medium,catalog_completeness,Catalog Completeness,True,0.889,0.93,0.95,1.0,0.2,-0.07,Q1,5,2026-04-07,2026-04
ml,Millennium Lighting,iPad+Catalog,Lighting,Lighting,tier2,35,True,low,catalog_completeness,Catalog Completeness,True,0.9883,0.91,0.96,1.0,0.625,0.03,Q3,16,2026-04-07,2026-04
mlc,Matteo Lighting,iPad-only,Lighting,Lighting / iPad-only,tier1,18,True,high,catalog_completeness,Catalog Completeness,False,0.9985,,,,,,,0,2026-04-07,2026-04
da,Dainolite Ltd.,iPad-only,Lighting,Lighting / iPad-only,tier1,18,True,high,catalog_completeness,Catalog Completeness,False,1.0,,,,,,,0,2026-04-07,2026-04
mlg,Minka Lighting Group,iPad-only,,iPad-only,tier3,54,True,low,catalog_completeness,Catalog Completeness,False,0.9929,,,,,,,0,2026-04-07,2026-04
kal,Kalco Lighting / Allegri Crystal,Full,Lighting,Lighting / Full,tier1,8,True,high,catalog_completeness,Catalog Completeness,True,0.9195,0.73,0.99,1.0,0.25,-0.07,Q2,8,2026-04-07,2026-04
ihm,International Home Miami,iPad-only,Furniture,Furniture / iPad-only,tier1,16,True,high,catalog_completeness,Catalog Completeness,False,1.0,,,,,,,0,2026-04-07,2026-04
eglo,Eglo USA Inc.,iPad-only,Lighting,Lighting / iPad-only,tier1,18,True,high,catalog_completeness,Catalog Completeness,False,0.9626,,,,,,,0,2026-04-07,2026-04
eli,Elegant Furniture & Lighting,iPad+Catalog+Cart,Lighting,Lighting,tier2,35,True,low,catalog_completeness,Catalog Completeness,True,0.9537,0.91,0.98,1.0,0.375,-0.02,Q2,16,2026-04-07,2026-04
wwjc,Wildwood/Chelsea House,Full,Lighting,Lighting / Full,tier1,8,True,high,catalog_completeness,Catalog Completeness,True,0.9984,0.69,0.98,0.99,0.875,0.02,Q4,8,2026-04-07,2026-04
clli,Craftmade,iPad+Catalog+Portal,Lighting,Lighting / iPad+Catalog+Portal,tier1,5,True,medium,catalog_completeness,Catalog Completeness,True,0.9336,0.89,0.95,1.0,0.4,-0.02,Q2,5,2026-04-07,2026-04
el,Eurofase Inc.,iPad+Catalog+Portal,,iPad+Catalog+Portal,tier3,13,True,low,catalog_completeness,Catalog Completeness,True,0.2444,0.73,0.9,0.95,0.077,-0.66,Q1,13,2026-04-07,2026-04
hfg,Hubbardton Forge,iPad+Catalog+Portal,Lighting,Lighting / iPad+Catalog+Portal,tier1,5,True,medium,catalog_completeness,Catalog Completeness,True,0.9545,0.89,0.93,1.0,0.6,0.02,Q3,5,2026-04-07,2026-04
pf,Palecek,iPad+Catalog,Furniture,Furniture,tier2,32,True,low,catalog_completeness,Catalog Completeness,True,0.9895,0.75,0.86,0.97,0.929,0.13,Q4,14,2026-04-07,2026-04
kl,Coleto Brands | Kichler,iPad-only,Lighting,Lighting / iPad-only,tier1,18,True,high,catalog_completeness,Catalog Completeness,False,0.9057,,,,,,,0,2026-04-07,2026-04
eglo_can,EGLO Canada,iPad-only,Lighting,Lighting / iPad-only,tier1,18,True,high,catalog_completeness,Catalog Completeness,False,0.9995,,,,,,,0,2026-04-07,2026-04
arl,Arabela Lighting,iPad-only,Lighting,Lighting / iPad-only,tier1,18,True,high,catalog_completeness,Catalog Completeness,False,1.0,,,,,,,0,2026-04-07,2026-04
cf,Century Furniture,iPad-only,Furniture,Furniture / iPad-only,tier1,16,True,high,catalog_completeness,Catalog Completeness,False,0.0,,,,,,,0,2026-04-07,2026-04
hh,Highland House,iPad-only,Furniture,Furniture / iPad-only,tier1,16,True,high,catalog_completeness,Catalog Completeness,False,0.0,,,,,,,0,2026-04-07,2026-04
luc,Lucas McKearn,iPad-only,Lighting,Lighting / iPad-only,tier1,18,True,high,catalog_completeness,Catalog Completeness,False,0.9968,,,,,,,0,2026-04-07,2026-04
vce,Visual Comfort Europe,iPad-only,Lighting,Lighting / iPad-only,tier1,18,True,high,catalog_completeness,Catalog Completeness,False,1.0,,,,,,,0,2026-04-07,2026-04
mpc,Pioneer Morton,iPad+Catalog+Cart,Generic B2B Wholesale,iPad+Catalog+Cart,tier3,8,True,low,catalog_completeness,Catalog Completeness,True,0.9862,0.67,0.87,0.96,1.0,0.12,Q4,8,2026-04-07,2026-04
all,Accord Lighting,iPad-only,,iPad-only,tier3,54,True,low,catalog_completeness,Catalog Completeness,False,0.0248,,,,,,,0,2026-04-07,2026-04
gh,Gabby,Full,,Full,tier3,19,True,low,catalog_completeness,Catalog Completeness,True,0.7321,0.69,0.92,0.99,0.263,-0.19,Q2,19,2026-04-07,2026-04
gcl,Geo Contemporary,iPad-only,Lighting,Lighting / iPad-only,tier1,18,True,high,catalog_completeness,Catalog Completeness,False,0.8905,,,,,,,0,2026-04-07,2026-04
mh,Magnussen Home,iPad-only,,iPad-only,tier3,54,True,low,catalog_completeness,Catalog Completeness,False,0.0,,,,,,,0,2026-04-07,2026-04
asi,Abaline Supply Inc.,Full,,Full,tier3,19,True,low,catalog_completeness,Catalog Completeness,True,0.6342,0.73,0.92,0.99,0.211,-0.29,Q1,19,2026-04-07,2026-04
kkc,Kindel Karges Furniture,iPad-only,Furniture,Furniture / iPad-only,tier1,16,True,high,catalog_completeness,Catalog Completeness,False,0.9961,,,,,,,0,2026-04-07,2026-04
clc,Capital Lighting Fixture Co.,Full,Lighting,Lighting / Full,tier1,8,True,high,catalog_completeness,Catalog Completeness,True,1.0,0.69,0.98,0.99,1.0,0.02,Q4,8,2026-04-07,2026-04
shl,Savoy House Lighting,Full,Lighting,Lighting / Full,tier1,8,True,high,catalog_completeness,Catalog Completeness,True,0.9874,0.69,0.98,1.0,0.5,0.01,Q3,8,2026-04-07,2026-04
bsc,Butler Specialty Company,iPad-only,Furniture,Furniture / iPad-only,tier1,16,True,high,catalog_completeness,Catalog Completeness,False,0.9914,,,,,,,0,2026-04-07,2026-04
sp,"Sabine Pools, Spas, & Furniture",iPad-only,Furniture,Furniture / iPad-only,tier1,16,True,high,catalog_completeness,Catalog Completeness,False,0.4097,,,,,,,0,2026-04-07,2026-04
sbl,Schonbek Lighting,iPad-only,Furniture,Furniture / iPad-only,tier1,16,True,high,catalog_completeness,Catalog Completeness,False,0.0002,,,,,,,0,2026-04-07,2026-04
mli,Maxim Lighting,iPad-only,,iPad-only,tier3,54,True,low,catalog_completeness,Catalog Completeness,False,0.6638,,,,,,,0,2026-04-07,2026-04
kll,Kuzco Lighting Inc.,Full,Lighting,Lighting / Full,tier1,8,True,high,catalog_completeness,Catalog Completeness,True,0.0,0.96,0.99,1.0,0.125,-0.99,Q1,8,2026-04-07,2026-04
ufi,Universal Furniture,iPad+Catalog+Portal,Furniture,Furniture / iPad+Catalog+Portal,tier1,4,True,medium,catalog_completeness,Catalog Completeness,True,0.0,0.76,0.84,0.91,0.0,-0.84,Q1,4,2026-04-07,2026-04
scw,Summer Classics,Full,,Full,tier3,19,True,low,catalog_completeness,Catalog Completeness,True,0.7806,0.68,0.92,0.99,0.368,-0.14,Q2,19,2026-04-07,2026-04
wac,WAC/Modern Forms Lighting,iPad-only,Lighting,Lighting / iPad-only,tier1,18,True,high,catalog_completeness,Catalog Completeness,False,0.0,,,,,,,0,2026-04-07,2026-04
clm,Crystorama,iPad+Catalog+Portal,Lighting,Lighting / iPad+Catalog+Portal,tier1,5,True,medium,catalog_completeness,Catalog Completeness,True,1.0,0.89,0.93,0.95,1.0,0.07,Q4,5,2026-04-07,2026-04
ap,Alden Home,iPad+Catalog+Cart,Furniture,Furniture,tier2,32,True,low,catalog_completeness,Catalog Completeness,True,0.7943,0.75,0.91,0.98,0.357,-0.11,Q2,14,2026-04-07,2026-04
fms,Visual Comfort - Studio /Fans,iPad-only,Lighting,Lighting / iPad-only,tier1,18,True,high,catalog_completeness,Catalog Completeness,False,0.8565,,,,,,,0,2026-04-07,2026-04
tla,Visual Comfort - Modern,iPad-only,Lighting,Lighting / iPad-only,tier1,18,True,high,catalog_completeness,Catalog Completeness,False,0.2582,,,,,,,0,2026-04-07,2026-04
hvl,Hudson Valley Lighting,iPad-only,,iPad-only,tier3,54,True,low,catalog_completeness,Catalog Completeness,False,0.919,,,,,,,0,2026-04-07,2026-04
st,Sixtrees Limited,iPad+Catalog,Home & Decor / Housewares / Art Manufacturers,Home & Decor / Housewares / Art Manufacturers,tier2,14,True,low,catalog_completeness,Catalog Completeness,True,0.7478,0.51,0.83,0.99,0.5,-0.08,Q3,4,2026-04-07,2026-04
vl,Ciana Varaluz LLC,iPad+Catalog+Portal,Lighting,Lighting / iPad+Catalog+Portal,tier1,5,True,medium,catalog_completeness,Catalog Completeness,True,0.5668,0.93,0.95,1.0,0.0,-0.39,Q1,5,2026-04-07,2026-04
pw,Philip Whitney,iPad-only,Home & Decor / Housewares / Art Manufacturers,Home & Decor / Housewares / Art Manufacturers / iPad-only,tier1,9,True,high,catalog_completeness,Catalog Completeness,False,0.8076,,,,,,,0,2026-04-07,2026-04
ssi,"Studio Silversmiths, Inc.",iPad-only,Home & Decor / Housewares / Art Manufacturers,Home & Decor / Housewares / Art Manufacturers / iPad-only,tier1,9,True,high,catalog_completeness,Catalog Completeness,False,0.8838,,,,,,,0,2026-04-07,2026-04
rac,Ricci Argentieri Company,iPad-only,Home & Decor / Housewares / Art Manufacturers,Home & Decor / Housewares / Art Manufacturers / iPad-only,tier1,9,True,high,catalog_completeness,Catalog Completeness,False,0.9681,,,,,,,0,2026-04-07,2026-04
tl,Troy Lighting,iPad-only,Lighting,Lighting / iPad-only,tier1,18,True,high,catalog_completeness,Catalog Completeness,False,0.5885,,,,,,,0,2026-04-07,2026-04
bp,Buster & Punch,iPad-only,,iPad-only,tier3,54,True,low,login_intensity,Login Intensity (logins / active user),True,,,,,,,,0,2026-04-07,2026-04
yw,Yutzy Woodworking,iPad-only,Furniture,Furniture / iPad-only,tier1,16,True,high,login_intensity,Login Intensity (logins / active user),True,,,,,,,,0,2026-04-07,2026-04
dccl,Donald Choi Canada,iPad+Catalog+Cart,,iPad+Catalog+Cart,tier3,8,True,low,login_intensity,Login Intensity (logins / active user),True,,,,,,,,0,2026-04-07,2026-04
tam,Theodore Alexander Manhasset,iPad-only,Furniture,Furniture / iPad-only,tier1,16,True,high,login_intensity,Login Intensity (logins / active user),True,,,,,,,,0,2026-04-07,2026-04
jc,Jonathan Charles Fine Furniture Ltd.,iPad+Catalog+Portal,Furniture,Furniture / iPad+Catalog+Portal,tier1,4,True,medium,login_intensity,Login Intensity (logins / active user),True,61.90909090909091,205.36,211.09,215.53,0.0,-149.18,Q1,4,2026-04-07,2026-04
cfg,Charleston Forge,iPad+Catalog+Cart,,iPad+Catalog+Cart,tier3,8,True,low,login_intensity,Login Intensity (logins / active user),True,,,,,,,,0,2026-04-07,2026-04
big,Baker-McGuire,iPad-only,,iPad-only,tier3,54,True,low,login_intensity,Login Intensity (logins / active user),True,,,,,,,,0,2026-04-07,2026-04
ril,Ratana International Ltd.,Full,Furniture,Furniture / Full,tier1,6,True,medium,login_intensity,Login Intensity (logins / active user),True,74.20454545454545,164.08,171.28,181.52,0.0,-97.07,Q1,4,2026-04-07,2026-04
jcusa,Jonathan Charles Designs Inc.,iPad-only,Furniture,Furniture / iPad-only,tier1,16,True,high,login_intensity,Login Intensity (logins / active user),True,,,,,,,,0,2026-04-07,2026-04
fsf,Four Seasons Furniture,Full,Furniture,Furniture / Full,tier1,6,True,medium,login_intensity,Login Intensity (logins / active user),True,163.96,141.64,171.28,181.52,0.25,-7.32,Q2,4,2026-04-07,2026-04
tel,Tomlinson Companies,iPad+Catalog,Furniture,Furniture,tier2,32,True,low,login_intensity,Login Intensity (logins / active user),True,155.5,74.2,135.67,164.5,0.6,19.83,Q3,25,2026-04-07,2026-04
mfc,Morgan Fabrics Corporation,iPad+Catalog,Home & Decor / Housewares / Art Manufacturers,Home & Decor / Housewares / Art Manufacturers,tier2,14,True,low,login_intensity,Login Intensity (logins / active user),True,50.4,47.04,76.0,102.58,0.333,-25.6,Q2,9,2026-04-07,2026-04
gc,Groupe Courchesne,iPad+Catalog+Cart,Home & Decor / Housewares / Art Manufacturers,Home & Decor / Housewares / Art Manufacturers,tier2,14,True,low,login_intensity,Login Intensity (logins / active user),True,,,,,,,,0,2026-04-07,2026-04
df,Designers Fountain,iPad-only,Lighting,Lighting / iPad-only,tier1,18,True,high,login_intensity,Login Intensity (logins / active user),True,64.82142857142857,31.13,47.38,100.2,0.556,17.44,Q3,9,2026-04-07,2026-04
vcg,Visual Comfort Signature,iPad-only,Lighting,Lighting / iPad-only,tier1,18,True,high,login_intensity,Login Intensity (logins / active user),True,113.03614457831326,31.13,47.38,68.72,0.889,65.66,Q4,9,2026-04-07,2026-04
vic,Vaxcel International Corporation,Full,Lighting,Lighting / Full,tier1,8,True,high,login_intensity,Login Intensity (logins / active user),True,62.63636363636363,95.8,102.59,126.06,0.125,-39.95,Q1,8,2026-04-07,2026-04
ah,Alfresco Home,iPad+Catalog+Cart,Furniture,Furniture,tier2,32,True,low,login_intensity,Login Intensity (logins / active user),True,143.3030303030303,74.2,135.67,164.5,0.52,7.64,Q3,25,2026-04-07,2026-04
kii,"Kennedy International, Inc.",iPad+Catalog+Cart,,iPad+Catalog+Cart,tier3,8,True,low,login_intensity,Login Intensity (logins / active user),True,,,,,,,,0,2026-04-07,2026-04
mah,Moda at Home Enterprises Ltd,iPad+Catalog+Cart,Home & Decor / Housewares / Art Manufacturers,Home & Decor / Housewares / Art Manufacturers,tier2,14,True,low,login_intensity,Login Intensity (logins / active user),True,,,,,,,,0,2026-04-07,2026-04
hf,Hooker Furnishings,iPad-only,Furniture,Furniture / iPad-only,tier1,16,True,high,login_intensity,Login Intensity (logins / active user),True,87.63333333333334,59.15,85.45,113.33,0.545,2.18,Q3,11,2026-04-07,2026-04
afx,"AFX, Inc.",iPad-only,Lighting,Lighting / iPad-only,tier1,18,True,high,login_intensity,Login Intensity (logins / active user),True,31.13157894736842,34.0,64.82,100.2,0.222,-33.69,Q1,9,2026-04-07,2026-04
heb,Home Essentials & Beyond,iPad-only,Home & Decor / Housewares / Art Manufacturers,Home & Decor / Housewares / Art Manufacturers / iPad-only,tier1,9,True,high,login_intensity,Login Intensity (logins / active user),True,73.52941176470588,46.15,72.09,101.22,0.5,1.44,Q3,6,2026-04-07,2026-04
fal,Fine Art Handcrafted Lighting,iPad-only,Lighting,Lighting / iPad-only,tier1,18,True,high,login_intensity,Login Intensity (logins / active user),True,,,,,,,,0,2026-04-07,2026-04
bri,Bulbrite,Full,Lighting,Lighting / Full,tier1,8,True,high,login_intensity,Login Intensity (logins / active user),True,59.50666666666667,95.8,102.59,126.06,0.0,-43.08,Q1,8,2026-04-07,2026-04
sbmh,Somerset Bay and Modern History,Full,Furniture,Furniture / Full,tier1,6,True,medium,login_intensity,Login Intensity (logins / active user),True,,,,,,,,0,2026-04-07,2026-04
sarreid,"Sarreid, Ltd.",iPad+Catalog+Portal,Furniture,Furniture / iPad+Catalog+Portal,tier1,4,True,medium,login_intensity,Login Intensity (logins / active user),True,212.9272727272727,160.73,201.46,212.78,0.75,11.46,Q4,4,2026-04-07,2026-04
bcf,Braxton Culler,Full,Furniture,Furniture / Full,tier1,6,True,medium,login_intensity,Login Intensity (logins / active user),True,164.12244897959184,141.52,171.19,181.52,0.5,-7.07,Q3,4,2026-04-07,2026-04
fc,Furniture Classics,Full,Furniture,Furniture / Full,tier1,6,True,medium,login_intensity,Login Intensity (logins / active user),True,178.42857142857142,141.52,164.04,170.79,0.75,14.39,Q4,4,2026-04-07,2026-04
jyc,Jamie Young Company,Full,Lighting,Lighting / Full,tier1,8,True,high,login_intensity,Login Intensity (logins / active user),True,130.296875,82.67,98.46,110.83,0.875,31.84,Q4,8,2026-04-07,2026-04
ta,Theodore Alexander,Full,Furniture,Furniture / Full,tier1,6,True,medium,login_intensity,Login Intensity (logins / active user),True,,,,,,,,0,2026-04-07,2026-04
lpf,Linon/Powell Furniture,Full,Generic B2B Wholesale,Full,tier3,19,True,low,login_intensity,Login Intensity (logins / active user),True,,,,,,,,0,2026-04-07,2026-04
wag,Wendover Art Group,iPad-only,,iPad-only,tier3,54,True,low,login_intensity,Login Intensity (logins / active user),True,,,,,,,,0,2026-04-07,2026-04
gsa,Godinger Silver Art Co.,iPad-only,Home & Decor / Housewares / Art Manufacturers,Home & Decor / Housewares / Art Manufacturers / iPad-only,tier1,9,True,high,login_intensity,Login Intensity (logins / active user),True,97.1304347826087,46.15,60.29,95.32,0.667,36.84,Q3,6,2026-04-07,2026-04
ali,Access Lighting,iPad+Catalog+Portal,Lighting,Lighting / iPad+Catalog+Portal,tier1,5,True,medium,login_intensity,Login Intensity (logins / active user),True,75.15217391304348,112.43,137.66,145.98,0.25,-62.5,Q2,4,2026-04-07,2026-04
gl,Golden Lighting,Full,Lighting,Lighting / Full,tier1,8,True,high,login_intensity,Login Intensity (logins / active user),True,89.34375,89.13,102.59,126.06,0.25,-13.25,Q2,8,2026-04-07,2026-04
uhc,Uniware Housewares Corp.,iPad-only,Home & Decor / Housewares / Art Manufacturers,Home & Decor / Housewares / Art Manufacturers / iPad-only,tier1,9,True,high,login_intensity,Login Intensity (logins / active user),True,261.1,46.15,60.29,91.23,1.0,200.81,Q4,6,2026-04-07,2026-04
sccon,Summer Classics Contract,Full,Furniture,Furniture / Full,tier1,6,True,medium,login_intensity,Login Intensity (logins / active user),True,190.8125,141.52,164.04,167.7,1.0,26.77,Q4,4,2026-04-07,2026-04
am,Alfonso Marina,iPad-only,Furniture,Furniture / iPad-only,tier1,16,True,high,login_intensity,Login Intensity (logins / active user),True,72.05882352941177,59.15,87.63,113.33,0.364,-15.57,Q2,11,2026-04-07,2026-04
abol,Americas Backyards,iPad-only,Furniture,Furniture / iPad-only,tier1,16,True,high,login_intensity,Login Intensity (logins / active user),True,64.0,63.18,87.63,113.33,0.273,-23.63,Q2,11,2026-04-07,2026-04
gblx,Globalux Lighting & Fans,iPad-only,Lighting,Lighting / iPad-only,tier1,18,True,high,login_intensity,Login Intensity (logins / active user),True,,,,,,,,0,2026-04-07,2026-04
ol,Oly Studio,iPad-only,Furniture,Furniture / iPad-only,tier1,16,True,high,login_intensity,Login Intensity (logins / active user),True,164.5,59.15,85.45,90.92,1.0,79.05,Q4,11,2026-04-07,2026-04
prog,Coleto Brands | Progress Lighting,iPad-only,Lighting,Lighting / iPad-only,tier1,18,True,high,login_intensity,Login Intensity (logins / active user),True,7.444444444444445,34.0,64.82,100.2,0.0,-57.38,Q1,9,2026-04-07,2026-04
sca,Shadow Catchers,iPad-only,Home & Decor / Housewares / Art Manufacturers,Home & Decor / Housewares / Art Manufacturers / iPad-only,tier1,9,True,high,login_intensity,Login Intensity (logins / active user),True,47.041666666666664,52.78,85.33,101.22,0.333,-38.29,Q2,6,2026-04-07,2026-04
rf,Rowe Furniture,iPad-only,Furniture,Furniture / iPad-only,tier1,16,True,high,login_intensity,Login Intensity (logins / active user),True,161.4375,59.15,85.45,90.92,0.909,75.98,Q4,11,2026-04-07,2026-04
swc,Sauder Woodworking,iPad-only,Furniture,Furniture / iPad-only,tier1,16,True,high,login_intensity,Login Intensity (logins / active user),True,91.0,59.15,85.45,113.25,0.727,5.55,Q3,11,2026-04-07,2026-04
lss,Lifestyle Solutions,iPad-only,Furniture,Furniture / iPad-only,tier1,16,True,high,login_intensity,Login Intensity (logins / active user),True,85.45454545454545,59.15,87.63,113.33,0.455,-2.18,Q2,11,2026-04-07,2026-04
soi,Silver One,iPad-only,Home & Decor / Housewares / Art Manufacturers,Home & Decor / Housewares / Art Manufacturers / iPad-only,tier1,9,True,high,login_intensity,Login Intensity (logins / active user),True,,,,,,,,0,2026-04-07,2026-04
etl,ELICO LTD.,iPad-only,Home & Decor / Housewares / Art Manufacturers,Home & Decor / Housewares / Art Manufacturers / iPad-only,tier1,9,True,high,login_intensity,Login Intensity (logins / active user),True,,,,,,,,0,2026-04-07,2026-04
krb,Kaleen Rugs & Broadloom,iPad-only,Home & Decor / Housewares / Art Manufacturers,Home & Decor / Housewares / Art Manufacturers / iPad-only,tier1,9,True,high,login_intensity,Login Intensity (logins / active user),True,,,,,,,,0,2026-04-07,2026-04
dals,DALS Lighting,iPad-only,,iPad-only,tier3,54,True,low,login_intensity,Login Intensity (logins / active user),True,,,,,,,,0,2026-04-07,2026-04
ihw,Interlude Furniture,iPad+Catalog+Portal,Furniture,Furniture / iPad+Catalog+Portal,tier1,4,True,medium,login_intensity,Login Intensity (logins / active user),True,193.66666666666663,172.42,211.09,215.53,0.25,-17.43,Q2,4,2026-04-07,2026-04
sc,Gabriella White,iPad+Catalog+Portal,,iPad+Catalog+Portal,tier3,13,True,low,login_intensity,Login Intensity (logins / active user),True,,,,,,,,0,2026-04-07,2026-04
ih,Interlude Home,iPad+Catalog+Portal,Furniture,Furniture / iPad+Catalog+Portal,tier1,4,True,medium,login_intensity,Login Intensity (logins / active user),True,209.25806451612905,160.73,203.3,215.53,0.5,5.96,Q3,4,2026-04-07,2026-04
rw,RENWIL,iPad+Catalog+Portal,Home & Decor / Housewares / Art Manufacturers,Home & Decor / Housewares / Art Manufacturers,tier2,14,True,low,login_intensity,Login Intensity (logins / active user),True,118.15625,47.04,73.53,97.13,0.889,44.63,Q4,9,2026-04-07,2026-04
cci,Currey & Company,iPad+Catalog+Portal,Lighting,Lighting / iPad+Catalog+Portal,tier1,5,True,medium,login_intensity,Login Intensity (logins / active user),True,162.55555555555554,67.65,105.0,136.25,1.0,57.55,Q4,4,2026-04-07,2026-04
ml,Millennium Lighting,iPad+Catalog,Lighting,Lighting,tier2,35,True,low,login_intensity,Login Intensity (logins / active user),True,84.73015873015873,59.51,97.96,123.76,0.44,-13.23,Q2,25,2026-04-07,2026-04
mlc,Matteo Lighting,iPad-only,Lighting,Lighting / iPad-only,tier1,18,True,high,login_intensity,Login Intensity (logins / active user),True,68.71739130434783,31.13,47.38,100.2,0.667,21.34,Q3,9,2026-04-07,2026-04
da,Dainolite Ltd.,iPad-only,Lighting,Lighting / iPad-only,tier1,18,True,high,login_intensity,Login Intensity (logins / active user),True,,,,,,,,0,2026-04-07,2026-04
mlg,Minka Lighting Group,iPad-only,,iPad-only,tier3,54,True,low,login_intensity,Login Intensity (logins / active user),True,,,,,,,,0,2026-04-07,2026-04
kal,Kalco Lighting / Allegri Crystal,Full,Lighting,Lighting / Full,tier1,8,True,high,login_intensity,Login Intensity (logins / active user),True,106.22641509433964,82.67,98.46,126.06,0.625,7.77,Q3,8,2026-04-07,2026-04
ihm,International Home Miami,iPad-only,Furniture,Furniture / iPad-only,tier1,16,True,high,login_intensity,Login Intensity (logins / active user),True,,,,,,,,0,2026-04-07,2026-04
eglo,Eglo USA Inc.,iPad-only,Lighting,Lighting / iPad-only,tier1,18,True,high,login_intensity,Login Intensity (logins / active user),True,,,,,,,,0,2026-04-07,2026-04
eli,Elegant Furniture & Lighting,iPad+Catalog+Cart,Lighting,Lighting,tier2,35,True,low,login_intensity,Login Intensity (logins / active user),True,114.61194029850746,59.51,89.34,123.76,0.72,25.27,Q3,25,2026-04-07,2026-04
wwjc,Wildwood/Chelsea House,Full,Lighting,Lighting / Full,tier1,8,True,high,login_intensity,Login Intensity (logins / active user),True,179.21153846153845,82.67,98.46,110.83,1.0,80.76,Q4,8,2026-04-07,2026-04
clli,Craftmade,iPad+Catalog+Portal,Lighting,Lighting / iPad+Catalog+Portal,tier1,5,True,medium,login_intensity,Login Intensity (logins / active user),True,134.85294117647058,67.65,107.8,145.98,0.5,27.05,Q3,4,2026-04-07,2026-04
el,Eurofase Inc.,iPad+Catalog+Portal,,iPad+Catalog+Portal,tier3,13,True,low,login_intensity,Login Intensity (logins / active user),True,,,,,,,,0,2026-04-07,2026-04
hfg,Hubbardton Forge,iPad+Catalog+Portal,Lighting,Lighting / iPad+Catalog+Portal,tier1,5,True,medium,login_intensity,Login Intensity (logins / active user),True,140.45744680851064,67.65,105.0,141.78,0.75,35.45,Q4,4,2026-04-07,2026-04
pf,Palecek,iPad+Catalog,Furniture,Furniture,tier2,32,True,low,login_intensity,Login Intensity (logins / active user),True,149.89830508474577,74.2,135.67,164.5,0.56,14.23,Q3,25,2026-04-07,2026-04
kl,Coleto Brands | Kichler,iPad-only,Lighting,Lighting / iPad-only,tier1,18,True,high,login_intensity,Login Intensity (logins / active user),True,,,,,,,,0,2026-04-07,2026-04
eglo_can,EGLO Canada,iPad-only,Lighting,Lighting / iPad-only,tier1,18,True,high,login_intensity,Login Intensity (logins / active user),True,100.2,31.13,47.38,68.72,0.778,52.82,Q4,9,2026-04-07,2026-04
arl,Arabela Lighting,iPad-only,Lighting,Lighting / iPad-only,tier1,18,True,high,login_intensity,Login Intensity (logins / active user),True,,,,,,,,0,2026-04-07,2026-04
cf,Century Furniture,iPad-only,Furniture,Furniture / iPad-only,tier1,16,True,high,login_intensity,Login Intensity (logins / active user),True,43.25,68.03,87.63,113.33,0.091,-44.38,Q1,11,2026-04-07,2026-04
hh,Highland House,iPad-only,Furniture,Furniture / iPad-only,tier1,16,True,high,login_intensity,Login Intensity (logins / active user),True,26.8,68.03,87.63,113.33,0.0,-60.83,Q1,11,2026-04-07,2026-04
luc,Lucas McKearn,iPad-only,Lighting,Lighting / iPad-only,tier1,18,True,high,login_intensity,Login Intensity (logins / active user),True,24.90909090909091,34.0,64.82,100.2,0.111,-39.91,Q1,9,2026-04-07,2026-04
vce,Visual Comfort Europe,iPad-only,Lighting,Lighting / iPad-only,tier1,18,True,high,login_intensity,Login Intensity (logins / active user),True,123.76470588235294,31.13,47.38,68.72,1.0,76.39,Q4,9,2026-04-07,2026-04
mpc,Pioneer Morton,iPad+Catalog+Cart,Generic B2B Wholesale,iPad+Catalog+Cart,tier3,8,True,low,login_intensity,Login Intensity (logins / active user),True,254.76923076923077,118.14,121.67,132.48,1.0,133.1,Q4,3,2026-04-07,2026-04
all,Accord Lighting,iPad-only,,iPad-only,tier3,54,True,low,login_intensity,Login Intensity (logins / active user),True,,,,,,,,0,2026-04-07,2026-04
gh,Gabby,Full,,Full,tier3,19,True,low,login_intensity,Login Intensity (logins / active user),True,,,,,,,,0,2026-04-07,2026-04
gcl,Geo Contemporary,iPad-only,Lighting,Lighting / iPad-only,tier1,18,True,high,login_intensity,Login Intensity (logins / active user),True,47.37931034482759,31.13,64.82,100.2,0.444,-17.44,Q2,9,2026-04-07,2026-04
mh,Magnussen Home,iPad-only,,iPad-only,tier3,54,True,low,login_intensity,Login Intensity (logins / active user),True,,,,,,,,0,2026-04-07,2026-04
asi,Abaline Supply Inc.,Full,,Full,tier3,19,True,low,login_intensity,Login Intensity (logins / active user),True,,,,,,,,0,2026-04-07,2026-04
kkc,Kindel Karges Furniture,iPad-only,Furniture,Furniture / iPad-only,tier1,16,True,high,login_intensity,Login Intensity (logins / active user),True,,,,,,,,0,2026-04-07,2026-04
clc,Capital Lighting Fixture Co.,Full,Lighting,Lighting / Full,tier1,8,True,high,login_intensity,Login Intensity (logins / active user),True,98.95454545454544,82.67,102.09,126.06,0.5,-3.14,Q3,8,2026-04-07,2026-04
shl,Savoy House Lighting,Full,Lighting,Lighting / Full,tier1,8,True,high,login_intensity,Login Intensity (logins / active user),True,124.64406779661016,82.67,98.46,112.24,0.75,26.19,Q4,8,2026-04-07,2026-04
bsc,Butler Specialty Company,iPad-only,Furniture,Furniture / iPad-only,tier1,16,True,high,login_intensity,Login Intensity (logins / active user),True,90.83333333333331,59.15,85.45,113.33,0.636,5.38,Q3,11,2026-04-07,2026-04
sp,"Sabine Pools, Spas, & Furniture",iPad-only,Furniture,Furniture / iPad-only,tier1,16,True,high,login_intensity,Login Intensity (logins / active user),True,135.66666666666666,59.15,85.45,90.92,0.818,50.21,Q4,11,2026-04-07,2026-04
sbl,Schonbek Lighting,iPad-only,Furniture,Furniture / iPad-only,tier1,16,True,high,login_intensity,Login Intensity (logins / active user),True,54.30434782608695,68.03,87.63,113.33,0.182,-33.33,Q1,11,2026-04-07,2026-04
mli,Maxim Lighting,iPad-only,,iPad-only,tier3,54,True,low,login_intensity,Login Intensity (logins / active user),True,,,,,,,,0,2026-04-07,2026-04
kll,Kuzco Lighting Inc.,Full,Lighting,Lighting / Full,tier1,8,True,high,login_intensity,Login Intensity (logins / active user),True,97.95714285714286,82.67,102.59,126.06,0.375,-4.63,Q2,8,2026-04-07,2026-04
ufi,Universal Furniture,iPad+Catalog+Portal,Furniture,Furniture / iPad+Catalog+Portal,tier1,4,True,medium,login_intensity,Login Intensity (logins / active user),True,223.3421052631579,160.73,201.46,210.18,1.0,21.88,Q4,4,2026-04-07,2026-04
scw,Summer Classics,Full,,Full,tier3,19,True,low,login_intensity,Login Intensity (logins / active user),True,,,,,,,,0,2026-04-07,2026-04
wac,WAC/Modern Forms Lighting,iPad-only,Lighting,Lighting / iPad-only,tier1,18,True,high,login_intensity,Login Intensity (logins / active user),True,,,,,,,,0,2026-04-07,2026-04
clm,Crystorama,iPad+Catalog+Portal,Lighting,Lighting / iPad+Catalog+Portal,tier1,5,True,medium,login_intensity,Login Intensity (logins / active user),True,,,,,,,,0,2026-04-07,2026-04
ap,Alden Home,iPad+Catalog+Cart,Furniture,Furniture,tier2,32,True,low,login_intensity,Login Intensity (logins / active user),True,121.66666666666669,74.2,143.3,164.5,0.44,-21.64,Q2,25,2026-04-07,2026-04
fms,Visual Comfort - Studio /Fans,iPad-only,Lighting,Lighting / iPad-only,tier1,18,True,high,login_intensity,Login Intensity (logins / active user),True,,,,,,,,0,2026-04-07,2026-04
tla,Visual Comfort - Modern,iPad-only,Lighting,Lighting / iPad-only,tier1,18,True,high,login_intensity,Login Intensity (logins / active user),True,,,,,,,,0,2026-04-07,2026-04
hvl,Hudson Valley Lighting,iPad-only,,iPad-only,tier3,54,True,low,login_intensity,Login Intensity (logins / active user),True,,,,,,,,0,2026-04-07,2026-04
st,Sixtrees Limited,iPad+Catalog,Home & Decor / Housewares / Art Manufacturers,Home & Decor / Housewares / Art Manufacturers,tier2,14,True,low,login_intensity,Login Intensity (logins / active user),True,76.0,47.04,73.53,102.58,0.556,2.47,Q3,9,2026-04-07,2026-04
vl,Ciana Varaluz LLC,iPad+Catalog+Portal,Lighting,Lighting / iPad+Catalog+Portal,tier1,5,True,medium,login_intensity,Login Intensity (logins / active user),True,45.15625,119.93,137.66,145.98,0.0,-92.5,Q1,4,2026-04-07,2026-04
pw,Philip Whitney,iPad-only,Home & Decor / Housewares / Art Manufacturers,Home & Decor / Housewares / Art Manufacturers / iPad-only,tier1,9,True,high,login_intensity,Login Intensity (logins / active user),True,45.857142857142854,53.66,85.33,101.22,0.167,-39.47,Q1,6,2026-04-07,2026-04
ssi,"Studio Silversmiths, Inc.",iPad-only,Home & Decor / Housewares / Art Manufacturers,Home & Decor / Housewares / Art Manufacturers / iPad-only,tier1,9,True,high,login_intensity,Login Intensity (logins / active user),True,44.578947368421055,53.66,85.33,101.22,0.0,-40.75,Q1,6,2026-04-07,2026-04
rac,Ricci Argentieri Company,iPad-only,Home & Decor / Housewares / Art Manufacturers,Home & Decor / Housewares / Art Manufacturers / iPad-only,tier1,9,True,high,login_intensity,Login Intensity (logins / active user),True,102.57692307692308,46.15,60.29,91.23,0.833,42.29,Q4,6,2026-04-07,2026-04
tl,Troy Lighting,iPad-only,Lighting,Lighting / iPad-only,tier1,18,True,high,login_intensity,Login Intensity (logins / active user),True,34.0,31.13,64.82,100.2,0.333,-30.82,Q2,9,2026-04-07,2026-04
bp,Buster & Punch,iPad-only,,iPad-only,tier3,54,True,low,primary_value_metric,Primary Value Metric (bundle-specific),True,,,,,,,,0,2026-04-07,2026-04
yw,Yutzy Woodworking,iPad-only,Furniture,Furniture / iPad-only,tier1,16,True,high,primary_value_metric,Primary Value Metric (bundle-specific),True,,,,,,,,0,2026-04-07,2026-04
dccl,Donald Choi Canada,iPad+Catalog+Cart,,iPad+Catalog+Cart,tier3,8,True,low,primary_value_metric,Primary Value Metric (bundle-specific),True,63.0,112.25,234.5,427.0,0.125,-171.5,Q1,8,2026-04-07,2026-04
tam,Theodore Alexander Manhasset,iPad-only,Furniture,Furniture / iPad-only,tier1,16,True,high,primary_value_metric,Primary Value Metric (bundle-specific),True,,,,,,,,0,2026-04-07,2026-04
jc,Jonathan Charles Fine Furniture Ltd.,iPad+Catalog+Portal,Furniture,Furniture / iPad+Catalog+Portal,tier1,4,True,medium,primary_value_metric,Primary Value Metric (bundle-specific),True,4.5,545.38,747.5,1032.5,0.0,-743.0,Q1,4,2026-04-07,2026-04
cfg,Charleston Forge,iPad+Catalog+Cart,,iPad+Catalog+Cart,tier3,8,True,low,primary_value_metric,Primary Value Metric (bundle-specific),True,114.0,96.0,234.5,427.0,0.375,-120.5,Q2,8,2026-04-07,2026-04
big,Baker-McGuire,iPad-only,,iPad-only,tier3,54,True,low,primary_value_metric,Primary Value Metric (bundle-specific),True,,,,,,,,0,2026-04-07,2026-04
ril,Ratana International Ltd.,Full,Furniture,Furniture / Full,tier1,6,True,medium,primary_value_metric,Primary Value Metric (bundle-specific),True,335.0,777.5,852.5,1712.75,0.0,-517.5,Q1,6,2026-04-07,2026-04
jcusa,Jonathan Charles Designs Inc.,iPad-only,Furniture,Furniture / iPad-only,tier1,16,True,high,primary_value_metric,Primary Value Metric (bundle-specific),True,,,,,,,,0,2026-04-07,2026-04
fsf,Four Seasons Furniture,Full,Furniture,Furniture / Full,tier1,6,True,medium,primary_value_metric,Primary Value Metric (bundle-specific),True,1997.0,534.5,800.0,856.25,0.833,1197.0,Q4,6,2026-04-07,2026-04
tel,Tomlinson Companies,iPad+Catalog,Furniture,Furniture,tier2,32,True,low,primary_value_metric,Primary Value Metric (bundle-specific),True,0.0,51.5,272.0,800.0,0.074,-272.0,Q1,27,2026-04-07,2026-04
mfc,Morgan Fabrics Corporation,iPad+Catalog,Home & Decor / Housewares / Art Manufacturers,Home & Decor / Housewares / Art Manufacturers,tier2,14,True,low,primary_value_metric,Primary Value Metric (bundle-specific),True,66.0,2.5,82.0,492.0,0.455,-16.0,Q2,11,2026-04-07,2026-04
gc,Groupe Courchesne,iPad+Catalog+Cart,Home & Decor / Housewares / Art Manufacturers,Home & Decor / Housewares / Art Manufacturers,tier2,14,True,low,primary_value_metric,Primary Value Metric (bundle-specific),True,349.0,2.5,66.0,416.0,0.727,283.0,Q3,11,2026-04-07,2026-04
df,Designers Fountain,iPad-only,Lighting,Lighting / iPad-only,tier1,18,True,high,primary_value_metric,Primary Value Metric (bundle-specific),True,109.0,73.0,101.0,166.0,0.556,8.0,Q3,9,2026-04-07,2026-04
vcg,Visual Comfort Signature,iPad-only,Lighting,Lighting / iPad-only,tier1,18,True,high,primary_value_metric,Primary Value Metric (bundle-specific),True,1783.0,73.0,101.0,135.0,1.0,1682.0,Q4,9,2026-04-07,2026-04
vic,Vaxcel International Corporation,Full,Lighting,Lighting / Full,tier1,8,True,high,primary_value_metric,Primary Value Metric (bundle-specific),True,22.0,116.75,298.0,987.75,0.0,-276.0,Q1,8,2026-04-07,2026-04
ah,Alfresco Home,iPad+Catalog+Cart,Furniture,Furniture,tier2,32,True,low,primary_value_metric,Primary Value Metric (bundle-specific),True,272.0,24.5,238.0,800.0,0.519,34.0,Q3,27,2026-04-07,2026-04
kii,"Kennedy International, Inc.",iPad+Catalog+Cart,,iPad+Catalog+Cart,tier3,8,True,low,primary_value_metric,Primary Value Metric (bundle-specific),True,661.0,96.0,155.5,291.25,0.875,505.5,Q4,8,2026-04-07,2026-04
mah,Moda at Home Enterprises Ltd,iPad+Catalog+Cart,Home & Decor / Housewares / Art Manufacturers,Home & Decor / Housewares / Art Manufacturers,tier2,14,True,low,primary_value_metric,Primary Value Metric (bundle-specific),True,197.0,2.5,66.0,492.0,0.636,131.0,Q3,11,2026-04-07,2026-04
hf,Hooker Furnishings,iPad-only,Furniture,Furniture / iPad-only,tier1,16,True,high,primary_value_metric,Primary Value Metric (bundle-specific),True,218.0,8.0,64.0,109.5,0.818,154.0,Q4,11,2026-04-07,2026-04
afx,"AFX, Inc.",iPad-only,Lighting,Lighting / iPad-only,tier1,18,True,high,primary_value_metric,Primary Value Metric (bundle-specific),True,89.0,73.0,109.0,166.0,0.333,-20.0,Q2,9,2026-04-07,2026-04
heb,Home Essentials & Beyond,iPad-only,Home & Decor / Housewares / Art Manufacturers,Home & Decor / Housewares / Art Manufacturers / iPad-only,tier1,9,True,high,primary_value_metric,Primary Value Metric (bundle-specific),True,1424.0,2.0,34.0,78.0,1.0,1390.0,Q4,6,2026-04-07,2026-04
fal,Fine Art Handcrafted Lighting,iPad-only,Lighting,Lighting / iPad-only,tier1,18,True,high,primary_value_metric,Primary Value Metric (bundle-specific),True,,,,,,,,0,2026-04-07,2026-04
bri,Bulbrite,Full,Lighting,Lighting / Full,tier1,8,True,high,primary_value_metric,Primary Value Metric (bundle-specific),True,718.0,82.5,194.0,701.25,0.75,524.0,Q4,8,2026-04-07,2026-04
sbmh,Somerset Bay and Modern History,Full,Furniture,Furniture / Full,tier1,6,True,medium,primary_value_metric,Primary Value Metric (bundle-specific),True,845.0,534.5,807.5,1712.75,0.5,37.5,Q3,6,2026-04-07,2026-04
sarreid,"Sarreid, Ltd.",iPad+Catalog+Portal,Furniture,Furniture / iPad+Catalog+Portal,tier1,4,True,medium,primary_value_metric,Primary Value Metric (bundle-specific),True,1419.5,306.38,499.25,669.5,1.0,920.25,Q4,4,2026-04-07,2026-04
bcf,Braxton Culler,Full,Furniture,Furniture / Full,tier1,6,True,medium,primary_value_metric,Primary Value Metric (bundle-specific),True,755.0,557.0,852.5,1712.75,0.333,-97.5,Q2,6,2026-04-07,2026-04
fc,Furniture Classics,Full,Furniture,Furniture / Full,tier1,6,True,medium,primary_value_metric,Primary Value Metric (bundle-specific),True,860.0,534.5,800.0,1709.0,0.667,60.0,Q3,6,2026-04-07,2026-04
jyc,Jamie Young Company,Full,Lighting,Lighting / Full,tier1,8,True,high,primary_value_metric,Primary Value Metric (bundle-specific),True,2044.0,82.5,194.0,431.5,1.0,1850.0,Q4,8,2026-04-07,2026-04
ta,Theodore Alexander,Full,Furniture,Furniture / Full,tier1,6,True,medium,primary_value_metric,Primary Value Metric (bundle-specific),True,461.0,777.5,852.5,1712.75,0.167,-391.5,Q1,6,2026-04-07,2026-04
lpf,Linon/Powell Furniture,Full,Generic B2B Wholesale,Full,tier3,19,True,low,primary_value_metric,Primary Value Metric (bundle-specific),True,438.0,297.5,755.0,1984.0,0.368,-317.0,Q2,19,2026-04-07,2026-04
wag,Wendover Art Group,iPad-only,,iPad-only,tier3,54,True,low,primary_value_metric,Primary Value Metric (bundle-specific),True,,,,,,,,0,2026-04-07,2026-04
gsa,Godinger Silver Art Co.,iPad-only,Home & Decor / Housewares / Art Manufacturers,Home & Decor / Housewares / Art Manufacturers / iPad-only,tier1,9,True,high,primary_value_metric,Primary Value Metric (bundle-specific),True,82.0,2.0,34.0,492.75,0.667,48.0,Q3,6,2026-04-07,2026-04
ali,Access Lighting,iPad+Catalog+Portal,Lighting,Lighting / iPad+Catalog+Portal,tier1,5,True,medium,primary_value_metric,Primary Value Metric (bundle-specific),True,75.5,630.62,805.5,852.62,0.0,-730.0,Q1,4,2026-04-07,2026-04
gl,Golden Lighting,Full,Lighting,Lighting / Full,tier1,8,True,high,primary_value_metric,Primary Value Metric (bundle-specific),True,81.0,116.75,298.0,987.75,0.125,-217.0,Q1,8,2026-04-07,2026-04
uhc,Uniware Housewares Corp.,iPad-only,Home & Decor / Housewares / Art Manufacturers,Home & Decor / Housewares / Art Manufacturers / iPad-only,tier1,9,True,high,primary_value_metric,Primary Value Metric (bundle-specific),True,2.0,18.0,74.0,496.75,0.333,-72.0,Q2,6,2026-04-07,2026-04
sccon,Summer Classics Contract,Full,Furniture,Furniture / Full,tier1,6,True,medium,primary_value_metric,Primary Value Metric (bundle-specific),True,2166.0,534.5,800.0,856.25,1.0,1366.0,Q4,6,2026-04-07,2026-04
am,Alfonso Marina,iPad-only,Furniture,Furniture / iPad-only,tier1,16,True,high,primary_value_metric,Primary Value Metric (bundle-specific),True,64.0,8.0,84.0,168.5,0.455,-20.0,Q2,11,2026-04-07,2026-04
abol,Americas Backyards,iPad-only,Furniture,Furniture / iPad-only,tier1,16,True,high,primary_value_metric,Primary Value Metric (bundle-specific),True,39.0,8.0,84.0,168.5,0.364,-45.0,Q2,11,2026-04-07,2026-04
gblx,Globalux Lighting & Fans,iPad-only,Lighting,Lighting / iPad-only,tier1,18,True,high,primary_value_metric,Primary Value Metric (bundle-specific),True,,,,,,,,0,2026-04-07,2026-04
ol,Oly Studio,iPad-only,Furniture,Furniture / iPad-only,tier1,16,True,high,primary_value_metric,Primary Value Metric (bundle-specific),True,0.0,24.5,84.0,168.5,0.091,-84.0,Q1,11,2026-04-07,2026-04
prog,Coleto Brands | Progress Lighting,iPad-only,Lighting,Lighting / iPad-only,tier1,18,True,high,primary_value_metric,Primary Value Metric (bundle-specific),True,101.0,73.0,109.0,166.0,0.444,-8.0,Q2,9,2026-04-07,2026-04
sca,Shadow Catchers,iPad-only,Home & Decor / Housewares / Art Manufacturers,Home & Decor / Housewares / Art Manufacturers / iPad-only,tier1,9,True,high,primary_value_metric,Primary Value Metric (bundle-specific),True,635.0,2.0,34.0,78.0,0.833,601.0,Q4,6,2026-04-07,2026-04
rf,Rowe Furniture,iPad-only,Furniture,Furniture / iPad-only,tier1,16,True,high,primary_value_metric,Primary Value Metric (bundle-specific),True,238.0,8.0,64.0,109.5,0.909,174.0,Q4,11,2026-04-07,2026-04
swc,Sauder Woodworking,iPad-only,Furniture,Furniture / iPad-only,tier1,16,True,high,primary_value_metric,Primary Value Metric (bundle-specific),True,119.0,8.0,64.0,159.0,0.727,55.0,Q3,11,2026-04-07,2026-04
lss,Lifestyle Solutions,iPad-only,Furniture,Furniture / iPad-only,tier1,16,True,high,primary_value_metric,Primary Value Metric (bundle-specific),True,100.0,8.0,64.0,168.5,0.636,36.0,Q3,11,2026-04-07,2026-04
soi,Silver One,iPad-only,Home & Decor / Housewares / Art Manufacturers,Home & Decor / Housewares / Art Manufacturers / iPad-only,tier1,9,True,high,primary_value_metric,Primary Value Metric (bundle-specific),True,,,,,,,,0,2026-04-07,2026-04
etl,ELICO LTD.,iPad-only,Home & Decor / Housewares / Art Manufacturers,Home & Decor / Housewares / Art Manufacturers / iPad-only,tier1,9,True,high,primary_value_metric,Primary Value Metric (bundle-specific),True,,,,,,,,0,2026-04-07,2026-04
krb,Kaleen Rugs & Broadloom,iPad-only,Home & Decor / Housewares / Art Manufacturers,Home & Decor / Housewares / Art Manufacturers / iPad-only,tier1,9,True,high,primary_value_metric,Primary Value Metric (bundle-specific),True,,,,,,,,0,2026-04-07,2026-04
dals,DALS Lighting,iPad-only,,iPad-only,tier3,54,True,low,primary_value_metric,Primary Value Metric (bundle-specific),True,,,,,,,,0,2026-04-07,2026-04
ihw,Interlude Furniture,iPad+Catalog+Portal,Furniture,Furniture / iPad+Catalog+Portal,tier1,4,True,medium,primary_value_metric,Primary Value Metric (bundle-specific),True,407.0,444.75,747.5,1032.5,0.25,-340.5,Q2,4,2026-04-07,2026-04
sc,Gabriella White,iPad+Catalog+Portal,,iPad+Catalog+Portal,tier3,13,True,low,primary_value_metric,Primary Value Metric (bundle-specific),True,,,,,,,,0,2026-04-07,2026-04
ih,Interlude Home,iPad+Catalog+Portal,Furniture,Furniture / iPad+Catalog+Portal,tier1,4,True,medium,primary_value_metric,Primary Value Metric (bundle-specific),True,591.5,306.38,655.25,1032.5,0.5,-63.75,Q3,4,2026-04-07,2026-04
rw,RENWIL,iPad+Catalog+Portal,Home & Decor / Housewares / Art Manufacturers,Home & Decor / Housewares / Art Manufacturers,tier2,14,True,low,primary_value_metric,Primary Value Metric (bundle-specific),True,712.0,2.5,66.0,273.0,0.909,646.0,Q4,11,2026-04-07,2026-04
cci,Currey & Company,iPad+Catalog+Portal,Lighting,Lighting / iPad+Catalog+Portal,tier1,5,True,medium,primary_value_metric,Primary Value Metric (bundle-specific),True,883.0,181.62,492.75,787.0,1.0,390.25,Q4,4,2026-04-07,2026-04
ml,Millennium Lighting,iPad+Catalog,Lighting,Lighting,tier2,35,True,low,primary_value_metric,Primary Value Metric (bundle-specific),True,1419.0,83.0,135.0,718.0,0.88,1284.0,Q4,25,2026-04-07,2026-04
mlc,Matteo Lighting,iPad-only,Lighting,Lighting / iPad-only,tier1,18,True,high,primary_value_metric,Primary Value Metric (bundle-specific),True,135.0,73.0,101.0,166.0,0.667,34.0,Q3,9,2026-04-07,2026-04
da,Dainolite Ltd.,iPad-only,Lighting,Lighting / iPad-only,tier1,18,True,high,primary_value_metric,Primary Value Metric (bundle-specific),True,,,,,,,,0,2026-04-07,2026-04
mlg,Minka Lighting Group,iPad-only,,iPad-only,tier3,54,True,low,primary_value_metric,Primary Value Metric (bundle-specific),True,,,,,,,,0,2026-04-07,2026-04
kal,Kalco Lighting / Allegri Crystal,Full,Lighting,Lighting / Full,tier1,8,True,high,primary_value_metric,Primary Value Metric (bundle-specific),True,83.0,116.25,298.0,987.75,0.25,-215.0,Q2,8,2026-04-07,2026-04
ihm,International Home Miami,iPad-only,Furniture,Furniture / iPad-only,tier1,16,True,high,primary_value_metric,Primary Value Metric (bundle-specific),True,,,,,,,,0,2026-04-07,2026-04
eglo,Eglo USA Inc.,iPad-only,Lighting,Lighting / iPad-only,tier1,18,True,high,primary_value_metric,Primary Value Metric (bundle-specific),True,,,,,,,,0,2026-04-07,2026-04
eli,Elegant Furniture & Lighting,iPad+Catalog+Cart,Lighting,Lighting,tier2,35,True,low,primary_value_metric,Primary Value Metric (bundle-specific),True,107.0,83.0,166.0,768.5,0.36,-59.0,Q2,25,2026-04-07,2026-04
wwjc,Wildwood/Chelsea House,Full,Lighting,Lighting / Full,tier1,8,True,high,primary_value_metric,Primary Value Metric (bundle-specific),True,1797.0,82.5,194.0,431.5,0.875,1603.0,Q4,8,2026-04-07,2026-04
clli,Craftmade,iPad+Catalog+Portal,Lighting,Lighting / iPad+Catalog+Portal,tier1,5,True,medium,primary_value_metric,Primary Value Metric (bundle-specific),True,842.5,181.62,492.75,797.12,0.75,349.75,Q4,4,2026-04-07,2026-04
el,Eurofase Inc.,iPad+Catalog+Portal,,iPad+Catalog+Portal,tier3,13,True,low,primary_value_metric,Primary Value Metric (bundle-specific),True,,,,,,,,0,2026-04-07,2026-04
hfg,Hubbardton Forge,iPad+Catalog+Portal,Lighting,Lighting / iPad+Catalog+Portal,tier1,5,True,medium,primary_value_metric,Primary Value Metric (bundle-specific),True,768.5,181.62,529.75,852.62,0.5,238.75,Q3,4,2026-04-07,2026-04
pf,Palecek,iPad+Catalog,Furniture,Furniture,tier2,32,True,low,primary_value_metric,Primary Value Metric (bundle-specific),True,1133.0,24.5,238.0,673.25,0.889,895.0,Q4,27,2026-04-07,2026-04
kl,Coleto Brands | Kichler,iPad-only,Lighting,Lighting / iPad-only,tier1,18,True,high,primary_value_metric,Primary Value Metric (bundle-specific),True,,,,,,,,0,2026-04-07,2026-04
eglo_can,EGLO Canada,iPad-only,Lighting,Lighting / iPad-only,tier1,18,True,high,primary_value_metric,Primary Value Metric (bundle-specific),True,359.0,73.0,101.0,135.0,0.889,258.0,Q4,9,2026-04-07,2026-04
arl,Arabela Lighting,iPad-only,Lighting,Lighting / iPad-only,tier1,18,True,high,primary_value_metric,Primary Value Metric (bundle-specific),True,,,,,,,,0,2026-04-07,2026-04
cf,Century Furniture,iPad-only,Furniture,Furniture / iPad-only,tier1,16,True,high,primary_value_metric,Primary Value Metric (bundle-specific),True,84.0,8.0,64.0,168.5,0.545,20.0,Q3,11,2026-04-07,2026-04
hh,Highland House,iPad-only,Furniture,Furniture / iPad-only,tier1,16,True,high,primary_value_metric,Primary Value Metric (bundle-specific),True,0.0,24.5,84.0,168.5,0.091,-84.0,Q1,11,2026-04-07,2026-04
luc,Lucas McKearn,iPad-only,Lighting,Lighting / iPad-only,tier1,18,True,high,primary_value_metric,Primary Value Metric (bundle-specific),True,21.0,89.0,109.0,166.0,0.111,-88.0,Q1,9,2026-04-07,2026-04
vce,Visual Comfort Europe,iPad-only,Lighting,Lighting / iPad-only,tier1,18,True,high,primary_value_metric,Primary Value Metric (bundle-specific),True,73.0,89.0,109.0,166.0,0.222,-36.0,Q1,9,2026-04-07,2026-04
mpc,Pioneer Morton,iPad+Catalog+Cart,Generic B2B Wholesale,iPad+Catalog+Cart,tier3,8,True,low,primary_value_metric,Primary Value Metric (bundle-specific),True,1206.0,96.0,155.5,291.25,1.0,1050.5,Q4,8,2026-04-07,2026-04
all,Accord Lighting,iPad-only,,iPad-only,tier3,54,True,low,primary_value_metric,Primary Value Metric (bundle-specific),True,,,,,,,,0,2026-04-07,2026-04
gh,Gabby,Full,,Full,tier3,19,True,low,primary_value_metric,Primary Value Metric (bundle-specific),True,3741.0,297.5,718.0,1884.0,1.0,3023.0,Q4,19,2026-04-07,2026-04
gcl,Geo Contemporary,iPad-only,Lighting,Lighting / iPad-only,tier1,18,True,high,primary_value_metric,Primary Value Metric (bundle-specific),True,16.0,89.0,109.0,166.0,0.0,-93.0,Q1,9,2026-04-07,2026-04
mh,Magnussen Home,iPad-only,,iPad-only,tier3,54,True,low,primary_value_metric,Primary Value Metric (bundle-specific),True,,,,,,,,0,2026-04-07,2026-04
asi,Abaline Supply Inc.,Full,,Full,tier3,19,True,low,primary_value_metric,Primary Value Metric (bundle-specific),True,1971.0,297.5,718.0,1897.0,0.737,1253.0,Q3,19,2026-04-07,2026-04
kkc,Kindel Karges Furniture,iPad-only,Furniture,Furniture / iPad-only,tier1,16,True,high,primary_value_metric,Primary Value Metric (bundle-specific),True,,,,,,,,0,2026-04-07,2026-04
clc,Capital Lighting Fixture Co.,Full,Lighting,Lighting / Full,tier1,8,True,high,primary_value_metric,Primary Value Metric (bundle-specific),True,260.0,82.5,232.0,987.75,0.5,28.0,Q3,8,2026-04-07,2026-04
shl,Savoy House Lighting,Full,Lighting,Lighting / Full,tier1,8,True,high,primary_value_metric,Primary Value Metric (bundle-specific),True,336.0,82.5,194.0,987.75,0.625,142.0,Q3,8,2026-04-07,2026-04
bsc,Butler Specialty Company,iPad-only,Furniture,Furniture / iPad-only,tier1,16,True,high,primary_value_metric,Primary Value Metric (bundle-specific),True,10.0,22.5,84.0,168.5,0.273,-74.0,Q2,11,2026-04-07,2026-04
sp,"Sabine Pools, Spas, & Furniture",iPad-only,Furniture,Furniture / iPad-only,tier1,16,True,high,primary_value_metric,Primary Value Metric (bundle-specific),True,6.0,24.5,84.0,168.5,0.182,-78.0,Q1,11,2026-04-07,2026-04
sbl,Schonbek Lighting,iPad-only,Furniture,Furniture / iPad-only,tier1,16,True,high,primary_value_metric,Primary Value Metric (bundle-specific),True,399.0,8.0,64.0,109.5,1.0,335.0,Q4,11,2026-04-07,2026-04
mli,Maxim Lighting,iPad-only,,iPad-only,tier3,54,True,low,primary_value_metric,Primary Value Metric (bundle-specific),True,,,,,,,,0,2026-04-07,2026-04
kll,Kuzco Lighting Inc.,Full,Lighting,Lighting / Full,tier1,8,True,high,primary_value_metric,Primary Value Metric (bundle-specific),True,128.0,82.5,298.0,987.75,0.375,-170.0,Q2,8,2026-04-07,2026-04
ufi,Universal Furniture,iPad+Catalog+Portal,Furniture,Furniture / iPad+Catalog+Portal,tier1,4,True,medium,primary_value_metric,Primary Value Metric (bundle-specific),True,903.5,306.38,499.25,798.5,0.75,404.25,Q4,4,2026-04-07,2026-04
scw,Summer Classics,Full,,Full,tier3,19,True,low,primary_value_metric,Primary Value Metric (bundle-specific),True,3570.0,297.5,718.0,1884.0,0.947,2852.0,Q4,19,2026-04-07,2026-04
wac,WAC/Modern Forms Lighting,iPad-only,Lighting,Lighting / iPad-only,tier1,18,True,high,primary_value_metric,Primary Value Metric (bundle-specific),True,,,,,,,,0,2026-04-07,2026-04
clm,Crystorama,iPad+Catalog+Portal,Lighting,Lighting / iPad+Catalog+Portal,tier1,5,True,medium,primary_value_metric,Primary Value Metric (bundle-specific),True,,,,,,,,0,2026-04-07,2026-04
ap,Alden Home,iPad+Catalog+Cart,Furniture,Furniture,tier2,32,True,low,primary_value_metric,Primary Value Metric (bundle-specific),True,8.0,51.5,272.0,800.0,0.185,-264.0,Q1,27,2026-04-07,2026-04
fms,Visual Comfort - Studio /Fans,iPad-only,Lighting,Lighting / iPad-only,tier1,18,True,high,primary_value_metric,Primary Value Metric (bundle-specific),True,,,,,,,,0,2026-04-07,2026-04
tla,Visual Comfort - Modern,iPad-only,Lighting,Lighting / iPad-only,tier1,18,True,high,primary_value_metric,Primary Value Metric (bundle-specific),True,,,,,,,,0,2026-04-07,2026-04
hvl,Hudson Valley Lighting,iPad-only,,iPad-only,tier3,54,True,low,primary_value_metric,Primary Value Metric (bundle-specific),True,,,,,,,,0,2026-04-07,2026-04
st,Sixtrees Limited,iPad+Catalog,Home & Decor / Housewares / Art Manufacturers,Home & Decor / Housewares / Art Manufacturers,tier2,14,True,low,primary_value_metric,Primary Value Metric (bundle-specific),True,3.0,34.0,82.0,492.0,0.273,-79.0,Q2,11,2026-04-07,2026-04
vl,Ciana Varaluz LLC,iPad+Catalog+Portal,Lighting,Lighting / iPad+Catalog+Portal,tier1,5,True,medium,primary_value_metric,Primary Value Metric (bundle-specific),True,217.0,595.25,805.5,852.62,0.25,-588.5,Q2,4,2026-04-07,2026-04
pw,Philip Whitney,iPad-only,Home & Decor / Housewares / Art Manufacturers,Home & Decor / Housewares / Art Manufacturers / iPad-only,tier1,9,True,high,primary_value_metric,Primary Value Metric (bundle-specific),True,0.0,18.0,74.0,496.75,0.0,-74.0,Q1,6,2026-04-07,2026-04
ssi,"Studio Silversmiths, Inc.",iPad-only,Home & Decor / Housewares / Art Manufacturers,Home & Decor / Housewares / Art Manufacturers / iPad-only,tier1,9,True,high,primary_value_metric,Primary Value Metric (bundle-specific),True,2.0,18.0,74.0,496.75,0.333,-72.0,Q2,6,2026-04-07,2026-04
rac,Ricci Argentieri Company,iPad-only,Home & Decor / Housewares / Art Manufacturers,Home & Decor / Housewares / Art Manufacturers / iPad-only,tier1,9,True,high,primary_value_metric,Primary Value Metric (bundle-specific),True,66.0,2.0,42.0,496.75,0.5,24.0,Q3,6,2026-04-07,2026-04
tl,Troy Lighting,iPad-only,Lighting,Lighting / iPad-only,tier1,18,True,high,primary_value_metric,Primary Value Metric (bundle-specific),True,166.0,73.0,101.0,135.0,0.778,65.0,Q4,9,2026-04-07,2026-04
