org_shortname,org_name,run_date,bundle,arr,cohort_year,engagement_score,engagement_narrative,adoption_score,adoption_narrative,value_delivery_score,value_delivery_narrative,operational_health_score,operational_health_narrative,composite_score,health_band,composite_narrative,ghost_account,ghost_account_note,ghost_subtype,behavioral_floor_applied,support_fire,support_fire_notes,support_fire_days_open,support_data_available,scoring_status,dimensions_scored,denominator_quality,ops_measurement,bundle_config_mismatch
aa,Abroad Home Furnishings,2026-09-01,iPad+Catalog,42480.0,2026,0.0,Zero logins in 90 days. No active usage this quarter — treat as a ghost-account candidate if ARR ≥ $5K.,25.0,Using 1 of 4 applicable features — real breadth gaps here. iPad is configured but not being used; Reps aren't using sharing or quoting in the field — zero email drafts in 90 days; eCat Online Catalog is enabled but no portal traffic in 90 days. CS should schedule a rep coaching session to build these habits.,0.0,Only 0 of 3 applicable channels are producing outcomes. No iPad orders submitted in 90 days — reps are not converting activity into orders; sharing/quoting near zero (0 events in 90d). CS should identify the highest-impact gap and address it in the next touchpoint.,100.0,"Catalog 100% complete; no import feed has run in the trailing 180 days — import health and data freshness are unmeasured, so this score reflects catalog completeness only.",20.0,Critical,"No one at Abroad Home Furnishings has ever logged into the platform, against $42,480 in annual contract value. Confirm whether this account has actually gone live before treating it as churn — if go-live is complete, this is an urgent activation failure and needs an immediate conversation.",True,"ARR $42,480, zero logins in 90d, never logged in",never_activated,True,False,,,True,complete,4,,catalog_only,False
abol,America's Backyards,2026-09-01,iPad+Catalog,8700.0,2024,53.3,"125 logins in 90 days, but only 5 of 21 reps (24%) have logged in this quarter — most of the team isn't engaged. Pace is accelerating at 4.0x baseline.",66.7,Using 4 of 6 applicable features — real breadth gaps here. eCat Online Catalog is enabled but no portal traffic in 90 days; Sales Data is configured but no import has run in 90 days — check whether the feed is broken or the integration was never fully set up. CS should investigate the feed configuration and schedule a rep coaching session.,50.0,Only 2 of 4 applicable channels are producing outcomes. No iPad orders submitted in 90 days — reps are not converting activity into orders; online catalog is enabled but no portal traffic in 90d. CS should identify the highest-impact gap and address it in the next touchpoint.,61.7,Catalog 87% complete — healthy but with room to improve; all 4 import feeds healthy; data freshness critical — the Images feed last ran 4d ago against a ~1d expected cadence.,57.9,Watch,"The platform is producing some outcomes for America's Backyards (value delivery 50), but rep engagement is thin (engagement 53) — a small slice of the team is doing most of the work. Re-engaging the broader team is the most important next step: identify which reps have gone quiet and whether coverage or enablement gaps are driving it.",False,,,False,False,,,True,complete,4,,full,False
afx,"AFX, Inc.",2026-09-01,iPad-only,9150.0,2023,65.0,"200 logins in 90 days, but only 27 of 68 reps (40%) have logged in this quarter — most of the team isn't engaged. Pace is holding steady at 0.9x baseline.",80.0,Using 4 of 5 applicable features — mostly adopted. Sales Data is configured but no import has run in 90 days — check whether the feed is broken or the integration was never fully set up.,33.3,Only inventory is flowing — iPad order volume (2 orders) and sharing activity (2 events) are both near zero. Reps appear to be logging in but not converting activity into outcomes. CS should investigate whether reps are actively using the iPad in the field or just checking catalogs.,96.7,Catalog 96% complete (contract pricing — price check skipped); all 6 import feeds healthy; data feeds mostly on cadence — Images is 56d overdue against a ~5d expected cadence and needs attention.,68.8,Healthy,"AFX, Inc. is in Healthy territory (69) with a mixed profile — operational health (97) is the strongest area and value delivery (33) is the drag. Focus the next conversation on converting activity into outcomes; portal activation or an order-workflow review is the starting point.",False,,,False,False,,,True,complete,4,,full,False
ah,Alfresco Home,2026-09-01,iPad+Catalog+Cart,18560.04,2018,81.0,"1,713 logins in 90 days — solid activity for this team size, with 32 of 43 reps logging in regularly and pace holding steady at 1.1x baseline. No engagement concern here. Rep headcount estimated from annual login history (portal accounts excluded from denominator).",57.1,Using 4 of 7 applicable features — real breadth gaps here. eCat Online Catalog is enabled but no portal traffic in 90 days; Online Ordering (B2B Cart) is enabled but no portal orders in 90 days; Sales Data is configured but no import has run in 90 days — check whether the feed is broken or the integration was never fully set up. CS should investigate the feed configuration and schedule a rep coaching session.,60.0,3 of 5 configured channels producing outcomes. Gap: Online catalog is enabled but no portal traffic in 90d; B2B Cart is configured but no portal orders in 90d.,99.8,Catalog 99% complete; all 8 import feeds healthy; data feeds mostly on cadence — Option Images is 94d overdue against a ~1d expected cadence and needs attention.,74.5,Healthy,"Alfresco Home's reps are logging in consistently (engagement 81), but they are using only a portion of the platform — adoption (57) reflects a feature-coverage gap, not an activity problem. Run a targeted coaching session on the highest-ROI unused features to convert this activity into stronger outcomes.",False,,,False,False,,,True,complete,4,,full,False
ali,Access Lighting,2026-09-01,iPad+Catalog+Portal,21680.04,2018,61.7,"777 logins in 90 days, but only 37 of 282 reps (13%) have logged in this quarter — most of the team isn't engaged. Pace is holding steady at 1.0x baseline.",85.7,Using 6 of 7 applicable features — mostly adopted. Sales Data is configured but no import has run in 90 days — check whether the feed is broken or the integration was never fully set up.,80.0,4 of 5 configured channels producing outcomes. Gap: No meaningful iPad order activity — only 1 order in 90 days (threshold is 10).,74.8,Catalog 100% complete; 5 of 6 import feeds healthy; Products last ran with errors; data freshness critical — the Images feed last ran 26d ago against a ~1d expected cadence.,75.5,Healthy,Access Lighting is in Healthy territory (76) with a mixed profile — adoption (86) is the strongest area and engagement (62) is the drag. Monitor engagement closely; a continued downward trend would push this into Watch territory.,False,,,False,False,,,True,complete,4,,full,False
all,Accord Lighting,2026-09-01,iPad-only,12920.04,2023,76.7,"590 logins in 90 days — solid activity for this team size, with 45 of 70 reps logging in regularly and pace holding steady at 0.8x baseline. No engagement concern here.",75.0,Using 3 of 4 applicable features — mostly adopted. Sales Data is configured but no import has run in 90 days — check whether the feed is broken or the integration was never fully set up.,50.0,Only 1 of 2 applicable channels are producing outcomes. No meaningful iPad order activity — only 2 orders in 90 days (threshold is 10). CS should identify the highest-impact gap and address it in the next touchpoint.,35.4,Ops concern — catalog completeness at 2% (contract pricing — price check skipped) is a blocker for field use — reps are working with incomplete product data; flag for a catalog audit; 3 of 4 import feeds healthy; Customers last ran with errors; data freshness critical — the Images feed last ran 76d ago against a ~1d expected cadence — escalate to ops.,59.3,Watch,"Accord Lighting is in Watch (59) with a mixed performance profile — no single dimension dominates, but operational health (35) is the largest gap. Escalate the data infrastructure issues to the ops team before they degrade the rep experience further.",False,,,False,False,,,True,complete,4,,full,False
am,Alfonso Marina,2026-09-01,iPad-only,11082.72,2024,83.3,"445 logins in 90 days — solid activity for this team size, with 17 of 15 reps logging in regularly and pace holding steady at 1.4x baseline. No engagement concern here.",75.0,Using 3 of 4 applicable features — mostly adopted. Sales Data is configured but no import has run in 90 days — check whether the feed is broken or the integration was never fully set up.,100.0,All configured channels are producing outcomes.,56.7,Ops concern — catalog 98% complete; 1 of 2 import feeds healthy; Products (70d ago) last ran with errors; data freshness declining — the Products feed last ran 70d ago against a ~21d expected cadence — escalate to ops.,78.8,Healthy,Alfonso Marina is in Healthy territory (79) with a mixed profile — value delivery (100) is the strongest area and operational health (57) is the drag. Addressing catalog and import health in the next review cycle is the cleanest path back toward Thriving.,False,,,False,False,,,True,complete,4,stale,full,False
ap,Alden Home,2026-09-01,iPad+Catalog+Cart,11040.0,2011,61.7,"254 logins in 90 days is on the lower side for 18 enabled reps — 12 of 18 (67%) are active, but session depth is limited. Pace is cooling off — worth monitoring at 0.5x baseline. Rep headcount estimated from annual login history (portal accounts excluded from denominator).",66.7,Using 4 of 6 applicable features — real breadth gaps here. eCat Online Catalog is enabled but no portal traffic in 90 days; Online Ordering (B2B Cart) is enabled but no portal orders in 90 days. CS should schedule a rep coaching session to build these habits.,40.0,"Only 2 of 5 applicable channels are producing outcomes. IPad order volume close but short — 5 orders in 90 days (threshold is 10, roughly one per week); online catalog is enabled but no portal traffic in 90d. CS should identify the highest-impact gap and address it in the next touchpoint.",43.8,"Ops concern — catalog 77% complete — healthy but with room to improve; 5 of 7 import feeds healthy; Inventory, Products last ran with errors; data freshness critical — the Option Images feed last ran 127d ago against a ~1d expected cadence — escalate to ops.",53.0,Watch,"Alden Home is in Watch (53) with a mixed performance profile — no single dimension dominates, but value delivery (40) is the largest gap. Focus the next conversation on what is blocking orders or portal adoption — converting activity into outcomes is the priority.",False,,,False,False,,,True,complete,4,,full,False
arl,Arabela Lighting,2026-09-01,iPad-only,7830.0,2025,82.3,"883 logins in 90 days — solid activity for this team size, with 53 of 67 reps logging in regularly and pace holding steady at 1.0x baseline. No engagement concern here.",50.0,Using 2 of 4 applicable features — real breadth gaps here. Smart Stacks haven't been used — a CS demo of the feature could unlock this; Sales Data is configured but no import has run in 90 days — check whether the feed is broken or the integration was never fully set up. CS should investigate the feed configuration and schedule a rep coaching session.,100.0,All configured channels are producing outcomes.,66.7,Catalog 99% complete (contract pricing — price check skipped); all 3 import feeds healthy; data freshness critical — the Images feed last ran 79d ago against a ~1d expected cadence.,74.8,Healthy,"Arabela Lighting's reps are logging in consistently (engagement 82), but they are using only a portion of the platform — adoption (50) reflects a feature-coverage gap, not an activity problem. Run a targeted coaching session on the highest-ROI unused features to convert this activity into stronger outcomes.",False,,,False,False,,,True,complete,4,,full,False
asi,Abaline Supply Inc.,2026-09-01,Full,25684.56,2011,66.0,"1,837 logins in 90 days, but only 27 of 281 reps (10%) have logged in this quarter — most of the team isn't engaged. Pace is holding steady at 1.1x baseline.",85.7,Using 6 of 7 applicable features — mostly adopted. Sales Portal is enabled but reps haven't opened it in 90 days — consider a rep training touchpoint.,80.0,4 of 5 configured channels producing outcomes — reps are active but not using sharing/quoting in the field. A short demo of the share flow in the next QBR could move this.,77.9,Catalog 66% complete (contract pricing — price check skipped) — healthy but with room to improve; 6 of 7 import feeds healthy; Customers last ran with errors; data feeds mostly on cadence — Portal Orders is 6d overdue against a ~1d expected cadence and needs attention.,77.4,Healthy,Abaline Supply Inc. is in Healthy territory (77) with a mixed profile — adoption (86) is the strongest area and engagement (66) is the drag. Monitor engagement closely; a continued downward trend would push this into Watch territory.,False,,,False,False,,,True,complete,4,,full,False
bcf,Braxton Culler,2026-09-01,Full,26340.0,2022,90.7,"3,085 logins in 90 days — solid activity for this team size, with 48 of 62 reps logging in regularly and pace holding steady at 0.9x baseline. No engagement concern here. Rep headcount estimated from annual login history (portal accounts excluded from denominator).",100.0,Using every configured feature — nothing unused.,100.0,All configured channels are producing outcomes.,70.5,Catalog 81% complete — healthy but with room to improve; all 13 import feeds healthy; data freshness critical — the Images feed last ran 7d ago against a ~1d expected cadence.,90.3,Thriving,"Braxton Culler is performing well overall (90) — operational health (70) is the relative drag, but every dimension is in acceptable shape. Monitor at standard cadence.",False,,,False,False,,,True,complete,4,,full,False
big,Baker-McGuire,2026-09-01,iPad-only,18729.96,2018,86.7,"1,505 logins in 90 days — solid activity for this team size, with 55 of 63 reps logging in regularly and pace holding steady at 0.9x baseline. No engagement concern here.",75.0,Using 3 of 4 applicable features — mostly adopted. Sales Data is configured but no import has run in 90 days — check whether the feed is broken or the integration was never fully set up.,50.0,Only 1 of 2 applicable channels are producing outcomes. No meaningful iPad order activity — only 3 orders in 90 days (threshold is 10). CS should identify the highest-impact gap and address it in the next touchpoint.,92.3,Catalog 93% complete; all 7 import feeds healthy; data freshness declining — the Images feed last ran 14d ago against a ~4d expected cadence.,76.0,Healthy,Baker-McGuire is in Healthy territory (76) with a mixed profile — operational health (92) is the strongest area and value delivery (50) is the drag. Focus the next conversation on converting activity into outcomes; portal activation or an order-workflow review is the starting point.,False,,,False,False,,,True,complete,4,,full,False
blh,Bliss Studio ,2026-09-01,iPad+Catalog+Cart,10620.0,2025,0.0,Zero logins in 90 days. No active usage this quarter — treat as a ghost-account candidate if ARR ≥ $5K.,0.0,Using 0 of 6 applicable features — real breadth gaps here. iPad is configured but not being used; Smart Stacks haven't been used — a CS demo of the feature could unlock this; Reps aren't using sharing or quoting in the field — zero email drafts in 90 days; eCat Online Catalog is enabled but no portal traffic in 90 days; Online Ordering (B2B Cart) is enabled but no portal orders in 90 days; Sales Data is configured but no import has run in 90 days — check whether the feed is broken or the integration was never fully set up. CS should investigate the feed configuration and schedule a rep coaching session.,0.0,Only 0 of 4 applicable channels are producing outcomes. No iPad orders submitted in 90 days — reps are not converting activity into orders; sharing/quoting near zero (0 events in 90d). CS should identify the highest-impact gap and address it in the next touchpoint.,100.0,"Catalog 99% complete; no import feed has run in the trailing 180 days — import health and data freshness are unmeasured, so this score reflects catalog completeness only.",20.0,Critical,"No one at Bliss Studio  has logged into the platform in the last 90 days despite $10,620 in annual contract value. This is an urgent churn risk that needs an immediate conversation with the client.",True,"ARR $10,620, zero logins in 90d, dark 207d",lapsed,True,False,,,True,complete,4,,catalog_only,False
bmc,Bassett Mirror,2026-09-01,Full,21720.0,2025,0.0,Zero logins in 90 days. No active usage this quarter — treat as a ghost-account candidate if ARR ≥ $5K.,14.3,Using 1 of 7 applicable features — real breadth gaps here. iPad is configured but not being used; Reps aren't using sharing or quoting in the field — zero email drafts in 90 days; eCat Online Catalog is enabled but no portal traffic in 90 days; Online Ordering (B2B Cart) is enabled but no portal orders in 90 days; Sales Portal is enabled but reps haven't opened it in 90 days — consider a rep training touchpoint; Sales Data is configured but no import has run in 90 days — check whether the feed is broken or the integration was never fully set up. CS should investigate the feed configuration and schedule a rep coaching session.,0.0,Only 0 of 5 applicable channels are producing outcomes. No iPad orders submitted in 90 days — reps are not converting activity into orders; sharing/quoting near zero (0 events in 90d). CS should identify the highest-impact gap and address it in the next touchpoint.,100.0,"Catalog 93% complete; no import feed has run in the trailing 180 days — import health and data freshness are unmeasured, so this score reflects catalog completeness only.",20.0,Critical,"No one at Bassett Mirror has logged into the platform in the last 90 days despite $21,720 in annual contract value. This is an urgent churn risk that needs an immediate conversation with the client.",True,"ARR $21,720, zero logins in 90d, dark 271d",lapsed,True,False,,,True,complete,4,,catalog_only,False
bp,Buster & Punch ,2026-09-01,iPad-only,15279.96,2024,70.0,"580 logins in 90 days, but only 34 of 75 reps (45%) have logged in this quarter — most of the team isn't engaged. Pace is holding steady at 0.9x baseline.",100.0,Using every configured feature — nothing unused.,66.7,"2 of 3 configured channels producing outcomes. Gap: IPad order volume close but short — 5 orders in 90 days (threshold is 10, roughly one per week).",77.5,Catalog 79% complete (contract pricing — price check skipped) — healthy but with room to improve; 3 of 4 import feeds healthy; Customers last ran with errors; data feeds mostly on cadence — Products is 83d overdue against a ~5d expected cadence and needs attention.,78.5,Healthy,Buster & Punch  is in Healthy territory (78) with a mixed profile — adoption (100) is the strongest area and value delivery (67) is the drag. Focus the next conversation on converting activity into outcomes; portal activation or an order-workflow review is the starting point.,False,,,False,False,,,True,complete,4,,full,False
bri,Bulbrite,2026-09-01,Full,31445.04,2023,81.0,"1,011 logins in 90 days — solid activity for this team size, with 70 of 97 reps logging in regularly and pace holding steady at 1.1x baseline. No engagement concern here. Rep headcount estimated from annual login history (portal accounts excluded from denominator).",100.0,Using every configured feature — nothing unused.,100.0,All configured channels are producing outcomes.,69.9,Catalog 99% complete (contract pricing — price check skipped); all 10 import feeds healthy; data freshness critical — the Multifile Import feed last ran 140d ago against a ~1d expected cadence.,87.7,Thriving,Bulbrite is in Thriving territory (88) with a mixed profile — adoption (100) is the strongest area and operational health (70) is the drag. Address the data infrastructure when the next review cycle allows — the rest of the picture is strong enough to support it.,False,,,False,False,,,True,complete,4,,full,False
bsc,Butler Specialty Company,2026-09-01,iPad-only,6960.0,2011,65.0,"295 logins in 90 days, but only 7 of 18 reps (39%) have logged in this quarter — most of the team isn't engaged. Pace is holding steady at 1.0x baseline.",100.0,Using every configured feature — nothing unused.,33.3,Only inventory is flowing — iPad order volume (3 orders) and sharing activity (1 event) are both near zero. Reps appear to be logging in but not converting activity into outcomes. CS should investigate whether reps are actively using the iPad in the field or just checking catalogs.,53.1,"Ops concern — catalog 99% complete; 2 of 5 import feeds healthy; Inventory, Products, Sales Data last ran with errors; data freshness critical — the Multifile Import feed last ran 141d ago against a ~1d expected cadence — escalate to ops.",62.9,Healthy,Butler Specialty Company is in Healthy territory (63) with a mixed profile — adoption (100) is the strongest area and value delivery (33) is the drag. Focus the next conversation on converting activity into outcomes; portal activation or an order-workflow review is the starting point.,False,,,False,False,,,True,complete,4,,full,False
cci,Currey & Company,2026-09-01,iPad+Catalog+Portal,26480.04,2021,81.0,"2,146 logins in 90 days — solid activity for this team size, with 50 of 95 reps logging in regularly and pace holding steady at 1.0x baseline. No engagement concern here.",100.0,Using every configured feature — nothing unused.,100.0,All configured channels are producing outcomes.,75.5,"Catalog 86% complete — healthy but with room to improve; 7 of 9 import feeds healthy; Products, Sales Data last ran with errors; data feeds mostly on cadence — Images is 5d overdue against a ~1d expected cadence and needs attention.",89.1,Thriving,"Currey & Company is performing well overall (89) — operational health (76) is the relative drag, but every dimension is in acceptable shape. Monitor at standard cadence.",False,,,False,False,,,True,complete,4,,full,False
cf,Century Furniture,2026-09-01,iPad-only,7830.0,2013,53.3,"55 logins in 90 days, but only 7 of 80 reps (9%) have logged in this quarter — most of the team isn't engaged. Pace is accelerating at 1.6x baseline.",100.0,Using every configured feature — nothing unused.,50.0,Only 1 of 2 applicable channels are producing outcomes. No iPad orders submitted in 90 days — reps are not converting activity into orders. CS should identify the highest-impact gap and address it in the next touchpoint.,100.0,"Catalog 94% complete; no import feed has run in the trailing 180 days — import health and data freshness are unmeasured, so this score reflects catalog completeness only.",75.8,Healthy,"The platform is producing some outcomes for Century Furniture (value delivery 50), but rep engagement is thin (engagement 53) — a small slice of the team is doing most of the work. Re-engaging the broader team is the most important next step: identify which reps have gone quiet and whether coverage or enablement gaps are driving it.",False,,,False,False,,,True,complete,4,,catalog_only,False
cfg,Charleston Forge,2026-09-01,iPad+Catalog+Cart,21066.48,2015,81.0,"1,052 logins in 90 days — solid activity for this team size, with 30 of 42 reps logging in regularly and pace holding steady at 1.0x baseline. No engagement concern here. Rep headcount estimated from annual login history (portal accounts excluded from denominator).",60.0,Using 3 of 5 applicable features — real breadth gaps here. eCat Online Catalog is enabled but no portal traffic in 90 days; Online Ordering (B2B Cart) is enabled but no portal orders in 90 days. CS should schedule a rep coaching session to build these habits.,50.0,Only 2 of 4 applicable channels are producing outcomes. Online catalog is enabled but no portal traffic in 90d; B2B Cart is configured but no portal orders in 90d. CS should identify the highest-impact gap and address it in the next touchpoint.,74.2,Catalog 94% complete; all 6 import feeds healthy; data freshness critical — the Product Stories feed last ran 131d ago against a ~1d expected cadence.,66.3,Healthy,Charleston Forge is in Healthy territory (66) with a mixed profile — engagement (81) is the strongest area and value delivery (50) is the drag. Focus the next conversation on converting activity into outcomes; portal activation or an order-workflow review is the starting point.,False,,,False,False,,,True,complete,4,,full,False
cl,Corbett Lighting,2026-09-01,iPad-only,4200.0,2025,50.0,"96 logins in 90 days, but only 25 of 202 reps (12%) have logged in this quarter — most of the team isn't engaged. Pace is holding steady at 0.8x baseline.",50.0,Using 2 of 4 applicable features — real breadth gaps here. Reps aren't using sharing or quoting in the field — zero email drafts in 90 days; Sales Data is configured but no import has run in 90 days — check whether the feed is broken or the integration was never fully set up. CS should investigate the feed configuration and schedule a rep coaching session.,0.0,Only 0 of 2 applicable channels are producing outcomes. No iPad orders submitted in 90 days — reps are not converting activity into orders; sharing/quoting near zero (0 events in 90d). CS should identify the highest-impact gap and address it in the next touchpoint.,80.0,Catalog 68% complete — healthy but with room to improve; all 1 import feed healthy.,40.0,Watch,"Corbett Lighting's rep activity (50 engagement) and platform outcomes (0 value delivery) are both too low to support a healthy relationship. Re-establishing contact to understand why reps have gone quiet is the first step — determine whether this is a coverage gap, a product fit issue, or something else.",False,,,True,False,,,True,complete,4,,catalog_only,False
clc,Capital Lighting Fixture Co.,2026-09-01,Full,28059.96,2012,86.7,"1,837 logins in 90 days — solid activity for this team size, with 68 of 82 reps logging in regularly and pace holding steady at 0.9x baseline. No engagement concern here. Rep headcount estimated from annual login history (portal accounts excluded from denominator).",100.0,Using every configured feature — nothing unused.,100.0,All configured channels are producing outcomes.,98.6,Catalog 100% complete; all 6 import feeds healthy; data feeds running on cadence.,96.3,Thriving,Capital Lighting Fixture Co. is performing well across the board — every dimension is at 87 or higher and the overall score of 96 reflects consistent strength rather than one area carrying the others. No action needed; monitor at standard cadence.,False,,,False,False,,,True,complete,4,,full,False
clli,Craftmade,2026-09-01,iPad+Catalog+Portal,28740.0,2019,66.0,"2,250 logins in 90 days, but only 54 of 1723 reps (3%) have logged in this quarter — most of the team isn't engaged. Pace is holding steady at 1.0x baseline.",85.7,Using 6 of 7 applicable features — mostly adopted. Sales Data is configured but no import has run in 90 days — check whether the feed is broken or the integration was never fully set up.,100.0,All configured channels are producing outcomes.,99.6,Catalog 93% complete (contract pricing — price check skipped); all 7 import feeds healthy; data feeds mostly on cadence — Images is 12d overdue against a ~2d expected cadence and needs attention.,87.8,Thriving,Craftmade is in Thriving territory (88) with a mixed profile — value delivery (100) is the strongest area and engagement (66) is the drag. Monitor closely — an engagement dip in an otherwise Thriving account is an early warning worth tracking.,False,,,False,False,,,True,complete,4,,full,False
clm,Crystorama,2026-09-01,iPad+Catalog+Portal,30480.0,2013,56.0,"1,052 logins in 90 days, but only 57 of 754 reps (8%) have logged in this quarter — most of the team isn't engaged. Pace is cooling off — worth monitoring at 0.5x baseline.",100.0,Using every configured feature — nothing unused.,80.0,"4 of 5 configured channels producing outcomes. Gap: IPad order volume close but short — 6 orders in 90 days (threshold is 10, roughly one per week).",66.7,Catalog 100% complete; all 8 import feeds healthy; data freshness critical — the Multifile Import feed last ran 140d ago against a ~1d expected cadence.,75.7,Healthy,Crystorama is in Healthy territory (76) with a mixed profile — adoption (100) is the strongest area and engagement (56) is the drag. Monitor engagement closely; a continued downward trend would push this into Watch territory.,False,,,False,False,,,True,complete,4,,full,False
cst,Coaster Furniture,2026-09-01,iPad-only,21900.0,2025,86.7,"2,588 logins in 90 days — solid activity for this team size, with 54 of 61 reps logging in regularly and pace holding steady at 0.8x baseline. No engagement concern here.",75.0,Using 3 of 4 applicable features — mostly adopted. Inventory Management feed has gone quiet — no imports in 90 days.,66.7,2 of 3 configured channels producing outcomes. Gap: Inventory feed has gone silent — no imports in 90d.,79.3,"Catalog 99% complete; 3 of 7 import feeds healthy; Customers, Matrix Options (154d ago), Options (168d ago), Product Stories (176d ago) last ran with errors; data feeds mostly on cadence — Options is 169d overdue against a ~2d expected cadence and needs attention.",76.9,Healthy,Coaster Furniture is in Healthy territory (77) with a mixed profile — engagement (87) is the strongest area and value delivery (67) is the drag. Focus the next conversation on converting activity into outcomes; portal activation or an order-workflow review is the starting point.,False,,,False,False,,,True,complete,4,,full,False
da,Dainolite Ltd.,2026-09-01,iPad-only,9399.96,2013,81.0,"1,722 logins in 90 days — solid activity for this team size, with 28 of 39 reps logging in regularly and pace holding steady at 1.1x baseline. No engagement concern here.",100.0,Using every configured feature — nothing unused.,100.0,All configured channels are producing outcomes.,80.6,"Catalog 100% complete; 3 of 6 import feeds healthy; Customers, Product Stories, Sales Data last ran with errors; data feeds mostly on cadence — Images is 33d overdue against a ~4d expected cadence and needs attention.",90.4,Thriving,Dainolite Ltd. is performing well across the board — every dimension is at 81 or higher and the overall score of 90 reflects consistent strength rather than one area carrying the others. No action needed; monitor at standard cadence.,False,,,False,False,,,True,complete,4,,full,False
dals,DALS Lighting,2026-09-01,iPad-only,8700.0,2023,41.7,"Low engagement: 46 logins in 90 days from 17 of 60 reps (28% active), pace is cooling off — worth monitoring at 0.6x baseline. Below-threshold activity across the board — proactive outreach warranted.",75.0,Using 3 of 4 applicable features — mostly adopted. Sales Data is configured but no import has run in 90 days — check whether the feed is broken or the integration was never fully set up.,50.0,Only 1 of 2 applicable channels are producing outcomes. No iPad orders submitted in 90 days — reps are not converting activity into orders. CS should identify the highest-impact gap and address it in the next touchpoint.,20.0,"Ops concern — catalog completeness at 33% is a blocker for field use — reps are working with incomplete product data; flag for a catalog audit; no import feed has run in the trailing 180 days — import health and data freshness are unmeasured, so this score reflects catalog completeness only.",46.7,Watch,"The platform is producing some outcomes for DALS Lighting (value delivery 50), but rep engagement is thin (engagement 42) and the data infrastructure is in critical shape (ops 20) — usage and infrastructure issues are likely reinforcing each other. Both need parallel attention; fixing the infrastructure alone will not bring the broader team back.",False,,,False,False,,,True,complete,4,,catalog_only,False
dccl,Donald Choi Canada,2026-09-01,iPad+Catalog+Cart,22038.0,2024,61.7,"657 logins in 90 days, but only 10 of 157 reps (6%) have logged in this quarter — most of the team isn't engaged. Pace is holding steady at 0.9x baseline.",100.0,Using every configured feature — nothing unused.,100.0,All configured channels are producing outcomes.,72.8,Catalog 100% complete; 7 of 8 import feeds healthy; Product Stories (115d ago) last ran with errors; data freshness critical — the Images feed last ran 40d ago against a ~1d expected cadence.,83.6,Thriving,Donald Choi Canada is in Thriving territory (84) with a mixed profile — adoption (100) is the strongest area and engagement (62) is the drag. Monitor closely — an engagement dip in an otherwise Thriving account is an early warning worth tracking.,False,,,False,False,,,True,complete,4,,full,False
df,Designer's Fountain,2026-09-01,iPad-only,9560.04,2024,58.3,"193 logins in 90 days is on the lower side for 43 enabled reps — 20 of 43 (47%) are active, but session depth is limited. Pace is holding steady at 1.1x baseline.",80.0,Using 4 of 5 applicable features — mostly adopted. Sales Data is configured but no import has run in 90 days — check whether the feed is broken or the integration was never fully set up.,33.3,Only inventory is flowing — iPad order volume (2 orders) and sharing activity (1 event) are both near zero. Reps appear to be logging in but not converting activity into outcomes. CS should investigate whether reps are actively using the iPad in the field or just checking catalogs.,88.9,Catalog 99% complete (contract pricing — price check skipped); 2 of 3 import feeds healthy; Products (74d ago) last ran with errors; data feeds running on cadence.,65.1,Healthy,Designer's Fountain is in Healthy territory (65) with a mixed profile — operational health (89) is the strongest area and value delivery (33) is the drag. Focus the next conversation on converting activity into outcomes; portal activation or an order-workflow review is the starting point.,False,,,False,False,,,True,complete,4,,full,False
drf,Dorell Fabrics,2026-09-01,iPad-only,8988.0,2026,50.7,"92 logins in 90 days from 8 of 9 reps (89% active), but pace is sharp deceleration — usage has dropped significantly from baseline at 0.3x baseline — worth monitoring for continued fade.",100.0,Using every configured feature — nothing unused.,100.0,All configured channels are producing outcomes.,66.7,Catalog 96% complete; all 4 import feeds healthy; data freshness critical — the Images feed last ran 56d ago against a ~1d expected cadence.,79.3,Healthy,"The platform is producing some outcomes for Dorell Fabrics (value delivery 100), but rep engagement is thin (engagement 51) — a small slice of the team is doing most of the work. Re-engaging the broader team is the most important next step: identify which reps have gone quiet and whether coverage or enablement gaps are driving it.",False,,,False,False,,,True,complete,4,,full,False
eglo,Eglo USA Inc.,2026-09-01,iPad-only,10340.04,2022,76.7,"588 logins in 90 days — solid activity for this team size, with 31 of 44 reps logging in regularly and pace holding steady at 1.1x baseline. No engagement concern here.",100.0,Using every configured feature — nothing unused.,100.0,All configured channels are producing outcomes.,74.9,"Catalog 96% complete (contract pricing — price check skipped); 1 of 4 import feeds healthy; Customers, Products (124d ago), Sales Data last ran with errors; data feeds mostly on cadence — Products is 124d overdue against a ~24d expected cadence and needs attention.",87.9,Thriving,"Eglo USA Inc. is performing well overall (88) — operational health (75) is the relative drag, but every dimension is in acceptable shape. Monitor at standard cadence.",False,,,False,False,,,True,complete,4,,full,False
eglo_can,EGLO Canada,2026-09-01,iPad-only,7830.0,2024,77.3,"403 logins in 90 days — solid activity for this team size, with 15 of 18 reps logging in regularly and pace holding steady at 1.0x baseline. No engagement concern here.",100.0,Using every configured feature — nothing unused.,66.7,"2 of 3 configured channels producing outcomes. Gap: IPad order volume close but short — 9 orders in 90 days (threshold is 10, roughly one per week).",83.2,"Catalog 100% complete (contract pricing — price check skipped); 2 of 4 import feeds healthy; Customers, Sales Data last ran with errors; data feeds mostly on cadence — Products is 115d overdue against a ~25d expected cadence and needs attention.",81.8,Thriving,EGLO Canada is in Thriving territory (82) with a mixed profile — adoption (100) is the strongest area and value delivery (67) is the drag. Investigate why activity is not converting into outcomes — an order pipeline review or portal activation check is the starting point.,False,,,False,False,,,False,complete,4,,full,False
el,Eurofase Inc.,2026-09-01,iPad+Catalog+Portal,33095.04,2020,74.3,"1,956 logins in 90 days, but only 84 of 285 reps (29%) have logged in this quarter — most of the team isn't engaged. Pace is holding steady at 1.1x baseline.",100.0,Using every configured feature — nothing unused.,100.0,All configured channels are producing outcomes.,73.3,Catalog completeness at 26% (contract pricing — price check skipped) is a blocker for field use — reps are working with incomplete product data; flag for a catalog audit; all 8 import feeds healthy; data feeds running on cadence.,86.9,Thriving,"Eurofase Inc. is performing well overall (87) — operational health (73) is the relative drag, but every dimension is in acceptable shape. Monitor at standard cadence.",False,,,False,False,,,True,complete,4,,full,False
eli,Elegant Furniture & Lighting,2026-09-01,iPad+Catalog+Cart,26570.04,2013,86.7,"1,630 logins in 90 days — solid activity for this team size, with 62 of 78 reps logging in regularly and pace holding steady at 0.9x baseline. No engagement concern here. Rep headcount estimated from annual login history (portal accounts excluded from denominator).",57.1,Using 4 of 7 applicable features — real breadth gaps here. eCat Online Catalog is enabled but no portal traffic in 90 days; Online Ordering (B2B Cart) is enabled but no portal orders in 90 days; Sales Data is configured but no import has run in 90 days — check whether the feed is broken or the integration was never fully set up. CS should investigate the feed configuration and schedule a rep coaching session.,60.0,3 of 5 configured channels producing outcomes. Gap: Online catalog is enabled but no portal traffic in 90d; B2B Cart is configured but no portal orders in 90d.,82.5,Catalog 99% complete; 3 of 4 import feeds healthy; Customers last ran with errors; data freshness critical — the Images feed last ran 6d ago against a ~1d expected cadence.,71.6,Healthy,"Elegant Furniture & Lighting's reps are logging in consistently (engagement 87), but they are using only a portion of the platform — adoption (57) reflects a feature-coverage gap, not an activity problem. Run a targeted coaching session on the highest-ROI unused features to convert this activity into stronger outcomes.",False,,,False,False,,,True,complete,4,,full,False
etl,ELICO LTD.,2026-09-01,iPad-only,8700.0,2019,82.3,"908 logins in 90 days — solid activity for this team size, with 11 of 14 reps logging in regularly and pace holding steady at 1.1x baseline. No engagement concern here.",100.0,Using every configured feature — nothing unused.,100.0,All configured channels are producing outcomes.,92.8,Catalog 97% complete; all 5 import feeds healthy; data freshness declining — the Products feed last ran 6d ago against a ~2d expected cadence.,93.8,Thriving,ELICO LTD. is performing well across the board — every dimension is at 82 or higher and the overall score of 94 reflects consistent strength rather than one area carrying the others. No action needed; monitor at standard cadence.,False,,,False,False,,,True,complete,4,,full,False
fal,Fine Art Handcrafted Lighting,2026-09-01,iPad-only,17840.04,2024,81.0,"1,724 logins in 90 days — solid activity for this team size, with 43 of 65 reps logging in regularly and pace holding steady at 1.0x baseline. No engagement concern here.",60.0,Using 3 of 5 applicable features — real breadth gaps here. Sales Portal is enabled but reps haven't opened it in 90 days — consider a rep training touchpoint; Sales Data is configured but no import has run in 90 days — check whether the feed is broken or the integration was never fully set up. CS should investigate the feed configuration and schedule a rep coaching session.,100.0,All configured channels are producing outcomes.,80.6,"Catalog 98% complete (contract pricing — price check skipped); 6 of 8 import feeds healthy; Customers, Portal Orders last ran with errors; data freshness critical — the Product Stories feed last ran 125d ago against a ~3d expected cadence.",80.4,Thriving,Fine Art Handcrafted Lighting is in Thriving territory (80) with a mixed profile — value delivery (100) is the strongest area and adoption (60) is the drag. A feature coaching session targeting the unused capabilities is the highest-leverage next step.,False,,,False,False,,,True,complete,4,,full,False
fc,Furniture Classics ,2026-09-01,Full,24099.96,2017,81.0,"1,998 logins in 90 days — solid activity for this team size, with 32 of 51 reps logging in regularly and pace holding steady at 0.8x baseline. No engagement concern here. Rep headcount estimated from annual login history (portal accounts excluded from denominator).",75.0,Using 6 of 8 applicable features — mostly adopted. Inventory Management feed has gone quiet — no imports in 90 days.,83.3,5 of 6 configured channels producing outcomes. Gap: Inventory feed has gone silent — no imports in 90d.,65.2,Catalog completeness at 25% is a blocker for field use — reps are working with incomplete product data; flag for a catalog audit; 4 of 5 import feeds healthy; Customers (133d ago) last ran with errors; data feeds mostly on cadence — Images is 21d overdue against a ~2d expected cadence and needs attention.,76.1,Healthy,Furniture Classics  is in Healthy territory (76) with a mixed profile — value delivery (83) is the strongest area and operational health (65) is the drag. Addressing catalog and import health in the next review cycle is the cleanest path back toward Thriving.,False,,,False,False,,,True,complete,4,,full,False
fms,Visual Comfort - Studio /Fans,2026-09-01,iPad-only,15439.44,2019,64.3,"2,756 logins in 90 days, but only 78 of 198 reps (39%) have logged in this quarter — most of the team isn't engaged. Pace is cooling off — worth monitoring at 0.7x baseline.",100.0,Using every configured feature — nothing unused.,100.0,All configured channels are producing outcomes.,78.3,Catalog 90% complete — healthy but with room to improve; 3 of 4 import feeds healthy; Sales Data last ran with errors; data feeds running on cadence.,85.7,Thriving,Visual Comfort - Studio /Fans is in Thriving territory (86) with a mixed profile — adoption (100) is the strongest area and engagement (64) is the drag. Monitor closely — an engagement dip in an otherwise Thriving account is an early warning worth tracking.,False,,,False,False,,,True,complete,4,,full,False
fsf,Four Seasons Furniture,2026-09-01,Full,22560.0,2023,86.7,"1,666 logins in 90 days — solid activity for this team size, with 27 of 31 reps logging in regularly and pace holding steady at 1.2x baseline. No engagement concern here. Rep headcount estimated from annual login history (portal accounts excluded from denominator).",100.0,Using every configured feature — nothing unused.,100.0,All configured channels are producing outcomes.,82.5,Catalog 85% complete — healthy but with room to improve; all 10 import feeds healthy; data feeds mostly on cadence — Option Images is 136d overdue against a ~1d expected cadence and needs attention.,92.3,Thriving,Four Seasons Furniture is performing well across the board — every dimension is at 82 or higher and the overall score of 92 reflects consistent strength rather than one area carrying the others. No action needed; monitor at standard cadence.,False,,,False,False,,,True,complete,4,,full,False
gblx,Globalux Lighting & Fans,2026-09-01,iPad-only,16200.0,2025,71.7,"326 logins in 90 days is on the lower side for 33 enabled reps — 24 of 33 (73%) are active, but session depth is limited. Pace is holding steady at 0.8x baseline.",75.0,Using 3 of 4 applicable features — mostly adopted. Smart Stacks haven't been used — a CS demo of the feature could unlock this.,66.7,2 of 3 configured channels producing outcomes. Gap: No iPad orders submitted in 90 days — reps are not converting activity into orders.,83.3,Catalog 100% complete; all 3 import feeds healthy; data freshness critical — the Images feed last ran 67d ago against a ~1d expected cadence.,74.2,Healthy,Globalux Lighting & Fans is in Healthy territory (74) with a mixed profile — operational health (83) is the strongest area and value delivery (67) is the drag. Focus the next conversation on converting activity into outcomes; portal activation or an order-workflow review is the starting point.,False,,,False,False,,,True,complete,4,,full,False
gc,Groupe Courchesne,2026-09-01,iPad+Catalog+Cart,16980.0,2023,61.7,"807 logins in 90 days, but only 17 of 347 reps (5%) have logged in this quarter — most of the team isn't engaged. Pace is holding steady at 1.0x baseline.",57.1,Using 4 of 7 applicable features — real breadth gaps here. eCat Online Catalog is enabled but no portal traffic in 90 days; Online Ordering (B2B Cart) is enabled but no portal orders in 90 days; Sales Data is configured but no import has run in 90 days — check whether the feed is broken or the integration was never fully set up. CS should investigate the feed configuration and schedule a rep coaching session.,60.0,3 of 5 configured channels producing outcomes. Gap: Online catalog is enabled but no portal traffic in 90d; B2B Cart is configured but no portal orders in 90d.,67.5,Catalog 99% complete (contract pricing — price check skipped); all 5 import feeds healthy; data freshness critical — the Multifile Import feed last ran 144d ago against a ~1d expected cadence.,61.6,Healthy,"Groupe Courchesne's reps are logging in at a limited rate (engagement 62), but they are using only a portion of the platform — adoption (57) reflects a feature-coverage gap, not an activity problem. Run a targeted coaching session on the highest-ROI unused features to convert this activity into stronger outcomes.",False,,,False,False,,,True,complete,4,,full,False
gcl,Geo Contemporary,2026-09-01,iPad-only,9864.96,2024,71.7,"342 logins in 90 days is on the lower side for 39 enabled reps — 29 of 39 (74%) are active, but session depth is limited. Pace is holding steady at 1.2x baseline.",50.0,Using 2 of 4 applicable features — real breadth gaps here. Smart Stacks haven't been used — a CS demo of the feature could unlock this; Sales Data is configured but no import has run in 90 days — check whether the feed is broken or the integration was never fully set up. CS should investigate the feed configuration and schedule a rep coaching session.,100.0,All configured channels are producing outcomes.,78.4,Catalog 85% complete (contract pricing — price check skipped) — healthy but with room to improve; all 7 import feeds healthy; data freshness critical — the Kit Items feed last ran 26d ago against a ~1d expected cadence.,75.0,Healthy,"Geo Contemporary's reps are logging in consistently (engagement 72), but they are using only a portion of the platform — adoption (50) reflects a feature-coverage gap, not an activity problem. Run a targeted coaching session on the highest-ROI unused features to convert this activity into stronger outcomes.",False,,,False,False,,,True,complete,4,,full,False
gh,Gabby,2026-09-01,Full,24336.0,2013,85.0,"5,741 logins in 90 days — solid activity for this team size, with 51 of 72 reps logging in regularly and pace holding steady at 0.9x baseline. No engagement concern here. Rep headcount estimated from annual login history (portal accounts excluded from denominator).",100.0,Using every configured feature — nothing unused.,100.0,All configured channels are producing outcomes.,71.5,Catalog completeness at 51% (contract pricing — price check skipped) is a blocker for field use — reps are working with incomplete product data; flag for a catalog audit; all 14 import feeds healthy; data feeds mostly on cadence — Taxonomies is 7d overdue against a ~1d expected cadence and needs attention.,89.1,Thriving,"Gabby is performing well overall (89) — operational health (72) is the relative drag, but every dimension is in acceptable shape. Monitor at standard cadence.",False,,,False,False,,,True,complete,4,,full,False
gl,Golden Lighting,2026-09-01,Full,24309.96,2023,82.3,"687 logins in 90 days — solid activity for this team size, with 35 of 43 reps logging in regularly and pace holding steady at 1.4x baseline. No engagement concern here. Rep headcount estimated from annual login history (portal accounts excluded from denominator).",87.5,Using 7 of 8 applicable features — mostly adopted. Sales Data is configured but no import has run in 90 days — check whether the feed is broken or the integration was never fully set up.,83.3,"5 of 6 configured channels producing outcomes. Gap: IPad order volume close but short — 7 orders in 90 days (threshold is 10, roughly one per week).",72.8,Catalog 99% complete; all 10 import feeds healthy; data freshness critical — the Images feed last ran 152d ago against a ~1d expected cadence.,81.5,Thriving,"Golden Lighting is in Thriving territory (82), but the score sits just above the Healthy cutoff — operational health (73) is the relative weakness while adoption (88) is doing the lifting. A focused check-in on operational health would solidify the Thriving position before any drift sets in.",False,,,False,False,,,True,complete,4,,full,False
gsa,Godinger Silver Art Co.,2026-09-01,iPad-only,8799.96,2011,76.7,"624 logins in 90 days — solid activity for this team size, with 22 of 43 reps logging in regularly and pace holding steady at 1.4x baseline. No engagement concern here.",100.0,Using every configured feature — nothing unused.,66.7,2 of 3 configured channels producing outcomes. Gap: No meaningful iPad order activity — only 3 orders in 90 days (threshold is 10).,81.4,Catalog 70% complete — healthy but with room to improve; all 5 import feeds healthy; data feeds running on cadence.,81.2,Thriving,Godinger Silver Art Co. is in Thriving territory (81) with a mixed profile — adoption (100) is the strongest area and value delivery (67) is the drag. Investigate why activity is not converting into outcomes — an order pipeline review or portal activation check is the starting point.,False,,,False,False,,,True,complete,4,,full,False
heb,Home Essentials & Beyond,2026-09-01,iPad-only,9140.04,2012,70.0,"612 logins in 90 days, but only 27 of 91 reps (30%) have logged in this quarter — most of the team isn't engaged. Pace is holding steady at 0.9x baseline.",80.0,Using 4 of 5 applicable features — mostly adopted. Sales Data is configured but no import has run in 90 days — check whether the feed is broken or the integration was never fully set up.,100.0,All configured channels are producing outcomes.,73.9,Catalog 86% complete (contract pricing — price check skipped) — healthy but with room to improve; 4 of 5 import feeds healthy; Images last ran with errors; data feeds mostly on cadence — Option Images is 83d overdue against a ~1d expected cadence and needs attention.,81.0,Thriving,"Home Essentials & Beyond is in Thriving territory (81), but the score sits just above the Healthy cutoff — engagement (70) is the relative weakness while value delivery (100) is doing the lifting. A focused check-in on engagement would solidify the Thriving position before any drift sets in.",False,,,False,False,,,True,complete,4,,full,False
hf,Hooker Furnishings,2026-09-01,iPad-only,10365.0,2024,46.7,Only 417 logins in 90 days from just 12 of 63 reps (19%) — most of the team is not using the app this quarter. Prioritize an engagement call to identify adoption barriers.,80.0,Using 4 of 5 applicable features — mostly adopted. Sales Data is configured but no import has run in 90 days — check whether the feed is broken or the integration was never fully set up.,66.7,2 of 3 configured channels producing outcomes. Gap: No iPad orders submitted in 90 days — reps are not converting activity into orders.,82.1,"Catalog 95% complete; 2 of 4 import feeds healthy; Customers, Products (130d ago) last ran with errors; data feeds mostly on cadence — Images is 130d overdue against a ~4d expected cadence and needs attention.",68.9,Healthy,"The platform is producing some outcomes for Hooker Furnishings (value delivery 67), but rep engagement is thin (engagement 47) — a small slice of the team is doing most of the work. Re-engaging the broader team is the most important next step: identify which reps have gone quiet and whether coverage or enablement gaps are driving it.",False,,,False,False,,,False,complete,4,,full,False
hfg,Hubbardton Forge,2026-09-01,iPad+Catalog+Portal,36300.0,2022,78.3,"3,384 logins in 90 days — solid activity for this team size, with 87 of 180 reps logging in regularly and pace holding steady at 1.0x baseline. No engagement concern here.",100.0,Using every configured feature — nothing unused.,100.0,All configured channels are producing outcomes.,93.9,Catalog 94% complete; 6 of 7 import feeds healthy; Customers last ran with errors; data feeds mostly on cadence — Options is 131d overdue against a ~5d expected cadence and needs attention.,93.1,Thriving,"Hubbardton Forge is performing well overall (93) — engagement (78) is the relative drag, but every dimension is in acceptable shape. Monitor at standard cadence.",False,,,False,False,,,True,complete,4,,full,False
hh,Highland House,2026-09-01,iPad-only,7830.0,2013,46.7,Only 13 logins in 90 days from just 4 of 60 reps (7%) — most of the team is not using the app this quarter. Prioritize an engagement call to identify adoption barriers.,100.0,Using every configured feature — nothing unused.,0.0,Only 0 of 2 applicable channels are producing outcomes. No iPad orders submitted in 90 days — reps are not converting activity into orders; sharing/quoting near zero (1 event in 90d). CS should identify the highest-impact gap and address it in the next touchpoint.,60.0,"Catalog 80% complete — healthy but with room to improve; no import feed has run in the trailing 180 days — import health and data freshness are unmeasured, so this score reflects catalog completeness only.",40.0,Watch,"Highland House has the full platform configured and adopted, but rep logins have dropped off sharply — engagement is at 47 and the platform isn't generating observable outcomes. Outreach is needed to understand whether reps have gone dark on a coverage issue or whether a more fundamental re-engagement effort is required.",False,,,True,False,,,True,complete,4,,catalog_only,False
hvl,Hudson Valley Lighting,2026-09-01,iPad-only,5405.04,2016,56.7,"243 logins in 90 days, but only 39 of 174 reps (22%) have logged in this quarter — most of the team isn't engaged. Pace is holding steady at 0.8x baseline.",75.0,Using 3 of 4 applicable features — mostly adopted. Sales Data is configured but no import has run in 90 days — check whether the feed is broken or the integration was never fully set up.,0.0,Only 0 of 2 applicable channels are producing outcomes. No iPad orders submitted in 90 days — reps are not converting activity into orders; sharing/quoting near zero (2 events in 90d). CS should identify the highest-impact gap and address it in the next touchpoint.,100.0,"Catalog 92% complete; no import feed has run in the trailing 180 days — import health and data freshness are unmeasured, so this score reflects catalog completeness only.",57.9,Watch,"The platform isn't generating any measurable business outcomes for Hudson Valley Lighting — no channel (orders, quotes, portal activity, or data flow) is currently producing results. Focus the next conversation on which channel was expected to convert activity into orders, and what is blocking it.",False,,,False,False,,,True,complete,4,,catalog_only,False
ih,Interlude Home,2026-09-01,iPad+Catalog+Portal,22140.0,2021,90.7,"3,568 logins in 90 days — solid activity for this team size, with 33 of 40 reps logging in regularly and pace holding steady at 1.0x baseline. No engagement concern here.",100.0,Using every configured feature — nothing unused.,100.0,All configured channels are producing outcomes.,99.7,Catalog 94% complete; all 9 import feeds healthy; data feeds mostly on cadence — Images is 117d overdue against a ~2d expected cadence and needs attention.,97.6,Thriving,Interlude Home is performing well across the board — every dimension is at 91 or higher and the overall score of 98 reflects consistent strength rather than one area carrying the others. No action needed; monitor at standard cadence.,False,,,False,False,,,True,complete,4,,full,False
ihm,International Home Miami,2026-09-01,iPad-only,8403.84,2024,58.3,"35 logins in 90 days is on the lower side for 19 enabled reps — 10 of 19 (53%) are active, but session depth is limited. Pace is holding steady at 1.0x baseline.",60.0,Using 3 of 5 applicable features — real breadth gaps here. Smart Stacks haven't been used — a CS demo of the feature could unlock this; Sales Data is configured but no import has run in 90 days — check whether the feed is broken or the integration was never fully set up. CS should investigate the feed configuration and schedule a rep coaching session.,66.7,2 of 3 configured channels producing outcomes. Gap: No meaningful iPad order activity — only 1 order in 90 days (threshold is 10).,100.0,Catalog 100% complete; all 2 import feeds healthy.,71.2,Healthy,International Home Miami is in Healthy territory (71) with a mixed profile — operational health (100) is the strongest area and engagement (58) is the drag. Monitor engagement closely; a continued downward trend would push this into Watch territory.,False,,,False,False,,,False,complete,4,,catalog_only,False
ihw,Interlude Furniture,2026-09-01,iPad+Catalog+Portal,20730.0,2025,90.7,"3,401 logins in 90 days — solid activity for this team size, with 33 of 41 reps logging in regularly and pace holding steady at 0.9x baseline. No engagement concern here.",100.0,Using every configured feature — nothing unused.,100.0,All configured channels are producing outcomes.,84.6,Catalog 82% complete (contract pricing — price check skipped) — healthy but with room to improve; all 13 import feeds healthy; data feeds mostly on cadence — Option Images is 118d overdue against a ~2d expected cadence and needs attention.,93.8,Thriving,Interlude Furniture is performing well across the board — every dimension is at 85 or higher and the overall score of 94 reflects consistent strength rather than one area carrying the others. No action needed; monitor at standard cadence.,False,,,False,False,,,False,complete,4,,full,False
jc,Jonathan Charles Fine Furniture,2026-09-01,iPad+Catalog+Portal,24029.4,2018,30.0,102 logins in 90 days but pace has sharp deceleration — usage has dropped significantly from baseline (0.4x baseline) — clear dropoff from historical baseline. Only 11 of 50 reps (22%) are still active. CS should find out what changed and re-engage the team.,71.4,Using 5 of 7 applicable features — real breadth gaps here. Reps aren't using sharing or quoting in the field — zero email drafts in 90 days; Sales Data is configured but no import has run in 90 days — check whether the feed is broken or the integration was never fully set up. CS should investigate the feed configuration and schedule a rep coaching session.,60.0,3 of 5 configured channels producing outcomes. Gap: No iPad orders submitted in 90 days — reps are not converting activity into orders; sharing/quoting near zero (0 events in 90d).,79.0,Catalog 94% complete; 11 of 12 import feeds healthy; Products last ran with errors; data freshness critical — the Sales Data feed last ran 129d ago against a ~10d expected cadence.,60.1,Healthy,"The platform is producing some outcomes for Jonathan Charles Fine Furniture (value delivery 60), but rep engagement is thin (engagement 30) — a small slice of the team is doing most of the work. Re-engaging the broader team is the most important next step: identify which reps have gone quiet and whether coverage or enablement gaps are driving it.",False,,,False,False,,,True,complete,4,,full,False
jcusa,Jonathan Charles Designs Inc.,2026-09-01,Full,9670.92,2018,61.7,"403 logins in 90 days is on the lower side for 31 enabled reps — 17 of 31 (55%) are active, but session depth is limited. Pace is cooling off — worth monitoring at 0.7x baseline. Rep headcount estimated from annual login history (portal accounts excluded from denominator).",87.5,Using 7 of 8 applicable features — mostly adopted. Sales Data is configured but no import has run in 90 days — check whether the feed is broken or the integration was never fully set up.,100.0,All configured channels are producing outcomes.,84.1,Catalog 100% complete; all 7 import feeds healthy; data freshness critical — the Inventory feed last ran 49d ago against a ~1d expected cadence.,83.3,Thriving,Jonathan Charles Designs Inc. is in Thriving territory (83) with a mixed profile — value delivery (100) is the strongest area and engagement (62) is the drag. Monitor closely — an engagement dip in an otherwise Thriving account is an early warning worth tracking.,False,,,False,False,,,True,complete,4,,full,False
jyc,Jamie Young Company,2026-09-01,Full,35400.0,2014,81.0,"2,343 logins in 90 days — solid activity for this team size, with 60 of 85 reps logging in regularly and pace holding steady at 1.1x baseline. No engagement concern here. Rep headcount estimated from annual login history (portal accounts excluded from denominator).",100.0,Using every configured feature — nothing unused.,100.0,All configured channels are producing outcomes.,86.9,"Catalog 100% complete (contract pricing — price check skipped); 5 of 8 import feeds healthy; Customers, Inventory, Sales Data last ran with errors; data feeds running on cadence.",92.0,Thriving,Jamie Young Company is performing well across the board — every dimension is at 81 or higher and the overall score of 92 reflects consistent strength rather than one area carrying the others. No action needed; monitor at standard cadence.,False,,,False,False,,,True,complete,4,,full,False
kal,Kalco Lighting / Allegri Crystal,2026-09-01,Full,29045.04,2019,86.7,"1,291 logins in 90 days — solid activity for this team size, with 53 of 59 reps logging in regularly and pace holding steady at 1.1x baseline. No engagement concern here. Rep headcount estimated from annual login history (portal accounts excluded from denominator).",100.0,Using every configured feature — nothing unused.,100.0,All configured channels are producing outcomes.,93.8,Catalog 93% complete; 6 of 7 import feeds healthy; Customers last ran with errors; data feeds running on cadence.,95.1,Thriving,Kalco Lighting / Allegri Crystal is performing well across the board — every dimension is at 87 or higher and the overall score of 95 reflects consistent strength rather than one area carrying the others. No action needed; monitor at standard cadence.,False,,,False,False,,,True,complete,4,,full,False
kii,"Kennedy International, Inc.",2026-09-01,iPad+Catalog+Cart,16642.56,2015,66.0,"1,046 logins in 90 days, but only 18 of 101 reps (18%) have logged in this quarter — most of the team isn't engaged. Pace is holding steady at 1.2x baseline.",71.4,Using 5 of 7 applicable features — real breadth gaps here. eCat Online Catalog is enabled but no portal traffic in 90 days; Online Ordering (B2B Cart) is enabled but no portal orders in 90 days. CS should schedule a rep coaching session to build these habits.,60.0,3 of 5 configured channels producing outcomes. Gap: Online catalog is enabled but no portal traffic in 90d; B2B Cart is configured but no portal orders in 90d.,60.3,"Catalog 72% complete (contract pricing — price check skipped) — healthy but with room to improve; 3 of 7 import feeds healthy; Customers, Inventory, Product Stories, Sales Data last ran with errors; data freshness critical — the Inventory feed last ran 26d ago against a ~5d expected cadence.",64.4,Healthy,"Kennedy International, Inc. is in Healthy territory (64) with a mixed profile — adoption (71) is the strongest area and value delivery (60) is the drag. Focus the next conversation on converting activity into outcomes; portal activation or an order-workflow review is the starting point.",False,,,False,False,,,True,complete,4,,full,False
kkc,Kindel Karges Furniture,2026-09-01,iPad-only,9540.0,2016,50.0,"194 logins in 90 days, but only 19 of 80 reps (24%) have logged in this quarter — most of the team isn't engaged. Pace is holding steady at 0.9x baseline.",75.0,Using 3 of 4 applicable features — mostly adopted. Sales Data is configured but no import has run in 90 days — check whether the feed is broken or the integration was never fully set up.,50.0,Only 1 of 2 applicable channels are producing outcomes. No iPad orders submitted in 90 days — reps are not converting activity into orders. CS should identify the highest-impact gap and address it in the next touchpoint.,67.3,Catalog 100% complete (contract pricing — price check skipped); all 3 import feeds healthy; data freshness critical — the Images feed last ran 131d ago against a ~1d expected cadence.,60.6,Healthy,"The platform is producing some outcomes for Kindel Karges Furniture (value delivery 50), but rep engagement is thin (engagement 50) — a small slice of the team is doing most of the work. Re-engaging the broader team is the most important next step: identify which reps have gone quiet and whether coverage or enablement gaps are driving it.",False,,,False,False,,,False,complete,4,,full,False
kl,Coleto Brands | Kichler,2026-09-01,iPad-only,9360.0,2022,70.0,"517 logins in 90 days, but only 48 of 117 reps (41%) have logged in this quarter — most of the team isn't engaged. Pace is holding steady at 0.8x baseline.",100.0,Using every configured feature — nothing unused.,100.0,All configured channels are producing outcomes.,66.7,Catalog 98% complete; all 3 import feeds healthy; data freshness critical — the Images feed last ran 69d ago against a ~1d expected cadence.,84.2,Thriving,Coleto Brands | Kichler is in Thriving territory (84) with a mixed profile — adoption (100) is the strongest area and operational health (67) is the drag. Address the data infrastructure when the next review cycle allows — the rest of the picture is strong enough to support it.,False,,,False,False,,,True,complete,4,,full,False
kll,Kuzco Lighting Inc.,2026-09-01,Full,26780.04,2022,81.0,"1,625 logins in 90 days — solid activity for this team size, with 61 of 92 reps logging in regularly and pace holding steady at 0.8x baseline. No engagement concern here. Rep headcount estimated from annual login history (portal accounts excluded from denominator).",87.5,Using 7 of 8 applicable features — mostly adopted. Sales Data is configured but no import has run in 90 days — check whether the feed is broken or the integration was never fully set up.,83.3,"5 of 6 configured channels producing outcomes. Gap: IPad order volume close but short — 8 orders in 90 days (threshold is 10, roughly one per week).",97.7,Catalog 97% complete; all 6 import feeds healthy; data feeds mostly on cadence — Images is 68d overdue against a ~1d expected cadence and needs attention.,87.4,Thriving,"Kuzco Lighting Inc. is performing well overall (87) — engagement (81) is the relative drag, but every dimension is in acceptable shape. Monitor at standard cadence.",False,,,False,False,,,True,complete,4,,full,False
krb,Kaleen Rugs & Broadloom,2026-09-01,iPad-only,8700.0,2024,46.7,Only 21 logins in 90 days from just 2 of 34 reps (6%) — most of the team is not using the app this quarter. Prioritize an engagement call to identify adoption barriers.,50.0,Using 2 of 4 applicable features — real breadth gaps here. Reps aren't using sharing or quoting in the field — zero email drafts in 90 days; Sales Data is configured but no import has run in 90 days — check whether the feed is broken or the integration was never fully set up. CS should investigate the feed configuration and schedule a rep coaching session.,0.0,Only 0 of 2 applicable channels are producing outcomes. No iPad orders submitted in 90 days — reps are not converting activity into orders; sharing/quoting near zero (0 events in 90d). CS should identify the highest-impact gap and address it in the next touchpoint.,17.8,"Ops concern — catalog is empty — no products have complete data; 1 of 3 import feeds healthy; Customers (62d ago), Products (62d ago) last ran with errors; data freshness critical — the Images feed last ran 130d ago against a ~1d expected cadence — escalate to ops.",28.6,At Risk,"Kaleen Rugs & Broadloom's rep activity (47 engagement) and platform outcomes (0 value delivery) are both too low to support a healthy relationship. Re-establishing contact to understand why reps have gone quiet is the first step — determine whether this is a coverage gap, a product fit issue, or something else.",False,,,True,False,,,True,complete,4,,full,False
libco,Lib and Co.,2026-09-01,iPad+Catalog+Portal,18192.0,2026,80.0,"534 logins in 90 days — solid activity for this team size, with 40 of 55 reps logging in regularly and pace accelerating at 1.8x baseline. No engagement concern here.",100.0,Using every configured feature — nothing unused.,80.0,"4 of 5 configured channels producing outcomes. Gap: IPad order volume close but short — 7 orders in 90 days (threshold is 10, roughly one per week).",91.0,Catalog 100% complete; all 8 import feeds healthy; data freshness critical — the Images feed last ran 49d ago against a ~4d expected cadence.,87.8,Thriving,"Lib and Co. is performing well overall (88) — value delivery (80) is the relative drag, but every dimension is in acceptable shape. Monitor at standard cadence.",False,,,False,False,,,True,complete,4,,full,False
lpf,Linon/Powell Furniture,2026-09-01,Full,26079.96,2019,81.0,"2,612 logins in 90 days — solid activity for this team size, with 41 of 61 reps logging in regularly and pace holding steady at 0.9x baseline. No engagement concern here. Rep headcount estimated from annual login history (portal accounts excluded from denominator).",87.5,Using 7 of 8 applicable features — mostly adopted. Sales Data is configured but no import has run in 90 days — check whether the feed is broken or the integration was never fully set up.,100.0,All configured channels are producing outcomes.,67.4,"Catalog 99% complete (contract pricing — price check skipped); 6 of 8 import feeds healthy; Product Stories, Products last ran with errors; data freshness critical — the Multifile Import feed last ran 140d ago against a ~1d expected cadence.",84.0,Thriving,Linon/Powell Furniture is in Thriving territory (84) with a mixed profile — value delivery (100) is the strongest area and operational health (67) is the drag. Address the data infrastructure when the next review cycle allows — the rest of the picture is strong enough to support it.,False,,,False,False,,,True,complete,4,,full,False
lss,Lifestyle Solutions,2026-09-01,iPad-only,8700.0,2023,55.0,"261 logins in 90 days, but only 9 of 19 reps (47%) have logged in this quarter — most of the team isn't engaged. Pace is cooling off — worth monitoring at 0.7x baseline.",80.0,Using 4 of 5 applicable features — mostly adopted. Sales Data is configured but no import has run in 90 days — check whether the feed is broken or the integration was never fully set up.,100.0,All configured channels are producing outcomes.,98.3,Catalog 95% complete; all 5 import feeds healthy; data feeds mostly on cadence — Customers is 136d overdue against a ~5d expected cadence and needs attention.,83.3,Thriving,Lifestyle Solutions is in Thriving territory (83) with a mixed profile — value delivery (100) is the strongest area and engagement (55) is the drag. Monitor closely — an engagement dip in an otherwise Thriving account is an early warning worth tracking.,False,,,False,False,,,True,complete,4,,full,False
luc,Lucas McKearn,2026-09-01,iPad-only,7830.0,2025,65.0,"110 logins in 90 days is on the lower side for 18 enabled reps — 13 of 18 (72%) are active, but session depth is limited. Pace is holding steady at 0.9x baseline.",75.0,Using 3 of 4 applicable features — mostly adopted. Sales Data is configured but no import has run in 90 days — check whether the feed is broken or the integration was never fully set up.,50.0,Only 1 of 2 applicable channels are producing outcomes. No iPad orders submitted in 90 days — reps are not converting activity into orders. CS should identify the highest-impact gap and address it in the next touchpoint.,66.7,Catalog 100% complete (contract pricing — price check skipped); all 2 import feeds healthy; data freshness critical — the Images feed last ran 90d ago against a ~1d expected cadence.,64.2,Healthy,Lucas McKearn is in Healthy territory (64) with a mixed profile — adoption (75) is the strongest area and value delivery (50) is the drag. Focus the next conversation on converting activity into outcomes; portal activation or an order-workflow review is the starting point.,False,,,False,False,,,True,complete,4,,full,False
mah,Moda at Home Enterprises Ltd,2026-09-01,iPad+Catalog+Cart,16642.44,2019,60.0,"298 logins in 90 days, but only 14 of 372 reps (4%) have logged in this quarter — most of the team isn't engaged. Pace is accelerating at 1.8x baseline.",71.4,Using 5 of 7 applicable features — real breadth gaps here. eCat Online Catalog is enabled but no portal traffic in 90 days; Online Ordering (B2B Cart) is enabled but no portal orders in 90 days. CS should schedule a rep coaching session to build these habits.,60.0,3 of 5 configured channels producing outcomes. Gap: Online catalog is enabled but no portal traffic in 90d; B2B Cart is configured but no portal orders in 90d.,68.9,"Catalog 68% complete (contract pricing — price check skipped) — healthy but with room to improve; 4 of 7 import feeds healthy; Inventory, Products, Sales Data last ran with errors; data feeds mostly on cadence — Images is 17d overdue against a ~1d expected cadence and needs attention.",65.1,Healthy,Moda at Home Enterprises Ltd is in Healthy territory (65) with a mixed profile — adoption (71) is the strongest area and value delivery (60) is the drag. Focus the next conversation on converting activity into outcomes; portal activation or an order-workflow review is the starting point.,False,,,False,False,,,True,complete,4,,full,False
mali,Magic Lite | NSL,2026-09-01,iPad+Catalog+Cart,22590.0,2025,30.0,Only 88 logins in 90 days from just 4 of 20 reps (20%) — most of the team is not using the app this quarter. Prioritize an engagement call to identify adoption barriers.,28.6,Using 2 of 7 applicable features — real breadth gaps here. Smart Stacks haven't been used — a CS demo of the feature could unlock this; Reps aren't using sharing or quoting in the field — zero email drafts in 90 days; eCat Online Catalog is enabled but no portal traffic in 90 days; Online Ordering (B2B Cart) is enabled but no portal orders in 90 days; Sales Data is configured but no import has run in 90 days — check whether the feed is broken or the integration was never fully set up. CS should investigate the feed configuration and schedule a rep coaching session.,20.0,Only inventory is flowing — iPad order volume (0 orders) and sharing activity (0 events) are both near zero. Reps appear to be logging in but not converting activity into outcomes. CS should investigate whether reps are actively using the iPad in the field or just checking catalogs.,57.4,Ops concern — catalog 90% complete — healthy but with room to improve; all 9 import feeds healthy; data freshness critical — the Option Groups feed last ran 166d ago against a ~1d expected cadence — escalate to ops.,34.0,At Risk,"Magic Lite | NSL's rep activity (30 engagement) and platform outcomes (20 value delivery) are both too low to support a healthy relationship. Re-establishing contact to understand why reps have gone quiet is the first step — determine whether this is a coverage gap, a product fit issue, or something else.",False,,,True,False,,,True,complete,4,,full,False
mfc,Morgan Fabrics Corporation,2026-09-01,iPad+Catalog,13440.0,2012,50.0,"132 logins in 90 days, but only 7 of 587 reps (1%) have logged in this quarter — most of the team isn't engaged. Pace is holding steady at 1.3x baseline.",60.0,Using 3 of 5 applicable features — real breadth gaps here. eCat Online Catalog is enabled but no portal traffic in 90 days; Sales Data is configured but no import has run in 90 days — check whether the feed is broken or the integration was never fully set up. CS should investigate the feed configuration and schedule a rep coaching session.,33.3,Only 1 of 3 applicable channels are producing outcomes. No iPad orders submitted in 90 days — reps are not converting activity into orders; online catalog is enabled but no portal traffic in 90d. CS should identify the highest-impact gap and address it in the next touchpoint.,73.3,Catalog completeness at 27% is a blocker for field use — reps are working with incomplete product data; flag for a catalog audit; all 2 import feeds healthy; data feeds running on cadence.,40.0,Watch,"Morgan Fabrics Corporation's rep activity (50 engagement) and platform outcomes (33 value delivery) are both too low to support a healthy relationship. Re-establishing contact to understand why reps have gone quiet is the first step — determine whether this is a coverage gap, a product fit issue, or something else.",False,,,True,False,,,True,complete,4,,full,False
mh,Magnussen Home,2026-09-01,iPad-only,17420.04,2023,75.0,"3,171 logins in 90 days — solid activity for this team size, with 63 of 90 reps logging in regularly and pace cooling off — worth monitoring at 0.7x baseline. No engagement concern here.",100.0,Using every configured feature — nothing unused.,100.0,All configured channels are producing outcomes.,72.5,"Catalog 97% complete (contract pricing — price check skipped); 4 of 7 import feeds healthy; Products, Sales Data, Taxonomies (141d ago) last ran with errors; data freshness critical — the Images feed last ran 11d ago against a ~1d expected cadence.",86.9,Thriving,"Magnussen Home is performing well overall (87) — operational health (72) is the relative drag, but every dimension is in acceptable shape. Monitor at standard cadence.",False,,,False,False,,,True,complete,4,,full,False
ml,Millennium Lighting,2026-09-01,iPad+Catalog,17979.96,2020,74.3,"1,577 logins in 90 days, but only 63 of 130 reps (48%) have logged in this quarter — most of the team isn't engaged. Pace is holding steady at 0.9x baseline.",66.7,Using 4 of 6 applicable features — real breadth gaps here. eCat Online Catalog is enabled but no portal traffic in 90 days; Sales Data is configured but no import has run in 90 days — check whether the feed is broken or the integration was never fully set up. CS should investigate the feed configuration and schedule a rep coaching session.,50.0,"Only 2 of 4 applicable channels are producing outcomes. IPad order volume close but short — 5 orders in 90 days (threshold is 10, roughly one per week); online catalog is enabled but no portal traffic in 90d. CS should identify the highest-impact gap and address it in the next touchpoint.",93.2,Catalog 97% complete; all 3 import feeds healthy; data freshness critical — the Images feed last ran 27d ago against a ~5d expected cadence.,71.0,Healthy,Millennium Lighting is in Healthy territory (71) with a mixed profile — operational health (93) is the strongest area and value delivery (50) is the drag. Focus the next conversation on converting activity into outcomes; portal activation or an order-workflow review is the starting point.,False,,,False,False,,,True,complete,4,,full,False
mlc,Matteo Lighting,2026-09-01,iPad-only,12675.0,2023,88.3,"597 logins in 90 days — solid activity for this team size, with 35 of 37 reps logging in regularly and pace holding steady at 1.1x baseline. No engagement concern here.",80.0,Using 4 of 5 applicable features — mostly adopted. Sales Data is configured but no import has run in 90 days — check whether the feed is broken or the integration was never fully set up.,100.0,All configured channels are producing outcomes.,69.8,Catalog 100% complete (contract pricing — price check skipped); all 3 import feeds healthy; data freshness critical — the Inventory feed last ran 70d ago against a ~6d expected cadence.,84.5,Thriving,Matteo Lighting is in Thriving territory (84) with a mixed profile — value delivery (100) is the strongest area and operational health (70) is the drag. Address the data infrastructure when the next review cycle allows — the rest of the picture is strong enough to support it.,False,,,False,False,,,False,complete,4,,full,False
mlg,Minka Lighting Group,2026-09-01,iPad-only,16687.56,2025,86.7,"2,585 logins in 90 days — solid activity for this team size, with 82 of 103 reps logging in regularly and pace holding steady at 0.9x baseline. No engagement concern here.",100.0,Using every configured feature — nothing unused.,100.0,All configured channels are producing outcomes.,78.1,"Catalog 98% complete (contract pricing — price check skipped); 3 of 5 import feeds healthy; Inventory, Sales Data last ran with errors; data freshness critical — the Images feed last ran 47d ago against a ~2d expected cadence.",91.2,Thriving,"Minka Lighting Group is performing well overall (91) — operational health (78) is the relative drag, but every dimension is in acceptable shape. Monitor at standard cadence.",False,,,False,False,,,True,complete,4,,full,False
mli,Maxim Lighting ,2026-09-01,iPad-only,19236.6,2019,90.7,"4,645 logins in 90 days — solid activity for this team size, with 72 of 82 reps logging in regularly and pace holding steady at 0.8x baseline. No engagement concern here.",100.0,Using every configured feature — nothing unused.,100.0,All configured channels are producing outcomes.,78.4,Catalog 67% complete (contract pricing — price check skipped) — healthy but with room to improve; 5 of 6 import feeds healthy; Products last ran with errors; data feeds mostly on cadence — Images is 66d overdue against a ~1d expected cadence and needs attention.,92.3,Thriving,"Maxim Lighting  is performing well overall (92) — operational health (78) is the relative drag, but every dimension is in acceptable shape. Monitor at standard cadence.",False,,,False,False,,,True,complete,4,,full,False
mpc,Pioneer Morton,2026-09-01,iPad+Catalog+Cart,15282.0,2015,66.0,"1,788 logins in 90 days, but only 14 of 252 reps (6%) have logged in this quarter — most of the team isn't engaged. Pace is holding steady at 0.9x baseline.",60.0,Using 3 of 5 applicable features — real breadth gaps here. eCat Online Catalog is enabled but no portal traffic in 90 days; Online Ordering (B2B Cart) is enabled but no portal orders in 90 days. CS should schedule a rep coaching session to build these habits.,50.0,Only 2 of 4 applicable channels are producing outcomes. Online catalog is enabled but no portal traffic in 90d; B2B Cart is configured but no portal orders in 90d. CS should identify the highest-impact gap and address it in the next touchpoint.,98.1,Catalog 99% complete (contract pricing — price check skipped); all 4 import feeds healthy; data feeds mostly on cadence — Contract Prices is 56d overdue against a ~7d expected cadence and needs attention.,68.5,Healthy,Pioneer Morton is in Healthy territory (68) with a mixed profile — operational health (98) is the strongest area and value delivery (50) is the drag. Focus the next conversation on converting activity into outcomes; portal activation or an order-workflow review is the starting point.,False,,,False,False,,,True,complete,4,,full,False
ol,Oly Studio,2026-09-01,iPad-only,13380.0,2025,55.0,"22 logins in 90 days is on the lower side for 13 enabled reps — 4 of 13 (31%) are active, but session depth is limited. Pace is accelerating at 1.7x baseline.",50.0,Using 2 of 4 applicable features — real breadth gaps here. Reps aren't using sharing or quoting in the field — zero email drafts in 90 days; Sales Data is configured but no import has run in 90 days — check whether the feed is broken or the integration was never fully set up. CS should investigate the feed configuration and schedule a rep coaching session.,0.0,Only 0 of 2 applicable channels are producing outcomes. No iPad orders submitted in 90 days — reps are not converting activity into orders; sharing/quoting near zero (0 events in 90d). CS should identify the highest-impact gap and address it in the next touchpoint.,100.0,"Catalog 100% complete; no import feed has run in the trailing 180 days — import health and data freshness are unmeasured, so this score reflects catalog completeness only.",51.2,Watch,"The platform isn't generating any measurable business outcomes for Oly Studio — no channel (orders, quotes, portal activity, or data flow) is currently producing results. Focus the next conversation on which channel was expected to convert activity into orders, and what is blocking it.",False,,,False,False,,,True,complete,4,,catalog_only,False
pebl,Skyard Furniture Co Ltd.,2026-09-01,iPad-only,8700.0,2025,88.3,"605 logins in 90 days — solid activity for this team size, with 23 of 15 reps logging in regularly and pace holding steady at 0.9x baseline. No engagement concern here.",100.0,Using every configured feature — nothing unused.,100.0,All configured channels are producing outcomes.,66.7,Catalog 97% complete; all 6 import feeds healthy; data freshness critical — the Option Images feed last ran 64d ago against a ~1d expected cadence.,88.8,Thriving,Skyard Furniture Co Ltd. is in Thriving territory (89) with a mixed profile — adoption (100) is the strongest area and operational health (67) is the drag. Address the data infrastructure when the next review cycle allows — the rest of the picture is strong enough to support it.,False,,,False,False,,,True,complete,4,stale,full,False
pf,Palecek ,2026-09-01,iPad+Catalog,39009.96,2012,85.0,"5,636 logins in 90 days — solid activity for this team size, with 109 of 180 reps logging in regularly and pace holding steady at 0.9x baseline. No engagement concern here.",100.0,Using every configured feature — nothing unused.,100.0,All configured channels are producing outcomes.,94.5,Catalog 99% complete; all 9 import feeds healthy; data feeds running on cadence.,94.9,Thriving,Palecek  is performing well across the board — every dimension is at 85 or higher and the overall score of 95 reflects consistent strength rather than one area carrying the others. No action needed; monitor at standard cadence.,False,,,False,False,,,True,complete,4,,full,False
pol,PageOne Lighting,2026-09-01,iPad-only,8700.0,2025,0.0,Zero logins in 90 days. No active usage this quarter — treat as a ghost-account candidate if ARR ≥ $5K.,33.3,Using 1 of 3 applicable features — real breadth gaps here. iPad is configured but not being used; Reps aren't using sharing or quoting in the field — zero email drafts in 90 days. CS should schedule a rep coaching session to build these habits.,0.0,Only 0 of 2 applicable channels are producing outcomes. No iPad orders submitted in 90 days — reps are not converting activity into orders; sharing/quoting near zero (0 events in 90d). CS should identify the highest-impact gap and address it in the next touchpoint.,100.0,"Catalog 100% complete; no import feed has run in the trailing 180 days — import health and data freshness are unmeasured, so this score reflects catalog completeness only.",20.0,Critical,"No one at PageOne Lighting has logged into the platform in over a year despite $8,700 in annual contract value. This is an urgent churn risk that needs an immediate conversation with the client.",True,"ARR $8,700, zero logins in 90d, dark 411d",dark_12m_plus,True,False,,,True,complete,4,,catalog_only,False
prog,Coleto Brands | Progress Lighting,2026-09-01,iPad-only,25200.0,2025,65.0,"349 logins in 90 days, but only 40 of 112 reps (36%) have logged in this quarter — most of the team isn't engaged. Pace is holding steady at 0.9x baseline.",33.3,Using 1 of 3 applicable features — real breadth gaps here. Smart Stacks haven't been used — a CS demo of the feature could unlock this; Reps aren't using sharing or quoting in the field — zero email drafts in 90 days. CS should schedule a rep coaching session to build these habits.,50.0,Only 1 of 2 applicable channels are producing outcomes. Sharing/quoting near zero (0 events in 90d). CS should identify the highest-impact gap and address it in the next touchpoint.,70.0,Catalog 100% complete; all 3 import feeds healthy; data freshness critical — the Images feed last ran 69d ago against a ~1d expected cadence.,54.6,Watch,"Coleto Brands | Progress Lighting's reps are logging in at a limited rate (engagement 65), but they are using only a portion of the platform — adoption (33) and value delivery (50) reflect a feature-coverage gap, not an activity problem. Run a targeted coaching session on the highest-ROI unused features to convert this activity into stronger outcomes.",False,,,False,False,,,False,complete,4,,full,False
pw,Philip Whitney,2026-09-01,iPad-only,4500.0,2012,61.7,"172 logins in 90 days is on the lower side for 43 enabled reps — 17 of 43 (40%) are active, but session depth is limited. Pace is accelerating at 1.6x baseline.",75.0,Using 3 of 4 applicable features — mostly adopted. Reps aren't using sharing or quoting in the field — zero email drafts in 90 days.,33.3,Only inventory is flowing — iPad order volume (0 orders) and sharing activity (0 events) are both near zero. Reps appear to be logging in but not converting activity into outcomes. CS should investigate whether reps are actively using the iPad in the field or just checking catalogs.,86.7,Catalog 81% complete — healthy but with room to improve; all 2 import feeds healthy; data feeds running on cadence.,64.2,Healthy,Philip Whitney is in Healthy territory (64) with a mixed profile — operational health (87) is the strongest area and value delivery (33) is the drag. Focus the next conversation on converting activity into outcomes; portal activation or an order-workflow review is the starting point.,False,,,False,False,,,False,complete,4,,full,False
rac,Ricci Argentieri Company,2026-09-01,iPad-only,4539.96,2011,76.7,"622 logins in 90 days — solid activity for this team size, with 26 of 45 reps logging in regularly and pace holding steady at 1.0x baseline. No engagement concern here.",100.0,Using every configured feature — nothing unused.,100.0,All configured channels are producing outcomes.,98.9,Catalog 92% complete; all 3 import feeds healthy; data feeds mostly on cadence — Images is 34d overdue against a ~5d expected cadence and needs attention.,93.9,Thriving,"Ricci Argentieri Company is performing well overall (94) — engagement (77) is the relative drag, but every dimension is in acceptable shape. Monitor at standard cadence.",False,,,False,False,,,False,complete,4,,full,False
rf,Rowe Furniture,2026-09-01,iPad-only,9300.0,2021,81.0,"1,169 logins in 90 days — solid activity for this team size, with 28 of 49 reps logging in regularly and pace holding steady at 0.9x baseline. No engagement concern here.",75.0,Using 3 of 4 applicable features — mostly adopted. Sales Data is configured but no import has run in 90 days — check whether the feed is broken or the integration was never fully set up.,100.0,All configured channels are producing outcomes.,67.0,"Catalog 80% complete — healthy but with room to improve; 2 of 4 import feeds healthy; Customers (130d ago), Kit Items last ran with errors; data feeds mostly on cadence — Customers is 130d overdue against a ~6d expected cadence and needs attention.",80.8,Thriving,Rowe Furniture is in Thriving territory (81) with a mixed profile — value delivery (100) is the strongest area and operational health (67) is the drag. Address the data infrastructure when the next review cycle allows — the rest of the picture is strong enough to support it.,False,,,False,False,,,True,complete,4,,full,False
ril,Ratana International Ltd.,2026-09-01,Full,27025.92,2024,66.0,"1,173 logins in 90 days, but only 42 of 329 reps (13%) have logged in this quarter — most of the team isn't engaged. Pace is holding steady at 1.1x baseline.",87.5,Using 7 of 8 applicable features — mostly adopted. Sales Portal is enabled but reps haven't opened it in 90 days — consider a rep training touchpoint.,100.0,All configured channels are producing outcomes.,69.3,Catalog 99% complete; 8 of 9 import feeds healthy; Products last ran with errors; data freshness critical — the Images feed last ran 41d ago against a ~1d expected cadence.,80.7,Thriving,Ratana International Ltd. is in Thriving territory (81) with a mixed profile — value delivery (100) is the strongest area and engagement (66) is the drag. Monitor closely — an engagement dip in an otherwise Thriving account is an early warning worth tracking.,False,,,False,False,,,True,complete,4,,full,False
rw,RENWIL,2026-09-01,iPad+Catalog+Portal,25374.0,2024,86.7,"2,591 logins in 90 days — solid activity for this team size, with 78 of 98 reps logging in regularly and pace holding steady at 1.2x baseline. No engagement concern here.",71.4,Using 5 of 7 applicable features — real breadth gaps here. eCat Online Catalog is enabled but no portal traffic in 90 days; Sales Data is configured but no import has run in 90 days — check whether the feed is broken or the integration was never fully set up. CS should investigate the feed configuration and schedule a rep coaching session.,60.0,3 of 5 configured channels producing outcomes. Gap: Online catalog is enabled but no portal traffic in 90d; Sales Portal is configured but no portal orders in 90d.,93.1,Catalog 100% complete; 5 of 6 import feeds healthy; Customers last ran with errors; data feeds mostly on cadence — Images is 41d overdue against a ~10d expected cadence and needs attention.,77.8,Healthy,RENWIL is in Healthy territory (78) with a mixed profile — operational health (93) is the strongest area and value delivery (60) is the drag. Focus the next conversation on converting activity into outcomes; portal activation or an order-workflow review is the starting point.,False,,,False,False,,,True,complete,4,,full,False
sarreid,"Sarreid, Ltd.",2026-09-01,iPad+Catalog+Portal,27968.04,2014,78.3,"4,784 logins in 90 days — solid activity for this team size, with 51 of 105 reps logging in regularly and pace holding steady at 1.0x baseline. No engagement concern here.",100.0,Using every configured feature — nothing unused.,100.0,All configured channels are producing outcomes.,98.3,Catalog 93% complete; all 10 import feeds healthy; data feeds running on cadence.,94.2,Thriving,"Sarreid, Ltd. is performing well overall (94) — engagement (78) is the relative drag, but every dimension is in acceptable shape. Monitor at standard cadence.",False,,,False,False,,,True,complete,4,,full,False
sbl,Schonbek Lighting,2026-09-01,iPad-only,17624.52,2023,81.0,"1,015 logins in 90 days — solid activity for this team size, with 82 of 132 reps logging in regularly and pace holding steady at 0.8x baseline. No engagement concern here.",100.0,Using every configured feature — nothing unused.,100.0,All configured channels are producing outcomes.,69.3,"Catalog 100% complete (contract pricing — price check skipped); 1 of 5 import feeds healthy; Customers, Inventory, Products, Sales Data (74d ago) last ran with errors; data feeds mostly on cadence — Images is 62d overdue against a ~9d expected cadence and needs attention.",87.6,Thriving,Schonbek Lighting is in Thriving territory (88) with a mixed profile — adoption (100) is the strongest area and operational health (69) is the drag. Address the data infrastructure when the next review cycle allows — the rest of the picture is strong enough to support it.,False,,,False,False,,,True,complete,4,,full,False
sbmh,Somerset Bay and Modern History,2026-09-01,Full,26079.96,2011,86.7,"2,072 logins in 90 days — solid activity for this team size, with 29 of 33 reps logging in regularly and pace holding steady at 1.0x baseline. No engagement concern here. Rep headcount estimated from annual login history (portal accounts excluded from denominator).",100.0,Using every configured feature — nothing unused.,100.0,All configured channels are producing outcomes.,78.5,Catalog 100% complete; 5 of 6 import feeds healthy; Inventory last ran with errors; data freshness declining — the Inventory feed last ran 3d ago against a ~1d expected cadence.,91.3,Thriving,"Somerset Bay and Modern History is performing well overall (91) — operational health (78) is the relative drag, but every dimension is in acceptable shape. Monitor at standard cadence.",False,,,False,False,,,True,complete,4,,full,False
sc,Gabriella White,2026-09-01,iPad+Catalog+Portal,24936.0,2013,90.7,"11,560 logins in 90 days — solid activity for this team size, with 124 of 145 reps logging in regularly and pace holding steady at 0.9x baseline. No engagement concern here.",100.0,Using every configured feature — nothing unused.,100.0,All configured channels are producing outcomes.,70.9,Catalog completeness at 59% (contract pricing — price check skipped) is a blocker for field use — reps are working with incomplete product data; flag for a catalog audit; all 11 import feeds healthy; data feeds mostly on cadence — Kit Items is 135d overdue against a ~18d expected cadence and needs attention.,90.4,Thriving,"Gabriella White is performing well overall (90) — operational health (71) is the relative drag, but every dimension is in acceptable shape. Monitor at standard cadence.",False,,,False,False,,,True,complete,4,,full,False
sca,Shadow Catchers,2026-09-01,iPad-only,8700.0,2015,61.7,"305 logins in 90 days is on the lower side for 33 enabled reps — 20 of 33 (61%) are active, but session depth is limited. Pace is cooling off — worth monitoring at 0.7x baseline.",75.0,Using 3 of 4 applicable features — mostly adopted. Sales Data is configured but no import has run in 90 days — check whether the feed is broken or the integration was never fully set up.,100.0,All configured channels are producing outcomes.,44.4,"Ops concern — catalog 99% complete; 1 of 3 import feeds healthy; Product Stories (77d ago), Products (77d ago) last ran with errors; data freshness critical — the Images feed last ran 77d ago against a ~2d expected cadence — escalate to ops.",70.3,Healthy,Shadow Catchers looks strong on the surface — engagement (62) and value delivery (100) are both healthy — but the data infrastructure (ops 44) has real problems that will eventually surface as a rep experience issue. An infrastructure review (catalog completeness and import health) is the right next step before this becomes rep-facing.,False,,,False,False,,,True,complete,4,,full,False
sccon,Summer Classics Contract,2026-09-01,Full,21819.96,2014,81.0,"2,093 logins in 90 days — solid activity for this team size, with 32 of 43 reps logging in regularly and pace holding steady at 0.9x baseline. No engagement concern here. Rep headcount estimated from annual login history (portal accounts excluded from denominator).",100.0,Using every configured feature — nothing unused.,100.0,All configured channels are producing outcomes.,82.8,Catalog 71% complete (contract pricing — price check skipped) — healthy but with room to improve; all 14 import feeds healthy; data feeds mostly on cadence — Taxonomies is 7d overdue against a ~1d expected cadence and needs attention.,91.0,Thriving,Summer Classics Contract is performing well across the board — every dimension is at 81 or higher and the overall score of 91 reflects consistent strength rather than one area carrying the others. No action needed; monitor at standard cadence.,False,,,False,False,,,True,complete,4,,full,False
scw,Summer Classics,2026-09-01,Full,38779.44,2014,85.0,"6,832 logins in 90 days — solid activity for this team size, with 54 of 81 reps logging in regularly and pace holding steady at 1.0x baseline. No engagement concern here. Rep headcount estimated from annual login history (portal accounts excluded from denominator).",100.0,Using every configured feature — nothing unused.,100.0,All configured channels are producing outcomes.,84.7,Catalog 70% complete (contract pricing — price check skipped) — healthy but with room to improve; all 15 import feeds healthy; data feeds mostly on cadence — Taxonomies is 7d overdue against a ~1d expected cadence and needs attention.,92.4,Thriving,Summer Classics is performing well across the board — every dimension is at 85 or higher and the overall score of 92 reflects consistent strength rather than one area carrying the others. No action needed; monitor at standard cadence.,False,,,False,False,,,True,complete,4,,full,False
shl,Savoy House Lighting,2026-09-01,Full,25700.04,2012,86.7,"2,867 logins in 90 days — solid activity for this team size, with 55 of 66 reps logging in regularly and pace holding steady at 1.1x baseline. No engagement concern here. Rep headcount estimated from annual login history (portal accounts excluded from denominator).",100.0,Using every configured feature — nothing unused.,100.0,All configured channels are producing outcomes.,84.1,"Catalog 99% complete (contract pricing — price check skipped); 6 of 10 import feeds healthy; Contract Prices, Customers, Inventory, Portal Invoices (132d ago) last ran with errors; data feeds mostly on cadence — Portal Invoices is 132d overdue against a ~1d expected cadence and needs attention.",92.7,Thriving,Savoy House Lighting is performing well across the board — every dimension is at 84 or higher and the overall score of 93 reflects consistent strength rather than one area carrying the others. No action needed; monitor at standard cadence.,False,,,False,False,,,True,complete,4,,full,False
soi,Silver One,2026-09-01,iPad-only,8700.0,2024,83.3,"211 logins in 90 days — solid activity for this team size, with 4 of 4 reps logging in regularly and pace holding steady at 0.9x baseline. No engagement concern here.",50.0,Using 2 of 4 applicable features — real breadth gaps here. Smart Stacks haven't been used — a CS demo of the feature could unlock this; Sales Data is configured but no import has run in 90 days — check whether the feed is broken or the integration was never fully set up. CS should investigate the feed configuration and schedule a rep coaching session.,0.0,Only 0 of 2 applicable channels are producing outcomes. No iPad orders submitted in 90 days — reps are not converting activity into orders; sharing/quoting near zero (1 event in 90d). CS should identify the highest-impact gap and address it in the next touchpoint.,70.8,Catalog 96% complete (contract pricing — price check skipped); all 2 import feeds healthy; data freshness critical — the Images feed last ran 10d ago against a ~2d expected cadence.,51.0,Watch,"The platform isn't generating any measurable business outcomes for Silver One — no channel (orders, quotes, portal activity, or data flow) is currently producing results. Focus the next conversation on which channel was expected to convert activity into orders, and what is blocking it.",False,,,False,False,,,True,complete,4,,full,False
sp,"Sabine Pools, Spas, & Furnitur",2026-09-01,iPad-only,6960.0,2018,65.0,"246 logins in 90 days, but only 6 of 14 reps (43%) have logged in this quarter — most of the team isn't engaged. Pace is holding steady at 0.8x baseline.",33.3,Using 1 of 3 applicable features — real breadth gaps here. Smart Stacks haven't been used — a CS demo of the feature could unlock this; Reps aren't using sharing or quoting in the field — zero email drafts in 90 days. CS should schedule a rep coaching session to build these habits.,50.0,Only 1 of 2 applicable channels are producing outcomes. Sharing/quoting near zero (0 events in 90d). CS should identify the highest-impact gap and address it in the next touchpoint.,65.9,"Catalog 80% complete — healthy but with room to improve; 6 of 8 import feeds healthy; Kit Items, Products last ran with errors; data freshness critical — the Customers feed last ran 11d ago against a ~1d expected cadence.",53.6,Watch,"Sabine Pools, Spas, & Furnitur's reps are logging in at a limited rate (engagement 65), but they are using only a portion of the platform — adoption (33) and value delivery (50) reflect a feature-coverage gap, not an activity problem. Run a targeted coaching session on the highest-ROI unused features to convert this activity into stronger outcomes.",False,,,False,False,,,True,complete,4,,full,False
ssi,"Studio Silversmiths, Inc.",2026-09-01,iPad-only,4500.0,2011,58.3,"194 logins in 90 days is on the lower side for 44 enabled reps — 18 of 44 (41%) are active, but session depth is limited. Pace is holding steady at 1.4x baseline.",100.0,Using every configured feature — nothing unused.,66.7,2 of 3 configured channels producing outcomes. Gap: No iPad orders submitted in 90 days — reps are not converting activity into orders.,86.7,Catalog 88% complete — healthy but with room to improve; all 3 import feeds healthy; data feeds running on cadence.,77.9,Healthy,"Studio Silversmiths, Inc. is in Healthy territory (78) with a mixed profile — adoption (100) is the strongest area and engagement (58) is the drag. Monitor engagement closely; a continued downward trend would push this into Watch territory.",False,,,False,False,,,False,complete,4,,full,False
st,Sixtrees Limited,2026-09-01,iPad+Catalog,6960.0,2015,13.3,Only 2 logins in 90 days from just 1 of 22 reps (5%) — most of the team is not using the app this quarter. Prioritize an engagement call to identify adoption barriers.,40.0,Using 2 of 5 applicable features — real breadth gaps here. Reps aren't using sharing or quoting in the field — zero email drafts in 90 days; eCat Online Catalog is enabled but no portal traffic in 90 days; Sales Data is configured but no import has run in 90 days — check whether the feed is broken or the integration was never fully set up. CS should investigate the feed configuration and schedule a rep coaching session.,0.0,Only 0 of 3 applicable channels are producing outcomes. No iPad orders submitted in 90 days — reps are not converting activity into orders; sharing/quoting near zero (0 events in 90d). CS should identify the highest-impact gap and address it in the next touchpoint.,100.0,Catalog 98% complete; all 2 import feeds healthy; data feeds running on cadence.,38.3,At Risk,"Sixtrees Limited has essentially no active usage — 13 engagement and 0 value delivery mean the platform is running but not being used in any meaningful way. At $6,960 this is an urgent recovery situation.",False,,,True,False,,,True,complete,4,,full,False
swc,Sauder Woodworking,2026-09-01,iPad-only,8700.0,2013,58.3,"117 logins in 90 days is on the lower side for 24 enabled reps — 8 of 24 (33%) are active, but session depth is limited. Pace is holding steady at 1.1x baseline.",75.0,Using 3 of 4 applicable features — mostly adopted. Inventory Management feed has gone quiet — no imports in 90 days.,33.3,Only 1 of 3 applicable channels are producing outcomes. No iPad orders submitted in 90 days — reps are not converting activity into orders; inventory feed has gone silent — no imports in 90d. CS should identify the highest-impact gap and address it in the next touchpoint.,100.0,Catalog 100% complete; all 4 import feeds healthy; data feeds running on cadence.,66.7,Healthy,Sauder Woodworking is in Healthy territory (67) with a mixed profile — operational health (100) is the strongest area and value delivery (33) is the drag. Focus the next conversation on converting activity into outcomes; portal activation or an order-workflow review is the starting point.,False,,,False,False,,,True,complete,4,,full,False
ta,Theodore Alexander,2026-09-01,Full,24260.04,2016,70.0,"3,005 logins in 90 days, but only 33 of 490 reps (7%) have logged in this quarter — most of the team isn't engaged. Pace is holding steady at 1.1x baseline.",87.5,Using 7 of 8 applicable features — mostly adopted. Sales Data is configured but no import has run in 90 days — check whether the feed is broken or the integration was never fully set up.,100.0,All configured channels are producing outcomes.,91.7,Catalog 99% complete; all 7 import feeds healthy; data freshness critical — the Sales Data feed last ran 136d ago against a ~22d expected cadence.,87.3,Thriving,"Theodore Alexander is performing well overall (87) — engagement (70) is the relative drag, but every dimension is in acceptable shape. Monitor at standard cadence.",False,,,False,False,,,True,complete,4,,full,False
tam,Theodore Alexander Manhasset,2026-09-01,iPad-only,14060.04,2016,70.0,"845 logins in 90 days, but only 12 of 30 reps (40%) have logged in this quarter — most of the team isn't engaged. Pace is holding steady at 1.1x baseline.",60.0,Using 3 of 5 applicable features — real breadth gaps here. Smart Stacks haven't been used — a CS demo of the feature could unlock this; Sales Data is configured but no import has run in 90 days — check whether the feed is broken or the integration was never fully set up. CS should investigate the feed configuration and schedule a rep coaching session.,100.0,All configured channels are producing outcomes.,90.7,Catalog 99% complete; all 9 import feeds healthy; data freshness critical — the Riser Prices feed last ran 115d ago against a ~1d expected cadence.,80.2,Thriving,Theodore Alexander Manhasset is in Thriving territory (80) with a mixed profile — value delivery (100) is the strongest area and adoption (60) is the drag. A feature coaching session targeting the unused capabilities is the highest-leverage next step.,False,,,False,False,,,True,complete,4,,full,False
tcd,Terracotta Designs,2026-09-01,iPad-only,8700.0,2025,83.3,"434 logins in 90 days — solid activity for this team size, with 25 of 26 reps logging in regularly and pace holding steady at 1.2x baseline. No engagement concern here.",75.0,Using 3 of 4 applicable features — mostly adopted. Smart Stacks haven't been used — a CS demo of the feature could unlock this.,66.7,"2 of 3 configured channels producing outcomes. Gap: IPad order volume close but short — 7 orders in 90 days (threshold is 10, roughly one per week).",54.7,Ops concern — catalog 87% complete — healthy but with room to improve; all 5 import feeds healthy; data freshness critical — the Customers feed last ran 130d ago against a ~1d expected cadence — escalate to ops.,69.9,Healthy,Terracotta Designs is in Healthy territory (70) with a mixed profile — engagement (83) is the strongest area and operational health (55) is the drag. Addressing catalog and import health in the next review cycle is the cleanest path back toward Thriving.,False,,,False,False,,,False,complete,4,,full,False
tcs,The CopperSmith,2026-09-01,iPad-only,35040.0,2026,40.7,149 logins in 90 days but pace has sharp deceleration — usage has dropped significantly from baseline (0.0x baseline) — clear dropoff from historical baseline. Only 3 of 4 reps (75%) are still active. CS should find out what changed and re-engage the team.,33.3,Using 1 of 3 applicable features — real breadth gaps here. Smart Stacks haven't been used — a CS demo of the feature could unlock this; Reps aren't using sharing or quoting in the field — zero email drafts in 90 days. CS should schedule a rep coaching session to build these habits.,0.0,Only 0 of 2 applicable channels are producing outcomes. No iPad orders submitted in 90 days — reps are not converting activity into orders; sharing/quoting near zero (0 events in 90d). CS should identify the highest-impact gap and address it in the next touchpoint.,59.3,"Ops concern — catalog 99% complete; 7 of 9 import feeds healthy; Customers (66d ago), Images last ran with errors; data freshness critical — the Taxonomies feed last ran 80d ago against a ~1d expected cadence — escalate to ops.",33.3,At Risk,"The CopperSmith's rep activity (41 engagement) and platform outcomes (0 value delivery) are both too low to support a healthy relationship. Re-establishing contact to understand why reps have gone quiet is the first step — determine whether this is a coverage gap, a product fit issue, or something else.",False,,,True,False,,,True,complete,4,,full,False
tl,Troy Lighting,2026-09-01,iPad-only,4392.0,2021,50.0,"135 logins in 90 days, but only 28 of 163 reps (17%) have logged in this quarter — most of the team isn't engaged. Pace is holding steady at 0.9x baseline.",75.0,Using 3 of 4 applicable features — mostly adopted. Sales Data is configured but no import has run in 90 days — check whether the feed is broken or the integration was never fully set up.,50.0,Only 1 of 2 applicable channels are producing outcomes. No meaningful iPad order activity — only 1 order in 90 days (threshold is 10). CS should identify the highest-impact gap and address it in the next touchpoint.,60.0,Catalog completeness at 22% is a blocker for field use — reps are working with incomplete product data; flag for a catalog audit; all 1 import feed healthy.,58.8,Watch,"The platform is producing some outcomes for Troy Lighting (value delivery 50), but rep engagement is thin (engagement 50) — a small slice of the team is doing most of the work. Re-engaging the broader team is the most important next step: identify which reps have gone quiet and whether coverage or enablement gaps are driving it.",False,,,False,False,,,True,complete,4,,catalog_only,False
tla,Visual Comfort - Modern,2026-09-01,iPad-only,13567.44,2019,64.3,"1,357 logins in 90 days, but only 66 of 186 reps (35%) have logged in this quarter — most of the team isn't engaged. Pace is cooling off — worth monitoring at 0.6x baseline.",100.0,Using every configured feature — nothing unused.,66.7,2 of 3 configured channels producing outcomes. Gap: No meaningful iPad order activity — only 2 orders in 90 days (threshold is 10).,65.0,Catalog completeness at 31% is a blocker for field use — reps are working with incomplete product data; flag for a catalog audit; 3 of 4 import feeds healthy; Sales Data last ran with errors; data feeds running on cadence.,74.0,Healthy,Visual Comfort - Modern is in Healthy territory (74) with a mixed profile — adoption (100) is the strongest area and engagement (64) is the drag. Monitor engagement closely; a continued downward trend would push this into Watch territory.,False,,,False,False,,,True,complete,4,,full,False
ufi,Universal Furniture,2026-09-01,iPad+Catalog+Portal,25475.04,2011,85.0,"5,385 logins in 90 days — solid activity for this team size, with 67 of 93 reps logging in regularly and pace holding steady at 0.9x baseline. No engagement concern here.",100.0,Using every configured feature — nothing unused.,100.0,All configured channels are producing outcomes.,97.9,Catalog 100% complete; all 9 import feeds healthy; data feeds running on cadence.,95.7,Thriving,Universal Furniture is performing well across the board — every dimension is at 85 or higher and the overall score of 96 reflects consistent strength rather than one area carrying the others. No action needed; monitor at standard cadence.,False,,,False,False,,,True,complete,4,,full,False
uhc,Uniware Housewares Corp.,2026-09-01,iPad-only,8739.96,2021,92.7,"1,423 logins in 90 days — solid activity for this team size, with 17 of 18 reps logging in regularly and pace holding steady at 1.1x baseline. No engagement concern here.",80.0,Using 4 of 5 applicable features — mostly adopted. Sales Data is configured but no import has run in 90 days — check whether the feed is broken or the integration was never fully set up.,66.7,2 of 3 configured channels producing outcomes — reps are active but not using sharing/quoting in the field. A short demo of the share flow in the next QBR could move this.,99.7,Catalog 99% complete (contract pricing — price check skipped); all 3 import feeds healthy; data feeds mostly on cadence — Images is 12d overdue against a ~2d expected cadence and needs attention.,84.8,Thriving,Uniware Housewares Corp. is in Thriving territory (85) with a mixed profile — operational health (100) is the strongest area and value delivery (67) is the drag. Investigate why activity is not converting into outcomes — an order pipeline review or portal activation check is the starting point.,False,,,False,False,,,True,complete,4,,full,False
vce,Visual Comfort Europe,2026-09-01,iPad-only,7830.0,2022,61.7,"327 logins in 90 days is on the lower side for 23 enabled reps — 16 of 23 (70%) are active, but session depth is limited. Pace is cooling off — worth monitoring at 0.7x baseline.",100.0,Using every configured feature — nothing unused.,66.7,2 of 3 configured channels producing outcomes. Gap: No meaningful iPad order activity — only 3 orders in 90 days (threshold is 10).,72.4,Catalog completeness at 59% is a blocker for field use — reps are working with incomplete product data; flag for a catalog audit; all 6 import feeds healthy; data feeds mostly on cadence — Images is 64d overdue against a ~11d expected cadence and needs attention.,75.2,Healthy,Visual Comfort Europe is in Healthy territory (75) with a mixed profile — adoption (100) is the strongest area and engagement (62) is the drag. Monitor engagement closely; a continued downward trend would push this into Watch territory.,False,,,False,False,,,True,complete,4,,full,False
vcg,Visual Comfort Signature,2026-09-01,iPad-only,18455.4,2019,64.3,"2,121 logins in 90 days, but only 66 of 147 reps (45%) have logged in this quarter — most of the team isn't engaged. Pace is cooling off — worth monitoring at 0.6x baseline.",100.0,Using every configured feature — nothing unused.,66.7,"2 of 3 configured channels producing outcomes. Gap: IPad order volume close but short — 8 orders in 90 days (threshold is 10, roughly one per week).",72.9,"Catalog 95% complete; 1 of 5 import feeds healthy; Inventory, Product Stories (146d ago), Products, Sales Data last ran with errors; data feeds mostly on cadence — Product Stories is 147d overdue against a ~1d expected cadence and needs attention.",76.0,Healthy,Visual Comfort Signature is in Healthy territory (76) with a mixed profile — adoption (100) is the strongest area and engagement (64) is the drag. Monitor engagement closely; a continued downward trend would push this into Watch territory.,False,,,False,False,,,True,complete,4,,full,False
vic,Vaxcel International Corporation,2026-09-01,Full,21780.0,2022,56.7,"291 logins in 90 days, but only 20 of 338 reps (6%) have logged in this quarter — most of the team isn't engaged. Pace is holding steady at 0.9x baseline.",87.5,Using 7 of 8 applicable features — mostly adopted. Sales Data is configured but no import has run in 90 days — check whether the feed is broken or the integration was never fully set up.,83.3,5 of 6 configured channels producing outcomes. Gap: No iPad orders submitted in 90 days — reps are not converting activity into orders.,89.0,Catalog 96% complete; 6 of 7 import feeds healthy; Customers last ran with errors; data feeds running on cadence.,79.1,Healthy,Vaxcel International Corporation is in Healthy territory (79) with a mixed profile — operational health (89) is the strongest area and engagement (57) is the drag. Monitor engagement closely; a continued downward trend would push this into Watch territory.,False,,,False,False,,,True,complete,4,,full,False
vl,Ciana Varaluz LLC,2026-09-01,iPad+Catalog+Portal,11420.04,2019,81.0,"1,217 logins in 90 days — solid activity for this team size, with 64 of 99 reps logging in regularly and pace holding steady at 1.2x baseline. No engagement concern here.",100.0,Using every configured feature — nothing unused.,100.0,All configured channels are producing outcomes.,80.3,"Catalog 100% complete; 3 of 5 import feeds healthy; Inventory, Products last ran with errors; data feeds mostly on cadence — Images is 11d overdue against a ~2d expected cadence and needs attention.",90.3,Thriving,Ciana Varaluz LLC is performing well across the board — every dimension is at 80 or higher and the overall score of 90 reflects consistent strength rather than one area carrying the others. No action needed; monitor at standard cadence.,False,,,False,False,,,True,complete,4,,full,False
wac,WAC/Modern Forms Lighting,2026-09-01,iPad-only,22104.0,2023,81.0,"2,441 logins in 90 days — solid activity for this team size, with 99 of 160 reps logging in regularly and pace holding steady at 1.0x baseline. No engagement concern here.",100.0,Using every configured feature — nothing unused.,100.0,All configured channels are producing outcomes.,73.6,"Catalog 100% complete (contract pricing — price check skipped); 3 of 5 import feeds healthy; Inventory, Sales Data last ran with errors; data freshness critical — the Products feed last ran 69d ago against a ~7d expected cadence.",88.7,Thriving,"WAC/Modern Forms Lighting is performing well overall (89) — operational health (74) is the relative drag, but every dimension is in acceptable shape. Monitor at standard cadence.",False,,,False,False,,,True,complete,4,,full,False
wag,Wendover Art Group,2026-09-01,iPad-only,16087.56,2025,74.3,"1,937 logins in 90 days, but only 45 of 96 reps (47%) have logged in this quarter — most of the team isn't engaged. Pace is holding steady at 1.0x baseline.",100.0,Using every configured feature — nothing unused.,100.0,All configured channels are producing outcomes.,85.8,Catalog 97% complete; all 4 import feeds healthy; data freshness critical — the Images feed last ran 48d ago against a ~3d expected cadence.,90.0,Thriving,"Wendover Art Group is performing well overall (90) — engagement (74) is the relative drag, but every dimension is in acceptable shape. Monitor at standard cadence.",False,,,False,False,,,True,complete,4,,full,False
wwjc,Wildwood/Chelsea House,2026-09-01,Full,40340.04,2011,86.7,"2,762 logins in 90 days — solid activity for this team size, with 51 of 66 reps logging in regularly and pace holding steady at 0.9x baseline. No engagement concern here. Rep headcount estimated from annual login history (portal accounts excluded from denominator).",100.0,Using every configured feature — nothing unused.,100.0,All configured channels are producing outcomes.,97.3,Catalog 100% complete; all 9 import feeds healthy; data feeds running on cadence.,96.0,Thriving,Wildwood/Chelsea House is performing well across the board — every dimension is at 87 or higher and the overall score of 96 reflects consistent strength rather than one area carrying the others. No action needed; monitor at standard cadence.,False,,,False,False,,,True,complete,4,,full,False
yw,Yutzy Woodworking,2026-09-01,iPad-only,11385.0,2024,76.7,"616 logins in 90 days — solid activity for this team size, with 16 of 26 reps logging in regularly and pace holding steady at 0.9x baseline. No engagement concern here.",50.0,Using 2 of 4 applicable features — real breadth gaps here. Smart Stacks haven't been used — a CS demo of the feature could unlock this; Sales Data is configured but no import has run in 90 days — check whether the feed is broken or the integration was never fully set up. CS should investigate the feed configuration and schedule a rep coaching session.,100.0,All configured channels are producing outcomes.,42.9,"Ops concern — catalog 61% complete — healthy but with room to improve; 2 of 4 import feeds healthy; Customers, Kit Items (111d ago) last ran with errors; data freshness critical — the Products feed last ran 95d ago against a ~7d expected cadence — escalate to ops.",67.4,Healthy,"Yutzy Woodworking's reps are logging in consistently (engagement 77), but they are using only a portion of the platform — adoption (50) reflects a feature-coverage gap, not an activity problem. Run a targeted coaching session on the highest-ROI unused features to convert this activity into stronger outcomes.",False,,,False,False,,,True,complete,4,,full,False
