org_shortname,org_name,bundle,arr,cohort_year,composite_score,health_band,composite_narrative,engagement_score,engagement_narrative,adoption_score,adoption_narrative,value_delivery_score,value_delivery_narrative,operational_health_score,operational_health_narrative,support_fire_notes,support_fire_days_open,bundle_config_mismatch,run_date
bp,Buster & Punch ,iPad-only,15279.96,2024,60.2,Healthy,"Buster & Punch 's reps are logging in consistently (engagement 70), but they are using only a portion of the platform — adoption (57) and value delivery (40) reflect a feature-coverage gap, not an activity problem. Run a targeted coaching session on the highest-ROI unused features to convert this activity into stronger outcomes.",70.0,"719 logins in 90 days, but only 44 of 90 reps (49%) have logged in this quarter — most of the team isn't engaged. Pace is holding steady at 0.8x baseline.",57.1,Using 4 of 7 applicable features — real breadth gaps here. eCat Online Catalog is enabled but no portal traffic in 90 days; Online Ordering (B2B Cart) is enabled but no portal orders in 90 days; Sales Data is configured but no import has run in 90 days — check whether the feed is broken or the integration was never fully set up. CS should investigate the feed configuration and schedule a rep coaching session.,40.0,Only 2 of 5 applicable channels are producing outcomes. No meaningful iPad order activity — only 3 orders in 90 days (threshold is 10); online catalog is enabled but no portal traffic in 90d. CS should identify the highest-impact gap and address it in the next touchpoint.,73.8,Catalog 79% complete (contract pricing — price check skipped) — healthy but with room to improve; 4 of 5 import feeds healthy; Customers last ran with errors; data feeds mostly on cadence — Images is 84d overdue against a ~1d expected cadence and needs attention.,,,True,2026-04-30
yw,Yutzy Woodworking,iPad-only,11385.0,2024,78.3,Healthy,"Yutzy Woodworking's reps are logging in consistently (engagement 82), but they are using only a portion of the platform — adoption (50) reflects a feature-coverage gap, not an activity problem. Run a targeted coaching session on the highest-ROI unused features to convert this activity into stronger outcomes.",82.3,"668 logins in 90 days — solid activity for this team size, with 18 of 21 reps logging in regularly and pace holding steady at 1.4x baseline. No engagement concern here.",50.0,Using 2 of 4 applicable features — real breadth gaps here. Smart Stacks haven't been used — a CS demo of the feature could unlock this; Sales Data is configured but no import has run in 90 days — check whether the feed is broken or the integration was never fully set up. CS should investigate the feed configuration and schedule a rep coaching session.,100.0,All configured channels are producing outcomes.,81.1,Catalog 61% complete — healthy but with room to improve; 5 of 6 import feeds healthy; Kit Items last ran with errors; data feeds running on cadence.,,,False,2026-04-30
dccl,Donald Choi Canada,iPad+Catalog+Cart,22038.0,2024,68.6,Healthy,Donald Choi Canada is in Healthy territory (69) with a mixed profile — operational health (81) is the strongest area and value delivery (60) is the drag. Focus the next conversation on converting activity into outcomes; portal activation or an order-workflow review is the starting point.,61.7,"531 logins in 90 days, but only 9 of 104 reps (9%) have logged in this quarter — most of the team isn't engaged. Pace is holding steady at 1.3x baseline.",71.4,Using 5 of 7 applicable features — real breadth gaps here. eCat Online Catalog is enabled but no portal traffic in 90 days; Online Ordering (B2B Cart) is enabled but no portal orders in 90 days. CS should schedule a rep coaching session to build these habits.,60.0,3 of 5 configured channels producing outcomes. Gap: Online catalog is enabled but no portal traffic in 90d; B2B Cart is configured but no portal orders in 90d.,81.1,"Catalog 99% complete; 5 of 7 import feeds healthy; Products, Sales Data last ran with errors; data freshness critical — the Taxonomies feed last ran 111d ago against a ~3d expected cadence.",,,False,2026-04-30
tam,Theodore Alexander Manhasset,iPad-only,14060.04,2016,84.7,Thriving,Theodore Alexander Manhasset is in Thriving territory (85) with a mixed profile — value delivery (100) is the strongest area and adoption (60) is the drag. A feature coaching session targeting the unused capabilities is the highest-leverage next step.,81.0,"1,020 logins in 90 days — solid activity for this team size, with 15 of 29 reps logging in regularly and pace holding steady at 1.1x baseline. No engagement concern here.",60.0,Using 3 of 5 applicable features — real breadth gaps here. Smart Stacks haven't been used — a CS demo of the feature could unlock this; Sales Data is configured but no import has run in 90 days — check whether the feed is broken or the integration was never fully set up. CS should investigate the feed configuration and schedule a rep coaching session.,100.0,All configured channels are producing outcomes.,97.7,Catalog 100% complete; all 6 import feeds healthy; data feeds mostly on cadence — Riser Prices is 134d overdue against a ~1d expected cadence and needs attention.,,,False,2026-04-30
jc,Jonathan Charles Fine Furniture Ltd.,iPad+Catalog+Portal,24029.4,2018,90.0,Thriving,Jonathan Charles Fine Furniture Ltd. is in Thriving territory (90) with a mixed profile — adoption (100) is the strongest area and engagement (60) is the drag. Monitor closely — an engagement dip in an otherwise Thriving account is an early warning worth tracking.,60.0,"303 logins in 90 days, but only 10 of 47 reps (21%) have logged in this quarter — most of the team isn't engaged. Pace is accelerating at 1.9x baseline.",100.0,Using every configured feature — nothing unused.,100.0,All configured channels are producing outcomes.,99.9,Catalog 91% complete; all 12 import feeds healthy; data feeds running on cadence.,,,False,2026-04-30
cfg,Charleston Forge,iPad+Catalog+Cart,21066.48,2015,67.6,Healthy,Charleston Forge is in Healthy territory (68) with a mixed profile — engagement (84) is the strongest area and value delivery (50) is the drag. Focus the next conversation on converting activity into outcomes; portal activation or an order-workflow review is the starting point.,84.3,"1,297 logins in 90 days — solid activity for this team size, with 30 of 45 reps logging in regularly and pace accelerating at 1.5x baseline. No engagement concern here. Rep headcount estimated from annual login history (portal accounts excluded from denominator).",60.0,Using 3 of 5 applicable features — real breadth gaps here. eCat Online Catalog is enabled but no portal traffic in 90 days; Online Ordering (B2B Cart) is enabled but no portal orders in 90 days. CS should schedule a rep coaching session to build these habits.,50.0,Only 2 of 4 applicable channels are producing outcomes. Online catalog is enabled but no portal traffic in 90d; B2B Cart is configured but no portal orders in 90d. CS should identify the highest-impact gap and address it in the next touchpoint.,76.2,Catalog 94% complete; all 6 import feeds healthy; data freshness critical — the Products feed last ran 6d ago against a ~1d expected cadence.,,,False,2026-04-30
big,Baker-McGuire,iPad-only,18729.96,2018,65.9,Healthy,Baker-McGuire is in Healthy territory (66) with a mixed profile — engagement (87) is the strongest area and value delivery (33) is the drag. Focus the next conversation on converting activity into outcomes; portal activation or an order-workflow review is the starting point.,86.7,"1,766 logins in 90 days — solid activity for this team size, with 66 of 76 reps logging in regularly and pace holding steady at 1.4x baseline. No engagement concern here.",60.0,"Using 3 of 5 applicable features — real breadth gaps here. Inventory Management feed has gone quiet — no imports in 90 days; Sales Data is configured but no import has run in 90 days — check whether the feed is broken or the integration was never fully set up. CS should check the integration setup — this may be a broken feed, not a usage gap.",33.3,Only 1 of 3 applicable channels are producing outcomes. No meaningful iPad order activity — only 1 order in 90 days (threshold is 10); inventory feed has gone silent — no imports in 90d. CS should identify the highest-impact gap and address it in the next touchpoint.,83.7,Catalog 70% complete — healthy but with room to improve; all 8 import feeds healthy; data feeds running on cadence.,,,False,2026-04-30
ril,Ratana International Ltd.,Full,27025.92,2024,85.5,Thriving,Ratana International Ltd. is in Thriving territory (86) with a mixed profile — value delivery (100) is the strongest area and engagement (62) is the drag. Monitor closely — an engagement dip in an otherwise Thriving account is an early warning worth tracking.,61.7,"977 logins in 90 days, but only 45 of 271 reps (17%) have logged in this quarter — most of the team isn't engaged. Pace is holding steady at 1.5x baseline.",87.5,Using 7 of 8 applicable features — mostly adopted. Sales Portal is enabled but reps haven't opened it in 90 days — consider a rep training touchpoint.,100.0,All configured channels are producing outcomes.,92.8,Catalog 98% complete; 5 of 6 import feeds healthy; Sales Data last ran with errors; data feeds running on cadence.,,,False,2026-04-30
jcusa,Jonathan Charles Designs Inc.,iPad-only,9670.92,2018,86.1,Thriving,Jonathan Charles Designs Inc. is in Thriving territory (86) with a mixed profile — value delivery (100) is the strongest area and engagement (58) is the drag. Monitor closely — an engagement dip in an otherwise Thriving account is an early warning worth tracking.,58.3,"714 logins in 90 days, but only 21 of 2511 reps (1%) have logged in this quarter — most of the team isn't engaged. Pace is accelerating at 2.4x baseline.",87.5,Using 7 of 8 applicable features — mostly adopted. Sales Data is configured but no import has run in 90 days — check whether the feed is broken or the integration was never fully set up.,100.0,All configured channels are producing outcomes.,98.6,Catalog 100% complete; all 7 import feeds healthy; data feeds mostly on cadence — Customers is 60d overdue against a ~5d expected cadence and needs attention.,,,True,2026-04-30
fsf,Four Seasons Furniture,Full,22560.0,2023,96.4,Thriving,Four Seasons Furniture is performing well across the board — every dimension is at 87 or higher and the overall score of 96 reflects consistent strength rather than one area carrying the others. No action needed; monitor at standard cadence.,86.7,"1,505 logins in 90 days — solid activity for this team size, with 25 of 30 reps logging in regularly and pace holding steady at 1.3x baseline. No engagement concern here. Rep headcount estimated from annual login history (portal accounts excluded from denominator).",100.0,Using every configured feature — nothing unused.,100.0,All configured channels are producing outcomes.,99.0,Catalog 92% complete; all 9 import feeds healthy; data feeds mostly on cadence — Option Images is 12d overdue against a ~1d expected cadence and needs attention.,,,False,2026-04-30
tel,Tomlinson Companies,iPad+Catalog,13440.0,2015,14.6,Critical,"Tomlinson Companies has essentially no active usage — 13 engagement and 0 value delivery mean the platform is running but not being used in any meaningful way. At $13,440 this is an urgent recovery situation.",13.3,Only 18 logins in 90 days from just 2 of 20 reps (10%) — most of the team is not using the app this quarter. Prioritize an engagement call to identify adoption barriers.,25.0,Using 1 of 4 applicable features — real breadth gaps here. Smart Stacks haven't been used — a CS demo of the feature could unlock this; Reps aren't using sharing or quoting in the field — zero email drafts in 90 days; eCat Online Catalog is enabled but no portal traffic in 90 days. CS should schedule a rep coaching session to build these habits.,0.0,Only 0 of 3 applicable channels are producing outcomes. No iPad orders submitted in 90 days — reps are not converting activity into orders; sharing/quoting near zero (0 events in 90d). CS should identify the highest-impact gap and address it in the next touchpoint.,20.0,Ops concern — catalog completeness at 20% is a blocker for field use — reps are working with incomplete product data; flag for a catalog audit.,,,False,2026-04-30
mfc,Morgan Fabrics Corporation,iPad+Catalog,13440.0,2012,40.0,Watch,"Morgan Fabrics Corporation's rep activity (50 engagement) and platform outcomes (33 value delivery) are both too low to support a healthy relationship. Re-establishing contact to understand why reps have gone quiet is the first step — determine whether this is a coverage gap, a product fit issue, or something else.",50.0,"113 logins in 90 days, but only 10 of 561 reps (2%) have logged in this quarter — most of the team isn't engaged. Pace is holding steady at 1.2x baseline.",60.0,Using 3 of 5 applicable features — real breadth gaps here. eCat Online Catalog is enabled but no portal traffic in 90 days; Sales Data is configured but no import has run in 90 days — check whether the feed is broken or the integration was never fully set up. CS should investigate the feed configuration and schedule a rep coaching session.,33.3,Only 1 of 3 applicable channels are producing outcomes. No iPad orders submitted in 90 days — reps are not converting activity into orders; online catalog is enabled but no portal traffic in 90d. CS should identify the highest-impact gap and address it in the next touchpoint.,52.8,Ops concern — catalog completeness at 28% is a blocker for field use — reps are working with incomplete product data; flag for a catalog audit; all 2 import feeds healthy; data freshness declining — the Images feed last ran 44d ago against a ~14d expected cadence.,,,False,2026-04-30
gc,Groupe Courchesne,iPad+Catalog+Cart,16980.0,2023,64.9,Healthy,"Groupe Courchesne's reps are logging in at a limited rate (engagement 62), but they are using only a portion of the platform — adoption (57) reflects a feature-coverage gap, not an activity problem. Run a targeted coaching session on the highest-ROI unused features to convert this activity into stronger outcomes.",61.7,"784 logins in 90 days, but only 16 of 326 reps (5%) have logged in this quarter — most of the team isn't engaged. Pace is holding steady at 1.2x baseline.",57.1,Using 4 of 7 applicable features — real breadth gaps here. eCat Online Catalog is enabled but no portal traffic in 90 days; Online Ordering (B2B Cart) is enabled but no portal orders in 90 days; Sales Data is configured but no import has run in 90 days — check whether the feed is broken or the integration was never fully set up. CS should investigate the feed configuration and schedule a rep coaching session.,60.0,3 of 5 configured channels producing outcomes. Gap: Online catalog is enabled but no portal traffic in 90d; B2B Cart is configured but no portal orders in 90d.,80.8,Catalog 99% complete (contract pricing — price check skipped); all 4 import feeds healthy; data freshness critical — the Multifile Import feed last ran 20d ago against a ~1d expected cadence.,,,False,2026-04-30
df,Designer's Fountain,iPad-only,9560.04,2024,74.8,Healthy,Designer's Fountain is in Healthy territory (75) with a mixed profile — operational health (91) is the strongest area and engagement (62) is the drag. Monitor engagement closely; a continued downward trend would push this into Watch territory.,61.7,"252 logins in 90 days is on the lower side for 43 enabled reps — 25 of 43 (58%) are active, but session depth is limited. Pace is cooling off — worth monitoring at 0.7x baseline.",80.0,Using 4 of 5 applicable features — mostly adopted. Sales Data is configured but no import has run in 90 days — check whether the feed is broken or the integration was never fully set up.,66.7,2 of 3 configured channels producing outcomes. Gap: No meaningful iPad order activity — only 2 orders in 90 days (threshold is 10).,90.9,Catalog 99% complete (contract pricing — price check skipped); 3 of 4 import feeds healthy; Products (142d ago) last ran with errors; data feeds mostly on cadence — Images is 162d overdue against a ~1d expected cadence and needs attention.,,,False,2026-04-30
vcg,Visual Comfort Signature,iPad-only,18455.4,2019,88.1,Thriving,"Visual Comfort Signature is performing well overall (88) — operational health (74) is the relative drag, but every dimension is in acceptable shape. Monitor at standard cadence.",78.3,"3,560 logins in 90 days — solid activity for this team size, with 71 of 146 reps logging in regularly and pace holding steady at 0.9x baseline. No engagement concern here.",100.0,Using every configured feature — nothing unused.,100.0,All configured channels are producing outcomes.,74.2,"Catalog 96% complete; 3 of 6 import feeds healthy; Product Stories, Products, Sales Data last ran with errors; data freshness critical — the Customers feed last ran 63d ago against a ~1d expected cadence.",,,False,2026-04-30
vic,Vaxcel International Corporation,Full,21780.0,2022,80.0,Thriving,Vaxcel International Corporation is in Thriving territory (80) with a mixed profile — operational health (93) is the strongest area and engagement (57) is the drag. Monitor closely — an engagement dip in an otherwise Thriving account is an early warning worth tracking.,56.7,"335 logins in 90 days, but only 19 of 327 reps (6%) have logged in this quarter — most of the team isn't engaged. Pace is holding steady at 1.1x baseline.",87.5,Using 7 of 8 applicable features — mostly adopted. Sales Data is configured but no import has run in 90 days — check whether the feed is broken or the integration was never fully set up.,83.3,5 of 6 configured channels producing outcomes. Gap: No iPad orders submitted in 90 days — reps are not converting activity into orders.,92.7,Catalog 99% complete; 6 of 7 import feeds healthy; Customers last ran with errors; data feeds running on cadence.,,,False,2026-04-30
ah,Alfresco Home,iPad+Catalog+Cart,18560.04,2018,74.5,Healthy,"Alfresco Home's reps are logging in consistently (engagement 81), but they are using only a portion of the platform — adoption (57) reflects a feature-coverage gap, not an activity problem. Run a targeted coaching session on the highest-ROI unused features to convert this activity into stronger outcomes.",81.0,"1,313 logins in 90 days — solid activity for this team size, with 30 of 46 reps logging in regularly and pace holding steady at 1.2x baseline. No engagement concern here. Rep headcount estimated from annual login history (portal accounts excluded from denominator).",57.1,Using 4 of 7 applicable features — real breadth gaps here. eCat Online Catalog is enabled but no portal traffic in 90 days; Online Ordering (B2B Cart) is enabled but no portal orders in 90 days; Sales Data is configured but no import has run in 90 days — check whether the feed is broken or the integration was never fully set up. CS should investigate the feed configuration and schedule a rep coaching session.,60.0,3 of 5 configured channels producing outcomes. Gap: Online catalog is enabled but no portal traffic in 90d; B2B Cart is configured but no portal orders in 90d.,100.0,Catalog 99% complete; all 5 import feeds healthy; data feeds running on cadence.,,,False,2026-04-30
kii,"Kennedy International, Inc.",iPad+Catalog+Cart,16642.56,2015,65.6,Healthy,"Kennedy International, Inc. is in Healthy territory (66) with a mixed profile — adoption (71) is the strongest area and value delivery (60) is the drag. Focus the next conversation on converting activity into outcomes; portal activation or an order-workflow review is the starting point.",66.0,"1,075 logins in 90 days, but only 18 of 87 reps (21%) have logged in this quarter — most of the team isn't engaged. Pace is holding steady at 0.8x baseline.",71.4,Using 5 of 7 applicable features — real breadth gaps here. eCat Online Catalog is enabled but no portal traffic in 90 days; Online Ordering (B2B Cart) is enabled but no portal orders in 90 days. CS should schedule a rep coaching session to build these habits.,60.0,3 of 5 configured channels producing outcomes. Gap: Online catalog is enabled but no portal traffic in 90d; B2B Cart is configured but no portal orders in 90d.,65.1,"Catalog 72% complete (contract pricing — price check skipped) — healthy but with room to improve; 3 of 7 import feeds healthy; Inventory, Product Stories (68d ago), Products, Sales Data last ran with errors; data feeds running on cadence.",,,False,2026-04-30
mah,Moda at Home Enterprises Ltd,iPad+Catalog+Cart,16642.44,2019,58.3,Watch,"Moda at Home Enterprises Ltd is showing minimal activity on both sides — engagement (47) and value delivery (40) are both below where they need to be, and the platform is producing little observable value. Operational health (75) is clean, but well-maintained data is only useful when reps are logging in. Re-establishing contact and determining whether this relationship is recoverable is the urgent next step.",46.7,Only 233 logins in 90 days from just 17 of 361 reps (5%) — most of the team is not using the app this quarter. Prioritize an engagement call to identify adoption barriers.,71.4,Using 5 of 7 applicable features — real breadth gaps here. eCat Online Catalog is enabled but no portal traffic in 90 days; Online Ordering (B2B Cart) is enabled but no portal orders in 90 days. CS should schedule a rep coaching session to build these habits.,40.0,Only 2 of 5 applicable channels are producing outcomes. Sharing/quoting near zero (2 events in 90d); online catalog is enabled but no portal traffic in 90d. CS should identify the highest-impact gap and address it in the next touchpoint.,75.2,"Catalog 69% complete (contract pricing — price check skipped) — healthy but with room to improve; 5 of 7 import feeds healthy; Inventory, Sales Data last ran with errors; data feeds mostly on cadence — Images is 103d overdue against a ~5d expected cadence and needs attention.",,,False,2026-04-30
hf,Hooker Furnishings,iPad-only,10365.0,2024,71.5,Healthy,Hooker Furnishings is in Healthy territory (72) with a mixed profile — adoption (80) is the strongest area and value delivery (67) is the drag. Focus the next conversation on converting activity into outcomes; portal activation or an order-workflow review is the starting point.,70.0,"621 logins in 90 days, but only 25 of 63 reps (40%) have logged in this quarter — most of the team isn't engaged. Pace is holding steady at 1.0x baseline.",80.0,Using 4 of 5 applicable features — mostly adopted. Sales Data is configured but no import has run in 90 days — check whether the feed is broken or the integration was never fully set up.,66.7,"2 of 3 configured channels producing outcomes. Gap: IPad order volume close but short — 5 orders in 90 days (threshold is 10, roughly one per week).",69.4,"Catalog 89% complete — healthy but with room to improve; 2 of 4 import feeds healthy; Customers, Products last ran with errors; data feeds running on cadence.",,,False,2026-04-30
afx,"AFX, Inc.",iPad-only,9150.0,2023,40.0,Watch,"AFX, Inc. has the full platform configured and adopted, but rep logins have dropped off sharply — engagement is at 45 and the platform isn't generating observable outcomes. Outreach is needed to understand whether reps have gone dark on a coverage issue or whether a more fundamental re-engagement effort is required.",45.0,233 logins in 90 days but pace has sharp deceleration — usage has dropped significantly from baseline (0.5x baseline) — clear dropoff from historical baseline. Only 27 of 67 reps (40%) are still active. CS should find out what changed and re-engage the team.,80.0,Using 4 of 5 applicable features — mostly adopted. Sales Data is configured but no import has run in 90 days — check whether the feed is broken or the integration was never fully set up.,33.3,Only inventory is flowing — iPad order volume (0 orders) and sharing activity (1 event) are both near zero. Reps appear to be logging in but not converting activity into outcomes. CS should investigate whether reps are actively using the iPad in the field or just checking catalogs.,86.0,Catalog 95% complete (contract pricing — price check skipped); 4 of 5 import feeds healthy; Products (111d ago) last ran with errors; data freshness declining — the Images feed last ran 20d ago against a ~6d expected cadence.,,,False,2026-04-30
heb,Home Essentials & Beyond,iPad-only,9140.04,2012,87.0,Thriving,"Home Essentials & Beyond is performing well overall (87) — engagement (70) is the relative drag, but every dimension is in acceptable shape. Monitor at standard cadence.",70.0,"524 logins in 90 days, but only 30 of 99 reps (30%) have logged in this quarter — most of the team isn't engaged. Pace is holding steady at 0.8x baseline.",80.0,Using 4 of 5 applicable features — mostly adopted. Sales Data is configured but no import has run in 90 days — check whether the feed is broken or the integration was never fully set up.,100.0,All configured channels are producing outcomes.,98.0,Catalog 100% complete (contract pricing — price check skipped); all 6 import feeds healthy; data feeds mostly on cadence — Option Images is 127d overdue against a ~3d expected cadence and needs attention.,,,False,2026-04-30
fal,Fine Art Handcrafted Lighting,iPad-only,17840.04,2024,86.7,Thriving,"Fine Art Handcrafted Lighting is performing well overall (87) — adoption (75) is the relative drag, but every dimension is in acceptable shape. Monitor at standard cadence.",86.7,"1,856 logins in 90 days — solid activity for this team size, with 41 of 46 reps logging in regularly and pace holding steady at 1.1x baseline. No engagement concern here.",75.0,Using 3 of 4 applicable features — mostly adopted. Sales Data is configured but no import has run in 90 days — check whether the feed is broken or the integration was never fully set up.,100.0,All configured channels are producing outcomes.,84.9,Catalog 98% complete (contract pricing — price check skipped); 4 of 5 import feeds healthy; Customers last ran with errors; data freshness critical — the Option Images feed last ran 20d ago against a ~1d expected cadence.,,,False,2026-04-30
bri,Bulbrite,Full,31445.04,2023,85.7,Thriving,Bulbrite is in Thriving territory (86) with a mixed profile — adoption (100) is the strongest area and operational health (66) is the drag. Address the data infrastructure when the next review cycle allows — the rest of the picture is strong enough to support it.,76.7,"982 logins in 90 days — solid activity for this team size, with 66 of 89 reps logging in regularly and pace holding steady at 0.8x baseline. No engagement concern here. Rep headcount estimated from annual login history (portal accounts excluded from denominator).",100.0,Using every configured feature — nothing unused.,100.0,All configured channels are producing outcomes.,66.1,Catalog 100% complete (contract pricing — price check skipped); 9 of 10 import feeds healthy; Sales Data last ran with errors; data freshness critical — the Sales Data feed last ran 48d ago against a ~1d expected cadence.,,,False,2026-04-30
sbmh,Somerset Bay and Modern History,Full,26079.96,2011,96.6,Thriving,Somerset Bay and Modern History is performing well across the board — every dimension is at 93 or higher and the overall score of 97 reflects consistent strength rather than one area carrying the others. No action needed; monitor at standard cadence.,92.7,"2,253 logins in 90 days — solid activity for this team size, with 31 of 32 reps logging in regularly and pace holding steady at 1.2x baseline. No engagement concern here. Rep headcount estimated from annual login history (portal accounts excluded from denominator).",100.0,Using every configured feature — nothing unused.,100.0,All configured channels are producing outcomes.,93.7,Catalog 97% complete; 5 of 6 import feeds healthy; Inventory last ran with errors; data feeds running on cadence.,,,False,2026-04-30
sarreid,"Sarreid, Ltd.",iPad+Catalog+Portal,27968.04,2014,95.8,Thriving,"Sarreid, Ltd. is performing well across the board — every dimension is at 85 or higher and the overall score of 96 reflects consistent strength rather than one area carrying the others. No action needed; monitor at standard cadence.",85.0,"6,028 logins in 90 days — solid activity for this team size, with 59 of 105 reps logging in regularly and pace holding steady at 1.2x baseline. No engagement concern here.",100.0,Using every configured feature — nothing unused.,100.0,All configured channels are producing outcomes.,98.4,Catalog 93% complete; all 10 import feeds healthy; data feeds mostly on cadence — Product Stories is 55d overdue against a ~10d expected cadence and needs attention.,,,False,2026-04-30
bcf,Braxton Culler,Full,26340.0,2022,94.3,Thriving,Braxton Culler is performing well across the board — every dimension is at 87 or higher and the overall score of 94 reflects consistent strength rather than one area carrying the others. No action needed; monitor at standard cadence.,90.7,"3,598 logins in 90 days — solid activity for this team size, with 55 of 65 reps logging in regularly and pace holding steady at 1.2x baseline. No engagement concern here. Rep headcount estimated from annual login history (portal accounts excluded from denominator).",100.0,Using every configured feature — nothing unused.,100.0,All configured channels are producing outcomes.,86.6,Catalog 82% complete — healthy but with room to improve; all 13 import feeds healthy; data feeds mostly on cadence — Product Stories is 99d overdue against a ~8d expected cadence and needs attention.,,,False,2026-04-30
fc,Furniture Classics ,Full,24099.96,2017,86.9,Thriving,Furniture Classics  is in Thriving territory (87) with a mixed profile — adoption (100) is the strongest area and operational health (67) is the drag. Address the data infrastructure when the next review cycle allows — the rest of the picture is strong enough to support it.,81.0,"1,915 logins in 90 days — solid activity for this team size, with 35 of 48 reps logging in regularly and pace holding steady at 1.4x baseline. No engagement concern here. Rep headcount estimated from annual login history (portal accounts excluded from denominator).",100.0,Using every configured feature — nothing unused.,100.0,All configured channels are producing outcomes.,66.7,Catalog completeness at 28% is a blocker for field use — reps are working with incomplete product data; flag for a catalog audit; 7 of 8 import feeds healthy; Customers last ran with errors; data feeds mostly on cadence — Territories is 65d overdue against a ~2d expected cadence and needs attention.,,,False,2026-04-30
jyc,Jamie Young Company,Full,35400.0,2014,92.3,Thriving,Jamie Young Company is performing well across the board — every dimension is at 83 or higher and the overall score of 92 reflects consistent strength rather than one area carrying the others. No action needed; monitor at standard cadence.,86.7,"2,585 logins in 90 days — solid activity for this team size, with 69 of 78 reps logging in regularly and pace holding steady at 1.2x baseline. No engagement concern here. Rep headcount estimated from annual login history (portal accounts excluded from denominator).",100.0,Using every configured feature — nothing unused.,100.0,All configured channels are producing outcomes.,82.7,"Catalog 100% complete (contract pricing — price check skipped); 4 of 8 import feeds healthy; Customers, Inventory, Products, Sales Data last ran with errors; data feeds running on cadence.",,,False,2026-04-30
ta,Theodore Alexander,Full,24260.04,2016,90.5,Thriving,"Theodore Alexander is performing well overall (90) — engagement (70) is the relative drag, but every dimension is in acceptable shape. Monitor at standard cadence.",70.0,"3,039 logins in 90 days, but only 42 of 478 reps (9%) have logged in this quarter — most of the team isn't engaged. Pace is holding steady at 1.2x baseline.",100.0,Using every configured feature — nothing unused.,100.0,All configured channels are producing outcomes.,92.0,Catalog 100% complete; all 8 import feeds healthy; data freshness critical — the Product Stories feed last ran 38d ago against a ~5d expected cadence.,,,False,2026-04-30
lpf,Linon/Powell Furniture,Full,26079.96,2019,87.8,Thriving,"Linon/Powell Furniture is performing well overall (88) — operational health (73) is the relative drag, but every dimension is in acceptable shape. Monitor at standard cadence.",90.7,"3,099 logins in 90 days — solid activity for this team size, with 49 of 59 reps logging in regularly and pace holding steady at 1.5x baseline. No engagement concern here. Rep headcount estimated from annual login history (portal accounts excluded from denominator).",87.5,Using 7 of 8 applicable features — mostly adopted. Sales Data is configured but no import has run in 90 days — check whether the feed is broken or the integration was never fully set up.,100.0,All configured channels are producing outcomes.,73.2,Catalog 99% complete (contract pricing — price check skipped); all 7 import feeds healthy; data freshness critical — the Multifile Import feed last ran 16d ago against a ~1d expected cadence.,,,False,2026-04-30
wag,Wendover Art Group,iPad-only,16087.56,2025,89.0,Thriving,"Wendover Art Group is performing well overall (89) — operational health (75) is the relative drag, but every dimension is in acceptable shape. Monitor at standard cadence.",81.0,"1,813 logins in 90 days — solid activity for this team size, with 56 of 92 reps logging in regularly and pace holding steady at 1.4x baseline. No engagement concern here.",100.0,Using every configured feature — nothing unused.,100.0,All configured channels are producing outcomes.,75.0,"Catalog 97% complete; 1 of 4 import feeds healthy; Customers, Products, Sales Data last ran with errors; data feeds running on cadence.",,,False,2026-04-30
gsa,Godinger Silver Art Co.,iPad-only,8799.96,2011,77.8,Healthy,Godinger Silver Art Co. is in Healthy territory (78) with a mixed profile — adoption (100) is the strongest area and engagement (65) is the drag. Monitor engagement closely; a continued downward trend would push this into Watch territory.,65.0,"497 logins in 90 days, but only 20 of 45 reps (44%) have logged in this quarter — most of the team isn't engaged. Pace is holding steady at 0.9x baseline.",100.0,Using every configured feature — nothing unused.,66.7,"2 of 3 configured channels producing outcomes. Gap: IPad order volume close but short — 6 orders in 90 days (threshold is 10, roughly one per week).",79.3,Catalog 70% complete — healthy but with room to improve; all 5 import feeds healthy; data freshness declining — the Images feed last ran 6d ago against a ~2d expected cadence.,,,False,2026-04-30
ali,Access Lighting,iPad+Catalog+Portal,21680.04,2018,79.8,Healthy,Access Lighting is in Healthy territory (80) with a mixed profile — operational health (92) is the strongest area and engagement (62) is the drag. Monitor engagement closely; a continued downward trend would push this into Watch territory.,61.7,"737 logins in 90 days, but only 46 of 236 reps (19%) have logged in this quarter — most of the team isn't engaged. Pace is holding steady at 1.1x baseline.",85.7,Using 6 of 7 applicable features — mostly adopted. Sales Data is configured but no import has run in 90 days — check whether the feed is broken or the integration was never fully set up.,80.0,4 of 5 configured channels producing outcomes. Gap: No iPad orders submitted in 90 days — reps are not converting activity into orders.,91.8,Catalog 100% complete; 4 of 5 import feeds healthy; Products last ran with errors; data feeds running on cadence.,,,False,2026-04-30
gl,Golden Lighting,Full,24309.96,2023,82.4,Thriving,"Golden Lighting is in Thriving territory (82), but the score sits just above the Healthy cutoff — adoption (75) is the relative weakness while operational health (95) is doing the lifting. A focused check-in on adoption would solidify the Thriving position before any drift sets in.",76.7,"529 logins in 90 days — solid activity for this team size, with 28 of 41 reps logging in regularly and pace holding steady at 0.8x baseline. No engagement concern here. Rep headcount estimated from annual login history (portal accounts excluded from denominator).",75.0,Using 6 of 8 applicable features — mostly adopted. Sales Portal is enabled but reps haven't opened it in 90 days — consider a rep training touchpoint.,83.3,"5 of 6 configured channels producing outcomes. Gap: IPad order volume close but short — 5 orders in 90 days (threshold is 10, roughly one per week).",94.7,Catalog 99% complete; 6 of 7 import feeds healthy; Customers last ran with errors; data feeds mostly on cadence — Images is 28d overdue against a ~5d expected cadence and needs attention.,,,False,2026-04-30
uhc,Uniware Housewares Corp.,iPad-only,8739.96,2021,84.7,Thriving,Uniware Housewares Corp. is in Thriving territory (85) with a mixed profile — operational health (100) is the strongest area and value delivery (67) is the drag. Investigate why activity is not converting into outcomes — an order pipeline review or portal activation check is the starting point.,92.7,"1,742 logins in 90 days — solid activity for this team size, with 19 of 20 reps logging in regularly and pace holding steady at 1.0x baseline. No engagement concern here.",80.0,Using 4 of 5 applicable features — mostly adopted. Sales Data is configured but no import has run in 90 days — check whether the feed is broken or the integration was never fully set up.,66.7,2 of 3 configured channels producing outcomes — reps are active but not using sharing/quoting in the field. A short demo of the share flow in the next QBR could move this.,99.5,Catalog 98% complete (contract pricing — price check skipped); all 3 import feeds healthy; data feeds running on cadence.,,,False,2026-04-30
sccon,Summer Classics Contract,Full,21819.96,2014,93.2,Thriving,Summer Classics Contract is performing well across the board — every dimension is at 86 or higher and the overall score of 93 reflects consistent strength rather than one area carrying the others. No action needed; monitor at standard cadence.,86.7,"2,379 logins in 90 days — solid activity for this team size, with 36 of 46 reps logging in regularly and pace holding steady at 1.3x baseline. No engagement concern here. Rep headcount estimated from annual login history (portal accounts excluded from denominator).",100.0,Using every configured feature — nothing unused.,100.0,All configured channels are producing outcomes.,85.9,Catalog 73% complete (contract pricing — price check skipped) — healthy but with room to improve; all 15 import feeds healthy; data feeds running on cadence.,,,False,2026-04-30
am,Alfonso Marina,iPad-only,11082.72,2024,88.1,Thriving,"Alfonso Marina is performing well overall (88) — adoption (75) is the relative drag, but every dimension is in acceptable shape. Monitor at standard cadence.",77.3,"345 logins in 90 days — solid activity for this team size, with 17 of 20 reps logging in regularly and pace holding steady at 1.1x baseline. No engagement concern here.",75.0,Using 3 of 4 applicable features — mostly adopted. Sales Data is configured but no import has run in 90 days — check whether the feed is broken or the integration was never fully set up.,100.0,All configured channels are producing outcomes.,100.0,Catalog 94% complete; all 2 import feeds healthy; data feeds running on cadence.,,,False,2026-04-30
abol,America's Backyards,iPad-only,8700.0,2024,58.2,Watch,"America's Backyards is in Watch (58) with a mixed performance profile — no single dimension dominates, but value delivery (50) is the largest gap. Focus the next conversation on what is blocking orders or portal adoption — converting activity into outcomes is the priority.",58.3,"70 logins in 90 days is on the lower side for 21 enabled reps — 7 of 21 (33%) are active, but session depth is limited. Pace is holding steady at 0.8x baseline.",66.7,Using 4 of 6 applicable features — real breadth gaps here. eCat Online Catalog is enabled but no portal traffic in 90 days; Sales Data is configured but no import has run in 90 days — check whether the feed is broken or the integration was never fully set up. CS should investigate the feed configuration and schedule a rep coaching session.,50.0,Only 2 of 4 applicable channels are producing outcomes. No iPad orders submitted in 90 days — reps are not converting activity into orders; online catalog is enabled but no portal traffic in 90d. CS should identify the highest-impact gap and address it in the next touchpoint.,57.7,Ops concern — catalog 91% complete; 2 of 3 import feeds healthy; Inventory last ran with errors; data freshness critical — the Images feed last ran 19d ago against a ~2d expected cadence — escalate to ops.,,,True,2026-04-30
gblx,Globalux Lighting & Fans,iPad-only,16200.0,2025,68.5,Healthy,Globalux Lighting & Fans is in Healthy territory (68) with a mixed profile — adoption (75) is the strongest area and operational health (61) is the drag. Addressing catalog and import health in the next review cycle is the cleanest path back toward Thriving.,71.7,"364 logins in 90 days is on the lower side for 54 enabled reps — 34 of 54 (63%) are active, but session depth is limited. Pace is holding steady at 0.8x baseline.",75.0,Using 3 of 4 applicable features — mostly adopted. Smart Stacks haven't been used — a CS demo of the feature could unlock this.,66.7,2 of 3 configured channels producing outcomes. Gap: No iPad orders submitted in 90 days — reps are not converting activity into orders.,60.6,Catalog 100% complete; 3 of 4 import feeds healthy; Inventory last ran with errors; data freshness critical — the Images feed last ran 91d ago against a ~1d expected cadence.,,,False,2026-04-30
ol,Oly Studio,iPad-only,13380.0,2025,63.8,Healthy,Oly Studio is in Healthy territory (64) with a mixed profile — operational health (100) is the strongest area and value delivery (50) is the drag. Focus the next conversation on converting activity into outcomes; portal activation or an order-workflow review is the starting point.,55.0,"40 logins in 90 days is on the lower side for 13 enabled reps — 5 of 13 (38%) are active, but session depth is limited. Pace is accelerating at 3.7x baseline.",50.0,Using 2 of 4 applicable features — real breadth gaps here. Reps aren't using sharing or quoting in the field — zero email drafts in 90 days; Sales Data is configured but no import has run in 90 days — check whether the feed is broken or the integration was never fully set up. CS should investigate the feed configuration and schedule a rep coaching session.,50.0,Only 1 of 2 applicable channels are producing outcomes. Sharing/quoting near zero (0 events in 90d). CS should identify the highest-impact gap and address it in the next touchpoint.,100.0,Catalog 100% complete.,,,False,2026-04-30
prog,Coleto Brands | Progress Lighting,iPad-only,25200.0,2025,57.5,Watch,"Coleto Brands | Progress Lighting is in Watch (58) with a mixed performance profile — no single dimension dominates, but value delivery (50) is the largest gap. Focus the next conversation on what is blocking orders or portal adoption — converting activity into outcomes is the priority.",55.0,"311 logins in 90 days, but only 32 of 112 reps (29%) have logged in this quarter — most of the team isn't engaged. Pace is cooling off — worth monitoring at 0.7x baseline.",66.7,Using 2 of 3 applicable features — real breadth gaps here. Smart Stacks haven't been used — a CS demo of the feature could unlock this. CS should schedule a rep coaching session to build these habits.,50.0,Only 1 of 2 applicable channels are producing outcomes. No meaningful iPad order activity — only 3 orders in 90 days (threshold is 10). CS should identify the highest-impact gap and address it in the next touchpoint.,58.3,Ops concern — catalog 98% complete; 3 of 4 import feeds healthy; Products (77d ago) last ran with errors; data freshness critical — the Images feed last ran 77d ago against a ~1d expected cadence — escalate to ops.,,,False,2026-04-30
sca,Shadow Catchers,iPad-only,8700.0,2015,83.4,Thriving,"Shadow Catchers is in Thriving territory (83), but the score sits just above the Healthy cutoff — engagement (72) is the relative weakness while value delivery (100) is doing the lifting. A focused check-in on engagement would solidify the Thriving position before any drift sets in.",71.7,"393 logins in 90 days is on the lower side for 34 enabled reps — 22 of 34 (65%) are active, but session depth is limited. Pace is holding steady at 1.1x baseline.",75.0,Using 3 of 4 applicable features — mostly adopted. Sales Data is configured but no import has run in 90 days — check whether the feed is broken or the integration was never fully set up.,100.0,All configured channels are producing outcomes.,86.8,Catalog 99% complete; all 2 import feeds healthy; data freshness declining — the Images feed last ran 13d ago against a ~6d expected cadence.,,,False,2026-04-30
rf,Rowe Furniture,iPad-only,9300.0,2021,80.8,Thriving,Rowe Furniture is in Thriving territory (81) with a mixed profile — value delivery (100) is the strongest area and operational health (64) is the drag. Address the data infrastructure when the next review cycle allows — the rest of the picture is strong enough to support it.,84.3,"1,566 logins in 90 days — solid activity for this team size, with 31 of 48 reps logging in regularly and pace accelerating at 1.5x baseline. No engagement concern here.",75.0,Using 3 of 4 applicable features — mostly adopted. Sales Data is configured but no import has run in 90 days — check whether the feed is broken or the integration was never fully set up.,100.0,All configured channels are producing outcomes.,64.1,"Catalog 81% complete — healthy but with room to improve; 2 of 4 import feeds healthy; Customers, Kit Items last ran with errors; data feeds mostly on cadence — Images is 6d overdue against a ~1d expected cadence and needs attention.",,,False,2026-04-30
swc,Sauder Woodworking,iPad-only,8700.0,2013,81.2,Thriving,Sauder Woodworking is in Thriving territory (81) with a mixed profile — adoption (100) is the strongest area and engagement (58) is the drag. Monitor closely — an engagement dip in an otherwise Thriving account is an early warning worth tracking.,58.3,"161 logins in 90 days is on the lower side for 28 enabled reps — 11 of 28 (39%) are active, but session depth is limited. Pace is holding steady at 1.1x baseline.",100.0,Using every configured feature — nothing unused.,66.7,2 of 3 configured channels producing outcomes. Gap: No iPad orders submitted in 90 days — reps are not converting activity into orders.,100.0,Catalog 98% complete; all 4 import feeds healthy; data feeds running on cadence.,,,False,2026-04-30
lss,Lifestyle Solutions,iPad-only,8700.0,2023,86.0,Thriving,"Lifestyle Solutions is performing well overall (86) — engagement (72) is the relative drag, but every dimension is in acceptable shape. Monitor at standard cadence.",71.7,"306 logins in 90 days is on the lower side for 19 enabled reps — 10 of 19 (53%) are active, but session depth is limited. Pace is holding steady at 1.0x baseline.",80.0,Using 4 of 5 applicable features — mostly adopted. Sales Data is configured but no import has run in 90 days — check whether the feed is broken or the integration was never fully set up.,100.0,All configured channels are producing outcomes.,92.3,Catalog 93% complete; 4 of 5 import feeds healthy; Product Stories (141d ago) last ran with errors; data feeds running on cadence.,,,False,2026-04-30
soi,Silver One,iPad-only,8700.0,2024,69.7,Healthy,"Silver One's reps are logging in consistently (engagement 83), but they are using only a portion of the platform — adoption (50) and value delivery (50) reflect a feature-coverage gap, not an activity problem. Run a targeted coaching session on the highest-ROI unused features to convert this activity into stronger outcomes.",83.3,"223 logins in 90 days — solid activity for this team size, with 6 of 4 reps logging in regularly and pace holding steady at 1.4x baseline. No engagement concern here.",50.0,Using 2 of 4 applicable features — real breadth gaps here. Smart Stacks haven't been used — a CS demo of the feature could unlock this; Sales Data is configured but no import has run in 90 days — check whether the feed is broken or the integration was never fully set up. CS should investigate the feed configuration and schedule a rep coaching session.,50.0,Only 1 of 2 applicable channels are producing outcomes. No iPad orders submitted in 90 days — reps are not converting activity into orders. CS should identify the highest-impact gap and address it in the next touchpoint.,95.5,Catalog 97% complete (contract pricing — price check skipped); all 2 import feeds healthy; data feeds running on cadence.,,,False,2026-04-30
etl,ELICO LTD.,iPad-only,8700.0,2019,95.4,Thriving,ELICO LTD. is performing well across the board — every dimension is at 82 or higher and the overall score of 95 reflects consistent strength rather than one area carrying the others. No action needed; monitor at standard cadence.,82.3,"908 logins in 90 days — solid activity for this team size, with 14 of 16 reps logging in regularly and pace holding steady at 1.0x baseline. No engagement concern here.",100.0,Using every configured feature — nothing unused.,100.0,All configured channels are producing outcomes.,99.4,Catalog 96% complete; all 5 import feeds healthy; data feeds running on cadence.,,,False,2026-04-30
krb,Kaleen Rugs & Broadloom,iPad-only,8700.0,2024,34.2,At Risk,"Kaleen Rugs & Broadloom's rep activity (47 engagement) and platform outcomes (0 value delivery) are both too low to support a healthy relationship. Re-establishing contact to understand why reps have gone quiet is the first step — determine whether this is a coverage gap, a product fit issue, or something else.",46.7,Only 4 logins in 90 days from just 2 of 34 reps (6%) — most of the team is not using the app this quarter. Prioritize an engagement call to identify adoption barriers.,50.0,Using 2 of 4 applicable features — real breadth gaps here. Reps aren't using sharing or quoting in the field — zero email drafts in 90 days; Sales Data is configured but no import has run in 90 days — check whether the feed is broken or the integration was never fully set up. CS should investigate the feed configuration and schedule a rep coaching session.,0.0,Only 0 of 2 applicable channels are producing outcomes. No iPad orders submitted in 90 days — reps are not converting activity into orders; sharing/quoting near zero (0 events in 90d). CS should identify the highest-impact gap and address it in the next touchpoint.,40.0,Ops concern — catalog is empty — no products have complete data; all 3 import feeds healthy; data freshness critical — the Images feed last ran 6d ago against a ~1d expected cadence — escalate to ops.,,,False,2026-04-30
dals,DALS Lighting,iPad-only,8700.0,2023,46.2,Watch,"The platform is producing some outcomes for DALS Lighting (value delivery 50), but rep engagement is thin (engagement 50) and the data infrastructure is in critical shape (ops 10) — usage and infrastructure issues are likely reinforcing each other. Both need parallel attention; fixing the infrastructure alone will not bring the broader team back.",50.0,"132 logins in 90 days, but only 13 of 60 reps (22%) have logged in this quarter — most of the team isn't engaged. Pace is holding steady at 0.9x baseline.",75.0,Using 3 of 4 applicable features — mostly adopted. Sales Data is configured but no import has run in 90 days — check whether the feed is broken or the integration was never fully set up.,50.0,Only 1 of 2 applicable channels are producing outcomes. No iPad orders submitted in 90 days — reps are not converting activity into orders. CS should identify the highest-impact gap and address it in the next touchpoint.,10.0,Ops concern — catalog completeness at 33% is a blocker for field use — reps are working with incomplete product data; flag for a catalog audit; 0 of 1 import feeds healthy; Products (62d ago) last ran with errors.,,,False,2026-04-30
ihw,Interlude Furniture,iPad+Catalog+Portal,20730.0,2025,93.7,Thriving,Interlude Furniture is performing well across the board — every dimension is at 84 or higher and the overall score of 94 reflects consistent strength rather than one area carrying the others. No action needed; monitor at standard cadence.,90.7,"3,407 logins in 90 days — solid activity for this team size, with 31 of 38 reps logging in regularly and pace holding steady at 1.3x baseline. No engagement concern here.",100.0,Using every configured feature — nothing unused.,100.0,All configured channels are producing outcomes.,84.1,Catalog 83% complete (contract pricing — price check skipped) — healthy but with room to improve; 12 of 13 import feeds healthy; Kit Items (133d ago) last ran with errors; data feeds running on cadence.,,,False,2026-04-30
sc,Gabriella White,iPad+Catalog+Portal,24936.0,2013,93.5,Thriving,Gabriella White is performing well across the board — every dimension is at 84 or higher and the overall score of 94 reflects consistent strength rather than one area carrying the others. No action needed; monitor at standard cadence.,90.7,"15,884 logins in 90 days — solid activity for this team size, with 124 of 145 reps logging in regularly and pace holding steady at 1.1x baseline. No engagement concern here.",100.0,Using every configured feature — nothing unused.,100.0,All configured channels are producing outcomes.,83.5,Catalog 62% complete (contract pricing — price check skipped) — healthy but with room to improve; all 13 import feeds healthy; data feeds mostly on cadence — Portal Invoices is 53d overdue against a ~1d expected cadence and needs attention.,,,False,2026-04-30
ih,Interlude Home,iPad+Catalog+Portal,22140.0,2021,96.8,Thriving,Interlude Home is performing well across the board — every dimension is at 91 or higher and the overall score of 97 reflects consistent strength rather than one area carrying the others. No action needed; monitor at standard cadence.,90.7,"3,589 logins in 90 days — solid activity for this team size, with 32 of 36 reps logging in regularly and pace holding steady at 1.2x baseline. No engagement concern here.",100.0,Using every configured feature — nothing unused.,100.0,All configured channels are producing outcomes.,96.7,Catalog 96% complete; all 9 import feeds healthy; data feeds mostly on cadence — Portal Orders is 17d overdue against a ~1d expected cadence and needs attention.,,,False,2026-04-30
rw,RENWIL,iPad+Catalog+Portal,25374.0,2024,78.1,Healthy,RENWIL is in Healthy territory (78) with a mixed profile — operational health (94) is the strongest area and value delivery (60) is the drag. Focus the next conversation on converting activity into outcomes; portal activation or an order-workflow review is the starting point.,86.7,"2,655 logins in 90 days — solid activity for this team size, with 67 of 88 reps logging in regularly and pace holding steady at 1.1x baseline. No engagement concern here.",71.4,Using 5 of 7 applicable features — real breadth gaps here. eCat Online Catalog is enabled but no portal traffic in 90 days; Sales Data is configured but no import has run in 90 days — check whether the feed is broken or the integration was never fully set up. CS should investigate the feed configuration and schedule a rep coaching session.,60.0,3 of 5 configured channels producing outcomes. Gap: Online catalog is enabled but no portal traffic in 90d; Sales Portal is configured but no portal orders in 90d.,94.3,Catalog 100% complete; all 6 import feeds healthy; data feeds mostly on cadence — Images is 47d overdue against a ~7d expected cadence and needs attention.,,,False,2026-04-30
cci,Currey & Company,iPad+Catalog+Portal,26480.04,2021,92.5,Thriving,Currey & Company is performing well across the board — every dimension is at 81 or higher and the overall score of 92 reflects consistent strength rather than one area carrying the others. No action needed; monitor at standard cadence.,81.0,"2,501 logins in 90 days — solid activity for this team size, with 52 of 90 reps logging in regularly and pace holding steady at 0.9x baseline. No engagement concern here.",100.0,Using every configured feature — nothing unused.,100.0,All configured channels are producing outcomes.,88.9,"Catalog 93% complete; 6 of 9 import feeds healthy; Customers, Products, Sales Data last ran with errors; data feeds running on cadence.",,,False,2026-04-30
ml,Millennium Lighting,iPad+Catalog,17979.96,2020,70.9,Healthy,Millennium Lighting is in Healthy territory (71) with a mixed profile — operational health (93) is the strongest area and value delivery (50) is the drag. Focus the next conversation on converting activity into outcomes; portal activation or an order-workflow review is the starting point.,74.3,"1,707 logins in 90 days, but only 61 of 133 reps (46%) have logged in this quarter — most of the team isn't engaged. Pace is holding steady at 1.0x baseline.",66.7,Using 4 of 6 applicable features — real breadth gaps here. eCat Online Catalog is enabled but no portal traffic in 90 days; Sales Data is configured but no import has run in 90 days — check whether the feed is broken or the integration was never fully set up. CS should investigate the feed configuration and schedule a rep coaching session.,50.0,Only 2 of 4 applicable channels are producing outcomes. No meaningful iPad order activity — only 3 orders in 90 days (threshold is 10); online catalog is enabled but no portal traffic in 90d. CS should identify the highest-impact gap and address it in the next touchpoint.,92.6,Catalog 98% complete; all 3 import feeds healthy; data freshness critical — the Images feed last ran 16d ago against a ~3d expected cadence.,,,False,2026-04-30
mlc,Matteo Lighting,iPad-only,12675.0,2023,83.2,Thriving,"Matteo Lighting is in Thriving territory (83), but the score sits just above the Healthy cutoff — operational health (75) is the relative weakness while value delivery (100) is doing the lifting. A focused check-in on operational health would solidify the Thriving position before any drift sets in.",78.3,"686 logins in 90 days — solid activity for this team size, with 42 of 37 reps logging in regularly and pace cooling off — worth monitoring at 0.7x baseline. No engagement concern here.",80.0,Using 4 of 5 applicable features — mostly adopted. Sales Data is configured but no import has run in 90 days — check whether the feed is broken or the integration was never fully set up.,100.0,All configured channels are producing outcomes.,74.7,Catalog 100% complete (contract pricing — price check skipped); all 3 import feeds healthy; data freshness critical — the Images feed last ran 112d ago against a ~13d expected cadence.,,,False,2026-04-30
da,Dainolite Ltd.,iPad-only,9399.96,2013,90.2,Thriving,Dainolite Ltd. is performing well across the board — every dimension is at 80 or higher and the overall score of 90 reflects consistent strength rather than one area carrying the others. No action needed; monitor at standard cadence.,81.0,"1,652 logins in 90 days — solid activity for this team size, with 26 of 40 reps logging in regularly and pace holding steady at 1.0x baseline. No engagement concern here.",100.0,Using every configured feature — nothing unused.,100.0,All configured channels are producing outcomes.,80.0,"Catalog 100% complete; 2 of 5 import feeds healthy; Customers, Products, Sales Data last ran with errors; data feeds running on cadence.",,,False,2026-04-30
mlg,Minka Lighting Group,iPad-only,16687.56,2025,87.8,Thriving,"Minka Lighting Group is performing well overall (88) — engagement (71) is the relative drag, but every dimension is in acceptable shape. Monitor at standard cadence.",71.0,"1,792 logins in 90 days from 71 of 101 reps (70% active), but pace is cooling off — worth monitoring at 0.7x baseline — worth monitoring for continued fade.",100.0,Using every configured feature — nothing unused.,100.0,All configured channels are producing outcomes.,80.0,"Catalog 99% complete (contract pricing — price check skipped); 2 of 5 import feeds healthy; Inventory, Products, Sales Data last ran with errors; data feeds running on cadence.",,,False,2026-04-30
kal,Kalco Lighting / Allegri Crystal,Full,29045.04,2019,95.4,Thriving,Kalco Lighting / Allegri Crystal is performing well across the board — every dimension is at 87 or higher and the overall score of 95 reflects consistent strength rather than one area carrying the others. No action needed; monitor at standard cadence.,86.7,"1,270 logins in 90 days — solid activity for this team size, with 54 of 62 reps logging in regularly and pace holding steady at 0.9x baseline. No engagement concern here. Rep headcount estimated from annual login history (portal accounts excluded from denominator).",100.0,Using every configured feature — nothing unused.,100.0,All configured channels are producing outcomes.,95.0,Catalog 92% complete; 6 of 7 import feeds healthy; Customers last ran with errors; data feeds running on cadence.,,,False,2026-04-30
ihm,International Home Miami,iPad-only,8403.84,2024,58.0,Watch,"International Home Miami's reps are logging in consistently (engagement 77), but the platform is producing minimal outcomes (value delivery 33) and feature coverage is thin (adoption 40). For a 2024 cohort, this is proactive-outreach territory — identify the one or two highest-ROI unused features and anchor the next conversation around them.",76.7,"79 logins in 90 days — solid activity for this team size, with 20 of 22 reps logging in regularly and pace holding steady at 0.9x baseline. No engagement concern here.",40.0,Using 2 of 5 applicable features — real breadth gaps here. Smart Stacks haven't been used — a CS demo of the feature could unlock this; Inventory Management feed has gone quiet — no imports in 90 days; Sales Data is configured but no import has run in 90 days — check whether the feed is broken or the integration was never fully set up. CS should investigate the feed configuration and schedule a rep coaching session.,33.3,Only 1 of 3 applicable channels are producing outcomes. No meaningful iPad order activity — only 1 order in 90 days (threshold is 10); inventory feed has gone silent — no imports in 90d. CS should identify the highest-impact gap and address it in the next touchpoint.,81.8,Catalog 100% complete; all 4 import feeds healthy; data freshness critical — the Images feed last ran 75d ago against a ~12d expected cadence.,,,False,2026-04-30
eglo,Eglo USA Inc.,iPad-only,10340.04,2022,89.0,Thriving,"Eglo USA Inc. is performing well overall (89) — engagement (77) is the relative drag, but every dimension is in acceptable shape. Monitor at standard cadence.",76.7,"655 logins in 90 days — solid activity for this team size, with 33 of 48 reps logging in regularly and pace holding steady at 0.8x baseline. No engagement concern here.",100.0,Using every configured feature — nothing unused.,100.0,All configured channels are producing outcomes.,79.2,"Catalog 96% complete (contract pricing — price check skipped); 2 of 5 import feeds healthy; Customers, Products, Sales Data last ran with errors; data feeds mostly on cadence — Images is 118d overdue against a ~1d expected cadence and needs attention.",,,False,2026-04-30
eli,Elegant Furniture & Lighting,iPad+Catalog+Cart,26570.04,2013,73.9,Healthy,"Elegant Furniture & Lighting's reps are logging in consistently (engagement 87), but they are using only a portion of the platform — adoption (57) reflects a feature-coverage gap, not an activity problem. Run a targeted coaching session on the highest-ROI unused features to convert this activity into stronger outcomes.",86.7,"2,116 logins in 90 days — solid activity for this team size, with 62 of 79 reps logging in regularly and pace holding steady at 0.9x baseline. No engagement concern here. Rep headcount estimated from annual login history (portal accounts excluded from denominator).",57.1,Using 4 of 7 applicable features — real breadth gaps here. eCat Online Catalog is enabled but no portal traffic in 90 days; Online Ordering (B2B Cart) is enabled but no portal orders in 90 days; Sales Data is configured but no import has run in 90 days — check whether the feed is broken or the integration was never fully set up. CS should investigate the feed configuration and schedule a rep coaching session.,60.0,3 of 5 configured channels producing outcomes. Gap: Online catalog is enabled but no portal traffic in 90d; B2B Cart is configured but no portal orders in 90d.,91.7,Catalog 94% complete; 3 of 4 import feeds healthy; Customers last ran with errors; data feeds running on cadence.,,,False,2026-04-30
wwjc,Wildwood/Chelsea House,Full,40340.04,2011,96.7,Thriving,Wildwood/Chelsea House is performing well across the board — every dimension is at 87 or higher and the overall score of 97 reflects consistent strength rather than one area carrying the others. No action needed; monitor at standard cadence.,86.7,"2,922 logins in 90 days — solid activity for this team size, with 50 of 66 reps logging in regularly and pace holding steady at 1.1x baseline. No engagement concern here. Rep headcount estimated from annual login history (portal accounts excluded from denominator).",100.0,Using every configured feature — nothing unused.,100.0,All configured channels are producing outcomes.,100.0,Catalog 100% complete; all 9 import feeds healthy; data feeds running on cadence.,,,False,2026-04-30
clli,Craftmade,iPad+Catalog+Portal,28740.0,2019,87.8,Thriving,Craftmade is in Thriving territory (88) with a mixed profile — value delivery (100) is the strongest area and engagement (66) is the drag. Monitor closely — an engagement dip in an otherwise Thriving account is an early warning worth tracking.,66.0,"2,349 logins in 90 days, but only 58 of 1679 reps (3%) have logged in this quarter — most of the team isn't engaged. Pace is holding steady at 0.8x baseline.",85.7,Using 6 of 7 applicable features — mostly adopted. Sales Data is configured but no import has run in 90 days — check whether the feed is broken or the integration was never fully set up.,100.0,All configured channels are producing outcomes.,99.6,Catalog 93% complete (contract pricing — price check skipped); all 7 import feeds healthy; data feeds mostly on cadence — Images is 33d overdue against a ~1d expected cadence and needs attention.,,,False,2026-04-30
el,Eurofase Inc.,iPad+Catalog+Portal,33095.04,2020,86.9,Thriving,"Eurofase Inc. is performing well overall (87) — operational health (73) is the relative drag, but every dimension is in acceptable shape. Monitor at standard cadence.",74.3,"2,269 logins in 90 days, but only 92 of 277 reps (33%) have logged in this quarter — most of the team isn't engaged. Pace is holding steady at 0.9x baseline.",100.0,Using every configured feature — nothing unused.,100.0,All configured channels are producing outcomes.,73.3,Catalog completeness at 26% (contract pricing — price check skipped) is a blocker for field use — reps are working with incomplete product data; flag for a catalog audit; all 9 import feeds healthy; data feeds mostly on cadence — Customers is 128d overdue against a ~1d expected cadence and needs attention.,,,False,2026-04-30
hfg,Hubbardton Forge,iPad+Catalog+Portal,36300.0,2022,92.7,Thriving,Hubbardton Forge is performing well across the board — every dimension is at 85 or higher and the overall score of 93 reflects consistent strength rather than one area carrying the others. No action needed; monitor at standard cadence.,85.0,"4,370 logins in 90 days — solid activity for this team size, with 93 of 182 reps logging in regularly and pace holding steady at 0.9x baseline. No engagement concern here.",100.0,Using every configured feature — nothing unused.,100.0,All configured channels are producing outcomes.,85.8,Catalog 94% complete; 8 of 9 import feeds healthy; Customers last ran with errors; data freshness critical — the Portal Invoice Tracking Data feed last ran 57d ago against a ~3d expected cadence.,,,False,2026-04-30
pf,Palecek ,iPad+Catalog,39009.96,2012,96.2,Thriving,Palecek  is performing well across the board — every dimension is at 85 or higher and the overall score of 96 reflects consistent strength rather than one area carrying the others. No action needed; monitor at standard cadence.,85.0,"6,256 logins in 90 days — solid activity for this team size, with 120 of 184 reps logging in regularly and pace holding steady at 1.3x baseline. No engagement concern here.",100.0,Using every configured feature — nothing unused.,100.0,All configured channels are producing outcomes.,99.6,Catalog 100% complete; all 10 import feeds healthy; data feeds running on cadence.,,,False,2026-04-30
kl,Coleto Brands | Kichler,iPad-only,9360.0,2022,55.4,Watch,"The platform isn't generating any measurable business outcomes for Coleto Brands | Kichler — no channel (orders, quotes, portal activity, or data flow) is currently producing results. Focus the next conversation on which channel was expected to convert activity into orders, and what is blocking it.",55.0,"435 logins in 90 days, but only 38 of 117 reps (32%) have logged in this quarter — most of the team isn't engaged. Pace is cooling off — worth monitoring at 0.6x baseline.",100.0,Using every configured feature — nothing unused.,0.0,"Only 0 of 2 applicable channels are producing outcomes. IPad order volume close but short — 5 orders in 90 days (threshold is 10, roughly one per week); sharing/quoting near zero (1 event in 90d). CS should identify the highest-impact gap and address it in the next touchpoint.",66.7,Catalog 91% complete; all 3 import feeds healthy; data freshness critical — the Images feed last ran 134d ago against a ~1d expected cadence.,,,False,2026-04-30
hmjc,Hancock & Moore / Jessica Charles,iPad-only,7908.84,2018,40.0,Watch,"Hancock & Moore / Jessica Charles's rep activity (17 engagement) and platform outcomes (33 value delivery) are both too low to support a healthy relationship. Re-establishing contact to understand why reps have gone quiet is the first step — determine whether this is a coverage gap, a product fit issue, or something else.",16.7,Only 14 logins in 90 days from just 5 of 118 reps (4%) — most of the team is not using the app this quarter. Prioritize an engagement call to identify adoption barriers.,60.0,Using 3 of 5 applicable features — real breadth gaps here. Reps aren't using sharing or quoting in the field — zero email drafts in 90 days; Sales Data is configured but no import has run in 90 days — check whether the feed is broken or the integration was never fully set up. CS should investigate the feed configuration and schedule a rep coaching session.,33.3,Only inventory is flowing — iPad order volume (0 orders) and sharing activity (0 events) are both near zero. Reps appear to be logging in but not converting activity into outcomes. CS should investigate whether reps are actively using the iPad in the field or just checking catalogs.,53.3,Ops concern — catalog 87% complete — healthy but with room to improve; all 4 import feeds healthy; data freshness critical — the Customers feed last ran 128d ago against a ~1d expected cadence — escalate to ops.,,,False,2026-04-30
eglo_can,EGLO Canada,iPad-only,7830.0,2024,77.9,Healthy,EGLO Canada is in Healthy territory (78) with a mixed profile — adoption (100) is the strongest area and value delivery (67) is the drag. Focus the next conversation on converting activity into outcomes; portal activation or an order-workflow review is the starting point.,67.3,"471 logins in 90 days is on the lower side for 19 enabled reps — 17 of 19 (89%) are active, but session depth is limited. Pace is cooling off — worth monitoring at 0.7x baseline.",100.0,Using every configured feature — nothing unused.,66.7,2 of 3 configured channels producing outcomes — reps are active but not using sharing/quoting in the field. A short demo of the share flow in the next QBR could move this.,77.6,"Catalog 100% complete (contract pricing — price check skipped); 3 of 5 import feeds healthy; Customers (62d ago), Sales Data (63d ago) last ran with errors; data freshness critical — the Images feed last ran 111d ago against a ~1d expected cadence.",,,False,2026-04-30
arl,Arabela Lighting,iPad-only,7830.0,2025,63.9,Healthy,"Arabela Lighting's reps are logging in consistently (engagement 82), but they are using only a portion of the platform — adoption (40) reflects a feature-coverage gap, not an activity problem. Run a targeted coaching session on the highest-ROI unused features to convert this activity into stronger outcomes.",82.3,"814 logins in 90 days — solid activity for this team size, with 50 of 62 reps logging in regularly and pace holding steady at 0.9x baseline. No engagement concern here.",40.0,Using 2 of 5 applicable features — real breadth gaps here. Smart Stacks haven't been used — a CS demo of the feature could unlock this; Inventory Management feed has gone quiet — no imports in 90 days; Sales Data is configured but no import has run in 90 days — check whether the feed is broken or the integration was never fully set up. CS should investigate the feed configuration and schedule a rep coaching session.,66.7,2 of 3 configured channels producing outcomes. Gap: Inventory feed has gone silent — no imports in 90d.,66.7,Catalog 100% complete (contract pricing — price check skipped); all 4 import feeds healthy; data freshness critical — the Product Stories feed last ran 121d ago against a ~1d expected cadence.,,,False,2026-04-30
cf,Century Furniture,iPad-only,7830.0,2013,40.0,Watch,"Century Furniture has the full platform configured and adopted, but rep logins have dropped off sharply — engagement is at 33 and the platform isn't generating observable outcomes. Outreach is needed to understand whether reps have gone dark on a coverage issue or whether a more fundamental re-engagement effort is required.",33.3,Only 43 logins in 90 days from just 8 of 80 reps (10%) — most of the team is not using the app this quarter. Prioritize an engagement call to identify adoption barriers.,100.0,Using every configured feature — nothing unused.,33.3,Only inventory is flowing — iPad order volume (0 orders) and sharing activity (2 events) are both near zero. Reps appear to be logging in but not converting activity into outcomes. CS should investigate whether reps are actively using the iPad in the field or just checking catalogs.,66.7,Catalog 94% complete; all 4 import feeds healthy; data freshness critical — the Customers feed last ran 100d ago against a ~1d expected cadence.,,,False,2026-04-30
hh,Highland House,iPad-only,7830.0,2013,40.0,Watch,"Highland House's rep activity (43 engagement) and platform outcomes (33 value delivery) are both too low to support a healthy relationship. Re-establishing contact to understand why reps have gone quiet is the first step — determine whether this is a coverage gap, a product fit issue, or something else.",43.3,Only 18 logins in 90 days from just 4 of 60 reps (7%) — most of the team is not using the app this quarter. Prioritize an engagement call to identify adoption barriers.,75.0,Using 3 of 4 applicable features — mostly adopted. Reps aren't using sharing or quoting in the field — zero email drafts in 90 days.,33.3,Only inventory is flowing — iPad order volume (0 orders) and sharing activity (0 events) are both near zero. Reps appear to be logging in but not converting activity into outcomes. CS should investigate whether reps are actively using the iPad in the field or just checking catalogs.,45.0,Ops concern — catalog 79% complete — healthy but with room to improve; 3 of 4 import feeds healthy; Products (65d ago) last ran with errors; data freshness critical — the Customers feed last ran 128d ago against a ~1d expected cadence — escalate to ops.,,,False,2026-04-30
luc,Lucas McKearn,iPad-only,7830.0,2025,53.5,Watch,"Lucas McKearn is in Watch (54) with a mixed performance profile — no single dimension dominates, but value delivery (33) is the largest gap. Focus the next conversation on what is blocking orders or portal adoption — converting activity into outcomes is the priority.",65.0,"83 logins in 90 days is on the lower side for 21 enabled reps — 11 of 21 (52%) are active, but session depth is limited. Pace is holding steady at 1.1x baseline.",60.0,"Using 3 of 5 applicable features — real breadth gaps here. Inventory Management feed has gone quiet — no imports in 90 days; Sales Data is configured but no import has run in 90 days — check whether the feed is broken or the integration was never fully set up. CS should check the integration setup — this may be a broken feed, not a usage gap.",33.3,Only 1 of 3 applicable channels are producing outcomes. No iPad orders submitted in 90 days — reps are not converting activity into orders; inventory feed has gone silent — no imports in 90d. CS should identify the highest-impact gap and address it in the next touchpoint.,55.6,Ops concern — catalog 100% complete (contract pricing — price check skipped); 2 of 3 import feeds healthy; Products (94d ago) last ran with errors; data freshness critical — the Images feed last ran 94d ago against a ~1d expected cadence — escalate to ops.,,,False,2026-04-30
vce,Visual Comfort Europe,iPad-only,7830.0,2022,92.2,Thriving,Visual Comfort Europe is performing well across the board — every dimension is at 82 or higher and the overall score of 92 reflects consistent strength rather than one area carrying the others. No action needed; monitor at standard cadence.,82.3,"524 logins in 90 days — solid activity for this team size, with 18 of 23 reps logging in regularly and pace holding steady at 0.9x baseline. No engagement concern here.",100.0,Using every configured feature — nothing unused.,100.0,All configured channels are producing outcomes.,86.5,Catalog 61% complete — healthy but with room to improve; all 6 import feeds healthy; data feeds running on cadence.,,,False,2026-04-30
mpc,Pioneer Morton,iPad+Catalog+Cart,15282.0,2015,68.8,Healthy,Pioneer Morton is in Healthy territory (69) with a mixed profile — operational health (99) is the strongest area and value delivery (50) is the drag. Focus the next conversation on converting activity into outcomes; portal activation or an order-workflow review is the starting point.,66.0,"1,979 logins in 90 days, but only 13 of 248 reps (5%) have logged in this quarter — most of the team isn't engaged. Pace is holding steady at 0.9x baseline.",60.0,Using 3 of 5 applicable features — real breadth gaps here. eCat Online Catalog is enabled but no portal traffic in 90 days; Online Ordering (B2B Cart) is enabled but no portal orders in 90 days. CS should schedule a rep coaching session to build these habits.,50.0,Only 2 of 4 applicable channels are producing outcomes. Online catalog is enabled but no portal traffic in 90d; B2B Cart is configured but no portal orders in 90d. CS should identify the highest-impact gap and address it in the next touchpoint.,99.4,Catalog 99% complete (contract pricing — price check skipped); all 4 import feeds healthy; data feeds running on cadence.,,,False,2026-04-30
all,Accord Lighting,iPad-only,12920.04,2023,62.3,Healthy,Accord Lighting is in Healthy territory (62) with a mixed profile — engagement (77) is the strongest area and operational health (47) is the drag. Addressing catalog and import health in the next review cycle is the cleanest path back toward Thriving.,76.7,"630 logins in 90 days — solid activity for this team size, with 46 of 68 reps logging in regularly and pace holding steady at 0.9x baseline. No engagement concern here.",75.0,Using 3 of 4 applicable features — mostly adopted. Sales Data is configured but no import has run in 90 days — check whether the feed is broken or the integration was never fully set up.,50.0,Only 1 of 2 applicable channels are producing outcomes. No meaningful iPad order activity — only 4 orders in 90 days (threshold is 10). CS should identify the highest-impact gap and address it in the next touchpoint.,47.4,Ops concern — catalog completeness at 2% (contract pricing — price check skipped) is a blocker for field use — reps are working with incomplete product data; flag for a catalog audit; all 2 import feeds healthy; data freshness critical — the Images feed last ran 106d ago against a ~1d expected cadence — escalate to ops.,,,False,2026-04-30
gh,Gabby,Full,24336.0,2013,90.8,Thriving,"Gabby is performing well overall (91) — operational health (73) is the relative drag, but every dimension is in acceptable shape. Monitor at standard cadence.",90.7,"6,178 logins in 90 days — solid activity for this team size, with 58 of 77 reps logging in regularly and pace holding steady at 1.3x baseline. No engagement concern here. Rep headcount estimated from annual login history (portal accounts excluded from denominator).",100.0,Using every configured feature — nothing unused.,100.0,All configured channels are producing outcomes.,72.7,Catalog completeness at 59% (contract pricing — price check skipped) is a blocker for field use — reps are working with incomplete product data; flag for a catalog audit; all 14 import feeds healthy; data feeds running on cadence.,,,False,2026-04-30
gcl,Geo Contemporary,iPad-only,9864.96,2024,75.5,Healthy,"Geo Contemporary's reps are logging in consistently (engagement 72), but they are using only a portion of the platform — adoption (50) reflects a feature-coverage gap, not an activity problem. Run a targeted coaching session on the highest-ROI unused features to convert this activity into stronger outcomes.",71.7,"329 logins in 90 days is on the lower side for 35 enabled reps — 24 of 35 (69%) are active, but session depth is limited. Pace is holding steady at 0.9x baseline.",50.0,Using 2 of 4 applicable features — real breadth gaps here. Smart Stacks haven't been used — a CS demo of the feature could unlock this; Sales Data is configured but no import has run in 90 days — check whether the feed is broken or the integration was never fully set up. CS should investigate the feed configuration and schedule a rep coaching session.,100.0,All configured channels are producing outcomes.,80.2,Catalog 87% complete (contract pricing — price check skipped) — healthy but with room to improve; all 6 import feeds healthy; data feeds running on cadence.,,,False,2026-04-30
mh,Magnussen Home,iPad-only,17420.04,2023,96.2,Thriving,Magnussen Home is performing well across the board — every dimension is at 91 or higher and the overall score of 96 reflects consistent strength rather than one area carrying the others. No action needed; monitor at standard cadence.,94.0,"4,353 logins in 90 days — solid activity for this team size, with 73 of 91 reps logging in regularly and pace accelerating at 1.9x baseline. No engagement concern here.",100.0,Using every configured feature — nothing unused.,100.0,All configured channels are producing outcomes.,90.6,"Catalog 97% complete (contract pricing — price check skipped); 6 of 8 import feeds healthy; Sales Data, Taxonomies last ran with errors; data feeds mostly on cadence — Customers is 58d overdue against a ~4d expected cadence and needs attention.",,,False,2026-04-30
asi,Abaline Supply Inc.,Full,25684.56,2011,84.4,Thriving,Abaline Supply Inc. is in Thriving territory (84) with a mixed profile — value delivery (100) is the strongest area and engagement (66) is the drag. Monitor closely — an engagement dip in an otherwise Thriving account is an early warning worth tracking.,66.0,"1,854 logins in 90 days, but only 33 of 275 reps (12%) have logged in this quarter — most of the team isn't engaged. Pace is holding steady at 0.8x baseline.",85.7,Using 6 of 7 applicable features — mostly adopted. Sales Portal is enabled but reps haven't opened it in 90 days — consider a rep training touchpoint.,100.0,All configured channels are producing outcomes.,85.8,Catalog 65% complete (contract pricing — price check skipped) — healthy but with room to improve; all 7 import feeds healthy; data feeds running on cadence.,,,False,2026-04-30
kkc,Kindel Karges Furniture,iPad-only,9540.0,2016,64.2,Healthy,Kindel Karges Furniture is in Healthy territory (64) with a mixed profile — adoption (75) is the strongest area and value delivery (50) is the drag. Focus the next conversation on converting activity into outcomes; portal activation or an order-workflow review is the starting point.,65.0,"238 logins in 90 days, but only 26 of 79 reps (33%) have logged in this quarter — most of the team isn't engaged. Pace is holding steady at 1.3x baseline.",75.0,Using 3 of 4 applicable features — mostly adopted. Sales Data is configured but no import has run in 90 days — check whether the feed is broken or the integration was never fully set up.,50.0,Only 1 of 2 applicable channels are producing outcomes. No iPad orders submitted in 90 days — reps are not converting activity into orders. CS should identify the highest-impact gap and address it in the next touchpoint.,66.7,Catalog 100% complete (contract pricing — price check skipped); all 3 import feeds healthy; data freshness critical — the Products feed last ran 7d ago against a ~1d expected cadence.,,,False,2026-04-30
clc,Capital Lighting Fixture Co.,Full,28059.96,2012,83.7,Thriving,"Capital Lighting Fixture Co. is in Thriving territory (84), but the score sits just above the Healthy cutoff — engagement (81) is the relative weakness while adoption (88) is doing the lifting. A focused check-in on engagement would solidify the Thriving position before any drift sets in.",81.0,"1,923 logins in 90 days — solid activity for this team size, with 59 of 84 reps logging in regularly and pace holding steady at 0.8x baseline. No engagement concern here. Rep headcount estimated from annual login history (portal accounts excluded from denominator).",87.5,Using 7 of 8 applicable features — mostly adopted. Inventory Management feed has gone quiet — no imports in 90 days.,83.3,5 of 6 configured channels producing outcomes. Gap: Inventory feed has gone silent — no imports in 90d.,82.8,Catalog 100% complete; all 8 import feeds healthy; data freshness critical — the Import File Processing feed last ran 136d ago against a ~1d expected cadence.,,,False,2026-04-30
shl,Savoy House Lighting,Full,25700.04,2012,86.3,Thriving,"Savoy House Lighting is performing well overall (86) — operational health (81) is the relative drag, but every dimension is in acceptable shape. Monitor at standard cadence.",81.0,"2,178 logins in 90 days — solid activity for this team size, with 51 of 75 reps logging in regularly and pace holding steady at 0.8x baseline. No engagement concern here. Rep headcount estimated from annual login history (portal accounts excluded from denominator).",100.0,Using every configured feature — nothing unused.,83.3,"5 of 6 configured channels producing outcomes. Gap: IPad order volume close but short — 8 orders in 90 days (threshold is 10, roughly one per week).",80.9,"Catalog 99% complete (contract pricing — price check skipped); 5 of 9 import feeds healthy; Customers, Inventory, Portal Invoices, Products last ran with errors; data feeds mostly on cadence — Images is 29d overdue against a ~6d expected cadence and needs attention.",1 open conversation(s) tagged: l3 - engineering intervention,26.0,False,2026-04-30
bsc,Butler Specialty Company,iPad-only,6960.0,2011,85.5,Thriving,"Butler Specialty Company is performing well overall (86) — operational health (70) is the relative drag, but every dimension is in acceptable shape. Monitor at standard cadence.",71.7,"313 logins in 90 days is on the lower side for 19 enabled reps — 11 of 19 (58%) are active, but session depth is limited. Pace is holding steady at 1.3x baseline.",100.0,Using every configured feature — nothing unused.,100.0,All configured channels are producing outcomes.,70.5,Catalog 99% complete; all 5 import feeds healthy; data freshness critical — the Multifile Import feed last ran 17d ago against a ~1d expected cadence.,,,False,2026-04-30
sp,"Sabine Pools, Spas, & Furnitur",iPad-only,6960.0,2018,61.4,Healthy,"Sabine Pools, Spas, & Furnitur is in Healthy territory (61) with a mixed profile — adoption (67) is the strongest area and value delivery (50) is the drag. Focus the next conversation on converting activity into outcomes; portal activation or an order-workflow review is the starting point.",65.0,"271 logins in 90 days, but only 6 of 13 reps (46%) have logged in this quarter — most of the team isn't engaged. Pace is holding steady at 1.3x baseline.",66.7,Using 2 of 3 applicable features — real breadth gaps here. Smart Stacks haven't been used — a CS demo of the feature could unlock this. CS should schedule a rep coaching session to build these habits.,50.0,Only 1 of 2 applicable channels are producing outcomes. Sharing/quoting near zero (1 event in 90d). CS should identify the highest-impact gap and address it in the next touchpoint.,64.0,"Catalog 79% complete — healthy but with room to improve; 4 of 7 import feeds healthy; Kit Items, Options, Products last ran with errors; data freshness critical — the Kit Items feed last ran 53d ago against a ~4d expected cadence.",,,False,2026-04-30
sbl,Schonbek Lighting,iPad-only,17624.52,2023,86.9,Thriving,Schonbek Lighting is in Thriving territory (87) with a mixed profile — adoption (100) is the strongest area and operational health (67) is the drag. Address the data infrastructure when the next review cycle allows — the rest of the picture is strong enough to support it.,81.0,"1,528 logins in 90 days — solid activity for this team size, with 85 of 130 reps logging in regularly and pace holding steady at 0.9x baseline. No engagement concern here.",100.0,Using every configured feature — nothing unused.,100.0,All configured channels are producing outcomes.,66.7,"Catalog 100% complete (contract pricing — price check skipped); 2 of 6 import feeds healthy; Customers (128d ago), Inventory, Products, Sales Data last ran with errors; data freshness critical — the Customers feed last ran 128d ago against a ~1d expected cadence.",,,False,2026-04-30
mli,Maxim Lighting ,iPad-only,19236.6,2019,81.5,Thriving,Maxim Lighting  is in Thriving territory (82) with a mixed profile — adoption (100) is the strongest area and value delivery (67) is the drag. Investigate why activity is not converting into outcomes — an order pipeline review or portal activation check is the starting point.,90.7,"4,662 logins in 90 days — solid activity for this team size, with 70 of 81 reps logging in regularly and pace holding steady at 1.1x baseline. No engagement concern here.",100.0,Using every configured feature — nothing unused.,66.7,"2 of 3 configured channels producing outcomes. Gap: IPad order volume close but short — 8 orders in 90 days (threshold is 10, roughly one per week).",68.6,Catalog 66% complete (contract pricing — price check skipped) — healthy but with room to improve; all 6 import feeds healthy; data freshness critical — the Images feed last ran 83d ago against a ~1d expected cadence.,,,False,2026-04-30
kll,Kuzco Lighting Inc.,Full,26780.04,2022,91.8,Thriving,Kuzco Lighting Inc. is performing well across the board — every dimension is at 81 or higher and the overall score of 92 reflects consistent strength rather than one area carrying the others. No action needed; monitor at standard cadence.,81.0,"1,827 logins in 90 days — solid activity for this team size, with 60 of 102 reps logging in regularly and pace holding steady at 0.8x baseline. No engagement concern here. Rep headcount estimated from annual login history (portal accounts excluded from denominator).",87.5,Using 7 of 8 applicable features — mostly adopted. Sales Data is configured but no import has run in 90 days — check whether the feed is broken or the integration was never fully set up.,100.0,All configured channels are producing outcomes.,98.7,Catalog 97% complete; all 7 import feeds healthy; data feeds mostly on cadence — Images is 110d overdue against a ~1d expected cadence and needs attention.,,,False,2026-04-30
ufi,Universal Furniture,iPad+Catalog+Portal,25475.04,2011,97.7,Thriving,Universal Furniture is performing well across the board — every dimension is at 91 or higher and the overall score of 98 reflects consistent strength rather than one area carrying the others. No action needed; monitor at standard cadence.,90.7,"6,802 logins in 90 days — solid activity for this team size, with 75 of 95 reps logging in regularly and pace holding steady at 1.4x baseline. No engagement concern here.",100.0,Using every configured feature — nothing unused.,100.0,All configured channels are producing outcomes.,100.0,Catalog 100% complete; all 6 import feeds healthy; data feeds running on cadence.,,,False,2026-04-30
scw,Summer Classics,Full,38779.44,2014,92.8,Thriving,Summer Classics is performing well across the board — every dimension is at 85 or higher and the overall score of 93 reflects consistent strength rather than one area carrying the others. No action needed; monitor at standard cadence.,85.0,"7,324 logins in 90 days — solid activity for this team size, with 61 of 83 reps logging in regularly and pace holding steady at 1.4x baseline. No engagement concern here. Rep headcount estimated from annual login history (portal accounts excluded from denominator).",100.0,Using every configured feature — nothing unused.,100.0,All configured channels are producing outcomes.,86.0,Catalog 70% complete (contract pricing — price check skipped) — healthy but with room to improve; all 15 import feeds healthy; data feeds mostly on cadence — Matrix Options is 104d overdue against a ~20d expected cadence and needs attention.,,,False,2026-04-30
wac,WAC/Modern Forms Lighting,iPad-only,22104.0,2023,91.7,Thriving,"WAC/Modern Forms Lighting is performing well overall (92) — engagement (75) is the relative drag, but every dimension is in acceptable shape. Monitor at standard cadence.",75.0,"3,399 logins in 90 days — solid activity for this team size, with 96 of 160 reps logging in regularly and pace cooling off — worth monitoring at 0.7x baseline. No engagement concern here.",100.0,Using every configured feature — nothing unused.,100.0,All configured channels are producing outcomes.,91.7,Catalog 100% complete (contract pricing — price check skipped); 5 of 6 import feeds healthy; Products last ran with errors; data feeds mostly on cadence — Product Stories is 112d overdue against a ~1d expected cadence and needs attention.,,,False,2026-04-30
clm,Crystorama,iPad+Catalog+Portal,30480.0,2013,84.3,Thriving,Crystorama is in Thriving territory (84) with a mixed profile — adoption (100) is the strongest area and engagement (66) is the drag. Monitor closely — an engagement dip in an otherwise Thriving account is an early warning worth tracking.,66.0,"2,150 logins in 90 days, but only 66 of 746 reps (9%) have logged in this quarter — most of the team isn't engaged. Pace is holding steady at 0.8x baseline.",100.0,Using every configured feature — nothing unused.,100.0,All configured channels are producing outcomes.,71.2,Catalog 100% complete; 7 of 8 import feeds healthy; Products last ran with errors; data freshness critical — the Multifile Import feed last ran 16d ago against a ~1d expected cadence.,,,False,2026-04-30
ap,Alden Home,iPad+Catalog+Cart,11040.0,2011,64.0,Healthy,Alden Home is in Healthy territory (64) with a mixed profile — engagement (75) is the strongest area and value delivery (40) is the drag. Focus the next conversation on converting activity into outcomes; portal activation or an order-workflow review is the starting point.,75.0,"387 logins in 90 days — solid activity for this team size, with 13 of 19 reps logging in regularly and pace accelerating at 1.7x baseline. No engagement concern here. Rep headcount estimated from annual login history (portal accounts excluded from denominator).",66.7,Using 4 of 6 applicable features — real breadth gaps here. eCat Online Catalog is enabled but no portal traffic in 90 days; Online Ordering (B2B Cart) is enabled but no portal orders in 90 days. CS should schedule a rep coaching session to build these habits.,40.0,Only 2 of 5 applicable channels are producing outcomes. No iPad orders submitted in 90 days — reps are not converting activity into orders; online catalog is enabled but no portal traffic in 90d. CS should identify the highest-impact gap and address it in the next touchpoint.,74.5,Catalog 79% complete — healthy but with room to improve; 5 of 6 import feeds healthy; Inventory last ran with errors; data feeds running on cadence.,,,False,2026-04-30
fms,Visual Comfort - Studio /Fans,iPad-only,15439.44,2019,85.2,Thriving,Visual Comfort - Studio /Fans is in Thriving territory (85) with a mixed profile — adoption (100) is the strongest area and operational health (63) is the drag. Address the data infrastructure when the next review cycle allows — the rest of the picture is strong enough to support it.,78.3,"4,066 logins in 90 days — solid activity for this team size, with 89 of 193 reps logging in regularly and pace holding steady at 0.8x baseline. No engagement concern here.",100.0,Using every configured feature — nothing unused.,100.0,All configured channels are producing outcomes.,62.7,"Catalog 88% complete — healthy but with room to improve; 2 of 5 import feeds healthy; Customers (65d ago), Products, Sales Data last ran with errors; data feeds mostly on cadence — Customers is 66d overdue against a ~1d expected cadence and needs attention.",,,False,2026-04-30
tla,Visual Comfort - Modern,iPad-only,13567.44,2019,82.5,Thriving,Visual Comfort - Modern is in Thriving territory (82) with a mixed profile — adoption (100) is the strongest area and operational health (56) is the drag. Address the data infrastructure when the next review cycle allows — the rest of the picture is strong enough to support it.,74.3,"2,387 logins in 90 days, but only 82 of 187 reps (44%) have logged in this quarter — most of the team isn't engaged. Pace is holding steady at 0.8x baseline.",100.0,Using every configured feature — nothing unused.,100.0,All configured channels are producing outcomes.,55.8,"Ops concern — catalog completeness at 27% is a blocker for field use — reps are working with incomplete product data; flag for a catalog audit; 3 of 5 import feeds healthy; Customers (65d ago), Sales Data last ran with errors; data feeds mostly on cadence — Customers is 66d overdue against a ~1d expected cadence and needs attention.",,,False,2026-04-30
hvl,Hudson Valley Lighting,iPad-only,5405.04,2016,40.0,Watch,"Hudson Valley Lighting's rep activity (47 engagement) and platform outcomes (0 value delivery) are both too low to support a healthy relationship. Re-establishing contact to understand why reps have gone quiet is the first step — determine whether this is a coverage gap, a product fit issue, or something else.",46.7,"Low engagement: 382 logins in 90 days from 38 of 175 reps (22% active), pace is cooling off — worth monitoring at 0.7x baseline. Below-threshold activity across the board — proactive outreach warranted.",75.0,Using 3 of 4 applicable features — mostly adopted. Sales Data is configured but no import has run in 90 days — check whether the feed is broken or the integration was never fully set up.,0.0,Only 0 of 2 applicable channels are producing outcomes. No iPad orders submitted in 90 days — reps are not converting activity into orders; sharing/quoting near zero (2 events in 90d). CS should identify the highest-impact gap and address it in the next touchpoint.,66.7,Catalog 92% complete; all 2 import feeds healthy; data freshness critical — the Products feed last ran 105d ago against a ~1d expected cadence.,,,False,2026-04-30
st,Sixtrees Limited,iPad+Catalog,6960.0,2015,40.0,Watch,"Sixtrees Limited's data infrastructure is healthy, but reps aren't using the platform — engagement is at 33 and no business outcomes are being generated. The infrastructure isn't the problem; this is a rep adoption and activation conversation.",33.3,Only 7 logins in 90 days from just 1 of 22 reps (5%) — most of the team is not using the app this quarter. Prioritize an engagement call to identify adoption barriers.,40.0,Using 2 of 5 applicable features — real breadth gaps here. Reps aren't using sharing or quoting in the field — zero email drafts in 90 days; eCat Online Catalog is enabled but no portal traffic in 90 days; Sales Data is configured but no import has run in 90 days — check whether the feed is broken or the integration was never fully set up. CS should investigate the feed configuration and schedule a rep coaching session.,0.0,Only 0 of 3 applicable channels are producing outcomes. No iPad orders submitted in 90 days — reps are not converting activity into orders; sharing/quoting near zero (0 events in 90d). CS should identify the highest-impact gap and address it in the next touchpoint.,100.0,Catalog 98% complete; all 2 import feeds healthy; data feeds running on cadence.,,,False,2026-04-30
vl,Ciana Varaluz LLC,iPad+Catalog+Portal,11420.04,2019,91.7,Thriving,Ciana Varaluz LLC is performing well across the board — every dimension is at 81 or higher and the overall score of 92 reflects consistent strength rather than one area carrying the others. No action needed; monitor at standard cadence.,81.0,"1,081 logins in 90 days — solid activity for this team size, with 63 of 90 reps logging in regularly and pace holding steady at 1.1x baseline. No engagement concern here.",100.0,Using every configured feature — nothing unused.,100.0,All configured channels are producing outcomes.,85.8,"Catalog 100% complete; 4 of 6 import feeds healthy; Customers (128d ago), Inventory last ran with errors; data feeds mostly on cadence — Customers is 128d overdue against a ~1d expected cadence and needs attention.",,,False,2026-04-30
pw,Philip Whitney,iPad-only,4500.0,2012,62.2,Healthy,Philip Whitney is in Healthy territory (62) with a mixed profile — operational health (82) is the strongest area and value delivery (33) is the drag. Focus the next conversation on converting activity into outcomes; portal activation or an order-workflow review is the starting point.,58.3,"89 logins in 90 days is on the lower side for 45 enabled reps — 14 of 45 (31%) are active, but session depth is limited. Pace is holding steady at 1.0x baseline.",75.0,Using 3 of 4 applicable features — mostly adopted. Reps aren't using sharing or quoting in the field — zero email drafts in 90 days.,33.3,Only inventory is flowing — iPad order volume (0 orders) and sharing activity (0 events) are both near zero. Reps appear to be logging in but not converting activity into outcomes. CS should investigate whether reps are actively using the iPad in the field or just checking catalogs.,82.1,Catalog 81% complete — healthy but with room to improve; all 4 import feeds healthy; data feeds mostly on cadence — Customers is 128d overdue against a ~1d expected cadence and needs attention.,,,False,2026-04-30
ssi,"Studio Silversmiths, Inc.",iPad-only,4500.0,2011,68.4,Healthy,"Studio Silversmiths, Inc. is in Healthy territory (68) with a mixed profile — adoption (100) is the strongest area and value delivery (33) is the drag. Focus the next conversation on converting activity into outcomes; portal activation or an order-workflow review is the starting point.",58.3,"135 logins in 90 days is on the lower side for 46 enabled reps — 18 of 46 (39%) are active, but session depth is limited. Pace is holding steady at 0.8x baseline.",100.0,Using every configured feature — nothing unused.,33.3,Only inventory is flowing — iPad order volume (0 orders) and sharing activity (2 events) are both near zero. Reps appear to be logging in but not converting activity into outcomes. CS should investigate whether reps are actively using the iPad in the field or just checking catalogs.,82.0,Catalog 88% complete — healthy but with room to improve; all 3 import feeds healthy; data feeds mostly on cadence — Customers is 14d overdue against a ~2d expected cadence and needs attention.,,,False,2026-04-30
rac,Ricci Argentieri Company,iPad-only,4539.96,2011,90.5,Thriving,Ricci Argentieri Company is in Thriving territory (90) with a mixed profile — adoption (100) is the strongest area and engagement (67) is the drag. Monitor closely — an engagement dip in an otherwise Thriving account is an early warning worth tracking.,66.7,"658 logins in 90 days from 26 of 46 reps (57% active), but pace is cooling off — worth monitoring at 0.7x baseline — worth monitoring for continued fade.",100.0,Using every configured feature — nothing unused.,100.0,All configured channels are producing outcomes.,95.2,Catalog 95% complete; all 3 import feeds healthy; data feeds mostly on cadence — Customers is 128d overdue against a ~1d expected cadence and needs attention.,,,False,2026-04-30
tl,Troy Lighting,iPad-only,4392.0,2021,40.0,Watch,"Troy Lighting's rep activity (47 engagement) and platform outcomes (0 value delivery) are both too low to support a healthy relationship. Re-establishing contact to understand why reps have gone quiet is the first step — determine whether this is a coverage gap, a product fit issue, or something else.",46.7,Only 222 logins in 90 days from just 32 of 164 reps (20%) — most of the team is not using the app this quarter. Prioritize an engagement call to identify adoption barriers.,75.0,Using 3 of 4 applicable features — mostly adopted. Sales Data is configured but no import has run in 90 days — check whether the feed is broken or the integration was never fully set up.,0.0,Only 0 of 2 applicable channels are producing outcomes. No iPad orders submitted in 90 days — reps are not converting activity into orders; sharing/quoting near zero (1 event in 90d). CS should identify the highest-impact gap and address it in the next touchpoint.,73.3,Catalog completeness at 22% is a blocker for field use — reps are working with incomplete product data; flag for a catalog audit; all 2 import feeds healthy; data feeds running on cadence.,,,False,2026-04-30
