BaseItemCode,LongDesc,ShortDesc,TradeNameCode,CollectionCodes,CategoryCodes,Hideable,RelatedItems,materials,dimensions,shipweight,UPCValue,ImageFileName,NetPrice,Price_MAP,Price_MSRP,OptionSet1,OptionSet1Required,OptionSet2,OptionSet3,OptionSet4,OptionSet5,OptionSet6,OptionSet7,OptionSet8,Genre,Subcategory,GasElectricDual,SecondaryFinish,GlassFeatures,Extension,BackplateWidth,BackplateHeight,CanopyWidth,CanopyHeight,BulbBase,BulbCount,WattsPerBulb,TotalWattage,Voltage,BulbIncluded,BulbTypeRequired,MarineGrade,DarkSky,LocationRating,ADA,Certifications,Title20,Title24,Prop65,SpecSheet,MarketingCopy,Warranty,CountryOfOrigin,PackedVolume,PackQuantity,MinimumQuantity,PromotionPrice,NewItem
16WST,"CopperSmith 16"" Wildlife Friendly Copper Wall Sconce",,The CopperSmith,Turtle Friendly Wall Sconces,"Sconces,Wildlife Friendly",,,Copper,"16""H x 5""W x 5""D",5,843411103713,https://s3.us-west-2.amazonaws.com/catsy.962/_lg/4075886576/16WST.jpg,139,278,306,FIN001,Y,,,,,,,,Wildlife Friendly,,Electric,,,5,5,16,,,E26,1,60,60,120,No,A,Yes,,Wet,No,CSA,This product is compliant with California Title 20 requirements when sold and shipped with a light source. Any included lamping must meet California Title 20 standards.,This decorative fixture is not title 24 ja8 certified. Compliance may be achieved when installed with a customer-provided ja8-compliant light source.,WARNING: This product may expose you to chemicals including lead and other substances known to the State of California to cause cancer and k birth defects or other reproductive harm. For more information visit www.P65Warnings.ca.gov,16WST_Spec,"Our Turtle Friendly Wildlife Lighting is crafted as a wall-mounted lantern, built from solid copper and designed to age gracefully with a natural patina. It provides electric illumination for everyday exterior use and complements both traditional and coastal architecture.",https://thecoppersmith.net/warranty-return/,China,0,1,1,,
16WSTH,"CopperSmith 16"" Wildlife Friendly Hammered Copper Wall Sconce",,The CopperSmith,Turtle Friendly Wall Sconces,"Sconces,Wildlife Friendly",,,Copper,"16""H x 5""W",5,843411103720,https://s3.us-west-2.amazonaws.com/catsy.962/_lg/4075886579/16WSTH.jpg,163,326,359,FIN001,Y,,,,,,,,Wildlife Friendly,,Electric,,,5,5,16,,,E26,1,60,60,120,No,A,Yes,,Wet,No,CSA,This product is compliant with California Title 20 requirements when sold and shipped with a light source. Any included lamping must meet California Title 20 standards.,This decorative fixture is not title 24 ja8 certified. Compliance may be achieved when installed with a customer-provided ja8-compliant light source.,WARNING: This product may expose you to chemicals including lead and other substances known to the State of California to cause cancer and k birth defects or other reproductive harm. For more information visit www.P65Warnings.ca.gov,16WSTH_Spec,"Our Turtle Friendly Wildlife Lighting is crafted as a wall-mounted lantern, built from solid copper and designed to age gracefully with a natural patina. It provides electric illumination for everyday exterior use and complements both traditional and coastal architecture.",https://thecoppersmith.net/warranty-return/,China,0,1,1,,
9WST,"CopperSmith 9"" Wildlife Friendly Copper Wall Sconce",,The CopperSmith,Turtle Friendly Wall Sconces,"Sconces,Wildlife Friendly",,,Copper,"9""H x 5""W x 5""D",4,843411103652,https://s3.us-west-2.amazonaws.com/catsy.962/_lg/4075886577/9WST.jpg,98,196,216,FIN001,Y,,,,,,,,Wildlife Friendly,,Electric,,,5,5,9,,,E26,1,60,60,120,No,A,Yes,,Wet,No,CSA,This product is compliant with California Title 20 requirements when sold and shipped with a light source. Any included lamping must meet California Title 20 standards.,This decorative fixture is not title 24 ja8 certified. Compliance may be achieved when installed with a customer-provided ja8-compliant light source.,WARNING: This product may expose you to chemicals including lead and other substances known to the State of California to cause cancer and k birth defects or other reproductive harm. For more information visit www.P65Warnings.ca.gov,9WST_Spec,"Our Turtle Friendly Wildlife Lighting is crafted as a wall-mounted lantern, built from solid copper and designed to age gracefully with a natural patina. It provides electric illumination for everyday exterior use and complements both traditional and coastal architecture.",https://thecoppersmith.net/warranty-return/,China,0,1,1,,
9WSTH,"CopperSmith 9"" Wildlife Friendly Hammered Copper Wall Sconce",,The CopperSmith,Turtle Friendly Wall Sconces,"Sconces,Wildlife Friendly",,,Copper,"9""H x 5""W",4,843411103669,https://s3.us-west-2.amazonaws.com/catsy.962/_lg/4075886578/9WSTH.jpg,139,278,306,FIN001,Y,,,,,,,,Wildlife Friendly,,Electric,,,5,5,9,,,E26,1,60,60,120,No,A,Yes,Configuration Available,Wet,No,CSA,This product is compliant with California Title 20 requirements when sold and shipped with a light source. Any included lamping must meet California Title 20 standards.,This decorative fixture is not title 24 ja8 certified. Compliance may be achieved when installed with a customer-provided ja8-compliant light source.,WARNING: This product may expose you to chemicals including lead and other substances known to the State of California to cause cancer and k birth defects or other reproductive harm. For more information visit www.P65Warnings.ca.gov,9WSTH_Spec,"Our Turtle Friendly Wildlife Lighting is crafted as a wall-mounted lantern, built from solid copper and designed to age gracefully with a natural patina. It provides electric illumination for everyday exterior use and complements both traditional and coastal architecture.",https://thecoppersmith.net/warranty-return/,China,0,1,1,,
AC15E,CopperSmith Arcadia 15 Electric Lantern Wall Sconce,,The CopperSmith,Arcadia,"Flush Mount,Electric Lanterns",,"ADS,703001,703002",Copper,"15.25""H x 8""W x 6""D",,843411103195,https://s3.us-west-2.amazonaws.com/catsy.962/_lg/4075985975/AC15E.jpg,184,368,405,FIN001,Y,,,,,,ELE001,,Flush Mount,,Electric,Brass,Tempered Glass,6,,,,,E12,1,60,60,120,No,B,Yes,Configuration Available,Wet,,,This product is compliant with California Title 20 requirements when sold and shipped with a light source. Any included lamping must meet California Title 20 standards.,This decorative fixture is not title 24 ja8 certified. Compliance may be achieved when installed with a customer-provided ja8-compliant light source.,WARNING: This product may expose you to chemicals including lead and other substances known to the State of California to cause cancer and k birth defects or other reproductive harm. For more information visit www.P65Warnings.ca.gov,AC15E,"Our Arcadia lantern is designed for flush wall installation, offering a clean architectural profile ideal for entries, porches, and sheltered outdoor corridors. Handcrafted from solid copper, it provides electric illumination and delivers dependable performance in any climate.",https://thecoppersmith.net/warranty-return/,China,0,1,1,,
AC18E,CopperSmith Arcadia 18 Electric Lantern Wall Sconce,,The CopperSmith,Arcadia,"Flush Mount,Electric Lanterns",,"ADS,CSHI,HSI1,HSI2,TLA,703001,703002",Copper,"17.5""H x 10.5""W x 7.25""D",,843411103225,ac18e.jpg,222,444,488,FIN001,Y,,,,,DEC001,ELE002,,Flush Mount,,Electric,Brass,Tempered Glass,7.25,,,,,E12,2,60,120,120,No,B,Yes,Configuration Available,Wet,,,This product is compliant with California Title 20 requirements when sold and shipped with a light source. Any included lamping must meet California Title 20 standards.,This decorative fixture is not title 24 ja8 certified. Compliance may be achieved when installed with a customer-provided ja8-compliant light source.,WARNING: This product may expose you to chemicals including lead and other substances known to the State of California to cause cancer and k birth defects or other reproductive harm. For more information visit www.P65Warnings.ca.gov,AC18E,"Our Arcadia lantern is designed for flush wall installation, offering a clean architectural profile ideal for entries, porches, and sheltered outdoor corridors. Handcrafted from solid copper, it provides electric illumination and delivers dependable performance in any climate.",https://thecoppersmith.net/warranty-return/,China,0,1,1,,
AC18G,CopperSmith Arcadia 18 Gas Lantern Wall Sconce,,The CopperSmith,Arcadia,"Flush Mount,Gas Lanterns",,"WGS,GLC,ADS,TLA",Copper,"17.5""H x 10.5""W x 7.25""D",,843411103218,https://s3.us-west-2.amazonaws.com/catsy.962/_lg/4075985972/AC18G.jpg,222,444,488,FIN001,Y,,,,,DEC001,ELE003,GAS001,Flush Mount,,Gas,Brass,Tempered Glass,7.25,,,,,,,,,,,,Yes,Configuration Available,Wet,,,This product is compliant with California Title 20 requirements when sold and shipped with a light source. Any included lamping must meet California Title 20 standards.,This decorative fixture is not title 24 ja8 certified. Compliance may be achieved when installed with a customer-provided ja8-compliant light source.,WARNING: This product may expose you to chemicals including lead and other substances known to the State of California to cause cancer and k birth defects or other reproductive harm. For more information visit www.P65Warnings.ca.gov,AC18G,"Our Arcadia lantern is designed for flush wall installation, offering a clean architectural profile ideal for entries, porches, and sheltered outdoor corridors. Handcrafted from solid copper, it provides natural gas or propane and delivers dependable performance in any climate.",https://thecoppersmith.net/warranty-return/,China,0,1,1,,
AC22E,CopperSmith Arcadia 22 Electric Lantern Wall Sconce,,The CopperSmith,Arcadia,"Flush Mount,Electric Lanterns",,"ADS,CSHI,HSI1,HSI2,TLA,703001,703002",Copper,"22.5""H x 12.25""W x 8.75""D",,843411103256,https://s3.us-west-2.amazonaws.com/catsy.962/_lg/4076157576/AC22E.jpg,315,630,693,FIN001,Y,,,,,DEC001,ELE002,,Flush Mount,,Electric,Brass,Tempered Glass,8.75,,,,,E12,2,60,120,120,No,B,Yes,Configuration Available,Wet,,,This product is compliant with California Title 20 requirements when sold and shipped with a light source. Any included lamping must meet California Title 20 standards.,This decorative fixture is not title 24 ja8 certified. Compliance may be achieved when installed with a customer-provided ja8-compliant light source.,WARNING: This product may expose you to chemicals including lead and other substances known to the State of California to cause cancer and k birth defects or other reproductive harm. For more information visit www.P65Warnings.ca.gov,AC22E,"Our Arcadia lantern is designed for flush wall installation, offering a clean architectural profile ideal for entries, porches, and sheltered outdoor corridors. Handcrafted from solid copper, it provides electric illumination and delivers dependable performance in any climate.",https://thecoppersmith.net/warranty-return/,China,0,1,1,,
AC22G,CopperSmith Arcadia 22 Gas Lantern Wall Sconce,,The CopperSmith,Arcadia,"Flush Mount,Gas Lanterns",,"WGS,GLC,ADS,TLA",Copper,"22.5""H x 12.25""W x 8.75""D",,843411103249,https://s3.us-west-2.amazonaws.com/catsy.962/_lg/4076157577/AC22G.jpg,315,630,693,FIN001,Y,,,,,DEC001,ELE003,GAS001,Flush Mount,,Gas,Brass,Tempered Glass,8.75,,,,,,,,,,,,Yes,Configuration Available,Wet,,,This product is compliant with California Title 20 requirements when sold and shipped with a light source. Any included lamping must meet California Title 20 standards.,This decorative fixture is not title 24 ja8 certified. Compliance may be achieved when installed with a customer-provided ja8-compliant light source.,WARNING: This product may expose you to chemicals including lead and other substances known to the State of California to cause cancer and k birth defects or other reproductive harm. For more information visit www.P65Warnings.ca.gov,AC22G,"Our Arcadia lantern is designed for flush wall installation, offering a clean architectural profile ideal for entries, porches, and sheltered outdoor corridors. Handcrafted from solid copper, it provides natural gas or propane and delivers dependable performance in any climate.",https://thecoppersmith.net/warranty-return/,China,0,1,1,,
AH22E,CopperSmith Biltmore Antler Hill 22 Electric Lantern Wall Sconce,,The CopperSmith Biltmore®,Biltmore® Antler Hill,Electric Lanterns,,"CSHI,HSI1,HSI2,703001,703002",Copper,"22.5""H x 8""W x 8""D",12,843411113033,https://s3.us-west-2.amazonaws.com/catsy.962/_lg/4076157991/AH22E.jpg,430,860,946,FIN001,Y,WM001,,CM001,PP001,,ELE004,,Biltmore®,Traditional,Electric,Brass,Tempered Glass,10.625,6,12,6,2,E12,2,60,120,120,No,B,Yes,,Wet,No,CSA,This product is compliant with California Title 20 requirements when sold and shipped with a light source. Any included lamping must meet California Title 20 standards.,This decorative fixture is not title 24 ja8 certified. Compliance may be achieved when installed with a customer-provided ja8-compliant light source.,WARNING: This product may expose you to chemicals including lead and other substances known to the State of California to cause cancer and k birth defects or other reproductive harm. For more information visit www.P65Warnings.ca.gov,AH22E,"Our Biltmore® Antler Hill lantern is crafted as a wall-mounted lantern, built from solid copper and designed to age gracefully with a natural patina. It provides electric illumination for everyday exterior use and can also be configured with ceiling mount, post mount, pier mount, yoke mount to suit a wide range of architectural applications.",https://thecoppersmith.net/warranty-return/,China,0,1,1,,
AH22G,CopperSmith Biltmore Antler Hill 22 Gas Lantern Wall Sconce,,The CopperSmith Biltmore®,Biltmore® Antler Hill,Gas Lanterns,,"WGS,GLC",Copper,"22.5""H x 8""W x 8""D",11,843411113026,https://s3.us-west-2.amazonaws.com/catsy.962/_lg/4076157994/AH22G.jpg,430,860,946,FIN001,Y,WM001,,CM002,PP001,,,GAS001,Biltmore®,Traditional,Gas,Brass,Tempered Glass,10.625,6,12,,,,,,,,,,Yes,,Wet,No,CSA,This product is compliant with California Title 20 requirements when sold and shipped with a light source. Any included lamping must meet California Title 20 standards.,This decorative fixture is not title 24 ja8 certified. Compliance may be achieved when installed with a customer-provided ja8-compliant light source.,WARNING: This product may expose you to chemicals including lead and other substances known to the State of California to cause cancer and k birth defects or other reproductive harm. For more information visit www.P65Warnings.ca.gov,AH22G,"Our Biltmore® Antler Hill lantern is crafted as a wall-mounted lantern, built from solid copper and designed to age gracefully with a natural patina. It provides natural gas or propane for everyday exterior use and can also be configured with post mount, pier mount, yoke mount, ceiling mount to suit a wide range of architectural applications.",https://thecoppersmith.net/warranty-return/,China,0,1,1,,
AH29E,CopperSmith Biltmore Antler Hill 29 Electric Lantern Wall Sconce,,The CopperSmith Biltmore®,Biltmore® Antler Hill,Electric Lanterns,,"CSHI,HSI1,HSI2,703001,703002",Copper,"29.25""H x 10.625""W x 10.625""D",19,843411113064,https://s3.us-west-2.amazonaws.com/catsy.962/_lg/4075886566/AH29E.jpg,566,1132,1245,FIN001,Y,WM002,,CM003,PP002,,ELE004,,Biltmore®,Traditional,Electric,Brass,Tempered Glass,13.375,6,16,6,2,E12,2,60,120,120,No,B,Yes,,Wet,No,CSA,This product is compliant with California Title 20 requirements when sold and shipped with a light source. Any included lamping must meet California Title 20 standards.,This decorative fixture is not title 24 ja8 certified. Compliance may be achieved when installed with a customer-provided ja8-compliant light source.,WARNING: This product may expose you to chemicals including lead and other substances known to the State of California to cause cancer and k birth defects or other reproductive harm. For more information visit www.P65Warnings.ca.gov,AH29E,"Our Biltmore® Antler Hill lantern is crafted as a wall-mounted lantern, built from solid copper and designed to age gracefully with a natural patina. It provides electric illumination for everyday exterior use and can also be configured with ceiling mount, post mount, pier mount, yoke mount to suit a wide range of architectural applications.",https://thecoppersmith.net/warranty-return/,China,0,1,1,,
AH29G,CopperSmith Biltmore Antler Hill 29 Gas Lantern Wall Sconce,,The CopperSmith Biltmore®,Biltmore® Antler Hill,Gas Lanterns,,"WGL,GLC",Copper,"29.25""H x 10.625""W x 10.625""D",19,843411113057,https://s3.us-west-2.amazonaws.com/catsy.962/_lg/4075886570/AH29G.jpg,566,1132,1245,FIN001,Y,WM002,,CM004,PP002,,,GAS002,Biltmore®,Traditional,Gas,Brass,Tempered Glass,13.375,6,16,,,,,,,,,,Yes,,Wet,No,CSA,This product is compliant with California Title 20 requirements when sold and shipped with a light source. Any included lamping must meet California Title 20 standards.,This decorative fixture is not title 24 ja8 certified. Compliance may be achieved when installed with a customer-provided ja8-compliant light source.,WARNING: This product may expose you to chemicals including lead and other substances known to the State of California to cause cancer and k birth defects or other reproductive harm. For more information visit www.P65Warnings.ca.gov,AH29G,"Our Biltmore® Antler Hill lantern is crafted as a wall-mounted lantern, built from solid copper and designed to age gracefully with a natural patina. It provides natural gas or propane for everyday exterior use and can also be configured with post mount, pier mount, yoke mount, ceiling mount to suit a wide range of architectural applications.",https://thecoppersmith.net/warranty-return/,China,0,1,1,,
AH36E,CopperSmith Biltmore Antler Hill 36 Electric Lantern Wall Sconce,,The CopperSmith Biltmore®,Biltmore® Antler Hill,Electric Lanterns,,"CSHI,HSI1,HSI2,703001,703002",Copper,"36.25""H x 13.375""W x 13.375""D",29,843411113095,https://s3.us-west-2.amazonaws.com/catsy.962/_lg/4076012927/AH36E.jpg,852,1704,1874,FIN001,Y,WM003,,CM005,PP003,,ELE004,,Biltmore®,Traditional,Electric,Brass,Tempered Glass,15.75,7,20,6,2,E12,3,60,180,120,No,B,Yes,,Wet,No,CSA,This product is compliant with California Title 20 requirements when sold and shipped with a light source. Any included lamping must meet California Title 20 standards.,This decorative fixture is not title 24 ja8 certified. Compliance may be achieved when installed with a customer-provided ja8-compliant light source.,WARNING: This product may expose you to chemicals including lead and other substances known to the State of California to cause cancer and k birth defects or other reproductive harm. For more information visit www.P65Warnings.ca.gov,AH36E,"Our Biltmore® Antler Hill lantern is crafted as a wall-mounted lantern, built from solid copper and designed to age gracefully with a natural patina. It provides electric illumination for everyday exterior use and can also be configured with ceiling mount, post mount, pier mount, yoke mount to suit a wide range of architectural applications.",https://thecoppersmith.net/warranty-return/,China,0,1,1,,
AH36G,CopperSmith Biltmore Antler Hill 36 Gas Lantern Wall Sconce,,The CopperSmith Biltmore®,Biltmore® Antler Hill,Gas Lanterns,,"WGL,GLC",Copper,"36.25""H x 13.375""W x 13.375""D",29,843411113088,https://s3.us-west-2.amazonaws.com/catsy.962/_lg/4076012928/AH36G.jpg,852,1704,1874,FIN001,Y,WM003,,CM006,PP003,,,GAS002,Biltmore®,Traditional,Gas,Brass,Tempered Glass,15.75,7,20,,,,,,,,,,Yes,,Wet,No,CSA,This product is compliant with California Title 20 requirements when sold and shipped with a light source. Any included lamping must meet California Title 20 standards.,This decorative fixture is not title 24 ja8 certified. Compliance may be achieved when installed with a customer-provided ja8-compliant light source.,WARNING: This product may expose you to chemicals including lead and other substances known to the State of California to cause cancer and k birth defects or other reproductive harm. For more information visit www.P65Warnings.ca.gov,AH36G,"Our Biltmore® Antler Hill lantern is crafted as a wall-mounted lantern, built from solid copper and designed to age gracefully with a natural patina. It provides natural gas or propane for everyday exterior use and can also be configured with post mount, pier mount, yoke mount to suit a wide range of architectural applications.",https://thecoppersmith.net/warranty-return/,China,0,1,1,,
AM22E,CopperSmith Biltmore Amherst 22 Electric Lantern Wall Sconce,,The CopperSmith Biltmore®,Biltmore® Amherst,Electric Lanterns,,"CSHI,HSI1,HSI2,703001,703002",Copper,"22.375""H x 12.125""W x 12.125""D",15,843411112944,https://s3.us-west-2.amazonaws.com/catsy.962/_lg/4075986054/AM22E.jpg,486,972,1069,FIN001,Y,WM004,,CM007,PP004,DEC002,ELE004,,Biltmore®,Traditional,Electric,Brass,Tempered Glass,14.75,6,11,6,2,E12,2,60,120,120,No,B,Yes,,Wet,No,CSA,This product is compliant with California Title 20 requirements when sold and shipped with a light source. Any included lamping must meet California Title 20 standards.,This decorative fixture is not title 24 ja8 certified. Compliance may be achieved when installed with a customer-provided ja8-compliant light source.,WARNING: This product may expose you to chemicals including lead and other substances known to the State of California to cause cancer and k birth defects or other reproductive harm. For more information visit www.P65Warnings.ca.gov,AM22E,"Our Biltmore® Amherst lantern is crafted as a wall-mounted lantern, built from solid copper and designed to age gracefully with a natural patina. It provides electric illumination for everyday exterior use and can also be configured with ceiling mount, post mount, pier mount, yoke mount to suit a wide range of architectural applications.",https://thecoppersmith.net/warranty-return/,China,0,1,1,,
AM22G,CopperSmith Biltmore Amherst 22 Gas Lantern Wall Sconce,,The CopperSmith Biltmore®,Biltmore® Amherst,Gas Lanterns,,"WGS,GLC",Copper,"22.375""H x 12.125""W x 12.125""D",15,843411112937,https://s3.us-west-2.amazonaws.com/catsy.962/_lg/4076012929/AM22G.jpg,486,972,1069,FIN001,Y,WM004,,CM008,PP004,DEC002,,GAS001,Biltmore®,Traditional,Gas,Brass,Tempered Glass,14.75,6,11,,,,,,,,,,Yes,,Wet,No,CSA,This product is compliant with California Title 20 requirements when sold and shipped with a light source. Any included lamping must meet California Title 20 standards.,This decorative fixture is not title 24 ja8 certified. Compliance may be achieved when installed with a customer-provided ja8-compliant light source.,WARNING: This product may expose you to chemicals including lead and other substances known to the State of California to cause cancer and k birth defects or other reproductive harm. For more information visit www.P65Warnings.ca.gov,AM22G,"Our Biltmore® Amherst lantern is crafted as a wall-mounted lantern, built from solid copper and designed to age gracefully with a natural patina. It provides natural gas or propane for everyday exterior use and can also be configured with post mount, pier mount, yoke mount, ceiling mount to suit a wide range of architectural applications.",https://thecoppersmith.net/warranty-return/,China,0,1,1,,
AM29E,CopperSmith Biltmore Amherst 29 Electric Lantern Wall Sconce,,The CopperSmith Biltmore®,Biltmore® Amherst,Electric Lanterns,,"CSHI,HSI1,HSI2,703001,703002",Copper,"28.625""H x 15.5""W x 15.5""D",23,843411112975,https://s3.us-west-2.amazonaws.com/catsy.962/_lg/4075886567/AM29E.jpg,656,1312,1443,FIN001,Y,WM005,,CM009,PP005,DEC003,ELE004,,Biltmore®,Traditional,Electric,Brass,Tempered Glass,18.125,6,14,6,2,E12,2,60,120,120,No,B,Yes,,Wet,No,CSA,This product is compliant with California Title 20 requirements when sold and shipped with a light source. Any included lamping must meet California Title 20 standards.,This decorative fixture is not title 24 ja8 certified. Compliance may be achieved when installed with a customer-provided ja8-compliant light source.,WARNING: This product may expose you to chemicals including lead and other substances known to the State of California to cause cancer and k birth defects or other reproductive harm. For more information visit www.P65Warnings.ca.gov,AM29E,"Our Biltmore® Amherst lantern is crafted as a wall-mounted lantern, built from solid copper and designed to age gracefully with a natural patina. It provides electric illumination for everyday exterior use and can also be configured with ceiling mount, post mount, pier mount, yoke mount to suit a wide range of architectural applications.",https://thecoppersmith.net/warranty-return/,China,0,1,1,,
AM29G,CopperSmith Biltmore Amherst 29 Gas Lantern Wall Sconce,,The CopperSmith Biltmore®,Biltmore® Amherst,Gas Lanterns,,"WGL,GLC",Copper,"28.625""H x 15.5""W x 15.5""D",23,843411112968,https://s3.us-west-2.amazonaws.com/catsy.962/_lg/4075886569/AM29G.jpg,656,1312,1443,FIN001,Y,WM005,,CM010,PP005,DEC003,,GAS002,Biltmore®,Traditional,Gas,Brass,Tempered Glass,18.125,6,14,,,,,,,,,,Yes,,Wet,No,CSA,This product is compliant with California Title 20 requirements when sold and shipped with a light source. Any included lamping must meet California Title 20 standards.,This decorative fixture is not title 24 ja8 certified. Compliance may be achieved when installed with a customer-provided ja8-compliant light source.,WARNING: This product may expose you to chemicals including lead and other substances known to the State of California to cause cancer and k birth defects or other reproductive harm. For more information visit www.P65Warnings.ca.gov,AM29G,"Our Biltmore® Amherst lantern is crafted as a wall-mounted lantern, built from solid copper and designed to age gracefully with a natural patina. It provides natural gas or propane for everyday exterior use and can also be configured with post mount, pier mount, yoke mount, ceiling mount to suit a wide range of architectural applications.",https://thecoppersmith.net/warranty-return/,China,0,1,1,,
AM35E,CopperSmith Biltmore Amherst 35 Electric Lantern Wall Sconce,,The CopperSmith Biltmore®,Biltmore® Amherst,Electric Lanterns,,"CSHI,HSI1,HSI2,703001,703002",Copper,"34.875""H x 18.875""W x 18.875""D",37,843411113002,https://s3.us-west-2.amazonaws.com/catsy.962/_lg/4076012930/AM35E.jpg,986,1972,2169,FIN001,Y,WM006,,CM011,PP006,DEC004,ELE004,,Biltmore®,Traditional,Electric,Brass,Tempered Glass,21.25,7,17,6,2,E12,3,60,180,120,No,B,Yes,,Wet,No,CSA,This product is compliant with California Title 20 requirements when sold and shipped with a light source. Any included lamping must meet California Title 20 standards.,This decorative fixture is not title 24 ja8 certified. Compliance may be achieved when installed with a customer-provided ja8-compliant light source.,WARNING: This product may expose you to chemicals including lead and other substances known to the State of California to cause cancer and k birth defects or other reproductive harm. For more information visit www.P65Warnings.ca.gov,AM35E,"Our Biltmore® Amherst lantern is crafted as a wall-mounted lantern, built from solid copper and designed to age gracefully with a natural patina. It provides electric illumination for everyday exterior use and can also be configured with ceiling mount, post mount, pier mount, yoke mount to suit a wide range of architectural applications.",https://thecoppersmith.net/warranty-return/,China,0,1,1,,
AM35G,CopperSmith Biltmore Amherst 35 Gas Lantern Wall Sconce,,The CopperSmith Biltmore®,Biltmore® Amherst,Gas Lanterns,,"WGL,GLC",Copper,"34.875""H x 18.875""W x 18.875""D",36,843411112999,https://s3.us-west-2.amazonaws.com/catsy.962/_lg/4076012931/AM35G.jpg,986,1972,2169,FIN001,Y,WM006,,CM012,PP006,DEC004,,GAS002,Biltmore®,Traditional,Gas,Brass,Tempered Glass,21.25,7,17,,,,,,,,,,Yes,,Wet,No,CSA,This product is compliant with California Title 20 requirements when sold and shipped with a light source. Any included lamping must meet California Title 20 standards.,This decorative fixture is not title 24 ja8 certified. Compliance may be achieved when installed with a customer-provided ja8-compliant light source.,WARNING: This product may expose you to chemicals including lead and other substances known to the State of California to cause cancer and k birth defects or other reproductive harm. For more information visit www.P65Warnings.ca.gov,AM35G,"Our Biltmore® Amherst lantern is crafted as a wall-mounted lantern, built from solid copper and designed to age gracefully with a natural patina. It provides natural gas or propane for everyday exterior use and can also be configured with post mount, pier mount, yoke mount to suit a wide range of architectural applications.",https://thecoppersmith.net/warranty-return/,China,0,1,1,,
AO28E,CopperSmith Biltmore Aurora 28 Electric Lantern Wall Sconce,,The CopperSmith Biltmore®,Biltmore® Aurora,Electric Lanterns,,"703001,703002",Copper,"27.5""H x 8.125""W x 8.125""D",,843411124138,https://s3.us-west-2.amazonaws.com/catsy.962/_lg/4075886562/AO28E.jpg,874,1748,1923,FIN001,Y,,,CM013,PP007,,,,Biltmore®,Contemporary,Electric,Brass,Tempered Glass,11.625,6,10.25,5.125,2,E12,2,60,120,120,No,B,Yes,,Wet,No,CSA,This product is compliant with California Title 20 requirements when sold and shipped with a light source. Any included lamping must meet California Title 20 standards.,This decorative fixture is not title 24 ja8 certified. Compliance may be achieved when installed with a customer-provided ja8-compliant light source.,WARNING: This product may expose you to chemicals including lead and other substances known to the State of California to cause cancer and k birth defects or other reproductive harm. For more information visit www.P65Warnings.ca.gov,AO28E,"Our Biltmore® Aurora lantern is crafted as a wall-mounted lantern, built from solid copper and designed to age gracefully with a natural patina. It provides electric illumination for everyday exterior use and can also be configured with yoke mount, post mount, pier mount to suit a wide range of architectural applications.",https://thecoppersmith.net/warranty-return/,China,0,1,1,,
AO28G,CopperSmith Biltmore Aurora 28 Gas Lantern Wall Sconce,,The CopperSmith Biltmore®,Biltmore® Aurora,Gas Lanterns,,"WGS,GLC",Copper,"27.5""H x 8.125""W x 8.125""D",,843411124121,https://s3.us-west-2.amazonaws.com/catsy.962/_lg/4075886563/AO28G.jpg,874,1748,1923,FIN001,Y,,,CM013,PP007,,,GAS001,Biltmore®,Contemporary,Gas,Brass,Tempered Glass,11.625,6,10.25,,,,,,,,,,Yes,,Wet,No,CSA,This product is compliant with California Title 20 requirements when sold and shipped with a light source. Any included lamping must meet California Title 20 standards.,This decorative fixture is not title 24 ja8 certified. Compliance may be achieved when installed with a customer-provided ja8-compliant light source.,WARNING: This product may expose you to chemicals including lead and other substances known to the State of California to cause cancer and k birth defects or other reproductive harm. For more information visit www.P65Warnings.ca.gov,AO28G,"Our Biltmore® Aurora lantern is crafted as a wall-mounted lantern, built from solid copper and designed to age gracefully with a natural patina. It provides natural gas or propane for everyday exterior use and can also be configured with yoke mount, post mount, pier mount to suit a wide range of architectural applications.",https://thecoppersmith.net/warranty-return/,China,0,1,1,,
AO33E,CopperSmith Biltmore Aurora 33 Electric Lantern Wall Sconce,,The CopperSmith Biltmore®,Biltmore® Aurora,Electric Lanterns,,"703001,703002",Copper,"32.5""H x 8.125""W x 8.125""D",,843411124152,https://s3.us-west-2.amazonaws.com/catsy.962/_lg/4076012932/AO33E.jpg,1027,2054,2259,FIN001,Y,,,CM014,PP007,,,,Biltmore®,Contemporary,Electric,Brass,Tempered Glass,11.625,6,15,5.125,2,E12,2,60,120,120,No,B,Yes,,Wet,No,CSA,This product is compliant with California Title 20 requirements when sold and shipped with a light source. Any included lamping must meet California Title 20 standards.,This decorative fixture is not title 24 ja8 certified. Compliance may be achieved when installed with a customer-provided ja8-compliant light source.,WARNING: This product may expose you to chemicals including lead and other substances known to the State of California to cause cancer and k birth defects or other reproductive harm. For more information visit www.P65Warnings.ca.gov,AO33E,"Our Biltmore® Aurora lantern is crafted as a wall-mounted lantern, built from solid copper and designed to age gracefully with a natural patina. It provides electric illumination for everyday exterior use and can also be configured with yoke mount, post mount, pier mount to suit a wide range of architectural applications.",https://thecoppersmith.net/warranty-return/,China,0,1,1,,
AO33G,CopperSmith Biltmore Aurora 33 Gas Lantern Wall Sconce,,The CopperSmith Biltmore®,Biltmore® Aurora,Gas Lanterns,,"WGS,GLC",Copper,"32.5""H x 8.125""W x 8.125""D",,843411124145,https://s3.us-west-2.amazonaws.com/catsy.962/_lg/4076012933/AO33G.jpg,1027,2054,2259,FIN001,Y,,,CM014,PP008,,,GAS001,Biltmore®,Contemporary,Gas,Brass,Tempered Glass,11.625,6,15,,,,,,,,,,Yes,,Wet,No,CSA,This product is compliant with California Title 20 requirements when sold and shipped with a light source. Any included lamping must meet California Title 20 standards.,This decorative fixture is not title 24 ja8 certified. Compliance may be achieved when installed with a customer-provided ja8-compliant light source.,WARNING: This product may expose you to chemicals including lead and other substances known to the State of California to cause cancer and k birth defects or other reproductive harm. For more information visit www.P65Warnings.ca.gov,AO33G,"Our Biltmore® Aurora lantern is crafted as a wall-mounted lantern, built from solid copper and designed to age gracefully with a natural patina. It provides natural gas or propane for everyday exterior use and can also be configured with yoke mount, post mount, pier mount to suit a wide range of architectural applications.",https://thecoppersmith.net/warranty-return/,China,0,1,1,,
AOB28E,CopperSmith Biltmore Aurora 28 Electric Lantern Wall Sconce,,The CopperSmith Biltmore®,Biltmore® Aurora,Electric Lanterns,,"703001,703002",Brass,"27.5""H x 8.125""W x 8.125""D",,843411124176,https://s3.us-west-2.amazonaws.com/catsy.962/_lg/4075886564/AOB28E.jpg,929,1858,2044,FIN002,Y,,,CM013,PP007,,,,Biltmore®,Contemporary,Electric,Brass,Tempered Glass,11.625,6,10.25,5.125,2,E12,2,60,120,120,No,B,Yes,,Wet,No,CSA,This product is compliant with California Title 20 requirements when sold and shipped with a light source. Any included lamping must meet California Title 20 standards.,This decorative fixture is not title 24 ja8 certified. Compliance may be achieved when installed with a customer-provided ja8-compliant light source.,WARNING: This product may expose you to chemicals including lead and other substances known to the State of California to cause cancer and k birth defects or other reproductive harm. For more information visit www.P65Warnings.ca.gov,AOB28E,"Our Biltmore® Aurora lantern is crafted as a wall-mounted lantern, built from solid brass and designed to age gracefully with a natural patina. It provides electric illumination for everyday exterior use and can also be configured with yoke mount, post mount, pier mount to suit a wide range of architectural applications.",https://thecoppersmith.net/warranty-return/,China,0,1,1,,
AOB28G,CopperSmith Biltmore Aurora 28 Gas Lantern Wall Sconce,,The CopperSmith Biltmore®,Biltmore® Aurora,Gas Lanterns,,"WGS,GLC",Brass,"27.5""H x 8.125""W x 8.125""D",,843411124176,https://s3.us-west-2.amazonaws.com/catsy.962/_lg/4075886565/AOB28G.jpg,929,1858,2044,FIN002,Y,,,CM013,PP007,,,GAS001,Biltmore®,Contemporary,Gas,Brass,Tempered Glass,11.625,6,10.25,,,,,,,,,,Yes,,Wet,No,CSA,This product is compliant with California Title 20 requirements when sold and shipped with a light source. Any included lamping must meet California Title 20 standards.,This decorative fixture is not title 24 ja8 certified. Compliance may be achieved when installed with a customer-provided ja8-compliant light source.,WARNING: This product may expose you to chemicals including lead and other substances known to the State of California to cause cancer and k birth defects or other reproductive harm. For more information visit www.P65Warnings.ca.gov,AOB28G,"Our Biltmore® Aurora lantern is crafted as a wall-mounted lantern, built from solid brass and designed to age gracefully with a natural patina. It provides natural gas or propane for everyday exterior use and can also be configured with yoke mount, post mount, pier mount to suit a wide range of architectural applications.",https://thecoppersmith.net/warranty-return/,China,0,1,1,,
AOB33E,CopperSmith Biltmore Aurora 33 Electric Lantern Wall Sconce,,The CopperSmith Biltmore®,Biltmore® Aurora,Electric Lanterns,,"703001,703002",Brass,"32.5""H x 8.125""W x 8.125""D",,843411124190,https://s3.us-west-2.amazonaws.com/catsy.962/_lg/4076012934/AOB33E.jpg,1069,2138,2352,FIN002,Y,,,CM014,PP007,,,,Biltmore®,Contemporary,Electric,Brass,Tempered Glass,11.625,6,15,5.125,2,E12,2,60,120,120,No,B,Yes,,Wet,No,CSA,This product is compliant with California Title 20 requirements when sold and shipped with a light source. Any included lamping must meet California Title 20 standards.,This decorative fixture is not title 24 ja8 certified. Compliance may be achieved when installed with a customer-provided ja8-compliant light source.,WARNING: This product may expose you to chemicals including lead and other substances known to the State of California to cause cancer and k birth defects or other reproductive harm. For more information visit www.P65Warnings.ca.gov,AOB33E,"Our Biltmore® Aurora lantern is crafted as a wall-mounted lantern, built from solid brass and designed to age gracefully with a natural patina. It provides electric illumination for everyday exterior use and can also be configured with yoke mount, post mount, pier mount to suit a wide range of architectural applications.",https://thecoppersmith.net/warranty-return/,China,0,1,1,,
AOB33G,CopperSmith Biltmore Aurora 33 Gas Lantern Wall Sconce,,The CopperSmith Biltmore®,Biltmore® Aurora,Gas Lanterns,,"WGS,GLC",Brass,"32.5""H x 8.125""W x 8.125""D",,843411124190,https://s3.us-west-2.amazonaws.com/catsy.962/_lg/4076013554/AOB33G.jpg,1069,2138,2352,FIN002,Y,,,CM014,PP007,,,GAS001,Biltmore®,Contemporary,Gas,Brass,Tempered Glass,11.625,6,15,,,,,,,,,,Yes,,Wet,No,CSA,This product is compliant with California Title 20 requirements when sold and shipped with a light source. Any included lamping must meet California Title 20 standards.,This decorative fixture is not title 24 ja8 certified. Compliance may be achieved when installed with a customer-provided ja8-compliant light source.,WARNING: This product may expose you to chemicals including lead and other substances known to the State of California to cause cancer and k birth defects or other reproductive harm. For more information visit www.P65Warnings.ca.gov,AOB33G,"Our Biltmore® Aurora lantern is crafted as a wall-mounted lantern, built from solid brass and designed to age gracefully with a natural patina. It provides natural gas or propane for everyday exterior use and can also be configured with yoke mount, post mount, pier mount to suit a wide range of architectural applications.",https://thecoppersmith.net/warranty-return/,China,0,1,1,,
AP20E,CopperSmith Biltmore Approach 20 Electric Lantern Wall Sconce,,The CopperSmith Biltmore®,Biltmore® Approach,Electric Lanterns,,"CSHI,HSI1,HSI2,703001,703002",Copper,"19.75""H x 9.75""W x 9.75""D",17,843411113125,https://s3.us-west-2.amazonaws.com/catsy.962/_lg/4076013532/AP20E.jpg,598,1196,1316,FIN001,Y,WM007,,CM015,PP009,,ELE004,,Biltmore®,Transitional,Electric,Brass,Tempered Glass,12,6,15,6,2,E12,2,60,120,120,No,B,Yes,,Wet,No,CSA,This product is compliant with California Title 20 requirements when sold and shipped with a light source. Any included lamping must meet California Title 20 standards.,This decorative fixture is not title 24 ja8 certified. Compliance may be achieved when installed with a customer-provided ja8-compliant light source.,WARNING: This product may expose you to chemicals including lead and other substances known to the State of California to cause cancer and k birth defects or other reproductive harm. For more information visit www.P65Warnings.ca.gov,AP20E,"Our Biltmore® Approach lantern is crafted as a wall-mounted lantern, built from solid copper and designed to age gracefully with a natural patina. It provides electric illumination for everyday exterior use and can also be configured with ceiling mount, post mount, pier mount, yoke mount to suit a wide range of architectural applications.",https://thecoppersmith.net/warranty-return/,China,0,1,1,,
AP20G,CopperSmith Biltmore Approach 20 Gas Lantern Wall Sconce,,The CopperSmith Biltmore®,Biltmore® Approach,Gas Lanterns,,"WGS,GLC",Copper,"19.75""H x 9.75""W x 9.75""D",17,843411113118,https://s3.us-west-2.amazonaws.com/catsy.962/_lg/4076013533/AP20G.jpg,598,1196,1316,FIN001,Y,WM007,,CM016,PP009,,,GAS001,Biltmore®,Transitional,Gas,Brass,Tempered Glass,12,6,15,,,,,,,,,,Yes,,Wet,No,CSA,This product is compliant with California Title 20 requirements when sold and shipped with a light source. Any included lamping must meet California Title 20 standards.,This decorative fixture is not title 24 ja8 certified. Compliance may be achieved when installed with a customer-provided ja8-compliant light source.,WARNING: This product may expose you to chemicals including lead and other substances known to the State of California to cause cancer and k birth defects or other reproductive harm. For more information visit www.P65Warnings.ca.gov,AP20G,"Our Biltmore® Approach lantern is crafted as a wall-mounted lantern, built from solid copper and designed to age gracefully with a natural patina. It provides natural gas or propane for everyday exterior use and can also be configured with post mount, pier mount, yoke mount, ceiling mount to suit a wide range of architectural applications.",https://thecoppersmith.net/warranty-return/,China,0,1,1,,
AP26E,CopperSmith Biltmore Approach 26 Electric Lantern Wall Sconce,,The CopperSmith Biltmore®,Biltmore® Approach,Electric Lanterns,,"CSHI,HSI1,HSI2,703001,703002",Copper,"25.625""H x 12.75""W x 12.75""D",27,843411113156,https://s3.us-west-2.amazonaws.com/catsy.962/_lg/4075886561/AP26E.jpg,1044,2088,2297,FIN001,Y,WM008,,CM017,PP010,,ELE004,,Biltmore®,Transitional,Electric,Brass,Tempered Glass,15.375,6,20,6,2,E12,2,60,120,120,No,B,Yes,,Wet,No,CSA,This product is compliant with California Title 20 requirements when sold and shipped with a light source. Any included lamping must meet California Title 20 standards.,This decorative fixture is not title 24 ja8 certified. Compliance may be achieved when installed with a customer-provided ja8-compliant light source.,WARNING: This product may expose you to chemicals including lead and other substances known to the State of California to cause cancer and k birth defects or other reproductive harm. For more information visit www.P65Warnings.ca.gov,AP26E,"Our Biltmore® Approach lantern is crafted as a wall-mounted lantern, built from solid copper and designed to age gracefully with a natural patina. It provides electric illumination for everyday exterior use and can also be configured with ceiling mount, post mount, pier mount, yoke mount to suit a wide range of architectural applications.",https://thecoppersmith.net/warranty-return/,China,0,1,1,,
AP26G,CopperSmith Biltmore Approach 26 Gas Lantern Wall Sconce,,The CopperSmith Biltmore®,Biltmore® Approach,Gas Lanterns,,"WGL,GLC",Copper,"25.625""H x 12.75""W x 12.75""D",27,843411113149,https://s3.us-west-2.amazonaws.com/catsy.962/_lg/4075886557/AP26G.jpg,1044,2088,2297,FIN001,Y,WM008,,CM018,PP010,,,GAS002,Biltmore®,Transitional,Gas,Brass,Tempered Glass,15.375,6,20,,,,,,,,,,Yes,,Wet,No,CSA,This product is compliant with California Title 20 requirements when sold and shipped with a light source. Any included lamping must meet California Title 20 standards.,This decorative fixture is not title 24 ja8 certified. Compliance may be achieved when installed with a customer-provided ja8-compliant light source.,WARNING: This product may expose you to chemicals including lead and other substances known to the State of California to cause cancer and k birth defects or other reproductive harm. For more information visit www.P65Warnings.ca.gov,AP26G,"Our Biltmore® Approach lantern is crafted as a wall-mounted lantern, built from solid copper and designed to age gracefully with a natural patina. It provides natural gas or propane for everyday exterior use and can also be configured with post mount, pier mount, yoke mount, ceiling mount to suit a wide range of architectural applications.",https://thecoppersmith.net/warranty-return/,China,0,1,1,,
AP31E,CopperSmith Biltmore Approach 31 Electric Lantern Wall Sconce,,The CopperSmith Biltmore®,Biltmore® Approach,Electric Lanterns,,"CSHI,HSI1,HSI2,703001,703002",Copper,"31.25""H x 15.875""W x 15.875""D",43,843411113187,https://s3.us-west-2.amazonaws.com/catsy.962/_lg/4076013534/AP31E.jpg,1623,3246,3571,FIN001,Y,WM009,,CM019,PP011,,ELE004,,Biltmore®,Transitional,Electric,Brass,Tempered Glass,18.5,7,25,6,2,E12,3,60,180,120,No,B,Yes,,Wet,No,CSA,This product is compliant with California Title 20 requirements when sold and shipped with a light source. Any included lamping must meet California Title 20 standards.,This decorative fixture is not title 24 ja8 certified. Compliance may be achieved when installed with a customer-provided ja8-compliant light source.,WARNING: This product may expose you to chemicals including lead and other substances known to the State of California to cause cancer and k birth defects or other reproductive harm. For more information visit www.P65Warnings.ca.gov,AP31E,"Our Biltmore® Approach lantern is crafted as a wall-mounted lantern, built from solid copper and designed to age gracefully with a natural patina. It provides electric illumination for everyday exterior use and can also be configured with ceiling mount, post mount, pier mount, yoke mount to suit a wide range of architectural applications.",https://thecoppersmith.net/warranty-return/,China,0,1,1,,
AP31G,CopperSmith Biltmore Approach 31 Gas Lantern Wall Sconce,,The CopperSmith Biltmore®,Biltmore® Approach,Gas Lanterns,,"WGL,GLC",Copper,"31.25""H x 15.875""W x 15.875""D",43,843411113170,https://s3.us-west-2.amazonaws.com/catsy.962/_lg/4076013535/AP31G.jpg,1623,3246,3571,FIN001,Y,WM009,,CM020,PP011,,,GAS002,Biltmore®,Transitional,Gas,Brass,Tempered Glass,18.5,7,25,,,,,,,,,,Yes,,Wet,No,CSA,This product is compliant with California Title 20 requirements when sold and shipped with a light source. Any included lamping must meet California Title 20 standards.,This decorative fixture is not title 24 ja8 certified. Compliance may be achieved when installed with a customer-provided ja8-compliant light source.,WARNING: This product may expose you to chemicals including lead and other substances known to the State of California to cause cancer and k birth defects or other reproductive harm. For more information visit www.P65Warnings.ca.gov,AP31G,"Our Biltmore® Approach lantern is crafted as a wall-mounted lantern, built from solid copper and designed to age gracefully with a natural patina. It provides natural gas or propane for everyday exterior use and can also be configured with post mount, pier mount, yoke mount to suit a wide range of architectural applications.",https://thecoppersmith.net/warranty-return/,China,0,1,1,,
AR23E,CopperSmith Biltmore Arcus 23 Electric Lantern Wall Sconce,,The CopperSmith Biltmore®,Biltmore® Arcus,Electric Lanterns,,"CSHI,HSI1,HSI2,703001,703002",Copper,"22.625""H x 8""W x 8""D",12,843411113217,https://s3.us-west-2.amazonaws.com/catsy.962/_lg/4076158070/AR23E.jpg,448,896,986,FIN001,Y,WM001,,CM021,PP012,,ELE004,,Biltmore®,Traditional,Electric,Brass,Tempered Glass,10.625,6,12,6,2,E12,2,60,120,120,No,B,Yes,,Wet,No,CSA,This product is compliant with California Title 20 requirements when sold and shipped with a light source. Any included lamping must meet California Title 20 standards.,This decorative fixture is not title 24 ja8 certified. Compliance may be achieved when installed with a customer-provided ja8-compliant light source.,WARNING: This product may expose you to chemicals including lead and other substances known to the State of California to cause cancer and k birth defects or other reproductive harm. For more information visit www.P65Warnings.ca.gov,AR23E,"Our Biltmore® Arcus lantern is crafted as a wall-mounted lantern, built from solid copper and designed to age gracefully with a natural patina. It provides electric illumination for everyday exterior use and can also be configured with ceiling mount, post mount, pier mount, yoke mount to suit a wide range of architectural applications.",https://thecoppersmith.net/warranty-return/,China,0,1,1,,
AR23G,CopperSmith Biltmore Arcus 23 Gas Lantern Wall Sconce,,The CopperSmith Biltmore®,Biltmore® Arcus,Gas Lanterns,,"WGS,GLC",Copper,"22.625""H x 8""W x 8""D",12,843411113200,https://s3.us-west-2.amazonaws.com/catsy.962/_lg/4075886559/AR23G.jpg,448,896,986,FIN001,Y,WM001,,CM022,PP012,,,GAS001,Biltmore®,Traditional,Gas,Brass,Tempered Glass,10.625,6,12,,,,,,,,,,Yes,,Wet,No,CSA,This product is compliant with California Title 20 requirements when sold and shipped with a light source. Any included lamping must meet California Title 20 standards.,This decorative fixture is not title 24 ja8 certified. Compliance may be achieved when installed with a customer-provided ja8-compliant light source.,WARNING: This product may expose you to chemicals including lead and other substances known to the State of California to cause cancer and k birth defects or other reproductive harm. For more information visit www.P65Warnings.ca.gov,AR23G,"Our Biltmore® Arcus lantern is crafted as a wall-mounted lantern, built from solid copper and designed to age gracefully with a natural patina. It provides natural gas or propane for everyday exterior use and can also be configured with post mount, pier mount, yoke mount, ceiling mount to suit a wide range of architectural applications.",https://thecoppersmith.net/warranty-return/,China,0,1,1,,
AR29E,CopperSmith Biltmore Arcus 29 Electric Lantern Wall Sconce,,The CopperSmith Biltmore®,Biltmore® Arcus,Electric Lanterns,,"CSHI,HSI1,HSI2,703001,703002",Copper,"29.375""H x 10.625""W x 10.625""D",19,843411113248,https://s3.us-west-2.amazonaws.com/catsy.962/_lg/4075886558/AR29E.jpg,580,1160,1276,FIN001,Y,WM002,,CM023,PP013,,ELE004,,Biltmore®,Traditional,Electric,Brass,Tempered Glass,13.375,6,16,6,2,E12,2,60,120,120,No,B,Yes,,Wet,No,CSA,This product is compliant with California Title 20 requirements when sold and shipped with a light source. Any included lamping must meet California Title 20 standards.,This decorative fixture is not title 24 ja8 certified. Compliance may be achieved when installed with a customer-provided ja8-compliant light source.,WARNING: This product may expose you to chemicals including lead and other substances known to the State of California to cause cancer and k birth defects or other reproductive harm. For more information visit www.P65Warnings.ca.gov,AR29E,"Our Biltmore® Arcus lantern is crafted as a wall-mounted lantern, built from solid copper and designed to age gracefully with a natural patina. It provides electric illumination for everyday exterior use and can also be configured with ceiling mount, post mount, pier mount, yoke mount to suit a wide range of architectural applications.",https://thecoppersmith.net/warranty-return/,China,0,1,1,,
AR29G,CopperSmith Biltmore Arcus 29 Gas Lantern Wall Sconce,,The CopperSmith Biltmore®,Biltmore® Arcus,Gas Lanterns,,"WGL,GLC",Copper,"29.375""H x 10.625""W x 10.625""D",19,843411113231,https://s3.us-west-2.amazonaws.com/catsy.962/_lg/4075886556/AR29G.jpg,580,1160,1276,FIN001,Y,WM002,,CM024,PP013,,,GAS002,Biltmore®,Traditional,Gas,Brass,Tempered Glass,13.375,6,16,,,,,,,,,,Yes,,Wet,No,CSA,This product is compliant with California Title 20 requirements when sold and shipped with a light source. Any included lamping must meet California Title 20 standards.,This decorative fixture is not title 24 ja8 certified. Compliance may be achieved when installed with a customer-provided ja8-compliant light source.,WARNING: This product may expose you to chemicals including lead and other substances known to the State of California to cause cancer and k birth defects or other reproductive harm. For more information visit www.P65Warnings.ca.gov,AR29G,"Our Biltmore® Arcus lantern is crafted as a wall-mounted lantern, built from solid copper and designed to age gracefully with a natural patina. It provides natural gas or propane for everyday exterior use and can also be configured with post mount, pier mount, yoke mount, ceiling mount to suit a wide range of architectural applications.",https://thecoppersmith.net/warranty-return/,China,0,1,1,,
AR36E,CopperSmith Biltmore Arcus 36 Electric Lantern Wall Sconce,,The CopperSmith Biltmore®,Biltmore® Arcus,Electric Lanterns,,"CSHI,HSI1,HSI2,703001,703002",Copper,"36.5""H x 13.375""W x 13.375""D",30,843411113279,https://s3.us-west-2.amazonaws.com/catsy.962/_lg/4076013539/AR36E.jpg,983,1966,2163,FIN001,Y,WM003,,CM025,PP014,,ELE004,,Biltmore®,Traditional,Electric,Brass,Tempered Glass,15.75,7,20,6,2,E12,3,60,180,120,No,B,Yes,,Wet,No,CSA,This product is compliant with California Title 20 requirements when sold and shipped with a light source. Any included lamping must meet California Title 20 standards.,This decorative fixture is not title 24 ja8 certified. Compliance may be achieved when installed with a customer-provided ja8-compliant light source.,WARNING: This product may expose you to chemicals including lead and other substances known to the State of California to cause cancer and k birth defects or other reproductive harm. For more information visit www.P65Warnings.ca.gov,AR36E,"Our Biltmore® Arcus lantern is crafted as a wall-mounted lantern, built from solid copper and designed to age gracefully with a natural patina. It provides electric illumination for everyday exterior use and can also be configured with ceiling mount, post mount, pier mount, yoke mount to suit a wide range of architectural applications.",https://thecoppersmith.net/warranty-return/,China,0,1,1,,
AR36G,CopperSmith Biltmore Arcus 36 Gas Lantern Wall Sconce,,The CopperSmith Biltmore®,Biltmore® Arcus,Gas Lanterns,,"WGL,GLC",Copper,"36.5""H x 13.375""W x 13.375""D",30,843411113262,https://s3.us-west-2.amazonaws.com/catsy.962/_lg/4076012926/AR36G.jpg,983,1966,2163,FIN001,Y,WM003,,CM026,PP014,,,GAS002,Biltmore®,Traditional,Gas,Brass,Tempered Glass,15.75,7,20,,,,,,,,,,Yes,,Wet,No,CSA,This product is compliant with California Title 20 requirements when sold and shipped with a light source. Any included lamping must meet California Title 20 standards.,This decorative fixture is not title 24 ja8 certified. Compliance may be achieved when installed with a customer-provided ja8-compliant light source.,WARNING: This product may expose you to chemicals including lead and other substances known to the State of California to cause cancer and k birth defects or other reproductive harm. For more information visit www.P65Warnings.ca.gov,AR36G,"Our Biltmore® Arcus lantern is crafted as a wall-mounted lantern, built from solid copper and designed to age gracefully with a natural patina. It provides natural gas or propane for everyday exterior use and can also be configured with post mount, pier mount, yoke mount to suit a wide range of architectural applications.",https://thecoppersmith.net/warranty-return/,China,0,1,1,,
AS41E,CopperSmith Adam Street 41 Electric Lantern Wall Sconce,,The CopperSmith,Adam Street,Electric Lanterns,,"ADS,CSHI,HSI1,HSI2,TLA,703001,703002",Copper,"18.75""H x 10.5""W x 10.5""D",10,843411100019,https://s3.us-west-2.amazonaws.com/catsy.962/_lg/4075986007/AS41E.jpg,310,620,682,FIN001,Y,WM010,WA001,CM027,PP015,DEC005,ELE002,,Colonial,Traditional,Electric,Brass,Tempered Glass,12.25,6,5,5,2,E12,2,60,120,120,No,B,Yes,Configuration Available,Wet,No,CSA,This product is compliant with California Title 20 requirements when sold and shipped with a light source. Any included lamping must meet California Title 20 standards.,This decorative fixture is not title 24 ja8 certified. Compliance may be achieved when installed with a customer-provided ja8-compliant light source.,WARNING: This product may expose you to chemicals including lead and other substances known to the State of California to cause cancer and k birth defects or other reproductive harm. For more information visit www.P65Warnings.ca.gov,AS41E,"Our Adams Street lantern is crafted as a wall-mounted lantern, built from solid copper and designed to age gracefully with a natural patina. It provides electric illumination for everyday exterior use and can also be configured with yoke mount, gooseneck mount, ceiling mount, post mount, pier mount to suit a wide range of architectural applications.",https://thecoppersmith.net/warranty-return/,China,0,1,1,,
AS41G,CopperSmith Adam Street 41 Gas Lantern Wall Sconce,,The CopperSmith,Adam Street,Gas Lanterns,,"WGS,GLC,ADS,TLA",Copper,"18.75""H x 10.5""W x 10.5""D",10,843411100002,https://s3.us-west-2.amazonaws.com/catsy.962/_lg/4076157527/AS41G.jpg,310,620,682,FIN001,Y,WM010,WA001,CM028,PP015,DEC005,ELE003,GAS001,Colonial,Traditional,Gas,Brass,Tempered Glass,12.25,6,5,,,,,,,,,,Yes,Configuration Available,Wet,No,CSA,This product is compliant with California Title 20 requirements when sold and shipped with a light source. Any included lamping must meet California Title 20 standards.,This decorative fixture is not title 24 ja8 certified. Compliance may be achieved when installed with a customer-provided ja8-compliant light source.,WARNING: This product may expose you to chemicals including lead and other substances known to the State of California to cause cancer and k birth defects or other reproductive harm. For more information visit www.P65Warnings.ca.gov,AS41G,"Our Adams Street lantern is crafted as a wall-mounted lantern, built from solid copper and designed to age gracefully with a natural patina. It provides natural gas or propane for everyday exterior use and can also be configured with yoke mount, gooseneck mount, post mount, pier mount to suit a wide range of architectural applications.",https://thecoppersmith.net/warranty-return/,China,0,1,1,,
AS42E,CopperSmith Adam Street 42 Electric Lantern Wall Sconce,,The CopperSmith,Adam Street,Electric Lanterns,,"ADS,CSHI,HSI1,HSI2,TLA,703001,703002",Copper,"23.25""H x 12.25""W x 12.25""D",14,843411100040,https://s3.us-west-2.amazonaws.com/catsy.962/_lg/4075986008/AS42E.jpg,416,832,915,FIN001,Y,WM011,WA002,CM029,PP016,DEC005,ELE002,,Colonial,Traditional,Electric,Brass,Tempered Glass,14,6,5,5,2,E12,2,60,120,120,No,B,Yes,Configuration Available,Wet,No,CSA,This product is compliant with California Title 20 requirements when sold and shipped with a light source. Any included lamping must meet California Title 20 standards.,This decorative fixture is not title 24 ja8 certified. Compliance may be achieved when installed with a customer-provided ja8-compliant light source.,WARNING: This product may expose you to chemicals including lead and other substances known to the State of California to cause cancer and k birth defects or other reproductive harm. For more information visit www.P65Warnings.ca.gov,AS42E,"Our Adams Street lantern is crafted as a wall-mounted lantern, built from solid copper and designed to age gracefully with a natural patina. It provides electric illumination for everyday exterior use and can also be configured with yoke mount, gooseneck mount, ceiling mount, post mount, pier mount to suit a wide range of architectural applications.",https://thecoppersmith.net/warranty-return/,China,0,1,1,,
AS42G,CopperSmith Adam Street 42 Gas Lantern Wall Sconce,,The CopperSmith,Adam Street,Gas Lanterns,,"WGS,GLC,ADS,TLA",Copper,"23.25""H x 12.25""W x 12.25""D",14,843411100033,https://s3.us-west-2.amazonaws.com/catsy.962/_lg/4076012907/AS42G-Glass.jpg,416,832,915,FIN001,Y,WM011,WA002,CM030,PP016,DEC005,ELE003,GAS001,Colonial,Traditional,Gas,Brass,Tempered Glass,14,6,5,,,,,,,,,,Yes,Configuration Available,Wet,No,CSA,This product is compliant with California Title 20 requirements when sold and shipped with a light source. Any included lamping must meet California Title 20 standards.,This decorative fixture is not title 24 ja8 certified. Compliance may be achieved when installed with a customer-provided ja8-compliant light source.,WARNING: This product may expose you to chemicals including lead and other substances known to the State of California to cause cancer and k birth defects or other reproductive harm. For more information visit www.P65Warnings.ca.gov,AS42G,"Our Adams Street lantern is crafted as a wall-mounted lantern, built from solid copper and designed to age gracefully with a natural patina. It provides natural gas or propane for everyday exterior use and can also be configured with yoke mount, gooseneck mount, post mount, pier mount to suit a wide range of architectural applications.",https://thecoppersmith.net/warranty-return/,China,0,1,1,,
AS43E,CopperSmith Adam Street 43 Electric Lantern Wall Sconce,,The CopperSmith,Adam Street,Electric Lanterns,,"ADS,CSHI,HSI1,HSI2,TLA,703001,703002",Copper,"28.5""H x 15.25""W x 15.25""D",20,843411100071,https://s3.us-west-2.amazonaws.com/catsy.962/_lg/4076157530/AS43E.jpg,615,1230,1353,FIN001,Y,WM012,WA003,CM031,PP016,DEC006,ELE002,,Colonial,Traditional,Electric,Brass,Tempered Glass,17.25,6,5,5,2,E12,3,60,180,120,No,B,Yes,Configuration Available,Wet,No,CSA,This product is compliant with California Title 20 requirements when sold and shipped with a light source. Any included lamping must meet California Title 20 standards.,This decorative fixture is not title 24 ja8 certified. Compliance may be achieved when installed with a customer-provided ja8-compliant light source.,WARNING: This product may expose you to chemicals including lead and other substances known to the State of California to cause cancer and k birth defects or other reproductive harm. For more information visit www.P65Warnings.ca.gov,AS43E,"Our Adams Street lantern is crafted as a wall-mounted lantern, built from solid copper and designed to age gracefully with a natural patina. It provides electric illumination for everyday exterior use and can also be configured with yoke mount, ceiling mount, post mount, pier mount to suit a wide range of architectural applications.",https://thecoppersmith.net/warranty-return/,China,0,1,1,,
AS43G,CopperSmith Adam Street 43 Gas Lantern Wall Sconce,,The CopperSmith,Adam Street,Gas Lanterns,,"WGL,GLC,ADS,TLA",Copper,"28.5""H x 15.25""W x 15.25""D",20,843411100064,https://s3.us-west-2.amazonaws.com/catsy.962/_lg/4076157531/AS43G.jpg,615,1230,1353,FIN001,Y,WM012,WA003,CM032,PP016,DEC006,ELE003,GAS002,Colonial,Traditional,Gas,Brass,Tempered Glass,17.25,6,5,,,,,,,,,,Yes,Configuration Available,Wet,No,CSA,This product is compliant with California Title 20 requirements when sold and shipped with a light source. Any included lamping must meet California Title 20 standards.,This decorative fixture is not title 24 ja8 certified. Compliance may be achieved when installed with a customer-provided ja8-compliant light source.,WARNING: This product may expose you to chemicals including lead and other substances known to the State of California to cause cancer and k birth defects or other reproductive harm. For more information visit www.P65Warnings.ca.gov,AS43G,"Our Adams Street lantern is crafted as a wall-mounted lantern, built from solid copper and designed to age gracefully with a natural patina. It provides natural gas or propane for everyday exterior use and can also be configured with yoke mount, post mount, pier mount to suit a wide range of architectural applications.",https://thecoppersmith.net/warranty-return/,China,0,1,1,,
AS44E,CopperSmith Adam Street 44 Electric Lantern Wall Sconce,,The CopperSmith,Adam Street,Electric Lanterns,,"ADS,CSHI,HSI1,HSI2,TLA,703001,703002",Copper,"32.75""H x 17.5""W x 17.5""D",24,843411100101,https://s3.us-west-2.amazonaws.com/catsy.962/_lg/4076012909/AS44E-Glass.jpg,774,1548,1703,FIN001,Y,WM012,WA004,CM033,PP017,DEC007,ELE002,,Colonial,Traditional,Electric,Brass,Tempered Glass,19.5,6,5,5,2,E12,3,60,180,120,No,B,Yes,Configuration Available,Wet,No,CSA,This product is compliant with California Title 20 requirements when sold and shipped with a light source. Any included lamping must meet California Title 20 standards.,This decorative fixture is not title 24 ja8 certified. Compliance may be achieved when installed with a customer-provided ja8-compliant light source.,WARNING: This product may expose you to chemicals including lead and other substances known to the State of California to cause cancer and k birth defects or other reproductive harm. For more information visit www.P65Warnings.ca.gov,AS44E,"Our Adams Street lantern is crafted as a wall-mounted lantern, built from solid copper and designed to age gracefully with a natural patina. It provides electric illumination for everyday exterior use and can also be configured with yoke mount, ceiling mount, post mount, pier mount to suit a wide range of architectural applications.",https://thecoppersmith.net/warranty-return/,China,0,1,1,,
AS44G,CopperSmith Adam Street 44 Gas Lantern Wall Sconce,,The CopperSmith,Adam Street,Gas Lanterns,,"WGL,GLC,ADS,TLA",Copper,"32.75""H x 17.5""W x 17.5""D",24,843411100095,https://s3.us-west-2.amazonaws.com/catsy.962/_lg/4076012910/AS44G-Glass.jpg,774,1548,1703,FIN001,Y,WM012,WA004,CM034,PP017,DEC007,ELE003,GAS002,Colonial,Traditional,Gas,Brass,Tempered Glass,19.5,6,5,,,,,,,,,,Yes,Configuration Available,Wet,No,CSA,This product is compliant with California Title 20 requirements when sold and shipped with a light source. Any included lamping must meet California Title 20 standards.,This decorative fixture is not title 24 ja8 certified. Compliance may be achieved when installed with a customer-provided ja8-compliant light source.,WARNING: This product may expose you to chemicals including lead and other substances known to the State of California to cause cancer and k birth defects or other reproductive harm. For more information visit www.P65Warnings.ca.gov,AS44G,"Our Adams Street lantern is crafted as a wall-mounted lantern, built from solid copper and designed to age gracefully with a natural patina. It provides natural gas or propane for everyday exterior use and can also be configured with yoke mount, post mount, pier mount to suit a wide range of architectural applications.",https://thecoppersmith.net/warranty-return/,China,0,1,1,,
AU24E,CopperSmith Austin 24 Electric Lantern Wall Sconce,,The CopperSmith,Austin,Electric Lanterns,,"ADS,CSHI,HSI1,HSI2,TLA,703001,703002",Copper,"22.5""H x 8""W x 8""D",23,843411114641,https://s3.us-west-2.amazonaws.com/catsy.962/_lg/4075886555/AU24-Electric.jpg,544,1088,1197,FIN001,Y,WM013,,CM035,PP018,,ELE002,,Contemporary,,Electric,Brass,Tempered Glass,11.5,6,10.25,5.125,2,E12,2,60,120,120,No,B,Yes,Configuration Available,Wet,No,CSA,This product is compliant with California Title 20 requirements when sold and shipped with a light source. Any included lamping must meet California Title 20 standards.,This decorative fixture is not title 24 ja8 certified. Compliance may be achieved when installed with a customer-provided ja8-compliant light source.,WARNING: This product may expose you to chemicals including lead and other substances known to the State of California to cause cancer and k birth defects or other reproductive harm. For more information visit www.P65Warnings.ca.gov,AU24E,"Our Austin lantern is crafted as a wall-mounted lantern, built from solid copper and designed to age gracefully with a natural patina. It provides electric illumination for everyday exterior use and can also be configured with yoke mount, post mount, pier mount to suit a wide range of architectural applications.",https://thecoppersmith.net/warranty-return/,China,0,1,1,,
AU24G,CopperSmith Austin 24 Gas Lantern Wall Sconce,,The CopperSmith,Austin,Gas Lanterns,,"WGL,GLC,ADS,TLA",Copper,"22.5""H x 8""W x 8""D",12,843411114634,https://s3.us-west-2.amazonaws.com/catsy.962/_lg/4075886548/AU24-Gas.jpg,544,1088,1197,FIN001,Y,WM013,,CM035,PP018,,ELE003,GAS002,Contemporary,,Gas,Brass,Tempered Glass,11.5,6,10.25,,,,,,,,,,Yes,Configuration Available,Wet,No,CSA,This product is compliant with California Title 20 requirements when sold and shipped with a light source. Any included lamping must meet California Title 20 standards.,This decorative fixture is not title 24 ja8 certified. Compliance may be achieved when installed with a customer-provided ja8-compliant light source.,WARNING: This product may expose you to chemicals including lead and other substances known to the State of California to cause cancer and k birth defects or other reproductive harm. For more information visit www.P65Warnings.ca.gov,AU24G,"Our Austin lantern is crafted as a wall-mounted lantern, built from solid copper and designed to age gracefully with a natural patina. It provides natural gas or propane for everyday exterior use and can also be configured with yoke mount, post mount, pier mount to suit a wide range of architectural applications.",https://thecoppersmith.net/warranty-return/,China,0,1,1,,
AU30E,CopperSmith Austin 30 Electric Lantern Wall Sconce,,The CopperSmith,Austin,Electric Lanterns,,"ADS,CSHI,HSI1,HSI2,TLA,703001,703002",Copper,"30""H x 8""W x 8""D",19,843411114665,https://s3.us-west-2.amazonaws.com/catsy.962/_lg/4076157578/AU30E.jpg,643,1286,1415,FIN001,Y,WM013,,CM036,PP018,,ELE002,,Contemporary,,Electric,Brass,Tempered Glass,11.5,6,15,5.125,2,E12,2,60,120,120,No,B,Yes,Configuration Available,Wet,No,CSA,This product is compliant with California Title 20 requirements when sold and shipped with a light source. Any included lamping must meet California Title 20 standards.,This decorative fixture is not title 24 ja8 certified. Compliance may be achieved when installed with a customer-provided ja8-compliant light source.,WARNING: This product may expose you to chemicals including lead and other substances known to the State of California to cause cancer and k birth defects or other reproductive harm. For more information visit www.P65Warnings.ca.gov,AU30E,"Our Austin lantern is crafted as a wall-mounted lantern, built from solid copper and designed to age gracefully with a natural patina. It provides electric illumination for everyday exterior use and can also be configured with yoke mount, post mount, pier mount to suit a wide range of architectural applications.",https://thecoppersmith.net/warranty-return/,China,0,1,1,,
AU30G,CopperSmith Austin 30 Gas Lantern Wall Sconce,,The CopperSmith,Austin,Gas Lanterns,,"WGL,GLC,ADS,TLA",Copper,"30""H x 8""W x 8""D",19,843411114658,https://s3.us-west-2.amazonaws.com/catsy.962/_lg/4076157579/AU30G.jpg,643,1286,1415,FIN001,Y,WM013,,CM036,PP018,,ELE003,GAS002,Contemporary,,Gas,Brass,Tempered Glass,11.5,6,15,,,,,,,,,,Yes,Configuration Available,Wet,No,CSA,This product is compliant with California Title 20 requirements when sold and shipped with a light source. Any included lamping must meet California Title 20 standards.,This decorative fixture is not title 24 ja8 certified. Compliance may be achieved when installed with a customer-provided ja8-compliant light source.,WARNING: This product may expose you to chemicals including lead and other substances known to the State of California to cause cancer and k birth defects or other reproductive harm. For more information visit www.P65Warnings.ca.gov,AU30G,"Our Austin lantern is crafted as a wall-mounted lantern, built from solid copper and designed to age gracefully with a natural patina. It provides natural gas or propane for everyday exterior use and can also be configured with yoke mount, post mount, pier mount to suit a wide range of architectural applications.",https://thecoppersmith.net/warranty-return/,China,0,1,1,,
AU36E,CopperSmith Austin 36 Electric Lantern Wall Sconce,,The CopperSmith,Austin,Electric Lanterns,,"ADS,CSHI,HSI1,HSI2,TLA,703001,703002",Copper,"36""H x 12""W x 12""D",,843411115310,https://s3.us-west-2.amazonaws.com/catsy.962/_lg/4076012911/AU36E.jpg,874,1748,1923,FIN001,Y,WM013,,CM037,PP018,,ELE002,,Contemporary,,Electric,Brass,Tempered Glass,15.75,8,18,5.125,2,E12,3,60,180,120,No,B,Yes,Configuration Available,Wet,No,CSA,This product is compliant with California Title 20 requirements when sold and shipped with a light source. Any included lamping must meet California Title 20 standards.,This decorative fixture is not title 24 ja8 certified. Compliance may be achieved when installed with a customer-provided ja8-compliant light source.,WARNING: This product may expose you to chemicals including lead and other substances known to the State of California to cause cancer and k birth defects or other reproductive harm. For more information visit www.P65Warnings.ca.gov,AU36E,"Our Austin lantern is crafted as a wall-mounted lantern, built from solid copper and designed to age gracefully with a natural patina. It provides electric illumination for everyday exterior use and can also be configured with yoke mount, post mount, pier mount to suit a wide range of architectural applications.",https://thecoppersmith.net/warranty-return/,China,0,1,1,,
AU36G,CopperSmith Austin 36 Gas Lantern Wall Sconce,,The CopperSmith,Austin,Gas Lanterns,,"WGL,GLC,ADS,TLA",Copper,"36""H x 12""W x 12""D",,843411115303,https://s3.us-west-2.amazonaws.com/catsy.962/_lg/4076157580/AU36G.jpg,874,1748,1923,FIN001,Y,WM013,,CM037,PP018,,ELE003,GAS002,Contemporary,,Gas,Brass,Tempered Glass,15.75,8,18,,,,,,,,,,Yes,Configuration Available,Wet,No,CSA,This product is compliant with California Title 20 requirements when sold and shipped with a light source. Any included lamping must meet California Title 20 standards.,This decorative fixture is not title 24 ja8 certified. Compliance may be achieved when installed with a customer-provided ja8-compliant light source.,WARNING: This product may expose you to chemicals including lead and other substances known to the State of California to cause cancer and k birth defects or other reproductive harm. For more information visit www.P65Warnings.ca.gov,AU36G,"Our Austin lantern is crafted as a wall-mounted lantern, built from solid copper and designed to age gracefully with a natural patina. It provides natural gas or propane for everyday exterior use and can also be configured with yoke mount, post mount, pier mount to suit a wide range of architectural applications.",https://thecoppersmith.net/warranty-return/,China,0,1,1,,
BM30E,CopperSmith Belmont 30 Electric Lantern Wall Sconce,,The CopperSmith,Belmont,Electric Lanterns,,"ADS,CSHI,HSI1,HSI2,TLA,703001,703002",Copper,"30.25""H x 10.5""W x 10.5""D",,843411100194,https://s3.us-west-2.amazonaws.com/catsy.962/_lg/4076157587/BM30E.jpg,463,926,1019,FIN001,Y,WM010,WA005,CM038,PP015,DEC008,ELE002,,Colonial,,Electric,Brass,Tempered Glass,12.25,6,5,5,2,E12,2,60,120,120,No,B,Yes,Configuration Available,Wet,,Copper,This product is compliant with California Title 20 requirements when sold and shipped with a light source. Any included lamping must meet California Title 20 standards.,This decorative fixture is not title 24 ja8 certified. Compliance may be achieved when installed with a customer-provided ja8-compliant light source.,WARNING: This product may expose you to chemicals including lead and other substances known to the State of California to cause cancer and k birth defects or other reproductive harm. For more information visit www.P65Warnings.ca.gov,BM30E,"Our Belmont lantern is crafted as a wall-mounted lantern, built from solid copper and designed to age gracefully with a natural patina. It provides electric illumination for everyday exterior use and can also be configured with yoke mount, gooseneck mount, ceiling mount, post mount, pier mount to suit a wide range of architectural applications.",https://thecoppersmith.net/warranty-return/,China,0,1,1,,
BM30G,CopperSmith Belmont 30 Gas Lantern Wall Sconce,,The CopperSmith,Belmont,Gas Lanterns,,"WGS,GLC,ADS,TLA",Copper,"30.25""H x 10.5""W x 10.5""D",,843411100187,https://s3.us-west-2.amazonaws.com/catsy.962/_lg/4076157588/BM30G.jpg,463,926,1019,FIN001,Y,WM010,WA005,CM039,PP015,DEC008,ELE003,GAS001,Colonial,,Gas,Brass,Tempered Glass,12.25,6,5,,,,,,,,,,Yes,Configuration Available,Wet,,Copper,This product is compliant with California Title 20 requirements when sold and shipped with a light source. Any included lamping must meet California Title 20 standards.,This decorative fixture is not title 24 ja8 certified. Compliance may be achieved when installed with a customer-provided ja8-compliant light source.,WARNING: This product may expose you to chemicals including lead and other substances known to the State of California to cause cancer and k birth defects or other reproductive harm. For more information visit www.P65Warnings.ca.gov,BM30G,"Our Belmont lantern is crafted as a wall-mounted lantern, built from solid copper and designed to age gracefully with a natural patina. It provides natural gas or propane for everyday exterior use and can also be configured with yoke mount, gooseneck mount, post mount, pier mount to suit a wide range of architectural applications.",https://thecoppersmith.net/warranty-return/,China,0,1,1,,
BM35E,CopperSmith Belmont 35 Electric Lantern Wall Sconce,,The CopperSmith,Belmont,Electric Lanterns,,"ADS,CSHI,HSI1,HSI2,TLA,703001,703002",Copper,"37.25""H x 12.25""W x 12.25""D",,843411100224,https://s3.us-west-2.amazonaws.com/catsy.962/_lg/4076158228/BM35E.jpg,638,1276,1404,FIN001,Y,WM011,WA006,CM040,PP016,,ELE002,,Colonial,,Electric,Brass,Tempered Glass,14,6,5,5,2,E12,2,60,120,120,No,B,Yes,Configuration Available,Wet,,Copper,This product is compliant with California Title 20 requirements when sold and shipped with a light source. Any included lamping must meet California Title 20 standards.,This decorative fixture is not title 24 ja8 certified. Compliance may be achieved when installed with a customer-provided ja8-compliant light source.,WARNING: This product may expose you to chemicals including lead and other substances known to the State of California to cause cancer and k birth defects or other reproductive harm. For more information visit www.P65Warnings.ca.gov,BM35E,"Our Belmont lantern is crafted as a wall-mounted lantern, built from solid copper and designed to age gracefully with a natural patina. It provides electric illumination for everyday exterior use and can also be configured with yoke mount, gooseneck mount, ceiling mount, post mount, pier mount to suit a wide range of architectural applications.",https://thecoppersmith.net/warranty-return/,China,0,1,1,,
BM35G,CopperSmith Belmont 35 Gas Lantern Wall Sconce,,The CopperSmith,Belmont,Gas Lanterns,,"WGS,GLC,ADS,TLA",Copper,"37.25""H x 12.25""W x 12.25""D",,843411100217,https://s3.us-west-2.amazonaws.com/catsy.962/_lg/4076157589/BM35G.jpg,638,1276,1404,FIN001,Y,WM011,WA006,CM041,PP016,DEC008,ELE003,GAS001,Colonial,,Gas,Brass,Tempered Glass,14,6,5,,,,,,,,,,Yes,Configuration Available,Wet,,Copper,This product is compliant with California Title 20 requirements when sold and shipped with a light source. Any included lamping must meet California Title 20 standards.,This decorative fixture is not title 24 ja8 certified. Compliance may be achieved when installed with a customer-provided ja8-compliant light source.,WARNING: This product may expose you to chemicals including lead and other substances known to the State of California to cause cancer and k birth defects or other reproductive harm. For more information visit www.P65Warnings.ca.gov,BM35G,"Our Belmont lantern is crafted as a wall-mounted lantern, built from solid copper and designed to age gracefully with a natural patina. It provides natural gas or propane for everyday exterior use and can also be configured with yoke mount, gooseneck mount, post mount, pier mount to suit a wide range of architectural applications.",https://thecoppersmith.net/warranty-return/,China,0,1,1,,
BM40E,CopperSmith Belmont 40 Electric Lantern Wall Sconce,,The CopperSmith,Belmont,Electric Lanterns,,"ADS,CSHI,HSI1,HSI2,TLA,703001,703002",Copper,"42.25""H x 15.25""W x 15.25""D",,843411100255,https://s3.us-west-2.amazonaws.com/catsy.962/_lg/4076157590/BM40E.jpg,843,1686,1855,FIN001,Y,WM014,WA007,CM042,PP016,DEC008,ELE002,,Colonial,,Electric,Brass,Tempered Glass,17.25,6,5,5,2,E12,3,60,180,120,No,B,Yes,Configuration Available,Wet,,Copper,This product is compliant with California Title 20 requirements when sold and shipped with a light source. Any included lamping must meet California Title 20 standards.,This decorative fixture is not title 24 ja8 certified. Compliance may be achieved when installed with a customer-provided ja8-compliant light source.,WARNING: This product may expose you to chemicals including lead and other substances known to the State of California to cause cancer and k birth defects or other reproductive harm. For more information visit www.P65Warnings.ca.gov,BM40E,"Our Belmont lantern is crafted as a wall-mounted lantern, built from solid copper and designed to age gracefully with a natural patina. It provides electric illumination for everyday exterior use and can also be configured with yoke mount, gooseneck mount, ceiling mount, post mount, pier mount to suit a wide range of architectural applications.",https://thecoppersmith.net/warranty-return/,China,0,1,1,,
BM40G,CopperSmith Belmont 40 Gas Lantern Wall Sconce,,The CopperSmith,Belmont,Gas Lanterns,,"WGL,GLC,ADS,TLA",Copper,"42.25""H x 15.25""W x 15.25""D",,843411100248,https://s3.us-west-2.amazonaws.com/catsy.962/_lg/4076157592/BM40G.jpg,843,1686,1855,FIN001,Y,WM014,WA007,CM043,PP016,DEC008,ELE003,GAS002,Colonial,,Gas,Brass,Tempered Glass,17.25,6,5,,,,,,,,,,Yes,Configuration Available,Wet,,Copper,This product is compliant with California Title 20 requirements when sold and shipped with a light source. Any included lamping must meet California Title 20 standards.,This decorative fixture is not title 24 ja8 certified. Compliance may be achieved when installed with a customer-provided ja8-compliant light source.,WARNING: This product may expose you to chemicals including lead and other substances known to the State of California to cause cancer and k birth defects or other reproductive harm. For more information visit www.P65Warnings.ca.gov,BM40G,"Our Belmont lantern is crafted as a wall-mounted lantern, built from solid copper and designed to age gracefully with a natural patina. It provides natural gas or propane for everyday exterior use and can also be configured with yoke mount, gooseneck mount, post mount, pier mount to suit a wide range of architectural applications.",https://thecoppersmith.net/warranty-return/,China,0,1,1,,
BS61E,CopperSmith Bayou Street 61 Electric Lantern Wall Sconce,,The CopperSmith,Bayou Street,Electric Lanterns,,"ADS,TLA,703001,703002",Copper,"19.25""H x 13.5""W x 13.5""D",,843411100286,https://s3.us-west-2.amazonaws.com/catsy.962/_lg/4076157581/BS61E.jpg,322,644,708,FIN001,Y,WM015,WA008,CM044,PP019,DEC009,ELE003,,French,,Electric,Brass,Tempered Glass,13.5,6,5,5,2,E12,2,60,120,120,No,B,Yes,Configuration Available,Wet,,Copper,This product is compliant with California Title 20 requirements when sold and shipped with a light source. Any included lamping must meet California Title 20 standards.,This decorative fixture is not title 24 ja8 certified. Compliance may be achieved when installed with a customer-provided ja8-compliant light source.,WARNING: This product may expose you to chemicals including lead and other substances known to the State of California to cause cancer and k birth defects or other reproductive harm. For more information visit www.P65Warnings.ca.gov,BS61E,"Our Bayou Street lantern is crafted as a wall-mounted lantern, built from solid copper and designed to age gracefully with a natural patina. It provides electric illumination for everyday exterior use and can also be configured with yoke mount, gooseneck mount, ceiling mount, post mount, pier mount to suit a wide range of architectural applications.",https://thecoppersmith.net/warranty-return/,China,0,1,1,,
BS61G,CopperSmith Bayou Street 61 Gas Lantern Wall Sconce,,The CopperSmith,Bayou Street,Gas Lanterns,,"WGS,GLC,ADS,TLA",Copper,"19.25""H x 13.5""W x 13.5""D",,843411100279,https://s3.us-west-2.amazonaws.com/catsy.962/_lg/4076157582/BS61G.jpg,322,644,708,FIN001,Y,WM015,WA008,CM045,PP019,DEC009,ELE003,GAS001,French,,Gas,Brass,Tempered Glass,13.5,6,5,,,,,,,,,,Yes,Configuration Available,Wet,,Copper,This product is compliant with California Title 20 requirements when sold and shipped with a light source. Any included lamping must meet California Title 20 standards.,This decorative fixture is not title 24 ja8 certified. Compliance may be achieved when installed with a customer-provided ja8-compliant light source.,WARNING: This product may expose you to chemicals including lead and other substances known to the State of California to cause cancer and k birth defects or other reproductive harm. For more information visit www.P65Warnings.ca.gov,BS61G,"Our Bayou Street lantern is crafted as a wall-mounted lantern, built from solid copper and designed to age gracefully with a natural patina. It provides natural gas or propane for everyday exterior use and can also be configured with yoke mount, gooseneck mount, post mount, pier mount to suit a wide range of architectural applications.",https://thecoppersmith.net/warranty-return/,China,0,1,1,,
BS62E,CopperSmith Bayou Street 62 Electric Lantern Wall Sconce,,The CopperSmith,Bayou Street,Electric Lanterns,,"ADS,CSHI,HSI1,HSI2,TLA,703001,703002",Copper,"25.75""H x 16""W x 15.75""D",,843411100316,https://s3.us-west-2.amazonaws.com/catsy.962/_lg/4076157583/BS62E.jpg,467,934,1027,FIN001,Y,WM015,WA009,CM046,PP019,DEC009,ELE002,,French,,Electric,Brass,Tempered Glass,15.75,6,5,5,2,E12,2,60,120,120,No,B,Yes,Configuration Available,Wet,,Copper,This product is compliant with California Title 20 requirements when sold and shipped with a light source. Any included lamping must meet California Title 20 standards.,This decorative fixture is not title 24 ja8 certified. Compliance may be achieved when installed with a customer-provided ja8-compliant light source.,WARNING: This product may expose you to chemicals including lead and other substances known to the State of California to cause cancer and k birth defects or other reproductive harm. For more information visit www.P65Warnings.ca.gov,BS62E,"Our Bayou Street lantern is crafted as a wall-mounted lantern, built from solid copper and designed to age gracefully with a natural patina. It provides electric illumination for everyday exterior use and can also be configured with yoke mount, gooseneck mount, ceiling mount, post mount, pier mount to suit a wide range of architectural applications.",https://thecoppersmith.net/warranty-return/,China,0,1,1,,
BS62G,CopperSmith Bayou Street 62 Gas Lantern Wall Sconce,,The CopperSmith,Bayou Street,Gas Lanterns,,"WGS,GLC,ADS,TLA",Copper,"25.75""H x 16""W x 15.75""D",,843411100309,https://s3.us-west-2.amazonaws.com/catsy.962/_lg/4076157584/BS62G.jpg,467,934,1027,FIN001,Y,WM015,WA009,CM047,PP019,DEC009,ELE003,GAS001,French,,Gas,Brass,Tempered Glass,15.75,6,5,,,,,,,,,,Yes,Configuration Available,Wet,,Copper,This product is compliant with California Title 20 requirements when sold and shipped with a light source. Any included lamping must meet California Title 20 standards.,This decorative fixture is not title 24 ja8 certified. Compliance may be achieved when installed with a customer-provided ja8-compliant light source.,WARNING: This product may expose you to chemicals including lead and other substances known to the State of California to cause cancer and k birth defects or other reproductive harm. For more information visit www.P65Warnings.ca.gov,BS62G,"Our Bayou Street lantern is crafted as a wall-mounted lantern, built from solid copper and designed to age gracefully with a natural patina. It provides natural gas or propane for everyday exterior use and can also be configured with yoke mount, gooseneck mount, post mount, pier mount to suit a wide range of architectural applications.",https://thecoppersmith.net/warranty-return/,China,0,1,1,,
BS63E,CopperSmith Bayou Street 63 Electric Lantern Wall Sconce,,The CopperSmith,Bayou Street,Electric Lanterns,,"ADS,CSHI,HSI1,HSI2,TLA,703001,703002",Copper,"30.75""H x 19""W x 18.5""D",,843411100347,https://s3.us-west-2.amazonaws.com/catsy.962/_lg/4075986009/BS63E.jpg,702,1404,1544,FIN001,Y,WM016,WA010,CM048,PP020,DEC010,ELE002,,French,,Electric,Brass,Tempered Glass,18.5,6,5,5,2,E12,3,60,180,120,No,B,Yes,Configuration Available,Wet,,Copper,This product is compliant with California Title 20 requirements when sold and shipped with a light source. Any included lamping must meet California Title 20 standards.,This decorative fixture is not title 24 ja8 certified. Compliance may be achieved when installed with a customer-provided ja8-compliant light source.,WARNING: This product may expose you to chemicals including lead and other substances known to the State of California to cause cancer and k birth defects or other reproductive harm. For more information visit www.P65Warnings.ca.gov,BS63E,"Our Bayou Street lantern is crafted as a wall-mounted lantern, built from solid copper and designed to age gracefully with a natural patina. It provides electric illumination for everyday exterior use and can also be configured with yoke mount, gooseneck mount, ceiling mount, post mount, pier mount to suit a wide range of architectural applications.",https://thecoppersmith.net/warranty-return/,China,0,1,1,,
BS63G,CopperSmith Bayou Street 63 Gas Lantern Wall Sconce,,The CopperSmith,Bayou Street,Gas Lanterns,,"WGL,GLC,ADS,TLA",Copper,"30.75""H x 19""W x 18.5""D",,843411100330,https://s3.us-west-2.amazonaws.com/catsy.962/_lg/4075986011/BS63G.jpg,702,1404,1544,FIN001,Y,WM016,WA010,CM049,PP020,DEC010,ELE003,GAS002,French,,Gas,Brass,Tempered Glass,18.5,6,5,,,,,,,,,,Yes,Configuration Available,Wet,,Copper,This product is compliant with California Title 20 requirements when sold and shipped with a light source. Any included lamping must meet California Title 20 standards.,This decorative fixture is not title 24 ja8 certified. Compliance may be achieved when installed with a customer-provided ja8-compliant light source.,WARNING: This product may expose you to chemicals including lead and other substances known to the State of California to cause cancer and k birth defects or other reproductive harm. For more information visit www.P65Warnings.ca.gov,BS63G,"Our Bayou Street lantern is crafted as a wall-mounted lantern, built from solid copper and designed to age gracefully with a natural patina. It provides natural gas or propane for everyday exterior use and can also be configured with yoke mount, gooseneck mount, post mount, pier mount to suit a wide range of architectural applications.",https://thecoppersmith.net/warranty-return/,China,0,1,1,,
BS64E,CopperSmith Bayou Street 64 Electric Lantern Wall Sconce,,The CopperSmith,Bayou Street,Electric Lanterns,,"ADS,CSHI,HSI1,HSI2,TLA,703001,703002",Copper,"33.25""H x 21.25""W x 21.25""D",,843411100378,https://s3.us-west-2.amazonaws.com/catsy.962/_lg/4076157585/BS64E.jpg,925,1850,2035,FIN001,Y,WM016,WA011,CM050,PP020,DEC010,ELE002,,French,,Electric,Brass,Tempered Glass,20.25,6,5,5,2,E12,3,60,180,120,No,B,Yes,Configuration Available,Wet,,Copper,This product is compliant with California Title 20 requirements when sold and shipped with a light source. Any included lamping must meet California Title 20 standards.,This decorative fixture is not title 24 ja8 certified. Compliance may be achieved when installed with a customer-provided ja8-compliant light source.,WARNING: This product may expose you to chemicals including lead and other substances known to the State of California to cause cancer and k birth defects or other reproductive harm. For more information visit www.P65Warnings.ca.gov,BS64E,"Our Bayou Street lantern is crafted as a wall-mounted lantern, built from solid copper and designed to age gracefully with a natural patina. It provides electric illumination for everyday exterior use and can also be configured with yoke mount, gooseneck mount, ceiling mount, post mount, pier mount to suit a wide range of architectural applications.",https://thecoppersmith.net/warranty-return/,China,0,1,1,,
BS64G,CopperSmith Bayou Street 64 Gas Lantern Wall Sconce,,The CopperSmith,Bayou Street,Gas Lanterns,,"WGL,GLC,ADS,TLA",Copper,"33.25""H x 21.25""W x 21.25""D",,843411100361,https://s3.us-west-2.amazonaws.com/catsy.962/_lg/4076157586/BS64G.jpg,925,1850,2035,FIN001,Y,WM016,WA011,CM051,PP020,DEC010,ELE003,GAS002,French,,Gas,Brass,Tempered Glass,20.25,6,5,,,,,,,,,,Yes,Configuration Available,Wet,,Copper,This product is compliant with California Title 20 requirements when sold and shipped with a light source. Any included lamping must meet California Title 20 standards.,This decorative fixture is not title 24 ja8 certified. Compliance may be achieved when installed with a customer-provided ja8-compliant light source.,WARNING: This product may expose you to chemicals including lead and other substances known to the State of California to cause cancer and k birth defects or other reproductive harm. For more information visit www.P65Warnings.ca.gov,BS64G,"Our Bayou Street lantern is crafted as a wall-mounted lantern, built from solid copper and designed to age gracefully with a natural patina. It provides natural gas or propane for everyday exterior use and can also be configured with yoke mount, gooseneck mount, post mount, pier mount to suit a wide range of architectural applications.",https://thecoppersmith.net/warranty-return/,China,0,1,1,,
CH30E,CopperSmith Churchill 30 Electric Lantern Wall Sconce,,The CopperSmith,Churchill,Electric Lanterns,,"ADS,CSHI,HSI1,HSI2,TLA,703001,703002",Copper,"28""H x 8.5""W x 8.5""D",12,843411100408,https://s3.us-west-2.amazonaws.com/catsy.962/_lg/4076157594/CH30E.jpg,417,834,917,FIN001,Y,WM017,WA012,CM052,PP017,DEC011,ELE002,,English,,Electric,Brass,Tempered Glass,10.5,6,5,5,2,E12,2,60,120,120,No,B,Yes,Configuration Available,Wet,No,CSA,This product is compliant with California Title 20 requirements when sold and shipped with a light source. Any included lamping must meet California Title 20 standards.,This decorative fixture is not title 24 ja8 certified. Compliance may be achieved when installed with a customer-provided ja8-compliant light source.,WARNING: This product may expose you to chemicals including lead and other substances known to the State of California to cause cancer and k birth defects or other reproductive harm. For more information visit www.P65Warnings.ca.gov,CH30E,"Our Churchill lantern is crafted as a wall-mounted lantern, built from solid copper and designed to age gracefully with a natural patina. It provides electric illumination for everyday exterior use and can also be configured with yoke mount, gooseneck mount, ceiling mount, post mount, pier mount to suit a wide range of architectural applications.",https://thecoppersmith.net/warranty-return/,China,0,1,1,,
CH30G,CopperSmith Churchill 30 Gas Lantern Wall Sconce,,The CopperSmith,Churchill,Gas Lanterns,,"WGS,GLC,ADS,TLA",Copper,"28""H x 8.5""W x 8.5""D",12,843411100392,https://s3.us-west-2.amazonaws.com/catsy.962/_lg/4076157596/CH30G.jpg,417,834,917,FIN001,Y,WM017,WA012,CM053,PP017,DEC011,ELE003,GAS001,English,,Gas,Brass,Tempered Glass,10.5,6,5,,,,,,,,,,Yes,Configuration Available,Wet,No,CSA,This product is compliant with California Title 20 requirements when sold and shipped with a light source. Any included lamping must meet California Title 20 standards.,This decorative fixture is not title 24 ja8 certified. Compliance may be achieved when installed with a customer-provided ja8-compliant light source.,WARNING: This product may expose you to chemicals including lead and other substances known to the State of California to cause cancer and k birth defects or other reproductive harm. For more information visit www.P65Warnings.ca.gov,CH30G,"Our Churchill lantern is crafted as a wall-mounted lantern, built from solid copper and designed to age gracefully with a natural patina. It provides natural gas or propane for everyday exterior use and can also be configured with yoke mount, gooseneck mount, post mount, pier mount to suit a wide range of architectural applications.",https://thecoppersmith.net/warranty-return/,China,0,1,1,,
CH36E,CopperSmith Churchill 36 Electric Lantern Wall Sconce,,The CopperSmith,Churchill,Electric Lanterns,,"ADS,CSHI,HSI1,HSI2,TLA,703001,703002",Copper,"33.25""H x 10""W x 10""D",16,843411100439,https://s3.us-west-2.amazonaws.com/catsy.962/_lg/4076157598/CH36E.jpg,509,1018,1120,FIN001,Y,WM018,WA013,CM054,PP017,DEC012,ELE002,,English,,Electric,Brass,Tempered Glass,11.75,6,5,5,2,E12,3,60,180,120,No,B,Yes,Configuration Available,Wet,No,CSA,This product is compliant with California Title 20 requirements when sold and shipped with a light source. Any included lamping must meet California Title 20 standards.,This decorative fixture is not title 24 ja8 certified. Compliance may be achieved when installed with a customer-provided ja8-compliant light source.,WARNING: This product may expose you to chemicals including lead and other substances known to the State of California to cause cancer and k birth defects or other reproductive harm. For more information visit www.P65Warnings.ca.gov,CH36E,"Our Churchill lantern is crafted as a wall-mounted lantern, built from solid copper and designed to age gracefully with a natural patina. It provides electric illumination for everyday exterior use and can also be configured with yoke mount, gooseneck mount, ceiling mount, post mount, pier mount to suit a wide range of architectural applications.",https://thecoppersmith.net/warranty-return/,China,0,1,1,,
CH36G,CopperSmith Churchill 36 Gas Lantern Wall Sconce,,The CopperSmith,Churchill,Gas Lanterns,,"WGL,GLC,ADS,TLA",Copper,"33.25""H x 10""W x 10""D",16,843411100422,https://s3.us-west-2.amazonaws.com/catsy.962/_lg/4076157600/CH36G.jpg,509,1018,1120,FIN001,Y,WM018,WA013,CM055,PP017,DEC012,ELE003,GAS002,English,,Gas,Brass,Tempered Glass,11.75,6,5,,,,,,,,,,Yes,Configuration Available,Wet,No,CSA,This product is compliant with California Title 20 requirements when sold and shipped with a light source. Any included lamping must meet California Title 20 standards.,This decorative fixture is not title 24 ja8 certified. Compliance may be achieved when installed with a customer-provided ja8-compliant light source.,WARNING: This product may expose you to chemicals including lead and other substances known to the State of California to cause cancer and k birth defects or other reproductive harm. For more information visit www.P65Warnings.ca.gov,CH36G,"Our Churchill lantern is crafted as a wall-mounted lantern, built from solid copper and designed to age gracefully with a natural patina. It provides natural gas or propane for everyday exterior use and can also be configured with yoke mount, gooseneck mount, post mount, pier mount to suit a wide range of architectural applications.",https://thecoppersmith.net/warranty-return/,China,0,1,1,,
CH38E,CopperSmith Churchill 38 Electric Lantern Wall Sconce,,The CopperSmith,Churchill,Electric Lanterns,,"ADS,CSHI,HSI1,HSI2,TLA,703001,703002",Copper,"36""H x 10""W x 10""D",18,843411100460,https://s3.us-west-2.amazonaws.com/catsy.962/_lg/4076157602/CH38E.jpg,702,1404,1544,FIN001,Y,WM018,WA014,CM054,PP017,DEC013,ELE002,,English,,Electric,Brass,Tempered Glass,11.75,6,5,5,2,E12,3,60,180,120,No,B,Yes,Configuration Available,Wet,No,CSA,This product is compliant with California Title 20 requirements when sold and shipped with a light source. Any included lamping must meet California Title 20 standards.,This decorative fixture is not title 24 ja8 certified. Compliance may be achieved when installed with a customer-provided ja8-compliant light source.,WARNING: This product may expose you to chemicals including lead and other substances known to the State of California to cause cancer and k birth defects or other reproductive harm. For more information visit www.P65Warnings.ca.gov,CH38E,"Our Churchill lantern is crafted as a wall-mounted lantern, built from solid copper and designed to age gracefully with a natural patina. It provides electric illumination for everyday exterior use and can also be configured with yoke mount, gooseneck mount, ceiling mount, post mount, pier mount to suit a wide range of architectural applications.",https://thecoppersmith.net/warranty-return/,China,0,1,1,,
CH38G,CopperSmith Churchill 38 Gas Lantern Wall Sconce,,The CopperSmith,Churchill,Gas Lanterns,,"WGL,GLC,ADS,TLA",Copper,"36""H x 10""W x 10""D",18,843411100453,https://s3.us-west-2.amazonaws.com/catsy.962/_lg/4076157604/CH38G.jpg,702,1404,1544,FIN001,Y,WM018,WA014,CM055,PP017,DEC013,ELE003,GAS002,English,,Gas,Brass,Tempered Glass,11.75,6,5,,,,,,,,,,Yes,Configuration Available,Wet,No,CSA,This product is compliant with California Title 20 requirements when sold and shipped with a light source. Any included lamping must meet California Title 20 standards.,This decorative fixture is not title 24 ja8 certified. Compliance may be achieved when installed with a customer-provided ja8-compliant light source.,WARNING: This product may expose you to chemicals including lead and other substances known to the State of California to cause cancer and k birth defects or other reproductive harm. For more information visit www.P65Warnings.ca.gov,CH38G,"Our Churchill lantern is crafted as a wall-mounted lantern, built from solid copper and designed to age gracefully with a natural patina. It provides natural gas or propane for everyday exterior use and can also be configured with yoke mount, gooseneck mount, post mount, pier mount to suit a wide range of architectural applications.",https://thecoppersmith.net/warranty-return/,China,0,1,1,,
CO18E,CopperSmith Contempo 18 Electric Lantern Wall Sconce,,The CopperSmith,Contempo,Electric Lanterns,,"ADS,CSHI,HSI1,HSI2,TLA,703001,703002",Copper,"18.25""H x 8.75""W x 8.75""D",12,843411100491,https://s3.us-west-2.amazonaws.com/catsy.962/_lg/4076157621/CO18E.jpg,417,834,917,FIN001,Y,WM017,WA015,CM056,PP017,DEC014,ELE002,,Contemporary,,Electric,Brass,Tempered Glass,10.5,6,5,5.125,2,E12,2,60,120,120,No,B,Yes,Configuration Available,Wet,No,CSA,This product is compliant with California Title 20 requirements when sold and shipped with a light source. Any included lamping must meet California Title 20 standards.,This decorative fixture is not title 24 ja8 certified. Compliance may be achieved when installed with a customer-provided ja8-compliant light source.,WARNING: This product may expose you to chemicals including lead and other substances known to the State of California to cause cancer and k birth defects or other reproductive harm. For more information visit www.P65Warnings.ca.gov,CO18E,"Our Contempo lantern is crafted as a wall-mounted lantern, built from solid copper and designed to age gracefully with a natural patina. It provides electric illumination for everyday exterior use and can also be configured with yoke mount, gooseneck mount, ceiling mount, post mount, pier mount to suit a wide range of architectural applications.",https://thecoppersmith.net/warranty-return/,China,0,1,1,,
CO18G,CopperSmith Contempo 18 Gas Lantern Wall Sconce,,The CopperSmith,Contempo,Gas Lanterns,,"WGS,GLC,ADS,TLA",Copper,"18.25""H x 8.75""W x 8.75""D",12,843411100484,https://s3.us-west-2.amazonaws.com/catsy.962/_lg/4076157622/CO18G.jpg,417,834,917,FIN001,Y,WM017,WA015,CM057,PP017,DEC014,ELE003,GAS001,Contemporary,,Gas,Brass,Tempered Glass,10.5,6,5,,,,,,,,,,Yes,Configuration Available,Wet,No,CSA,This product is compliant with California Title 20 requirements when sold and shipped with a light source. Any included lamping must meet California Title 20 standards.,This decorative fixture is not title 24 ja8 certified. Compliance may be achieved when installed with a customer-provided ja8-compliant light source.,WARNING: This product may expose you to chemicals including lead and other substances known to the State of California to cause cancer and k birth defects or other reproductive harm. For more information visit www.P65Warnings.ca.gov,CO18G,"Our Contempo lantern is crafted as a wall-mounted lantern, built from solid copper and designed to age gracefully with a natural patina. It provides natural gas or propane for everyday exterior use and can also be configured with yoke mount, gooseneck mount, post mount, pier mount to suit a wide range of architectural applications.",https://thecoppersmith.net/warranty-return/,China,0,1,1,,
CO24E,CopperSmith Contempo 24 Electric Lantern Wall Sconce,,The CopperSmith,Contempo,Electric Lanterns,,"ADS,CSHI,HSI1,HSI2,TLA,703001,703002",Copper,"21.5""H x 8.75""W x 8.75""D",14,843411100521,https://s3.us-west-2.amazonaws.com/catsy.962/_lg/4076157623/CO24E.jpg,536,1072,1179,FIN001,Y,WM017,,CM056,PP017,DEC015,ELE002,,Contemporary,,Electric,Brass,Tempered Glass,10.5,6,5,5.125,2,E12,2,60,120,120,No,B,Yes,Configuration Available,Wet,No,CSA,This product is compliant with California Title 20 requirements when sold and shipped with a light source. Any included lamping must meet California Title 20 standards.,This decorative fixture is not title 24 ja8 certified. Compliance may be achieved when installed with a customer-provided ja8-compliant light source.,WARNING: This product may expose you to chemicals including lead and other substances known to the State of California to cause cancer and k birth defects or other reproductive harm. For more information visit www.P65Warnings.ca.gov,CO24E,"Our Contempo lantern is crafted as a wall-mounted lantern, built from solid copper and designed to age gracefully with a natural patina. It provides electric illumination for everyday exterior use and can also be configured with yoke mount, gooseneck mount, ceiling mount, post mount, pier mount to suit a wide range of architectural applications.",https://thecoppersmith.net/warranty-return/,China,0,1,1,,
CO24G,CopperSmith Contempo 24 Gas Lantern Wall Sconce,,The CopperSmith,Contempo,Gas Lanterns,,"WGS,GLC,ADS,TLA",Copper,"21.5""H x 8.75""W x 8.75""D",14,843411100514,https://s3.us-west-2.amazonaws.com/catsy.962/_lg/4076157643/CO24G.jpg,536,1072,1179,FIN001,Y,WM017,,CM057,PP017,DEC015,ELE003,GAS001,Contemporary,,Gas,Brass,Tempered Glass,10.5,6,5,,,,,,,,,,Yes,Configuration Available,Wet,No,CSA,This product is compliant with California Title 20 requirements when sold and shipped with a light source. Any included lamping must meet California Title 20 standards.,This decorative fixture is not title 24 ja8 certified. Compliance may be achieved when installed with a customer-provided ja8-compliant light source.,WARNING: This product may expose you to chemicals including lead and other substances known to the State of California to cause cancer and k birth defects or other reproductive harm. For more information visit www.P65Warnings.ca.gov,CO24G,"Our Contempo lantern is crafted as a wall-mounted lantern, built from solid copper and designed to age gracefully with a natural patina. It provides natural gas or propane for everyday exterior use and can also be configured with yoke mount, gooseneck mount, post mount, pier mount to suit a wide range of architectural applications.",https://thecoppersmith.net/warranty-return/,China,0,1,1,,
CO31E,CopperSmith Contempo 31 Electric Lantern Wall Sconce,,The CopperSmith,Contempo,Electric Lanterns,,"ADS,CSHI,HSI1,HSI2,TLA,703001,703002",Copper,"30.25""H x 12""W x 12""D",27,843411100552,https://s3.us-west-2.amazonaws.com/catsy.962/_lg/4076157644/CO31E.jpg,885,1770,1947,FIN001,Y,WM019,,CM058,PP021,DEC016,ELE002,,Contemporary,,Electric,Brass,Tempered Glass,14,6,5,5.125,2,E12,3,60,180,120,No,B,Yes,Configuration Available,Wet,No,CSA,This product is compliant with California Title 20 requirements when sold and shipped with a light source. Any included lamping must meet California Title 20 standards.,This decorative fixture is not title 24 ja8 certified. Compliance may be achieved when installed with a customer-provided ja8-compliant light source.,WARNING: This product may expose you to chemicals including lead and other substances known to the State of California to cause cancer and k birth defects or other reproductive harm. For more information visit www.P65Warnings.ca.gov,CO31E,"Our Contempo lantern is crafted as a wall-mounted lantern, built from solid copper and designed to age gracefully with a natural patina. It provides electric illumination for everyday exterior use and can also be configured with yoke mount, ceiling mount, post mount, pier mount to suit a wide range of architectural applications.",https://thecoppersmith.net/warranty-return/,China,0,1,1,,
CO31G,CopperSmith Contempo 31 Gas Lantern Wall Sconce,,The CopperSmith,Contempo,Gas Lanterns,,"WGL,GLC,ADS,TLA",Copper,"30.25""H x 12""W x 12""D",27,843411100545,https://s3.us-west-2.amazonaws.com/catsy.962/_lg/4076157645/CO31G.jpg,885,1770,1947,FIN001,Y,WM019,,CM059,PP021,DEC016,ELE003,GAS002,Contemporary,,Gas,Brass,Tempered Glass,14,6,5,,,,,,,,,,Yes,Configuration Available,Wet,No,CSA,This product is compliant with California Title 20 requirements when sold and shipped with a light source. Any included lamping must meet California Title 20 standards.,This decorative fixture is not title 24 ja8 certified. Compliance may be achieved when installed with a customer-provided ja8-compliant light source.,WARNING: This product may expose you to chemicals including lead and other substances known to the State of California to cause cancer and k birth defects or other reproductive harm. For more information visit www.P65Warnings.ca.gov,CO31G,"Our Contempo lantern is crafted as a wall-mounted lantern, built from solid copper and designed to age gracefully with a natural patina. It provides natural gas or propane for everyday exterior use and can also be configured with yoke mount, post mount, pier mount to suit a wide range of architectural applications.",https://thecoppersmith.net/warranty-return/,China,0,1,1,,
CS41E,CopperSmith Conception Street 41 Electric Lantern Wall Sconce,,The CopperSmith,Conception Street,Electric Lanterns,,"ADS,CSHI,HSI1,HSI2,TLA,703001,703002",Copper,"18.75""H x 10.5""W x 10.5""D",10,843411100705,https://s3.us-west-2.amazonaws.com/catsy.962/_lg/4076157606/CS41E.jpg,310,620,682,FIN001,Y,WM010,WA001,CM060,PP015,DEC009,ELE002,,Colonial,Traditional,Electric,Brass,Tempered Glass,12.25,6,5,5,2,E12,2,60,120,120,No,B,Yes,Configuration Available,Wet,No,CSA,This product is compliant with California Title 20 requirements when sold and shipped with a light source. Any included lamping must meet California Title 20 standards.,This decorative fixture is not title 24 ja8 certified. Compliance may be achieved when installed with a customer-provided ja8-compliant light source.,WARNING: This product may expose you to chemicals including lead and other substances known to the State of California to cause cancer and k birth defects or other reproductive harm. For more information visit www.P65Warnings.ca.gov,CS41E,"Our Conception Street lantern is crafted as a wall-mounted lantern, built from solid copper and designed to age gracefully with a natural patina. It provides electric illumination for everyday exterior use and can also be configured with yoke mount, gooseneck mount, ceiling mount, post mount, pier mount to suit a wide range of architectural applications.",https://thecoppersmith.net/warranty-return/,China,0,1,1,,
CS41G,CopperSmith Conception Street 41 Gas Lantern Wall Sconce,,The CopperSmith,Conception Street,Gas Lanterns,,"WGS,GLC,ADS,TLA",Copper,"18.75""H x 10.5""W x 10.5""D",10,843411100699,https://s3.us-west-2.amazonaws.com/catsy.962/_lg/4076157608/CS41G.jpg,310,620,682,FIN001,Y,WM010,WA001,CM028,PP015,DEC009,ELE003,GAS001,Colonial,Traditional,Gas,Brass,Tempered Glass,12.25,6,5,,,,,,,,,,Yes,Configuration Available,Wet,No,CSA,This product is compliant with California Title 20 requirements when sold and shipped with a light source. Any included lamping must meet California Title 20 standards.,This decorative fixture is not title 24 ja8 certified. Compliance may be achieved when installed with a customer-provided ja8-compliant light source.,WARNING: This product may expose you to chemicals including lead and other substances known to the State of California to cause cancer and k birth defects or other reproductive harm. For more information visit www.P65Warnings.ca.gov,CS41G,"Our Conception Street lantern is crafted as a wall-mounted lantern, built from solid copper and designed to age gracefully with a natural patina. It provides natural gas or propane for everyday exterior use and can also be configured with yoke mount, gooseneck mount, post mount, pier mount to suit a wide range of architectural applications.",https://thecoppersmith.net/warranty-return/,China,0,1,1,,
CS42E,CopperSmith Conception Street 42 Electric Lantern Wall Sconce,,The CopperSmith,Conception Street,Electric Lanterns,,"ADS,CSHI,HSI1,HSI2,703001,703002",Copper,"24""H x 12.25""W x 12.25""D",14,843411100736,https://s3.us-west-2.amazonaws.com/catsy.962/_lg/4076157610/CS42E.jpg,416,832,915,FIN001,Y,WM011,WA002,CM061,PP016,DEC009,ELE005,,Colonial,Traditional,Electric,Brass,Tempered Glass,14,6,5,5,2,E12,2,60,120,120,No,B,Yes,Configuration Available,Wet,No,CSA,This product is compliant with California Title 20 requirements when sold and shipped with a light source. Any included lamping must meet California Title 20 standards.,This decorative fixture is not title 24 ja8 certified. Compliance may be achieved when installed with a customer-provided ja8-compliant light source.,WARNING: This product may expose you to chemicals including lead and other substances known to the State of California to cause cancer and k birth defects or other reproductive harm. For more information visit www.P65Warnings.ca.gov,CS42E,"Our Conception Street lantern is crafted as a wall-mounted lantern, built from solid copper and designed to age gracefully with a natural patina. It provides electric illumination for everyday exterior use and can also be configured with yoke mount, gooseneck mount, ceiling mount, post mount, pier mount to suit a wide range of architectural applications.",https://thecoppersmith.net/warranty-return/,China,0,1,1,,
CS42G,CopperSmith Conception Street 42 Gas Lantern Wall Sconce,,The CopperSmith,Conception Street,Gas Lanterns,,"WGS,GLC,ADS,TLA",Copper,"24""H x 12.25""W x 12.25""D",14,843411100729,https://s3.us-west-2.amazonaws.com/catsy.962/_lg/4076157612/CS42G.jpg,416,832,915,FIN001,Y,WM011,WA002,CM030,PP016,DEC009,ELE003,GAS001,Colonial,Traditional,Gas,Brass,Tempered Glass,14,6,5,,,,,,,,,,Yes,Configuration Available,Wet,No,CSA,This product is compliant with California Title 20 requirements when sold and shipped with a light source. Any included lamping must meet California Title 20 standards.,This decorative fixture is not title 24 ja8 certified. Compliance may be achieved when installed with a customer-provided ja8-compliant light source.,WARNING: This product may expose you to chemicals including lead and other substances known to the State of California to cause cancer and k birth defects or other reproductive harm. For more information visit www.P65Warnings.ca.gov,CS42G,"Our Conception Street lantern is crafted as a wall-mounted lantern, built from solid copper and designed to age gracefully with a natural patina. It provides natural gas or propane for everyday exterior use and can also be configured with yoke mount, gooseneck mount, post mount, pier mount to suit a wide range of architectural applications.",https://thecoppersmith.net/warranty-return/,China,0,1,1,,
CS43E,CopperSmith Conception Street 43 Electric Lantern Wall Sconce,,The CopperSmith,Conception Street,Electric Lanterns,,"ADS,CSHI,HSI1,HSI2,TLA,703001,703002",Copper,"28.25""H x 15.25""W x 15.25""D",20,843411100767,https://s3.us-west-2.amazonaws.com/catsy.962/_lg/4075886528/CS-43%28LE%29+.jpg,623,1246,1371,FIN001,Y,WM012,WA016,CM062,PP016,DEC010,ELE002,,Colonial,Traditional,Electric,Brass,Tempered Glass,17.25,6,5,5,2,,,,,,,,Yes,Configuration Available,Wet,No,CSA,This product is compliant with California Title 20 requirements when sold and shipped with a light source. Any included lamping must meet California Title 20 standards.,This decorative fixture is not title 24 ja8 certified. Compliance may be achieved when installed with a customer-provided ja8-compliant light source.,WARNING: This product may expose you to chemicals including lead and other substances known to the State of California to cause cancer and k birth defects or other reproductive harm. For more information visit www.P65Warnings.ca.gov,CS43E,"Our Conception Street lantern is crafted as a wall-mounted lantern, built from solid copper and designed to age gracefully with a natural patina. It provides electric illumination for everyday exterior use and can also be configured with yoke mount, ceiling mount, post mount, pier mount to suit a wide range of architectural applications.",https://thecoppersmith.net/warranty-return/,China,0,1,1,,
CS43G,CopperSmith Conception Street 43 Gas Lantern Wall Sconce,,The CopperSmith,Conception Street,Gas Lanterns,,"WGL,GLC,ADS,TLA",Copper,"28.25""H x 15.25""W x 15.25""D",20,843411100750,https://s3.us-west-2.amazonaws.com/catsy.962/_lg/4076157615/CS43G.jpg,623,1246,1371,FIN001,Y,WM012,WA016,CM032,PP016,DEC010,ELE003,GAS002,Colonial,Traditional,Gas,Brass,Tempered Glass,17.25,6,5,,,,,,,,,,Yes,Configuration Available,Wet,No,CSA,This product is compliant with California Title 20 requirements when sold and shipped with a light source. Any included lamping must meet California Title 20 standards.,This decorative fixture is not title 24 ja8 certified. Compliance may be achieved when installed with a customer-provided ja8-compliant light source.,WARNING: This product may expose you to chemicals including lead and other substances known to the State of California to cause cancer and k birth defects or other reproductive harm. For more information visit www.P65Warnings.ca.gov,CS43G,"Our Conception Street lantern is crafted as a wall-mounted lantern, built from solid copper and designed to age gracefully with a natural patina. It provides natural gas or propane for everyday exterior use and can also be configured with yoke mount, post mount, pier mount to suit a wide range of architectural applications.",https://thecoppersmith.net/warranty-return/,China,0,1,1,,
CS44E,CopperSmith Conception Street 44 Electric Lantern Wall Sconce,,The CopperSmith,Conception Street,Electric Lanterns,,"ADS,CSHI,HSI1,HSI2,TLA,703001,703002",Copper,"32.5""H x 17.5""W x 17.5""D",26,843411100798,https://s3.us-west-2.amazonaws.com/catsy.962/_lg/4076157617/CS44E.jpg,774,1548,1703,FIN001,Y,WM012,WA004,CM063,PP017,DEC010,ELE002,,Colonial,Traditional,Electric,Brass,Tempered Glass,19.5,6,5,5,2,E12,3,60,180,120,No,B,Yes,Configuration Available,Wet,No,CSA,This product is compliant with California Title 20 requirements when sold and shipped with a light source. Any included lamping must meet California Title 20 standards.,This decorative fixture is not title 24 ja8 certified. Compliance may be achieved when installed with a customer-provided ja8-compliant light source.,WARNING: This product may expose you to chemicals including lead and other substances known to the State of California to cause cancer and k birth defects or other reproductive harm. For more information visit www.P65Warnings.ca.gov,CS44E,"Our Conception Street lantern is crafted as a wall-mounted lantern, built from solid copper and designed to age gracefully with a natural patina. It provides electric illumination for everyday exterior use and can also be configured with yoke mount, ceiling mount, post mount, pier mount to suit a wide range of architectural applications.",https://thecoppersmith.net/warranty-return/,China,0,1,1,,
CS44G,CopperSmith Conception Street 44 Gas Lantern Wall Sconce,,The CopperSmith,Conception Street,Gas Lanterns,,"WGL,GLC,ADS,TLA",Copper,"32.5""H x 17.5""W x 17.5""D",26,843411100781,https://s3.us-west-2.amazonaws.com/catsy.962/_lg/4076157619/CS44G.jpg,774,1548,1703,FIN001,Y,WM012,WA004,CM034,PP017,DEC010,ELE003,GAS002,Colonial,Traditional,Gas,Brass,Tempered Glass,19.5,6,5,,,,,,,,,,Yes,Configuration Available,Wet,No,CSA,This product is compliant with California Title 20 requirements when sold and shipped with a light source. Any included lamping must meet California Title 20 standards.,This decorative fixture is not title 24 ja8 certified. Compliance may be achieved when installed with a customer-provided ja8-compliant light source.,WARNING: This product may expose you to chemicals including lead and other substances known to the State of California to cause cancer and k birth defects or other reproductive harm. For more information visit www.P65Warnings.ca.gov,CS44G,"Our Conception Street lantern is crafted as a wall-mounted lantern, built from solid copper and designed to age gracefully with a natural patina. It provides natural gas or propane for everyday exterior use and can also be configured with yoke mount, post mount, pier mount to suit a wide range of architectural applications.",https://thecoppersmith.net/warranty-return/,China,0,1,1,,
CWS12,CopperSmith Coastal 12 Up & Down Copper Wall Sconce,,The CopperSmith,Coastal Wall Sconce,Sconces,,,Copper,"12.25""H x 4.625""W x 4.625""D",,843411126453,https://s3.us-west-2.amazonaws.com/catsy.962/_lg/4075886654/CWS12.jpg,210,420,462,FIN001,Y,,,,,,,,Contemporary,,Electric,Brass,,7,4.5,5,,,E26,2,60,120,120,No,A,Yes,,,,,This product is compliant with California Title 20 requirements when sold and shipped with a light source. Any included lamping must meet California Title 20 standards.,This decorative fixture is not title 24 ja8 certified. Compliance may be achieved when installed with a customer-provided ja8-compliant light source.,WARNING: This product may expose you to chemicals including lead and other substances known to the State of California to cause cancer and k birth defects or other reproductive harm. For more information visit www.P65Warnings.ca.gov,CWS12,"Our Conception Street lantern is a solid copper up/down coastal wall sconce engineered for marine environments. It delivers clean bidirectional illumination ideal for architectural accents, entries, and outdoor living areas. Built from coastal-grade copper, it resists corrosion and enhances both modern and traditional coastal designs.",https://thecoppersmith.net/warranty-return/,China,0,1,1,,
CWS16,CopperSmith Coastal 16 Up & Down Copper Wall Sconce,,The CopperSmith,Coastal Wall Sconce,Sconces,,,Copper,"16.25""H x 4.625""W x 4.625""D",,843411126460,https://s3.us-west-2.amazonaws.com/catsy.962/_lg/4075886657/CWS16.jpg,266,532,585,FIN001,Y,,,,,,,,Contemporary,,Electric,Brass,,7,4.5,5,,,E26,2,60,120,120,No,A,Yes,,,,,This product is compliant with California Title 20 requirements when sold and shipped with a light source. Any included lamping must meet California Title 20 standards.,This decorative fixture is not title 24 ja8 certified. Compliance may be achieved when installed with a customer-provided ja8-compliant light source.,WARNING: This product may expose you to chemicals including lead and other substances known to the State of California to cause cancer and k birth defects or other reproductive harm. For more information visit www.P65Warnings.ca.gov,CWS16,"Our Conception Street lantern is a solid copper up/down coastal wall sconce engineered for marine environments. It delivers clean bidirectional illumination ideal for architectural accents, entries, and outdoor living areas. Built from coastal-grade copper, it resists corrosion and enhances both modern and traditional coastal designs.",https://thecoppersmith.net/warranty-return/,China,0,1,1,,
DN23E,CopperSmith Dinardi 23 Electric Lantern Wall Sconce,,The CopperSmith,Dinardi,Electric Lanterns,,"ADS,TLA,703001,703002",Copper,"22.75""H x 10.5""W x 10.5""D",18,843411115372,https://s3.us-west-2.amazonaws.com/catsy.962/_lg/4075886527/DN-23%28FE-TB9%29.jpg,280,560,616,FIN001,Y,,,,,DEC017,ELE003,,Contemporary,,Electric,Brass,Tempered Glass,15,6.5,10,,,E26,1,40,40,120,No,TB9,Yes,Configuration Available,Wet,No,CSA,This product is compliant with California Title 20 requirements when sold and shipped with a light source. Any included lamping must meet California Title 20 standards.,This decorative fixture is not title 24 ja8 certified. Compliance may be achieved when installed with a customer-provided ja8-compliant light source.,WARNING: This product may expose you to chemicals including lead and other substances known to the State of California to cause cancer and k birth defects or other reproductive harm. For more information visit www.P65Warnings.ca.gov,DN23E,"Our Dinardi lantern is crafted as a wall-mounted lantern, built from solid copper and designed to age gracefully with a natural patina. It provides electric illumination for everyday exterior use and complements both traditional and coastal architecture.",https://thecoppersmith.net/warranty-return/,China,0,1,1,,
DN23G,CopperSmith Dinardi 23 Gas Lantern Wall Sconce,,The CopperSmith,Dinardi,Gas Lanterns,,"GLC,ADS,TLA,WGS,WGL",Copper,"22.75""H x 10.5""W x 10.5""D",18,843411115365,https://s3.us-west-2.amazonaws.com/catsy.962/_lg/4076157668/DN23G.jpg,280,560,616,FIN001,Y,,,,,DEC017,ELE003,GAS003,Contemporary,,Gas,Brass,Tempered Glass,15,6.5,10,,,,,,,,,,Yes,Configuration Available,Wet,No,CSA,This product is compliant with California Title 20 requirements when sold and shipped with a light source. Any included lamping must meet California Title 20 standards.,This decorative fixture is not title 24 ja8 certified. Compliance may be achieved when installed with a customer-provided ja8-compliant light source.,WARNING: This product may expose you to chemicals including lead and other substances known to the State of California to cause cancer and k birth defects or other reproductive harm. For more information visit www.P65Warnings.ca.gov,DN23G,"Our Dinardi lantern is crafted as a wall-mounted lantern, built from solid copper and designed to age gracefully with a natural patina. It provides natural gas or propane for everyday exterior use and complements both traditional and coastal architecture.",https://thecoppersmith.net/warranty-return/,China,0,1,1,,
DN27E,CopperSmith Dinardi 27 Electric Lantern Wall Sconce,,The CopperSmith,Dinardi,Electric Lanterns,,"ADS,TLA,703001,703002",Copper,"26.75""H x 10.5""W x 10.5""D",21,843411115396,https://s3.us-west-2.amazonaws.com/catsy.962/_lg/4076157675/DN27E.jpg,326,652,717,FIN001,Y,,,,,DEC017,ELE003,,Contemporary,,Electric,Brass,Tempered Glass,15,6.5,10,,,E26,1,40,40,120,No,TB12,Yes,Configuration Available,Wet,No,CSA,This product is compliant with California Title 20 requirements when sold and shipped with a light source. Any included lamping must meet California Title 20 standards.,This decorative fixture is not title 24 ja8 certified. Compliance may be achieved when installed with a customer-provided ja8-compliant light source.,WARNING: This product may expose you to chemicals including lead and other substances known to the State of California to cause cancer and k birth defects or other reproductive harm. For more information visit www.P65Warnings.ca.gov,DN27E,"Our Dinardi lantern is crafted as a wall-mounted lantern, built from solid copper and designed to age gracefully with a natural patina. It provides electric illumination for everyday exterior use and complements both traditional and coastal architecture.",https://thecoppersmith.net/warranty-return/,China,0,1,1,,
DN27G,CopperSmith Dinardi 27 Gas Lantern Wall Sconce,,The CopperSmith,Dinardi,Gas Lanterns,,"GLC,ADS,TLA,WGS,WGL",Copper,"26.75""H x 10.5""W x 10.5""D",21,843411115389,https://s3.us-west-2.amazonaws.com/catsy.962/_lg/4076157681/DN27G.jpg,326,652,717,FIN001,Y,,,,,DEC017,ELE003,GAS003,Contemporary,,Gas,Brass,Tempered Glass,15,6.5,10,,,,,,,,,,Yes,Configuration Available,Wet,No,CSA,This product is compliant with California Title 20 requirements when sold and shipped with a light source. Any included lamping must meet California Title 20 standards.,This decorative fixture is not title 24 ja8 certified. Compliance may be achieved when installed with a customer-provided ja8-compliant light source.,WARNING: This product may expose you to chemicals including lead and other substances known to the State of California to cause cancer and k birth defects or other reproductive harm. For more information visit www.P65Warnings.ca.gov,DN27G,"Our Dinardi lantern is crafted as a wall-mounted lantern, built from solid copper and designed to age gracefully with a natural patina. It provides natural gas or propane for everyday exterior use and complements both traditional and coastal architecture.",https://thecoppersmith.net/warranty-return/,China,0,1,1,,
DN29E,CopperSmith Dinardi 29 Electric Lantern Wall Sconce,,The CopperSmith,Dinardi,Electric Lanterns,,"ADS,TLA,703001,703002",Copper,"29""H x 13""W x 13""D",31,843411115419,https://s3.us-west-2.amazonaws.com/catsy.962/_lg/4076157683/DN29E.jpg,534,1068,1175,FIN001,Y,,,,,DEC017,ELE003,,Contemporary,,Electric,Brass,Tempered Glass,17.25,6.5,10,,,E26,1,40,40,120,No,TB12,Yes,Configuration Available,Wet,No,CSA,This product is compliant with California Title 20 requirements when sold and shipped with a light source. Any included lamping must meet California Title 20 standards.,This decorative fixture is not title 24 ja8 certified. Compliance may be achieved when installed with a customer-provided ja8-compliant light source.,WARNING: This product may expose you to chemicals including lead and other substances known to the State of California to cause cancer and k birth defects or other reproductive harm. For more information visit www.P65Warnings.ca.gov,DN29E,"Our Dinardi lantern is crafted as a wall-mounted lantern, built from solid copper and designed to age gracefully with a natural patina. It provides electric illumination for everyday exterior use and complements both traditional and coastal architecture.",https://thecoppersmith.net/warranty-return/,China,0,1,1,,
DN29G,CopperSmith Dinardi 29 Gas Lantern Wall Sconce,,The CopperSmith,Dinardi,Gas Lanterns,,"GLC,ADS,TLA,WGS,WGL",Copper,"29""H x 13""W x 13""D",31,843411115402,https://s3.us-west-2.amazonaws.com/catsy.962/_lg/4076157685/DN29G.jpg,534,1068,1175,FIN001,Y,,,,,DEC017,ELE003,GAS003,Contemporary,,Gas,Brass,Tempered Glass,17.25,6.5,10,,,,,,,,,,Yes,Configuration Available,Wet,No,CSA,This product is compliant with California Title 20 requirements when sold and shipped with a light source. Any included lamping must meet California Title 20 standards.,This decorative fixture is not title 24 ja8 certified. Compliance may be achieved when installed with a customer-provided ja8-compliant light source.,WARNING: This product may expose you to chemicals including lead and other substances known to the State of California to cause cancer and k birth defects or other reproductive harm. For more information visit www.P65Warnings.ca.gov,DN29G,"Our Dinardi lantern is crafted as a wall-mounted lantern, built from solid copper and designed to age gracefully with a natural patina. It provides natural gas or propane for everyday exterior use and complements both traditional and coastal architecture.",https://thecoppersmith.net/warranty-return/,China,0,1,1,,
EB20E,CopperSmith East Bay 20 Electric Lantern Wall Sconce,,The CopperSmith,East Bay,Electric Lanterns,,"ADS,CSHI,HSI1,HSI2,TLA,703001,703002",Copper,"20""H x 9.5""W x 9.5""D",,843411126408,https://s3.us-west-2.amazonaws.com/catsy.962/_lg/4075886517/EB20E.jpg,418,836,920,FIN001,Y,,WA017,CM064,,,ELE002,,English,,Electric,Brass,Tempered Glass,11.375,6,5,5,2,E12,2,60,120,120,No,B,Yes,Configuration Available,,,,This product is compliant with California Title 20 requirements when sold and shipped with a light source. Any included lamping must meet California Title 20 standards.,This decorative fixture is not title 24 ja8 certified. Compliance may be achieved when installed with a customer-provided ja8-compliant light source.,WARNING: This product may expose you to chemicals including lead and other substances known to the State of California to cause cancer and k birth defects or other reproductive harm. For more information visit www.P65Warnings.ca.gov,EB20E,"Our East Bay lantern is crafted as a wall-mounted lantern, built from solid copper and designed to age gracefully with a natural patina. It provides electric illumination for everyday exterior use and can also be configured with yoke mount, ceiling mount to suit a wide range of architectural applications.",https://thecoppersmith.net/warranty-return/,China,0,1,1,,
EB20G,CopperSmith East Bay 20 Gas Lantern Wall Sconce,,The CopperSmith,East Bay,Gas Lanterns,,"GLC,ADS,TLA,WGS,WGL",Copper,"20""H x 9.5""W x 9.5""D",,843411126392,https://s3.us-west-2.amazonaws.com/catsy.962/_lg/4075886518/EB20G.jpg,418,836,920,FIN001,Y,,,CM065,,,ELE003,GAS003,English,,Gas,Brass,Tempered Glass,11.375,6,5,,,,,,,,,,Yes,Configuration Available,,,,This product is compliant with California Title 20 requirements when sold and shipped with a light source. Any included lamping must meet California Title 20 standards.,This decorative fixture is not title 24 ja8 certified. Compliance may be achieved when installed with a customer-provided ja8-compliant light source.,WARNING: This product may expose you to chemicals including lead and other substances known to the State of California to cause cancer and k birth defects or other reproductive harm. For more information visit www.P65Warnings.ca.gov,EB20G,"Our East Bay lantern is crafted as a wall-mounted lantern, built from solid copper and designed to age gracefully with a natural patina. It provides natural gas or propane for everyday exterior use and can also be configured with yoke mount, ceiling mount to suit a wide range of architectural applications.",https://thecoppersmith.net/warranty-return/,China,0,1,1,,
EB27E,CopperSmith East Bay 27 Electric Lantern Wall Sconce,,The CopperSmith,East Bay,Electric Lanterns,,"ADS,CSHI,HSI1,HSI2,TLA,703001,703002",Copper,"27""H x 12.5""W x 12.5""D",,843411126422,https://s3.us-west-2.amazonaws.com/catsy.962/_lg/4075886519/EB27E.jpg,485,970,1067,FIN001,Y,,WA018,CM066,,,ELE002,,English,,Electric,Brass,Tempered Glass,14.375,6,5,5,2,E12,2,60,120,120,No,B,Yes,Configuration Available,,,,This product is compliant with California Title 20 requirements when sold and shipped with a light source. Any included lamping must meet California Title 20 standards.,This decorative fixture is not title 24 ja8 certified. Compliance may be achieved when installed with a customer-provided ja8-compliant light source.,WARNING: This product may expose you to chemicals including lead and other substances known to the State of California to cause cancer and k birth defects or other reproductive harm. For more information visit www.P65Warnings.ca.gov,EB27E,"Our East Bay lantern is crafted as a wall-mounted lantern, built from solid copper and designed to age gracefully with a natural patina. It provides electric illumination for everyday exterior use and can also be configured with yoke mount, ceiling mount to suit a wide range of architectural applications.",https://thecoppersmith.net/warranty-return/,China,0,1,1,,
EB27G,CopperSmith East Bay 27 Gas Lantern Wall Sconce,,The CopperSmith,East Bay,Gas Lanterns,,"GLC,ADS,TLA,WGS,WGL",Copper,"27""H x 12.5""W x 12.5""D",,843411126415,https://s3.us-west-2.amazonaws.com/catsy.962/_lg/4075886511/EB27G.jpg,485,970,1067,FIN001,Y,,WA018,CM067,,,ELE003,GAS003,English,,Gas,Brass,Tempered Glass,14.375,6,5,,,,,,,,,,Yes,Configuration Available,,,,This product is compliant with California Title 20 requirements when sold and shipped with a light source. Any included lamping must meet California Title 20 standards.,This decorative fixture is not title 24 ja8 certified. Compliance may be achieved when installed with a customer-provided ja8-compliant light source.,WARNING: This product may expose you to chemicals including lead and other substances known to the State of California to cause cancer and k birth defects or other reproductive harm. For more information visit www.P65Warnings.ca.gov,EB27G,"Our East Bay lantern is crafted as a wall-mounted lantern, built from solid copper and designed to age gracefully with a natural patina. It provides natural gas or propane for everyday exterior use and can also be configured with yoke mount, ceiling mount to suit a wide range of architectural applications.",https://thecoppersmith.net/warranty-return/,China,0,1,1,,
EB33E,CopperSmith East Bay 33 Electric Lantern Wall Sconce,,The CopperSmith,East Bay,Electric Lanterns,,"ADS,CSHI,HSI1,HSI2,TLA,703001,703002",Copper,"33""H x 15.5""W x 15.5""D",,843411126446,https://s3.us-west-2.amazonaws.com/catsy.962/_lg/4075886512/EB33E.jpg,774,1548,1703,FIN001,Y,,WA019,CM068,,,ELE002,,English,,Electric,Brass,Tempered Glass,17.375,6,5,5,2,E12,3,60,180,120,No,B,Yes,Configuration Available,,,,This product is compliant with California Title 20 requirements when sold and shipped with a light source. Any included lamping must meet California Title 20 standards.,This decorative fixture is not title 24 ja8 certified. Compliance may be achieved when installed with a customer-provided ja8-compliant light source.,WARNING: This product may expose you to chemicals including lead and other substances known to the State of California to cause cancer and k birth defects or other reproductive harm. For more information visit www.P65Warnings.ca.gov,EB33E,"Our East Bay lantern is crafted as a wall-mounted lantern, built from solid copper and designed to age gracefully with a natural patina. It provides electric illumination for everyday exterior use and can also be configured with yoke mount, ceiling mount to suit a wide range of architectural applications.",https://thecoppersmith.net/warranty-return/,China,0,1,1,,
EB33G,CopperSmith East Bay 33 Gas Lantern Wall Sconce,,The CopperSmith,East Bay,Gas Lanterns,,"GLC,ADS,TLA,WGS,WGL",Copper,"33""H x 15.5""W x 15.5""D",,843411126439,https://s3.us-west-2.amazonaws.com/catsy.962/_lg/4075886513/EB33G.jpg,774,1548,1703,FIN001,Y,,WA019,CM069,,,ELE003,GAS003,English,,Gas,Brass,Tempered Glass,17.375,6,5,,,,,,,,,,Yes,Configuration Available,,,,This product is compliant with California Title 20 requirements when sold and shipped with a light source. Any included lamping must meet California Title 20 standards.,This decorative fixture is not title 24 ja8 certified. Compliance may be achieved when installed with a customer-provided ja8-compliant light source.,WARNING: This product may expose you to chemicals including lead and other substances known to the State of California to cause cancer and k birth defects or other reproductive harm. For more information visit www.P65Warnings.ca.gov,EB33G,"Our East Bay lantern is crafted as a wall-mounted lantern, built from solid copper and designed to age gracefully with a natural patina. It provides natural gas or propane for everyday exterior use and can also be configured with yoke mount, ceiling mount to suit a wide range of architectural applications.",https://thecoppersmith.net/warranty-return/,China,0,1,1,,
ES61E,CopperSmith Eslava Street 61 Electric Lantern Wall Sconce,,The CopperSmith,Eslava Street,Electric Lanterns,,"ADS,TLA,703001,703002",Copper,"26.75""H x 13.5""W x 13.5""D",,843411101764,https://s3.us-west-2.amazonaws.com/catsy.962/_lg/4076157706/ES61E.jpg,350,700,770,FIN001,Y,WM015,WA020,CM070,PP019,DEC009,ELE003,,Traditional,,Electric,Brass,Tempered Glass,13.5,6,5,5,2,E12,2,60,120,120,No,B,Yes,Configuration Available,Wet,,Copper,This product is compliant with California Title 20 requirements when sold and shipped with a light source. Any included lamping must meet California Title 20 standards.,This decorative fixture is not title 24 ja8 certified. Compliance may be achieved when installed with a customer-provided ja8-compliant light source.,WARNING: This product may expose you to chemicals including lead and other substances known to the State of California to cause cancer and k birth defects or other reproductive harm. For more information visit www.P65Warnings.ca.gov,ES61E,"Our Eslava Street lantern is crafted as a wall-mounted lantern, built from solid copper and designed to age gracefully with a natural patina. It provides electric illumination for everyday exterior use and can also be configured with yoke mount, gooseneck mount, ceiling mount, post mount, pier mount to suit a wide range of architectural applications.",https://thecoppersmith.net/warranty-return/,China,0,1,1,,
ES61G,CopperSmith Eslava Street 61 Gas Lantern Wall Sconce,,The CopperSmith,Eslava Street,Gas Lanterns,,"WGS,GLC,ADS,TLA",Copper,"26.75""H x 13.5""W x 13.5""D",,843411101757,https://s3.us-west-2.amazonaws.com/catsy.962/_lg/4076157707/ES61G.jpg,350,700,770,FIN001,Y,WM015,WA020,CM071,PP019,DEC009,ELE003,GAS001,Traditional,,Gas,Brass,Tempered Glass,13.5,6,5,,,,,,,,,,Yes,Configuration Available,Wet,,Copper,This product is compliant with California Title 20 requirements when sold and shipped with a light source. Any included lamping must meet California Title 20 standards.,This decorative fixture is not title 24 ja8 certified. Compliance may be achieved when installed with a customer-provided ja8-compliant light source.,WARNING: This product may expose you to chemicals including lead and other substances known to the State of California to cause cancer and k birth defects or other reproductive harm. For more information visit www.P65Warnings.ca.gov,ES61G,"Our Eslava Street lantern is crafted as a wall-mounted lantern, built from solid copper and designed to age gracefully with a natural patina. It provides natural gas or propane for everyday exterior use and can also be configured with yoke mount, gooseneck mount, post mount, pier mount to suit a wide range of architectural applications.",https://thecoppersmith.net/warranty-return/,China,0,1,1,,
ES62E,CopperSmith Eslava Street 62 Electric Lantern Wall Sconce,,The CopperSmith,Eslava Street,Electric Lanterns,,"ADS,CSHI,HSI1,HSI2,TLA,703001,703002",Copper,"32.75""H x 16""W x 15.75""D",,843411101795,https://s3.us-west-2.amazonaws.com/catsy.962/_lg/4076157708/ES62E.jpg,513,1026,1129,FIN001,Y,WM015,WA021,CM046,PP019,DEC009,ELE002,,Traditional,,Electric,Brass,Tempered Glass,15.75,6,5,5,2,E12,2,60,120,120,No,B,Yes,Configuration Available,Wet,,Copper,This product is compliant with California Title 20 requirements when sold and shipped with a light source. Any included lamping must meet California Title 20 standards.,This decorative fixture is not title 24 ja8 certified. Compliance may be achieved when installed with a customer-provided ja8-compliant light source.,WARNING: This product may expose you to chemicals including lead and other substances known to the State of California to cause cancer and k birth defects or other reproductive harm. For more information visit www.P65Warnings.ca.gov,ES62E,"Our Eslava Street lantern is crafted as a wall-mounted lantern, built from solid copper and designed to age gracefully with a natural patina. It provides electric illumination for everyday exterior use and can also be configured with yoke mount, gooseneck mount, ceiling mount, post mount, pier mount to suit a wide range of architectural applications.",https://thecoppersmith.net/warranty-return/,China,0,1,1,,
ES62G,CopperSmith Eslava Street 62 Gas Lantern Wall Sconce,,The CopperSmith,Eslava Street,Gas Lanterns,,"WGS,GLC,ADS,TLA",Copper,"32.75""H x 16""W x 15.75""D",,843411101788,https://s3.us-west-2.amazonaws.com/catsy.962/_lg/4076157709/ES62G.jpg,513,1026,1129,FIN001,Y,WM015,WA021,CM047,PP019,DEC009,ELE003,GAS001,Traditional,,Gas,Brass,Tempered Glass,15.75,6,5,,,,,,,,,,Yes,Configuration Available,Wet,,Copper,This product is compliant with California Title 20 requirements when sold and shipped with a light source. Any included lamping must meet California Title 20 standards.,This decorative fixture is not title 24 ja8 certified. Compliance may be achieved when installed with a customer-provided ja8-compliant light source.,WARNING: This product may expose you to chemicals including lead and other substances known to the State of California to cause cancer and k birth defects or other reproductive harm. For more information visit www.P65Warnings.ca.gov,ES62G,"Our Eslava Street lantern is crafted as a wall-mounted lantern, built from solid copper and designed to age gracefully with a natural patina. It provides natural gas or propane for everyday exterior use and can also be configured with yoke mount, gooseneck mount, post mount, pier mount to suit a wide range of architectural applications.",https://thecoppersmith.net/warranty-return/,China,0,1,1,,
ES63E,CopperSmith Eslava Street 63 Electric Lantern Wall Sconce,,The CopperSmith,Eslava Street,Electric Lanterns,,"ADS,CSHI,HSI1,HSI2,TLA,703001,703002",Copper,"40.5""H x 19""W x 18.5""D",,843411101825,https://s3.us-west-2.amazonaws.com/catsy.962/_lg/4075886514/ES63E.jpg,720,1440,1584,FIN001,Y,WM020,WA022,CM072,PP020,DEC010,ELE002,,Traditional,,Electric,Brass,Tempered Glass,18.5,6,5,5,2,E12,3,60,180,120,No,B,Yes,Configuration Available,Wet,,Copper,This product is compliant with California Title 20 requirements when sold and shipped with a light source. Any included lamping must meet California Title 20 standards.,This decorative fixture is not title 24 ja8 certified. Compliance may be achieved when installed with a customer-provided ja8-compliant light source.,WARNING: This product may expose you to chemicals including lead and other substances known to the State of California to cause cancer and k birth defects or other reproductive harm. For more information visit www.P65Warnings.ca.gov,ES63E,"Our Eslava Street lantern is crafted as a wall-mounted lantern, built from solid copper and designed to age gracefully with a natural patina. It provides electric illumination for everyday exterior use and can also be configured with yoke mount, gooseneck mount, ceiling mount, post mount, pier mount to suit a wide range of architectural applications.",https://thecoppersmith.net/warranty-return/,China,0,1,1,,
ES63G,CopperSmith Eslava Street 63 Gas Lantern Wall Sconce,,The CopperSmith,Eslava Street,Gas Lanterns,,"WGL,GLC,ADS,TLA",Copper,"40.5""H x 19""W x 18.5""D",,843411101818,https://s3.us-west-2.amazonaws.com/catsy.962/_lg/4075886515/ES63G.jpg,720,1440,1584,FIN001,Y,WM020,WA022,CM049,PP020,DEC010,ELE003,GAS002,Traditional,,Gas,Brass,Tempered Glass,18.5,6,5,,,,,,,,,,Yes,Configuration Available,Wet,,Copper,This product is compliant with California Title 20 requirements when sold and shipped with a light source. Any included lamping must meet California Title 20 standards.,This decorative fixture is not title 24 ja8 certified. Compliance may be achieved when installed with a customer-provided ja8-compliant light source.,WARNING: This product may expose you to chemicals including lead and other substances known to the State of California to cause cancer and k birth defects or other reproductive harm. For more information visit www.P65Warnings.ca.gov,ES63G,"Our Eslava Street lantern is crafted as a wall-mounted lantern, built from solid copper and designed to age gracefully with a natural patina. It provides natural gas or propane for everyday exterior use and can also be configured with yoke mount, gooseneck mount, post mount, pier mount to suit a wide range of architectural applications.",https://thecoppersmith.net/warranty-return/,China,0,1,1,,
ES64E,CopperSmith Eslava Street 64 Electric Lantern Wall Sconce,,The CopperSmith,Eslava Street,Electric Lanterns,,"ADS,CSHI,HSI1,HSI2,TLA,703001,703002",Copper,"41.75""H x 21.25""W x 20.25""D",,843411101856,https://s3.us-west-2.amazonaws.com/catsy.962/_lg/4076157710/ES64E.jpg,978,1956,2152,FIN001,Y,WM020,WA023,CM073,PP020,DEC010,ELE002,,Traditional,,Electric,Brass,Tempered Glass,20.25,6,5,5,2,E12,3,60,180,120,No,B,Yes,Configuration Available,Wet,,Copper,This product is compliant with California Title 20 requirements when sold and shipped with a light source. Any included lamping must meet California Title 20 standards.,This decorative fixture is not title 24 ja8 certified. Compliance may be achieved when installed with a customer-provided ja8-compliant light source.,WARNING: This product may expose you to chemicals including lead and other substances known to the State of California to cause cancer and k birth defects or other reproductive harm. For more information visit www.P65Warnings.ca.gov,ES64E,"Our Eslava Street lantern is crafted as a wall-mounted lantern, built from solid copper and designed to age gracefully with a natural patina. It provides electric illumination for everyday exterior use and can also be configured with yoke mount, gooseneck mount, ceiling mount, post mount, pier mount to suit a wide range of architectural applications.",https://thecoppersmith.net/warranty-return/,China,0,1,1,,
ES64G,CopperSmith Eslava Street 64 Gas Lantern Wall Sconce,,The CopperSmith,Eslava Street,Gas Lanterns,,"WGL,GLC,ADS,TLA",Copper,"41.75""H x 21.25""W x 20.25""D",,843411101849,https://s3.us-west-2.amazonaws.com/catsy.962/_lg/4076157711/ES64G.jpg,978,1956,2152,FIN001,Y,WM020,WA023,CM051,PP020,DEC010,ELE003,GAS002,Traditional,,Gas,Brass,Tempered Glass,20.25,6,5,,,,,,,,,,Yes,Configuration Available,Wet,,Copper,This product is compliant with California Title 20 requirements when sold and shipped with a light source. Any included lamping must meet California Title 20 standards.,This decorative fixture is not title 24 ja8 certified. Compliance may be achieved when installed with a customer-provided ja8-compliant light source.,WARNING: This product may expose you to chemicals including lead and other substances known to the State of California to cause cancer and k birth defects or other reproductive harm. For more information visit www.P65Warnings.ca.gov,ES64G,"Our Eslava Street lantern is crafted as a wall-mounted lantern, built from solid copper and designed to age gracefully with a natural patina. It provides natural gas or propane for everyday exterior use and can also be configured with yoke mount, gooseneck mount, post mount, pier mount to suit a wide range of architectural applications.",https://thecoppersmith.net/warranty-return/,China,0,1,1,,
FAU24E,CopperSmith Austin Flush 24 Electric Lantern Wall Sconce,,The CopperSmith,Austin Flush,"Flush Mount,Electric Lanterns",,"ADS,CSHI,HSI1,HSI2,TLA,703001,703002",Copper,"20.25""H x 8""W x 8""D",,843411115334,https://s3.us-west-2.amazonaws.com/catsy.962/_lg/4075986012/FAU24E.jpg,564,1128,1241,FIN001,Y,,,,,,ELE002,,Flush Mount,Contemporary,Electric,Brass,Tempered Glass,8,,,,,E12,2,60,120,120,No,B,Yes,Configuration Available,,,,This product is compliant with California Title 20 requirements when sold and shipped with a light source. Any included lamping must meet California Title 20 standards.,This decorative fixture is not title 24 ja8 certified. Compliance may be achieved when installed with a customer-provided ja8-compliant light source.,WARNING: This product may expose you to chemicals including lead and other substances known to the State of California to cause cancer and k birth defects or other reproductive harm. For more information visit www.P65Warnings.ca.gov,FAU24E,"Our Austin Flush lantern is designed for flush wall installation, offering a clean architectural profile ideal for entries, porches, and sheltered outdoor corridors. Handcrafted from solid copper, it provides electric illumination and delivers dependable performance in any climate.",https://thecoppersmith.net/warranty-return/,China,0,1,1,,
FAU24G,CopperSmith Austin Flush 24 Gas Lantern Wall Sconce,,The CopperSmith,Austin Flush,"Flush Mount,Gas Lanterns",,"GLC,ADS,TLA,WGS,WGL",Copper,"20.25""H x 8""W x 8""D",,843411115327,https://s3.us-west-2.amazonaws.com/catsy.962/_lg/4075986013/FAU24G.jpg,564,1128,1241,FIN001,Y,,,,,,ELE003,GAS003,Flush Mount,Contemporary,Gas,Brass,Tempered Glass,8,,,,,,,,,,,,Yes,Configuration Available,,,,This product is compliant with California Title 20 requirements when sold and shipped with a light source. Any included lamping must meet California Title 20 standards.,This decorative fixture is not title 24 ja8 certified. Compliance may be achieved when installed with a customer-provided ja8-compliant light source.,WARNING: This product may expose you to chemicals including lead and other substances known to the State of California to cause cancer and k birth defects or other reproductive harm. For more information visit www.P65Warnings.ca.gov,FAU24G,"Our Austin Flush lantern is designed for flush wall installation, offering a clean architectural profile ideal for entries, porches, and sheltered outdoor corridors. Handcrafted from solid copper, it provides natural gas or propane and delivers dependable performance in any climate.",https://thecoppersmith.net/warranty-return/,China,0,1,1,,
FAU30E,CopperSmith Austin Flush 30 Electric Lantern Wall Sconce,,The CopperSmith,Austin Flush,"Flush Mount,Electric Lanterns",,"ADS,CSHI,HSI1,HSI2,TLA,703001,703002",Copper,"27.75""H x 8""W x 8""D",,843411115358,https://s3.us-west-2.amazonaws.com/catsy.962/_lg/4075886509/FAU30E.jpg,662,1324,1456,FIN001,Y,,,,,,ELE002,,Flush Mount,Contemporary,Electric,Brass,Tempered Glass,8,,,,,E12,2,60,120,120,No,B,Yes,Configuration Available,,,,This product is compliant with California Title 20 requirements when sold and shipped with a light source. Any included lamping must meet California Title 20 standards.,This decorative fixture is not title 24 ja8 certified. Compliance may be achieved when installed with a customer-provided ja8-compliant light source.,WARNING: This product may expose you to chemicals including lead and other substances known to the State of California to cause cancer and k birth defects or other reproductive harm. For more information visit www.P65Warnings.ca.gov,FAU30E,"Our Austin Flush lantern is designed for flush wall installation, offering a clean architectural profile ideal for entries, porches, and sheltered outdoor corridors. Handcrafted from solid copper, it provides electric illumination and delivers dependable performance in any climate.",https://thecoppersmith.net/warranty-return/,China,0,1,1,,
FAU30G,CopperSmith Austin Flush 30 Gas Lantern Wall Sconce,,The CopperSmith,Austin Flush,"Flush Mount,Gas Lanterns",,"GLC,ADS,TLA,WGS,WGL",Copper,"27.75""H x 8""W x 8""D",,843411115341,https://s3.us-west-2.amazonaws.com/catsy.962/_lg/4075886507/FAU30G.jpg,662,1324,1456,FIN001,Y,,,,,,ELE003,GAS003,Flush Mount,Contemporary,Gas,Brass,Tempered Glass,8,,,,,,,,,,,,Yes,Configuration Available,,,,This product is compliant with California Title 20 requirements when sold and shipped with a light source. Any included lamping must meet California Title 20 standards.,This decorative fixture is not title 24 ja8 certified. Compliance may be achieved when installed with a customer-provided ja8-compliant light source.,WARNING: This product may expose you to chemicals including lead and other substances known to the State of California to cause cancer and k birth defects or other reproductive harm. For more information visit www.P65Warnings.ca.gov,FAU30G,"Our Austin Flush lantern is designed for flush wall installation, offering a clean architectural profile ideal for entries, porches, and sheltered outdoor corridors. Handcrafted from solid copper, it provides natural gas or propane and delivers dependable performance in any climate.",https://thecoppersmith.net/warranty-return/,China,0,1,1,,
FCO18E,CopperSmith Contempo Flush 18 Electric Lantern Wall Sconce,,The CopperSmith,Contempo Flush Mount,"Flush Mount,Electric Lanterns",,"ADS,CSHI,HSI1,HSI2,TLA,703001,703002",Copper,"18.25""H x 8.5""W x 8.5""D",12,843411112500,https://s3.us-west-2.amazonaws.com/catsy.962/_lg/4076157647/FCO18E.jpg,408,816,898,FIN001,Y,,,,,DEC014,ELE002,,Flush Mount,Contemporary,Electric,Brass,Tempered Glass,8.5,,,,,E12,2,60,120,120,No,B,Yes,Configuration Available,Wet,No,CSA,This product is compliant with California Title 20 requirements when sold and shipped with a light source. Any included lamping must meet California Title 20 standards.,This decorative fixture is not title 24 ja8 certified. Compliance may be achieved when installed with a customer-provided ja8-compliant light source.,WARNING: This product may expose you to chemicals including lead and other substances known to the State of California to cause cancer and k birth defects or other reproductive harm. For more information visit www.P65Warnings.ca.gov,FCO18E,"Our Contempo Flush Mount lantern is designed for flush wall installation, offering a clean architectural profile ideal for entries, porches, and sheltered outdoor corridors. Handcrafted from solid copper, it provides electric illumination and delivers dependable performance in any climate.",https://thecoppersmith.net/warranty-return/,China,0,1,1,,
FCO18G,CopperSmith Contempo Flush 18 Gas Lantern Wall Sconce,,The CopperSmith,Contempo Flush Mount,"Flush Mount,Gas Lanterns",,"WGS,GLC,ADS,TLA",Copper,"18.25""H x 8.5""W x 8.5""D",12,843411112494,https://s3.us-west-2.amazonaws.com/catsy.962/_lg/4076157648/FCO18G.jpg,408,816,898,FIN001,Y,,,,,DEC014,ELE003,GAS001,Flush Mount,Contemporary,Gas,Brass,Tempered Glass,8.5,,,,,,,,,,,,Yes,Configuration Available,Wet,No,CSA,This product is compliant with California Title 20 requirements when sold and shipped with a light source. Any included lamping must meet California Title 20 standards.,This decorative fixture is not title 24 ja8 certified. Compliance may be achieved when installed with a customer-provided ja8-compliant light source.,WARNING: This product may expose you to chemicals including lead and other substances known to the State of California to cause cancer and k birth defects or other reproductive harm. For more information visit www.P65Warnings.ca.gov,FCO18G,"Our Contempo Flush Mount lantern is designed for flush wall installation, offering a clean architectural profile ideal for entries, porches, and sheltered outdoor corridors. Handcrafted from solid copper, it provides natural gas or propane and delivers dependable performance in any climate.",https://thecoppersmith.net/warranty-return/,China,0,1,1,,
FCO24E,CopperSmith Contempo Flush 24 Electric Lantern Wall Sconce,,The CopperSmith,Contempo Flush Mount,"Flush Mount,Electric Lanterns",,"ADS,CSHI,HSI1,HSI2,TLA,703001,703002",Copper,"21.5""H x 8.5""W x 8.5""D",13,843411112531,https://s3.us-west-2.amazonaws.com/catsy.962/_lg/4076157650/FCO24E.jpg,503,1006,1107,FIN001,Y,,,,,DEC015,ELE002,,Flush Mount,Contemporary,Electric,Brass,Tempered Glass,8.5,,,,,E12,2,60,120,120,No,B,Yes,Configuration Available,Wet,No,CSA,This product is compliant with California Title 20 requirements when sold and shipped with a light source. Any included lamping must meet California Title 20 standards.,This decorative fixture is not title 24 ja8 certified. Compliance may be achieved when installed with a customer-provided ja8-compliant light source.,WARNING: This product may expose you to chemicals including lead and other substances known to the State of California to cause cancer and k birth defects or other reproductive harm. For more information visit www.P65Warnings.ca.gov,FCO24E,"Our Contempo Flush Mount lantern is designed for flush wall installation, offering a clean architectural profile ideal for entries, porches, and sheltered outdoor corridors. Handcrafted from solid copper, it provides electric illumination and delivers dependable performance in any climate.",https://thecoppersmith.net/warranty-return/,China,0,1,1,,
FCO24G,CopperSmith Contempo Flush 24 Gas Lantern Wall Sconce,,The CopperSmith,Contempo Flush Mount,"Flush Mount,Gas Lanterns",,"WGS,GLC,ADS,TLA",Copper,"21.5""H x 8.5""W x 8.5""D",13,843411112524,https://s3.us-west-2.amazonaws.com/catsy.962/_lg/4076157651/FCO24G.jpg,503,1006,1107,FIN001,Y,,,,,DEC015,ELE003,GAS001,Flush Mount,Contemporary,Gas,Brass,Tempered Glass,8.5,,,,,,,,,,,,Yes,Configuration Available,Wet,No,CSA,This product is compliant with California Title 20 requirements when sold and shipped with a light source. Any included lamping must meet California Title 20 standards.,This decorative fixture is not title 24 ja8 certified. Compliance may be achieved when installed with a customer-provided ja8-compliant light source.,WARNING: This product may expose you to chemicals including lead and other substances known to the State of California to cause cancer and k birth defects or other reproductive harm. For more information visit www.P65Warnings.ca.gov,FCO24G,"Our Contempo Flush Mount lantern is designed for flush wall installation, offering a clean architectural profile ideal for entries, porches, and sheltered outdoor corridors. Handcrafted from solid copper, it provides natural gas or propane and delivers dependable performance in any climate.",https://thecoppersmith.net/warranty-return/,China,0,1,1,,
FCO31E,CopperSmith Contempo Flush 31 Electric Lantern Wall Sconce,,The CopperSmith,Contempo Flush Mount,"Flush Mount,Electric Lanterns",,"ADS,CSHI,HSI1,HSI2,TLA,703001,703002",Copper,"30.25""H x 12""W x 12""D",27,843411114856,https://s3.us-west-2.amazonaws.com/catsy.962/_lg/4076157654/FCO31E.jpg,1017,2034,2237,FIN001,Y,,,,,DEC018,ELE002,,Flush Mount,Contemporary,Electric,Brass,Tempered Glass,12,,,,,E12,3,60,180,120,No,B,Yes,Configuration Available,Wet,No,CSA,This product is compliant with California Title 20 requirements when sold and shipped with a light source. Any included lamping must meet California Title 20 standards.,This decorative fixture is not title 24 ja8 certified. Compliance may be achieved when installed with a customer-provided ja8-compliant light source.,WARNING: This product may expose you to chemicals including lead and other substances known to the State of California to cause cancer and k birth defects or other reproductive harm. For more information visit www.P65Warnings.ca.gov,FCO31E,"Our Contempo Flush Mount lantern is designed for flush wall installation, offering a clean architectural profile ideal for entries, porches, and sheltered outdoor corridors. Handcrafted from solid copper, it provides electric illumination and delivers dependable performance in any climate.",https://thecoppersmith.net/warranty-return/,China,0,1,1,,
FCO31G,CopperSmith Contempo Flush 31 Gas Lantern Wall Sconce,,The CopperSmith,Contempo Flush Mount,"Flush Mount,Gas Lanterns",,"WGL,GLC,ADS,TLA",Copper,"30.25""H x 12""W x 12""D",13,843411114849,https://s3.us-west-2.amazonaws.com/catsy.962/_lg/4076157655/FCO31G.jpg,1017,2034,2237,FIN001,Y,,,,,DEC018,ELE003,GAS002,Flush Mount,Contemporary,Gas,Brass,Tempered Glass,12,,,,,,,,,,,,Yes,Configuration Available,Wet,No,CSA,This product is compliant with California Title 20 requirements when sold and shipped with a light source. Any included lamping must meet California Title 20 standards.,This decorative fixture is not title 24 ja8 certified. Compliance may be achieved when installed with a customer-provided ja8-compliant light source.,WARNING: This product may expose you to chemicals including lead and other substances known to the State of California to cause cancer and k birth defects or other reproductive harm. For more information visit www.P65Warnings.ca.gov,FCO31G,"Our Contempo Flush Mount lantern is designed for flush wall installation, offering a clean architectural profile ideal for entries, porches, and sheltered outdoor corridors. Handcrafted from solid copper, it provides natural gas or propane and delivers dependable performance in any climate.",https://thecoppersmith.net/warranty-return/,China,0,1,1,,
FHL15E,CopperSmith Hyland Flush 15 Electric Lantern Wall Sconce,,The CopperSmith,Hyland Flush Mount,"Flush Mount,Electric Lanterns",,"ADS,703001,703002",Copper,"14.5""H x 8.5""W x 8.5""D",10,843411112449,https://s3.us-west-2.amazonaws.com/catsy.962/_lg/4075986239/FHL15E.jpg,304,608,669,FIN001,Y,,,,,DEC019,ELE001,,Flush Mount,Contemporary,Electric,Brass,Tempered Glass,8.5,,,,,E12,2,60,120,120,No,B,Yes,Configuration Available,Wet,No,CSA,This product is compliant with California Title 20 requirements when sold and shipped with a light source. Any included lamping must meet California Title 20 standards.,This decorative fixture is not title 24 ja8 certified. Compliance may be achieved when installed with a customer-provided ja8-compliant light source.,WARNING: This product may expose you to chemicals including lead and other substances known to the State of California to cause cancer and k birth defects or other reproductive harm. For more information visit www.P65Warnings.ca.gov,FHL15E,"Our Hyland Flush Mount lantern is designed for flush wall installation, offering a clean architectural profile ideal for entries, porches, and sheltered outdoor corridors. Handcrafted from solid copper, it provides electric illumination and delivers dependable performance in any climate.",https://thecoppersmith.net/warranty-return/,China,0,1,1,,
FHL15G,CopperSmith Hyland Flush 15 Gas Lantern Wall Sconce,,The CopperSmith,Hyland Flush Mount,"Flush Mount,Gas Lanterns",,"WGS,GLC,ADS",Copper,"14.5""H x 8.5""W x 8.5""D",10,843411112432,https://s3.us-west-2.amazonaws.com/catsy.962/_lg/4076157899/FHL15G-CHB.jpg,304,608,669,FIN001,Y,,,,,DEC019,ELE001,GAS004,Flush Mount,Contemporary,Gas,Brass,Tempered Glass,8.5,,,,,,,,,,,,Yes,Configuration Available,Wet,No,CSA,This product is compliant with California Title 20 requirements when sold and shipped with a light source. Any included lamping must meet California Title 20 standards.,This decorative fixture is not title 24 ja8 certified. Compliance may be achieved when installed with a customer-provided ja8-compliant light source.,WARNING: This product may expose you to chemicals including lead and other substances known to the State of California to cause cancer and k birth defects or other reproductive harm. For more information visit www.P65Warnings.ca.gov,FHL15G,"Our Hyland Flush Mount lantern is designed for flush wall installation, offering a clean architectural profile ideal for entries, porches, and sheltered outdoor corridors. Handcrafted from solid copper, it provides natural gas or propane and delivers dependable performance in any climate.",https://thecoppersmith.net/warranty-return/,China,0,1,1,,
FHL18E,CopperSmith Hyland Flush 18 Electric Lantern Wall Sconce,,The CopperSmith,Hyland Flush Mount,"Flush Mount,Electric Lanterns",,"ADS,CSHI,HSI1,HSI2,TLA,703001,703002",Copper,"17.75""H x 8.5""W x 8.5""D",11,843411112470,https://s3.us-west-2.amazonaws.com/catsy.962/_lg/4075886500/FHL18E.jpg,362,724,796,FIN001,Y,,,,,DEC020,ELE002,,Flush Mount,Contemporary,Electric,Brass,Tempered Glass,8.5,,,,,E12,2,60,120,120,No,B,Yes,Configuration Available,Wet,No,CSA,This product is compliant with California Title 20 requirements when sold and shipped with a light source. Any included lamping must meet California Title 20 standards.,This decorative fixture is not title 24 ja8 certified. Compliance may be achieved when installed with a customer-provided ja8-compliant light source.,WARNING: This product may expose you to chemicals including lead and other substances known to the State of California to cause cancer and k birth defects or other reproductive harm. For more information visit www.P65Warnings.ca.gov,FHL18E,"Our Hyland Flush Mount lantern is designed for flush wall installation, offering a clean architectural profile ideal for entries, porches, and sheltered outdoor corridors. Handcrafted from solid copper, it provides electric illumination and delivers dependable performance in any climate.",https://thecoppersmith.net/warranty-return/,China,0,1,1,,
FHL18G,CopperSmith Hyland Flush 18 Gas Lantern Wall Sconce,,The CopperSmith,Hyland Flush Mount,"Flush Mount,Gas Lanterns",,"WGS,GLC,ADS,TLA",Copper,"17.75""H x 8.5""W x 8.5""D",11,843411112463,https://s3.us-west-2.amazonaws.com/catsy.962/_lg/4075886498/FHL18G.jpg,362,724,796,FIN001,Y,,,,,DEC020,ELE003,GAS001,Flush Mount,Contemporary,Gas,Brass,Tempered Glass,8.5,,,,,,,,,,,,Yes,Configuration Available,Wet,No,CSA,This product is compliant with California Title 20 requirements when sold and shipped with a light source. Any included lamping must meet California Title 20 standards.,This decorative fixture is not title 24 ja8 certified. Compliance may be achieved when installed with a customer-provided ja8-compliant light source.,WARNING: This product may expose you to chemicals including lead and other substances known to the State of California to cause cancer and k birth defects or other reproductive harm. For more information visit www.P65Warnings.ca.gov,FHL18G,"Our Hyland Flush Mount lantern is designed for flush wall installation, offering a clean architectural profile ideal for entries, porches, and sheltered outdoor corridors. Handcrafted from solid copper, it provides natural gas or propane and delivers dependable performance in any climate.",https://thecoppersmith.net/warranty-return/,China,0,1,1,,
FHL21E,CopperSmith Hyland Flush 21 Electric Lantern Wall Sconce,,The CopperSmith,Hyland Flush,"Flush Mount,Electric Lanterns",,"ADS,CSHI,HSI1,HSI2,TLA,703001,703002",Copper,"20.625""H x 8.625""W x 8.625""D",,843411126385,https://s3.us-west-2.amazonaws.com/catsy.962/_lg/4075986072/FHL21E.jpg,456,912,1003,FIN001,Y,,,,,DEC021,ELE002,,Flush Mount,Contemporary,Electric,Brass,Tempered Glass,8.625,,,,,E12,2,60,120,120,No,B,Yes,Configuration Available,,,,This product is compliant with California Title 20 requirements when sold and shipped with a light source. Any included lamping must meet California Title 20 standards.,This decorative fixture is not title 24 ja8 certified. Compliance may be achieved when installed with a customer-provided ja8-compliant light source.,WARNING: This product may expose you to chemicals including lead and other substances known to the State of California to cause cancer and k birth defects or other reproductive harm. For more information visit www.P65Warnings.ca.gov,FHL21E,"Our Hyland Flush lantern is designed for flush wall installation, offering a clean architectural profile ideal for entries, porches, and sheltered outdoor corridors. Handcrafted from solid copper, it provides electric illumination and delivers dependable performance in any climate.",https://thecoppersmith.net/warranty-return/,China,0,1,1,,
FHL21G,CopperSmith Hyland Flush 21 Gas Lantern Wall Sconce,,The CopperSmith,Hyland Flush,"Flush Mount,Gas Lanterns",,"WGS,GLC,ADS,TLA",Copper,"20.625""H x 8.625""W x 8.625""D",,843411126378,https://s3.us-west-2.amazonaws.com/catsy.962/_lg/4075986071/FHL21G.jpg,456,912,1003,FIN001,Y,,,,,DEC049,ELE003,GAS001,Flush Mount,Contemporary,Gas,Brass,Tempered Glass,8.625,,,,,,,,,,,,Yes,Configuration Available,,,,This product is compliant with California Title 20 requirements when sold and shipped with a light source. Any included lamping must meet California Title 20 standards.,This decorative fixture is not title 24 ja8 certified. Compliance may be achieved when installed with a customer-provided ja8-compliant light source.,WARNING: This product may expose you to chemicals including lead and other substances known to the State of California to cause cancer and k birth defects or other reproductive harm. For more information visit www.P65Warnings.ca.gov,FHL21G,"Our Hyland Flush lantern is designed for flush wall installation, offering a clean architectural profile ideal for entries, porches, and sheltered outdoor corridors. Handcrafted from solid copper, it provides natural gas or propane and delivers dependable performance in any climate.",https://thecoppersmith.net/warranty-return/,China,0,1,1,,
FTR19E,CopperSmith Biltmore Flush Traveler 19 Electric Lantern Wall Sconce,,The CopperSmith Biltmore®,Biltmore® Flush Traveler,"Flush Mount,Electric Lanterns",,"CSHI,HSI1,HSI2,703001,703002",Copper,"18.75""H x 8.875""W x 8.875""D",,843411124213,https://s3.us-west-2.amazonaws.com/catsy.962/_lg/4075886497/FTR19E.jpg,532,1064,1170,FIN001,Y,,,,,,ELE004,,Biltmore®,Flush Mount,Electric,Brass,Tempered Glass,8.875,,,,,E12,2,60,120,120,No,B,Yes,,Wet,No,CSA,This product is compliant with California Title 20 requirements when sold and shipped with a light source. Any included lamping must meet California Title 20 standards.,This decorative fixture is not title 24 ja8 certified. Compliance may be achieved when installed with a customer-provided ja8-compliant light source.,WARNING: This product may expose you to chemicals including lead and other substances known to the State of California to cause cancer and k birth defects or other reproductive harm. For more information visit www.P65Warnings.ca.gov,FTR19E,"Our Biltmore® Flush Traveler lantern is designed for flush wall installation, offering a clean architectural profile ideal for entries, porches, and sheltered outdoor corridors. Handcrafted from solid copper, it provides electric illumination and delivers dependable performance in any climate.",https://thecoppersmith.net/warranty-return/,China,0,1,1,,
FTR19G,CopperSmith Biltmore Flush Traveler 19 Gas Lantern Wall Sconce,,The CopperSmith Biltmore®,Biltmore® Flush Traveler,"Flush Mount,Gas Lanterns",,"WGS,GLC",Copper,"18.75""H x 8.875""W x 8.875""D",,843411124213,https://s3.us-west-2.amazonaws.com/catsy.962/_lg/4075886493/FTR19G.jpg,532,1064,1170,FIN001,Y,,,,,,,GAS001,Biltmore®,Flush Mount,Gas,Brass,Tempered Glass,8.875,,,,,,,,,,,,Yes,,Wet,No,CSA,This product is compliant with California Title 20 requirements when sold and shipped with a light source. Any included lamping must meet California Title 20 standards.,This decorative fixture is not title 24 ja8 certified. Compliance may be achieved when installed with a customer-provided ja8-compliant light source.,WARNING: This product may expose you to chemicals including lead and other substances known to the State of California to cause cancer and k birth defects or other reproductive harm. For more information visit www.P65Warnings.ca.gov,FTR19G,"Our Biltmore® Flush Traveler lantern is designed for flush wall installation, offering a clean architectural profile ideal for entries, porches, and sheltered outdoor corridors. Handcrafted from solid copper, it provides natural gas or propane and delivers dependable performance in any climate.",https://thecoppersmith.net/warranty-return/,China,0,1,1,,
FTR25E,CopperSmith Biltmore Flush Traveler 25 Electric Lantern Wall Sconce,,The CopperSmith Biltmore®,Biltmore® Flush Traveler,"Flush Mount,Electric Lanterns",,"CSHI,HSI1,HSI2,703001,703002",Copper,"24.625""H x 11.25""W x 11.25""D",,843411124237,https://s3.us-west-2.amazonaws.com/catsy.962/_lg/4075886495/FTR25E.jpg,813,1626,1789,FIN001,Y,,,,,,ELE004,,Biltmore®,Flush Mount,Electric,Brass,Tempered Glass,11.25,,,,,E12,2,60,120,120,No,B,Yes,,Wet,No,CSA,This product is compliant with California Title 20 requirements when sold and shipped with a light source. Any included lamping must meet California Title 20 standards.,This decorative fixture is not title 24 ja8 certified. Compliance may be achieved when installed with a customer-provided ja8-compliant light source.,WARNING: This product may expose you to chemicals including lead and other substances known to the State of California to cause cancer and k birth defects or other reproductive harm. For more information visit www.P65Warnings.ca.gov,FTR25E,"Our Biltmore® Flush Traveler lantern is designed for flush wall installation, offering a clean architectural profile ideal for entries, porches, and sheltered outdoor corridors. Handcrafted from solid copper, it provides electric illumination and delivers dependable performance in any climate.",https://thecoppersmith.net/warranty-return/,China,0,1,1,,
FTR25G,CopperSmith Biltmore Flush Traveler 25 Gas Lantern Wall Sconce,,The CopperSmith Biltmore®,Biltmore® Flush Traveler,"Flush Mount,Gas Lanterns",,"WGL,GLC",Copper,"24.625""H x 11.25""W x 11.25""D",,843411124237,https://s3.us-west-2.amazonaws.com/catsy.962/_lg/4075886494/FTR25G.jpg,813,1626,1789,FIN001,Y,,,,,,,GAS002,Biltmore®,Flush Mount,Gas,Brass,Tempered Glass,11.25,,,,,,,,,,,,Yes,,Wet,No,CSA,This product is compliant with California Title 20 requirements when sold and shipped with a light source. Any included lamping must meet California Title 20 standards.,This decorative fixture is not title 24 ja8 certified. Compliance may be achieved when installed with a customer-provided ja8-compliant light source.,WARNING: This product may expose you to chemicals including lead and other substances known to the State of California to cause cancer and k birth defects or other reproductive harm. For more information visit www.P65Warnings.ca.gov,FTR25G,"Our Biltmore® Flush Traveler lantern is designed for flush wall installation, offering a clean architectural profile ideal for entries, porches, and sheltered outdoor corridors. Handcrafted from solid copper, it provides natural gas or propane and delivers dependable performance in any climate.",https://thecoppersmith.net/warranty-return/,China,0,1,1,,
FTR31E,CopperSmith Biltmore Flush Traveler 31 Electric Lantern Wall Sconce,,The CopperSmith Biltmore®,Biltmore® Flush Traveler,"Flush Mount,Electric Lanterns",,"CSHI,HSI1,HSI2,703001,703002",Copper,"30.75""H x 14""W x 14""D",,843411124855,https://s3.us-west-2.amazonaws.com/catsy.962/_lg/4075986062/FTR31E.jpg,1654,3308,3639,FIN001,Y,,,,,,ELE004,,Biltmore®,Flush Mount,Electric,Brass,Tempered Glass,14,,,,,E12,3,60,180,120,No,B,Yes,,Wet,No,CSA,This product is compliant with California Title 20 requirements when sold and shipped with a light source. Any included lamping must meet California Title 20 standards.,This decorative fixture is not title 24 ja8 certified. Compliance may be achieved when installed with a customer-provided ja8-compliant light source.,WARNING: This product may expose you to chemicals including lead and other substances known to the State of California to cause cancer and k birth defects or other reproductive harm. For more information visit www.P65Warnings.ca.gov,FTR31E,"Our Biltmore® Flush Traveler lantern is designed for flush wall installation, offering a clean architectural profile ideal for entries, porches, and sheltered outdoor corridors. Handcrafted from solid copper, it provides electric illumination and delivers dependable performance in any climate.",https://thecoppersmith.net/warranty-return/,China,0,1,1,,
FTR31G,CopperSmith Biltmore Flush Traveler 31 Gas Lantern Wall Sconce,,The CopperSmith Biltmore®,Biltmore® Flush Traveler,"Flush Mount,Gas Lanterns",,"WGL,GLC",Copper,"30.75""H x 14""W x 14""D",,843411124855,https://s3.us-west-2.amazonaws.com/catsy.962/_lg/4075986061/FTR31G.jpg,1654,3308,3639,FIN001,Y,,,,,,,GAS002,Biltmore®,Flush Mount,Gas,Brass,Tempered Glass,14,,,,,,,,,,,,Yes,,Wet,No,CSA,This product is compliant with California Title 20 requirements when sold and shipped with a light source. Any included lamping must meet California Title 20 standards.,This decorative fixture is not title 24 ja8 certified. Compliance may be achieved when installed with a customer-provided ja8-compliant light source.,WARNING: This product may expose you to chemicals including lead and other substances known to the State of California to cause cancer and k birth defects or other reproductive harm. For more information visit www.P65Warnings.ca.gov,FTR31G,"Our Biltmore® Flush Traveler lantern is designed for flush wall installation, offering a clean architectural profile ideal for entries, porches, and sheltered outdoor corridors. Handcrafted from solid copper, it provides natural gas or propane and delivers dependable performance in any climate.",https://thecoppersmith.net/warranty-return/,China,0,1,1,,
GA25E,CopperSmith Biltmore Gala 25 Electric Lantern Wall Sconce,,The CopperSmith Biltmore®,Biltmore® Gala,Electric Lanterns,,"703001,703002",Copper,"24.75""H x 13.375""W x 11.625""D",13,843411113293,https://s3.us-west-2.amazonaws.com/catsy.962/_lg/4075886492/GA25LE.jpg,509,1018,1120,FIN001,Y,WM021,,CM074,PP022,,,,Biltmore®,Traditional,Electric,Brass,Tempered Glass,14.25,6,9,6,2,E12,2,60,120,120,No,B,Yes,,Wet,No,CSA,This product is compliant with California Title 20 requirements when sold and shipped with a light source. Any included lamping must meet California Title 20 standards.,This decorative fixture is not title 24 ja8 certified. Compliance may be achieved when installed with a customer-provided ja8-compliant light source.,WARNING: This product may expose you to chemicals including lead and other substances known to the State of California to cause cancer and k birth defects or other reproductive harm. For more information visit www.P65Warnings.ca.gov,GA25E,"Our Biltmore® Gala lantern is crafted as a wall-mounted lantern, built from solid copper and designed to age gracefully with a natural patina. It provides electric illumination for everyday exterior use and can also be configured with ceiling mount, post mount, pier mount, yoke mount to suit a wide range of architectural applications.",https://thecoppersmith.net/warranty-return/,China,0,1,1,,
GA25G,CopperSmith Biltmore Gala 25 Gas Lantern Wall Sconce,,The CopperSmith Biltmore®,Biltmore® Gala,Gas Lanterns,,"WGS,GLC",Copper,"24.75""H x 13.375""W x 11.625""D",13,843411113309,https://s3.us-west-2.amazonaws.com/catsy.962/_lg/4075886491/GA25LG.jpg,509,1018,1120,FIN001,Y,WM021,,CM075,PP022,,,GAS004,Biltmore®,Traditional,Gas,Brass,Tempered Glass,14.25,6,9,,,,,,,,,,Yes,,Wet,No,CSA,This product is compliant with California Title 20 requirements when sold and shipped with a light source. Any included lamping must meet California Title 20 standards.,This decorative fixture is not title 24 ja8 certified. Compliance may be achieved when installed with a customer-provided ja8-compliant light source.,WARNING: This product may expose you to chemicals including lead and other substances known to the State of California to cause cancer and k birth defects or other reproductive harm. For more information visit www.P65Warnings.ca.gov,GA25G,"Our Biltmore® Gala lantern is crafted as a wall-mounted lantern, built from solid copper and designed to age gracefully with a natural patina. It provides natural gas or propane for everyday exterior use and can also be configured with post mount, pier mount, yoke mount, ceiling mount to suit a wide range of architectural applications.",https://thecoppersmith.net/warranty-return/,China,0,1,1,,
GA32E,CopperSmith Biltmore Gala 32 Electric Lantern Wall Sconce,,The CopperSmith Biltmore®,Biltmore® Gala,Electric Lanterns,,"703001,703002",Copper,"31.875""H x 17.75""W x 15.375""D",21,843411113330,https://s3.us-west-2.amazonaws.com/catsy.962/_lg/4075886489/GA32E.jpg,780,1560,1716,FIN001,Y,WM022,,CM076,PP023,,,,Biltmore®,Traditional,Electric,Brass,Tempered Glass,18,6,12,6,2,E12,2,60,120,120,No,B,Yes,,Wet,No,CSA,This product is compliant with California Title 20 requirements when sold and shipped with a light source. Any included lamping must meet California Title 20 standards.,This decorative fixture is not title 24 ja8 certified. Compliance may be achieved when installed with a customer-provided ja8-compliant light source.,WARNING: This product may expose you to chemicals including lead and other substances known to the State of California to cause cancer and k birth defects or other reproductive harm. For more information visit www.P65Warnings.ca.gov,GA32E,"Our Biltmore® Gala lantern is crafted as a wall-mounted lantern, built from solid copper and designed to age gracefully with a natural patina. It provides electric illumination for everyday exterior use and can also be configured with ceiling mount, post mount, pier mount, yoke mount to suit a wide range of architectural applications.",https://thecoppersmith.net/warranty-return/,China,0,1,1,,
GA32G,CopperSmith Biltmore Gala 32 Gas Lantern Wall Sconce,,The CopperSmith Biltmore®,Biltmore® Gala,Gas Lanterns,,"WGL,GLC",Copper,"31.875""H x 17.75""W x 15.375""D",21,843411113323,https://s3.us-west-2.amazonaws.com/catsy.962/_lg/4075886490/GA32G.jpg,780,1560,1716,FIN001,Y,WM022,,CM077,PP023,,,GAS005,Biltmore®,Traditional,Gas,Brass,Tempered Glass,18,6,12,,,,,,,,,,Yes,,Wet,No,CSA,This product is compliant with California Title 20 requirements when sold and shipped with a light source. Any included lamping must meet California Title 20 standards.,This decorative fixture is not title 24 ja8 certified. Compliance may be achieved when installed with a customer-provided ja8-compliant light source.,WARNING: This product may expose you to chemicals including lead and other substances known to the State of California to cause cancer and k birth defects or other reproductive harm. For more information visit www.P65Warnings.ca.gov,GA32G,"Our Biltmore® Gala lantern is crafted as a wall-mounted lantern, built from solid copper and designed to age gracefully with a natural patina. It provides natural gas or propane for everyday exterior use and can also be configured with post mount, pier mount, yoke mount, ceiling mount to suit a wide range of architectural applications.",https://thecoppersmith.net/warranty-return/,China,0,1,1,,
GA38E,CopperSmith Biltmore Gala 38 Electric Lantern Wall Sconce,,The CopperSmith Biltmore®,Biltmore® Gala,Electric Lanterns,,"CSHI,HSI1,HSI2,703001,703002",Copper,"38.375""H x 22.25""W x 19.25""D",37,843411113361,https://s3.us-west-2.amazonaws.com/catsy.962/_lg/4075986070/GA38E.jpg,1286,2572,2829,FIN001,Y,WM023,,CM078,PP024,,ELE004,,Biltmore®,Traditional,Electric,Brass,Tempered Glass,21.75,7,16,6,2,E12,3,60,180,120,No,B,Yes,,Wet,No,CSA,This product is compliant with California Title 20 requirements when sold and shipped with a light source. Any included lamping must meet California Title 20 standards.,This decorative fixture is not title 24 ja8 certified. Compliance may be achieved when installed with a customer-provided ja8-compliant light source.,WARNING: This product may expose you to chemicals including lead and other substances known to the State of California to cause cancer and k birth defects or other reproductive harm. For more information visit www.P65Warnings.ca.gov,GA38E,"Our Biltmore® Gala lantern is crafted as a wall-mounted lantern, built from solid copper and designed to age gracefully with a natural patina. It provides electric illumination for everyday exterior use and can also be configured with ceiling mount, post mount, pier mount, yoke mount to suit a wide range of architectural applications.",https://thecoppersmith.net/warranty-return/,China,0,1,1,,
GA38G,CopperSmith Biltmore Gala 38 Gas Lantern Wall Sconce,,The CopperSmith Biltmore®,Biltmore® Gala,Gas Lanterns,,"WGL,GLC",Copper,"38.375""H x 22.25""W x 19.25""D",37,843411113354,https://s3.us-west-2.amazonaws.com/catsy.962/_lg/4075986069/GA38G.jpg,1286,2572,2829,FIN001,Y,WM023,,CM079,PP024,,,GAS005,Biltmore®,Traditional,Gas,Brass,Tempered Glass,21.75,7,16,,,,,,,,,,Yes,,Wet,No,CSA,This product is compliant with California Title 20 requirements when sold and shipped with a light source. Any included lamping must meet California Title 20 standards.,This decorative fixture is not title 24 ja8 certified. Compliance may be achieved when installed with a customer-provided ja8-compliant light source.,WARNING: This product may expose you to chemicals including lead and other substances known to the State of California to cause cancer and k birth defects or other reproductive harm. For more information visit www.P65Warnings.ca.gov,GA38G,"Our Biltmore® Gala lantern is crafted as a wall-mounted lantern, built from solid copper and designed to age gracefully with a natural patina. It provides natural gas or propane for everyday exterior use and can also be configured with post mount, pier mount, yoke mount to suit a wide range of architectural applications.",https://thecoppersmith.net/warranty-return/,China,0,1,1,,
GT15E,CopperSmith Georgetown 15 Electric Lantern Wall Sconce,,The CopperSmith,Georgetown,Electric Lanterns,,"ADS,703001,703002",Copper,"15.25""H x 8.5""W x 8.5""D",8,843411102006,https://s3.us-west-2.amazonaws.com/catsy.962/_lg/4076157712/GT15E.jpg,174,348,383,FIN001,Y,WM024,WA024,CM080,PP025,DEC023,ELE001,,French,,Electric,Brass,Tempered Glass,10.25,6,5,5,2,E12,1,60,60,120,No,B,Yes,Configuration Available,Wet,No,CSA,This product is compliant with California Title 20 requirements when sold and shipped with a light source. Any included lamping must meet California Title 20 standards.,This decorative fixture is not title 24 ja8 certified. Compliance may be achieved when installed with a customer-provided ja8-compliant light source.,WARNING: This product may expose you to chemicals including lead and other substances known to the State of California to cause cancer and k birth defects or other reproductive harm. For more information visit www.P65Warnings.ca.gov,GT15E,"Our Georgetown lantern is crafted as a wall-mounted lantern, built from solid copper and designed to age gracefully with a natural patina. It provides electric illumination for everyday exterior use and can also be configured with yoke mount, ceiling mount, post mount, pier mount to suit a wide range of architectural applications.",https://thecoppersmith.net/warranty-return/,China,0,1,1,,
GT15G,CopperSmith Georgetown 15 Gas Lantern Wall Sconce,,The CopperSmith,Georgetown,Gas Lanterns,,"WGS,GLC,ADS",Copper,"15.25""H x 8.5""W x 8.5""D",8,843411101993,https://s3.us-west-2.amazonaws.com/catsy.962/_lg/4076157713/GT15G.jpg,174,348,383,FIN001,Y,WM024,WA024,CM081,PP025,DEC023,ELE001,GAS004,French,,Gas,Brass,Tempered Glass,10.25,6,5,,,,,,,,,,Yes,Configuration Available,Wet,No,CSA,This product is compliant with California Title 20 requirements when sold and shipped with a light source. Any included lamping must meet California Title 20 standards.,This decorative fixture is not title 24 ja8 certified. Compliance may be achieved when installed with a customer-provided ja8-compliant light source.,WARNING: This product may expose you to chemicals including lead and other substances known to the State of California to cause cancer and k birth defects or other reproductive harm. For more information visit www.P65Warnings.ca.gov,GT15G,"Our Georgetown lantern is crafted as a wall-mounted lantern, built from solid copper and designed to age gracefully with a natural patina. It provides natural gas or propane for everyday exterior use and can also be configured with yoke mount, post mount, pier mount to suit a wide range of architectural applications.",https://thecoppersmith.net/warranty-return/,China,0,1,1,,
GT18E,CopperSmith Georgetown 18 Electric Lantern Wall Sconce,,The CopperSmith,Georgetown,Electric Lanterns,,"ADS,CSHI,HSI1,HSI2,TLA,703001,703002",Copper,"17.5""H x 10.5""W x 10.5""D",11,843411102037,https://s3.us-west-2.amazonaws.com/catsy.962/_lg/4076157714/GT18E.jpg,214,428,471,FIN001,Y,WM010,WA025,CM027,PP015,DEC024,ELE002,,French,,Electric,Brass,Tempered Glass,12.25,6,5,5,2,,,,,,,,Yes,Configuration Available,Wet,No,CSA,This product is compliant with California Title 20 requirements when sold and shipped with a light source. Any included lamping must meet California Title 20 standards.,This decorative fixture is not title 24 ja8 certified. Compliance may be achieved when installed with a customer-provided ja8-compliant light source.,WARNING: This product may expose you to chemicals including lead and other substances known to the State of California to cause cancer and k birth defects or other reproductive harm. For more information visit www.P65Warnings.ca.gov,GT18E,"Our Georgetown lantern is crafted as a wall-mounted lantern, built from solid copper and designed to age gracefully with a natural patina. It provides electric illumination for everyday exterior use and can also be configured with yoke mount, gooseneck mount, ceiling mount, post mount, pier mount to suit a wide range of architectural applications.",https://thecoppersmith.net/warranty-return/,China,0,1,1,,
GT18G,CopperSmith Georgetown 18 Gas Lantern Wall Sconce,,The CopperSmith,Georgetown,Gas Lanterns,,"WGS,GLC,ADS,TLA",Copper,"17.5""H x 10.5""W x 10.5""D",11,843411102020,https://s3.us-west-2.amazonaws.com/catsy.962/_lg/4076157868/GT18G.jpg,214,428,471,FIN001,Y,WM010,WA025,CM028,PP015,DEC024,ELE003,GAS001,French,,Gas,Brass,Tempered Glass,12.25,6,5,,,,,,,,,,Yes,Configuration Available,Wet,No,CSA,This product is compliant with California Title 20 requirements when sold and shipped with a light source. Any included lamping must meet California Title 20 standards.,This decorative fixture is not title 24 ja8 certified. Compliance may be achieved when installed with a customer-provided ja8-compliant light source.,WARNING: This product may expose you to chemicals including lead and other substances known to the State of California to cause cancer and k birth defects or other reproductive harm. For more information visit www.P65Warnings.ca.gov,GT18G,"Our Georgetown lantern is crafted as a wall-mounted lantern, built from solid copper and designed to age gracefully with a natural patina. It provides natural gas or propane for everyday exterior use and can also be configured with yoke mount, gooseneck mount, post mount, pier mount to suit a wide range of architectural applications.",https://thecoppersmith.net/warranty-return/,China,0,1,1,,
GT20E,CopperSmith Georgetown 20 Electric Lantern Wall Sconce,,The CopperSmith,Georgetown,Electric Lanterns,,"ADS,CSHI,HSI1,HSI2,TLA,703001,703002",Copper,"20.75""H x 11.5""W x 11.5""D",13,843411102068,https://s3.us-west-2.amazonaws.com/catsy.962/_lg/4076157869/GT20E.jpg,287,574,631,FIN001,Y,WM011,WA026,CM082,PP016,DEC024,ELE002,,French,,Electric,Brass,Tempered Glass,13.25,6,5,5,2,E12,2,60,120,120,No,B,Yes,Configuration Available,Wet,No,CSA,This product is compliant with California Title 20 requirements when sold and shipped with a light source. Any included lamping must meet California Title 20 standards.,This decorative fixture is not title 24 ja8 certified. Compliance may be achieved when installed with a customer-provided ja8-compliant light source.,WARNING: This product may expose you to chemicals including lead and other substances known to the State of California to cause cancer and k birth defects or other reproductive harm. For more information visit www.P65Warnings.ca.gov,GT20E,"Our Georgetown lantern is crafted as a wall-mounted lantern, built from solid copper and designed to age gracefully with a natural patina. It provides electric illumination for everyday exterior use and can also be configured with yoke mount, gooseneck mount, ceiling mount, post mount, pier mount to suit a wide range of architectural applications.",https://thecoppersmith.net/warranty-return/,China,0,1,1,,
GT20G,CopperSmith Georgetown 20 Gas Lantern Wall Sconce,,The CopperSmith,Georgetown,Gas Lanterns,,"WGS,GLC,ADS,TLA",Copper,"20.75""H x 11.5""W x 11.5""D",13,843411102051,https://s3.us-west-2.amazonaws.com/catsy.962/_lg/4076157871/GT20G.jpg,287,574,631,FIN001,Y,WM011,WA026,CM083,PP016,DEC024,ELE003,GAS001,French,,Gas,Brass,Tempered Glass,13.25,6,5,,,,,,,,,,Yes,Configuration Available,Wet,No,CSA,This product is compliant with California Title 20 requirements when sold and shipped with a light source. Any included lamping must meet California Title 20 standards.,This decorative fixture is not title 24 ja8 certified. Compliance may be achieved when installed with a customer-provided ja8-compliant light source.,WARNING: This product may expose you to chemicals including lead and other substances known to the State of California to cause cancer and k birth defects or other reproductive harm. For more information visit www.P65Warnings.ca.gov,GT20G,"Our Georgetown lantern is crafted as a wall-mounted lantern, built from solid copper and designed to age gracefully with a natural patina. It provides natural gas or propane for everyday exterior use and can also be configured with yoke mount, gooseneck mount, post mount, pier mount to suit a wide range of architectural applications.",https://thecoppersmith.net/warranty-return/,China,0,1,1,,
GT22E,CopperSmith Georgetown 22 Electric Lantern Wall Sconce,,The CopperSmith,Georgetown,Electric Lanterns,,"ADS,CSHI,HSI1,HSI2,TLA,703001,703002",Copper,"22.5""H x 12.25""W x 12.25""D",16,843411102099,https://s3.us-west-2.amazonaws.com/catsy.962/_lg/4076157875/GT22E.jpg,350,700,770,FIN001,Y,WM011,WA027,CM029,PP016,DEC025,ELE002,,French,,Electric,Brass,Tempered Glass,14,6,5,5,2,E12,2,60,120,120,No,B,Yes,Configuration Available,Wet,No,CSA,This product is compliant with California Title 20 requirements when sold and shipped with a light source. Any included lamping must meet California Title 20 standards.,This decorative fixture is not title 24 ja8 certified. Compliance may be achieved when installed with a customer-provided ja8-compliant light source.,WARNING: This product may expose you to chemicals including lead and other substances known to the State of California to cause cancer and k birth defects or other reproductive harm. For more information visit www.P65Warnings.ca.gov,GT22E,"Our Georgetown lantern is crafted as a wall-mounted lantern, built from solid copper and designed to age gracefully with a natural patina. It provides electric illumination for everyday exterior use and can also be configured with yoke mount, gooseneck mount, ceiling mount, post mount, pier mount to suit a wide range of architectural applications.",https://thecoppersmith.net/warranty-return/,China,0,1,1,,
GT22G,CopperSmith Georgetown 22 Gas Lantern Wall Sconce,,The CopperSmith,Georgetown,Gas Lanterns,,"WGS,GLC,ADS,TLA",Copper,"22.5""H x 12.25""W x 12.25""D",16,843411102082,https://s3.us-west-2.amazonaws.com/catsy.962/_lg/4075886482/GT22G.jpg,350,700,770,FIN001,Y,WM011,WA027,CM030,PP016,DEC025,ELE003,GAS001,French,,Gas,Brass,Tempered Glass,14,6,5,,,,,,,,,,Yes,Configuration Available,Wet,No,CSA,This product is compliant with California Title 20 requirements when sold and shipped with a light source. Any included lamping must meet California Title 20 standards.,This decorative fixture is not title 24 ja8 certified. Compliance may be achieved when installed with a customer-provided ja8-compliant light source.,WARNING: This product may expose you to chemicals including lead and other substances known to the State of California to cause cancer and k birth defects or other reproductive harm. For more information visit www.P65Warnings.ca.gov,GT22G,"Our Georgetown lantern is crafted as a wall-mounted lantern, built from solid copper and designed to age gracefully with a natural patina. It provides natural gas or propane for everyday exterior use and can also be configured with yoke mount, gooseneck mount, post mount, pier mount to suit a wide range of architectural applications.",https://thecoppersmith.net/warranty-return/,China,0,1,1,,
GT27E,CopperSmith Georgetown 27 Electric Lantern Wall Sconce,,The CopperSmith,Georgetown,Electric Lanterns,,"ADS,CSHI,HSI1,HSI2,TLA,703001,703002",Copper,"27""H x 15.25""W x 15.25""D",20,843411102129,https://s3.us-west-2.amazonaws.com/catsy.962/_lg/4076157877/GT27E.jpg,422,844,928,FIN001,Y,WM012,WA028,CM084,PP026,DEC026,ELE002,,French,,Electric,Brass,Tempered Glass,17.25,6,5,5,2,E12,3,60,180,120,No,B,Yes,Configuration Available,Wet,No,CSA,This product is compliant with California Title 20 requirements when sold and shipped with a light source. Any included lamping must meet California Title 20 standards.,This decorative fixture is not title 24 ja8 certified. Compliance may be achieved when installed with a customer-provided ja8-compliant light source.,WARNING: This product may expose you to chemicals including lead and other substances known to the State of California to cause cancer and k birth defects or other reproductive harm. For more information visit www.P65Warnings.ca.gov,GT27E,"Our Georgetown lantern is crafted as a wall-mounted lantern, built from solid copper and designed to age gracefully with a natural patina. It provides electric illumination for everyday exterior use and can also be configured with yoke mount, ceiling mount, post mount, pier mount to suit a wide range of architectural applications.",https://thecoppersmith.net/warranty-return/,China,0,1,1,,
GT27G,CopperSmith Georgetown 27 Gas Lantern Wall Sconce,,The CopperSmith,Georgetown,Gas Lanterns,,"WGL,GLC,ADS,TLA",Copper,"27""H x 15.25""W x 15.25""D",20,843411102112,https://s3.us-west-2.amazonaws.com/catsy.962/_lg/4075886480/GT27G.jpg,422,844,928,FIN001,Y,WM012,WA028,CM085,PP026,DEC026,ELE003,GAS002,French,,Gas,Brass,Tempered Glass,17.25,6,5,,,,,,,,,,Yes,Configuration Available,Wet,No,CSA,This product is compliant with California Title 20 requirements when sold and shipped with a light source. Any included lamping must meet California Title 20 standards.,This decorative fixture is not title 24 ja8 certified. Compliance may be achieved when installed with a customer-provided ja8-compliant light source.,WARNING: This product may expose you to chemicals including lead and other substances known to the State of California to cause cancer and k birth defects or other reproductive harm. For more information visit www.P65Warnings.ca.gov,GT27G,"Our Georgetown lantern is crafted as a wall-mounted lantern, built from solid copper and designed to age gracefully with a natural patina. It provides natural gas or propane for everyday exterior use and can also be configured with yoke mount, post mount, pier mount to suit a wide range of architectural applications.",https://thecoppersmith.net/warranty-return/,China,0,1,1,,
GT36E,CopperSmith Georgetown 36 Electric Lantern Wall Sconce,,The CopperSmith,Georgetown,Electric Lanterns,,"ADS,CSHI,HSI1,HSI2,TLA,703001,703002",Copper,"36""H x 20.75""W x 20.75""D",43,843411112357,https://s3.us-west-2.amazonaws.com/catsy.962/_lg/4076157881/GT36E.jpg,895,1790,1969,FIN001,Y,WM025,WA029,CM086,PP027,DEC007,ELE002,,French,,Electric,Brass,Tempered Glass,23,6,5,5,2,E12,3,60,180,120,No,B,Yes,Configuration Available,Wet,No,CSA,This product is compliant with California Title 20 requirements when sold and shipped with a light source. Any included lamping must meet California Title 20 standards.,This decorative fixture is not title 24 ja8 certified. Compliance may be achieved when installed with a customer-provided ja8-compliant light source.,WARNING: This product may expose you to chemicals including lead and other substances known to the State of California to cause cancer and k birth defects or other reproductive harm. For more information visit www.P65Warnings.ca.gov,GT36E,"Our Georgetown lantern is crafted as a wall-mounted lantern, built from solid copper and designed to age gracefully with a natural patina. It provides electric illumination for everyday exterior use and can also be configured with yoke mount, ceiling mount, post mount, pier mount to suit a wide range of architectural applications.",https://thecoppersmith.net/warranty-return/,China,0,1,1,,
GT36G,CopperSmith Georgetown 36 Gas Lantern Wall Sconce,,The CopperSmith,Georgetown,Gas Lanterns,,"WGL,GLC,ADS,TLA",Copper,"36""H x 20.75""W x 20.75""D",43,843411112340,https://s3.us-west-2.amazonaws.com/catsy.962/_lg/4076157898/GT36G.jpg,895,1790,1969,FIN001,Y,WM025,WA029,CM087,PP027,DEC007,ELE003,GAS002,French,,Gas,Brass,Tempered Glass,23,6,5,,,,,,,,,,Yes,Configuration Available,Wet,No,CSA,This product is compliant with California Title 20 requirements when sold and shipped with a light source. Any included lamping must meet California Title 20 standards.,This decorative fixture is not title 24 ja8 certified. Compliance may be achieved when installed with a customer-provided ja8-compliant light source.,WARNING: This product may expose you to chemicals including lead and other substances known to the State of California to cause cancer and k birth defects or other reproductive harm. For more information visit www.P65Warnings.ca.gov,GT36G,"Our Georgetown lantern is crafted as a wall-mounted lantern, built from solid copper and designed to age gracefully with a natural patina. It provides natural gas or propane for everyday exterior use and can also be configured with yoke mount, post mount, pier mount to suit a wide range of architectural applications.",https://thecoppersmith.net/warranty-return/,China,0,1,1,,
H6F,CopperSmith Hawthorn 6-Sided Flush Mount Ceiling Fixture,,The CopperSmith,Hawthorn,Flush Mount,,,Copper,"6""H x 13.5""W x 13.5""D",,843411103270,https://s3.us-west-2.amazonaws.com/catsy.962/_lg/4075886477/H6FL.jpg,175,350,385,FIN001,Y,,,,,,,,Flush Mount,,Electric,Brass,Tempered Glass,,,,,,,,,,,,,,,,,CSA,This product is compliant with California Title 20 requirements when sold and shipped with a light source. Any included lamping must meet California Title 20 standards.,This decorative fixture is not title 24 ja8 certified. Compliance may be achieved when installed with a customer-provided ja8-compliant light source.,WARNING: This product may expose you to chemicals including lead and other substances known to the State of California to cause cancer and k birth defects or other reproductive harm. For more information visit www.P65Warnings.ca.gov,H6F,"Our Hawthorn lantern is a solid copper flush ceiling light designed for covered porches, breezeways, verandas, and outdoor living spaces. Its low-profile ceiling installation provides reliable illumination while maintaining a refined architectural presence. Built for coastal durability, it performs beautifully in harsh environments.",https://thecoppersmith.net/warranty-return/,China,0,1,1,,
HL15E,CopperSmith Hyland 15 Electric Lantern Wall Sconce,,The CopperSmith,Hyland,Electric Lanterns,,"ADS,703001,703002",Copper,"14.25""H x 8.5""W x 8.5""D",10,843411102150,https://s3.us-west-2.amazonaws.com/catsy.962/_lg/4075886478/HL15E.jpg,268,536,590,FIN001,Y,WM026,WA030,CM088,PP028,DEC019,ELE001,,Contemporary,,Electric,Brass,Tempered Glass,10.5,6,5,5.125,2,E12,2,60,120,120,No,B,Yes,Configuration Available,Wet,No,CSA,This product is compliant with California Title 20 requirements when sold and shipped with a light source. Any included lamping must meet California Title 20 standards.,This decorative fixture is not title 24 ja8 certified. Compliance may be achieved when installed with a customer-provided ja8-compliant light source.,WARNING: This product may expose you to chemicals including lead and other substances known to the State of California to cause cancer and k birth defects or other reproductive harm. For more information visit www.P65Warnings.ca.gov,HL15E,"Our Hyland lantern is crafted as a wall-mounted lantern, built from solid copper and designed to age gracefully with a natural patina. It provides electric illumination for everyday exterior use and can also be configured with yoke mount, gooseneck mount, post mount, pier mount to suit a wide range of architectural applications.",https://thecoppersmith.net/warranty-return/,China,0,1,1,,
HL15G,CopperSmith Hyland 15 Gas Lantern Wall Sconce,,The CopperSmith,Hyland,Gas Lanterns,,"GLC,ADS",Copper,"14.25""H x 8.5""W x 8.5""D",10,843411102143,https://s3.us-west-2.amazonaws.com/catsy.962/_lg/4075886471/HL15G.jpg,268,536,590,FIN001,Y,WM026,WA030,CM088,PP028,DEC019,ELE001,GAS006,Contemporary,,Gas,Brass,Tempered Glass,10.5,6,5,,,,,,,,,,Yes,Configuration Available,Wet,No,CSA,This product is compliant with California Title 20 requirements when sold and shipped with a light source. Any included lamping must meet California Title 20 standards.,This decorative fixture is not title 24 ja8 certified. Compliance may be achieved when installed with a customer-provided ja8-compliant light source.,WARNING: This product may expose you to chemicals including lead and other substances known to the State of California to cause cancer and k birth defects or other reproductive harm. For more information visit www.P65Warnings.ca.gov,HL15G,"Our Hyland lantern is crafted as a wall-mounted lantern, built from solid copper and designed to age gracefully with a natural patina. It provides natural gas or propane for everyday exterior use and can also be configured with yoke mount, gooseneck mount, post mount, pier mount to suit a wide range of architectural applications.",https://thecoppersmith.net/warranty-return/,China,0,1,1,,
HL18E,CopperSmith Hyland 18 Electric Lantern Wall Sconce,,The CopperSmith,Hyland,Electric Lanterns,,"ADS,CSHI,HSI1,HSI2,TLA,703001,703002",Copper,"17.75""H x 8.5""W x 8.5""D",12,843411102181,https://s3.us-west-2.amazonaws.com/catsy.962/_lg/4076163300/HL18E.jpg,327,654,719,FIN001,Y,WM027,WA031,CM088,PP028,DEC020,ELE002,,Contemporary,,Electric,Brass,Tempered Glass,10.5,6,5,5.125,2,E12,2,60,120,120,No,B,Yes,Configuration Available,Wet,No,CSA,This product is compliant with California Title 20 requirements when sold and shipped with a light source. Any included lamping must meet California Title 20 standards.,This decorative fixture is not title 24 ja8 certified. Compliance may be achieved when installed with a customer-provided ja8-compliant light source.,WARNING: This product may expose you to chemicals including lead and other substances known to the State of California to cause cancer and k birth defects or other reproductive harm. For more information visit www.P65Warnings.ca.gov,HL18E,"Our Hyland lantern is crafted as a wall-mounted lantern, built from solid copper and designed to age gracefully with a natural patina. It provides electric illumination for everyday exterior use and can also be configured with yoke mount, gooseneck mount, post mount, pier mount to suit a wide range of architectural applications.",https://thecoppersmith.net/warranty-return/,China,0,1,1,,
HL18G,CopperSmith Hyland 18 Gas Lantern Wall Sconce,,The CopperSmith,Hyland,Gas Lanterns,,"WGS,GLC,ADS,TLA",Copper,"17.75""H x 8.5""W x 8.5""D",12,843411102174,https://s3.us-west-2.amazonaws.com/catsy.962/_lg/4075886475/HL18G.jpg,327,654,719,FIN001,Y,WM027,WA031,CM088,PP028,DEC020,ELE003,GAS001,Contemporary,,Gas,Brass,Tempered Glass,10.5,6,5,,,,,,,,,,Yes,Configuration Available,Wet,No,CSA,This product is compliant with California Title 20 requirements when sold and shipped with a light source. Any included lamping must meet California Title 20 standards.,This decorative fixture is not title 24 ja8 certified. Compliance may be achieved when installed with a customer-provided ja8-compliant light source.,WARNING: This product may expose you to chemicals including lead and other substances known to the State of California to cause cancer and k birth defects or other reproductive harm. For more information visit www.P65Warnings.ca.gov,HL18G,"Our Hyland lantern is crafted as a wall-mounted lantern, built from solid copper and designed to age gracefully with a natural patina. It provides natural gas or propane for everyday exterior use and can also be configured with yoke mount, gooseneck mount, post mount, pier mount to suit a wide range of architectural applications.",https://thecoppersmith.net/warranty-return/,China,0,1,1,,
HL21E,CopperSmith Hyland 21 Electric Lantern Wall Sconce,,The CopperSmith,Hyland,Electric Lanterns,,"ADS,CSHI,HSI1,HSI2,TLA,703001,703002",Copper,"20.5""H x 8.5""W x 8.5""D",13,843411102211,https://s3.us-west-2.amazonaws.com/catsy.962/_lg/4075886473/HL21E.jpg,396,792,871,FIN001,Y,WM028,WA032,CM088,PP028,DEC022,ELE002,,Contemporary,,Electric,Brass,Tempered Glass,10.5,6,5,5.125,2,E12,2,60,120,120,No,B,Yes,Configuration Available,Wet,No,CSA,This product is compliant with California Title 20 requirements when sold and shipped with a light source. Any included lamping must meet California Title 20 standards.,This decorative fixture is not title 24 ja8 certified. Compliance may be achieved when installed with a customer-provided ja8-compliant light source.,WARNING: This product may expose you to chemicals including lead and other substances known to the State of California to cause cancer and k birth defects or other reproductive harm. For more information visit www.P65Warnings.ca.gov,HL21E,"Our Hyland lantern is crafted as a wall-mounted lantern, built from solid copper and designed to age gracefully with a natural patina. It provides electric illumination for everyday exterior use and can also be configured with yoke mount, gooseneck mount, post mount, pier mount to suit a wide range of architectural applications.",https://thecoppersmith.net/warranty-return/,China,0,1,1,,
HL21G,CopperSmith Hyland 21 Gas Lantern Wall Sconce,,The CopperSmith,Hyland,Gas Lanterns,,"WGL,GLC,ADS,TLA",Copper,"20.5""H x 8.5""W x 8.5""D",13,843411102204,https://s3.us-west-2.amazonaws.com/catsy.962/_lg/4075886472/HL21G.jpg,396,792,871,FIN001,Y,WM028,WA032,CM088,PP028,DEC022,ELE003,GAS002,Contemporary,,Gas,Brass,Tempered Glass,10.5,6,5,,,,,,,,,,Yes,Configuration Available,Wet,No,CSA,This product is compliant with California Title 20 requirements when sold and shipped with a light source. Any included lamping must meet California Title 20 standards.,This decorative fixture is not title 24 ja8 certified. Compliance may be achieved when installed with a customer-provided ja8-compliant light source.,WARNING: This product may expose you to chemicals including lead and other substances known to the State of California to cause cancer and k birth defects or other reproductive harm. For more information visit www.P65Warnings.ca.gov,HL21G,"Our Hyland lantern is crafted as a wall-mounted lantern, built from solid copper and designed to age gracefully with a natural patina. It provides natural gas or propane for everyday exterior use and can also be configured with yoke mount, gooseneck mount, post mount, pier mount to suit a wide range of architectural applications.",https://thecoppersmith.net/warranty-return/,China,0,1,1,,
HL30E,CopperSmith Hyland 30 Electric Lantern Wall Sconce,,The CopperSmith,Hyland,Electric Lanterns,,"ADS,CSHI,HSI1,HSI2,TLA,703001,703002",Copper,"30""H x 12""W x 12""D",27,843411114825,https://s3.us-west-2.amazonaws.com/catsy.962/_lg/4075886474/HL30E.jpg,599,1198,1318,FIN001,Y,WM012,WA051,CM089,PP029,,ELE002,,Contemporary,,Electric,Brass,Tempered Glass,13.75,6,5,5.125,2,E12,3,60,180,120,No,B,Yes,Configuration Available,Wet,No,CSA,This product is compliant with California Title 20 requirements when sold and shipped with a light source. Any included lamping must meet California Title 20 standards.,This decorative fixture is not title 24 ja8 certified. Compliance may be achieved when installed with a customer-provided ja8-compliant light source.,WARNING: This product may expose you to chemicals including lead and other substances known to the State of California to cause cancer and k birth defects or other reproductive harm. For more information visit www.P65Warnings.ca.gov,HL30E,"Our Hyland lantern is crafted as a wall-mounted lantern, built from solid copper and designed to age gracefully with a natural patina. It provides electric illumination for everyday exterior use and can also be configured with yoke mount, post mount, pier mount to suit a wide range of architectural applications.",https://thecoppersmith.net/warranty-return/,China,0,1,1,,
HL30G,CopperSmith Hyland 30 Gas Lantern Wall Sconce,,The CopperSmith,Hyland,Gas Lanterns,,"WGL,GLC,ADS,TLA",Copper,"30""H x 12""W x 12""D",27,843411114818,https://s3.us-west-2.amazonaws.com/catsy.962/_lg/4075886469/HL30G.jpg,599,1198,1318,FIN001,Y,WM012,WA051,CM089,PP029,,ELE003,GAS002,Contemporary,,Gas,Brass,Tempered Glass,13.75,6,5,,,,,,,,,,Yes,Configuration Available,Wet,No,CSA,This product is compliant with California Title 20 requirements when sold and shipped with a light source. Any included lamping must meet California Title 20 standards.,This decorative fixture is not title 24 ja8 certified. Compliance may be achieved when installed with a customer-provided ja8-compliant light source.,WARNING: This product may expose you to chemicals including lead and other substances known to the State of California to cause cancer and k birth defects or other reproductive harm. For more information visit www.P65Warnings.ca.gov,HL30G,"Our Hyland lantern is crafted as a wall-mounted lantern, built from solid copper and designed to age gracefully with a natural patina. It provides natural gas or propane for everyday exterior use and can also be configured with yoke mount, post mount, pier mount to suit a wide range of architectural applications.",https://thecoppersmith.net/warranty-return/,China,0,1,1,,
IR14-GN14,"CopperSmith Islamorada RLM Light Outdoor Wall Sconce with 14"" Shade",,The CopperSmith,Islamorada RLM,"Sconces,RLM Lighting",,,Copper,"11.5""H x 14""W x 20.5""D",,843411126484,https://s3.us-west-2.amazonaws.com/catsy.962/_lg/4075886470/IR14GN-RA.jpg,260,520,572,FIN001,Y,,,,,,,,RLM,,Electric,,,20.5,,,5,2,E26,1,60,60,120,No,A,Yes,,Wet,No,CSA,This product is compliant with California Title 20 requirements when sold and shipped with a light source. Any included lamping must meet California Title 20 standards.,This decorative fixture is not title 24 ja8 certified. Compliance may be achieved when installed with a customer-provided ja8-compliant light source.,WARNING: This product may expose you to chemicals including lead and other substances known to the State of California to cause cancer and k birth defects or other reproductive harm. For more information visit www.P65Warnings.ca.gov,IR14GN,"Our Islamorada RLM lantern is handcrafted from solid copper by CopperSmith artisans, built to develop a rich patina and provide years of service. Featuring a gooseneck arm mount, it provides focused lighting for both indoor and outdoor applications in residential or commercial settings. With a clean, utilitarian profile, it pairs classic RLM styling with premium materials.",https://thecoppersmith.net/warranty-return/,China,0,1,1,,
IR14-SA14,"CopperSmith Islamorada RLM Light Outdoor Wall Sconce with 14"" Shade",,The CopperSmith,Islamorada RLM,"Sconces,RLM Lighting",,,Copper,"8.5""H x 14""W x 20.875""D",,843411126491,https://s3.us-west-2.amazonaws.com/catsy.962/_lg/4076157323/IR14-SA%28LA%29.jpg,260,520,572,FIN001,Y,,,,,,,,RLM,,Electric,,,20.875,,,5,2,E26,1,60,60,120,No,A,Yes,,Wet,,CSA,This product is compliant with California Title 20 requirements when sold and shipped with a light source. Any included lamping must meet California Title 20 standards.,This decorative fixture is not title 24 ja8 certified. Compliance may be achieved when installed with a customer-provided ja8-compliant light source.,WARNING: This product may expose you to chemicals including lead and other substances known to the State of California to cause cancer and k birth defects or other reproductive harm. For more information visit www.P65Warnings.ca.gov,IR14SA14,"Our Islamorada RLM lantern is handcrafted from solid copper by CopperSmith artisans, built to develop a rich patina and provide years of service. Featuring a 14 inch straight arm mount, it provides focused lighting for both indoor and outdoor applications in residential or commercial settings. With a clean, utilitarian profile, it pairs classic RLM styling with premium materials.",https://thecoppersmith.net/warranty-return/,China,0,1,1,,
IR17-GN17,"CopperSmith Islamorada RLM Light Outdoor Wall Sconce with 17"" Shade",,The CopperSmith,Islamorada RLM,"Sconces,RLM Lighting",,,Copper,"14""H x 17""W x 26""D",,843411126521,https://s3.us-west-2.amazonaws.com/catsy.962/_lg/4075886467/IR17GN-RA.jpg,348,696,766,FIN001,Y,,,,,,,,RLM,,Electric,,,26,,,5,2,E26,1,60,60,120,No,A,Yes,,Wet,No,CSA,This product is compliant with California Title 20 requirements when sold and shipped with a light source. Any included lamping must meet California Title 20 standards.,This decorative fixture is not title 24 ja8 certified. Compliance may be achieved when installed with a customer-provided ja8-compliant light source.,WARNING: This product may expose you to chemicals including lead and other substances known to the State of California to cause cancer and k birth defects or other reproductive harm. For more information visit www.P65Warnings.ca.gov,IR17GN,"Our Islamorada RLM lantern is handcrafted from solid copper by CopperSmith artisans, built to develop a rich patina and provide years of service. Featuring a gooseneck arm mount, it provides focused lighting for both indoor and outdoor applications in residential or commercial settings. With a clean, utilitarian profile, it pairs classic RLM styling with premium materials.",https://thecoppersmith.net/warranty-return/,China,0,1,1,,
IR17-SA17,"CopperSmith Islamorada RLM Light Outdoor Wall Sconce with 17"" Shade",,The CopperSmith,Islamorada RLM,"Sconces,RLM Lighting",,,Copper,"9.75""H x 17""W x 25.375""D",,843411126538,https://s3.us-west-2.amazonaws.com/catsy.962/_lg/4076157331/IR17-SA%28RA%29.jpg,348,696,766,FIN001,Y,,,,,,,,RLM,,Electric,,,25.375,,,5,2,E26,1,60,60,120,No,A,Yes,,Wet,,CSA,This product is compliant with California Title 20 requirements when sold and shipped with a light source. Any included lamping must meet California Title 20 standards.,This decorative fixture is not title 24 ja8 certified. Compliance may be achieved when installed with a customer-provided ja8-compliant light source.,WARNING: This product may expose you to chemicals including lead and other substances known to the State of California to cause cancer and k birth defects or other reproductive harm. For more information visit www.P65Warnings.ca.gov,IR17SA17,"Our Islamorada RLM lantern is handcrafted from solid copper by CopperSmith artisans, built to develop a rich patina and provide years of service. Featuring a 17 inch straight arm mount, it provides focused lighting for both indoor and outdoor applications in residential or commercial settings. With a clean, utilitarian profile, it pairs classic RLM styling with premium materials.",https://thecoppersmith.net/warranty-return/,China,0,1,1,,
J4F,CopperSmith Juniper 4-Sided Flush Mount Ceiling Fixture,,The CopperSmith,Juniper,Flush Mount,,,Copper,"6""H x 11.5""W x 11.5""D",,843411103287,https://s3.us-west-2.amazonaws.com/catsy.962/_lg/4075886464/J4F%28Center%29.jpg,165,330,363,FIN001,Y,,,,,,,,Flush Mount,,Electric,Brass,,,,,,,E26,1,60,60,120,No,A,Yes,,,,CSA,This product is compliant with California Title 20 requirements when sold and shipped with a light source. Any included lamping must meet California Title 20 standards.,This decorative fixture is not title 24 ja8 certified. Compliance may be achieved when installed with a customer-provided ja8-compliant light source.,WARNING: This product may expose you to chemicals including lead and other substances known to the State of California to cause cancer and k birth defects or other reproductive harm. For more information visit www.P65Warnings.ca.gov,J4F,"Our Juniper lantern is a solid copper flush ceiling light designed for covered porches, breezeways, verandas, and outdoor living spaces. Its low-profile ceiling installation provides reliable illumination while maintaining a refined architectural presence. Built for coastal durability, it performs beautifully in harsh environments.",https://thecoppersmith.net/warranty-return/,China,0,1,1,,
KL14-GN14,"CopperSmith Key Largo RLM Light Outdoor Wall Sconce with 14"" Shade",,The CopperSmith,Key Largo RLM,"Sconces,RLM Lighting",,,Copper,"12.75""H x 13.75""W x 23""D",3,843411115488,kl14-gn14.jpg,260,520,572,FIN001,Y,,,,,,,,RLM,,Electric,,,23,,,5,2,E26,1,60,60,120,No,A,Yes,,Wet,No,CSA,This product is compliant with California Title 20 requirements when sold and shipped with a light source. Any included lamping must meet California Title 20 standards.,This decorative fixture is not title 24 ja8 certified. Compliance may be achieved when installed with a customer-provided ja8-compliant light source.,WARNING: This product may expose you to chemicals including lead and other substances known to the State of California to cause cancer and k birth defects or other reproductive harm. For more information visit www.P65Warnings.ca.gov,KL14GN,"Our Key Largo lantern is handcrafted from solid copper by CopperSmith artisans, built to develop a rich patina and provide years of service. Featuring a gooseneck arm mount, it provides focused lighting for both indoor and outdoor applications in residential or commercial settings. With a clean, utilitarian profile, it pairs classic RLM styling with premium materials.",https://thecoppersmith.net/warranty-return/,China,0,1,1,,
KL14-SA14,"CopperSmith Key Largo RLM Light Outdoor Wall Sconce with 14"" Shade",,The CopperSmith,Key Largo RLM,"Sconces,RLM Lighting",,,Copper,"9.75""H x 13.75""W x 20.75""D",,843411126552,https://s3.us-west-2.amazonaws.com/catsy.962/_lg/4075886460/KL14SA14%28R%29.jpg,260,520,572,FIN001,Y,,,,,,,,RLM,,Electric,,,20.75,,,5,2,E26,1,60,60,120,No,A,Yes,,Wet,,CSA,This product is compliant with California Title 20 requirements when sold and shipped with a light source. Any included lamping must meet California Title 20 standards.,This decorative fixture is not title 24 ja8 certified. Compliance may be achieved when installed with a customer-provided ja8-compliant light source.,WARNING: This product may expose you to chemicals including lead and other substances known to the State of California to cause cancer and k birth defects or other reproductive harm. For more information visit www.P65Warnings.ca.gov,KL14SA14,"Our Key Largo RLM lantern is handcrafted from solid copper by CopperSmith artisans, built to develop a rich patina and provide years of service. Featuring a 14 inch straight arm mount, it provides focused lighting for both indoor and outdoor applications in residential or commercial settings. With a clean, utilitarian profile, it pairs classic RLM styling with premium materials.",https://thecoppersmith.net/warranty-return/,China,0,1,1,,
KL17-GN17,"CopperSmith Key Largo RLM Light Outdoor Wall Sconce with 17"" Shade",,The CopperSmith,Key Largo RLM,"Sconces,RLM Lighting",,,Copper,"16""H x 17 1/4""W x 29""D",3,843411115518,https://s3.us-west-2.amazonaws.com/catsy.962/_lg/4075886458/KL17GN.jpg,348,696,766,FIN001,Y,,,,,,,,RLM,,Electric,,,29,,,5,2,E26,1,60,60,120,No,A,Yes,,Wet,No,CSA,This product is compliant with California Title 20 requirements when sold and shipped with a light source. Any included lamping must meet California Title 20 standards.,This decorative fixture is not title 24 ja8 certified. Compliance may be achieved when installed with a customer-provided ja8-compliant light source.,WARNING: This product may expose you to chemicals including lead and other substances known to the State of California to cause cancer and k birth defects or other reproductive harm. For more information visit www.P65Warnings.ca.gov,KL17GN,"Our Key Largo lantern is handcrafted from solid copper by CopperSmith artisans, built to develop a rich patina and provide years of service. Featuring a gooseneck arm mount, it provides focused lighting for both indoor and outdoor applications in residential or commercial settings. With a clean, utilitarian profile, it pairs classic RLM styling with premium materials.",https://thecoppersmith.net/warranty-return/,China,0,1,1,,
KL17-SA17,"CopperSmith Key Largo RLM Light Outdoor Wall Sconce with 17"" Shade",,The CopperSmith,Key Largo RLM,"Sconces,RLM Lighting",,,Copper,"11.5""H x 17.25""W x 25.5""D",,843411126569,https://s3.us-west-2.amazonaws.com/catsy.962/_lg/4075886457/KL17SA.jpg,348,696,766,FIN001,Y,,,,,,,,RLM,,Electric,,,25.5,,,5,2,E26,1,60,60,120,No,A,Yes,,Wet,,CSA,This product is compliant with California Title 20 requirements when sold and shipped with a light source. Any included lamping must meet California Title 20 standards.,This decorative fixture is not title 24 ja8 certified. Compliance may be achieved when installed with a customer-provided ja8-compliant light source.,WARNING: This product may expose you to chemicals including lead and other substances known to the State of California to cause cancer and k birth defects or other reproductive harm. For more information visit www.P65Warnings.ca.gov,KL17SA17,"Our Key Largo RLM lantern is handcrafted from solid copper by CopperSmith artisans, built to develop a rich patina and provide years of service. Featuring a 17 inch straight arm mount, it provides focused lighting for both indoor and outdoor applications in residential or commercial settings. With a clean, utilitarian profile, it pairs classic RLM styling with premium materials.",https://thecoppersmith.net/warranty-return/,China,0,1,1,,
KW14-GN14,"CopperSmith Key West RLM Light Outdoor Wall Sconce with 14"" Shade",,The CopperSmith,Key West RLM,"Sconces,RLM Lighting",,,Copper,"12""H x 14""W x 20.5""D",,843411126583,kw14-gn14.jpg,260,520,572,FIN001,Y,,,,,,,,RLM,,Electric,,,20.5,,,5,2,E26,1,60,60,120,No,A,Yes,,Wet,No,CSA,This product is compliant with California Title 20 requirements when sold and shipped with a light source. Any included lamping must meet California Title 20 standards.,This decorative fixture is not title 24 ja8 certified. Compliance may be achieved when installed with a customer-provided ja8-compliant light source.,WARNING: This product may expose you to chemicals including lead and other substances known to the State of California to cause cancer and k birth defects or other reproductive harm. For more information visit www.P65Warnings.ca.gov,KW14GN,"Our Key West RLM lantern is handcrafted from solid copper by CopperSmith artisans, built to develop a rich patina and provide years of service. Featuring a gooseneck arm mount, it provides focused lighting for both indoor and outdoor applications in residential or commercial settings. With a clean, utilitarian profile, it pairs classic RLM styling with premium materials.",https://thecoppersmith.net/warranty-return/,China,0,1,1,,
KW14-SA14,"CopperSmith Key West RLM Light Outdoor Wall Sconce with 14"" Shade",,The CopperSmith,Key West RLM,"Sconces,RLM Lighting",,,Copper,"9.37""H x 14""W x 20.875""D",,843411126590,https://s3.us-west-2.amazonaws.com/catsy.962/_lg/4076157288/KW14-SA.jpg,260,520,572,FIN001,Y,,,,,,,,RLM,,Electric,,,20.875,,,5,2,E26,1,60,60,120,No,A,Yes,,Wet,,CSA,This product is compliant with California Title 20 requirements when sold and shipped with a light source. Any included lamping must meet California Title 20 standards.,This decorative fixture is not title 24 ja8 certified. Compliance may be achieved when installed with a customer-provided ja8-compliant light source.,WARNING: This product may expose you to chemicals including lead and other substances known to the State of California to cause cancer and k birth defects or other reproductive harm. For more information visit www.P65Warnings.ca.gov,KW14SA14,"Our Key West RLM lantern is handcrafted from solid copper by CopperSmith artisans, built to develop a rich patina and provide years of service. Featuring a 14 inch straight arm mount, it provides focused lighting for both indoor and outdoor applications in residential or commercial settings. With a clean, utilitarian profile, it pairs classic RLM styling with premium materials.",https://thecoppersmith.net/warranty-return/,China,0,1,1,,
KW17-GN17,"CopperSmith Key West RLM Light Outdoor Wall Sconce with 17"" Shade",,The CopperSmith,Key West RLM,"Sconces,RLM Lighting",,,Copper,"15""H x 17""W x 26""D",,843411126620,kw17-gn17.jpg,419,838,922,FIN001,Y,,,,,,,,RLM,,Electric,,,26,,,5,2,E26,1,60,60,120,No,A,Yes,,Wet,No,CSA,This product is compliant with California Title 20 requirements when sold and shipped with a light source. Any included lamping must meet California Title 20 standards.,This decorative fixture is not title 24 ja8 certified. Compliance may be achieved when installed with a customer-provided ja8-compliant light source.,WARNING: This product may expose you to chemicals including lead and other substances known to the State of California to cause cancer and k birth defects or other reproductive harm. For more information visit www.P65Warnings.ca.gov,KW17GN,"Our Key West RLM lantern is handcrafted from solid copper by CopperSmith artisans, built to develop a rich patina and provide years of service. Featuring a gooseneck arm mount, it provides focused lighting for both indoor and outdoor applications in residential or commercial settings. With a clean, utilitarian profile, it pairs classic RLM styling with premium materials.",https://thecoppersmith.net/warranty-return/,China,0,1,1,,
KW17-SA17,"CopperSmith Key West RLM Light Outdoor Wall Sconce with 17"" Shade",,The CopperSmith,Key West RLM,"Sconces,RLM Lighting",,,Copper,"10.75""H x 17""W x 25.375""D",,843411126637,https://s3.us-west-2.amazonaws.com/catsy.962/_lg/4076157290/KW17-SA%28RA%29.jpg,419,838,922,FIN001,Y,,,,,,,,RLM,,Electric,,,25.375,,,5,2,E26,1,60,60,120,No,A,Yes,,Wet,,CSA,This product is compliant with California Title 20 requirements when sold and shipped with a light source. Any included lamping must meet California Title 20 standards.,This decorative fixture is not title 24 ja8 certified. Compliance may be achieved when installed with a customer-provided ja8-compliant light source.,WARNING: This product may expose you to chemicals including lead and other substances known to the State of California to cause cancer and k birth defects or other reproductive harm. For more information visit www.P65Warnings.ca.gov,KW17SA17,"Our Key West RLM lantern is handcrafted from solid copper by CopperSmith artisans, built to develop a rich patina and provide years of service. Featuring a 17 inch straight arm mount, it provides focused lighting for both indoor and outdoor applications in residential or commercial settings. With a clean, utilitarian profile, it pairs classic RLM styling with premium materials.",https://thecoppersmith.net/warranty-return/,China,0,1,1,,
MO23E,CopperSmith Moneo 23 Electric Lantern Wall Sconce,,The CopperSmith,Moneo,Electric Lanterns,,"ADS,CSHI,HSI1,HSI2,703001,703002",Copper,"23.25""H x 10.5""W x 10.5""D",18,843411102457,https://s3.us-west-2.amazonaws.com/catsy.962/_lg/4075886448/MO23E.jpg,423,846,931,FIN001,Y,WM013,WA033,CM127,PP030,,ELE005,,Contemporary,,Electric,Brass,Tempered Glass,12.75,6,10.25,5.125,2,E12,2,60,120,120,No,B,Yes,,Wet,No,CSA,This product is compliant with California Title 20 requirements when sold and shipped with a light source. Any included lamping must meet California Title 20 standards.,This decorative fixture is not title 24 ja8 certified. Compliance may be achieved when installed with a customer-provided ja8-compliant light source.,WARNING: This product may expose you to chemicals including lead and other substances known to the State of California to cause cancer and k birth defects or other reproductive harm. For more information visit www.P65Warnings.ca.gov,MO23E,"Our Moneo lantern is crafted as a wall-mounted lantern, built from solid copper and designed to age gracefully with a natural patina. It provides electric illumination for everyday exterior use and can also be configured with yoke mount, post mount, pier mount to suit a wide range of architectural applications.",https://thecoppersmith.net/warranty-return/,China,0,1,1,,
MO23G,CopperSmith Moneo 23 Gas Lantern Wall Sconce,,The CopperSmith,Moneo,Gas Lanterns,,"WGS,GLC,ADS",Copper,"23.25""H x 10.5""W x 10.5""D",18,843411102440,https://s3.us-west-2.amazonaws.com/catsy.962/_lg/4075886450/MO23G.jpg,423,846,931,FIN001,Y,WM013,WA033,CM127,PP030,,ELE001,GAS001,Contemporary,,Gas,Brass,Tempered Glass,12.75,6,10.25,,,,,,,,,,Yes,Configuration Available,Wet,No,CSA,This product is compliant with California Title 20 requirements when sold and shipped with a light source. Any included lamping must meet California Title 20 standards.,This decorative fixture is not title 24 ja8 certified. Compliance may be achieved when installed with a customer-provided ja8-compliant light source.,WARNING: This product may expose you to chemicals including lead and other substances known to the State of California to cause cancer and k birth defects or other reproductive harm. For more information visit www.P65Warnings.ca.gov,MO23G,"Our Moneo lantern is crafted as a wall-mounted lantern, built from solid copper and designed to age gracefully with a natural patina. It provides natural gas or propane for everyday exterior use and can also be configured with yoke mount, post mount, pier mount to suit a wide range of architectural applications.",https://thecoppersmith.net/warranty-return/,China,0,1,1,,
MO27E,CopperSmith Moneo 27 Electric Lantern Wall Sconce,,The CopperSmith,Moneo,Electric Lanterns,,"ADS,CSHI,HSI1,HSI2,703001,703002",Copper,"27.25""H x 10.5""W x 10.5""D",21,843411124008,https://s3.us-west-2.amazonaws.com/catsy.962/_lg/4075886449/MO27E.jpg,477,954,1049,FIN001,Y,WM013,WA033,CM128,PP030,,ELE005,,Contemporary,,Electric,Brass,Tempered Glass,12.75,6,15,5.125,2,E12,2,60,120,120,No,B,Yes,Configuration Available,Wet,No,CSA,This product is compliant with California Title 20 requirements when sold and shipped with a light source. Any included lamping must meet California Title 20 standards.,This decorative fixture is not title 24 ja8 certified. Compliance may be achieved when installed with a customer-provided ja8-compliant light source.,WARNING: This product may expose you to chemicals including lead and other substances known to the State of California to cause cancer and k birth defects or other reproductive harm. For more information visit www.P65Warnings.ca.gov,MO27E,"Our Moneo lantern is crafted as a wall-mounted lantern, built from solid copper and designed to age gracefully with a natural patina. It provides electric illumination for everyday exterior use and can also be configured with yoke mount, post mount, pier mount to suit a wide range of architectural applications.",https://thecoppersmith.net/warranty-return/,China,0,1,1,,
MO27G,CopperSmith Moneo 27 Gas Lantern Wall Sconce,,The CopperSmith,Moneo,Gas Lanterns,,"WGS,GLC,ADS",Copper,"27.25""H x 10.5""W x 10.5""D",21,843411124015,https://s3.us-west-2.amazonaws.com/catsy.962/_lg/4076157925/MO27G.jpg,477,954,1049,FIN001,Y,WM013,WA033,CM128,PP030,,ELE001,GAS001,Contemporary,,Gas,Brass,Tempered Glass,12.75,6,15,,,,,,,,,,Yes,Configuration Available,Wet,No,CSA,This product is compliant with California Title 20 requirements when sold and shipped with a light source. Any included lamping must meet California Title 20 standards.,This decorative fixture is not title 24 ja8 certified. Compliance may be achieved when installed with a customer-provided ja8-compliant light source.,WARNING: This product may expose you to chemicals including lead and other substances known to the State of California to cause cancer and k birth defects or other reproductive harm. For more information visit www.P65Warnings.ca.gov,MO27G,"Our Moneo lantern is crafted as a wall-mounted lantern, built from solid copper and designed to age gracefully with a natural patina. It provides natural gas or propane for everyday exterior use and can also be configured with post mount, pier mount to suit a wide range of architectural applications.",https://thecoppersmith.net/warranty-return/,China,0,1,1,,
MO29E,CopperSmith Moneo 29 Electric Lantern Wall Sconce,,The CopperSmith,Moneo,Electric Lanterns,,"ADS,CSHI,HSI1,HSI2,703001,703002",Copper,"29.5""H x 13""W x 13""D",29,843411102518,https://s3.us-west-2.amazonaws.com/catsy.962/_lg/4075886447/MO29E.jpg,544,1088,1197,FIN001,Y,WM013,WA034,CM090,PP031,,ELE005,,Contemporary,,Electric,Brass,Tempered Glass,16.25,6,15,5.125,2,E12,3,60,180,120,No,B,Yes,Configuration Available,Wet,No,CSA,This product is compliant with California Title 20 requirements when sold and shipped with a light source. Any included lamping must meet California Title 20 standards.,This decorative fixture is not title 24 ja8 certified. Compliance may be achieved when installed with a customer-provided ja8-compliant light source.,WARNING: This product may expose you to chemicals including lead and other substances known to the State of California to cause cancer and k birth defects or other reproductive harm. For more information visit www.P65Warnings.ca.gov,MO29E,"Our Moneo lantern is crafted as a wall-mounted lantern, built from solid copper and designed to age gracefully with a natural patina. It provides electric illumination for everyday exterior use and can also be configured with post mount, pier mount to suit a wide range of architectural applications.",https://thecoppersmith.net/warranty-return/,China,0,1,1,,
MO29G,CopperSmith Moneo 29 Gas Lantern Wall Sconce,,The CopperSmith,Moneo,Gas Lanterns,,"WGL,GLC,ADS",Copper,"29.5""H x 13""W x 13""D",29,843411102501,https://s3.us-west-2.amazonaws.com/catsy.962/_lg/4075886442/MO29G.jpg,544,1088,1197,FIN001,Y,WM013,WA034,CM090,PP031,,ELE001,GAS002,Contemporary,,Gas,Brass,Tempered Glass,16.25,6,15,,,,,,,,,,Yes,Configuration Available,Wet,No,CSA,This product is compliant with California Title 20 requirements when sold and shipped with a light source. Any included lamping must meet California Title 20 standards.,This decorative fixture is not title 24 ja8 certified. Compliance may be achieved when installed with a customer-provided ja8-compliant light source.,WARNING: This product may expose you to chemicals including lead and other substances known to the State of California to cause cancer and k birth defects or other reproductive harm. For more information visit www.P65Warnings.ca.gov,MO29G,"Our Moneo lantern is crafted as a wall-mounted lantern, built from solid copper and designed to age gracefully with a natural patina. It provides natural gas or propane for everyday exterior use and can also be configured with post mount, pier mount to suit a wide range of architectural applications.",https://thecoppersmith.net/warranty-return/,China,0,1,1,,
MS16E,CopperSmith Market Street 16 Electric Lantern Wall Sconce,,The CopperSmith,Market Street,Electric Lanterns,,"ADS,CSHI,HSI1,HSI2,TLA,703001,703002",Copper,"16""H x 9.25""W x 9.25""D",11,843411102365,https://s3.us-west-2.amazonaws.com/catsy.962/_lg/4076157352/MS16E.jpg,282,564,620,FIN001,Y,WM017,WA035,CM091,PP017,DEC027,ELE002,,English,,Electric,Brass,Tempered Glass,11,6,5,5,2,E12,2,60,120,120,No,B,Yes,Configuration Available,Wet,No,CSA,This product is compliant with California Title 20 requirements when sold and shipped with a light source. Any included lamping must meet California Title 20 standards.,This decorative fixture is not title 24 ja8 certified. Compliance may be achieved when installed with a customer-provided ja8-compliant light source.,WARNING: This product may expose you to chemicals including lead and other substances known to the State of California to cause cancer and k birth defects or other reproductive harm. For more information visit www.P65Warnings.ca.gov,MS16E,"Our Market Street lantern is crafted as a wall-mounted lantern, built from solid copper and designed to age gracefully with a natural patina. It provides electric illumination for everyday exterior use and can also be configured with yoke mount, gooseneck mount, ceiling mount, post mount, pier mount to suit a wide range of architectural applications.",https://thecoppersmith.net/warranty-return/,China,0,1,1,,
MS16G,CopperSmith Market Street 16 Gas Lantern Wall Sconce,,The CopperSmith,Market Street,Gas Lanterns,,"WGS,GLC,ADS,TLA",Copper,"16""H x 9.25""W x 9.25""D",11,843411102358,https://s3.us-west-2.amazonaws.com/catsy.962/_lg/4076157902/MS16G.jpg,282,564,620,FIN001,Y,WM017,WA035,CM092,PP017,DEC027,ELE003,GAS001,English,,Gas,Brass,Tempered Glass,11,6,5,,,,,,,,,,Yes,Configuration Available,Wet,No,CSA,This product is compliant with California Title 20 requirements when sold and shipped with a light source. Any included lamping must meet California Title 20 standards.,This decorative fixture is not title 24 ja8 certified. Compliance may be achieved when installed with a customer-provided ja8-compliant light source.,WARNING: This product may expose you to chemicals including lead and other substances known to the State of California to cause cancer and k birth defects or other reproductive harm. For more information visit www.P65Warnings.ca.gov,MS16G,"Our Market Street lantern is crafted as a wall-mounted lantern, built from solid copper and designed to age gracefully with a natural patina. It provides natural gas or propane for everyday exterior use and can also be configured with yoke mount, gooseneck mount, post mount, pier mount to suit a wide range of architectural applications.",https://thecoppersmith.net/warranty-return/,China,0,1,1,,
MS19E,CopperSmith Market Street 19 Electric Lantern Wall Sconce,,The CopperSmith,Market Street,Electric Lanterns,,"ADS,CSHI,HSI1,HSI2,TLA,703001,703002",Copper,"18.75""H x 10""W x 10""D",12,843411102396,https://s3.us-west-2.amazonaws.com/catsy.962/_lg/4075886445/MS19E.jpg,298,596,656,FIN001,Y,WM017,WA036,CM093,PP017,DEC028,ELE002,,English,,Electric,Brass,Tempered Glass,11.75,6,5,5,2,E12,2,60,120,120,No,B,Yes,Configuration Available,Wet,No,CSA,This product is compliant with California Title 20 requirements when sold and shipped with a light source. Any included lamping must meet California Title 20 standards.,This decorative fixture is not title 24 ja8 certified. Compliance may be achieved when installed with a customer-provided ja8-compliant light source.,WARNING: This product may expose you to chemicals including lead and other substances known to the State of California to cause cancer and k birth defects or other reproductive harm. For more information visit www.P65Warnings.ca.gov,MS19E,"Our Market Street lantern is crafted as a wall-mounted lantern, built from solid copper and designed to age gracefully with a natural patina. It provides electric illumination for everyday exterior use and can also be configured with yoke mount, gooseneck mount, ceiling mount, post mount, pier mount to suit a wide range of architectural applications.",https://thecoppersmith.net/warranty-return/,China,0,1,1,,
MS19G,CopperSmith Market Street 19 Gas Lantern Wall Sconce,,The CopperSmith,Market Street,Gas Lanterns,,"WGS,GLC,ADS,TLA",Copper,"18.75""H x 10""W x 10""D",12,843411102389,https://s3.us-west-2.amazonaws.com/catsy.962/_lg/4076157903/MS19G.jpg,298,596,656,FIN001,Y,WM017,WA036,CM028,PP017,DEC028,ELE003,GAS001,English,,Gas,Brass,Tempered Glass,11.75,6,5,,,,,,,,,,Yes,Configuration Available,Wet,No,CSA,This product is compliant with California Title 20 requirements when sold and shipped with a light source. Any included lamping must meet California Title 20 standards.,This decorative fixture is not title 24 ja8 certified. Compliance may be achieved when installed with a customer-provided ja8-compliant light source.,WARNING: This product may expose you to chemicals including lead and other substances known to the State of California to cause cancer and k birth defects or other reproductive harm. For more information visit www.P65Warnings.ca.gov,MS19G,"Our Market Street lantern is crafted as a wall-mounted lantern, built from solid copper and designed to age gracefully with a natural patina. It provides natural gas or propane for everyday exterior use and can also be configured with yoke mount, gooseneck mount, post mount, pier mount to suit a wide range of architectural applications.",https://thecoppersmith.net/warranty-return/,China,0,1,1,,
MS21E,CopperSmith Market Street 21 Electric Lantern Wall Sconce,,The CopperSmith,Market Street,Electric Lanterns,,"ADS,CSHI,HSI1,HSI2,TLA,703001,703002",Copper,"21.25""H x 12""W x 12""D",18,843411102426,https://s3.us-west-2.amazonaws.com/catsy.962/_lg/4076157904/MS21E.jpg,396,792,871,FIN001,Y,WM019,WA037,CM094,PP017,DEC029,ELE002,,English,,Electric,Brass,Tempered Glass,13.75,6,5,5,2,E12,3,60,180,120,No,B,Yes,Configuration Available,Wet,No,CSA,This product is compliant with California Title 20 requirements when sold and shipped with a light source. Any included lamping must meet California Title 20 standards.,This decorative fixture is not title 24 ja8 certified. Compliance may be achieved when installed with a customer-provided ja8-compliant light source.,WARNING: This product may expose you to chemicals including lead and other substances known to the State of California to cause cancer and k birth defects or other reproductive harm. For more information visit www.P65Warnings.ca.gov,MS21E,"Our Market Street lantern is crafted as a wall-mounted lantern, built from solid copper and designed to age gracefully with a natural patina. It provides electric illumination for everyday exterior use and can also be configured with yoke mount, ceiling mount, post mount, pier mount to suit a wide range of architectural applications.",https://thecoppersmith.net/warranty-return/,China,0,1,1,,
MS21G,CopperSmith Market Street 21 Gas Lantern Wall Sconce,,The CopperSmith,Market Street,Gas Lanterns,,"WGL,GLC,ADS,TLA",Copper,"21.25""H x 12""W x 12""D",17,843411102419,https://s3.us-west-2.amazonaws.com/catsy.962/_lg/4076157905/MS21G.jpg,396,792,871,FIN001,Y,WM019,WA037,CM083,PP017,DEC029,ELE003,GAS002,English,,Gas,Brass,Tempered Glass,13.75,6,5,,,,,,,,,,Yes,Configuration Available,Wet,No,CSA,This product is compliant with California Title 20 requirements when sold and shipped with a light source. Any included lamping must meet California Title 20 standards.,This decorative fixture is not title 24 ja8 certified. Compliance may be achieved when installed with a customer-provided ja8-compliant light source.,WARNING: This product may expose you to chemicals including lead and other substances known to the State of California to cause cancer and k birth defects or other reproductive harm. For more information visit www.P65Warnings.ca.gov,MS21G,"Our Market Street lantern is crafted as a wall-mounted lantern, built from solid copper and designed to age gracefully with a natural patina. It provides natural gas or propane for everyday exterior use and can also be configured with yoke mount, post mount, pier mount to suit a wide range of architectural applications.",https://thecoppersmith.net/warranty-return/,China,0,1,1,,
MS30E,CopperSmith Market Street 30 Electric Lantern Wall Sconce,,The CopperSmith,Market Street,Electric Lanterns,,"ADS,CSHI,HSI1,HSI2,TLA,703001,703002",Copper,"30""H x 12""W x 12""D",24,843411115280,https://s3.us-west-2.amazonaws.com/catsy.962/_lg/4076157906/MS30E.jpg,707,1414,1555,FIN001,Y,WM012,WA038,CM094,PP021,DEC030,ELE002,,English,,Electric,Brass,Tempered Glass,13.75,6,5,5,2,E12,3,60,180,120,No,B,Yes,Configuration Available,Wet,No,CSA,This product is compliant with California Title 20 requirements when sold and shipped with a light source. Any included lamping must meet California Title 20 standards.,This decorative fixture is not title 24 ja8 certified. Compliance may be achieved when installed with a customer-provided ja8-compliant light source.,WARNING: This product may expose you to chemicals including lead and other substances known to the State of California to cause cancer and k birth defects or other reproductive harm. For more information visit www.P65Warnings.ca.gov,MS30E,"Our Market Street lantern is crafted as a wall-mounted lantern, built from solid copper and designed to age gracefully with a natural patina. It provides electric illumination for everyday exterior use and can also be configured with yoke mount, ceiling mount, post mount, pier mount to suit a wide range of architectural applications.",https://thecoppersmith.net/warranty-return/,China,0,1,1,,
MS30G,CopperSmith Market Street 30 Gas Lantern Wall Sconce,,The CopperSmith,Market Street,Gas Lanterns,,"WGL,GLC,ADS,TLA",Copper,"30""H x 12""W x 12""D",24,843411115273,https://s3.us-west-2.amazonaws.com/catsy.962/_lg/4075886436/MS30G.jpg,707,1414,1555,FIN001,Y,WM012,WA038,CM083,PP021,DEC030,ELE003,GAS002,English,,Gas,Brass,Tempered Glass,13.75,6,5,,,,,,,,,,Yes,Configuration Available,Wet,No,CSA,This product is compliant with California Title 20 requirements when sold and shipped with a light source. Any included lamping must meet California Title 20 standards.,This decorative fixture is not title 24 ja8 certified. Compliance may be achieved when installed with a customer-provided ja8-compliant light source.,WARNING: This product may expose you to chemicals including lead and other substances known to the State of California to cause cancer and k birth defects or other reproductive harm. For more information visit www.P65Warnings.ca.gov,MS30G,"Our Market Street lantern is crafted as a wall-mounted lantern, built from solid copper and designed to age gracefully with a natural patina. It provides natural gas or propane for everyday exterior use and can also be configured with yoke mount, post mount, pier mount to suit a wide range of architectural applications.",https://thecoppersmith.net/warranty-return/,China,0,1,1,,
MV19E,CopperSmith Mount Vernon 19 Electric Lantern Wall Sconce,,The CopperSmith,Mount Vernon,Electric Lanterns,,"ADS,CSHI,HSI1,HSI2,TLA,703001,703002",Copper,"19.5""H x 13.75""W x 13.75""D",,843411102457,https://s3.us-west-2.amazonaws.com/catsy.962/_lg/4076157926/MV19E.jpg,270,540,594,FIN001,Y,WM015,WA039,CM070,PP019,DEC025,ELE002,,Traditional,,Electric,Brass,Tempered Glass,13.75,6,5,5,2,E12,2,60,120,120,No,B,Yes,Configuration Available,Wet,,CSA,This product is compliant with California Title 20 requirements when sold and shipped with a light source. Any included lamping must meet California Title 20 standards.,This decorative fixture is not title 24 ja8 certified. Compliance may be achieved when installed with a customer-provided ja8-compliant light source.,WARNING: This product may expose you to chemicals including lead and other substances known to the State of California to cause cancer and k birth defects or other reproductive harm. For more information visit www.P65Warnings.ca.gov,MV19E,"Our Mount Vernon lantern is crafted as a wall-mounted lantern, built from solid copper and designed to age gracefully with a natural patina. It provides electric illumination for everyday exterior use and can also be configured with yoke mount, gooseneck mount, ceiling mount, post mount, pier mount to suit a wide range of architectural applications.",https://thecoppersmith.net/warranty-return/,China,0,1,1,,
MV19G,CopperSmith Mount Vernon 19 Gas Lantern Wall Sconce,,The CopperSmith,Mount Vernon,Gas Lanterns,,"WGS,GLC,ADS,TLA",Copper,"19.5""H x 13.75""W x 13.75""D",,843411102440,https://s3.us-west-2.amazonaws.com/catsy.962/_lg/4075886440/MV19G.jpg,270,540,594,FIN001,Y,WM015,WA039,CM071,PP019,DEC025,ELE003,GAS001,Traditional,,Gas,Brass,Tempered Glass,13.75,6,5,,,,,,,,,,Yes,Configuration Available,Wet,,CSA,This product is compliant with California Title 20 requirements when sold and shipped with a light source. Any included lamping must meet California Title 20 standards.,This decorative fixture is not title 24 ja8 certified. Compliance may be achieved when installed with a customer-provided ja8-compliant light source.,WARNING: This product may expose you to chemicals including lead and other substances known to the State of California to cause cancer and k birth defects or other reproductive harm. For more information visit www.P65Warnings.ca.gov,MV19G,"Our Mount Vernon lantern is crafted as a wall-mounted lantern, built from solid copper and designed to age gracefully with a natural patina. It provides natural gas or propane for everyday exterior use and can also be configured with yoke mount, gooseneck mount, post mount, pier mount to suit a wide range of architectural applications.",https://thecoppersmith.net/warranty-return/,China,0,1,1,,
MV25E,CopperSmith Mount Vernon 25 Electric Lantern Wall Sconce,,The CopperSmith,Mount Vernon,Electric Lanterns,,"ADS,CSHI,HSI1,HSI2,TLA,703001,703002",Copper,"25""H x 16""W x 15.75""D",,843411102488,https://s3.us-west-2.amazonaws.com/catsy.962/_lg/4076157927/MV25E.jpg,428,856,942,FIN001,Y,WM015,WA040,CM046,PP019,DEC031,ELE002,,Traditional,,Electric,Brass,Tempered Glass,15.75,6,5,5,2,E12,2,60,120,120,No,B,Yes,Configuration Available,Wet,,CSA,This product is compliant with California Title 20 requirements when sold and shipped with a light source. Any included lamping must meet California Title 20 standards.,This decorative fixture is not title 24 ja8 certified. Compliance may be achieved when installed with a customer-provided ja8-compliant light source.,WARNING: This product may expose you to chemicals including lead and other substances known to the State of California to cause cancer and k birth defects or other reproductive harm. For more information visit www.P65Warnings.ca.gov,MV25E,"Our Mount Vernon lantern is crafted as a wall-mounted lantern, built from solid copper and designed to age gracefully with a natural patina. It provides electric illumination for everyday exterior use and can also be configured with yoke mount, gooseneck mount, ceiling mount, post mount, pier mount to suit a wide range of architectural applications.",https://thecoppersmith.net/warranty-return/,China,0,1,1,,
MV25G,CopperSmith Mount Vernon 25 Gas Lantern Wall Sconce,,The CopperSmith,Mount Vernon,Gas Lanterns,,"WGS,GLC,ADS,TLA",Copper,"25""H x 16""W x 15.75""D",,843411102471,https://s3.us-west-2.amazonaws.com/catsy.962/_lg/4076157928/MV25G.jpg,428,856,942,FIN001,Y,WM015,WA040,CM047,PP019,DEC031,ELE003,GAS001,Traditional,,Gas,Brass,Tempered Glass,15.75,6,5,,,,,,,,,,Yes,Configuration Available,Wet,,CSA,This product is compliant with California Title 20 requirements when sold and shipped with a light source. Any included lamping must meet California Title 20 standards.,This decorative fixture is not title 24 ja8 certified. Compliance may be achieved when installed with a customer-provided ja8-compliant light source.,WARNING: This product may expose you to chemicals including lead and other substances known to the State of California to cause cancer and k birth defects or other reproductive harm. For more information visit www.P65Warnings.ca.gov,MV25G,"Our Mount Vernon lantern is crafted as a wall-mounted lantern, built from solid copper and designed to age gracefully with a natural patina. It provides natural gas or propane for everyday exterior use and can also be configured with yoke mount, gooseneck mount, post mount, pier mount to suit a wide range of architectural applications.",https://thecoppersmith.net/warranty-return/,China,0,1,1,,
MV30E,CopperSmith Mount Vernon 30 Electric Lantern Wall Sconce,,The CopperSmith,Mount Vernon,Electric Lanterns,,"ADS,CSHI,HSI1,HSI2,TLA,703001,703002",Copper,"30.5""H x 19""W x 18.5""D",,843411102518,https://s3.us-west-2.amazonaws.com/catsy.962/_lg/4075886433/MV30E.jpg,662,1324,1456,FIN001,Y,WM020,WA041,CM072,PP020,DEC026,ELE002,,Traditional,,Electric,Brass,Tempered Glass,18.5,6,5,5,2,E12,3,60,180,120,No,B,Yes,Configuration Available,Wet,,CSA,This product is compliant with California Title 20 requirements when sold and shipped with a light source. Any included lamping must meet California Title 20 standards.,This decorative fixture is not title 24 ja8 certified. Compliance may be achieved when installed with a customer-provided ja8-compliant light source.,WARNING: This product may expose you to chemicals including lead and other substances known to the State of California to cause cancer and k birth defects or other reproductive harm. For more information visit www.P65Warnings.ca.gov,MV30E,"Our Mount Vernon lantern is crafted as a wall-mounted lantern, built from solid copper and designed to age gracefully with a natural patina. It provides electric illumination for everyday exterior use and can also be configured with yoke mount, gooseneck mount, ceiling mount, post mount, pier mount to suit a wide range of architectural applications.",https://thecoppersmith.net/warranty-return/,China,0,1,1,,
MV30G,CopperSmith Mount Vernon 30 Gas Lantern Wall Sconce,,The CopperSmith,Mount Vernon,Gas Lanterns,,"WGL,GLC,ADS,TLA",Copper,"30.5""H x 19""W x 18.5""D",,843411102501,https://s3.us-west-2.amazonaws.com/catsy.962/_lg/4075886435/MV30G.jpg,662,1324,1456,FIN001,Y,WM020,WA041,CM049,PP020,DEC026,ELE003,GAS002,Traditional,,Gas,Brass,Tempered Glass,18.5,6,5,,,,,,,,,,Yes,Configuration Available,Wet,,CSA,This product is compliant with California Title 20 requirements when sold and shipped with a light source. Any included lamping must meet California Title 20 standards.,This decorative fixture is not title 24 ja8 certified. Compliance may be achieved when installed with a customer-provided ja8-compliant light source.,WARNING: This product may expose you to chemicals including lead and other substances known to the State of California to cause cancer and k birth defects or other reproductive harm. For more information visit www.P65Warnings.ca.gov,MV30G,"Our Mount Vernon lantern is crafted as a wall-mounted lantern, built from solid copper and designed to age gracefully with a natural patina. It provides natural gas or propane for everyday exterior use and can also be configured with yoke mount, gooseneck mount, post mount, pier mount to suit a wide range of architectural applications.",https://thecoppersmith.net/warranty-return/,China,0,1,1,,
NV29E,CopperSmith Navarette 29 Electric Lantern Wall Sconce,,The CopperSmith,Navarrete,Electric Lanterns,,"ADS,CSHI,HSI1,HSI2,703001,703002",Copper,"28.75""H x 10.5""W x 10.5""D",32,843411102457,https://s3.us-west-2.amazonaws.com/catsy.962/_lg/4075886431/NV29RE.jpg,665,1330,1463,FIN001,Y,,,,,DEC017,ELE005,,Contemporary,,Electric,Brass,Tempered Glass,14.75,6,10,,,E12,2,60,120,120,No,B,Yes,Configuration Available,Wet,No,CSA,This product is compliant with California Title 20 requirements when sold and shipped with a light source. Any included lamping must meet California Title 20 standards.,This decorative fixture is not title 24 ja8 certified. Compliance may be achieved when installed with a customer-provided ja8-compliant light source.,WARNING: This product may expose you to chemicals including lead and other substances known to the State of California to cause cancer and k birth defects or other reproductive harm. For more information visit www.P65Warnings.ca.gov,NV29E,"Our Navarrete lantern is crafted as a wall-mounted lantern, built from solid copper and designed to age gracefully with a natural patina. It provides electric illumination for everyday exterior use and complements both traditional and coastal architecture.",https://thecoppersmith.net/warranty-return/,China,0,1,1,,
NV29G,CopperSmith Navarette 29 Gas Lantern Wall Sconce,,The CopperSmith,Navarrete,Gas Lanterns,,"GLC,ADS",Copper,"28.75""H x 10.5""W x 10.5""D",32,843411102440,https://s3.us-west-2.amazonaws.com/catsy.962/_lg/4075886434/NV29G.jpg,665,1330,1463,FIN001,Y,,,,,DEC017,ELE001,GAS007,Contemporary,,Gas,Brass,Tempered Glass,14.75,6,10,,,,,,,,,,Yes,Configuration Available,Wet,No,CSA,This product is compliant with California Title 20 requirements when sold and shipped with a light source. Any included lamping must meet California Title 20 standards.,This decorative fixture is not title 24 ja8 certified. Compliance may be achieved when installed with a customer-provided ja8-compliant light source.,WARNING: This product may expose you to chemicals including lead and other substances known to the State of California to cause cancer and k birth defects or other reproductive harm. For more information visit www.P65Warnings.ca.gov,NV29G,"Our Navarrete lantern is crafted as a wall-mounted lantern, built from solid copper and designed to age gracefully with a natural patina. It provides natural gas or propane for everyday exterior use and complements both traditional and coastal architecture.",https://thecoppersmith.net/warranty-return/,China,0,1,1,,
NV35E,CopperSmith Navarette 35 Electric Lantern Wall Sconce,,The CopperSmith,Navarrete,Electric Lanterns,,"ADS,CSHI,HSI1,HSI2,703001,703002",Copper,"34.75""H x 10.5""W x 10.5""D",25,843411102488,https://s3.us-west-2.amazonaws.com/catsy.962/_lg/4075886432/NV35E.jpg,840,1680,1848,FIN001,Y,,,,,DEC017,ELE005,,Contemporary,,Electric,Brass,Tempered Glass,14.75,6,12,,,E12,2,60,120,120,No,B,Yes,Configuration Available,Wet,No,CSA,This product is compliant with California Title 20 requirements when sold and shipped with a light source. Any included lamping must meet California Title 20 standards.,This decorative fixture is not title 24 ja8 certified. Compliance may be achieved when installed with a customer-provided ja8-compliant light source.,WARNING: This product may expose you to chemicals including lead and other substances known to the State of California to cause cancer and k birth defects or other reproductive harm. For more information visit www.P65Warnings.ca.gov,NV35E,"Our Navarrete lantern is crafted as a wall-mounted lantern, built from solid copper and designed to age gracefully with a natural patina. It provides electric illumination for everyday exterior use and complements both traditional and coastal architecture.",https://thecoppersmith.net/warranty-return/,China,0,1,1,,
NV35G,CopperSmith Navarette 35 Gas Lantern Wall Sconce,,The CopperSmith,Navarrete,Gas Lanterns,,"GLC,ADS",Copper,"34.75""H x 10.5""W x 10.5""D",25,843411102471,https://s3.us-west-2.amazonaws.com/catsy.962/_lg/4075886427/NV35LG.jpg,840,1680,1848,FIN001,Y,,,,,DEC017,ELE001,GAS007,Contemporary,,Gas,Brass,Tempered Glass,14.75,6,12,,,,,,,,,,Yes,Configuration Available,Wet,No,CSA,This product is compliant with California Title 20 requirements when sold and shipped with a light source. Any included lamping must meet California Title 20 standards.,This decorative fixture is not title 24 ja8 certified. Compliance may be achieved when installed with a customer-provided ja8-compliant light source.,WARNING: This product may expose you to chemicals including lead and other substances known to the State of California to cause cancer and k birth defects or other reproductive harm. For more information visit www.P65Warnings.ca.gov,NV35G,"Our Navarrete lantern is crafted as a wall-mounted lantern, built from solid copper and designed to age gracefully with a natural patina. It provides natural gas or propane for everyday exterior use and complements both traditional and coastal architecture.",https://thecoppersmith.net/warranty-return/,China,0,1,1,,
NV40E,CopperSmith Navarette 40 Electric Lantern Wall Sconce,,The CopperSmith,Navarrete,Electric Lanterns,,"ADS,CSHI,HSI1,HSI2,703001,703002",Copper,"40""H x 13""W x 13""D",36,843411124084,https://s3.us-west-2.amazonaws.com/catsy.962/_lg/4075886426/NV40LE.jpg,1033,2066,2273,FIN001,Y,,,,,DEC017,ELE005,,Contemporary,,Electric,Brass,Tempered Glass,17,6,15,,,E12,3,60,180,120,No,B,Yes,Configuration Available,Wet,No,CSA,This product is compliant with California Title 20 requirements when sold and shipped with a light source. Any included lamping must meet California Title 20 standards.,This decorative fixture is not title 24 ja8 certified. Compliance may be achieved when installed with a customer-provided ja8-compliant light source.,WARNING: This product may expose you to chemicals including lead and other substances known to the State of California to cause cancer and k birth defects or other reproductive harm. For more information visit www.P65Warnings.ca.gov,NV40E,"Our Navarrete lantern is crafted as a wall-mounted lantern, built from solid copper and designed to age gracefully with a natural patina. It provides electric illumination for everyday exterior use and complements both traditional and coastal architecture.",https://thecoppersmith.net/warranty-return/,China,0,1,1,,
NV40G,CopperSmith Navarette 40 Gas Lantern Wall Sconce,,The CopperSmith,Navarrete,Gas Lanterns,,"GLC,ADS",Copper,"40""H x 13""W x 13""D",36,843411102501,https://s3.us-west-2.amazonaws.com/catsy.962/_lg/4075886428/NV40G.jpg,1033,2066,2273,FIN001,Y,,,,,DEC017,ELE001,GAS007,Contemporary,,Gas,Brass,Tempered Glass,17,6,15,,,,,,,,,,Yes,Configuration Available,Wet,No,CSA,This product is compliant with California Title 20 requirements when sold and shipped with a light source. Any included lamping must meet California Title 20 standards.,This decorative fixture is not title 24 ja8 certified. Compliance may be achieved when installed with a customer-provided ja8-compliant light source.,WARNING: This product may expose you to chemicals including lead and other substances known to the State of California to cause cancer and k birth defects or other reproductive harm. For more information visit www.P65Warnings.ca.gov,NV40G,"Our Navarrete lantern is crafted as a wall-mounted lantern, built from solid copper and designed to age gracefully with a natural patina. It provides natural gas or propane for everyday exterior use and complements both traditional and coastal architecture.",https://thecoppersmith.net/warranty-return/,China,0,1,1,,
OA20E,CopperSmith Oakley 20 Electric Lantern Wall Sconce,,The CopperSmith,Oakley,Electric Lanterns,,"ADS,CSHI,HSI1,HSI2,TLA,703001,703002",Copper,"20.5""H x 8.5""W x 8.5""D",11,843411102549,https://s3.us-west-2.amazonaws.com/catsy.962/_lg/4076157939/OA20E.jpg,267,534,587,FIN001,Y,WM017,WA042,CM095,PP017,DEC032,ELE002,,French,,Electric,Brass,Tempered Glass,10.5,6,5,5,2,E12,2,60,120,120,No,B,Yes,Configuration Available,Wet,No,CSA,This product is compliant with California Title 20 requirements when sold and shipped with a light source. Any included lamping must meet California Title 20 standards.,This decorative fixture is not title 24 ja8 certified. Compliance may be achieved when installed with a customer-provided ja8-compliant light source.,WARNING: This product may expose you to chemicals including lead and other substances known to the State of California to cause cancer and k birth defects or other reproductive harm. For more information visit www.P65Warnings.ca.gov,OA20E,"Our Oakley lantern is crafted as a wall-mounted lantern, built from solid copper and designed to age gracefully with a natural patina. It provides the classic ambiance of natural gas or propane illumination for everyday exterior use and can also be configured with yoke mount, gooseneck mount, ceiling mount, post mount, pier mount to suit a wide range of architectural applications.",https://thecoppersmith.net/warranty-return/,China,0,1,1,,
OA20G,CopperSmith Oakley 20 Gas Lantern Wall Sconce,,The CopperSmith,Oakley,Gas Lanterns,,"WGS,GLC,ADS,TLA",Copper,"20.5""H x 8.5""W x 8.5""D",11,843411102532,https://s3.us-west-2.amazonaws.com/catsy.962/_lg/4076157940/OA20G.jpg,267,534,587,FIN001,Y,WM017,WA042,CM096,PP017,DEC032,ELE003,GAS001,French,,Gas,Brass,Tempered Glass,10.5,6,5,,,,,,,,,,Yes,Configuration Available,Wet,No,CSA,This product is compliant with California Title 20 requirements when sold and shipped with a light source. Any included lamping must meet California Title 20 standards.,This decorative fixture is not title 24 ja8 certified. Compliance may be achieved when installed with a customer-provided ja8-compliant light source.,WARNING: This product may expose you to chemicals including lead and other substances known to the State of California to cause cancer and k birth defects or other reproductive harm. For more information visit www.P65Warnings.ca.gov,OA20G,"Our Oakley lantern is crafted as a wall-mounted lantern, built from solid copper and designed to age gracefully with a natural patina. It provides natural gas or propane for everyday exterior use and can also be configured with yoke mount, gooseneck mount, post mount, pier mount to suit a wide range of architectural applications.",https://thecoppersmith.net/warranty-return/,China,0,1,1,,
OA25E,CopperSmith Oakley 25 Electric Lantern Wall Sconce,,The CopperSmith,Oakley,Electric Lanterns,,"ADS,CSHI,HSI1,HSI2,TLA,703001,703002",Copper,"25.75""H x 10""W x 10""D",15,843411102570,https://s3.us-west-2.amazonaws.com/catsy.962/_lg/4075886429/OA25E.jpg,322,644,708,FIN001,Y,WM018,WA043,CM097,PP017,DEC033,ELE002,,French,,Electric,Brass,Tempered Glass,11.75,6,5,5,2,E12,2,60,120,120,No,B,Yes,Configuration Available,Wet,No,CSA,This product is compliant with California Title 20 requirements when sold and shipped with a light source. Any included lamping must meet California Title 20 standards.,This decorative fixture is not title 24 ja8 certified. Compliance may be achieved when installed with a customer-provided ja8-compliant light source.,WARNING: This product may expose you to chemicals including lead and other substances known to the State of California to cause cancer and k birth defects or other reproductive harm. For more information visit www.P65Warnings.ca.gov,OA25E,"Our Oakley lantern is crafted as a wall-mounted lantern, built from solid copper and designed to age gracefully with a natural patina. It provides electric illumination for everyday exterior use and can also be configured with yoke mount, gooseneck mount, ceiling mount, post mount, pier mount to suit a wide range of architectural applications.",https://thecoppersmith.net/warranty-return/,China,0,1,1,,
OA25G,CopperSmith Oakley 25 Gas Lantern Wall Sconce,,The CopperSmith,Oakley,Gas Lanterns,,"WGL,GLC,ADS,TLA",Copper,"25.75""H x 10""W x 10""D",14,843411102563,https://s3.us-west-2.amazonaws.com/catsy.962/_lg/4075886430/OA25G.jpg,322,644,708,FIN001,Y,WM018,WA043,CM098,PP017,DEC033,ELE003,GAS002,French,,Gas,Brass,Tempered Glass,11.75,6,5,,,,,,,,,,Yes,Configuration Available,Wet,No,CSA,This product is compliant with California Title 20 requirements when sold and shipped with a light source. Any included lamping must meet California Title 20 standards.,This decorative fixture is not title 24 ja8 certified. Compliance may be achieved when installed with a customer-provided ja8-compliant light source.,WARNING: This product may expose you to chemicals including lead and other substances known to the State of California to cause cancer and k birth defects or other reproductive harm. For more information visit www.P65Warnings.ca.gov,OA25G,"Our Oakley lantern is crafted as a wall-mounted lantern, built from solid copper and designed to age gracefully with a natural patina. It provides natural gas or propane for everyday exterior use and can also be configured with yoke mount, gooseneck mount, post mount, pier mount to suit a wide range of architectural applications.",https://thecoppersmith.net/warranty-return/,China,0,1,1,,
OA33E,CopperSmith Oakley 33 Electric Lantern Wall Sconce,,The CopperSmith,Oakley,Electric Lanterns,,"ADS,CSHI,HSI1,HSI2,TLA,703001,703002",Copper,"32.75""H x 12""W x 12""D",23,843411102600,https://s3.us-west-2.amazonaws.com/catsy.962/_lg/4076157941/OA33E.jpg,512,1024,1126,FIN001,Y,WM019,WA044,CM099,PP032,DEC034,ELE002,,French,,Electric,Brass,Tempered Glass,13.75,6,5,5,2,E12,3,60,180,120,No,B,Yes,Configuration Available,Wet,No,CSA,This product is compliant with California Title 20 requirements when sold and shipped with a light source. Any included lamping must meet California Title 20 standards.,This decorative fixture is not title 24 ja8 certified. Compliance may be achieved when installed with a customer-provided ja8-compliant light source.,WARNING: This product may expose you to chemicals including lead and other substances known to the State of California to cause cancer and k birth defects or other reproductive harm. For more information visit www.P65Warnings.ca.gov,OA33E,"Our Oakley lantern is crafted as a wall-mounted lantern, built from solid copper and designed to age gracefully with a natural patina. It provides electric illumination for everyday exterior use and can also be configured with yoke mount, ceiling mount, post mount, pier mount to suit a wide range of architectural applications.",https://thecoppersmith.net/warranty-return/,China,0,1,1,,
OA33G,CopperSmith Oakley 33 Gas Lantern Wall Sconce,,The CopperSmith,Oakley,Gas Lanterns,,"WGL,GLC,ADS,TLA",Copper,"32.75""H x 12""W x 12""D",22,843411102594,https://s3.us-west-2.amazonaws.com/catsy.962/_lg/4076157942/OA33G.jpg,512,1024,1126,FIN001,Y,WM019,WA044,CM100,PP032,DEC034,ELE003,GAS002,French,,Gas,Brass,Tempered Glass,13.75,6,5,,,,,,,,,,Yes,Configuration Available,Wet,No,CSA,This product is compliant with California Title 20 requirements when sold and shipped with a light source. Any included lamping must meet California Title 20 standards.,This decorative fixture is not title 24 ja8 certified. Compliance may be achieved when installed with a customer-provided ja8-compliant light source.,WARNING: This product may expose you to chemicals including lead and other substances known to the State of California to cause cancer and k birth defects or other reproductive harm. For more information visit www.P65Warnings.ca.gov,OA33G,"Our Oakley lantern is crafted as a wall-mounted lantern, built from solid copper and designed to age gracefully with a natural patina. It provides natural gas or propane for everyday exterior use and can also be configured with yoke mount, gooseneck mount, post mount, pier mount to suit a wide range of architectural applications.",https://thecoppersmith.net/warranty-return/,China,0,1,1,,
PC22E,CopperSmith Pinnacle 22 Electric Lantern Wall Sconce,,The CopperSmith,Pinnacle,Electric Lanterns,,"CSHI,HSI1,HSI2,703001,703002",Copper,"22.25""H x 8""W x 8""D",,843411124442,https://s3.us-west-2.amazonaws.com/catsy.962/_lg/4075886421/PC22E.jpg,432,864,950,FIN001,Y,WM029,,CM101,PP033,,ELE004,,Biltmore®,,Electric,Brass,Tempered Glass,10.625,6,12,6,2,E12,2,60,120,120,No,B,Yes,,Wet,No,CSA,This product is compliant with California Title 20 requirements when sold and shipped with a light source. Any included lamping must meet California Title 20 standards.,This decorative fixture is not title 24 ja8 certified. Compliance may be achieved when installed with a customer-provided ja8-compliant light source.,WARNING: This product may expose you to chemicals including lead and other substances known to the State of California to cause cancer and k birth defects or other reproductive harm. For more information visit www.P65Warnings.ca.gov,PC22E,"Our Pinnacle lantern is crafted as a wall-mounted lantern, built from solid copper and designed to age gracefully with a natural patina. It provides electric illumination for everyday exterior use and can also be configured with yoke mount, ceiling mount, post mount, pier mount to suit a wide range of architectural applications.",https://thecoppersmith.net/warranty-return/,China,0,1,1,,
PC22G,CopperSmith Pinnacle 22 Gas Lantern Wall Sconce,,The CopperSmith,Pinnacle,Gas Lanterns,,"WGS,GLC",Copper,"22.25""H x 8""W x 8""D",,843411124411,https://s3.us-west-2.amazonaws.com/catsy.962/_lg/4075886424/PC22G.jpg,432,864,950,FIN001,Y,WM029,,CM102,PP033,,,GAS001,Biltmore®,,Gas,Brass,Tempered Glass,10.625,6,12,,,,,,,,,,Yes,,Wet,No,CSA,This product is compliant with California Title 20 requirements when sold and shipped with a light source. Any included lamping must meet California Title 20 standards.,This decorative fixture is not title 24 ja8 certified. Compliance may be achieved when installed with a customer-provided ja8-compliant light source.,WARNING: This product may expose you to chemicals including lead and other substances known to the State of California to cause cancer and k birth defects or other reproductive harm. For more information visit www.P65Warnings.ca.gov,PC22G,"Our Pinnacle lantern is crafted as a wall-mounted lantern, built from solid copper and designed to age gracefully with a natural patina. It provides natural gas or propane for everyday exterior use and can also be configured with yoke mount, post mount, pier mount, ceiling mount to suit a wide range of architectural applications.",https://thecoppersmith.net/warranty-return/,China,0,1,1,,
PC30E,CopperSmith Pinnacle 30 Electric Lantern Wall Sconce,,The CopperSmith,Pinnacle,Electric Lanterns,,"CSHI,HSI1,HSI2,703001,703002",Copper,"30""H x 10.625""W x 10.625""D",,843411124534,https://s3.us-west-2.amazonaws.com/catsy.962/_lg/4075886425/PC30E.jpg,574,1148,1263,FIN001,Y,WM030,,CM103,PP034,,ELE004,,Biltmore®,,Electric,Brass,Tempered Glass,13.375,6,16,6,2,E12,2,60,120,120,No,B,Yes,,Wet,No,CSA,This product is compliant with California Title 20 requirements when sold and shipped with a light source. Any included lamping must meet California Title 20 standards.,This decorative fixture is not title 24 ja8 certified. Compliance may be achieved when installed with a customer-provided ja8-compliant light source.,WARNING: This product may expose you to chemicals including lead and other substances known to the State of California to cause cancer and k birth defects or other reproductive harm. For more information visit www.P65Warnings.ca.gov,PC30E,"Our Pinnacle lantern is crafted as a wall-mounted lantern, built from solid copper and designed to age gracefully with a natural patina. It provides electric illumination for everyday exterior use and can also be configured with yoke mount, ceiling mount, post mount, pier mount to suit a wide range of architectural applications.",https://thecoppersmith.net/warranty-return/,China,0,1,1,,
PC30G,CopperSmith Pinnacle 30 Gas Lantern Wall Sconce,,The CopperSmith,Pinnacle,Gas Lanterns,,"WGL,GLC",Copper,"30""H x 10.625""W x 10.625""D",,843411124503,https://s3.us-west-2.amazonaws.com/catsy.962/_lg/4075886423/PC30G.jpg,574,1148,1263,FIN001,Y,WM030,,CM104,PP034,,,GAS002,Biltmore®,,Gas,Brass,Tempered Glass,13.375,6,16,,,,,,,,,,Yes,,Wet,No,CSA,This product is compliant with California Title 20 requirements when sold and shipped with a light source. Any included lamping must meet California Title 20 standards.,This decorative fixture is not title 24 ja8 certified. Compliance may be achieved when installed with a customer-provided ja8-compliant light source.,WARNING: This product may expose you to chemicals including lead and other substances known to the State of California to cause cancer and k birth defects or other reproductive harm. For more information visit www.P65Warnings.ca.gov,PC30G,"Our Pinnacle lantern is crafted as a wall-mounted lantern, built from solid copper and designed to age gracefully with a natural patina. It provides natural gas or propane for everyday exterior use and can also be configured with yoke mount, post mount, pier mount, ceiling mount to suit a wide range of architectural applications.",https://thecoppersmith.net/warranty-return/,China,0,1,1,,
PC36E,CopperSmith Pinnacle 36 Electric Lantern Wall Sconce,,The CopperSmith,Pinnacle,Electric Lanterns,,"CSHI,HSI1,HSI2,703001,703002",Copper,"36.75""H x 13.375""W x 13.375""D",,843411124626,https://s3.us-west-2.amazonaws.com/catsy.962/_lg/4075986244/PC36E.jpg,865,1730,1903,FIN001,Y,WM031,,CM105,PP035,,ELE004,,Biltmore®,,Electric,Brass,Tempered Glass,15.75,7,20,6,2,E12,3,60,180,120,No,B,Yes,,Wet,No,CSA,This product is compliant with California Title 20 requirements when sold and shipped with a light source. Any included lamping must meet California Title 20 standards.,This decorative fixture is not title 24 ja8 certified. Compliance may be achieved when installed with a customer-provided ja8-compliant light source.,WARNING: This product may expose you to chemicals including lead and other substances known to the State of California to cause cancer and k birth defects or other reproductive harm. For more information visit www.P65Warnings.ca.gov,PC36E,"Our Pinnacle lantern is crafted as a wall-mounted lantern, built from solid copper and designed to age gracefully with a natural patina. It provides electric illumination for everyday exterior use and can also be configured with yoke mount, ceiling mount, post mount, pier mount to suit a wide range of architectural applications.",https://thecoppersmith.net/warranty-return/,China,0,1,1,,
PC36G,CopperSmith Pinnacle 36 Gas Lantern Wall Sconce,,The CopperSmith,Pinnacle,Gas Lanterns,,"WGL,GLC",Copper,"36.75""H x 13.375""W x 13.375""D",,843411124596,https://s3.us-west-2.amazonaws.com/catsy.962/_lg/4075986243/PC36G.jpg,865,1730,1903,FIN001,Y,WM031,,CM106,PP035,,,GAS002,Biltmore®,,Gas,Brass,Tempered Glass,15.75,7,20,,,,,,,,,,Yes,,Wet,No,CSA,This product is compliant with California Title 20 requirements when sold and shipped with a light source. Any included lamping must meet California Title 20 standards.,This decorative fixture is not title 24 ja8 certified. Compliance may be achieved when installed with a customer-provided ja8-compliant light source.,WARNING: This product may expose you to chemicals including lead and other substances known to the State of California to cause cancer and k birth defects or other reproductive harm. For more information visit www.P65Warnings.ca.gov,PC36G,"Our Pinnacle lantern is crafted as a wall-mounted lantern, built from solid copper and designed to age gracefully with a natural patina. It provides natural gas or propane for everyday exterior use and can also be configured with yoke mount, post mount, pier mount, ceiling mount to suit a wide range of architectural applications.",https://thecoppersmith.net/warranty-return/,China,0,1,1,,
PH20E,CopperSmith Pebble Hill 20 Electric Lantern Wall Sconce,,The CopperSmith,Pebble Hill,Electric Lanterns,,"ADS,CSHI,HSI1,HSI2,TLA,703001,703002",Copper,"23.75""H x 11.5""W x 11.5""D",,843411102631,https://s3.us-west-2.amazonaws.com/catsy.962/_lg/4076157950/PH20E.jpg,350,700,770,FIN001,Y,WM011,WA045,CM107,PP016,DEC035,ELE002,,French,,Electric,Brass,Tempered Glass,13.25,6,5,5,2,E12,2,60,120,120,No,B,Yes,Configuration Available,Wet,,CSA,This product is compliant with California Title 20 requirements when sold and shipped with a light source. Any included lamping must meet California Title 20 standards.,This decorative fixture is not title 24 ja8 certified. Compliance may be achieved when installed with a customer-provided ja8-compliant light source.,WARNING: This product may expose you to chemicals including lead and other substances known to the State of California to cause cancer and k birth defects or other reproductive harm. For more information visit www.P65Warnings.ca.gov,PH20E,"Our Pebble Hill lantern is crafted as a wall-mounted lantern, built from solid copper and designed to age gracefully with a natural patina. It provides electric illumination for everyday exterior use and can also be configured with yoke mount, gooseneck mount, ceiling mount, post mount, pier mount to suit a wide range of architectural applications.",https://thecoppersmith.net/warranty-return/,China,0,1,1,,
PH20G,CopperSmith Pebble Hill 20 Gas Lantern Wall Sconce,,The CopperSmith,Pebble Hill,Gas Lanterns,,"WGS,GLC,ADS,TLA",Copper,"23.75""H x 11.5""W x 11.5""D",,843411102624,https://s3.us-west-2.amazonaws.com/catsy.962/_lg/4076157951/PH20G.jpg,350,700,770,FIN001,Y,WM011,WA045,CM108,PP016,DEC035,ELE003,GAS001,French,,Gas,Brass,Tempered Glass,13.25,6,5,,,,,,,,,,Yes,Configuration Available,Wet,,CSA,This product is compliant with California Title 20 requirements when sold and shipped with a light source. Any included lamping must meet California Title 20 standards.,This decorative fixture is not title 24 ja8 certified. Compliance may be achieved when installed with a customer-provided ja8-compliant light source.,WARNING: This product may expose you to chemicals including lead and other substances known to the State of California to cause cancer and k birth defects or other reproductive harm. For more information visit www.P65Warnings.ca.gov,PH20G,"Our Pebble Hill lantern is crafted as a wall-mounted lantern, built from solid copper and designed to age gracefully with a natural patina. It provides natural gas or propane for everyday exterior use and can also be configured with yoke mount, gooseneck mount, post mount, pier mount to suit a wide range of architectural applications.",https://thecoppersmith.net/warranty-return/,China,0,1,1,,
PH22E,CopperSmith Pebble Hill 22 Electric Lantern Wall Sconce,,The CopperSmith,Pebble Hill,Electric Lanterns,,"ADS,CSHI,HSI1,HSI2,TLA,703001,703002",Copper,"25.5""H x 12.25""W x 12.25""D",,843411102662,https://s3.us-west-2.amazonaws.com/catsy.962/_lg/4076157952/PH22E.jpg,386,772,849,FIN001,Y,WM011,WA046,CM107,PP016,DEC035,ELE002,,French,,Electric,Brass,Tempered Glass,14,6,5,5,2,E12,2,60,120,120,No,B,Yes,Configuration Available,Wet,,CSA,This product is compliant with California Title 20 requirements when sold and shipped with a light source. Any included lamping must meet California Title 20 standards.,This decorative fixture is not title 24 ja8 certified. Compliance may be achieved when installed with a customer-provided ja8-compliant light source.,WARNING: This product may expose you to chemicals including lead and other substances known to the State of California to cause cancer and k birth defects or other reproductive harm. For more information visit www.P65Warnings.ca.gov,PH22E,"Our Pebble Hill lantern is crafted as a wall-mounted lantern, built from solid copper and designed to age gracefully with a natural patina. It provides electric illumination for everyday exterior use and can also be configured with yoke mount, gooseneck mount, ceiling mount, post mount, pier mount to suit a wide range of architectural applications.",https://thecoppersmith.net/warranty-return/,China,0,1,1,,
PH22G,CopperSmith Pebble Hill 22 Gas Lantern Wall Sconce,,The CopperSmith,Pebble Hill,Gas Lanterns,,"WGS,GLC,ADS,TLA",Copper,"25.5""H x 12.25""W x 12.25""D",,843411102655,https://s3.us-west-2.amazonaws.com/catsy.962/_lg/4076157953/PH22G.jpg,386,772,849,FIN001,Y,WM011,WA046,CM108,PP016,DEC035,ELE003,GAS001,French,,Gas,Brass,Tempered Glass,14,6,5,,,,,,,,,,Yes,Configuration Available,Wet,,CSA,This product is compliant with California Title 20 requirements when sold and shipped with a light source. Any included lamping must meet California Title 20 standards.,This decorative fixture is not title 24 ja8 certified. Compliance may be achieved when installed with a customer-provided ja8-compliant light source.,WARNING: This product may expose you to chemicals including lead and other substances known to the State of California to cause cancer and k birth defects or other reproductive harm. For more information visit www.P65Warnings.ca.gov,PH22G,"Our Pebble Hill lantern is crafted as a wall-mounted lantern, built from solid copper and designed to age gracefully with a natural patina. It provides natural gas or propane for everyday exterior use and can also be configured with yoke mount, gooseneck mount, post mount, pier mount to suit a wide range of architectural applications.",https://thecoppersmith.net/warranty-return/,China,0,1,1,,
PH29E,CopperSmith Pebble Hill 29 Electric Lantern Wall Sconce,,The CopperSmith,Pebble Hill,Electric Lanterns,,"ADS,CSHI,HSI1,HSI2,TLA,703001,703002",Copper,"30.75""H x 15.25""W x 15.25""D",,843411102693,https://s3.us-west-2.amazonaws.com/catsy.962/_lg/4075886418/PH29E.jpg,626,1252,1377,FIN001,Y,WM012,WA047,CM109,PP016,DEC036,ELE002,,French,,Electric,Brass,Tempered Glass,17.25,6,5,5,2,E12,3,60,180,120,No,B,Yes,Configuration Available,Wet,,CSA,This product is compliant with California Title 20 requirements when sold and shipped with a light source. Any included lamping must meet California Title 20 standards.,This decorative fixture is not title 24 ja8 certified. Compliance may be achieved when installed with a customer-provided ja8-compliant light source.,WARNING: This product may expose you to chemicals including lead and other substances known to the State of California to cause cancer and k birth defects or other reproductive harm. For more information visit www.P65Warnings.ca.gov,PH29E,"Our Pebble Hill lantern is crafted as a wall-mounted lantern, built from solid copper and designed to age gracefully with a natural patina. It provides electric illumination for everyday exterior use and can also be configured with yoke mount, ceiling mount, post mount, pier mount to suit a wide range of architectural applications.",https://thecoppersmith.net/warranty-return/,China,0,1,1,,
PH29G,CopperSmith Pebble Hill 29 Gas Lantern Wall Sconce,,The CopperSmith,Pebble Hill,Gas Lanterns,,"WGL,GLC,ADS,TLA",Copper,"30.75""H x 15.25""W x 15.25""D",,843411102686,https://s3.us-west-2.amazonaws.com/catsy.962/_lg/4075886416/PH29G.jpg,626,1252,1377,FIN001,Y,WM012,WA047,CM043,PP016,DEC036,ELE003,GAS002,French,,Gas,Brass,Tempered Glass,17.25,6,5,,,,,,,,,,Yes,Configuration Available,Wet,,CSA,This product is compliant with California Title 20 requirements when sold and shipped with a light source. Any included lamping must meet California Title 20 standards.,This decorative fixture is not title 24 ja8 certified. Compliance may be achieved when installed with a customer-provided ja8-compliant light source.,WARNING: This product may expose you to chemicals including lead and other substances known to the State of California to cause cancer and k birth defects or other reproductive harm. For more information visit www.P65Warnings.ca.gov,PH29G,"Our Pebble Hill lantern is crafted as a wall-mounted lantern, built from solid copper and designed to age gracefully with a natural patina. It provides natural gas or propane for everyday exterior use and can also be configured with yoke mount, post mount, pier mount to suit a wide range of architectural applications.",https://thecoppersmith.net/warranty-return/,China,0,1,1,,
PS19E,CopperSmith Palmetto Street 19 Electric Lantern Wall Sconce,,The CopperSmith,Palmetto Street,Electric Lanterns,,"ADS,CSHI,HSI1,HSI2,TLA,703001,703002",Copper,"19""H x 9.25""W x 9""D",10,843411102723,https://s3.us-west-2.amazonaws.com/catsy.962/_lg/4075886412/PS29E.jpg,393,786,865,FIN001,Y,WM032,,CM110,,DEC037,ELE002,,English,,Electric,Brass,Tempered Glass,9,6,5,5,2,E12,2,60,120,120,No,B,Yes,Configuration Available,Wet,No,CSA,This product is compliant with California Title 20 requirements when sold and shipped with a light source. Any included lamping must meet California Title 20 standards.,This decorative fixture is not title 24 ja8 certified. Compliance may be achieved when installed with a customer-provided ja8-compliant light source.,WARNING: This product may expose you to chemicals including lead and other substances known to the State of California to cause cancer and k birth defects or other reproductive harm. For more information visit www.P65Warnings.ca.gov,PS19E,"Our Palmetto Street lantern is crafted as a wall-mounted lantern, built from solid copper and designed to age gracefully with a natural patina. It provides electric illumination for everyday exterior use and can also be configured with yoke mount, ceiling mount to suit a wide range of architectural applications.",https://thecoppersmith.net/warranty-return/,China,0,1,1,,
PS19G,CopperSmith Palmetto Street 19 Gas Lantern Wall Sconce,,The CopperSmith,Palmetto Street,Gas Lanterns,,"WGS,GLC,ADS,TLA",Copper,"19""H x 9.25""W x 9""D",10,843411102716,https://s3.us-west-2.amazonaws.com/catsy.962/_lg/4075886420/PS19G.jpg,393,786,865,FIN001,Y,WM032,,CM092,,DEC037,ELE003,GAS001,English,,Gas,Brass,Tempered Glass,9,6,5,,,,,,,,,,Yes,Configuration Available,Wet,No,CSA,This product is compliant with California Title 20 requirements when sold and shipped with a light source. Any included lamping must meet California Title 20 standards.,This decorative fixture is not title 24 ja8 certified. Compliance may be achieved when installed with a customer-provided ja8-compliant light source.,WARNING: This product may expose you to chemicals including lead and other substances known to the State of California to cause cancer and k birth defects or other reproductive harm. For more information visit www.P65Warnings.ca.gov,PS19G,"Our Palmetto Street lantern is crafted as a wall-mounted lantern, built from solid copper and designed to age gracefully with a natural patina. It provides natural gas or propane for everyday exterior use and can also be configured with yoke mount to suit a wide range of architectural applications.",https://thecoppersmith.net/warranty-return/,China,0,1,1,,
PS24E,CopperSmith Palmetto Street 24 Electric Lantern Wall Sconce,,The CopperSmith,Palmetto Street,Electric Lanterns,,"ADS,CSHI,HSI1,HSI2,TLA,703001,703002",Copper,"23.75""H x 10.5""W x 10.5""D",14,843411102754,https://s3.us-west-2.amazonaws.com/catsy.962/_lg/4075886411/PS24E.jpg,497,994,1093,FIN001,Y,WM033,,CM027,,DEC038,ELE002,,English,,Electric,Brass,Tempered Glass,10.5,6,5,5,2,E12,3,60,180,120,No,B,Yes,Configuration Available,Wet,No,CSA,This product is compliant with California Title 20 requirements when sold and shipped with a light source. Any included lamping must meet California Title 20 standards.,This decorative fixture is not title 24 ja8 certified. Compliance may be achieved when installed with a customer-provided ja8-compliant light source.,WARNING: This product may expose you to chemicals including lead and other substances known to the State of California to cause cancer and k birth defects or other reproductive harm. For more information visit www.P65Warnings.ca.gov,PS24E,"Our Palmetto Street lantern is crafted as a wall-mounted lantern, built from solid copper and designed to age gracefully with a natural patina. It provides electric illumination for everyday exterior use and can also be configured with yoke mount, ceiling mount to suit a wide range of architectural applications.",https://thecoppersmith.net/warranty-return/,China,0,1,1,,
PS24G,CopperSmith Palmetto Street 24 Gas Lantern Wall Sconce,,The CopperSmith,Palmetto Street,Gas Lanterns,,"WGL,GLC,ADS,TLA",Copper,"23.75""H x 10.5""W x 10.5""D",14,843411102747,https://s3.us-west-2.amazonaws.com/catsy.962/_lg/4075886415/PS24G.jpg,497,994,1093,FIN001,Y,WM033,,CM028,,DEC038,ELE003,GAS002,English,,Gas,Brass,Tempered Glass,10.5,6,5,,,,,,,,,,Yes,Configuration Available,Wet,No,CSA,This product is compliant with California Title 20 requirements when sold and shipped with a light source. Any included lamping must meet California Title 20 standards.,This decorative fixture is not title 24 ja8 certified. Compliance may be achieved when installed with a customer-provided ja8-compliant light source.,WARNING: This product may expose you to chemicals including lead and other substances known to the State of California to cause cancer and k birth defects or other reproductive harm. For more information visit www.P65Warnings.ca.gov,PS24G,"Our Palmetto Street lantern is crafted as a wall-mounted lantern, built from solid copper and designed to age gracefully with a natural patina. It provides natural gas or propane for everyday exterior use and can also be configured with yoke mount to suit a wide range of architectural applications.",https://thecoppersmith.net/warranty-return/,China,0,1,1,,
PS29E,CopperSmith Palmetto Street 29 Electric Lantern Wall Sconce,,The CopperSmith,Palmetto Street,Electric Lanterns,,"ADS,CSHI,HSI1,HSI2,TLA,703001,703002",Copper,"29""H x 12""W x 11.75""D",21,843411102785,https://s3.us-west-2.amazonaws.com/catsy.962/_lg/4075886412/PS29E.jpg,737,1474,1621,FIN001,Y,WM033,,CM111,,DEC039,ELE002,,English,,Electric,Brass,Tempered Glass,11.75,6,5,5,2,E12,3,60,180,120,No,B,Yes,Configuration Available,Wet,No,CSA,This product is compliant with California Title 20 requirements when sold and shipped with a light source. Any included lamping must meet California Title 20 standards.,This decorative fixture is not title 24 ja8 certified. Compliance may be achieved when installed with a customer-provided ja8-compliant light source.,WARNING: This product may expose you to chemicals including lead and other substances known to the State of California to cause cancer and k birth defects or other reproductive harm. For more information visit www.P65Warnings.ca.gov,PS29E,"Our Palmetto Street lantern is crafted as a wall-mounted lantern, built from solid copper and designed to age gracefully with a natural patina. It provides electric illumination for everyday exterior use and can also be configured with yoke mount, ceiling mount to suit a wide range of architectural applications.",https://thecoppersmith.net/warranty-return/,China,0,1,1,,
PS29G,CopperSmith Palmetto Street 29 Gas Lantern Wall Sconce,,The CopperSmith,Palmetto Street,Gas Lanterns,,"WGL,GLC,ADS,TLA",Copper,"29""H x 12""W x 11.75""D",20,843411102778,https://s3.us-west-2.amazonaws.com/catsy.962/_lg/4075886413/PS29G.jpg,737,1474,1621,FIN001,Y,WM033,,CM112,,DEC039,ELE003,GAS002,English,,Gas,Brass,Tempered Glass,11.75,6,5,,,,,,,,,,Yes,Configuration Available,Wet,No,CSA,This product is compliant with California Title 20 requirements when sold and shipped with a light source. Any included lamping must meet California Title 20 standards.,This decorative fixture is not title 24 ja8 certified. Compliance may be achieved when installed with a customer-provided ja8-compliant light source.,WARNING: This product may expose you to chemicals including lead and other substances known to the State of California to cause cancer and k birth defects or other reproductive harm. For more information visit www.P65Warnings.ca.gov,PS29G,"Our Palmetto Street lantern is crafted as a wall-mounted lantern, built from solid copper and designed to age gracefully with a natural patina. It provides natural gas or propane for everyday exterior use and can also be configured with yoke mount to suit a wide range of architectural applications.",https://thecoppersmith.net/warranty-return/,China,0,1,1,,
SO20E,CopperSmith Somerset 20 Electric Lantern Wall Sconce,,The CopperSmith,Somerset,Electric Lanterns,,"ADS,CSHI,HSI1,HSI2,TLA,703001,703002",Copper,"19.5""H x 9.25""W x 9.25""D",11,843411102907,https://s3.us-west-2.amazonaws.com/catsy.962/_lg/4075886414/SO20E.jpg,292,584,642,FIN001,Y,WM017,WA048,CM113,PP017,DEC040,ELE002,,English,,Electric,Brass,Tempered Glass,11,6,5,5,2,E12,2,60,120,120,No,B,Yes,Configuration Available,Wet,No,CSA,This product is compliant with California Title 20 requirements when sold and shipped with a light source. Any included lamping must meet California Title 20 standards.,This decorative fixture is not title 24 ja8 certified. Compliance may be achieved when installed with a customer-provided ja8-compliant light source.,WARNING: This product may expose you to chemicals including lead and other substances known to the State of California to cause cancer and k birth defects or other reproductive harm. For more information visit www.P65Warnings.ca.gov,SO20E,"Our Somerset lantern is crafted as a wall-mounted lantern, built from solid copper and designed to age gracefully with a natural patina. It provides electric illumination for everyday exterior use and can also be configured with yoke mount, gooseneck mount, ceiling mount, post mount, pier mount to suit a wide range of architectural applications.",https://thecoppersmith.net/warranty-return/,China,0,1,1,,
SO20G,CopperSmith Somerset 20 Gas Lantern Wall Sconce,,The CopperSmith,Somerset,Gas Lanterns,,"WGS,GLC,ADS,TLA",Copper,"19.5""H x 9.25""W x 9.25""D",11,843411102891,https://s3.us-west-2.amazonaws.com/catsy.962/_lg/4075886407/SO20G.jpg,292,584,642,FIN001,Y,WM017,WA048,CM114,PP017,DEC040,ELE003,GAS001,English,,Gas,Brass,Tempered Glass,11,6,5,,,,,,,,,,Yes,Configuration Available,Wet,No,CSA,This product is compliant with California Title 20 requirements when sold and shipped with a light source. Any included lamping must meet California Title 20 standards.,This decorative fixture is not title 24 ja8 certified. Compliance may be achieved when installed with a customer-provided ja8-compliant light source.,WARNING: This product may expose you to chemicals including lead and other substances known to the State of California to cause cancer and k birth defects or other reproductive harm. For more information visit www.P65Warnings.ca.gov,SO20G,"Our Somerset lantern is crafted as a wall-mounted lantern, built from solid copper and designed to age gracefully with a natural patina. It provides natural gas or propane for everyday exterior use and can also be configured with yoke mount, gooseneck mount, post mount, pier mount to suit a wide range of architectural applications.",https://thecoppersmith.net/warranty-return/,China,0,1,1,,
SO22E,CopperSmith Somerset 22 Electric Lantern Wall Sconce,,The CopperSmith,Somerset,Electric Lanterns,,"ADS,CSHI,HSI1,HSI2,TLA,703001,703002",Copper,"22.5""H x 10""W x 10""D",13,843411102938,https://s3.us-west-2.amazonaws.com/catsy.962/_lg/4075886409/SO22E.jpg,347,694,763,FIN001,Y,WM017,WA049,CM115,PP017,DEC041,ELE002,,English,,Electric,Brass,Tempered Glass,11.75,6,5,5,2,E12,2,60,120,120,No,B,Yes,Configuration Available,Wet,No,CSA,This product is compliant with California Title 20 requirements when sold and shipped with a light source. Any included lamping must meet California Title 20 standards.,This decorative fixture is not title 24 ja8 certified. Compliance may be achieved when installed with a customer-provided ja8-compliant light source.,WARNING: This product may expose you to chemicals including lead and other substances known to the State of California to cause cancer and k birth defects or other reproductive harm. For more information visit www.P65Warnings.ca.gov,SO22E,"Our Somerset lantern is crafted as a wall-mounted lantern, built from solid copper and designed to age gracefully with a natural patina. It provides electric illumination for everyday exterior use and can also be configured with yoke mount, gooseneck mount, ceiling mount, post mount, pier mount to suit a wide range of architectural applications.",https://thecoppersmith.net/warranty-return/,China,0,1,1,,
SO22G,CopperSmith Somerset 22 Gas Lantern Wall Sconce,,The CopperSmith,Somerset,Gas Lanterns,,"WGS,GLC,ADS,TLA",Copper,"22.5""H x 10""W x 10""D",13,843411102921,https://s3.us-west-2.amazonaws.com/catsy.962/_lg/4075886406/SO22G.jpg,347,694,763,FIN001,Y,WM017,WA049,CM116,PP017,DEC041,ELE003,GAS001,English,,Gas,Brass,Tempered Glass,11.75,6,5,,,,,,,,,,Yes,Configuration Available,Wet,No,CSA,This product is compliant with California Title 20 requirements when sold and shipped with a light source. Any included lamping must meet California Title 20 standards.,This decorative fixture is not title 24 ja8 certified. Compliance may be achieved when installed with a customer-provided ja8-compliant light source.,WARNING: This product may expose you to chemicals including lead and other substances known to the State of California to cause cancer and k birth defects or other reproductive harm. For more information visit www.P65Warnings.ca.gov,SO22G,"Our Somerset lantern is crafted as a wall-mounted lantern, built from solid copper and designed to age gracefully with a natural patina. It provides natural gas or propane for everyday exterior use and can also be configured with yoke mount, gooseneck mount, post mount, pier mount to suit a wide range of architectural applications.",https://thecoppersmith.net/warranty-return/,China,0,1,1,,
SO26E,CopperSmith Somerset 26 Electric Lantern Wall Sconce,,The CopperSmith,Somerset,Electric Lanterns,,"ADS,CSHI,HSI1,HSI2,TLA,703001,703002",Copper,"26.75""H x 12""W x 12""D",18,843411102969,https://s3.us-west-2.amazonaws.com/catsy.962/_lg/4075886410/SO26E.jpg,526,1052,1157,FIN001,Y,WM019,WA050,CM111,PP017,DEC042,ELE002,,English,,Electric,Brass,Tempered Glass,13.75,6,5,5,2,E12,3,60,180,120,No,B,Yes,Configuration Available,Wet,No,CSA,This product is compliant with California Title 20 requirements when sold and shipped with a light source. Any included lamping must meet California Title 20 standards.,This decorative fixture is not title 24 ja8 certified. Compliance may be achieved when installed with a customer-provided ja8-compliant light source.,WARNING: This product may expose you to chemicals including lead and other substances known to the State of California to cause cancer and k birth defects or other reproductive harm. For more information visit www.P65Warnings.ca.gov,SO26E,"Our Somerset lantern is crafted as a wall-mounted lantern, built from solid copper and designed to age gracefully with a natural patina. It provides electric illumination for everyday exterior use and can also be configured with yoke mount, ceiling mount, post mount, pier mount to suit a wide range of architectural applications.",https://thecoppersmith.net/warranty-return/,China,0,1,1,,
SO26G,CopperSmith Somerset 26 Gas Lantern Wall Sconce,,The CopperSmith,Somerset,Gas Lanterns,,"WGL,GLC,ADS,TLA",Copper,"26.75""H x 12""W x 12""D",18,843411102952,https://s3.us-west-2.amazonaws.com/catsy.962/_lg/4075886408/SO26G.jpg,526,1052,1157,FIN001,Y,WM019,WA050,CM112,PP017,DEC042,ELE003,GAS002,English,,Gas,Brass,Tempered Glass,13.75,6,5,,,,,,,,,,Yes,Configuration Available,Wet,No,CSA,This product is compliant with California Title 20 requirements when sold and shipped with a light source. Any included lamping must meet California Title 20 standards.,This decorative fixture is not title 24 ja8 certified. Compliance may be achieved when installed with a customer-provided ja8-compliant light source.,WARNING: This product may expose you to chemicals including lead and other substances known to the State of California to cause cancer and k birth defects or other reproductive harm. For more information visit www.P65Warnings.ca.gov,SO26G,"Our Somerset lantern is crafted as a wall-mounted lantern, built from solid copper and designed to age gracefully with a natural patina. It provides natural gas or propane for everyday exterior use and can also be configured with yoke mount, post mount, pier mount to suit a wide range of architectural applications.",https://thecoppersmith.net/warranty-return/,China,0,1,1,,
SO32E,CopperSmith Somerset 32 Electric Lantern Wall Sconce,,The CopperSmith,Somerset,Electric Lanterns,,"ADS,CSHI,HSI1,HSI2,TLA,703001,703002",Copper,"32.25""H x 12""W x 12""D",19,843411102990,https://s3.us-west-2.amazonaws.com/catsy.962/_lg/4075886403/SO32E.jpg,737,1474,1621,FIN001,Y,WM034,WA044,CM111,PP028,DEC043,ELE002,,English,,Electric,Brass,Tempered Glass,13.75,6,5,5,2,E12,3,60,180,120,No,B,Yes,Configuration Available,Wet,No,CSA,This product is compliant with California Title 20 requirements when sold and shipped with a light source. Any included lamping must meet California Title 20 standards.,This decorative fixture is not title 24 ja8 certified. Compliance may be achieved when installed with a customer-provided ja8-compliant light source.,WARNING: This product may expose you to chemicals including lead and other substances known to the State of California to cause cancer and k birth defects or other reproductive harm. For more information visit www.P65Warnings.ca.gov,SO32E,"Our Somerset lantern is crafted as a wall-mounted lantern, built from solid copper and designed to age gracefully with a natural patina. It provides electric illumination for everyday exterior use and can also be configured with yoke mount, ceiling mount, post mount, pier mount to suit a wide range of architectural applications.",https://thecoppersmith.net/warranty-return/,China,0,1,1,,
SO32G,CopperSmith Somerset 32 Gas Lantern Wall Sconce,,The CopperSmith,Somerset,Gas Lanterns,,"WGL,GLC,ADS,TLA",Copper,"32.25""H x 12""W x 12""D",19,843411102983,https://s3.us-west-2.amazonaws.com/catsy.962/_lg/4076157954/SO32G.jpg,737,1474,1621,FIN001,Y,WM034,WA044,CM112,PP028,DEC043,ELE003,GAS002,English,,Gas,Brass,Tempered Glass,13.75,6,5,,,,,,,,,,Yes,Configuration Available,Wet,No,CSA,This product is compliant with California Title 20 requirements when sold and shipped with a light source. Any included lamping must meet California Title 20 standards.,This decorative fixture is not title 24 ja8 certified. Compliance may be achieved when installed with a customer-provided ja8-compliant light source.,WARNING: This product may expose you to chemicals including lead and other substances known to the State of California to cause cancer and k birth defects or other reproductive harm. For more information visit www.P65Warnings.ca.gov,SO32G,"Our Somerset lantern is crafted as a wall-mounted lantern, built from solid copper and designed to age gracefully with a natural patina. It provides natural gas or propane for everyday exterior use and can also be configured with yoke mount, post mount, pier mount to suit a wide range of architectural applications.",https://thecoppersmith.net/warranty-return/,China,0,1,1,,
SS41E,CopperSmith State Street 20 Electric Lantern Wall Sconce,,The CopperSmith,State Street,Electric Lanterns,,"ADS,CSHI,HSI1,HSI2,TLA,703001,703002",Copper,"20""H x 10.5""W x 10.5""D",10,843411103027,https://s3.us-west-2.amazonaws.com/catsy.962/_lg/4075986068/SS41E.jpg,338,676,744,FIN001,Y,WM010,WA001,CM027,PP015,DEC005,ELE002,,Colonial,Traditional,Electric,Brass,Tempered Glass,12.25,6,5,5,2,E12,2,60,120,120,No,B,Yes,Configuration Available,Wet,No,CSA,This product is compliant with California Title 20 requirements when sold and shipped with a light source. Any included lamping must meet California Title 20 standards.,This decorative fixture is not title 24 ja8 certified. Compliance may be achieved when installed with a customer-provided ja8-compliant light source.,WARNING: This product may expose you to chemicals including lead and other substances known to the State of California to cause cancer and k birth defects or other reproductive harm. For more information visit www.P65Warnings.ca.gov,SS41E,"Our State Street lantern is crafted as a wall-mounted lantern, built from solid copper and designed to age gracefully with a natural patina. It provides electric illumination for everyday exterior use and can also be configured with yoke mount, gooseneck mount, ceiling mount, post mount, pier mount to suit a wide range of architectural applications.",https://thecoppersmith.net/warranty-return/,China,0,1,1,,
SS41G,CopperSmith State Street 20 Gas Lantern Wall Sconce,,The CopperSmith,State Street,Gas Lanterns,,"WGS,GLC,ADS,TLA",Copper,"20""H x 10.5""W x 10.5""D",10,843411103010,https://s3.us-west-2.amazonaws.com/catsy.962/_lg/4075986066/SS41G.jpg,338,676,744,FIN001,Y,WM010,WA001,CM028,PP015,DEC005,ELE003,GAS001,Colonial,Traditional,Gas,Brass,Tempered Glass,12.25,6,5,,,,,,,,,,Yes,Configuration Available,Wet,No,CSA,This product is compliant with California Title 20 requirements when sold and shipped with a light source. Any included lamping must meet California Title 20 standards.,This decorative fixture is not title 24 ja8 certified. Compliance may be achieved when installed with a customer-provided ja8-compliant light source.,WARNING: This product may expose you to chemicals including lead and other substances known to the State of California to cause cancer and k birth defects or other reproductive harm. For more information visit www.P65Warnings.ca.gov,SS41G,"Our State Street lantern is crafted as a wall-mounted lantern, built from solid copper and designed to age gracefully with a natural patina. It provides natural gas or propane for everyday exterior use and can also be configured with yoke mount, gooseneck mount, post mount, pier mount to suit a wide range of architectural applications.",https://thecoppersmith.net/warranty-return/,China,0,1,1,,
SS42E,CopperSmith State Street 24 Electric Lantern Wall Sconce,,The CopperSmith,State Street,Electric Lanterns,,"ADS,CSHI,HSI1,HSI2,TLA,703001,703002",Copper,"24.5""H x 12.25""W x 12.25""D",14,843411103058,https://s3.us-west-2.amazonaws.com/catsy.962/_lg/4076159262/SS42E.jpg,467,934,1027,FIN001,Y,WM035,WA002,CM029,PP016,DEC005,ELE002,,Colonial,Traditional,Electric,Brass,Tempered Glass,14,6,5,5,2,E12,2,60,120,120,No,B,Yes,Configuration Available,Wet,No,CSA,This product is compliant with California Title 20 requirements when sold and shipped with a light source. Any included lamping must meet California Title 20 standards.,This decorative fixture is not title 24 ja8 certified. Compliance may be achieved when installed with a customer-provided ja8-compliant light source.,WARNING: This product may expose you to chemicals including lead and other substances known to the State of California to cause cancer and k birth defects or other reproductive harm. For more information visit www.P65Warnings.ca.gov,SS42E,"Our State Street lantern is crafted as a wall-mounted lantern, built from solid copper and designed to age gracefully with a natural patina. It provides electric illumination for everyday exterior use and can also be configured with yoke mount, gooseneck mount, ceiling mount, post mount, pier mount to suit a wide range of architectural applications.",https://thecoppersmith.net/warranty-return/,China,0,1,1,,
SS42G,CopperSmith State Street 24 Gas Lantern Wall Sconce,,The CopperSmith,State Street,Gas Lanterns,,"WGS,GLC,ADS,TLA",Copper,"24.5""H x 12.25""W x 12.25""D",14,843411103041,https://s3.us-west-2.amazonaws.com/catsy.962/_lg/4076159263/SS42G.jpg,467,934,1027,FIN001,Y,WM035,WA002,CM030,PP016,DEC005,ELE003,GAS001,Colonial,Traditional,Gas,Brass,Tempered Glass,14,6,5,,,,,,,,,,Yes,Configuration Available,Wet,No,CSA,This product is compliant with California Title 20 requirements when sold and shipped with a light source. Any included lamping must meet California Title 20 standards.,This decorative fixture is not title 24 ja8 certified. Compliance may be achieved when installed with a customer-provided ja8-compliant light source.,WARNING: This product may expose you to chemicals including lead and other substances known to the State of California to cause cancer and k birth defects or other reproductive harm. For more information visit www.P65Warnings.ca.gov,SS42G,"Our State Street lantern is crafted as a wall-mounted lantern, built from solid copper and designed to age gracefully with a natural patina. It provides natural gas or propane for everyday exterior use and can also be configured with yoke mount, gooseneck mount, post mount, pier mount to suit a wide range of architectural applications.",https://thecoppersmith.net/warranty-return/,China,0,1,1,,
SS43E,CopperSmith State Street 29 Electric Lantern Wall Sconce,,The CopperSmith,State Street,Electric Lanterns,,"ADS,CSHI,HSI1,HSI2,TLA,703001,703002",Copper,"29""H x 15.25""W x 15.25""D",20,843411103089,https://s3.us-west-2.amazonaws.com/catsy.962/_lg/4076159265/SS43E.jpg,662,1324,1456,FIN001,Y,WM012,WA003,CM031,PP016,DEC006,ELE002,,Colonial,Traditional,Electric,Brass,Tempered Glass,17.25,6,5,5,2,E12,3,60,180,120,No,B,Yes,Configuration Available,Wet,No,CSA,This product is compliant with California Title 20 requirements when sold and shipped with a light source. Any included lamping must meet California Title 20 standards.,This decorative fixture is not title 24 ja8 certified. Compliance may be achieved when installed with a customer-provided ja8-compliant light source.,WARNING: This product may expose you to chemicals including lead and other substances known to the State of California to cause cancer and k birth defects or other reproductive harm. For more information visit www.P65Warnings.ca.gov,SS43E,"Our State Street lantern is crafted as a wall-mounted lantern, built from solid copper and designed to age gracefully with a natural patina. It provides electric illumination for everyday exterior use and can also be configured with yoke mount, ceiling mount, post mount, pier mount to suit a wide range of architectural applications.",https://thecoppersmith.net/warranty-return/,China,0,1,1,,
SS43G,CopperSmith State Street 29 Gas Lantern Wall Sconce,,The CopperSmith,State Street,Gas Lanterns,,"WGL,GLC,ADS,TLA",Copper,"29""H x 15.25""W x 15.25""D",20,843411103072,https://s3.us-west-2.amazonaws.com/catsy.962/_lg/4076159264/SS43G.jpg,662,1324,1456,FIN001,Y,WM012,WA003,CM032,PP016,DEC006,ELE003,GAS002,Colonial,Traditional,Gas,Brass,Tempered Glass,17.25,6,5,,,,,,,,,,Yes,Configuration Available,Wet,No,CSA,This product is compliant with California Title 20 requirements when sold and shipped with a light source. Any included lamping must meet California Title 20 standards.,This decorative fixture is not title 24 ja8 certified. Compliance may be achieved when installed with a customer-provided ja8-compliant light source.,WARNING: This product may expose you to chemicals including lead and other substances known to the State of California to cause cancer and k birth defects or other reproductive harm. For more information visit www.P65Warnings.ca.gov,SS43G,"Our State Street lantern is crafted as a wall-mounted lantern, built from solid copper and designed to age gracefully with a natural patina. It provides natural gas or propane for everyday exterior use and can also be configured with yoke mount, post mount, pier mount to suit a wide range of architectural applications.",https://thecoppersmith.net/warranty-return/,China,0,1,1,,
SS44E,CopperSmith State Street 34 Electric Lantern Wall Sconce,,The CopperSmith,State Street,Electric Lanterns,,"ADS,CSHI,HSI1,HSI2,TLA,703001,703002",Copper,"33.5""H x 17.5""W x 17.5""D",26,843411103119,https://s3.us-west-2.amazonaws.com/catsy.962/_lg/4076157955/SS44E.jpg,800,1600,1760,FIN001,Y,WM012,WA004,CM033,PP017,DEC006,ELE002,,Colonial,Traditional,Electric,Brass,Tempered Glass,19.5,6,5,5,2,E12,3,60,180,120,No,B,Yes,Configuration Available,Wet,No,CSA,This product is compliant with California Title 20 requirements when sold and shipped with a light source. Any included lamping must meet California Title 20 standards.,This decorative fixture is not title 24 ja8 certified. Compliance may be achieved when installed with a customer-provided ja8-compliant light source.,WARNING: This product may expose you to chemicals including lead and other substances known to the State of California to cause cancer and k birth defects or other reproductive harm. For more information visit www.P65Warnings.ca.gov,SS44E,"Our State Street lantern is crafted as a wall-mounted lantern, built from solid copper and designed to age gracefully with a natural patina. It provides electric illumination for everyday exterior use and can also be configured with yoke mount, ceiling mount, post mount, pier mount to suit a wide range of architectural applications.",https://thecoppersmith.net/warranty-return/,China,0,1,1,,
SS44G,CopperSmith State Street 34 Gas Lantern Wall Sconce,,The CopperSmith,State Street,Gas Lanterns,,"WGL,GLC,ADS,TLA",Copper,"33.5""H x 17.5""W x 17.5""D",26,843411103102,https://s3.us-west-2.amazonaws.com/catsy.962/_lg/4076157958/SS44G.jpg,800,1600,1760,FIN001,Y,WM012,WA004,CM034,PP017,DEC006,ELE003,GAS002,Colonial,Traditional,Gas,Brass,Tempered Glass,19.5,6,5,,,,,,,,,,Yes,Configuration Available,Wet,No,CSA,This product is compliant with California Title 20 requirements when sold and shipped with a light source. Any included lamping must meet California Title 20 standards.,This decorative fixture is not title 24 ja8 certified. Compliance may be achieved when installed with a customer-provided ja8-compliant light source.,WARNING: This product may expose you to chemicals including lead and other substances known to the State of California to cause cancer and k birth defects or other reproductive harm. For more information visit www.P65Warnings.ca.gov,SS44G,"Our State Street lantern is crafted as a wall-mounted lantern, built from solid copper and designed to age gracefully with a natural patina. It provides natural gas or propane for everyday exterior use and can also be configured with yoke mount, post mount, pier mount to suit a wide range of architectural applications.",https://thecoppersmith.net/warranty-return/,China,0,1,1,,
TE20E,CopperSmith Terra 20 Electric Lantern Wall Sconce,,The CopperSmith,Terra,"Flush Mount,Electric Lanterns",,"ADS,CSHI,HSI1,HSI2,TLA,703001,703002",Copper,"19.5""H x 9.25""W x 6.5""D",,843411103355,https://s3.us-west-2.amazonaws.com/catsy.962/_lg/4075886396/TE20E.jpg,263,526,579,FIN001,Y,,,,,DEC044,ELE002,,Flush Mount,,Electric,Brass,Tempered Glass,6.5,,,,,E12,2,60,120,120,No,B,Yes,Configuration Available,,,CSA,This product is compliant with California Title 20 requirements when sold and shipped with a light source. Any included lamping must meet California Title 20 standards.,This decorative fixture is not title 24 ja8 certified. Compliance may be achieved when installed with a customer-provided ja8-compliant light source.,WARNING: This product may expose you to chemicals including lead and other substances known to the State of California to cause cancer and k birth defects or other reproductive harm. For more information visit www.P65Warnings.ca.gov,TE20E,"Our Terra lantern is designed for flush wall installation, offering a clean architectural profile ideal for entries, porches, and sheltered outdoor corridors. Handcrafted from solid copper, it provides electric illumination and delivers dependable performance in any climate.",https://thecoppersmith.net/warranty-return/,China,0,1,1,,
TE20G,CopperSmith Terra 20 Gas Lantern Wall Sconce,,The CopperSmith,Terra,"Flush Mount,Gas Lanterns",,"WGS,GLC,ADS,TLA",Copper,"19.5""H x 9.25""W x 6.5""D",,843411103362,https://s3.us-west-2.amazonaws.com/catsy.962/_lg/4075886398/TE20G.jpg,263,526,579,FIN001,Y,,,,,DEC045,ELE003,GAS001,Flush Mount,,Gas,Brass,Tempered Glass,6.5,,,,,,,,,,,,Yes,Configuration Available,,,CSA,This product is compliant with California Title 20 requirements when sold and shipped with a light source. Any included lamping must meet California Title 20 standards.,This decorative fixture is not title 24 ja8 certified. Compliance may be achieved when installed with a customer-provided ja8-compliant light source.,WARNING: This product may expose you to chemicals including lead and other substances known to the State of California to cause cancer and k birth defects or other reproductive harm. For more information visit www.P65Warnings.ca.gov,TE20G,"Our Terra lantern is designed for flush wall installation, offering a clean architectural profile ideal for entries, porches, and sheltered outdoor corridors. Handcrafted from solid copper, it provides natural gas or propane and delivers dependable performance in any climate.",https://thecoppersmith.net/warranty-return/,China,0,1,1,,
TE22E,CopperSmith Terra 22 Electric Lantern Wall Sconce,,The CopperSmith,Terra,"Flush Mount,Electric Lanterns",,"ADS,CSHI,HSI1,HSI2,TLA,703001,703002",Copper,"22.25""H x 10""W x 7.25""D",,843411103386,https://s3.us-west-2.amazonaws.com/catsy.962/_lg/4075886400/TE22E.jpg,379,758,834,FIN001,Y,,,,,DEC046,ELE002,,Flush Mount,,Electric,Brass,Tempered Glass,7.25,,,,,E12,2,60,120,120,No,B,Yes,Configuration Available,,,CSA,This product is compliant with California Title 20 requirements when sold and shipped with a light source. Any included lamping must meet California Title 20 standards.,This decorative fixture is not title 24 ja8 certified. Compliance may be achieved when installed with a customer-provided ja8-compliant light source.,WARNING: This product may expose you to chemicals including lead and other substances known to the State of California to cause cancer and k birth defects or other reproductive harm. For more information visit www.P65Warnings.ca.gov,TE22E,"Our Terra lantern is designed for flush wall installation, offering a clean architectural profile ideal for entries, porches, and sheltered outdoor corridors. Handcrafted from solid copper, it provides electric illumination and delivers dependable performance in any climate.",https://thecoppersmith.net/warranty-return/,China,0,1,1,,
TE22G,CopperSmith Terra 22 Gas Lantern Wall Sconce,,The CopperSmith,Terra,"Flush Mount,Gas Lanterns",,"WGS,GLC,ADS,TLA",Copper,"22.25""H x 10""W x 7.25""D",,843411103393,https://s3.us-west-2.amazonaws.com/catsy.962/_lg/4075886394/TE22G.jpg,379,758,834,FIN001,Y,,,,,DEC047,ELE003,GAS001,Flush Mount,,Gas,Brass,Tempered Glass,7.25,,,,,,,,,,,,Yes,,,,CSA,This product is compliant with California Title 20 requirements when sold and shipped with a light source. Any included lamping must meet California Title 20 standards.,This decorative fixture is not title 24 ja8 certified. Compliance may be achieved when installed with a customer-provided ja8-compliant light source.,WARNING: This product may expose you to chemicals including lead and other substances known to the State of California to cause cancer and k birth defects or other reproductive harm. For more information visit www.P65Warnings.ca.gov,TE22G,"Our Terra lantern is designed for flush wall installation, offering a clean architectural profile ideal for entries, porches, and sheltered outdoor corridors. Handcrafted from solid copper, it provides natural gas or propane and delivers dependable performance in any climate.",https://thecoppersmith.net/warranty-return/,China,0,1,1,,
TR19E,CopperSmith Biltmore Traveler 19 Electric Lantern Wall Sconce,,The CopperSmith Biltmore®,Traveler,Electric Lanterns,,"CSHI,HSI1,HSI2,703001,703002",Copper,"18.75""H x 8.875""W x 8.875""D",14,843411113392,https://s3.us-west-2.amazonaws.com/catsy.962/_lg/4075886393/TR19LE.jpg,484,968,1065,FIN001,Y,WM036,,CM117,PP036,,ELE004,,Biltmore®,Transitional,Electric,Brass,Tempered Glass,11.25,6,12,6,2,E12,2,60,120,120,No,B,Yes,,Wet,No,CSA,This product is compliant with California Title 20 requirements when sold and shipped with a light source. Any included lamping must meet California Title 20 standards.,This decorative fixture is not title 24 ja8 certified. Compliance may be achieved when installed with a customer-provided ja8-compliant light source.,WARNING: This product may expose you to chemicals including lead and other substances known to the State of California to cause cancer and k birth defects or other reproductive harm. For more information visit www.P65Warnings.ca.gov,TR19E,"Our Biltmore® Traveler lantern is crafted as a wall-mounted lantern, built from solid copper and designed to age gracefully with a natural patina. It provides electric illumination for everyday exterior use and can also be configured with ceiling mount, post mount, pier mount, yoke mount to suit a wide range of architectural applications.",https://thecoppersmith.net/warranty-return/,China,0,1,1,,
TR19G,CopperSmith Biltmore Traveler 19 Gas Lantern Wall Sconce,,The CopperSmith Biltmore®,Traveler,Gas Lanterns,,"WGS,GLC",Copper,"18.75""H x 8.875""W x 8.875""D",14,843411113385,https://s3.us-west-2.amazonaws.com/catsy.962/_lg/4075886493/FTR19G.jpg,484,968,1065,FIN001,Y,WM036,,CM118,PP036,,,GAS001,Biltmore®,Transitional,Gas,Brass,Tempered Glass,11.25,6,12,,,,,,,,,,Yes,,Wet,No,CSA,This product is compliant with California Title 20 requirements when sold and shipped with a light source. Any included lamping must meet California Title 20 standards.,This decorative fixture is not title 24 ja8 certified. Compliance may be achieved when installed with a customer-provided ja8-compliant light source.,WARNING: This product may expose you to chemicals including lead and other substances known to the State of California to cause cancer and k birth defects or other reproductive harm. For more information visit www.P65Warnings.ca.gov,TR19G,"Our Biltmore® Traveler lantern is crafted as a wall-mounted lantern, built from solid copper and designed to age gracefully with a natural patina. It provides natural gas or propane for everyday exterior use and can also be configured with post mount, pier mount, yoke mount, ceiling mount to suit a wide range of architectural applications.",https://thecoppersmith.net/warranty-return/,China,0,1,1,,
TR25E,CopperSmith Biltmore Traveler 25 Electric Lantern Wall Sconce,,The CopperSmith Biltmore®,Traveler,Electric Lanterns,,"CSHI,HSI1,HSI2,703001,703002",Copper,"24.625""H x 11.25""W x 11.25""D",21,843411113422,https://s3.us-west-2.amazonaws.com/catsy.962/_lg/4075886395/TR25E.jpg,742,1484,1632,FIN001,Y,WM037,,CM119,PP037,,ELE004,,Biltmore®,Transitional,Electric,Brass,Tempered Glass,13.625,6,16,6,2,E12,2,60,120,120,No,B,Yes,,Wet,No,CSA,This product is compliant with California Title 20 requirements when sold and shipped with a light source. Any included lamping must meet California Title 20 standards.,This decorative fixture is not title 24 ja8 certified. Compliance may be achieved when installed with a customer-provided ja8-compliant light source.,WARNING: This product may expose you to chemicals including lead and other substances known to the State of California to cause cancer and k birth defects or other reproductive harm. For more information visit www.P65Warnings.ca.gov,TR25E,"Our Biltmore® Traveler lantern is crafted as a wall-mounted lantern, built from solid copper and designed to age gracefully with a natural patina. It provides electric illumination for everyday exterior use and can also be configured with ceiling mount, post mount, pier mount, yoke mount to suit a wide range of architectural applications.",https://thecoppersmith.net/warranty-return/,China,0,1,1,,
TR25G,CopperSmith Biltmore Traveler 25 Gas Lantern Wall Sconce,,The CopperSmith Biltmore®,Traveler,Gas Lanterns,,"WGL,GLC",Copper,"24.625""H x 11.25""W x 11.25""D",21,843411113415,https://s3.us-west-2.amazonaws.com/catsy.962/_lg/4075886392/TR25G.jpg,742,1484,1632,FIN001,Y,WM037,,CM120,PP037,,,GAS002,Biltmore®,Transitional,Gas,Brass,Tempered Glass,13.625,6,16,,,,,,,,,,Yes,,Wet,No,CSA,This product is compliant with California Title 20 requirements when sold and shipped with a light source. Any included lamping must meet California Title 20 standards.,This decorative fixture is not title 24 ja8 certified. Compliance may be achieved when installed with a customer-provided ja8-compliant light source.,WARNING: This product may expose you to chemicals including lead and other substances known to the State of California to cause cancer and k birth defects or other reproductive harm. For more information visit www.P65Warnings.ca.gov,TR25G,"Our Biltmore® Traveler lantern is crafted as a wall-mounted lantern, built from solid copper and designed to age gracefully with a natural patina. It provides natural gas or propane for everyday exterior use and can also be configured with post mount, pier mount, yoke mount, ceiling mount to suit a wide range of architectural applications.",https://thecoppersmith.net/warranty-return/,China,0,1,1,,
TR31E,CopperSmith Biltmore Traveler 31 Electric Lantern Wall Sconce,,The CopperSmith Biltmore®,Traveler,Electric Lanterns,,"CSHI,HSI1,HSI2,703001,703002",Copper,"30.75""H x 14""W x 14""D",37,843411113453,https://s3.us-west-2.amazonaws.com/catsy.962/_lg/4075986063/TR31E.jpg,1506,3012,3313,FIN001,Y,WM038,,CM121,PP038,,ELE004,,Biltmore®,Transitional,Electric,Brass,Tempered Glass,16.125,7,20,6,2,E12,3,60,180,120,No,B,Yes,,Wet,No,CSA,This product is compliant with California Title 20 requirements when sold and shipped with a light source. Any included lamping must meet California Title 20 standards.,This decorative fixture is not title 24 ja8 certified. Compliance may be achieved when installed with a customer-provided ja8-compliant light source.,WARNING: This product may expose you to chemicals including lead and other substances known to the State of California to cause cancer and k birth defects or other reproductive harm. For more information visit www.P65Warnings.ca.gov,TR31E,"Our Biltmore® Traveler lantern is crafted as a wall-mounted lantern, built from solid copper and designed to age gracefully with a natural patina. It provides electric illumination for everyday exterior use and can also be configured with ceiling mount, post mount, pier mount, yoke mount to suit a wide range of architectural applications.",https://thecoppersmith.net/warranty-return/,China,0,1,1,,
TR31G,CopperSmith Biltmore Traveler 31 Gas Lantern Wall Sconce,,The CopperSmith Biltmore®,Traveler,Gas Lanterns,,"WGL,GLC",Copper,"30.75""H x 14""W x 14""D",37,843411113446,https://s3.us-west-2.amazonaws.com/catsy.962/_lg/4076158110/TR31-G.jpg,1506,3012,3313,FIN001,Y,WM038,,CM122,PP038,,,GAS002,Biltmore®,Transitional,Gas,Brass,Tempered Glass,16.125,7,20,,,,,,,,,,Yes,,Wet,No,CSA,This product is compliant with California Title 20 requirements when sold and shipped with a light source. Any included lamping must meet California Title 20 standards.,This decorative fixture is not title 24 ja8 certified. Compliance may be achieved when installed with a customer-provided ja8-compliant light source.,WARNING: This product may expose you to chemicals including lead and other substances known to the State of California to cause cancer and k birth defects or other reproductive harm. For more information visit www.P65Warnings.ca.gov,TR31G,"Our Biltmore® Traveler lantern is crafted as a wall-mounted lantern, built from solid copper and designed to age gracefully with a natural patina. It provides natural gas or propane for everyday exterior use and can also be configured with post mount, pier mount, yoke mount to suit a wide range of architectural applications.",https://thecoppersmith.net/warranty-return/,China,0,1,1,,
VB22E,CopperSmith Biltmore Vestibule 22 Electric Lantern Wall Sconce,,The CopperSmith Biltmore®,Biltmore® Vestibule,Electric Lanterns,,"CSHI,HSI1,HSI2,703001,703002",Copper,"22.375""H x 12.125""W x 12.125""D",15,843411113477,https://s3.us-west-2.amazonaws.com/catsy.962/_lg/4075986060/VB22E.jpg,502,1004,1104,FIN001,Y,WM004,,CM123,PP004,,ELE004,,Biltmore®,Traditional,Electric,Brass,Tempered Glass,14.75,6,11,6,2,E12,2,60,120,120,No,B,Yes,,Wet,No,CSA,This product is compliant with California Title 20 requirements when sold and shipped with a light source. Any included lamping must meet California Title 20 standards.,This decorative fixture is not title 24 ja8 certified. Compliance may be achieved when installed with a customer-provided ja8-compliant light source.,WARNING: This product may expose you to chemicals including lead and other substances known to the State of California to cause cancer and k birth defects or other reproductive harm. For more information visit www.P65Warnings.ca.gov,VB22E,"Our Biltmore® Vestibule lantern is crafted as a wall-mounted lantern, built from solid copper and designed to age gracefully with a natural patina. It provides electric illumination for everyday exterior use and can also be configured with ceiling mount, post mount, pier mount, yoke mount to suit a wide range of architectural applications.",https://thecoppersmith.net/warranty-return/,China,0,1,1,,
VB22G,CopperSmith Biltmore Vestibule 22 Gas Lantern Wall Sconce,,The CopperSmith Biltmore®,Biltmore® Vestibule,Gas Lanterns,,"WGS,GLC",Copper,"22.375""H x 12.125""W x 12.125""D",15,843411113484,https://s3.us-west-2.amazonaws.com/catsy.962/_lg/4075886387/VB22G.jpg,502,1004,1104,FIN001,Y,WM004,,CM008,PP004,,,GAS001,Biltmore®,Traditional,Gas,Brass,Tempered Glass,14.75,6,11,,,,,,,,,,Yes,,Wet,No,CSA,This product is compliant with California Title 20 requirements when sold and shipped with a light source. Any included lamping must meet California Title 20 standards.,This decorative fixture is not title 24 ja8 certified. Compliance may be achieved when installed with a customer-provided ja8-compliant light source.,WARNING: This product may expose you to chemicals including lead and other substances known to the State of California to cause cancer and k birth defects or other reproductive harm. For more information visit www.P65Warnings.ca.gov,VB22G,"Our Biltmore® Vestibule lantern is crafted as a wall-mounted lantern, built from solid copper and designed to age gracefully with a natural patina. It provides natural gas or propane for everyday exterior use and can also be configured with post mount, pier mount, yoke mount, ceiling mount to suit a wide range of architectural applications.",https://thecoppersmith.net/warranty-return/,China,0,1,1,,
VB29E,CopperSmith Biltmore Vestibule 29 Electric Lantern Wall Sconce,,The CopperSmith Biltmore®,Biltmore® Vestibule,Electric Lanterns,,"CSHI,HSI1,HSI2,703001,703002",Copper,"28.625""H x 15.5""W x 15.5""D",22,843411113514,https://s3.us-west-2.amazonaws.com/catsy.962/_lg/4075886386/VB29E.jpg,747,1494,1643,FIN001,Y,WM005,,CM124,PP005,,ELE004,,Biltmore®,Traditional,Electric,Brass,Tempered Glass,18.125,6,14,6,2,E12,2,60,120,120,No,B,Yes,,Wet,No,CSA,This product is compliant with California Title 20 requirements when sold and shipped with a light source. Any included lamping must meet California Title 20 standards.,This decorative fixture is not title 24 ja8 certified. Compliance may be achieved when installed with a customer-provided ja8-compliant light source.,WARNING: This product may expose you to chemicals including lead and other substances known to the State of California to cause cancer and k birth defects or other reproductive harm. For more information visit www.P65Warnings.ca.gov,VB29E,"Our Biltmore® Vestibule lantern is crafted as a wall-mounted lantern, built from solid copper and designed to age gracefully with a natural patina. It provides electric illumination for everyday exterior use and can also be configured with ceiling mount, post mount, pier mount, yoke mount to suit a wide range of architectural applications.",https://thecoppersmith.net/warranty-return/,China,0,1,1,,
VB29G,CopperSmith Biltmore Vestibule 29 Gas Lantern Wall Sconce,,The CopperSmith Biltmore®,Biltmore® Vestibule,Gas Lanterns,,"WGL,GLC",Copper,"28.625""H x 15.5""W x 15.5""D",22,843411113507,https://s3.us-west-2.amazonaws.com/catsy.962/_lg/4075886389/VB29G.jpg,747,1494,1643,FIN001,Y,WM005,,CM010,PP005,,,GAS002,Biltmore®,Traditional,Gas,Brass,Tempered Glass,18.125,6,14,,,,,,,,,,Yes,,Wet,No,CSA,This product is compliant with California Title 20 requirements when sold and shipped with a light source. Any included lamping must meet California Title 20 standards.,This decorative fixture is not title 24 ja8 certified. Compliance may be achieved when installed with a customer-provided ja8-compliant light source.,WARNING: This product may expose you to chemicals including lead and other substances known to the State of California to cause cancer and k birth defects or other reproductive harm. For more information visit www.P65Warnings.ca.gov,VB29G,"Our Biltmore® Vestibule lantern is crafted as a wall-mounted lantern, built from solid copper and designed to age gracefully with a natural patina. It provides natural gas or propane for everyday exterior use and can also be configured with post mount, pier mount, yoke mount, ceiling mount to suit a wide range of architectural applications.",https://thecoppersmith.net/warranty-return/,China,0,1,1,,
VB35E,CopperSmith Biltmore Vestibule 35 Electric Lantern Wall Sconce,,The CopperSmith Biltmore®,Biltmore® Vestibule,Electric Lanterns,,"CSHI,HSI1,HSI2,703001,703002",Copper,"34.875""H x 18.875""W x 18.875""D",35,843411113545,https://s3.us-west-2.amazonaws.com/catsy.962/_lg/4075986059/VB35E.jpg,1173,2346,2581,FIN001,Y,WM006,,CM011,PP006,,ELE004,,Biltmore®,Traditional,Electric,Brass,Tempered Glass,21.25,7,17,6,2,E12,3,60,180,120,No,B,Yes,,Wet,No,CSA,This product is compliant with California Title 20 requirements when sold and shipped with a light source. Any included lamping must meet California Title 20 standards.,This decorative fixture is not title 24 ja8 certified. Compliance may be achieved when installed with a customer-provided ja8-compliant light source.,WARNING: This product may expose you to chemicals including lead and other substances known to the State of California to cause cancer and k birth defects or other reproductive harm. For more information visit www.P65Warnings.ca.gov,VB35E,"Our Biltmore® Vestibule lantern is crafted as a wall-mounted lantern, built from solid copper and designed to age gracefully with a natural patina. It provides electric illumination for everyday exterior use and can also be configured with ceiling mount, post mount, pier mount, yoke mount to suit a wide range of architectural applications.",https://thecoppersmith.net/warranty-return/,China,0,1,1,,
VB35G,CopperSmith Biltmore Vestibule 35 Gas Lantern Wall Sconce,,The CopperSmith Biltmore®,Biltmore® Vestibule,Gas Lanterns,,"WGL,GLC",Copper,"34.875""H x 18.875""W x 18.875""D",35,843411113538,https://s3.us-west-2.amazonaws.com/catsy.962/_lg/4075986058/VB35G.jpg,1173,2346,2581,FIN001,Y,WM006,,CM012,PP006,,,GAS002,Biltmore®,Traditional,Gas,Brass,Tempered Glass,21.25,7,17,,,,,,,,,,Yes,,Wet,No,CSA,This product is compliant with California Title 20 requirements when sold and shipped with a light source. Any included lamping must meet California Title 20 standards.,This decorative fixture is not title 24 ja8 certified. Compliance may be achieved when installed with a customer-provided ja8-compliant light source.,WARNING: This product may expose you to chemicals including lead and other substances known to the State of California to cause cancer and k birth defects or other reproductive harm. For more information visit www.P65Warnings.ca.gov,VB35G,"Our Biltmore® Vestibule lantern is crafted as a wall-mounted lantern, built from solid copper and designed to age gracefully with a natural patina. It provides natural gas or propane for everyday exterior use and can also be configured with post mount, pier mount, yoke mount to suit a wide range of architectural applications.",https://thecoppersmith.net/warranty-return/,China,0,1,1,,
VR22E,CopperSmith Vieira 22 Electric Lantern Wall Sconce,,The CopperSmith,Viera,"Flush Mount,Electric Lanterns",,"ADS,CSHI,HSI1,HSI2,TLA,703001,703002",Copper,"21.5""H x 10.5""W x 10.5""D",16,843411115433,https://s3.us-west-2.amazonaws.com/catsy.962/_lg/4075886390/VR22E.jpg,428,856,942,FIN001,Y,,,,,DEC017,ELE002,,Contemporary,Flush Mount,Electric,Brass,Tempered Glass,10.5,,,,,E12,2,60,120,120,No,B,Yes,Configuration Available,Wet,No,CSA,This product is compliant with California Title 20 requirements when sold and shipped with a light source. Any included lamping must meet California Title 20 standards.,This decorative fixture is not title 24 ja8 certified. Compliance may be achieved when installed with a customer-provided ja8-compliant light source.,WARNING: This product may expose you to chemicals including lead and other substances known to the State of California to cause cancer and k birth defects or other reproductive harm. For more information visit www.P65Warnings.ca.gov,VR22E,"Our Viera lantern is crafted as a flush wall-mounted lantern, built from solid copper and designed to age gracefully with a natural patina. It provides electric illumination for everyday exterior use and complements both traditional and coastal architecture.",https://thecoppersmith.net/warranty-return/,China,0,1,1,,
VR22G,CopperSmith Vieira 22 Gas Lantern Wall Sconce,,The CopperSmith,Viera,"Flush Mount,Gas Lanterns",,"GLC,ADS,TLA",Copper,"21.5""H x 10.5""W x 10.5""D",16,843411115426,https://s3.us-west-2.amazonaws.com/catsy.962/_lg/4075886381/VR22G.jpg,428,856,942,FIN001,Y,,,,,DEC017,ELE003,GAS007,Contemporary,Flush Mount,Gas,Brass,Tempered Glass,10.5,,,,,,,,,,,,Yes,Configuration Available,Wet,No,CSA,This product is compliant with California Title 20 requirements when sold and shipped with a light source. Any included lamping must meet California Title 20 standards.,This decorative fixture is not title 24 ja8 certified. Compliance may be achieved when installed with a customer-provided ja8-compliant light source.,WARNING: This product may expose you to chemicals including lead and other substances known to the State of California to cause cancer and k birth defects or other reproductive harm. For more information visit www.P65Warnings.ca.gov,VR22G,"Our Viera lantern is crafted as a wall-mounted lantern, built from solid copper and designed to age gracefully with a natural patina. It provides natural gas or propane for everyday exterior use and complements both traditional and coastal architecture.",https://thecoppersmith.net/warranty-return/,China,0,1,1,,
VR25E,CopperSmith Vieira 25 Electric Lantern Wall Sconce,,The CopperSmith,Viera,"Flush Mount,Electric Lanterns",,"ADS,CSHI,HSI1,HSI2,TLA,703001,703002",Copper,"25.5""H x 10.5""W x 10.5""D",19,843411115457,vr25e.jpg,455,910,1001,FIN001,Y,,,,,DEC017,ELE002,,Contemporary,Flush Mount,Electric,Brass,Tempered Glass,10.5,,,,,E12,2,60,120,120,No,B,Yes,Configuration Available,Wet,No,CSA,This product is compliant with California Title 20 requirements when sold and shipped with a light source. Any included lamping must meet California Title 20 standards.,This decorative fixture is not title 24 ja8 certified. Compliance may be achieved when installed with a customer-provided ja8-compliant light source.,WARNING: This product may expose you to chemicals including lead and other substances known to the State of California to cause cancer and k birth defects or other reproductive harm. For more information visit www.P65Warnings.ca.gov,VR25E,"Our Viera lantern is crafted as a wall-mounted lantern, built from solid copper and designed to age gracefully with a natural patina. It provides electric illumination for everyday exterior use and complements both traditional and coastal architecture.",https://thecoppersmith.net/warranty-return/,China,0,1,1,,
VR25G,CopperSmith Vieira 25 Gas Lantern Wall Sconce,,The CopperSmith,Viera,"Flush Mount,Gas Lanterns",,"GLC,ADS,TLA",Copper,"25.5""H x 10.5""W x 10.5""D",19,843411115440,vr25g.jpg,455,910,1001,FIN001,Y,,,,,DEC017,ELE003,GAS007,Contemporary,Flush Mount,Gas,Brass,Tempered Glass,10.5,,,,,,,,,,,,Yes,Configuration Available,Wet,No,CSA,This product is compliant with California Title 20 requirements when sold and shipped with a light source. Any included lamping must meet California Title 20 standards.,This decorative fixture is not title 24 ja8 certified. Compliance may be achieved when installed with a customer-provided ja8-compliant light source.,WARNING: This product may expose you to chemicals including lead and other substances known to the State of California to cause cancer and k birth defects or other reproductive harm. For more information visit www.P65Warnings.ca.gov,VR25G,"Our Viera lantern is crafted as a wall-mounted lantern, built from solid copper and designed to age gracefully with a natural patina. It provides natural gas or propane for everyday exterior use and complements both traditional and coastal architecture.",https://thecoppersmith.net/warranty-return/,China,0,1,1,,
VR29E,CopperSmith Vieira 29 Electric Lantern Wall Sconce,,The CopperSmith,Viera,"Flush Mount,Electric Lanterns",,"ADS,CSHI,HSI1,HSI2,TLA,703001,703002",Copper,"28""H x 13""W x 13""D",28,843411115471,https://s3.us-west-2.amazonaws.com/catsy.962/_lg/4075886382/VR29E.jpg,550,1100,1210,FIN001,Y,,,,,DEC017,ELE002,,Contemporary,Flush Mount,Electric,Brass,Tempered Glass,13,,,,,E12,3,60,180,120,No,B,Yes,Configuration Available,Wet,No,CSA,This product is compliant with California Title 20 requirements when sold and shipped with a light source. Any included lamping must meet California Title 20 standards.,This decorative fixture is not title 24 ja8 certified. Compliance may be achieved when installed with a customer-provided ja8-compliant light source.,WARNING: This product may expose you to chemicals including lead and other substances known to the State of California to cause cancer and k birth defects or other reproductive harm. For more information visit www.P65Warnings.ca.gov,VR29E,"Our Viera lantern is crafted as a wall-mounted lantern, built from solid copper and designed to age gracefully with a natural patina. It provides electric illumination for everyday exterior use and complements both traditional and coastal architecture.",https://thecoppersmith.net/warranty-return/,China,0,1,1,,
VR29G,CopperSmith Vieira 29 Gas Lantern Wall Sconce,,The CopperSmith,Viera,"Flush Mount,Gas Lanterns",,"GLC,ADS,TLA",Copper,"28""H x 13""W x 13""D",28,843411115464,https://s3.us-west-2.amazonaws.com/catsy.962/_lg/4075886383/VR29G.jpg,550,1100,1210,FIN001,Y,,,,,DEC017,ELE003,GAS007,Contemporary,Flush Mount,Gas,Brass,Tempered Glass,13,,,,,,,,,,,,Yes,Configuration Available,Wet,No,CSA,This product is compliant with California Title 20 requirements when sold and shipped with a light source. Any included lamping must meet California Title 20 standards.,This decorative fixture is not title 24 ja8 certified. Compliance may be achieved when installed with a customer-provided ja8-compliant light source.,WARNING: This product may expose you to chemicals including lead and other substances known to the State of California to cause cancer and k birth defects or other reproductive harm. For more information visit www.P65Warnings.ca.gov,VR29G,"Our Viera lantern is crafted as a wall-mounted lantern, built from solid copper and designed to age gracefully with a natural patina. It provides natural gas or propane for everyday exterior use and complements both traditional and coastal architecture.",https://thecoppersmith.net/warranty-return/,China,0,1,1,,
WS23E,CopperSmith Water Street 23 Electric Lantern Wall Sconce,,The CopperSmith,Water Street,"Flush Mount,Electric Lanterns",,"ADS,CSHI,HSI1,HSI2,TLA,703001,703002",Copper,"23""H x 7.25""W x 7.25""D",,843411103416,https://s3.us-west-2.amazonaws.com/catsy.962/_lg/4075886380/WS28E.jpg,388,776,854,FIN001,Y,,,,,DEC019,ELE002,,Flush Mount,,Electric,Brass,Tempered Glass,8.25,,,,,E12,2,60,120,120,No,B,Yes,Configuration Available,Wet,,CSA,This product is compliant with California Title 20 requirements when sold and shipped with a light source. Any included lamping must meet California Title 20 standards.,This decorative fixture is not title 24 ja8 certified. Compliance may be achieved when installed with a customer-provided ja8-compliant light source.,WARNING: This product may expose you to chemicals including lead and other substances known to the State of California to cause cancer and k birth defects or other reproductive harm. For more information visit www.P65Warnings.ca.gov,WS23E,"Our Water Street lantern is designed for flush wall installation, offering a clean architectural profile ideal for entries, porches, and sheltered outdoor corridors. Handcrafted from solid copper, it provides electric illumination and delivers dependable performance in any climate.",https://thecoppersmith.net/warranty-return/,China,0,1,1,,
WS23G,CopperSmith Water Street 23 Gas Lantern Wall Sconce,,The CopperSmith,Water Street,"Flush Mount,Gas Lanterns",,"WGS,GLC,ADS,TLA",Copper,"23""H x 7.25""W x 7.25""D",,843411103416,https://s3.us-west-2.amazonaws.com/catsy.962/_lg/4075986057/WS23G.jpg,388,776,854,FIN001,Y,,,,,DEC019,ELE003,GAS001,Flush Mount,,Gas,Brass,Tempered Glass,8.25,,,,,,,,,,,,Yes,Configuration Available,Wet,,CSA,This product is compliant with California Title 20 requirements when sold and shipped with a light source. Any included lamping must meet California Title 20 standards.,This decorative fixture is not title 24 ja8 certified. Compliance may be achieved when installed with a customer-provided ja8-compliant light source.,WARNING: This product may expose you to chemicals including lead and other substances known to the State of California to cause cancer and k birth defects or other reproductive harm. For more information visit www.P65Warnings.ca.gov,WS23G,"Our Water Street lantern is designed for flush wall installation, offering a clean architectural profile ideal for entries, porches, and sheltered outdoor corridors. Handcrafted from solid copper, it provides natural gas or propane and delivers dependable performance in any climate.",https://thecoppersmith.net/warranty-return/,China,0,1,1,,
WS28E,CopperSmith Water Street 28 Electric Lantern Wall Sconce,,The CopperSmith,Water Street,"Flush Mount,Electric Lanterns",,"ADS,CSHI,HSI1,HSI2,TLA,703001,703002",Copper,"27.75""H x 8.5""W x 8.5""D",,843411103416,https://s3.us-west-2.amazonaws.com/catsy.962/_lg/4075886380/WS28E.jpg,485,970,1067,FIN001,Y,,,,,DEC048,ELE002,,Flush Mount,,Electric,Brass,Tempered Glass,9.75,,,,,E12,2,60,120,120,No,B,Yes,Configuration Available,Wet,,CSA,This product is compliant with California Title 20 requirements when sold and shipped with a light source. Any included lamping must meet California Title 20 standards.,This decorative fixture is not title 24 ja8 certified. Compliance may be achieved when installed with a customer-provided ja8-compliant light source.,WARNING: This product may expose you to chemicals including lead and other substances known to the State of California to cause cancer and k birth defects or other reproductive harm. For more information visit www.P65Warnings.ca.gov,WS28E,"Our Water Street lantern is designed for flush wall installation, offering a clean architectural profile ideal for entries, porches, and sheltered outdoor corridors. Handcrafted from solid copper, it provides electric illumination and delivers dependable performance in any climate.",https://thecoppersmith.net/warranty-return/,China,0,1,1,,
WS28G,CopperSmith Water Street 28 Gas Lantern Wall Sconce,,The CopperSmith,Water Street,"Flush Mount,Gas Lanterns",,"WGS,GLC,ADS,TLA",Copper,"27.75""H x 8.5""W x 8.5""D",,843411103416,https://s3.us-west-2.amazonaws.com/catsy.962/_lg/4075886378/WS28G%28LA%29.jpg,485,970,1067,FIN001,Y,,,,,DEC048,ELE003,GAS001,Flush Mount,,Gas,Brass,Tempered Glass,9.75,,,,,,,,,,,,Yes,Configuration Available,Wet,,CSA,This product is compliant with California Title 20 requirements when sold and shipped with a light source. Any included lamping must meet California Title 20 standards.,This decorative fixture is not title 24 ja8 certified. Compliance may be achieved when installed with a customer-provided ja8-compliant light source.,WARNING: This product may expose you to chemicals including lead and other substances known to the State of California to cause cancer and k birth defects or other reproductive harm. For more information visit www.P65Warnings.ca.gov,WS28G,"Our Water Street lantern is designed for flush wall installation, offering a clean architectural profile ideal for entries, porches, and sheltered outdoor corridors. Handcrafted from solid copper, it provides natural gas or propane and delivers dependable performance in any climate.",https://thecoppersmith.net/warranty-return/,China,0,1,1,,
WS35E,CopperSmith Water Street 35 Electric Lantern Wall Sconce,,The CopperSmith,Water Street,"Flush Mount,Electric Lanterns",,"ADS,CSHI,HSI1,HSI2,TLA,703001,703002",Copper,"34.5""H x 10.5""W x 10.5""D",,843411103416,https://s3.us-west-2.amazonaws.com/catsy.962/_lg/4075986056/WS35E.jpg,788,1576,1734,FIN001,Y,,,,,DEC016,ELE002,,Flush Mount,,Electric,Brass,Tempered Glass,11.75,,,,,E12,3,60,180,120,No,B,Yes,Configuration Available,Wet,,CSA,This product is compliant with California Title 20 requirements when sold and shipped with a light source. Any included lamping must meet California Title 20 standards.,This decorative fixture is not title 24 ja8 certified. Compliance may be achieved when installed with a customer-provided ja8-compliant light source.,WARNING: This product may expose you to chemicals including lead and other substances known to the State of California to cause cancer and k birth defects or other reproductive harm. For more information visit www.P65Warnings.ca.gov,WS35E,"Our Water Street lantern is designed for flush wall installation, offering a clean architectural profile ideal for entries, porches, and sheltered outdoor corridors. Handcrafted from solid copper, it provides electric illumination and delivers dependable performance in any climate.",https://thecoppersmith.net/warranty-return/,China,0,1,1,,
WS35G,CopperSmith Water Street 35 Gas Lantern Wall Sconce,,The CopperSmith,Water Street,"Flush Mount,Gas Lanterns",,"WGL,GLC,ADS,TLA",Copper,"34.5""H x 10.5""W x 10.5""D",,843411103416,https://s3.us-west-2.amazonaws.com/catsy.962/_lg/4075986055/WS35G.jpg,788,1576,1734,FIN001,Y,,,,,DEC016,ELE003,GAS002,Flush Mount,,Gas,Brass,Tempered Glass,11.75,,,,,,,,,,,,Yes,Configuration Available,Wet,,CSA,This product is compliant with California Title 20 requirements when sold and shipped with a light source. Any included lamping must meet California Title 20 standards.,This decorative fixture is not title 24 ja8 certified. Compliance may be achieved when installed with a customer-provided ja8-compliant light source.,WARNING: This product may expose you to chemicals including lead and other substances known to the State of California to cause cancer and k birth defects or other reproductive harm. For more information visit www.P65Warnings.ca.gov,WS35G,"Our Water Street lantern is designed for flush wall installation, offering a clean architectural profile ideal for entries, porches, and sheltered outdoor corridors. Handcrafted from solid copper, it provides natural gas or propane and delivers dependable performance in any climate.",https://thecoppersmith.net/warranty-return/,China,0,1,1,,
YK16E,CopperSmith Yorktown 16 Electric Lantern Wall Sconce,,The CopperSmith,Yorktown,"Flush Mount,Electric Lanterns",,"ADS,CSHI,HSI1,HSI2,TLA,703001,703002",Copper,"16""H x 9.25""W x 6.5""D",,843411103607,https://s3.us-west-2.amazonaws.com/catsy.962/_lg/4075984467/YK16E.jpg,263,526,579,FIN001,Y,,,,,DEC044,ELE002,,Flush Mount,,Electric,Brass,Tempered Glass,6.5,,,,,E12,2,60,120,120,No,B,Yes,Configuration Available,Wet,,CSA,This product is compliant with California Title 20 requirements when sold and shipped with a light source. Any included lamping must meet California Title 20 standards.,This decorative fixture is not title 24 ja8 certified. Compliance may be achieved when installed with a customer-provided ja8-compliant light source.,WARNING: This product may expose you to chemicals including lead and other substances known to the State of California to cause cancer and k birth defects or other reproductive harm. For more information visit www.P65Warnings.ca.gov,YK16E,"Our Yorktown lantern is designed for flush wall installation, offering a clean architectural profile ideal for entries, porches, and sheltered outdoor corridors. Handcrafted from solid copper, it provides electric illumination and delivers dependable performance in any climate.",https://thecoppersmith.net/warranty-return/,China,0,1,1,,
YK16G,CopperSmith Yorktown 16 Gas Lantern Wall Sconce,,The CopperSmith,Yorktown,"Flush Mount,Gas Lanterns",,"WGS,GLC,ADS,TLA",Copper,"16""H x 9.25""W x 6.5""D",,843411103621,https://s3.us-west-2.amazonaws.com/catsy.962/_lg/4075984466/YK16G.jpg,263,526,579,FIN001,Y,,,,,DEC044,ELE003,GAS001,Flush Mount,,Gas,Brass,Tempered Glass,6.5,,,,,,,,,,,,Yes,Configuration Available,Wet,,CSA,This product is compliant with California Title 20 requirements when sold and shipped with a light source. Any included lamping must meet California Title 20 standards.,This decorative fixture is not title 24 ja8 certified. Compliance may be achieved when installed with a customer-provided ja8-compliant light source.,WARNING: This product may expose you to chemicals including lead and other substances known to the State of California to cause cancer and k birth defects or other reproductive harm. For more information visit www.P65Warnings.ca.gov,YK16G,"Our Yorktown lantern is designed for flush wall installation, offering a clean architectural profile ideal for entries, porches, and sheltered outdoor corridors. Handcrafted from solid copper, it provides natural gas or propane and delivers dependable performance in any climate.",https://thecoppersmith.net/warranty-return/,China,0,1,1,,
YK19E,CopperSmith Yorktown 19 Electric Lantern Wall Sconce,,The CopperSmith,Yorktown,"Flush Mount,Electric Lanterns",,"ADS,CSHI,HSI1,HSI2,TLA,703001,703002",Copper,"18.75""H x 10""W x 7.25""D",,843411103638,https://s3.us-west-2.amazonaws.com/catsy.962/_lg/4075984469/YK19E.jpg,379,758,834,FIN001,Y,,,,,DEC046,ELE002,,Flush Mount,,Electric,Brass,Tempered Glass,7.25,,,,,E12,2,60,120,120,No,B,Yes,Configuration Available,Wet,,CSA,This product is compliant with California Title 20 requirements when sold and shipped with a light source. Any included lamping must meet California Title 20 standards.,This decorative fixture is not title 24 ja8 certified. Compliance may be achieved when installed with a customer-provided ja8-compliant light source.,WARNING: This product may expose you to chemicals including lead and other substances known to the State of California to cause cancer and k birth defects or other reproductive harm. For more information visit www.P65Warnings.ca.gov,YK19E,"Our Yorktown lantern is designed for flush wall installation, offering a clean architectural profile ideal for entries, porches, and sheltered outdoor corridors. Handcrafted from solid copper, it provides electric illumination and delivers dependable performance in any climate.",https://thecoppersmith.net/warranty-return/,China,0,1,1,,
YK19G,CopperSmith Yorktown 19 Gas Lantern Wall Sconce,,The CopperSmith,Yorktown,"Flush Mount,Gas Lanterns",,"WGS,GLC,ADS,TLA",Copper,"18.75""H x 10""W",,843411103621,https://s3.us-west-2.amazonaws.com/catsy.962/_lg/4075984465/YK19G.jpg,379,758,834,FIN001,Y,,,,,DEC046,ELE003,GAS001,Flush Mount,,Gas,Brass,Tempered Glass,7.25,,,,,,,,,,,,Yes,Configuration Available,Wet,,CSA,This product is compliant with California Title 20 requirements when sold and shipped with a light source. Any included lamping must meet California Title 20 standards.,This decorative fixture is not title 24 ja8 certified. Compliance may be achieved when installed with a customer-provided ja8-compliant light source.,WARNING: This product may expose you to chemicals including lead and other substances known to the State of California to cause cancer and k birth defects or other reproductive harm. For more information visit www.P65Warnings.ca.gov,YK19G,"Our Yorktown lantern is designed for flush wall installation, offering a clean architectural profile ideal for entries, porches, and sheltered outdoor corridors. Handcrafted from solid copper, it provides natural gas or propane and delivers dependable performance in any climate.",https://thecoppersmith.net/warranty-return/,China,0,1,1,,
AS41W,CopperSmith Adam Street 41 Weiyan LED Flame Lantern Wall Sconce,,The CopperSmith,Adam Street,LED Fixtures,N,"AS42W,AS43W,AS44W,FB1,FB12V",Copper,"18.75""H x 10.5""W x 10.5""D",10,843411100019,,379,758,834,FIN001,Y,WM010,WA001,CM027,PP015,DEC005,,,,Traditional,Electric,Brass,Hammered Glass,12.25,6,5,5,2,E26,1,5,5,110,Yes,Weiyan® LED Flame Bulb,Yes,No,Wet,No,CSA,This product is compliant with California Title 20 requirements when sold and shipped with a light source. Any included lamping must meet California Title 20 standards.,,WARNING: This product may expose you to chemicals including lead and other substances known to the State of California to cause cancer and k birth defects or other reproductive harm. For more information visit www.P65Warnings.ca.gov,AS41W,"Bring the romance of a gas flame to outdoor spaces with the Adam Street Weiyan® LED Flame Fixture. This handcrafted copper lantern includes the Weiyan® LED Simulated Gas Flame bulb and patented 110V flame simulation technology, using hammered glass to create a lifelike flicker with efficient LED performance. It is a refined Outdoor LED Fixture option for homeowners, designers, and builders who want the atmosphere of gas lighting without gas-line installation.",https://thecoppersmith.net/warranty-return/,China,0,1,1,,
AS42W,CopperSmith Adam Street 42 Weiyan LED Flame Lantern Wall Sconce,,The CopperSmith,Adam Street,LED Fixtures,Y,"AS41W,AS43W,AS44W,FB1,FB12V",Copper,"23.25""H x 12.25""W x 12.25""D",14,843411100040,,485,970,1067,FIN001,Y,WM011,WA002,CM029,PP016,DEC005,,,,Traditional,Electric,Brass,Hammered Glass,14,6,5,5,2,E26,1,5,5,110,Yes,Weiyan® LED Flame Bulb,Yes,No,Wet,No,CSA,This product is compliant with California Title 20 requirements when sold and shipped with a light source. Any included lamping must meet California Title 20 standards.,,WARNING: This product may expose you to chemicals including lead and other substances known to the State of California to cause cancer and k birth defects or other reproductive harm. For more information visit www.P65Warnings.ca.gov,AS42W,"Bring the romance of a gas flame to outdoor spaces with the Adam Street Weiyan® LED Flame Fixture. This handcrafted copper lantern includes the Weiyan® LED Simulated Gas Flame bulb and patented 110V flame simulation technology, using hammered glass to create a lifelike flicker with efficient LED performance. It is a refined Outdoor LED Fixture option for homeowners, designers, and builders who want the atmosphere of gas lighting without gas-line installation.",https://thecoppersmith.net/warranty-return/,China,0,1,1,,
AS43W,CopperSmith Adam Street 43 Weiyan LED Flame Lantern Wall Sconce,,The CopperSmith,Adam Street,LED Fixtures,Y,"AS41W,AS42W,AS44W,FB1,FB12V",Copper,"28.5""H x 15.25""W x 15.25""D",20,843411100071,as43w.jpg,684,1368,1505,FIN001,Y,WM012,WA003,CM031,PP016,DEC006,,,,Traditional,Electric,Brass,Hammered Glass,17.25,6,5,5,2,E26,1,5,5,110,Yes,Weiyan® LED Flame Bulb,Yes,No,Wet,No,CSA,This product is compliant with California Title 20 requirements when sold and shipped with a light source. Any included lamping must meet California Title 20 standards.,,WARNING: This product may expose you to chemicals including lead and other substances known to the State of California to cause cancer and k birth defects or other reproductive harm. For more information visit www.P65Warnings.ca.gov,AS43W,"Bring the romance of a gas flame to outdoor spaces with the Adam Street Weiyan® LED Flame Fixture. This handcrafted copper lantern includes the Weiyan® LED Simulated Gas Flame bulb and patented 110V flame simulation technology, using hammered glass to create a lifelike flicker with efficient LED performance. It is a refined Outdoor LED Fixture option for homeowners, designers, and builders who want the atmosphere of gas lighting without gas-line installation.",https://thecoppersmith.net/warranty-return/,China,0,1,1,,
AS44W,CopperSmith Adam Street 44 Weiyan LED Flame Lantern Wall Sconce,,The CopperSmith,Adam Street,LED Fixtures,Y,"AS41W,AS42W,AS43W,FB1,FB12V",Copper,"32.75""H x 17.5""W x 17.5""D",24,843411100101,,843,1686,1855,FIN001,Y,WM012,WA004,CM033,PP017,DEC007,,,,Traditional,Electric,Brass,Hammered Glass,19.5,6,5,5,2,E26,1,5,5,110,Yes,Weiyan® LED Flame Bulb,Yes,No,Wet,No,CSA,This product is compliant with California Title 20 requirements when sold and shipped with a light source. Any included lamping must meet California Title 20 standards.,,WARNING: This product may expose you to chemicals including lead and other substances known to the State of California to cause cancer and k birth defects or other reproductive harm. For more information visit www.P65Warnings.ca.gov,AS44W,"Bring the romance of a gas flame to outdoor spaces with the Adam Street Weiyan® LED Flame Fixture. This handcrafted copper lantern includes the Weiyan® LED Simulated Gas Flame bulb and patented 110V flame simulation technology, using hammered glass to create a lifelike flicker with efficient LED performance. It is a refined Outdoor LED Fixture option for homeowners, designers, and builders who want the atmosphere of gas lighting without gas-line installation.",https://thecoppersmith.net/warranty-return/,China,0,1,1,,
AC15W,CopperSmith Arcadia 15 Weiyan LED Flame Lantern Wall Sconce,,The CopperSmith,Arcadia,LED Fixtures,N,"AC18W,AC22W,FB1,FB12V",Copper,"15.25""H x 8""W x 6""D",,843411103195,,253,506,557,FIN001,Y,,,,,,,,,Traditional,Electric,Brass,Hammered Glass,6,,,,,E26,1,5,5,110,Yes,Weiyan® LED Flame Bulb,Yes,No,Wet,No,CSA,This product is compliant with California Title 20 requirements when sold and shipped with a light source. Any included lamping must meet California Title 20 standards.,,WARNING: This product may expose you to chemicals including lead and other substances known to the State of California to cause cancer and k birth defects or other reproductive harm. For more information visit www.P65Warnings.ca.gov,AC15W,"Bring the romance of a gas flame to outdoor spaces with the Arcadia Weiyan® LED Flame Fixture. This handcrafted copper lantern includes the Weiyan® LED Simulated Gas Flame bulb and patented 110V flame simulation technology, using hammered glass to create a lifelike flicker with efficient LED performance. It is a refined Outdoor LED Fixture option for homeowners, designers, and builders who want the atmosphere of gas lighting without gas-line installation.",https://thecoppersmith.net/warranty-return/,China,0,1,1,,
AC18W,CopperSmith Arcadia 18 Weiyan LED Flame Lantern Wall Sconce,,The CopperSmith,Arcadia,LED Fixtures,Y,"AC15W,AC22W,FB1,FB12V",Copper,"17.5""H x 10.5""W x 7.25""D",,843411103225,,290,580,638,FIN001,Y,,,,,DEC001,,,,Traditional,Electric,Brass,Hammered Glass,7.25,,,,,E26,1,5,5,110,Yes,Weiyan® LED Flame Bulb,Yes,No,Wet,No,CSA,This product is compliant with California Title 20 requirements when sold and shipped with a light source. Any included lamping must meet California Title 20 standards.,,WARNING: This product may expose you to chemicals including lead and other substances known to the State of California to cause cancer and k birth defects or other reproductive harm. For more information visit www.P65Warnings.ca.gov,AC18W,"Bring the romance of a gas flame to outdoor spaces with the Arcadia Weiyan® LED Flame Fixture. This handcrafted copper lantern includes the Weiyan® LED Simulated Gas Flame bulb and patented 110V flame simulation technology, using hammered glass to create a lifelike flicker with efficient LED performance. It is a refined Outdoor LED Fixture option for homeowners, designers, and builders who want the atmosphere of gas lighting without gas-line installation.",https://thecoppersmith.net/warranty-return/,China,0,1,1,,
AC22W,CopperSmith Arcadia 22 Weiyan LED Flame Lantern Wall Sconce,,The CopperSmith,Arcadia,LED Fixtures,Y,"AC15W,AC18W,FB1,FB12V",Copper,"22.5""H x 12.25""W x 8.75""D",,843411103256,ac22w.jpg,384,768,845,FIN001,Y,,,,,DEC001,,,,Traditional,Electric,Brass,Hammered Glass,8.75,,,,,E26,1,5,5,110,Yes,Weiyan® LED Flame Bulb,Yes,No,Wet,No,CSA,This product is compliant with California Title 20 requirements when sold and shipped with a light source. Any included lamping must meet California Title 20 standards.,,WARNING: This product may expose you to chemicals including lead and other substances known to the State of California to cause cancer and k birth defects or other reproductive harm. For more information visit www.P65Warnings.ca.gov,AC22W,"Bring the romance of a gas flame to outdoor spaces with the Arcadia Weiyan® LED Flame Fixture. This handcrafted copper lantern includes the Weiyan® LED Simulated Gas Flame bulb and patented 110V flame simulation technology, using hammered glass to create a lifelike flicker with efficient LED performance. It is a refined Outdoor LED Fixture option for homeowners, designers, and builders who want the atmosphere of gas lighting without gas-line installation.",https://thecoppersmith.net/warranty-return/,China,0,1,1,,
BS61W,CopperSmith Bayou Street 61 Weiyan LED Flame Lantern Wall Sconce,,The CopperSmith,Bayou Street,LED Fixtures,N,"BS62W,BS63W,BS64W,FB1,FB12V",Copper,"19.25""H x 13.5""W x 13.5""D",,843411100286,,392,784,862,FIN001,Y,WM015,WA008,CM044,PP019,DEC009,,,,Traditional,Electric,Brass,Hammered Glass,13.5,6,5,5,2,E26,1,5,5,110,Yes,Weiyan® LED Flame Bulb,Yes,No,Wet,No,CSA,This product is compliant with California Title 20 requirements when sold and shipped with a light source. Any included lamping must meet California Title 20 standards.,,WARNING: This product may expose you to chemicals including lead and other substances known to the State of California to cause cancer and k birth defects or other reproductive harm. For more information visit www.P65Warnings.ca.gov,BS61W,"Bring the romance of a gas flame to outdoor spaces with the Bayou Street Weiyan® LED Flame Fixture. This handcrafted copper lantern includes the Weiyan® LED Simulated Gas Flame bulb and patented 110V flame simulation technology, using hammered glass to create a lifelike flicker with efficient LED performance. It is a refined Outdoor LED Fixture option for homeowners, designers, and builders who want the atmosphere of gas lighting without gas-line installation.",https://thecoppersmith.net/warranty-return/,China,0,1,1,,
BS62W,CopperSmith Bayou Street 62 Weiyan LED Flame Lantern Wall Sconce,,The CopperSmith,Bayou Street,LED Fixtures,Y,"BS61W,BS63W,BS64W,FB1,FB12V",Copper,"25.75""H x 16""W x 15.75""D",,843411100316,,536,1072,1179,FIN001,Y,WM015,WA009,CM046,PP019,DEC009,,,,Traditional,Electric,Brass,Hammered Glass,15.75,6,5,5,2,E26,1,5,5,110,Yes,Weiyan® LED Flame Bulb,Yes,No,Wet,No,CSA,This product is compliant with California Title 20 requirements when sold and shipped with a light source. Any included lamping must meet California Title 20 standards.,,WARNING: This product may expose you to chemicals including lead and other substances known to the State of California to cause cancer and k birth defects or other reproductive harm. For more information visit www.P65Warnings.ca.gov,BS62W,"Bring the romance of a gas flame to outdoor spaces with the Bayou Street Weiyan® LED Flame Fixture. This handcrafted copper lantern includes the Weiyan® LED Simulated Gas Flame bulb and patented 110V flame simulation technology, using hammered glass to create a lifelike flicker with efficient LED performance. It is a refined Outdoor LED Fixture option for homeowners, designers, and builders who want the atmosphere of gas lighting without gas-line installation.",https://thecoppersmith.net/warranty-return/,China,0,1,1,,
BS63W,CopperSmith Bayou Street 63 Weiyan LED Flame Lantern Wall Sconce,,The CopperSmith,Bayou Street,LED Fixtures,Y,"BS61W,BS62W,BS64W,FB1,FB12V",Copper,"30.75""H x 19""W x 18.5""D",,843411100347,,770,1540,1694,FIN001,Y,WM016,WA010,CM048,PP020,DEC010,,,,Traditional,Electric,Brass,Hammered Glass,18.5,6,5,5,2,E26,1,5,5,110,Yes,Weiyan® LED Flame Bulb,Yes,No,Wet,No,CSA,This product is compliant with California Title 20 requirements when sold and shipped with a light source. Any included lamping must meet California Title 20 standards.,,WARNING: This product may expose you to chemicals including lead and other substances known to the State of California to cause cancer and k birth defects or other reproductive harm. For more information visit www.P65Warnings.ca.gov,BS63W,"Bring the romance of a gas flame to outdoor spaces with the Bayou Street Weiyan® LED Flame Fixture. This handcrafted copper lantern includes the Weiyan® LED Simulated Gas Flame bulb and patented 110V flame simulation technology, using hammered glass to create a lifelike flicker with efficient LED performance. It is a refined Outdoor LED Fixture option for homeowners, designers, and builders who want the atmosphere of gas lighting without gas-line installation.",https://thecoppersmith.net/warranty-return/,China,0,1,1,,
BS64W,CopperSmith Bayou Street 64 Weiyan LED Flame Lantern Wall Sconce,,The CopperSmith,Bayou Street,LED Fixtures,Y,"BS61W,BS62W,BS63W,FB1,FB12V",Copper,"33.25""H x 21.25""W x 21.25""D",,843411100378,bs64w.jpg,994,1988,2187,FIN001,Y,WM016,WA011,CM050,PP020,DEC010,,,,Traditional,Electric,Brass,Hammered Glass,20.25,6,5,5,2,E26,1,5,5,110,Yes,Weiyan® LED Flame Bulb,Yes,No,Wet,No,CSA,This product is compliant with California Title 20 requirements when sold and shipped with a light source. Any included lamping must meet California Title 20 standards.,,WARNING: This product may expose you to chemicals including lead and other substances known to the State of California to cause cancer and k birth defects or other reproductive harm. For more information visit www.P65Warnings.ca.gov,BS64W,"Bring the romance of a gas flame to outdoor spaces with the Bayou Street Weiyan® LED Flame Fixture. This handcrafted copper lantern includes the Weiyan® LED Simulated Gas Flame bulb and patented 110V flame simulation technology, using hammered glass to create a lifelike flicker with efficient LED performance. It is a refined Outdoor LED Fixture option for homeowners, designers, and builders who want the atmosphere of gas lighting without gas-line installation.",https://thecoppersmith.net/warranty-return/,China,0,1,1,,
BM30W,CopperSmith Belmont 30 Weiyan LED Flame Lantern Wall Sconce,,The CopperSmith,Belmont,LED Fixtures,N,"BM35W,BM40W,FB1,FB12V",Copper,"30.25""H x 10.5""W x 10.5""D",,843411100194,bm30w.jpg,532,1064,1170,FIN001,Y,WM010,WA005,CM038,PP015,DEC008,,,,Traditional,Electric,Brass,Hammered Glass,12.25,6,5,5,2,E26,1,5,5,110,Yes,Weiyan® LED Flame Bulb,Yes,No,Wet,No,CSA,This product is compliant with California Title 20 requirements when sold and shipped with a light source. Any included lamping must meet California Title 20 standards.,,WARNING: This product may expose you to chemicals including lead and other substances known to the State of California to cause cancer and k birth defects or other reproductive harm. For more information visit www.P65Warnings.ca.gov,BM30W,"Bring the romance of a gas flame to outdoor spaces with the Belmont Weiyan® LED Flame Fixture. This handcrafted copper lantern includes the Weiyan® LED Simulated Gas Flame bulb and patented 110V flame simulation technology, using hammered glass to create a lifelike flicker with efficient LED performance. It is a refined Outdoor LED Fixture option for homeowners, designers, and builders who want the atmosphere of gas lighting without gas-line installation.",https://thecoppersmith.net/warranty-return/,China,0,1,1,,
BM35W,CopperSmith Belmont 35 Weiyan LED Flame Lantern Wall Sconce,,The CopperSmith,Belmont,LED Fixtures,Y,"BM30W,BM40W,FB1,FB12V",Copper,"37.25""H x 12.25""W x 12.25""D",,843411100224,,707,1414,1555,FIN001,Y,WM011,WA006,CM040,PP016,,,,,Traditional,Electric,Brass,Hammered Glass,14,6,5,5,2,E26,1,5,5,110,Yes,Weiyan® LED Flame Bulb,Yes,No,Wet,No,CSA,This product is compliant with California Title 20 requirements when sold and shipped with a light source. Any included lamping must meet California Title 20 standards.,,WARNING: This product may expose you to chemicals including lead and other substances known to the State of California to cause cancer and k birth defects or other reproductive harm. For more information visit www.P65Warnings.ca.gov,BM35W,"Bring the romance of a gas flame to outdoor spaces with the Belmont Weiyan® LED Flame Fixture. This handcrafted copper lantern includes the Weiyan® LED Simulated Gas Flame bulb and patented 110V flame simulation technology, using hammered glass to create a lifelike flicker with efficient LED performance. It is a refined Outdoor LED Fixture option for homeowners, designers, and builders who want the atmosphere of gas lighting without gas-line installation.",https://thecoppersmith.net/warranty-return/,China,0,1,1,,
BM40W,CopperSmith Belmont 40 Weiyan LED Flame Lantern Wall Sconce,,The CopperSmith,Belmont,LED Fixtures,Y,"BM30W,BM35W,FB1,FB12V",Copper,"42.25""H x 15.25""W x 15.25""D",,843411100255,,912,1824,2006,FIN001,Y,WM014,WA007,CM042,PP016,DEC008,,,,Traditional,Electric,Brass,Hammered Glass,17.25,6,5,5,2,E26,1,5,5,110,Yes,Weiyan® LED Flame Bulb,Yes,No,Wet,No,CSA,This product is compliant with California Title 20 requirements when sold and shipped with a light source. Any included lamping must meet California Title 20 standards.,,WARNING: This product may expose you to chemicals including lead and other substances known to the State of California to cause cancer and k birth defects or other reproductive harm. For more information visit www.P65Warnings.ca.gov,BM40W,"Bring the romance of a gas flame to outdoor spaces with the Belmont Weiyan® LED Flame Fixture. This handcrafted copper lantern includes the Weiyan® LED Simulated Gas Flame bulb and patented 110V flame simulation technology, using hammered glass to create a lifelike flicker with efficient LED performance. It is a refined Outdoor LED Fixture option for homeowners, designers, and builders who want the atmosphere of gas lighting without gas-line installation.",https://thecoppersmith.net/warranty-return/,China,0,1,1,,
CH30W,CopperSmith Churchill 30 Weiyan LED Flame Lantern Wall Sconce,,The CopperSmith,Churchill,LED Fixtures,N,"CH36W,CH38W,FB1,FB12V",Copper,"28""H x 8.5""W x 8.5""D",12,843411100408,ch30w.jpg,486,972,1069,FIN001,Y,WM017,WA012,CM052,PP017,DEC011,,,,English,Electric,Brass,Hammered Glass,10.5,6,5,5,2,E26,1,5,5,110,Yes,Weiyan® LED Flame Bulb,Yes,No,Wet,No,CSA,This product is compliant with California Title 20 requirements when sold and shipped with a light source. Any included lamping must meet California Title 20 standards.,,WARNING: This product may expose you to chemicals including lead and other substances known to the State of California to cause cancer and k birth defects or other reproductive harm. For more information visit www.P65Warnings.ca.gov,CH30W,"Bring the romance of a gas flame to outdoor spaces with the Churchill Weiyan® LED Flame Fixture. This handcrafted copper lantern includes the Weiyan® LED Simulated Gas Flame bulb and patented 110V flame simulation technology, using hammered glass to create a lifelike flicker with efficient LED performance. It is a refined Outdoor LED Fixture option for homeowners, designers, and builders who want the atmosphere of gas lighting without gas-line installation.",https://thecoppersmith.net/warranty-return/,China,0,1,1,,
CH36W,CopperSmith Churchill 36 Weiyan LED Flame Lantern Wall Sconce,,The CopperSmith,Churchill,LED Fixtures,Y,"CH30W,CH38W,FB1,FB12V",Copper,"33.25""H x 10""W x 10""D",16,843411100439,,578,1156,1272,FIN001,Y,WM018,WA013,CM054,PP017,DEC012,,,,English,Electric,Brass,Hammered Glass,11.75,6,5,5,2,E26,1,5,5,110,Yes,Weiyan® LED Flame Bulb,Yes,No,Wet,No,CSA,This product is compliant with California Title 20 requirements when sold and shipped with a light source. Any included lamping must meet California Title 20 standards.,,WARNING: This product may expose you to chemicals including lead and other substances known to the State of California to cause cancer and k birth defects or other reproductive harm. For more information visit www.P65Warnings.ca.gov,CH36W,"Bring the romance of a gas flame to outdoor spaces with the Churchill Weiyan® LED Flame Fixture. This handcrafted copper lantern includes the Weiyan® LED Simulated Gas Flame bulb and patented 110V flame simulation technology, using hammered glass to create a lifelike flicker with efficient LED performance. It is a refined Outdoor LED Fixture option for homeowners, designers, and builders who want the atmosphere of gas lighting without gas-line installation.",https://thecoppersmith.net/warranty-return/,China,0,1,1,,
CH38W,CopperSmith Churchill 38 Weiyan LED Flame Lantern Wall Sconce,,The CopperSmith,Churchill,LED Fixtures,Y,"CH30W,CH36W,FB1,FB12V",Copper,"36""H x 10""W x 10""D",18,843411100460,,770,1540,1694,FIN001,Y,WM018,WA014,CM054,PP017,DEC013,,,,English,Electric,Brass,Hammered Glass,11.75,6,5,5,2,E26,1,5,5,110,Yes,Weiyan® LED Flame Bulb,Yes,No,Wet,No,CSA,This product is compliant with California Title 20 requirements when sold and shipped with a light source. Any included lamping must meet California Title 20 standards.,,WARNING: This product may expose you to chemicals including lead and other substances known to the State of California to cause cancer and k birth defects or other reproductive harm. For more information visit www.P65Warnings.ca.gov,CH38W,"Bring the romance of a gas flame to outdoor spaces with the Churchill Weiyan® LED Flame Fixture. This handcrafted copper lantern includes the Weiyan® LED Simulated Gas Flame bulb and patented 110V flame simulation technology, using hammered glass to create a lifelike flicker with efficient LED performance. It is a refined Outdoor LED Fixture option for homeowners, designers, and builders who want the atmosphere of gas lighting without gas-line installation.",https://thecoppersmith.net/warranty-return/,China,0,1,1,,
CS41W,CopperSmith Conception Street 41 Weiyan LED Flame Lantern Wall Sconce,,The CopperSmith,Conception Street,LED Fixtures,N,"CS42W,CS43W,CS44W,FB1,FB12V",Copper,"18.75""H x 10.5""W x 10.5""D",10,843411100705,,379,758,834,FIN001,Y,WM010,WA001,CM060,PP015,DEC009,,,,Traditional,Electric,Brass,Hammered Glass,12.25,6,5,5,2,E26,1,5,5,110,Yes,Weiyan® LED Flame Bulb,Yes,No,Wet,No,CSA,This product is compliant with California Title 20 requirements when sold and shipped with a light source. Any included lamping must meet California Title 20 standards.,,WARNING: This product may expose you to chemicals including lead and other substances known to the State of California to cause cancer and k birth defects or other reproductive harm. For more information visit www.P65Warnings.ca.gov,CS41W,"Bring the romance of a gas flame to outdoor spaces with the Conception Street Weiyan® LED Flame Fixture. This handcrafted copper lantern includes the Weiyan® LED Simulated Gas Flame bulb and patented 110V flame simulation technology, using hammered glass to create a lifelike flicker with efficient LED performance. It is a refined Outdoor LED Fixture option for homeowners, designers, and builders who want the atmosphere of gas lighting without gas-line installation.",https://thecoppersmith.net/warranty-return/,China,0,1,1,,
CS42W,CopperSmith Conception Street 42 Weiyan LED Flame Lantern Wall Sconce,,The CopperSmith,Conception Street,LED Fixtures,Y,"CS41W,CS43W,CS44W,FB1,FB12V",Copper,"24""H x 12.25""W x 12.25""D",14,843411100736,cs42w.jpg,485,970,1067,FIN001,Y,WM011,WA002,CM061,PP016,DEC009,,,,Traditional,Electric,Brass,Hammered Glass,14,6,5,5,2,E26,1,5,5,110,Yes,Weiyan® LED Flame Bulb,Yes,No,Wet,No,CSA,This product is compliant with California Title 20 requirements when sold and shipped with a light source. Any included lamping must meet California Title 20 standards.,,WARNING: This product may expose you to chemicals including lead and other substances known to the State of California to cause cancer and k birth defects or other reproductive harm. For more information visit www.P65Warnings.ca.gov,CS42W,"Bring the romance of a gas flame to outdoor spaces with the Conception Street Weiyan® LED Flame Fixture. This handcrafted copper lantern includes the Weiyan® LED Simulated Gas Flame bulb and patented 110V flame simulation technology, using hammered glass to create a lifelike flicker with efficient LED performance. It is a refined Outdoor LED Fixture option for homeowners, designers, and builders who want the atmosphere of gas lighting without gas-line installation.",https://thecoppersmith.net/warranty-return/,China,0,1,1,,
CS43W,CopperSmith Conception Street 43 Weiyan LED Flame Lantern Wall Sconce,,The CopperSmith,Conception Street,LED Fixtures,Y,"CS41W,CS42W,CS44W,FB1,FB12V",Copper,"28.25""H x 15.25""W x 15.25""D",20,843411100767,,684,1368,1505,FIN001,Y,WM012,WA016,CM062,PP016,DEC010,,,,Traditional,Electric,Brass,Hammered Glass,17.25,6,5,5,2,E26,1,5,5,110,Yes,Weiyan® LED Flame Bulb,Yes,No,Wet,No,CSA,This product is compliant with California Title 20 requirements when sold and shipped with a light source. Any included lamping must meet California Title 20 standards.,,WARNING: This product may expose you to chemicals including lead and other substances known to the State of California to cause cancer and k birth defects or other reproductive harm. For more information visit www.P65Warnings.ca.gov,CS43W,"Bring the romance of a gas flame to outdoor spaces with the Conception Street Weiyan® LED Flame Fixture. This handcrafted copper lantern includes the Weiyan® LED Simulated Gas Flame bulb and patented 110V flame simulation technology, using hammered glass to create a lifelike flicker with efficient LED performance. It is a refined Outdoor LED Fixture option for homeowners, designers, and builders who want the atmosphere of gas lighting without gas-line installation.",https://thecoppersmith.net/warranty-return/,China,0,1,1,,
CS44W,CopperSmith Conception Street 44 Weiyan LED Flame Lantern Wall Sconce,,The CopperSmith,Conception Street,LED Fixtures,Y,"CS41W,CS42W,CS43W,FB1,FB12V",Copper,"32.5""H x 17.5""W x 17.5""D",26,843411100798,,834,1668,1835,FIN001,Y,WM012,WA004,CM063,PP017,DEC010,,,,Traditional,Electric,Brass,Hammered Glass,19.5,6,5,5,2,E26,1,5,5,110,Yes,Weiyan® LED Flame Bulb,Yes,No,Wet,No,CSA,This product is compliant with California Title 20 requirements when sold and shipped with a light source. Any included lamping must meet California Title 20 standards.,,WARNING: This product may expose you to chemicals including lead and other substances known to the State of California to cause cancer and k birth defects or other reproductive harm. For more information visit www.P65Warnings.ca.gov,CS44W,"Bring the romance of a gas flame to outdoor spaces with the Conception Street Weiyan® LED Flame Fixture. This handcrafted copper lantern includes the Weiyan® LED Simulated Gas Flame bulb and patented 110V flame simulation technology, using hammered glass to create a lifelike flicker with efficient LED performance. It is a refined Outdoor LED Fixture option for homeowners, designers, and builders who want the atmosphere of gas lighting without gas-line installation.",https://thecoppersmith.net/warranty-return/,China,0,1,1,,
CO18W,CopperSmith Contempo 18 Weiyan LED Flame Lantern Wall Sconce,,The CopperSmith,Contempo,LED Fixtures,N,"CO24W,CO31W,FB1,FB12V",Copper,"18.25""H x 8.75""W x 8.75""D",12,843411100491,co18w.jpg,465,930,1023,FIN001,Y,WM017,WA015,CM056,PP017,DEC014,,,,Contemporary,Electric,Brass,Hammered Glass,10.5,6,5,5.125,2,E26,1,5,5,110,Yes,Weiyan® LED Flame Bulb,Yes,No,Wet,No,CSA,This product is compliant with California Title 20 requirements when sold and shipped with a light source. Any included lamping must meet California Title 20 standards.,,WARNING: This product may expose you to chemicals including lead and other substances known to the State of California to cause cancer and k birth defects or other reproductive harm. For more information visit www.P65Warnings.ca.gov,CO18W,"Bring the romance of a gas flame to outdoor spaces with the Contempo Weiyan® LED Flame Fixture. This handcrafted copper lantern includes the Weiyan® LED Simulated Gas Flame bulb and patented 110V flame simulation technology, using hammered glass to create a lifelike flicker with efficient LED performance. It is a refined Outdoor LED Fixture option for homeowners, designers, and builders who want the atmosphere of gas lighting without gas-line installation.",https://thecoppersmith.net/warranty-return/,China,0,1,1,,
CO24W,CopperSmith Contempo 24 Weiyan LED Flame Lantern Wall Sconce,,The CopperSmith,Contempo,LED Fixtures,Y,"CO18W,CO31W,FB1,FB12V",Copper,"21.5""H x 8.75""W x 8.75""D",14,843411100521,,584,1168,1285,FIN001,Y,WM017,,CM056,PP017,DEC015,,,,Contemporary,Electric,Brass,Hammered Glass,10.5,6,5,5.125,2,E26,1,5,5,110,Yes,Weiyan® LED Flame Bulb,Yes,No,Wet,No,CSA,This product is compliant with California Title 20 requirements when sold and shipped with a light source. Any included lamping must meet California Title 20 standards.,,WARNING: This product may expose you to chemicals including lead and other substances known to the State of California to cause cancer and k birth defects or other reproductive harm. For more information visit www.P65Warnings.ca.gov,CO24W,"Bring the romance of a gas flame to outdoor spaces with the Contempo Weiyan® LED Flame Fixture. This handcrafted copper lantern includes the Weiyan® LED Simulated Gas Flame bulb and patented 110V flame simulation technology, using hammered glass to create a lifelike flicker with efficient LED performance. It is a refined Outdoor LED Fixture option for homeowners, designers, and builders who want the atmosphere of gas lighting without gas-line installation.",https://thecoppersmith.net/warranty-return/,China,0,1,1,,
CO31W,CopperSmith Contempo 31 Weiyan LED Flame Lantern Wall Sconce,,The CopperSmith,Contempo,LED Fixtures,Y,"CO18W,CO24W,FB1,FB12V",Copper,"30.25""H x 12""W x 12""D",27,843411100552,,939,1878,2066,FIN001,Y,WM019,,CM058,PP021,DEC016,,,,Contemporary,Electric,Brass,Hammered Glass,14,6,5,5.125,2,E26,1,5,5,110,Yes,Weiyan® LED Flame Bulb,Yes,No,Wet,No,CSA,This product is compliant with California Title 20 requirements when sold and shipped with a light source. Any included lamping must meet California Title 20 standards.,,WARNING: This product may expose you to chemicals including lead and other substances known to the State of California to cause cancer and k birth defects or other reproductive harm. For more information visit www.P65Warnings.ca.gov,CO31W,"Bring the romance of a gas flame to outdoor spaces with the Contempo Weiyan® LED Flame Fixture. This handcrafted copper lantern includes the Weiyan® LED Simulated Gas Flame bulb and patented 110V flame simulation technology, using hammered glass to create a lifelike flicker with efficient LED performance. It is a refined Outdoor LED Fixture option for homeowners, designers, and builders who want the atmosphere of gas lighting without gas-line installation.",https://thecoppersmith.net/warranty-return/,China,0,1,1,,
FCO18W,CopperSmith Contempo Flush 18 Weiyan LED Flame Lantern Wall Sconce,,The CopperSmith,Contempo Flush Mount,LED Fixtures,N,"FCO24W,FCO31W,FB1,FB12V",Copper,"18.25""H x 8.5""W x 8.5""D",12,843411112500,,477,954,1049,FIN001,Y,,,,,DEC014,,,,Contemporary,Electric,Brass,Hammered Glass,8.5,,,,,E26,1,5,5,110,Yes,Weiyan® LED Flame Bulb,Yes,No,Wet,No,CSA,This product is compliant with California Title 20 requirements when sold and shipped with a light source. Any included lamping must meet California Title 20 standards.,,WARNING: This product may expose you to chemicals including lead and other substances known to the State of California to cause cancer and k birth defects or other reproductive harm. For more information visit www.P65Warnings.ca.gov,FCO18W,"Bring the romance of a gas flame to outdoor spaces with the Contempo Flush Mount Weiyan® LED Flame Fixture. This handcrafted copper lantern includes the Weiyan® LED Simulated Gas Flame bulb and patented 110V flame simulation technology, using hammered glass to create a lifelike flicker with efficient LED performance. It is a refined Outdoor LED Fixture option for homeowners, designers, and builders who want the atmosphere of gas lighting without gas-line installation.",https://thecoppersmith.net/warranty-return/,China,0,1,1,,
FCO24W,CopperSmith Contempo Flush 24 Weiyan LED Flame Lantern Wall Sconce,,The CopperSmith,Contempo Flush Mount,LED Fixtures,Y,"FCO18W,FCO31W,FB1,FB12V",Copper,"21.5""H x 8.5""W x 8.5""D",13,843411112531,fco24w.jpg,572,1144,1258,FIN001,Y,,,,,DEC015,,,,Contemporary,Electric,Brass,Hammered Glass,8.5,,,,,E26,1,5,5,110,Yes,Weiyan® LED Flame Bulb,Yes,No,Wet,No,CSA,This product is compliant with California Title 20 requirements when sold and shipped with a light source. Any included lamping must meet California Title 20 standards.,,WARNING: This product may expose you to chemicals including lead and other substances known to the State of California to cause cancer and k birth defects or other reproductive harm. For more information visit www.P65Warnings.ca.gov,FCO24W,"Bring the romance of a gas flame to outdoor spaces with the Contempo Flush Mount Weiyan® LED Flame Fixture. This handcrafted copper lantern includes the Weiyan® LED Simulated Gas Flame bulb and patented 110V flame simulation technology, using hammered glass to create a lifelike flicker with efficient LED performance. It is a refined Outdoor LED Fixture option for homeowners, designers, and builders who want the atmosphere of gas lighting without gas-line installation.",https://thecoppersmith.net/warranty-return/,China,0,1,1,,
FCO31W,CopperSmith Contempo Flush 31 Weiyan LED Flame Lantern Wall Sconce,,The CopperSmith,Contempo Flush Mount,LED Fixtures,Y,"FCO18W,FCO24W,FB1,FB12V",Copper,"30.25""H x 12""W x 12""D",27,843411114856,,1084,2168,2385,FIN001,Y,,,,,DEC018,,,,Contemporary,Electric,Brass,Hammered Glass,12,,,,,E26,1,5,5,110,Yes,Weiyan® LED Flame Bulb,Yes,No,Wet,No,CSA,This product is compliant with California Title 20 requirements when sold and shipped with a light source. Any included lamping must meet California Title 20 standards.,,WARNING: This product may expose you to chemicals including lead and other substances known to the State of California to cause cancer and k birth defects or other reproductive harm. For more information visit www.P65Warnings.ca.gov,FCO31W,"Bring the romance of a gas flame to outdoor spaces with the Contempo Flush Mount Weiyan® LED Flame Fixture. This handcrafted copper lantern includes the Weiyan® LED Simulated Gas Flame bulb and patented 110V flame simulation technology, using hammered glass to create a lifelike flicker with efficient LED performance. It is a refined Outdoor LED Fixture option for homeowners, designers, and builders who want the atmosphere of gas lighting without gas-line installation.",https://thecoppersmith.net/warranty-return/,China,0,1,1,,
ES61W,CopperSmith Eslava Street 61 Weiyan LED Flame Lantern Wall Sconce,,The CopperSmith,Eslava Street,LED Fixtures,N,"ES62W,ES63W,ES64W,FB1,FB12V",Copper,"26.75""H x 13.5""W x 13.5""D",,843411101764,,419,838,922,FIN001,Y,WM015,WA020,CM070,PP019,DEC009,,,,Traditional,Electric,Brass,Hammered Glass,13.5,6,5,5,2,E26,1,5,5,110,Yes,Weiyan® LED Flame Bulb,Yes,No,Wet,No,CSA,This product is compliant with California Title 20 requirements when sold and shipped with a light source. Any included lamping must meet California Title 20 standards.,,WARNING: This product may expose you to chemicals including lead and other substances known to the State of California to cause cancer and k birth defects or other reproductive harm. For more information visit www.P65Warnings.ca.gov,ES61W,"Bring the romance of a gas flame to outdoor spaces with the Eslava Street Weiyan® LED Flame Fixture. This handcrafted copper lantern includes the Weiyan® LED Simulated Gas Flame bulb and patented 110V flame simulation technology, using hammered glass to create a lifelike flicker with efficient LED performance. It is a refined Outdoor LED Fixture option for homeowners, designers, and builders who want the atmosphere of gas lighting without gas-line installation.",https://thecoppersmith.net/warranty-return/,China,0,1,1,,
ES62W,CopperSmith Eslava Street 62 Weiyan LED Flame Lantern Wall Sconce,,The CopperSmith,Eslava Street,LED Fixtures,Y,"ES61W,ES63W,ES64W,FB1,FB12V",Copper,"32.75""H x 16""W x 15.75""D",,843411101795,,582,1164,1280,FIN001,Y,WM015,WA021,CM046,PP019,DEC009,,,,Traditional,Electric,Brass,Hammered Glass,15.75,6,5,5,2,E26,1,5,5,110,Yes,Weiyan® LED Flame Bulb,Yes,No,Wet,No,CSA,This product is compliant with California Title 20 requirements when sold and shipped with a light source. Any included lamping must meet California Title 20 standards.,,WARNING: This product may expose you to chemicals including lead and other substances known to the State of California to cause cancer and k birth defects or other reproductive harm. For more information visit www.P65Warnings.ca.gov,ES62W,"Bring the romance of a gas flame to outdoor spaces with the Eslava Street Weiyan® LED Flame Fixture. This handcrafted copper lantern includes the Weiyan® LED Simulated Gas Flame bulb and patented 110V flame simulation technology, using hammered glass to create a lifelike flicker with efficient LED performance. It is a refined Outdoor LED Fixture option for homeowners, designers, and builders who want the atmosphere of gas lighting without gas-line installation.",https://thecoppersmith.net/warranty-return/,China,0,1,1,,
ES63W,CopperSmith Eslava Street 63 Weiyan LED Flame Lantern Wall Sconce,,The CopperSmith,Eslava Street,LED Fixtures,Y,"ES61W,ES62W,ES64W,FB1,FB12V",Copper,"40.5""H x 19""W x 18.5""D",,843411101825,es63w.jpg,789,1578,1736,FIN001,Y,WM020,WA022,CM072,PP020,DEC010,,,,Traditional,Electric,Brass,Hammered Glass,18.5,6,5,5,2,E26,1,5,5,110,Yes,Weiyan® LED Flame Bulb,Yes,No,Wet,No,CSA,This product is compliant with California Title 20 requirements when sold and shipped with a light source. Any included lamping must meet California Title 20 standards.,,WARNING: This product may expose you to chemicals including lead and other substances known to the State of California to cause cancer and k birth defects or other reproductive harm. For more information visit www.P65Warnings.ca.gov,ES63W,"Bring the romance of a gas flame to outdoor spaces with the Eslava Street Weiyan® LED Flame Fixture. This handcrafted copper lantern includes the Weiyan® LED Simulated Gas Flame bulb and patented 110V flame simulation technology, using hammered glass to create a lifelike flicker with efficient LED performance. It is a refined Outdoor LED Fixture option for homeowners, designers, and builders who want the atmosphere of gas lighting without gas-line installation.",https://thecoppersmith.net/warranty-return/,China,0,1,1,,
ES64W,CopperSmith Eslava Street 64 Weiyan LED Flame Lantern Wall Sconce,,The CopperSmith,Eslava Street,LED Fixtures,Y,"ES61W,ES62W,ES63W,FB1,FB12V",Copper,"41.75""H x 21.25""W x 20.25""D",,843411101856,,1047,2094,2303,FIN001,Y,WM020,WA023,CM073,PP020,DEC010,,,,Traditional,Electric,Brass,Hammered Glass,20.25,6,5,5,2,E26,1,5,5,110,Yes,Weiyan® LED Flame Bulb,Yes,No,Wet,No,CSA,This product is compliant with California Title 20 requirements when sold and shipped with a light source. Any included lamping must meet California Title 20 standards.,,WARNING: This product may expose you to chemicals including lead and other substances known to the State of California to cause cancer and k birth defects or other reproductive harm. For more information visit www.P65Warnings.ca.gov,ES64W,"Bring the romance of a gas flame to outdoor spaces with the Eslava Street Weiyan® LED Flame Fixture. This handcrafted copper lantern includes the Weiyan® LED Simulated Gas Flame bulb and patented 110V flame simulation technology, using hammered glass to create a lifelike flicker with efficient LED performance. It is a refined Outdoor LED Fixture option for homeowners, designers, and builders who want the atmosphere of gas lighting without gas-line installation.",https://thecoppersmith.net/warranty-return/,China,0,1,1,,
GT15W,CopperSmith Georgetown 15 Weiyan LED Flame Lantern Wall Sconce,,The CopperSmith,Georgetown,LED Fixtures,N,"GT18W,GT20W,GT22W,GT27W,GT36W,FB1,FB12V",Copper,"15.25""H x 8.5""W x 8.5""D",8,843411102006,,243,486,535,FIN001,Y,WM024,WA024,CM080,PP025,DEC023,,,,French,Electric,Brass,Hammered Glass,10.25,6,5,5,2,E26,1,5,5,110,Yes,Weiyan® LED Flame Bulb,Yes,No,Wet,No,CSA,This product is compliant with California Title 20 requirements when sold and shipped with a light source. Any included lamping must meet California Title 20 standards.,,WARNING: This product may expose you to chemicals including lead and other substances known to the State of California to cause cancer and k birth defects or other reproductive harm. For more information visit www.P65Warnings.ca.gov,GT15W,"Bring the romance of a gas flame to outdoor spaces with the Georgetown Weiyan® LED Flame Fixture. This handcrafted copper lantern includes the Weiyan® LED Simulated Gas Flame bulb and patented 110V flame simulation technology, using hammered glass to create a lifelike flicker with efficient LED performance. It is a refined Outdoor LED Fixture option for homeowners, designers, and builders who want the atmosphere of gas lighting without gas-line installation.",https://thecoppersmith.net/warranty-return/,China,0,1,1,,
GT18W,CopperSmith Georgetown 18 Weiyan LED Flame Lantern Wall Sconce,,The CopperSmith,Georgetown,LED Fixtures,Y,"GT15W,GT20W,GT22W,GT27W,GT36W,FB1,FB12V",Copper,"17.5""H x 10.5""W x 10.5""D",11,843411102037,gt18w.jpg,283,566,623,FIN001,Y,WM010,WA025,CM027,PP015,DEC024,,,,French,Electric,Brass,Hammered Glass,12.25,6,5,5,2,E26,1,5,5,110,Yes,Weiyan® LED Flame Bulb,Yes,No,Wet,No,CSA,This product is compliant with California Title 20 requirements when sold and shipped with a light source. Any included lamping must meet California Title 20 standards.,,WARNING: This product may expose you to chemicals including lead and other substances known to the State of California to cause cancer and k birth defects or other reproductive harm. For more information visit www.P65Warnings.ca.gov,GT18W,"Bring the romance of a gas flame to outdoor spaces with the Georgetown Weiyan® LED Flame Fixture. This handcrafted copper lantern includes the Weiyan® LED Simulated Gas Flame bulb and patented 110V flame simulation technology, using hammered glass to create a lifelike flicker with efficient LED performance. It is a refined Outdoor LED Fixture option for homeowners, designers, and builders who want the atmosphere of gas lighting without gas-line installation.",https://thecoppersmith.net/warranty-return/,China,0,1,1,,
GT20W,CopperSmith Georgetown 20 Weiyan LED Flame Lantern Wall Sconce,,The CopperSmith,Georgetown,LED Fixtures,Y,"GT15W,GT18W,GT22W,GT27W,GT36W,FB1,FB12V",Copper,"20.75""H x 11.5""W x 11.5""D",13,843411102068,gt20w-la.jpg,356,712,783,FIN001,Y,WM011,WA026,CM082,PP016,DEC024,,,,French,Electric,Brass,Hammered Glass,13.25,6,5,5,2,E26,1,5,5,110,Yes,Weiyan® LED Flame Bulb,Yes,No,Wet,No,CSA,This product is compliant with California Title 20 requirements when sold and shipped with a light source. Any included lamping must meet California Title 20 standards.,,WARNING: This product may expose you to chemicals including lead and other substances known to the State of California to cause cancer and k birth defects or other reproductive harm. For more information visit www.P65Warnings.ca.gov,GT20W,"Bring the romance of a gas flame to outdoor spaces with the Georgetown Weiyan® LED Flame Fixture. This handcrafted copper lantern includes the Weiyan® LED Simulated Gas Flame bulb and patented 110V flame simulation technology, using hammered glass to create a lifelike flicker with efficient LED performance. It is a refined Outdoor LED Fixture option for homeowners, designers, and builders who want the atmosphere of gas lighting without gas-line installation.",https://thecoppersmith.net/warranty-return/,China,0,1,1,,
GT22W,CopperSmith Georgetown 22 Weiyan LED Flame Lantern Wall Sconce,,The CopperSmith,Georgetown,LED Fixtures,Y,"GT15W,GT18W,GT20W,GT27W,GT36W,FB1,FB12V",Copper,"22.5""H x 12.25""W x 12.25""D",16,843411102099,,419,838,922,FIN001,Y,WM011,WA027,CM029,PP016,DEC025,,,,French,Electric,Brass,Hammered Glass,14,6,5,5,2,E26,1,5,5,110,Yes,Weiyan® LED Flame Bulb,Yes,No,Wet,No,CSA,This product is compliant with California Title 20 requirements when sold and shipped with a light source. Any included lamping must meet California Title 20 standards.,,WARNING: This product may expose you to chemicals including lead and other substances known to the State of California to cause cancer and k birth defects or other reproductive harm. For more information visit www.P65Warnings.ca.gov,GT22W,"Bring the romance of a gas flame to outdoor spaces with the Georgetown Weiyan® LED Flame Fixture. This handcrafted copper lantern includes the Weiyan® LED Simulated Gas Flame bulb and patented 110V flame simulation technology, using hammered glass to create a lifelike flicker with efficient LED performance. It is a refined Outdoor LED Fixture option for homeowners, designers, and builders who want the atmosphere of gas lighting without gas-line installation.",https://thecoppersmith.net/warranty-return/,China,0,1,1,,
GT27W,CopperSmith Georgetown 27 Weiyan LED Flame Lantern Wall Sconce,,The CopperSmith,Georgetown,LED Fixtures,Y,"GT15W,GT18W,GT20W,GT22W,GT36W,FB1,FB12V",Copper,"27""H x 15.25""W x 15.25""D",20,843411102129,,490,980,1078,FIN001,Y,WM012,WA028,CM084,PP026,DEC026,,,,French,Electric,Brass,Hammered Glass,17.25,6,5,5,2,E26,1,5,5,110,Yes,Weiyan® LED Flame Bulb,Yes,No,Wet,No,CSA,This product is compliant with California Title 20 requirements when sold and shipped with a light source. Any included lamping must meet California Title 20 standards.,,WARNING: This product may expose you to chemicals including lead and other substances known to the State of California to cause cancer and k birth defects or other reproductive harm. For more information visit www.P65Warnings.ca.gov,GT27W,"Bring the romance of a gas flame to outdoor spaces with the Georgetown Weiyan® LED Flame Fixture. This handcrafted copper lantern includes the Weiyan® LED Simulated Gas Flame bulb and patented 110V flame simulation technology, using hammered glass to create a lifelike flicker with efficient LED performance. It is a refined Outdoor LED Fixture option for homeowners, designers, and builders who want the atmosphere of gas lighting without gas-line installation.",https://thecoppersmith.net/warranty-return/,China,0,1,1,,
GT36W,CopperSmith Georgetown 36 Weiyan LED Flame Lantern Wall Sconce,,The CopperSmith,Georgetown,LED Fixtures,Y,"GT15W,GT18W,GT20W,GT22W,GT27W,FB1,FB12V",Copper,"36""H x 20.75""W x 20.75""D",43,843411112357,,964,1928,2121,FIN001,Y,WM025,WA029,CM086,PP027,DEC007,,,,French,Electric,Brass,Hammered Glass,23,6,5,5,2,E26,1,5,5,110,Yes,Weiyan® LED Flame Bulb,Yes,No,Wet,No,CSA,This product is compliant with California Title 20 requirements when sold and shipped with a light source. Any included lamping must meet California Title 20 standards.,,WARNING: This product may expose you to chemicals including lead and other substances known to the State of California to cause cancer and k birth defects or other reproductive harm. For more information visit www.P65Warnings.ca.gov,GT36W,"Bring the romance of a gas flame to outdoor spaces with the Georgetown Weiyan® LED Flame Fixture. This handcrafted copper lantern includes the Weiyan® LED Simulated Gas Flame bulb and patented 110V flame simulation technology, using hammered glass to create a lifelike flicker with efficient LED performance. It is a refined Outdoor LED Fixture option for homeowners, designers, and builders who want the atmosphere of gas lighting without gas-line installation.",https://thecoppersmith.net/warranty-return/,China,0,1,1,,
HL15W,CopperSmith Hyland 15 Weiyan LED Flame Lantern Wall Sconce,,The CopperSmith,Hyland,LED Fixtures,N,"HL18W,HL21W,HL30W,FB1,FB12V",Copper,"14.25""H x 8.5""W x 8.5""D",10,843411102150,,320,640,704,FIN001,Y,WM026,WA030,CM088,PP028,DEC019,,,,Contemporary,Electric,Brass,Hammered Glass,10.5,6,5,5.125,2,E26,1,5,5,110,Yes,Weiyan® LED Flame Bulb,Yes,No,Wet,No,CSA,This product is compliant with California Title 20 requirements when sold and shipped with a light source. Any included lamping must meet California Title 20 standards.,,WARNING: This product may expose you to chemicals including lead and other substances known to the State of California to cause cancer and k birth defects or other reproductive harm. For more information visit www.P65Warnings.ca.gov,HL15W,"Bring the romance of a gas flame to outdoor spaces with the Hyland Weiyan® LED Flame Fixture. This handcrafted copper lantern includes the Weiyan® LED Simulated Gas Flame bulb and patented 110V flame simulation technology, using hammered glass to create a lifelike flicker with efficient LED performance. It is a refined Outdoor LED Fixture option for homeowners, designers, and builders who want the atmosphere of gas lighting without gas-line installation.",https://thecoppersmith.net/warranty-return/,China,0,1,1,,
HL18W,CopperSmith Hyland 18 Weiyan LED Flame Lantern Wall Sconce,,The CopperSmith,Hyland,LED Fixtures,Y,"HL15W,HL21W,HL30W,FB1,FB12V",Copper,"17.75""H x 8.5""W x 8.5""D",12,843411102181,hl18w.jpg,392,784,862,FIN001,Y,WM027,WA031,CM088,PP028,DEC020,,,,Contemporary,Electric,Brass,Hammered Glass,10.5,6,5,5.125,2,E26,1,5,5,110,Yes,Weiyan® LED Flame Bulb,Yes,No,Wet,No,CSA,This product is compliant with California Title 20 requirements when sold and shipped with a light source. Any included lamping must meet California Title 20 standards.,,WARNING: This product may expose you to chemicals including lead and other substances known to the State of California to cause cancer and k birth defects or other reproductive harm. For more information visit www.P65Warnings.ca.gov,HL18W,"Bring the romance of a gas flame to outdoor spaces with the Hyland Weiyan® LED Flame Fixture. This handcrafted copper lantern includes the Weiyan® LED Simulated Gas Flame bulb and patented 110V flame simulation technology, using hammered glass to create a lifelike flicker with efficient LED performance. It is a refined Outdoor LED Fixture option for homeowners, designers, and builders who want the atmosphere of gas lighting without gas-line installation.",https://thecoppersmith.net/warranty-return/,China,0,1,1,,
HL21W,CopperSmith Hyland 21 Weiyan LED Flame Lantern Wall Sconce,,The CopperSmith,Hyland,LED Fixtures,Y,"HL15W,HL18W,HL30W,FB1,FB12V",Copper,"20.5""H x 8.5""W x 8.5""D",13,843411102211,,444,888,977,FIN001,Y,WM028,WA032,CM088,PP028,DEC022,,,,Contemporary,Electric,Brass,Hammered Glass,10.5,6,5,5.125,2,E26,1,5,5,110,Yes,Weiyan® LED Flame Bulb,Yes,No,Wet,No,CSA,This product is compliant with California Title 20 requirements when sold and shipped with a light source. Any included lamping must meet California Title 20 standards.,,WARNING: This product may expose you to chemicals including lead and other substances known to the State of California to cause cancer and k birth defects or other reproductive harm. For more information visit www.P65Warnings.ca.gov,HL21W,"Bring the romance of a gas flame to outdoor spaces with the Hyland Weiyan® LED Flame Fixture. This handcrafted copper lantern includes the Weiyan® LED Simulated Gas Flame bulb and patented 110V flame simulation technology, using hammered glass to create a lifelike flicker with efficient LED performance. It is a refined Outdoor LED Fixture option for homeowners, designers, and builders who want the atmosphere of gas lighting without gas-line installation.",https://thecoppersmith.net/warranty-return/,China,0,1,1,,
HL30W,CopperSmith Hyland 30 Weiyan LED Flame Lantern Wall Sconce,,The CopperSmith,Hyland,LED Fixtures,Y,"HL15W,HL18W,HL21W,FB1,FB12V",Copper,"30""H x 12""W x 12""D",27,843411114825,,660,1320,1452,FIN001,Y,WM012,WA051,CM089,PP029,,,,,Contemporary,Electric,Brass,Hammered Glass,13.75,6,5,5.125,2,E26,1,5,5,110,Yes,Weiyan® LED Flame Bulb,Yes,No,Wet,No,CSA,This product is compliant with California Title 20 requirements when sold and shipped with a light source. Any included lamping must meet California Title 20 standards.,,WARNING: This product may expose you to chemicals including lead and other substances known to the State of California to cause cancer and k birth defects or other reproductive harm. For more information visit www.P65Warnings.ca.gov,HL30W,"Bring the romance of a gas flame to outdoor spaces with the Hyland Weiyan® LED Flame Fixture. This handcrafted copper lantern includes the Weiyan® LED Simulated Gas Flame bulb and patented 110V flame simulation technology, using hammered glass to create a lifelike flicker with efficient LED performance. It is a refined Outdoor LED Fixture option for homeowners, designers, and builders who want the atmosphere of gas lighting without gas-line installation.",https://thecoppersmith.net/warranty-return/,China,0,1,1,,
FHL15W,CopperSmith Hyland Flush 15 Weiyan LED Flame Lantern Wall Sconce,,The CopperSmith,Hyland Flush Mount,LED Fixtures,N,"FHL18W,FHL21W,FB1,FB12V",Copper,"14.5""H x 8.5""W x 8.5""D",10,843411112449,,373,746,821,FIN001,Y,,,,,DEC019,,,,Contemporary,Electric,Brass,Hammered Glass,8.5,,,,,E26,1,5,5,110,Yes,Weiyan® LED Flame Bulb,Yes,No,Wet,No,CSA,This product is compliant with California Title 20 requirements when sold and shipped with a light source. Any included lamping must meet California Title 20 standards.,,WARNING: This product may expose you to chemicals including lead and other substances known to the State of California to cause cancer and k birth defects or other reproductive harm. For more information visit www.P65Warnings.ca.gov,FHL15W,"Bring the romance of a gas flame to outdoor spaces with the Hyland Flush Mount Weiyan® LED Flame Fixture. This handcrafted copper lantern includes the Weiyan® LED Simulated Gas Flame bulb and patented 110V flame simulation technology, using hammered glass to create a lifelike flicker with efficient LED performance. It is a refined Outdoor LED Fixture option for homeowners, designers, and builders who want the atmosphere of gas lighting without gas-line installation.",https://thecoppersmith.net/warranty-return/,China,0,1,1,,
FHL18W,CopperSmith Hyland Flush 18 Weiyan LED Flame Lantern Wall Sconce,,The CopperSmith,Hyland Flush Mount,LED Fixtures,Y,"FHL15W,FHL21W,FB1,FB12V",Copper,"17.75""H x 8.5""W x 8.5""D",11,843411112470,,430,860,946,FIN001,Y,,,,,DEC020,,,,Contemporary,Electric,Brass,Hammered Glass,8.5,,,,,E26,1,5,5,110,Yes,Weiyan® LED Flame Bulb,Yes,No,Wet,No,CSA,This product is compliant with California Title 20 requirements when sold and shipped with a light source. Any included lamping must meet California Title 20 standards.,,WARNING: This product may expose you to chemicals including lead and other substances known to the State of California to cause cancer and k birth defects or other reproductive harm. For more information visit www.P65Warnings.ca.gov,FHL18W,"Bring the romance of a gas flame to outdoor spaces with the Hyland Flush Mount Weiyan® LED Flame Fixture. This handcrafted copper lantern includes the Weiyan® LED Simulated Gas Flame bulb and patented 110V flame simulation technology, using hammered glass to create a lifelike flicker with efficient LED performance. It is a refined Outdoor LED Fixture option for homeowners, designers, and builders who want the atmosphere of gas lighting without gas-line installation.",https://thecoppersmith.net/warranty-return/,China,0,1,1,,
FHL21W,CopperSmith Hyland Flush 21 Weiyan LED Flame Lantern Wall Sconce,,The CopperSmith,Hyland Flush,LED Fixtures,Y,"FHL15W,FHL18W,FB1,FB12V",Copper,"20.625""H x 8.625""W x 8.625""D",,843411126385,fhl21w.jpg,525,1050,1155,FIN001,Y,,,,,DEC021,,,,Contemporary,Electric,Brass,Hammered Glass,8.625,,,,,E26,1,5,5,110,Yes,Weiyan® LED Flame Bulb,Yes,No,,,CSA,This product is compliant with California Title 20 requirements when sold and shipped with a light source. Any included lamping must meet California Title 20 standards.,,WARNING: This product may expose you to chemicals including lead and other substances known to the State of California to cause cancer and k birth defects or other reproductive harm. For more information visit www.P65Warnings.ca.gov,FHL21W,"Bring the romance of a gas flame to outdoor spaces with the Hyland Flush Weiyan® LED Flame Fixture. This handcrafted copper lantern includes the Weiyan® LED Simulated Gas Flame bulb and patented 110V flame simulation technology, using hammered glass to create a lifelike flicker with efficient LED performance. It is a refined Outdoor LED Fixture option for homeowners, designers, and builders who want the atmosphere of gas lighting without gas-line installation.",https://thecoppersmith.net/warranty-return/,China,0,1,1,,
MS16W,CopperSmith Market Street 16 Weiyan LED Flame Lantern Wall Sconce,,The CopperSmith,Market Street,LED Fixtures,N,"MS19W,MS21W,MS30W,FB1,FB12V",Copper,"16""H x 9.25""W x 9.25""D",11,843411102365,,350,700,770,FIN001,Y,WM017,WA035,CM091,PP017,DEC027,,,,English,Electric,Brass,Hammered Glass,11,6,5,5,2,E26,1,5,5,110,Yes,Weiyan® LED Flame Bulb,Yes,No,Wet,No,CSA,This product is compliant with California Title 20 requirements when sold and shipped with a light source. Any included lamping must meet California Title 20 standards.,,WARNING: This product may expose you to chemicals including lead and other substances known to the State of California to cause cancer and k birth defects or other reproductive harm. For more information visit www.P65Warnings.ca.gov,MS16W,"Bring the romance of a gas flame to outdoor spaces with the Market Street Weiyan® LED Flame Fixture. This handcrafted copper lantern includes the Weiyan® LED Simulated Gas Flame bulb and patented 110V flame simulation technology, using hammered glass to create a lifelike flicker with efficient LED performance. It is a refined Outdoor LED Fixture option for homeowners, designers, and builders who want the atmosphere of gas lighting without gas-line installation.",https://thecoppersmith.net/warranty-return/,China,0,1,1,,
MS19W,CopperSmith Market Street 19 Weiyan LED Flame Lantern Wall Sconce,,The CopperSmith,Market Street,LED Fixtures,Y,"MS16W,MS21W,MS30W,FB1,FB12V",Copper,"18.75""H x 10""W x 10""D",12,843411102396,ms19w.jpg,368,736,810,FIN001,Y,WM017,WA036,CM093,PP017,DEC028,,,,English,Electric,Brass,Hammered Glass,11.75,6,5,5,2,E26,1,5,5,110,Yes,Weiyan® LED Flame Bulb,Yes,No,Wet,No,CSA,This product is compliant with California Title 20 requirements when sold and shipped with a light source. Any included lamping must meet California Title 20 standards.,,WARNING: This product may expose you to chemicals including lead and other substances known to the State of California to cause cancer and k birth defects or other reproductive harm. For more information visit www.P65Warnings.ca.gov,MS19W,"Bring the romance of a gas flame to outdoor spaces with the Market Street Weiyan® LED Flame Fixture. This handcrafted copper lantern includes the Weiyan® LED Simulated Gas Flame bulb and patented 110V flame simulation technology, using hammered glass to create a lifelike flicker with efficient LED performance. It is a refined Outdoor LED Fixture option for homeowners, designers, and builders who want the atmosphere of gas lighting without gas-line installation.",https://thecoppersmith.net/warranty-return/,China,0,1,1,,
MS21W,CopperSmith Market Street 21 Weiyan LED Flame Lantern Wall Sconce,,The CopperSmith,Market Street,LED Fixtures,Y,"MS16W,MS19W,MS30W,FB1,FB12V",Copper,"21.25""H x 12""W x 12""D",18,843411102426,,450,900,990,FIN001,Y,WM019,WA037,CM094,PP017,DEC029,,,,English,Electric,Brass,Hammered Glass,13.75,6,5,5,2,E26,1,5,5,110,Yes,Weiyan® LED Flame Bulb,Yes,No,Wet,No,CSA,This product is compliant with California Title 20 requirements when sold and shipped with a light source. Any included lamping must meet California Title 20 standards.,,WARNING: This product may expose you to chemicals including lead and other substances known to the State of California to cause cancer and k birth defects or other reproductive harm. For more information visit www.P65Warnings.ca.gov,MS21W,"Bring the romance of a gas flame to outdoor spaces with the Market Street Weiyan® LED Flame Fixture. This handcrafted copper lantern includes the Weiyan® LED Simulated Gas Flame bulb and patented 110V flame simulation technology, using hammered glass to create a lifelike flicker with efficient LED performance. It is a refined Outdoor LED Fixture option for homeowners, designers, and builders who want the atmosphere of gas lighting without gas-line installation.",https://thecoppersmith.net/warranty-return/,China,0,1,1,,
MS30W,CopperSmith Market Street 30 Weiyan LED Flame Lantern Wall Sconce,,The CopperSmith,Market Street,LED Fixtures,Y,"MS16W,MS19W,MS21W,FB1,FB12V",Copper,"30""H x 12""W x 12""D",24,843411115280,,762,1524,1676,FIN001,Y,WM012,WA038,CM094,PP021,DEC030,,,,English,Electric,Brass,Hammered Glass,13.75,6,5,5,2,E26,1,5,5,110,Yes,Weiyan® LED Flame Bulb,Yes,No,Wet,No,CSA,This product is compliant with California Title 20 requirements when sold and shipped with a light source. Any included lamping must meet California Title 20 standards.,,WARNING: This product may expose you to chemicals including lead and other substances known to the State of California to cause cancer and k birth defects or other reproductive harm. For more information visit www.P65Warnings.ca.gov,MS30W,"Bring the romance of a gas flame to outdoor spaces with the Market Street Weiyan® LED Flame Fixture. This handcrafted copper lantern includes the Weiyan® LED Simulated Gas Flame bulb and patented 110V flame simulation technology, using hammered glass to create a lifelike flicker with efficient LED performance. It is a refined Outdoor LED Fixture option for homeowners, designers, and builders who want the atmosphere of gas lighting without gas-line installation.",https://thecoppersmith.net/warranty-return/,China,0,1,1,,
MV19W,CopperSmith Mount Vernon 19 Weiyan LED Flame Lantern Wall Sconce,,The CopperSmith,Mount Vernon,LED Fixtures,N,"MV25W,MV30W,FB1,FB12V",Copper,"19.5""H x 13.75""W x 13.75""D",,843411102457,,339,678,746,FIN001,Y,WM015,WA039,CM070,PP019,DEC025,,,,Traditional,Electric,Brass,Hammered Glass,13.75,6,5,5,2,E26,1,5,5,110,Yes,Weiyan® LED Flame Bulb,Yes,No,Wet,No,CSA,This product is compliant with California Title 20 requirements when sold and shipped with a light source. Any included lamping must meet California Title 20 standards.,,WARNING: This product may expose you to chemicals including lead and other substances known to the State of California to cause cancer and k birth defects or other reproductive harm. For more information visit www.P65Warnings.ca.gov,MV19W,"Bring the romance of a gas flame to outdoor spaces with the Mount Vernon Weiyan® LED Flame Fixture. This handcrafted copper lantern includes the Weiyan® LED Simulated Gas Flame bulb and patented 110V flame simulation technology, using hammered glass to create a lifelike flicker with efficient LED performance. It is a refined Outdoor LED Fixture option for homeowners, designers, and builders who want the atmosphere of gas lighting without gas-line installation.",https://thecoppersmith.net/warranty-return/,China,0,1,1,,
MV25W,CopperSmith Mount Vernon 25 Weiyan LED Flame Lantern Wall Sconce,,The CopperSmith,Mount Vernon,LED Fixtures,Y,"MV19W,MV30W,FB1,FB12V",Copper,"25""H x 16""W x 15.75""D",,843411102488,mv25w.jpg,464,928,1021,FIN001,Y,WM015,WA040,CM046,PP019,DEC031,,,,Traditional,Electric,Brass,Hammered Glass,15.75,6,5,5,2,E26,1,5,5,110,Yes,Weiyan® LED Flame Bulb,Yes,No,Wet,No,CSA,This product is compliant with California Title 20 requirements when sold and shipped with a light source. Any included lamping must meet California Title 20 standards.,,WARNING: This product may expose you to chemicals including lead and other substances known to the State of California to cause cancer and k birth defects or other reproductive harm. For more information visit www.P65Warnings.ca.gov,MV25W,"Bring the romance of a gas flame to outdoor spaces with the Mount Vernon Weiyan® LED Flame Fixture. This handcrafted copper lantern includes the Weiyan® LED Simulated Gas Flame bulb and patented 110V flame simulation technology, using hammered glass to create a lifelike flicker with efficient LED performance. It is a refined Outdoor LED Fixture option for homeowners, designers, and builders who want the atmosphere of gas lighting without gas-line installation.",https://thecoppersmith.net/warranty-return/,China,0,1,1,,
MV30W,CopperSmith Mount Vernon 30 Weiyan LED Flame Lantern Wall Sconce,,The CopperSmith,Mount Vernon,LED Fixtures,Y,"MV19W,MV25W,FB1,FB12V",Copper,"30.5""H x 19""W x 18.5""D",,843411102518,,682,1364,1500,FIN001,Y,WM020,WA041,CM072,PP020,DEC026,,,,Traditional,Electric,Brass,Hammered Glass,18.5,6,5,5,2,E26,1,5,5,110,Yes,Weiyan® LED Flame Bulb,Yes,No,Wet,No,CSA,This product is compliant with California Title 20 requirements when sold and shipped with a light source. Any included lamping must meet California Title 20 standards.,,WARNING: This product may expose you to chemicals including lead and other substances known to the State of California to cause cancer and k birth defects or other reproductive harm. For more information visit www.P65Warnings.ca.gov,MV30W,"Bring the romance of a gas flame to outdoor spaces with the Mount Vernon Weiyan® LED Flame Fixture. This handcrafted copper lantern includes the Weiyan® LED Simulated Gas Flame bulb and patented 110V flame simulation technology, using hammered glass to create a lifelike flicker with efficient LED performance. It is a refined Outdoor LED Fixture option for homeowners, designers, and builders who want the atmosphere of gas lighting without gas-line installation.",https://thecoppersmith.net/warranty-return/,China,0,1,1,,
OA20W,CopperSmith Oakley 20 Weiyan LED Flame Lantern Wall Sconce,,The CopperSmith,Oakley,LED Fixtures,N,"OA25W,OA33W,FB1,FB12V",Copper,"20.5""H x 8.5""W x 8.5""D",11,843411102549,oa20w.jpg,336,672,739,FIN001,Y,WM017,WA042,CM095,PP017,DEC032,,,,French,Electric,Brass,Hammered Glass,10.5,6,5,5,2,E26,1,5,5,110,Yes,Weiyan® LED Flame Bulb,Yes,No,Wet,No,CSA,This product is compliant with California Title 20 requirements when sold and shipped with a light source. Any included lamping must meet California Title 20 standards.,,WARNING: This product may expose you to chemicals including lead and other substances known to the State of California to cause cancer and k birth defects or other reproductive harm. For more information visit www.P65Warnings.ca.gov,OA20W,"Bring the romance of a gas flame to outdoor spaces with the Oakley Weiyan® LED Flame Fixture. This handcrafted copper lantern includes the Weiyan® LED Simulated Gas Flame bulb and patented 110V flame simulation technology, using hammered glass to create a lifelike flicker with efficient LED performance. It is a refined Outdoor LED Fixture option for homeowners, designers, and builders who want the atmosphere of gas lighting without gas-line installation.",https://thecoppersmith.net/warranty-return/,China,0,1,1,,
OA25W,CopperSmith Oakley 25 Weiyan LED Flame Lantern Wall Sconce,,The CopperSmith,Oakley,LED Fixtures,Y,"OA20W,OA33W,FB1,FB12V",Copper,"25.75""H x 10""W x 10""D",15,843411102570,,392,784,862,FIN001,Y,WM018,WA043,CM097,PP017,DEC033,,,,French,Electric,Brass,Hammered Glass,11.75,6,5,5,2,E26,1,5,5,110,Yes,Weiyan® LED Flame Bulb,Yes,No,Wet,No,CSA,This product is compliant with California Title 20 requirements when sold and shipped with a light source. Any included lamping must meet California Title 20 standards.,,WARNING: This product may expose you to chemicals including lead and other substances known to the State of California to cause cancer and k birth defects or other reproductive harm. For more information visit www.P65Warnings.ca.gov,OA25W,"Bring the romance of a gas flame to outdoor spaces with the Oakley Weiyan® LED Flame Fixture. This handcrafted copper lantern includes the Weiyan® LED Simulated Gas Flame bulb and patented 110V flame simulation technology, using hammered glass to create a lifelike flicker with efficient LED performance. It is a refined Outdoor LED Fixture option for homeowners, designers, and builders who want the atmosphere of gas lighting without gas-line installation.",https://thecoppersmith.net/warranty-return/,China,0,1,1,,
OA33W,CopperSmith Oakley 33 Weiyan LED Flame Lantern Wall Sconce,,The CopperSmith,Oakley,LED Fixtures,Y,"OA20W,OA25W,FB1,FB12V",Copper,"32.75""H x 12""W x 12""D",23,843411102600,,549,1098,1208,FIN001,Y,WM019,WA044,CM099,PP032,DEC034,,,,French,Electric,Brass,Hammered Glass,13.75,6,5,5,2,E26,1,5,5,110,Yes,Weiyan® LED Flame Bulb,Yes,No,Wet,No,CSA,This product is compliant with California Title 20 requirements when sold and shipped with a light source. Any included lamping must meet California Title 20 standards.,,WARNING: This product may expose you to chemicals including lead and other substances known to the State of California to cause cancer and k birth defects or other reproductive harm. For more information visit www.P65Warnings.ca.gov,OA33W,"Bring the romance of a gas flame to outdoor spaces with the Oakley Weiyan® LED Flame Fixture. This handcrafted copper lantern includes the Weiyan® LED Simulated Gas Flame bulb and patented 110V flame simulation technology, using hammered glass to create a lifelike flicker with efficient LED performance. It is a refined Outdoor LED Fixture option for homeowners, designers, and builders who want the atmosphere of gas lighting without gas-line installation.",https://thecoppersmith.net/warranty-return/,China,0,1,1,,
PS19W,CopperSmith Palmetto Street 19 Weiyan LED Flame Lantern Wall Sconce,,The CopperSmith,Palmetto Street,LED Fixtures,N,"PS24W,PS29W,FB1,FB12V",Copper,"19""H x 9.25""W x 9""D",10,843411102723,,462,924,1016,FIN001,Y,WM032,,CM110,,DEC037,,,,English,Electric,Brass,Hammered Glass,9,6,5,5,2,E26,1,5,5,110,Yes,Weiyan® LED Flame Bulb,Yes,No,Wet,No,CSA,This product is compliant with California Title 20 requirements when sold and shipped with a light source. Any included lamping must meet California Title 20 standards.,,WARNING: This product may expose you to chemicals including lead and other substances known to the State of California to cause cancer and k birth defects or other reproductive harm. For more information visit www.P65Warnings.ca.gov,PS19W,"Bring the romance of a gas flame to outdoor spaces with the Palmetto Street Weiyan® LED Flame Fixture. This handcrafted copper lantern includes the Weiyan® LED Simulated Gas Flame bulb and patented 110V flame simulation technology, using hammered glass to create a lifelike flicker with efficient LED performance. It is a refined Outdoor LED Fixture option for homeowners, designers, and builders who want the atmosphere of gas lighting without gas-line installation.",https://thecoppersmith.net/warranty-return/,China,0,1,1,,
PS24W,CopperSmith Palmetto Street 24 Weiyan LED Flame Lantern Wall Sconce,,The CopperSmith,Palmetto Street,LED Fixtures,Y,"PS19W,PS29W,FB1,FB12V",Copper,"23.75""H x 10.5""W x 10.5""D",14,843411102754,ps24w.jpg,566,1132,1245,FIN001,Y,WM033,,CM027,,DEC038,,,,English,Electric,Brass,Hammered Glass,10.5,6,5,5,2,E26,1,5,5,110,Yes,Weiyan® LED Flame Bulb,Yes,No,Wet,No,CSA,This product is compliant with California Title 20 requirements when sold and shipped with a light source. Any included lamping must meet California Title 20 standards.,,WARNING: This product may expose you to chemicals including lead and other substances known to the State of California to cause cancer and k birth defects or other reproductive harm. For more information visit www.P65Warnings.ca.gov,PS24W,"Bring the romance of a gas flame to outdoor spaces with the Palmetto Street Weiyan® LED Flame Fixture. This handcrafted copper lantern includes the Weiyan® LED Simulated Gas Flame bulb and patented 110V flame simulation technology, using hammered glass to create a lifelike flicker with efficient LED performance. It is a refined Outdoor LED Fixture option for homeowners, designers, and builders who want the atmosphere of gas lighting without gas-line installation.",https://thecoppersmith.net/warranty-return/,China,0,1,1,,
PS29W,CopperSmith Palmetto Street 29 Weiyan LED Flame Lantern Wall Sconce,,The CopperSmith,Palmetto Street,LED Fixtures,Y,"PS19W,PS24W,FB1,FB12V",Copper,"29""H x 12""W x 11.75""D",21,843411102785,,806,1612,1773,FIN001,Y,WM033,,CM111,,DEC039,,,,English,Electric,Brass,Hammered Glass,11.75,6,5,5,2,E26,1,5,5,110,Yes,Weiyan® LED Flame Bulb,Yes,No,Wet,No,CSA,This product is compliant with California Title 20 requirements when sold and shipped with a light source. Any included lamping must meet California Title 20 standards.,,WARNING: This product may expose you to chemicals including lead and other substances known to the State of California to cause cancer and k birth defects or other reproductive harm. For more information visit www.P65Warnings.ca.gov,PS29W,"Bring the romance of a gas flame to outdoor spaces with the Palmetto Street Weiyan® LED Flame Fixture. This handcrafted copper lantern includes the Weiyan® LED Simulated Gas Flame bulb and patented 110V flame simulation technology, using hammered glass to create a lifelike flicker with efficient LED performance. It is a refined Outdoor LED Fixture option for homeowners, designers, and builders who want the atmosphere of gas lighting without gas-line installation.",https://thecoppersmith.net/warranty-return/,China,0,1,1,,
PH20W,CopperSmith Pebble Hill 20 Weiyan LED Flame Lantern Wall Sconce,,The CopperSmith,Pebble Hill,LED Fixtures,N,"PH22W,PH29W,FB1,FB12V",Copper,"23.75""H x 11.5""W x 11.5""D",,843411102631,ph20w.jpg,419,838,922,FIN001,Y,WM011,WA045,CM107,PP016,DEC035,,,,French,Electric,Brass,Hammered Glass,13.25,6,5,5,2,E26,1,5,5,110,Yes,Weiyan® LED Flame Bulb,Yes,No,Wet,No,CSA,This product is compliant with California Title 20 requirements when sold and shipped with a light source. Any included lamping must meet California Title 20 standards.,,WARNING: This product may expose you to chemicals including lead and other substances known to the State of California to cause cancer and k birth defects or other reproductive harm. For more information visit www.P65Warnings.ca.gov,PH20W,"Bring the romance of a gas flame to outdoor spaces with the Pebble Hill Weiyan® LED Flame Fixture. This handcrafted copper lantern includes the Weiyan® LED Simulated Gas Flame bulb and patented 110V flame simulation technology, using hammered glass to create a lifelike flicker with efficient LED performance. It is a refined Outdoor LED Fixture option for homeowners, designers, and builders who want the atmosphere of gas lighting without gas-line installation.",https://thecoppersmith.net/warranty-return/,China,0,1,1,,
PH22W,CopperSmith Pebble Hill 22 Weiyan LED Flame Lantern Wall Sconce,,The CopperSmith,Pebble Hill,LED Fixtures,Y,"PH20W,PH29W,FB1,FB12V",Copper,"25.5""H x 12.25""W x 12.25""D",,843411102662,,455,910,1001,FIN001,Y,WM011,WA046,CM107,PP016,DEC035,,,,French,Electric,Brass,Hammered Glass,14,6,5,5,2,E26,1,5,5,110,Yes,Weiyan® LED Flame Bulb,Yes,No,Wet,No,CSA,This product is compliant with California Title 20 requirements when sold and shipped with a light source. Any included lamping must meet California Title 20 standards.,,WARNING: This product may expose you to chemicals including lead and other substances known to the State of California to cause cancer and k birth defects or other reproductive harm. For more information visit www.P65Warnings.ca.gov,PH22W,"Bring the romance of a gas flame to outdoor spaces with the Pebble Hill Weiyan® LED Flame Fixture. This handcrafted copper lantern includes the Weiyan® LED Simulated Gas Flame bulb and patented 110V flame simulation technology, using hammered glass to create a lifelike flicker with efficient LED performance. It is a refined Outdoor LED Fixture option for homeowners, designers, and builders who want the atmosphere of gas lighting without gas-line installation.",https://thecoppersmith.net/warranty-return/,China,0,1,1,,
PH29W,CopperSmith Pebble Hill 29 Weiyan LED Flame Lantern Wall Sconce,,The CopperSmith,Pebble Hill,LED Fixtures,Y,"PH20W,PH22W,FB1,FB12V",Copper,"30.75""H x 15.25""W x 15.25""D",,843411102693,,695,1390,1529,FIN001,Y,WM012,WA047,CM109,PP016,DEC036,,,,French,Electric,Brass,Hammered Glass,17.25,6,5,5,2,E26,1,5,5,110,Yes,Weiyan® LED Flame Bulb,Yes,No,Wet,No,CSA,This product is compliant with California Title 20 requirements when sold and shipped with a light source. Any included lamping must meet California Title 20 standards.,,WARNING: This product may expose you to chemicals including lead and other substances known to the State of California to cause cancer and k birth defects or other reproductive harm. For more information visit www.P65Warnings.ca.gov,PH29W,"Bring the romance of a gas flame to outdoor spaces with the Pebble Hill Weiyan® LED Flame Fixture. This handcrafted copper lantern includes the Weiyan® LED Simulated Gas Flame bulb and patented 110V flame simulation technology, using hammered glass to create a lifelike flicker with efficient LED performance. It is a refined Outdoor LED Fixture option for homeowners, designers, and builders who want the atmosphere of gas lighting without gas-line installation.",https://thecoppersmith.net/warranty-return/,China,0,1,1,,
SO20W,CopperSmith Somerset 20 Weiyan LED Flame Lantern Wall Sconce,,The CopperSmith,Somerset,LED Fixtures,N,"SO22W,SO26W,SO32W,FB1,FB12V",Copper,"19.5""H x 9.25""W x 9.25""D",11,843411102907,so20w.jpg,360,720,792,FIN001,Y,WM017,WA048,CM113,PP017,DEC040,,,,English,Electric,Brass,Hammered Glass,11,6,5,5,2,E26,1,5,5,110,Yes,Weiyan® LED Flame Bulb,Yes,No,Wet,No,CSA,This product is compliant with California Title 20 requirements when sold and shipped with a light source. Any included lamping must meet California Title 20 standards.,,WARNING: This product may expose you to chemicals including lead and other substances known to the State of California to cause cancer and k birth defects or other reproductive harm. For more information visit www.P65Warnings.ca.gov,SO20W,"Bring the romance of a gas flame to outdoor spaces with the Somerset Weiyan® LED Flame Fixture. This handcrafted copper lantern includes the Weiyan® LED Simulated Gas Flame bulb and patented 110V flame simulation technology, using hammered glass to create a lifelike flicker with efficient LED performance. It is a refined Outdoor LED Fixture option for homeowners, designers, and builders who want the atmosphere of gas lighting without gas-line installation.",https://thecoppersmith.net/warranty-return/,China,0,1,1,,
SO22W,CopperSmith Somerset 22 Weiyan LED Flame Lantern Wall Sconce,,The CopperSmith,Somerset,LED Fixtures,Y,"SO20W,SO26W,SO32W,FB1,FB12V",Copper,"22.5""H x 10""W x 10""D",13,843411102938,,416,832,915,FIN001,Y,WM017,WA049,CM115,PP017,DEC041,,,,English,Electric,Brass,Hammered Glass,11.75,6,5,5,2,E26,1,5,5,110,Yes,Weiyan® LED Flame Bulb,Yes,No,Wet,No,CSA,This product is compliant with California Title 20 requirements when sold and shipped with a light source. Any included lamping must meet California Title 20 standards.,,WARNING: This product may expose you to chemicals including lead and other substances known to the State of California to cause cancer and k birth defects or other reproductive harm. For more information visit www.P65Warnings.ca.gov,SO22W,"Bring the romance of a gas flame to outdoor spaces with the Somerset Weiyan® LED Flame Fixture. This handcrafted copper lantern includes the Weiyan® LED Simulated Gas Flame bulb and patented 110V flame simulation technology, using hammered glass to create a lifelike flicker with efficient LED performance. It is a refined Outdoor LED Fixture option for homeowners, designers, and builders who want the atmosphere of gas lighting without gas-line installation.",https://thecoppersmith.net/warranty-return/,China,0,1,1,,
SO26W,CopperSmith Somerset 26 Weiyan LED Flame Lantern Wall Sconce,,The CopperSmith,Somerset,LED Fixtures,Y,"SO20W,SO22W,SO32W,FB1,FB12V",Copper,"26.75""H x 12""W x 12""D",18,843411102969,,595,1190,1309,FIN001,Y,WM019,WA050,CM111,PP017,DEC042,,,,English,Electric,Brass,Hammered Glass,13.75,6,5,5,2,E26,1,5,5,110,Yes,Weiyan® LED Flame Bulb,Yes,No,Wet,No,CSA,This product is compliant with California Title 20 requirements when sold and shipped with a light source. Any included lamping must meet California Title 20 standards.,,WARNING: This product may expose you to chemicals including lead and other substances known to the State of California to cause cancer and k birth defects or other reproductive harm. For more information visit www.P65Warnings.ca.gov,SO26W,"Bring the romance of a gas flame to outdoor spaces with the Somerset Weiyan® LED Flame Fixture. This handcrafted copper lantern includes the Weiyan® LED Simulated Gas Flame bulb and patented 110V flame simulation technology, using hammered glass to create a lifelike flicker with efficient LED performance. It is a refined Outdoor LED Fixture option for homeowners, designers, and builders who want the atmosphere of gas lighting without gas-line installation.",https://thecoppersmith.net/warranty-return/,China,0,1,1,,
SO32W,CopperSmith Somerset 32 Weiyan LED Flame Lantern Wall Sconce,,The CopperSmith,Somerset,LED Fixtures,Y,"SO20W,SO22W,SO26W,FB1,FB12V",Copper,"32.25""H x 12""W x 12""D",19,843411102990,,780,1560,1716,FIN001,Y,WM034,WA044,CM111,PP028,DEC043,,,,English,Electric,Brass,Hammered Glass,13.75,6,5,5,2,E26,1,5,5,110,Yes,Weiyan® LED Flame Bulb,Yes,No,Wet,No,CSA,This product is compliant with California Title 20 requirements when sold and shipped with a light source. Any included lamping must meet California Title 20 standards.,,WARNING: This product may expose you to chemicals including lead and other substances known to the State of California to cause cancer and k birth defects or other reproductive harm. For more information visit www.P65Warnings.ca.gov,SO32W,"Bring the romance of a gas flame to outdoor spaces with the Somerset Weiyan® LED Flame Fixture. This handcrafted copper lantern includes the Weiyan® LED Simulated Gas Flame bulb and patented 110V flame simulation technology, using hammered glass to create a lifelike flicker with efficient LED performance. It is a refined Outdoor LED Fixture option for homeowners, designers, and builders who want the atmosphere of gas lighting without gas-line installation.",https://thecoppersmith.net/warranty-return/,China,0,1,1,,
SS41W,CopperSmith State Street 20 Weiyan LED Flame Lantern Wall Sconce,,The CopperSmith,State Street,LED Fixtures,N,"SS42W,SS43W,SS44W,FB1,FB12V",Copper,"20""H x 10.5""W x 10.5""D",10,843411103027,,407,814,895,FIN001,Y,WM010,WA001,CM027,PP015,DEC005,,,,Traditional,Electric,Brass,Hammered Glass,12.25,6,5,5,2,E26,1,5,5,110,Yes,Weiyan® LED Flame Bulb,Yes,No,Wet,No,CSA,This product is compliant with California Title 20 requirements when sold and shipped with a light source. Any included lamping must meet California Title 20 standards.,,WARNING: This product may expose you to chemicals including lead and other substances known to the State of California to cause cancer and k birth defects or other reproductive harm. For more information visit www.P65Warnings.ca.gov,SS41W,"Bring the romance of a gas flame to outdoor spaces with the State Street Weiyan® LED Flame Fixture. This handcrafted copper lantern includes the Weiyan® LED Simulated Gas Flame bulb and patented 110V flame simulation technology, using hammered glass to create a lifelike flicker with efficient LED performance. It is a refined Outdoor LED Fixture option for homeowners, designers, and builders who want the atmosphere of gas lighting without gas-line installation.",https://thecoppersmith.net/warranty-return/,China,0,1,1,,
SS42W,CopperSmith State Street 24 Weiyan LED Flame Lantern Wall Sconce,,The CopperSmith,State Street,LED Fixtures,Y,"SS41W,SS43W,SS44W,FB1,FB12V",Copper,"24.5""H x 12.25""W x 12.25""D",14,843411103058,,536,1072,1179,FIN001,Y,WM035,WA002,CM029,PP016,DEC005,,,,Traditional,Electric,Brass,Hammered Glass,14,6,5,5,2,E26,1,5,5,110,Yes,Weiyan® LED Flame Bulb,Yes,No,Wet,No,CSA,This product is compliant with California Title 20 requirements when sold and shipped with a light source. Any included lamping must meet California Title 20 standards.,,WARNING: This product may expose you to chemicals including lead and other substances known to the State of California to cause cancer and k birth defects or other reproductive harm. For more information visit www.P65Warnings.ca.gov,SS42W,"Bring the romance of a gas flame to outdoor spaces with the State Street Weiyan® LED Flame Fixture. This handcrafted copper lantern includes the Weiyan® LED Simulated Gas Flame bulb and patented 110V flame simulation technology, using hammered glass to create a lifelike flicker with efficient LED performance. It is a refined Outdoor LED Fixture option for homeowners, designers, and builders who want the atmosphere of gas lighting without gas-line installation.",https://thecoppersmith.net/warranty-return/,China,0,1,1,,
SS43W,CopperSmith State Street 29 Weiyan LED Flame Lantern Wall Sconce,,The CopperSmith,State Street,LED Fixtures,Y,"SS41W,SS42W,SS44W,FB1,FB12V",Copper,"29""H x 15.25""W x 15.25""D",20,843411103089,ss43w.jpg,707,1414,1555,FIN001,Y,WM012,WA003,CM031,PP016,DEC006,,,,Traditional,Electric,Brass,Hammered Glass,17.25,6,5,5,2,E26,1,5,5,110,Yes,Weiyan® LED Flame Bulb,Yes,No,Wet,No,CSA,This product is compliant with California Title 20 requirements when sold and shipped with a light source. Any included lamping must meet California Title 20 standards.,,WARNING: This product may expose you to chemicals including lead and other substances known to the State of California to cause cancer and k birth defects or other reproductive harm. For more information visit www.P65Warnings.ca.gov,SS43W,"Bring the romance of a gas flame to outdoor spaces with the State Street Weiyan® LED Flame Fixture. This handcrafted copper lantern includes the Weiyan® LED Simulated Gas Flame bulb and patented 110V flame simulation technology, using hammered glass to create a lifelike flicker with efficient LED performance. It is a refined Outdoor LED Fixture option for homeowners, designers, and builders who want the atmosphere of gas lighting without gas-line installation.",https://thecoppersmith.net/warranty-return/,China,0,1,1,,
SS44W,CopperSmith State Street 34 Weiyan LED Flame Lantern Wall Sconce,,The CopperSmith,State Street,LED Fixtures,Y,"SS41W,SS42W,SS43W,FB1,FB12V",Copper,"33.5""H x 17.5""W x 17.5""D",26,843411103119,,869,1738,1912,FIN001,Y,WM012,WA004,CM033,PP017,DEC006,,,,Traditional,Electric,Brass,Hammered Glass,19.5,6,5,5,2,E26,1,5,5,110,Yes,Weiyan® LED Flame Bulb,Yes,No,Wet,No,CSA,This product is compliant with California Title 20 requirements when sold and shipped with a light source. Any included lamping must meet California Title 20 standards.,,WARNING: This product may expose you to chemicals including lead and other substances known to the State of California to cause cancer and k birth defects or other reproductive harm. For more information visit www.P65Warnings.ca.gov,SS44W,"Bring the romance of a gas flame to outdoor spaces with the State Street Weiyan® LED Flame Fixture. This handcrafted copper lantern includes the Weiyan® LED Simulated Gas Flame bulb and patented 110V flame simulation technology, using hammered glass to create a lifelike flicker with efficient LED performance. It is a refined Outdoor LED Fixture option for homeowners, designers, and builders who want the atmosphere of gas lighting without gas-line installation.",https://thecoppersmith.net/warranty-return/,China,0,1,1,,
TE20W,CopperSmith Terra 20 Weiyan LED Flame Lantern Wall Sconce,,The CopperSmith,Terra,LED Fixtures,N,"TE22W,FB1,FB12V",Copper,"19.5""H x 9.25""W x 6.5""D",,843411103355,te20w.jpg,332,664,730,FIN001,Y,,,,,DEC044,,,,Traditional,Electric,Brass,Hammered Glass,6.5,,,,,E26,1,5,5,110,Yes,Weiyan® LED Flame Bulb,Yes,No,Wet,,CSA,This product is compliant with California Title 20 requirements when sold and shipped with a light source. Any included lamping must meet California Title 20 standards.,,WARNING: This product may expose you to chemicals including lead and other substances known to the State of California to cause cancer and k birth defects or other reproductive harm. For more information visit www.P65Warnings.ca.gov,TE20W,"Bring the romance of a gas flame to outdoor spaces with the Terra Weiyan® LED Flame Fixture. This handcrafted copper lantern includes the Weiyan® LED Simulated Gas Flame bulb and patented 110V flame simulation technology, using hammered glass to create a lifelike flicker with efficient LED performance. It is a refined Outdoor LED Fixture option for homeowners, designers, and builders who want the atmosphere of gas lighting without gas-line installation.",https://thecoppersmith.net/warranty-return/,China,0,1,1,,
TE22W,CopperSmith Terra 22 Weiyan LED Flame Lantern Wall Sconce,,The CopperSmith,Terra,LED Fixtures,Y,"TE20W,FB1,FB12V",Copper,"22.25""H x 10""W x 7.25""D",,843411103386,,448,896,986,FIN001,Y,,,,,DEC046,,,,Traditional,Electric,Brass,Hammered Glass,7.25,,,,,E26,1,5,5,110,Yes,Weiyan® LED Flame Bulb,Yes,No,Wet,,CSA,This product is compliant with California Title 20 requirements when sold and shipped with a light source. Any included lamping must meet California Title 20 standards.,,WARNING: This product may expose you to chemicals including lead and other substances known to the State of California to cause cancer and k birth defects or other reproductive harm. For more information visit www.P65Warnings.ca.gov,TE22W,"Bring the romance of a gas flame to outdoor spaces with the Terra Weiyan® LED Flame Fixture. This handcrafted copper lantern includes the Weiyan® LED Simulated Gas Flame bulb and patented 110V flame simulation technology, using hammered glass to create a lifelike flicker with efficient LED performance. It is a refined Outdoor LED Fixture option for homeowners, designers, and builders who want the atmosphere of gas lighting without gas-line installation.",https://thecoppersmith.net/warranty-return/,China,0,1,1,,
WS23W,CopperSmith Water Street 23 Weiyan LED Flame Lantern Wall Sconce,,The CopperSmith,Water Street,LED Fixtures,N,"WS28W,WS35W,FB1,FB12V",Copper,"23""H x 7.25""W x 7.25""D",,843411103416,ws23w.jpg,458,916,1008,FIN001,Y,,,,,DEC019,,,,Traditional,Electric,Brass,Hammered Glass,8.25,,,,,E26,1,5,5,110,Yes,Weiyan® LED Flame Bulb,Yes,No,Wet,,CSA,This product is compliant with California Title 20 requirements when sold and shipped with a light source. Any included lamping must meet California Title 20 standards.,,WARNING: This product may expose you to chemicals including lead and other substances known to the State of California to cause cancer and k birth defects or other reproductive harm. For more information visit www.P65Warnings.ca.gov,WS23W,"Bring the romance of a gas flame to outdoor spaces with the Water Street Weiyan® LED Flame Fixture. This handcrafted copper lantern includes the Weiyan® LED Simulated Gas Flame bulb and patented 110V flame simulation technology, using hammered glass to create a lifelike flicker with efficient LED performance. It is a refined Outdoor LED Fixture option for homeowners, designers, and builders who want the atmosphere of gas lighting without gas-line installation.",https://thecoppersmith.net/warranty-return/,China,0,1,1,,
WS28W,CopperSmith Water Street 28 Weiyan LED Flame Lantern Wall Sconce,,The CopperSmith,Water Street,LED Fixtures,Y,"WS23W,WS35W,FB1,FB12V",Copper,"27.75""H x 8.5""W x 8.5""D",,843411103416,,554,1108,1219,FIN001,Y,,,,,DEC048,,,,Traditional,Electric,Brass,Hammered Glass,9.75,,,,,E26,1,5,5,110,Yes,Weiyan® LED Flame Bulb,Yes,No,Wet,,CSA,This product is compliant with California Title 20 requirements when sold and shipped with a light source. Any included lamping must meet California Title 20 standards.,,WARNING: This product may expose you to chemicals including lead and other substances known to the State of California to cause cancer and k birth defects or other reproductive harm. For more information visit www.P65Warnings.ca.gov,WS28W,"Bring the romance of a gas flame to outdoor spaces with the Water Street Weiyan® LED Flame Fixture. This handcrafted copper lantern includes the Weiyan® LED Simulated Gas Flame bulb and patented 110V flame simulation technology, using hammered glass to create a lifelike flicker with efficient LED performance. It is a refined Outdoor LED Fixture option for homeowners, designers, and builders who want the atmosphere of gas lighting without gas-line installation.",https://thecoppersmith.net/warranty-return/,China,0,1,1,,
WS35W,CopperSmith Water Street 35 Weiyan LED Flame Lantern Wall Sconce,,The CopperSmith,Water Street,LED Fixtures,Y,"WS23W,WS28W,FB1,FB12V",Copper,"34.5""H x 10.5""W x 10.5""D",,843411103416,,858,1716,1888,FIN001,Y,,,,,DEC016,,,,Traditional,Electric,Brass,Hammered Glass,11.75,,,,,E26,1,5,5,110,Yes,Weiyan® LED Flame Bulb,Yes,No,Wet,,CSA,This product is compliant with California Title 20 requirements when sold and shipped with a light source. Any included lamping must meet California Title 20 standards.,,WARNING: This product may expose you to chemicals including lead and other substances known to the State of California to cause cancer and k birth defects or other reproductive harm. For more information visit www.P65Warnings.ca.gov,WS35W,"Bring the romance of a gas flame to outdoor spaces with the Water Street Weiyan® LED Flame Fixture. This handcrafted copper lantern includes the Weiyan® LED Simulated Gas Flame bulb and patented 110V flame simulation technology, using hammered glass to create a lifelike flicker with efficient LED performance. It is a refined Outdoor LED Fixture option for homeowners, designers, and builders who want the atmosphere of gas lighting without gas-line installation.",https://thecoppersmith.net/warranty-return/,China,0,1,1,,
YK16W,CopperSmith Yorktown 16 Weiyan LED Flame Lantern Wall Sconce,,The CopperSmith,Yorktown,LED Fixtures,N,"YK19W,FB1,FB12V",Copper,"16""H x 9.25""W x 6.5""D",,843411103607,,332,664,730,FIN001,Y,,,,,DEC044,,,,Traditional,Electric,Brass,Hammered Glass,6.5,,,,,E26,1,5,5,110,Yes,Weiyan® LED Flame Bulb,Yes,No,Wet,,CSA,This product is compliant with California Title 20 requirements when sold and shipped with a light source. Any included lamping must meet California Title 20 standards.,,WARNING: This product may expose you to chemicals including lead and other substances known to the State of California to cause cancer and k birth defects or other reproductive harm. For more information visit www.P65Warnings.ca.gov,YK16W,"Bring the romance of a gas flame to outdoor spaces with the Yorktown Weiyan® LED Flame Fixture. This handcrafted copper lantern includes the Weiyan® LED Simulated Gas Flame bulb and patented 110V flame simulation technology, using hammered glass to create a lifelike flicker with efficient LED performance. It is a refined Outdoor LED Fixture option for homeowners, designers, and builders who want the atmosphere of gas lighting without gas-line installation.",https://thecoppersmith.net/warranty-return/,China,0,1,1,,
YK19W,CopperSmith Yorktown 19 Weiyan LED Flame Lantern Wall Sconce,,The CopperSmith,Yorktown,LED Fixtures,Y,"YK16W,FB1,FB12V",Copper,"18.75""H x 10""W x 7.25""D",,843411103638,yk19w.jpg,448,896,986,FIN001,Y,,,,,DEC046,,,,Traditional,Electric,Brass,Hammered Glass,7.25,,,,,E26,1,5,5,110,Yes,Weiyan® LED Flame Bulb,Yes,No,Wet,,CSA,This product is compliant with California Title 20 requirements when sold and shipped with a light source. Any included lamping must meet California Title 20 standards.,,WARNING: This product may expose you to chemicals including lead and other substances known to the State of California to cause cancer and k birth defects or other reproductive harm. For more information visit www.P65Warnings.ca.gov,YK19W,"Bring the romance of a gas flame to outdoor spaces with the Yorktown Weiyan® LED Flame Fixture. This handcrafted copper lantern includes the Weiyan® LED Simulated Gas Flame bulb and patented 110V flame simulation technology, using hammered glass to create a lifelike flicker with efficient LED performance. It is a refined Outdoor LED Fixture option for homeowners, designers, and builders who want the atmosphere of gas lighting without gas-line installation.",https://thecoppersmith.net/warranty-return/,China,0,1,1,,
AM22W,CopperSmith Biltmore Amherst 22 Weiyan LED Flame Lantern Wall Sconce,,The CopperSmith Biltmore®,Biltmore® Amherst,LED Fixtures,N,"AM29W,AM35W,FB1,FB12V",Copper,"22.375""H x 12.125""W x 12.125""D",15,843411112944,,555,1110,1221,FIN001,Y,WM004,,CM007,PP004,DEC002,,,,Traditional,Electric,Brass,Hammered Glass,14.75,6,11,6,2,E26,1,5,5,110,Yes,Weiyan® LED Flame Bulb,Yes,No,Wet,No,CSA,This product is compliant with California Title 20 requirements when sold and shipped with a light source. Any included lamping must meet California Title 20 standards.,,WARNING: This product may expose you to chemicals including lead and other substances known to the State of California to cause cancer and k birth defects or other reproductive harm. For more information visit www.P65Warnings.ca.gov,AM22W,"Bring the romance of a gas flame to outdoor spaces with the Biltmore® Amherst Weiyan® LED Flame Fixture. This handcrafted copper lantern includes the Weiyan® LED Simulated Gas Flame bulb and patented 110V flame simulation technology, using hammered glass to create a lifelike flicker with efficient LED performance. It is a refined Outdoor LED Fixture option for homeowners, designers, and builders who want the atmosphere of gas lighting without gas-line installation.",https://thecoppersmith.net/warranty-return/,China,0,1,1,,
AM29W,CopperSmith Biltmore Amherst 29 Weiyan LED Flame Lantern Wall Sconce,,The CopperSmith Biltmore®,Biltmore® Amherst,LED Fixtures,Y,"AM22W,AM35W,FB1,FB12V",Copper,"28.625""H x 15.5""W x 15.5""D",23,843411112975,,714,1428,1571,FIN001,Y,WM005,,CM009,PP005,DEC003,,,,Traditional,Electric,Brass,Hammered Glass,18.125,6,14,6,2,E26,1,5,5,110,Yes,Weiyan® LED Flame Bulb,Yes,No,Wet,No,CSA,This product is compliant with California Title 20 requirements when sold and shipped with a light source. Any included lamping must meet California Title 20 standards.,,WARNING: This product may expose you to chemicals including lead and other substances known to the State of California to cause cancer and k birth defects or other reproductive harm. For more information visit www.P65Warnings.ca.gov,AM29W,"Bring the romance of a gas flame to outdoor spaces with the Biltmore® Amherst Weiyan® LED Flame Fixture. This handcrafted copper lantern includes the Weiyan® LED Simulated Gas Flame bulb and patented 110V flame simulation technology, using hammered glass to create a lifelike flicker with efficient LED performance. It is a refined Outdoor LED Fixture option for homeowners, designers, and builders who want the atmosphere of gas lighting without gas-line installation.",https://thecoppersmith.net/warranty-return/,China,0,1,1,,
AM35W,CopperSmith Biltmore Amherst 35 Weiyan LED Flame Lantern Wall Sconce,,The CopperSmith Biltmore®,Biltmore® Amherst,LED Fixtures,Y,"AM22W,AM29W,FB1,FB12V",Copper,"34.875""H x 18.875""W x 18.875""D",37,843411113002,am35w.jpg,1055,2110,2321,FIN001,Y,WM006,,CM011,PP006,DEC004,,,,Traditional,Electric,Brass,Hammered Glass,21.25,7,17,6,2,E26,1,5,5,110,Yes,Weiyan® LED Flame Bulb,Yes,No,Wet,No,CSA,This product is compliant with California Title 20 requirements when sold and shipped with a light source. Any included lamping must meet California Title 20 standards.,,WARNING: This product may expose you to chemicals including lead and other substances known to the State of California to cause cancer and k birth defects or other reproductive harm. For more information visit www.P65Warnings.ca.gov,AM35W,"Bring the romance of a gas flame to outdoor spaces with the Biltmore® Amherst Weiyan® LED Flame Fixture. This handcrafted copper lantern includes the Weiyan® LED Simulated Gas Flame bulb and patented 110V flame simulation technology, using hammered glass to create a lifelike flicker with efficient LED performance. It is a refined Outdoor LED Fixture option for homeowners, designers, and builders who want the atmosphere of gas lighting without gas-line installation.",https://thecoppersmith.net/warranty-return/,China,0,1,1,,
AH22W,CopperSmith Biltmore Antler Hill 22 Weiyan LED Flame Lantern Wall Sconce,,The CopperSmith Biltmore®,Biltmore® Antler Hill,LED Fixtures,N,"AH29W,AH36W,FB1,FB12V",Copper,"22.5""H x 8""W x 8""D",12,843411113033,,499,998,1098,FIN001,Y,WM001,,CM001,PP001,,,,,Traditional,Electric,Brass,Hammered Glass,10.625,6,12,6,2,E26,1,5,5,110,Yes,Weiyan® LED Flame Bulb,Yes,No,Wet,No,CSA,This product is compliant with California Title 20 requirements when sold and shipped with a light source. Any included lamping must meet California Title 20 standards.,,WARNING: This product may expose you to chemicals including lead and other substances known to the State of California to cause cancer and k birth defects or other reproductive harm. For more information visit www.P65Warnings.ca.gov,AH22W,"Bring the romance of a gas flame to outdoor spaces with the Biltmore® Antler Hill Weiyan® LED Flame Fixture. This handcrafted copper lantern includes the Weiyan® LED Simulated Gas Flame bulb and patented 110V flame simulation technology, using hammered glass to create a lifelike flicker with efficient LED performance. It is a refined Outdoor LED Fixture option for homeowners, designers, and builders who want the atmosphere of gas lighting without gas-line installation.",https://thecoppersmith.net/warranty-return/,China,0,1,1,,
AH29W,CopperSmith Biltmore Antler Hill 29 Weiyan LED Flame Lantern Wall Sconce,,The CopperSmith Biltmore®,Biltmore® Antler Hill,LED Fixtures,Y,"AH22W,AH36W,FB1,FB12V",Copper,"29.25""H x 10.625""W x 10.625""D",19,843411113064,,636,1272,1399,FIN001,Y,WM002,,CM003,PP002,,,,,Traditional,Electric,Brass,Hammered Glass,13.375,6,16,6,2,E26,1,5,5,110,Yes,Weiyan® LED Flame Bulb,Yes,No,Wet,No,CSA,This product is compliant with California Title 20 requirements when sold and shipped with a light source. Any included lamping must meet California Title 20 standards.,,WARNING: This product may expose you to chemicals including lead and other substances known to the State of California to cause cancer and k birth defects or other reproductive harm. For more information visit www.P65Warnings.ca.gov,AH29W,"Bring the romance of a gas flame to outdoor spaces with the Biltmore® Antler Hill Weiyan® LED Flame Fixture. This handcrafted copper lantern includes the Weiyan® LED Simulated Gas Flame bulb and patented 110V flame simulation technology, using hammered glass to create a lifelike flicker with efficient LED performance. It is a refined Outdoor LED Fixture option for homeowners, designers, and builders who want the atmosphere of gas lighting without gas-line installation.",https://thecoppersmith.net/warranty-return/,China,0,1,1,,
AH36W,CopperSmith Biltmore Antler Hill 36 Weiyan LED Flame Lantern Wall Sconce,,The CopperSmith Biltmore®,Biltmore® Antler Hill,LED Fixtures,Y,"AH22W,AH29W,FB1,FB12V",Copper,"36.25""H x 13.375""W x 13.375""D",29,843411113095,ah36w.jpg,920,1840,2024,FIN001,Y,WM003,,CM005,PP003,,,,,Traditional,Electric,Brass,Hammered Glass,15.75,7,20,6,2,E26,1,5,5,110,Yes,Weiyan® LED Flame Bulb,Yes,No,Wet,No,CSA,This product is compliant with California Title 20 requirements when sold and shipped with a light source. Any included lamping must meet California Title 20 standards.,,WARNING: This product may expose you to chemicals including lead and other substances known to the State of California to cause cancer and k birth defects or other reproductive harm. For more information visit www.P65Warnings.ca.gov,AH36W,"Bring the romance of a gas flame to outdoor spaces with the Biltmore® Antler Hill Weiyan® LED Flame Fixture. This handcrafted copper lantern includes the Weiyan® LED Simulated Gas Flame bulb and patented 110V flame simulation technology, using hammered glass to create a lifelike flicker with efficient LED performance. It is a refined Outdoor LED Fixture option for homeowners, designers, and builders who want the atmosphere of gas lighting without gas-line installation.",https://thecoppersmith.net/warranty-return/,China,0,1,1,,
AP20W,CopperSmith Biltmore Approach 20 Weiyan LED Flame Lantern Wall Sconce,,The CopperSmith Biltmore®,Biltmore® Approach,LED Fixtures,N,"AP26W,AP31W,FB1,FB12V",Copper,"19.75""H x 9.75""W x 9.75""D",17,843411113125,ap20w.jpg,667,1334,1467,FIN001,Y,WM007,,CM015,PP009,,,,,Transitional,Electric,Brass,Hammered Glass,12,6,15,6,2,E26,1,5,5,110,Yes,Weiyan® LED Flame Bulb,Yes,No,Wet,No,CSA,This product is compliant with California Title 20 requirements when sold and shipped with a light source. Any included lamping must meet California Title 20 standards.,,WARNING: This product may expose you to chemicals including lead and other substances known to the State of California to cause cancer and k birth defects or other reproductive harm. For more information visit www.P65Warnings.ca.gov,AP20W,"Bring the romance of a gas flame to outdoor spaces with the Biltmore® Approach Weiyan® LED Flame Fixture. This handcrafted copper lantern includes the Weiyan® LED Simulated Gas Flame bulb and patented 110V flame simulation technology, using hammered glass to create a lifelike flicker with efficient LED performance. It is a refined Outdoor LED Fixture option for homeowners, designers, and builders who want the atmosphere of gas lighting without gas-line installation.",https://thecoppersmith.net/warranty-return/,China,0,1,1,,
AP26W,CopperSmith Biltmore Approach 26 Weiyan LED Flame Lantern Wall Sconce,,The CopperSmith Biltmore®,Biltmore® Approach,LED Fixtures,Y,"AP20W,AP31W,FB1,FB12V",Copper,"25.625""H x 12.75""W x 12.75""D",27,843411113156,,1104,2208,2429,FIN001,Y,WM008,,CM017,PP010,,,,,Transitional,Electric,Brass,Hammered Glass,15.375,6,20,6,2,E26,1,5,5,110,Yes,Weiyan® LED Flame Bulb,Yes,No,Wet,No,CSA,This product is compliant with California Title 20 requirements when sold and shipped with a light source. Any included lamping must meet California Title 20 standards.,,WARNING: This product may expose you to chemicals including lead and other substances known to the State of California to cause cancer and k birth defects or other reproductive harm. For more information visit www.P65Warnings.ca.gov,AP26W,"Bring the romance of a gas flame to outdoor spaces with the Biltmore® Approach Weiyan® LED Flame Fixture. This handcrafted copper lantern includes the Weiyan® LED Simulated Gas Flame bulb and patented 110V flame simulation technology, using hammered glass to create a lifelike flicker with efficient LED performance. It is a refined Outdoor LED Fixture option for homeowners, designers, and builders who want the atmosphere of gas lighting without gas-line installation.",https://thecoppersmith.net/warranty-return/,China,0,1,1,,
AP31W,CopperSmith Biltmore Approach 31 Weiyan LED Flame Lantern Wall Sconce,,The CopperSmith Biltmore®,Biltmore® Approach,LED Fixtures,Y,"AP20W,AP26W,FB1,FB12V",Copper,"31.25""H x 15.875""W x 15.875""D",43,843411113187,,1682,3364,3700,FIN001,Y,WM009,,CM019,PP011,,,,,Transitional,Electric,Brass,Hammered Glass,18.5,7,25,6,2,E26,1,5,5,110,Yes,Weiyan® LED Flame Bulb,Yes,No,Wet,No,CSA,This product is compliant with California Title 20 requirements when sold and shipped with a light source. Any included lamping must meet California Title 20 standards.,,WARNING: This product may expose you to chemicals including lead and other substances known to the State of California to cause cancer and k birth defects or other reproductive harm. For more information visit www.P65Warnings.ca.gov,AP31W,"Bring the romance of a gas flame to outdoor spaces with the Biltmore® Approach Weiyan® LED Flame Fixture. This handcrafted copper lantern includes the Weiyan® LED Simulated Gas Flame bulb and patented 110V flame simulation technology, using hammered glass to create a lifelike flicker with efficient LED performance. It is a refined Outdoor LED Fixture option for homeowners, designers, and builders who want the atmosphere of gas lighting without gas-line installation.",https://thecoppersmith.net/warranty-return/,China,0,1,1,,
AR23W,CopperSmith Biltmore Arcus 23 Weiyan LED Flame Lantern Wall Sconce,,The CopperSmith Biltmore®,Biltmore® Arcus,LED Fixtures,N,"AR29W,AR36W,FB1,FB12V",Copper,"22.625""H x 8""W x 8""D",12,843411113217,,517,1034,1137,FIN001,Y,WM001,,CM021,PP012,,,,,Traditional,Electric,Brass,Hammered Glass,10.625,6,12,6,2,E26,1,5,5,110,Yes,Weiyan® LED Flame Bulb,Yes,No,Wet,No,CSA,This product is compliant with California Title 20 requirements when sold and shipped with a light source. Any included lamping must meet California Title 20 standards.,,WARNING: This product may expose you to chemicals including lead and other substances known to the State of California to cause cancer and k birth defects or other reproductive harm. For more information visit www.P65Warnings.ca.gov,AR23W,"Bring the romance of a gas flame to outdoor spaces with the Biltmore® Arcus Weiyan® LED Flame Fixture. This handcrafted copper lantern includes the Weiyan® LED Simulated Gas Flame bulb and patented 110V flame simulation technology, using hammered glass to create a lifelike flicker with efficient LED performance. It is a refined Outdoor LED Fixture option for homeowners, designers, and builders who want the atmosphere of gas lighting without gas-line installation.",https://thecoppersmith.net/warranty-return/,China,0,1,1,,
AR29W,CopperSmith Biltmore Arcus 29 Weiyan LED Flame Lantern Wall Sconce,,The CopperSmith Biltmore®,Biltmore® Arcus,LED Fixtures,Y,"AR23W,AR36W,FB1,FB12V",Copper,"29.375""H x 10.625""W x 10.625""D",19,843411113248,,649,1298,1428,FIN001,Y,WM002,,CM023,PP013,,,,,Traditional,Electric,Brass,Hammered Glass,13.375,6,16,6,2,E26,1,5,5,110,Yes,Weiyan® LED Flame Bulb,Yes,No,Wet,No,CSA,This product is compliant with California Title 20 requirements when sold and shipped with a light source. Any included lamping must meet California Title 20 standards.,,WARNING: This product may expose you to chemicals including lead and other substances known to the State of California to cause cancer and k birth defects or other reproductive harm. For more information visit www.P65Warnings.ca.gov,AR29W,"Bring the romance of a gas flame to outdoor spaces with the Biltmore® Arcus Weiyan® LED Flame Fixture. This handcrafted copper lantern includes the Weiyan® LED Simulated Gas Flame bulb and patented 110V flame simulation technology, using hammered glass to create a lifelike flicker with efficient LED performance. It is a refined Outdoor LED Fixture option for homeowners, designers, and builders who want the atmosphere of gas lighting without gas-line installation.",https://thecoppersmith.net/warranty-return/,China,0,1,1,,
AR36W,CopperSmith Biltmore Arcus 36 Weiyan LED Flame Lantern Wall Sconce,,The CopperSmith Biltmore®,Biltmore® Arcus,LED Fixtures,Y,"AR23W,AR29W,FB1,FB12V",Copper,"36.5""H x 13.375""W x 13.375""D",30,843411113279,ar36w.jpg,1043,2086,2295,FIN001,Y,WM003,,CM025,PP014,,,,,Traditional,Electric,Brass,Hammered Glass,15.75,7,20,6,2,E26,1,5,5,110,Yes,Weiyan® LED Flame Bulb,Yes,No,Wet,No,CSA,This product is compliant with California Title 20 requirements when sold and shipped with a light source. Any included lamping must meet California Title 20 standards.,,WARNING: This product may expose you to chemicals including lead and other substances known to the State of California to cause cancer and k birth defects or other reproductive harm. For more information visit www.P65Warnings.ca.gov,AR36W,"Bring the romance of a gas flame to outdoor spaces with the Biltmore® Arcus Weiyan® LED Flame Fixture. This handcrafted copper lantern includes the Weiyan® LED Simulated Gas Flame bulb and patented 110V flame simulation technology, using hammered glass to create a lifelike flicker with efficient LED performance. It is a refined Outdoor LED Fixture option for homeowners, designers, and builders who want the atmosphere of gas lighting without gas-line installation.",https://thecoppersmith.net/warranty-return/,China,0,1,1,,
GA25W,CopperSmith Biltmore Gala 25 Weiyan LED Flame Lantern Wall Sconce,,The CopperSmith Biltmore®,Biltmore® Gala,LED Fixtures,N,"GA32W,GA38W,FB1,FB12V",Copper,"24.75""H x 13.375""W x 11.625""D",13,843411113293,,578,1156,1272,FIN001,Y,WM021,,CM074,PP022,,,,,Traditional,Electric,Brass,Hammered Glass,14.25,6,9,6,2,E26,1,5,5,110,Yes,Weiyan® LED Flame Bulb,Yes,No,Wet,No,CSA,This product is compliant with California Title 20 requirements when sold and shipped with a light source. Any included lamping must meet California Title 20 standards.,,WARNING: This product may expose you to chemicals including lead and other substances known to the State of California to cause cancer and k birth defects or other reproductive harm. For more information visit www.P65Warnings.ca.gov,GA25W,"Bring the romance of a gas flame to outdoor spaces with the Biltmore® Gala Weiyan® LED Flame Fixture. This handcrafted copper lantern includes the Weiyan® LED Simulated Gas Flame bulb and patented 110V flame simulation technology, using hammered glass to create a lifelike flicker with efficient LED performance. It is a refined Outdoor LED Fixture option for homeowners, designers, and builders who want the atmosphere of gas lighting without gas-line installation.",https://thecoppersmith.net/warranty-return/,China,0,1,1,,
GA32W,CopperSmith Biltmore Gala 32 Weiyan LED Flame Lantern Wall Sconce,,The CopperSmith Biltmore®,Biltmore® Gala,LED Fixtures,Y,"GA25W,GA38W,FB1,FB12V",Copper,"31.875""H x 17.75""W x 15.375""D",21,843411113330,,849,1698,1868,FIN001,Y,WM022,,CM076,PP023,,,,,Traditional,Electric,Brass,Hammered Glass,18,6,12,6,2,E26,1,5,5,110,Yes,Weiyan® LED Flame Bulb,Yes,No,Wet,No,CSA,This product is compliant with California Title 20 requirements when sold and shipped with a light source. Any included lamping must meet California Title 20 standards.,,WARNING: This product may expose you to chemicals including lead and other substances known to the State of California to cause cancer and k birth defects or other reproductive harm. For more information visit www.P65Warnings.ca.gov,GA32W,"Bring the romance of a gas flame to outdoor spaces with the Biltmore® Gala Weiyan® LED Flame Fixture. This handcrafted copper lantern includes the Weiyan® LED Simulated Gas Flame bulb and patented 110V flame simulation technology, using hammered glass to create a lifelike flicker with efficient LED performance. It is a refined Outdoor LED Fixture option for homeowners, designers, and builders who want the atmosphere of gas lighting without gas-line installation.",https://thecoppersmith.net/warranty-return/,China,0,1,1,,
GA38W,CopperSmith Biltmore Gala 38 Weiyan LED Flame Lantern Wall Sconce,,The CopperSmith Biltmore®,Biltmore® Gala,LED Fixtures,Y,"GA25W,GA32W,FB1,FB12V",Copper,"38.375""H x 22.25""W x 19.25""D",37,843411113361,ga38w.jpg,1355,2710,2981,FIN001,Y,WM023,,CM078,PP024,,,,,Traditional,Electric,Brass,Hammered Glass,21.75,7,16,6,2,E26,1,5,5,110,Yes,Weiyan® LED Flame Bulb,Yes,No,Wet,No,CSA,This product is compliant with California Title 20 requirements when sold and shipped with a light source. Any included lamping must meet California Title 20 standards.,,WARNING: This product may expose you to chemicals including lead and other substances known to the State of California to cause cancer and k birth defects or other reproductive harm. For more information visit www.P65Warnings.ca.gov,GA38W,"Bring the romance of a gas flame to outdoor spaces with the Biltmore® Gala Weiyan® LED Flame Fixture. This handcrafted copper lantern includes the Weiyan® LED Simulated Gas Flame bulb and patented 110V flame simulation technology, using hammered glass to create a lifelike flicker with efficient LED performance. It is a refined Outdoor LED Fixture option for homeowners, designers, and builders who want the atmosphere of gas lighting without gas-line installation.",https://thecoppersmith.net/warranty-return/,China,0,1,1,,
TR19W,CopperSmith Traveler 19 Weiyan LED Flame Lantern Wall Sconce,,The CopperSmith Biltmore®,Traveler,LED Fixtures,N,"TR25W,TR31W,FB1,FB12V",Copper,"18.75""H x 8.875""W x 8.875""D",14,843411113392,,548,1096,1206,FIN001,Y,WM036,,CM125,PP036,,,,,Transitional,Electric,Brass,Hammered Glass,11.25,6,12,6,2,E26,1,5,5,110,Yes,Weiyan® LED Flame Bulb,Yes,No,Wet,No,CSA,This product is compliant with California Title 20 requirements when sold and shipped with a light source. Any included lamping must meet California Title 20 standards.,,WARNING: This product may expose you to chemicals including lead and other substances known to the State of California to cause cancer and k birth defects or other reproductive harm. For more information visit www.P65Warnings.ca.gov,TR19W,"Bring the romance of a gas flame to outdoor spaces with the Biltmore® Traveler Weiyan® LED Flame Fixture. This handcrafted copper lantern includes the Weiyan® LED Simulated Gas Flame bulb and patented 110V flame simulation technology, using hammered glass to create a lifelike flicker with efficient LED performance. It is a refined Outdoor LED Fixture option for homeowners, designers, and builders who want the atmosphere of gas lighting without gas-line installation.",https://thecoppersmith.net/warranty-return/,China,0,1,1,,
TR25W,CopperSmith Traveler 25 Weiyan LED Flame Lantern Wall Sconce,,The CopperSmith Biltmore®,Traveler,LED Fixtures,Y,"TR19W,TR31W,FB1,FB12V",Copper,"24.625""H x 11.25""W x 11.25""D",21,843411113422,tr25w.jpg,800,1600,1760,FIN001,Y,WM037,,CM126,PP037,,,,,Transitional,Electric,Brass,Hammered Glass,13.625,6,16,6,2,E26,1,5,5,110,Yes,Weiyan® LED Flame Bulb,Yes,No,Wet,No,CSA,This product is compliant with California Title 20 requirements when sold and shipped with a light source. Any included lamping must meet California Title 20 standards.,,WARNING: This product may expose you to chemicals including lead and other substances known to the State of California to cause cancer and k birth defects or other reproductive harm. For more information visit www.P65Warnings.ca.gov,TR25W,"Bring the romance of a gas flame to outdoor spaces with the Biltmore® Traveler Weiyan® LED Flame Fixture. This handcrafted copper lantern includes the Weiyan® LED Simulated Gas Flame bulb and patented 110V flame simulation technology, using hammered glass to create a lifelike flicker with efficient LED performance. It is a refined Outdoor LED Fixture option for homeowners, designers, and builders who want the atmosphere of gas lighting without gas-line installation.",https://thecoppersmith.net/warranty-return/,China,0,1,1,,
TR31W,CopperSmith Traveler 31 Weiyan LED Flame Lantern Wall Sconce,,The CopperSmith Biltmore®,Traveler,LED Fixtures,Y,"TR19W,TR25W,FB1,FB12V",Copper,"30.75""H x 14""W x 14""D",37,843411113453,tr31w.jpg,1575,3150,3465,FIN001,Y,WM038,,CM121,PP038,,,,,Transitional,Electric,Brass,Hammered Glass,16.125,7,20,6,2,E26,1,5,5,110,Yes,Weiyan® LED Flame Bulb,Yes,No,Wet,No,CSA,This product is compliant with California Title 20 requirements when sold and shipped with a light source. Any included lamping must meet California Title 20 standards.,,WARNING: This product may expose you to chemicals including lead and other substances known to the State of California to cause cancer and k birth defects or other reproductive harm. For more information visit www.P65Warnings.ca.gov,TR31W,"Bring the romance of a gas flame to outdoor spaces with the Biltmore® Traveler Weiyan® LED Flame Fixture. This handcrafted copper lantern includes the Weiyan® LED Simulated Gas Flame bulb and patented 110V flame simulation technology, using hammered glass to create a lifelike flicker with efficient LED performance. It is a refined Outdoor LED Fixture option for homeowners, designers, and builders who want the atmosphere of gas lighting without gas-line installation.",https://thecoppersmith.net/warranty-return/,China,0,1,1,,
VB22W,CopperSmith Biltmore Vestibule 22 Weiyan LED Flame Lantern Wall Sconce,,The CopperSmith Biltmore®,Biltmore® Vestibule,LED Fixtures,N,"VB29W,VB35W,FB1,FB12V",Copper,"22.375""H x 12.125""W x 12.125""D",15,843411113477,,570,1140,1254,FIN001,Y,WM004,,CM123,PP004,,,,,Traditional,Electric,Brass,Hammered Glass,14.75,6,11,6,2,E26,1,5,5,110,Yes,Weiyan® LED Flame Bulb,Yes,No,Wet,No,CSA,This product is compliant with California Title 20 requirements when sold and shipped with a light source. Any included lamping must meet California Title 20 standards.,,WARNING: This product may expose you to chemicals including lead and other substances known to the State of California to cause cancer and k birth defects or other reproductive harm. For more information visit www.P65Warnings.ca.gov,VB22W,"Bring the romance of a gas flame to outdoor spaces with the Biltmore® Vestibule Weiyan® LED Flame Fixture. This handcrafted copper lantern includes the Weiyan® LED Simulated Gas Flame bulb and patented 110V flame simulation technology, using hammered glass to create a lifelike flicker with efficient LED performance. It is a refined Outdoor LED Fixture option for homeowners, designers, and builders who want the atmosphere of gas lighting without gas-line installation.",https://thecoppersmith.net/warranty-return/,China,0,1,1,,
VB29W,CopperSmith Biltmore Vestibule 29 Weiyan LED Flame Lantern Wall Sconce,,The CopperSmith Biltmore®,Biltmore® Vestibule,LED Fixtures,Y,"VB22W,VB35W,FB1,FB12V",Copper,"28.625""H x 15.5""W x 15.5""D",22,843411113514,,816,1632,1795,FIN001,Y,WM005,,CM009,PP005,,,,,Traditional,Electric,Brass,Hammered Glass,18.125,6,14,6,2,E26,1,5,5,110,Yes,Weiyan® LED Flame Bulb,Yes,No,Wet,No,CSA,This product is compliant with California Title 20 requirements when sold and shipped with a light source. Any included lamping must meet California Title 20 standards.,,WARNING: This product may expose you to chemicals including lead and other substances known to the State of California to cause cancer and k birth defects or other reproductive harm. For more information visit www.P65Warnings.ca.gov,VB29W,"Bring the romance of a gas flame to outdoor spaces with the Biltmore® Vestibule Weiyan® LED Flame Fixture. This handcrafted copper lantern includes the Weiyan® LED Simulated Gas Flame bulb and patented 110V flame simulation technology, using hammered glass to create a lifelike flicker with efficient LED performance. It is a refined Outdoor LED Fixture option for homeowners, designers, and builders who want the atmosphere of gas lighting without gas-line installation.",https://thecoppersmith.net/warranty-return/,China,0,1,1,,
VB35W,CopperSmith Biltmore Vestibule 35 Weiyan LED Flame Lantern Wall Sconce,,The CopperSmith Biltmore®,Biltmore® Vestibule,LED Fixtures,Y,"VB22W,VB29W,FB1,FB12V",Copper,"34.875""H x 18.875""W x 18.875""D",35,843411113545,vb35w.jpg,1242,2484,2732,FIN001,Y,WM006,,CM011,PP006,,,,,Traditional,Electric,Brass,Hammered Glass,21.25,7,17,6,2,E26,1,5,5,110,Yes,Weiyan® LED Flame Bulb,Yes,No,Wet,No,CSA,This product is compliant with California Title 20 requirements when sold and shipped with a light source. Any included lamping must meet California Title 20 standards.,,WARNING: This product may expose you to chemicals including lead and other substances known to the State of California to cause cancer and k birth defects or other reproductive harm. For more information visit www.P65Warnings.ca.gov,VB35W,"Bring the romance of a gas flame to outdoor spaces with the Biltmore® Vestibule Weiyan® LED Flame Fixture. This handcrafted copper lantern includes the Weiyan® LED Simulated Gas Flame bulb and patented 110V flame simulation technology, using hammered glass to create a lifelike flicker with efficient LED performance. It is a refined Outdoor LED Fixture option for homeowners, designers, and builders who want the atmosphere of gas lighting without gas-line installation.",https://thecoppersmith.net/warranty-return/,China,0,1,1,,
703001,6-Pack Classic Frost LED Bulbs,,The CopperSmith,Accessories,Light Bulbs,N,,,,,843411112258,https://s3.us-west-2.amazonaws.com/catsy.962/_lg/4076163382/CS-Classic_Frost_LED_6Pack.jpg,72,144,158,,,,,,,,,,,,,,,,,,,,,,,,,,,,,,,,,,,,,,,0,1,1,,
703002,6-Pack Platinum Lace LED Bulb,,The CopperSmith,Accessories,Light Bulbs,N,,,,,843411112265,https://s3.us-west-2.amazonaws.com/catsy.962/_lg/4076163383/CS-Platinum_Lace_LED_6Pack.jpg,72,144,158,,,,,,,,,,,,,,,,,,,,,,,,,,,,,,,,,,,,,,,0,1,1,,
LL-TUBE6,"LanternLyte 6"" Amber Tube Bulb",,The CopperSmith,Accessories,Light Bulbs,N,,,,,,,18,36,40,,,,,,,,,,,,,,,,,,,,,,,,,,,,,,,,,,,,,,,0,1,1,,
LL-TUBE8,"LanternLyte 8"" Amber Tube Bulb",,The CopperSmith,Accessories,Light Bulbs,N,,,,,,,20,40,44,,,,,,,,,,,,,,,,,,,,,,,,,,,,,,,,,,,,,,,0,1,1,,
ADS,Adhara Dark Sky Shade,,The CopperSmith,Accessories,Electric Accessories,N,,,,,843411123568,https://s3.us-west-2.amazonaws.com/catsy.962/_lg/4076156522/ContempoFlush_ADS.jpg,97,194,213,,,,,,,,,,,,,,,,,,,,,,,,,,,,,,,,,,,,,,,0,1,1,,
CSHI,Cylinder Hurricane Shade,,The CopperSmith,Accessories,Electric Accessories,N,,,,,,https://s3.us-west-2.amazonaws.com/catsy.962/_lg/4076156518/CHSI.jpg,67,134,147,,,,,,,,,,,,,,,,,,,,,,,,,,,,,,,,,,,,,,,0,1,1,,
FB1,WEIYAN Flame Bulb,,The CopperSmith,Accessories,Light Bulbs,N,,,,,843411105878,https://s3.us-west-2.amazonaws.com/catsy.962/_lg/4075985968/FB1-Weiyan-Bulb.jpg,14,28,31,,,,,,,,,,,,,,,,,,,,,,,,,,,,,,,,,,,,,,,0,1,1,,
FB12V,WEIYAN Flame Bulb 12V,,The CopperSmith,Accessories,Light Bulbs,N,,,,,,https://s3.us-west-2.amazonaws.com/catsy.962/_lg/4075985969/FB12V-Weiyan-Bulb.jpg,14,28,31,,,,,,,,,,,,,,,,,,,,,,,,,,,,,,,,,,,,,,,0,1,1,,
FBBM1,Flame Bulb Battery Module,,The CopperSmith,Accessories,Light Bulbs,N,,,,,,,14,28,31,,,,,,,,,,,,,,,,,,,,,,,,,,,,,,,,,,,,,,,0,1,1,,
GLC,Gas Line Cover,,The CopperSmith,Accessories,Gas Accessories,N,,,,,,,55,110,121,,,,,,,,,,,,,,,,,,,,,,,,,,,,,,,,,,,,,,,0,1,1,,
HSI1,Frosted Hurricane Shade,,The CopperSmith,Accessories,Electric Accessories,N,,,,,843411127092,https://s3.us-west-2.amazonaws.com/catsy.962/_lg/4076156529/HSI.jpg,67,134,147,,,,,,,,,,,,,,,,,,,,,,,,,,,,,,,,,,,,,,,0,1,1,,
HSI2,Sanded Hurricane Shade,,The CopperSmith,Accessories,Electric Accessories,N,,,,,843411127108,https://s3.us-west-2.amazonaws.com/catsy.962/_lg/4076156529/HSI.jpg,67,134,147,,,,,,,,,,,,,,,,,,,,,,,,,,,,,,,,,,,,,,,0,1,1,,
TLA,Turtle Light Adapter,,The CopperSmith,Accessories,Electric Accessories,N,,,,,843411105861,https://s3.us-west-2.amazonaws.com/catsy.962/_lg/4076156527/TLA.jpg,157,314,345,,,,,,,,,,,,,,,,,,,,,,,,,,,,,,,,,,,,,,,0,1,1,,
WGL,Wind Guard Large,,The CopperSmith,Accessories,Gas Accessories,N,,,,,843411127177,https://s3.us-west-2.amazonaws.com/catsy.962/_lg/4076156525/WG.jpg,17,34,37,,,,,,,,,,,,,,,,,,,,,,,,,,,,,,,,,,,,,,,0,1,1,,
WGS,Wind Guard Small,,The CopperSmith,Accessories,Gas Accessories,N,,,,,843411127184,https://s3.us-west-2.amazonaws.com/catsy.962/_lg/4076156525/WG.jpg,17,34,37,,,,,,,,,,,,,,,,,,,,,,,,,,,,,,,,,,,,,,,0,1,1,,
