BaseItemCode,ProductStory
16WST,"Our Turtle Friendly Wildlife Lighting is crafted as a wall-mounted lantern, built from solid copper and designed to age gracefully with a natural patina. It provides electric illumination for everyday exterior use and complements both traditional and coastal architecture.

• Certified wildlife-friendly design approved by the Florida Fish and Wildlife Conservation Commission.
• Fully shielded, downward-directed illumination reduces light pollution in coastal environments.
• Handcrafted from solid copper for exceptional durability and natural corrosion resistance
• Engineered to meet stringent sea turtle lighting regulations for beachfront communities.
• Electric illumination provides reliable, low-impact lighting for residential and commercial exteriors.
• Ideal for waterfront properties, coastal developments, and wildlife-sensitive outdoor areas."
16WSTH,"Our Turtle Friendly Wildlife Lighting is crafted as a wall-mounted lantern, built from solid copper and designed to age gracefully with a natural patina. It provides electric illumination for everyday exterior use and complements both traditional and coastal architecture.

• Certified wildlife-friendly design approved by the Florida Fish and Wildlife Conservation Commission.
• Fully shielded, downward-directed illumination reduces light pollution in coastal environments.
• Handcrafted from solid copper for exceptional durability and natural corrosion resistance
• Engineered to meet stringent sea turtle lighting regulations for beachfront communities.
• Electric illumination provides reliable, low-impact lighting for residential and commercial exteriors.
• Ideal for waterfront properties, coastal developments, and wildlife-sensitive outdoor areas."
9WST,"Our Turtle Friendly Wildlife Lighting is crafted as a wall-mounted lantern, built from solid copper and designed to age gracefully with a natural patina. It provides electric illumination for everyday exterior use and complements both traditional and coastal architecture.

• Certified wildlife-friendly design approved by the Florida Fish and Wildlife Conservation Commission.
• Fully shielded, downward-directed illumination reduces light pollution in coastal environments.
• Handcrafted from solid copper for exceptional durability and natural corrosion resistance
• Engineered to meet stringent sea turtle lighting regulations for beachfront communities.
• Electric illumination provides reliable, low-impact lighting for residential and commercial exteriors.
• Ideal for waterfront properties, coastal developments, and wildlife-sensitive outdoor areas."
9WSTH,"Our Turtle Friendly Wildlife Lighting is crafted as a wall-mounted lantern, built from solid copper and designed to age gracefully with a natural patina. It provides electric illumination for everyday exterior use and complements both traditional and coastal architecture.

• Certified wildlife-friendly design approved by the Florida Fish and Wildlife Conservation Commission.
• Fully shielded, downward-directed illumination reduces light pollution in coastal environments.
• Handcrafted from solid copper for exceptional durability and natural corrosion resistance
• Engineered to meet stringent sea turtle lighting regulations for beachfront communities.
• Electric illumination provides reliable, low-impact lighting for residential and commercial exteriors.
• Ideal for waterfront properties, coastal developments, and wildlife-sensitive outdoor areas."
AC15E,"Our Arcadia lantern is designed for flush wall installation, offering a clean architectural profile ideal for entries, porches, and sheltered outdoor corridors. Handcrafted from solid copper, it provides electric illumination and delivers dependable performance in any climate.

• Handcrafted from heavy gauge solid copper for long lasting strength and beauty.
• Available with electric illumination for convenient energy efficient lighting.
• Solid brass hinges and latches provide superior durability and refined detailing.
• Mounts and accessories built from marine grade aluminum with a corrosion resistant powder coat finish.
• Compatible with standard electric bulbs including LED for customizable lighting output (bulbs not included with fixture).
• Designed to withstand harsh climates with copper that naturally develops a rich, timeless patina."
AC18E,"Our Arcadia lantern is designed for flush wall installation, offering a clean architectural profile ideal for entries, porches, and sheltered outdoor corridors. Handcrafted from solid copper, it provides electric illumination and delivers dependable performance in any climate.

• Handcrafted from heavy gauge solid copper for long lasting strength and beauty.
• Available with electric illumination for convenient energy efficient lighting.
• Solid brass hinges and latches provide superior durability and refined detailing.
• Mounts and accessories built from marine grade aluminum with a corrosion resistant powder coat finish.
• Compatible with standard electric bulbs including LED for customizable lighting output (bulbs not included with fixture).
• Designed to withstand harsh climates with copper that naturally develops a rich, timeless patina."
AC18G,"Our Arcadia lantern is designed for flush wall installation, offering a clean architectural profile ideal for entries, porches, and sheltered outdoor corridors. Handcrafted from solid copper, it provides natural gas or propane and delivers dependable performance in any climate.

• Handcrafted from heavy gauge solid copper for long lasting strength and beauty.
• Offered with natural gas or propane for a warm authentic flame.
• Solid brass hinges and latches provide superior durability and refined detailing.
• Mounts and accessories built from marine grade aluminum with a corrosion resistant powder coat finish.
• Solid brass gas burner assemblies are CSA certified for safe reliable flame performance.
• Designed to withstand harsh climates with copper that naturally develops a rich, timeless patina."
AC22E,"Our Arcadia lantern is designed for flush wall installation, offering a clean architectural profile ideal for entries, porches, and sheltered outdoor corridors. Handcrafted from solid copper, it provides electric illumination and delivers dependable performance in any climate.

• Handcrafted from heavy gauge solid copper for long lasting strength and beauty.
• Available with electric illumination for convenient energy efficient lighting.
• Solid brass hinges and latches provide superior durability and refined detailing.
• Mounts and accessories built from marine grade aluminum with a corrosion resistant powder coat finish.
• Compatible with standard electric bulbs including LED for customizable lighting output (bulbs not included with fixture).
• Designed to withstand harsh climates with copper that naturally develops a rich, timeless patina."
AC22G,"Our Arcadia lantern is designed for flush wall installation, offering a clean architectural profile ideal for entries, porches, and sheltered outdoor corridors. Handcrafted from solid copper, it provides natural gas or propane and delivers dependable performance in any climate.

• Handcrafted from heavy gauge solid copper for long lasting strength and beauty.
• Offered with natural gas or propane for a warm authentic flame.
• Solid brass hinges and latches provide superior durability and refined detailing.
• Mounts and accessories built from marine grade aluminum with a corrosion resistant powder coat finish.
• Solid brass gas burner assemblies are CSA certified for safe reliable flame performance.
• Designed to withstand harsh climates with copper that naturally develops a rich, timeless patina."
AH22E,"Our Biltmore® Antler Hill lantern is crafted as a wall-mounted lantern, built from solid copper and designed to age gracefully with a natural patina. It provides electric illumination for everyday exterior use and can also be configured with ceiling mount, post mount, pier mount, yoke mount to suit a wide range of architectural applications.

• Handcrafted from heavy gauge solid copper for long lasting strength and beauty.
• Available with electric illumination for convenient energy efficient lighting.
• Solid brass hinges and latches provide superior durability and refined detailing.
• Mounts and accessories built from marine grade aluminum with a corrosion resistant powder coat finish.
• Compatible with standard electric bulbs including LED for customizable lighting output (bulbs not included with fixture).
• Designed to withstand harsh climates with copper that naturally develops a rich, timeless patina."
AH22G,"Our Biltmore® Antler Hill lantern is crafted as a wall-mounted lantern, built from solid copper and designed to age gracefully with a natural patina. It provides natural gas or propane for everyday exterior use and can also be configured with post mount, pier mount, yoke mount, ceiling mount to suit a wide range of architectural applications.

• Handcrafted from heavy gauge solid copper for long lasting strength and beauty.
• Offered with natural gas or propane for a warm authentic flame.
• Solid brass hinges and latches provide superior durability and refined detailing.
• Mounts and accessories built from marine grade aluminum with a corrosion resistant powder coat finish.
• Solid brass gas burner assemblies are CSA certified for safe reliable flame performance.
• Designed to withstand harsh climates with copper that naturally develops a rich, timeless patina."
AH29E,"Our Biltmore® Antler Hill lantern is crafted as a wall-mounted lantern, built from solid copper and designed to age gracefully with a natural patina. It provides electric illumination for everyday exterior use and can also be configured with ceiling mount, post mount, pier mount, yoke mount to suit a wide range of architectural applications.

• Handcrafted from heavy gauge solid copper for long lasting strength and beauty.
• Available with electric illumination for convenient energy efficient lighting.
• Solid brass hinges and latches provide superior durability and refined detailing.
• Mounts and accessories built from marine grade aluminum with a corrosion resistant powder coat finish.
• Compatible with standard electric bulbs including LED for customizable lighting output (bulbs not included with fixture).
• Designed to withstand harsh climates with copper that naturally develops a rich, timeless patina."
AH29G,"Our Biltmore® Antler Hill lantern is crafted as a wall-mounted lantern, built from solid copper and designed to age gracefully with a natural patina. It provides natural gas or propane for everyday exterior use and can also be configured with post mount, pier mount, yoke mount, ceiling mount to suit a wide range of architectural applications.

• Handcrafted from heavy gauge solid copper for long lasting strength and beauty.
• Offered with natural gas or propane for a warm authentic flame.
• Solid brass hinges and latches provide superior durability and refined detailing.
• Mounts and accessories built from marine grade aluminum with a corrosion resistant powder coat finish.
• Solid brass gas burner assemblies are CSA certified for safe reliable flame performance.
• Designed to withstand harsh climates with copper that naturally develops a rich, timeless patina."
AH36E,"Our Biltmore® Antler Hill lantern is crafted as a wall-mounted lantern, built from solid copper and designed to age gracefully with a natural patina. It provides electric illumination for everyday exterior use and can also be configured with ceiling mount, post mount, pier mount, yoke mount to suit a wide range of architectural applications.

• Handcrafted from heavy gauge solid copper for long lasting strength and beauty.
• Available with electric illumination for convenient energy efficient lighting.
• Solid brass hinges and latches provide superior durability and refined detailing.
• Mounts and accessories built from marine grade aluminum with a corrosion resistant powder coat finish.
• Compatible with standard electric bulbs including LED for customizable lighting output (bulbs not included with fixture).
• Designed to withstand harsh climates with copper that naturally develops a rich, timeless patina."
AH36G,"Our Biltmore® Antler Hill lantern is crafted as a wall-mounted lantern, built from solid copper and designed to age gracefully with a natural patina. It provides natural gas or propane for everyday exterior use and can also be configured with post mount, pier mount, yoke mount to suit a wide range of architectural applications.

• Handcrafted from heavy gauge solid copper for long lasting strength and beauty.
• Offered with natural gas or propane for a warm authentic flame.
• Solid brass hinges and latches provide superior durability and refined detailing.
• Mounts and accessories built from marine grade aluminum with a corrosion resistant powder coat finish.
• Solid brass gas burner assemblies are CSA certified for safe reliable flame performance.
• Designed to withstand harsh climates with copper that naturally develops a rich, timeless patina."
AM22E,"Our Biltmore® Amherst lantern is crafted as a wall-mounted lantern, built from solid copper and designed to age gracefully with a natural patina. It provides electric illumination for everyday exterior use and can also be configured with ceiling mount, post mount, pier mount, yoke mount to suit a wide range of architectural applications.

• Handcrafted from heavy gauge solid copper for long lasting strength and beauty.
• Available with electric illumination for convenient energy efficient lighting.
• Solid brass hinges and latches provide superior durability and refined detailing.
• Mounts and accessories built from marine grade aluminum with a corrosion resistant powder coat finish.
• Compatible with standard electric bulbs including LED for customizable lighting output (bulbs not included with fixture).
• Designed to withstand harsh climates with copper that naturally develops a rich, timeless patina."
AM22G,"Our Biltmore® Amherst lantern is crafted as a wall-mounted lantern, built from solid copper and designed to age gracefully with a natural patina. It provides natural gas or propane for everyday exterior use and can also be configured with post mount, pier mount, yoke mount, ceiling mount to suit a wide range of architectural applications.

• Handcrafted from heavy gauge solid copper for long lasting strength and beauty.
• Offered with natural gas or propane for a warm authentic flame.
• Solid brass hinges and latches provide superior durability and refined detailing.
• Mounts and accessories built from marine grade aluminum with a corrosion resistant powder coat finish.
• Solid brass gas burner assemblies are CSA certified for safe reliable flame performance.
• Designed to withstand harsh climates with copper that naturally develops a rich, timeless patina."
AM29E,"Our Biltmore® Amherst lantern is crafted as a wall-mounted lantern, built from solid copper and designed to age gracefully with a natural patina. It provides electric illumination for everyday exterior use and can also be configured with ceiling mount, post mount, pier mount, yoke mount to suit a wide range of architectural applications.

• Handcrafted from heavy gauge solid copper for long lasting strength and beauty.
• Available with electric illumination for convenient energy efficient lighting.
• Solid brass hinges and latches provide superior durability and refined detailing.
• Mounts and accessories built from marine grade aluminum with a corrosion resistant powder coat finish.
• Compatible with standard electric bulbs including LED for customizable lighting output (bulbs not included with fixture).
• Designed to withstand harsh climates with copper that naturally develops a rich, timeless patina."
AM29G,"Our Biltmore® Amherst lantern is crafted as a wall-mounted lantern, built from solid copper and designed to age gracefully with a natural patina. It provides natural gas or propane for everyday exterior use and can also be configured with post mount, pier mount, yoke mount, ceiling mount to suit a wide range of architectural applications.

• Handcrafted from heavy gauge solid copper for long lasting strength and beauty.
• Offered with natural gas or propane for a warm authentic flame.
• Solid brass hinges and latches provide superior durability and refined detailing.
• Mounts and accessories built from marine grade aluminum with a corrosion resistant powder coat finish.
• Solid brass gas burner assemblies are CSA certified for safe reliable flame performance.
• Designed to withstand harsh climates with copper that naturally develops a rich, timeless patina."
AM35E,"Our Biltmore® Amherst lantern is crafted as a wall-mounted lantern, built from solid copper and designed to age gracefully with a natural patina. It provides electric illumination for everyday exterior use and can also be configured with ceiling mount, post mount, pier mount, yoke mount to suit a wide range of architectural applications.

• Handcrafted from heavy gauge solid copper for long lasting strength and beauty.
• Available with electric illumination for convenient energy efficient lighting.
• Solid brass hinges and latches provide superior durability and refined detailing.
• Mounts and accessories built from marine grade aluminum with a corrosion resistant powder coat finish.
• Compatible with standard electric bulbs including LED for customizable lighting output (bulbs not included with fixture).
• Designed to withstand harsh climates with copper that naturally develops a rich, timeless patina."
AM35G,"Our Biltmore® Amherst lantern is crafted as a wall-mounted lantern, built from solid copper and designed to age gracefully with a natural patina. It provides natural gas or propane for everyday exterior use and can also be configured with post mount, pier mount, yoke mount to suit a wide range of architectural applications.

• Handcrafted from heavy gauge solid copper for long lasting strength and beauty.
• Offered with natural gas or propane for a warm authentic flame.
• Solid brass hinges and latches provide superior durability and refined detailing.
• Mounts and accessories built from marine grade aluminum with a corrosion resistant powder coat finish.
• Solid brass gas burner assemblies are CSA certified for safe reliable flame performance.
• Designed to withstand harsh climates with copper that naturally develops a rich, timeless patina."
AO28E,"Our Biltmore® Aurora lantern is crafted as a wall-mounted lantern, built from solid copper and designed to age gracefully with a natural patina. It provides electric illumination for everyday exterior use and can also be configured with yoke mount, post mount, pier mount to suit a wide range of architectural applications.

• Handcrafted from heavy gauge solid copper for long lasting strength and beauty.
• Available with electric illumination for convenient energy efficient lighting.
• Solid brass hinges and latches provide superior durability and refined detailing.
• Mounts and accessories built from marine grade aluminum with a corrosion resistant powder coat finish.
• Compatible with standard electric bulbs including LED for customizable lighting output (bulbs not included with fixture).
• Designed to withstand harsh climates with copper that naturally develops a rich, timeless patina."
AO28G,"Our Biltmore® Aurora lantern is crafted as a wall-mounted lantern, built from solid copper and designed to age gracefully with a natural patina. It provides natural gas or propane for everyday exterior use and can also be configured with yoke mount, post mount, pier mount to suit a wide range of architectural applications.

• Handcrafted from heavy gauge solid copper for long lasting strength and beauty.
• Offered with natural gas or propane for a warm authentic flame.
• Solid brass hinges and latches provide superior durability and refined detailing.
• Mounts and accessories built from marine grade aluminum with a corrosion resistant powder coat finish.
• Solid brass gas burner assemblies are CSA certified for safe reliable flame performance.
• Designed to withstand harsh climates with copper that naturally develops a rich, timeless patina."
AO33E,"Our Biltmore® Aurora lantern is crafted as a wall-mounted lantern, built from solid copper and designed to age gracefully with a natural patina. It provides electric illumination for everyday exterior use and can also be configured with yoke mount, post mount, pier mount to suit a wide range of architectural applications.

• Handcrafted from heavy gauge solid copper for long lasting strength and beauty.
• Available with electric illumination for convenient energy efficient lighting.
• Solid brass hinges and latches provide superior durability and refined detailing.
• Mounts and accessories built from marine grade aluminum with a corrosion resistant powder coat finish.
• Compatible with standard electric bulbs including LED for customizable lighting output (bulbs not included with fixture).
• Designed to withstand harsh climates with copper that naturally develops a rich, timeless patina."
AO33G,"Our Biltmore® Aurora lantern is crafted as a wall-mounted lantern, built from solid copper and designed to age gracefully with a natural patina. It provides natural gas or propane for everyday exterior use and can also be configured with yoke mount, post mount, pier mount to suit a wide range of architectural applications.

• Handcrafted from heavy gauge solid copper for long lasting strength and beauty.
• Offered with natural gas or propane for a warm authentic flame.
• Solid brass hinges and latches provide superior durability and refined detailing.
• Mounts and accessories built from marine grade aluminum with a corrosion resistant powder coat finish.
• Solid brass gas burner assemblies are CSA certified for safe reliable flame performance.
• Designed to withstand harsh climates with copper that naturally develops a rich, timeless patina."
AOB28E,"Our Biltmore® Aurora lantern is crafted as a wall-mounted lantern, built from solid brass and designed to age gracefully with a natural patina. It provides electric illumination for everyday exterior use and can also be configured with yoke mount, post mount, pier mount to suit a wide range of architectural applications.

• Handcrafted from solid brass for long lasting strength and beauty.
• Available with electric illumination for convenient energy efficient lighting.
• Solid brass hinges and latches provide superior durability and refined detailing.
• Mounts and accessories built from marine grade aluminum with a corrosion resistant powder coat finish.
• Compatible with standard electric bulbs including LED for customizable lighting output (bulbs not included with fixture).
• Designed to withstand harsh climates with copper that naturally develops a rich, timeless patina."
AOB28G,"Our Biltmore® Aurora lantern is crafted as a wall-mounted lantern, built from solid brass and designed to age gracefully with a natural patina. It provides natural gas or propane for everyday exterior use and can also be configured with yoke mount, post mount, pier mount to suit a wide range of architectural applications.

• Handcrafted from solid brass for long lasting strength and beauty.
• Offered with natural gas or propane for a warm authentic flame.
• Solid brass hinges and latches provide superior durability and refined detailing.
• Mounts and accessories built from marine grade aluminum with a corrosion resistant powder coat finish.
• Solid brass gas burner assemblies are CSA certified for safe reliable flame performance.
• Designed to withstand harsh climates with copper that naturally develops a rich, timeless patina."
AOB33E,"Our Biltmore® Aurora lantern is crafted as a wall-mounted lantern, built from solid brass and designed to age gracefully with a natural patina. It provides electric illumination for everyday exterior use and can also be configured with yoke mount, post mount, pier mount to suit a wide range of architectural applications.

• Handcrafted from solid brass for long lasting strength and beauty.
• Available with electric illumination for convenient energy efficient lighting.
• Solid brass hinges and latches provide superior durability and refined detailing.
• Mounts and accessories built from marine grade aluminum with a corrosion resistant powder coat finish.
• Compatible with standard electric bulbs including LED for customizable lighting output (bulbs not included with fixture).
• Designed to withstand harsh climates with copper that naturally develops a rich, timeless patina."
AOB33G,"Our Biltmore® Aurora lantern is crafted as a wall-mounted lantern, built from solid brass and designed to age gracefully with a natural patina. It provides natural gas or propane for everyday exterior use and can also be configured with yoke mount, post mount, pier mount to suit a wide range of architectural applications.

• Handcrafted from solid brass for long lasting strength and beauty.
• Offered with natural gas or propane for a warm authentic flame.
• Solid brass hinges and latches provide superior durability and refined detailing.
• Mounts and accessories built from marine grade aluminum with a corrosion resistant powder coat finish.
• Solid brass gas burner assemblies are CSA certified for safe reliable flame performance.
• Designed to withstand harsh climates with copper that naturally develops a rich, timeless patina."
AP20E,"Our Biltmore® Approach lantern is crafted as a wall-mounted lantern, built from solid copper and designed to age gracefully with a natural patina. It provides electric illumination for everyday exterior use and can also be configured with ceiling mount, post mount, pier mount, yoke mount to suit a wide range of architectural applications.

• Handcrafted from heavy gauge solid copper for long lasting strength and beauty.
• Available with electric illumination for convenient energy efficient lighting.
• Solid brass hinges and latches provide superior durability and refined detailing.
• Mounts and accessories built from marine grade aluminum with a corrosion resistant powder coat finish.
• Compatible with standard electric bulbs including LED for customizable lighting output (bulbs not included with fixture).
• Designed to withstand harsh climates with copper that naturally develops a rich, timeless patina."
AP20G,"Our Biltmore® Approach lantern is crafted as a wall-mounted lantern, built from solid copper and designed to age gracefully with a natural patina. It provides natural gas or propane for everyday exterior use and can also be configured with post mount, pier mount, yoke mount, ceiling mount to suit a wide range of architectural applications.

• Handcrafted from heavy gauge solid copper for long lasting strength and beauty.
• Offered with natural gas or propane for a warm authentic flame.
• Solid brass hinges and latches provide superior durability and refined detailing.
• Mounts and accessories built from marine grade aluminum with a corrosion resistant powder coat finish.
• Solid brass gas burner assemblies are CSA certified for safe reliable flame performance.
• Designed to withstand harsh climates with copper that naturally develops a rich, timeless patina."
AP26E,"Our Biltmore® Approach lantern is crafted as a wall-mounted lantern, built from solid copper and designed to age gracefully with a natural patina. It provides electric illumination for everyday exterior use and can also be configured with ceiling mount, post mount, pier mount, yoke mount to suit a wide range of architectural applications.

• Handcrafted from heavy gauge solid copper for long lasting strength and beauty.
• Available with electric illumination for convenient energy efficient lighting.
• Solid brass hinges and latches provide superior durability and refined detailing.
• Mounts and accessories built from marine grade aluminum with a corrosion resistant powder coat finish.
• Compatible with standard electric bulbs including LED for customizable lighting output (bulbs not included with fixture).
• Designed to withstand harsh climates with copper that naturally develops a rich, timeless patina."
AP26G,"Our Biltmore® Approach lantern is crafted as a wall-mounted lantern, built from solid copper and designed to age gracefully with a natural patina. It provides natural gas or propane for everyday exterior use and can also be configured with post mount, pier mount, yoke mount, ceiling mount to suit a wide range of architectural applications.

• Handcrafted from heavy gauge solid copper for long lasting strength and beauty.
• Offered with natural gas or propane for a warm authentic flame.
• Solid brass hinges and latches provide superior durability and refined detailing.
• Mounts and accessories built from marine grade aluminum with a corrosion resistant powder coat finish.
• Solid brass gas burner assemblies are CSA certified for safe reliable flame performance.
• Designed to withstand harsh climates with copper that naturally develops a rich, timeless patina."
AP31E,"Our Biltmore® Approach lantern is crafted as a wall-mounted lantern, built from solid copper and designed to age gracefully with a natural patina. It provides electric illumination for everyday exterior use and can also be configured with ceiling mount, post mount, pier mount, yoke mount to suit a wide range of architectural applications.

• Handcrafted from heavy gauge solid copper for long lasting strength and beauty.
• Available with electric illumination for convenient energy efficient lighting.
• Solid brass hinges and latches provide superior durability and refined detailing.
• Mounts and accessories built from marine grade aluminum with a corrosion resistant powder coat finish.
• Compatible with standard electric bulbs including LED for customizable lighting output (bulbs not included with fixture).
• Designed to withstand harsh climates with copper that naturally develops a rich, timeless patina."
AP31G,"Our Biltmore® Approach lantern is crafted as a wall-mounted lantern, built from solid copper and designed to age gracefully with a natural patina. It provides natural gas or propane for everyday exterior use and can also be configured with post mount, pier mount, yoke mount to suit a wide range of architectural applications.

• Handcrafted from heavy gauge solid copper for long lasting strength and beauty.
• Offered with natural gas or propane for a warm authentic flame.
• Solid brass hinges and latches provide superior durability and refined detailing.
• Mounts and accessories built from marine grade aluminum with a corrosion resistant powder coat finish.
• Solid brass gas burner assemblies are CSA certified for safe reliable flame performance.
• Designed to withstand harsh climates with copper that naturally develops a rich, timeless patina."
AR23E,"Our Biltmore® Arcus lantern is crafted as a wall-mounted lantern, built from solid copper and designed to age gracefully with a natural patina. It provides electric illumination for everyday exterior use and can also be configured with ceiling mount, post mount, pier mount, yoke mount to suit a wide range of architectural applications.

• Handcrafted from heavy gauge solid copper for long lasting strength and beauty.
• Available with electric illumination for convenient energy efficient lighting.
• Solid brass hinges and latches provide superior durability and refined detailing.
• Mounts and accessories built from marine grade aluminum with a corrosion resistant powder coat finish.
• Compatible with standard electric bulbs including LED for customizable lighting output (bulbs not included with fixture).
• Designed to withstand harsh climates with copper that naturally develops a rich, timeless patina."
AR23G,"Our Biltmore® Arcus lantern is crafted as a wall-mounted lantern, built from solid copper and designed to age gracefully with a natural patina. It provides natural gas or propane for everyday exterior use and can also be configured with post mount, pier mount, yoke mount, ceiling mount to suit a wide range of architectural applications.

• Handcrafted from heavy gauge solid copper for long lasting strength and beauty.
• Offered with natural gas or propane for a warm authentic flame.
• Solid brass hinges and latches provide superior durability and refined detailing.
• Mounts and accessories built from marine grade aluminum with a corrosion resistant powder coat finish.
• Solid brass gas burner assemblies are CSA certified for safe reliable flame performance.
• Designed to withstand harsh climates with copper that naturally develops a rich, timeless patina."
AR29E,"Our Biltmore® Arcus lantern is crafted as a wall-mounted lantern, built from solid copper and designed to age gracefully with a natural patina. It provides electric illumination for everyday exterior use and can also be configured with ceiling mount, post mount, pier mount, yoke mount to suit a wide range of architectural applications.

• Handcrafted from heavy gauge solid copper for long lasting strength and beauty.
• Available with electric illumination for convenient energy efficient lighting.
• Solid brass hinges and latches provide superior durability and refined detailing.
• Mounts and accessories built from marine grade aluminum with a corrosion resistant powder coat finish.
• Compatible with standard electric bulbs including LED for customizable lighting output (bulbs not included with fixture).
• Designed to withstand harsh climates with copper that naturally develops a rich, timeless patina."
AR29G,"Our Biltmore® Arcus lantern is crafted as a wall-mounted lantern, built from solid copper and designed to age gracefully with a natural patina. It provides natural gas or propane for everyday exterior use and can also be configured with post mount, pier mount, yoke mount, ceiling mount to suit a wide range of architectural applications.

• Handcrafted from heavy gauge solid copper for long lasting strength and beauty.
• Offered with natural gas or propane for a warm authentic flame.
• Solid brass hinges and latches provide superior durability and refined detailing.
• Mounts and accessories built from marine grade aluminum with a corrosion resistant powder coat finish.
• Solid brass gas burner assemblies are CSA certified for safe reliable flame performance.
• Designed to withstand harsh climates with copper that naturally develops a rich, timeless patina."
AR36E,"Our Biltmore® Arcus lantern is crafted as a wall-mounted lantern, built from solid copper and designed to age gracefully with a natural patina. It provides electric illumination for everyday exterior use and can also be configured with ceiling mount, post mount, pier mount, yoke mount to suit a wide range of architectural applications.

• Handcrafted from heavy gauge solid copper for long lasting strength and beauty.
• Available with electric illumination for convenient energy efficient lighting.
• Solid brass hinges and latches provide superior durability and refined detailing.
• Mounts and accessories built from marine grade aluminum with a corrosion resistant powder coat finish.
• Compatible with standard electric bulbs including LED for customizable lighting output (bulbs not included with fixture).
• Designed to withstand harsh climates with copper that naturally develops a rich, timeless patina."
AR36G,"Our Biltmore® Arcus lantern is crafted as a wall-mounted lantern, built from solid copper and designed to age gracefully with a natural patina. It provides natural gas or propane for everyday exterior use and can also be configured with post mount, pier mount, yoke mount to suit a wide range of architectural applications.

• Handcrafted from heavy gauge solid copper for long lasting strength and beauty.
• Offered with natural gas or propane for a warm authentic flame.
• Solid brass hinges and latches provide superior durability and refined detailing.
• Mounts and accessories built from marine grade aluminum with a corrosion resistant powder coat finish.
• Solid brass gas burner assemblies are CSA certified for safe reliable flame performance.
• Designed to withstand harsh climates with copper that naturally develops a rich, timeless patina."
AS41E,"Our Adams Street lantern is crafted as a wall-mounted lantern, built from solid copper and designed to age gracefully with a natural patina. It provides electric illumination for everyday exterior use and can also be configured with yoke mount, gooseneck mount, ceiling mount, post mount, pier mount to suit a wide range of architectural applications.

• Handcrafted from heavy gauge solid copper for long lasting strength and beauty.
• Available with electric illumination for convenient energy efficient lighting.
• Solid brass hinges and latches provide superior durability and refined detailing.
• Mounts and accessories built from marine grade aluminum with a corrosion resistant powder coat finish.
• Compatible with standard electric bulbs including LED for customizable lighting output (bulbs not included with fixture).
• Designed to withstand harsh climates with copper that naturally develops a rich, timeless patina."
AS41G,"Our Adams Street lantern is crafted as a wall-mounted lantern, built from solid copper and designed to age gracefully with a natural patina. It provides natural gas or propane for everyday exterior use and can also be configured with yoke mount, gooseneck mount, post mount, pier mount to suit a wide range of architectural applications.

• Handcrafted from heavy gauge solid copper for long lasting strength and beauty.
• Offered with natural gas or propane for a warm authentic flame.
• Solid brass hinges and latches provide superior durability and refined detailing.
• Mounts and accessories built from marine grade aluminum with a corrosion resistant powder coat finish.
• Solid brass gas burner assemblies are CSA certified for safe reliable flame performance.
• Designed to withstand harsh climates with copper that naturally develops a rich, timeless patina."
AS42E,"Our Adams Street lantern is crafted as a wall-mounted lantern, built from solid copper and designed to age gracefully with a natural patina. It provides electric illumination for everyday exterior use and can also be configured with yoke mount, gooseneck mount, ceiling mount, post mount, pier mount to suit a wide range of architectural applications.

• Handcrafted from heavy gauge solid copper for long lasting strength and beauty.
• Available with electric illumination for convenient energy efficient lighting.
• Solid brass hinges and latches provide superior durability and refined detailing.
• Mounts and accessories built from marine grade aluminum with a corrosion resistant powder coat finish.
• Compatible with standard electric bulbs including LED for customizable lighting output (bulbs not included with fixture).
• Designed to withstand harsh climates with copper that naturally develops a rich, timeless patina."
AS42G,"Our Adams Street lantern is crafted as a wall-mounted lantern, built from solid copper and designed to age gracefully with a natural patina. It provides natural gas or propane for everyday exterior use and can also be configured with yoke mount, gooseneck mount, post mount, pier mount to suit a wide range of architectural applications.

• Handcrafted from heavy gauge solid copper for long lasting strength and beauty.
• Offered with natural gas or propane for a warm authentic flame.
• Solid brass hinges and latches provide superior durability and refined detailing.
• Mounts and accessories built from marine grade aluminum with a corrosion resistant powder coat finish.
• Solid brass gas burner assemblies are CSA certified for safe reliable flame performance.
• Designed to withstand harsh climates with copper that naturally develops a rich, timeless patina."
AS43E,"Our Adams Street lantern is crafted as a wall-mounted lantern, built from solid copper and designed to age gracefully with a natural patina. It provides electric illumination for everyday exterior use and can also be configured with yoke mount, ceiling mount, post mount, pier mount to suit a wide range of architectural applications.

• Handcrafted from heavy gauge solid copper for long lasting strength and beauty.
• Available with electric illumination for convenient energy efficient lighting.
• Solid brass hinges and latches provide superior durability and refined detailing.
• Mounts and accessories built from marine grade aluminum with a corrosion resistant powder coat finish.
• Compatible with standard electric bulbs including LED for customizable lighting output (bulbs not included with fixture).
• Designed to withstand harsh climates with copper that naturally develops a rich, timeless patina."
AS43G,"Our Adams Street lantern is crafted as a wall-mounted lantern, built from solid copper and designed to age gracefully with a natural patina. It provides natural gas or propane for everyday exterior use and can also be configured with yoke mount, post mount, pier mount to suit a wide range of architectural applications.

• Handcrafted from heavy gauge solid copper for long lasting strength and beauty.
• Offered with natural gas or propane for a warm authentic flame.
• Solid brass hinges and latches provide superior durability and refined detailing.
• Mounts and accessories built from marine grade aluminum with a corrosion resistant powder coat finish.
• Solid brass gas burner assemblies are CSA certified for safe reliable flame performance.
• Designed to withstand harsh climates with copper that naturally develops a rich, timeless patina."
AS44E,"Our Adams Street lantern is crafted as a wall-mounted lantern, built from solid copper and designed to age gracefully with a natural patina. It provides electric illumination for everyday exterior use and can also be configured with yoke mount, ceiling mount, post mount, pier mount to suit a wide range of architectural applications.

• Handcrafted from heavy gauge solid copper for long lasting strength and beauty.
• Available with electric illumination for convenient energy efficient lighting.
• Solid brass hinges and latches provide superior durability and refined detailing.
• Mounts and accessories built from marine grade aluminum with a corrosion resistant powder coat finish.
• Compatible with standard electric bulbs including LED for customizable lighting output (bulbs not included with fixture).
• Designed to withstand harsh climates with copper that naturally develops a rich, timeless patina."
AS44G,"Our Adams Street lantern is crafted as a wall-mounted lantern, built from solid copper and designed to age gracefully with a natural patina. It provides natural gas or propane for everyday exterior use and can also be configured with yoke mount, post mount, pier mount to suit a wide range of architectural applications.

• Handcrafted from heavy gauge solid copper for long lasting strength and beauty.
• Offered with natural gas or propane for a warm authentic flame.
• Solid brass hinges and latches provide superior durability and refined detailing.
• Mounts and accessories built from marine grade aluminum with a corrosion resistant powder coat finish.
• Solid brass gas burner assemblies are CSA certified for safe reliable flame performance.
• Designed to withstand harsh climates with copper that naturally develops a rich, timeless patina."
AU24E,"Our Austin lantern is crafted as a wall-mounted lantern, built from solid copper and designed to age gracefully with a natural patina. It provides electric illumination for everyday exterior use and can also be configured with yoke mount, post mount, pier mount to suit a wide range of architectural applications.

• Handcrafted from heavy gauge solid copper for long lasting strength and beauty.
• Available with electric illumination for convenient energy efficient lighting.
• Solid brass hinges and latches provide superior durability and refined detailing.
• Mounts and accessories built from marine grade aluminum with a corrosion resistant powder coat finish.
• Compatible with standard electric bulbs including LED for customizable lighting output (bulbs not included with fixture).
• Designed to withstand harsh climates with copper that naturally develops a rich, timeless patina."
AU24G,"Our Austin lantern is crafted as a wall-mounted lantern, built from solid copper and designed to age gracefully with a natural patina. It provides natural gas or propane for everyday exterior use and can also be configured with yoke mount, post mount, pier mount to suit a wide range of architectural applications.

• Handcrafted from heavy gauge solid copper for long lasting strength and beauty.
• Offered with natural gas or propane for a warm authentic flame.
• Solid brass hinges and latches provide superior durability and refined detailing.
• Mounts and accessories built from marine grade aluminum with a corrosion resistant powder coat finish.
• Solid brass gas burner assemblies are CSA certified for safe reliable flame performance.
• Designed to withstand harsh climates with copper that naturally develops a rich, timeless patina."
AU30E,"Our Austin lantern is crafted as a wall-mounted lantern, built from solid copper and designed to age gracefully with a natural patina. It provides electric illumination for everyday exterior use and can also be configured with yoke mount, post mount, pier mount to suit a wide range of architectural applications.

• Handcrafted from heavy gauge solid copper for long lasting strength and beauty.
• Available with electric illumination for convenient energy efficient lighting.
• Solid brass hinges and latches provide superior durability and refined detailing.
• Mounts and accessories built from marine grade aluminum with a corrosion resistant powder coat finish.
• Compatible with standard electric bulbs including LED for customizable lighting output (bulbs not included with fixture).
• Designed to withstand harsh climates with copper that naturally develops a rich, timeless patina."
AU30G,"Our Austin lantern is crafted as a wall-mounted lantern, built from solid copper and designed to age gracefully with a natural patina. It provides natural gas or propane for everyday exterior use and can also be configured with yoke mount, post mount, pier mount to suit a wide range of architectural applications.

• Handcrafted from heavy gauge solid copper for long lasting strength and beauty.
• Offered with natural gas or propane for a warm authentic flame.
• Solid brass hinges and latches provide superior durability and refined detailing.
• Mounts and accessories built from marine grade aluminum with a corrosion resistant powder coat finish.
• Solid brass gas burner assemblies are CSA certified for safe reliable flame performance.
• Designed to withstand harsh climates with copper that naturally develops a rich, timeless patina."
AU36E,"Our Austin lantern is crafted as a wall-mounted lantern, built from solid copper and designed to age gracefully with a natural patina. It provides electric illumination for everyday exterior use and can also be configured with yoke mount, post mount, pier mount to suit a wide range of architectural applications.

• Handcrafted from heavy gauge solid copper for long lasting strength and beauty.
• Available with electric illumination for convenient energy efficient lighting.
• Solid brass hinges and latches provide superior durability and refined detailing.
• Mounts and accessories built from marine grade aluminum with a corrosion resistant powder coat finish.
• Compatible with standard electric bulbs including LED for customizable lighting output (bulbs not included with fixture).
• Designed to withstand harsh climates with copper that naturally develops a rich, timeless patina."
AU36G,"Our Austin lantern is crafted as a wall-mounted lantern, built from solid copper and designed to age gracefully with a natural patina. It provides natural gas or propane for everyday exterior use and can also be configured with yoke mount, post mount, pier mount to suit a wide range of architectural applications.

• Handcrafted from heavy gauge solid copper for long lasting strength and beauty.
• Offered with natural gas or propane for a warm authentic flame.
• Solid brass hinges and latches provide superior durability and refined detailing.
• Mounts and accessories built from marine grade aluminum with a corrosion resistant powder coat finish.
• Solid brass gas burner assemblies are CSA certified for safe reliable flame performance.
• Designed to withstand harsh climates with copper that naturally develops a rich, timeless patina."
BM30E,"Our Belmont lantern is crafted as a wall-mounted lantern, built from solid copper and designed to age gracefully with a natural patina. It provides electric illumination for everyday exterior use and can also be configured with yoke mount, gooseneck mount, ceiling mount, post mount, pier mount to suit a wide range of architectural applications.

• Handcrafted from heavy gauge solid copper for long lasting strength and beauty.
• Available with electric illumination for convenient energy efficient lighting.
• Solid brass hinges and latches provide superior durability and refined detailing.
• Mounts and accessories built from marine grade aluminum with a corrosion resistant powder coat finish.
• Compatible with standard electric bulbs including LED for customizable lighting output (bulbs not included with fixture).
• Designed to withstand harsh climates with copper that naturally develops a rich, timeless patina."
BM30G,"Our Belmont lantern is crafted as a wall-mounted lantern, built from solid copper and designed to age gracefully with a natural patina. It provides natural gas or propane for everyday exterior use and can also be configured with yoke mount, gooseneck mount, post mount, pier mount to suit a wide range of architectural applications.

• Handcrafted from heavy gauge solid copper for long lasting strength and beauty.
• Offered with natural gas or propane for a warm authentic flame.
• Solid brass hinges and latches provide superior durability and refined detailing.
• Mounts and accessories built from marine grade aluminum with a corrosion resistant powder coat finish.
• Solid brass gas burner assemblies are CSA certified for safe reliable flame performance.
• Designed to withstand harsh climates with copper that naturally develops a rich, timeless patina."
BM35E,"Our Belmont lantern is crafted as a wall-mounted lantern, built from solid copper and designed to age gracefully with a natural patina. It provides electric illumination for everyday exterior use and can also be configured with yoke mount, gooseneck mount, ceiling mount, post mount, pier mount to suit a wide range of architectural applications.

• Handcrafted from heavy gauge solid copper for long lasting strength and beauty.
• Available with electric illumination for convenient energy efficient lighting.
• Solid brass hinges and latches provide superior durability and refined detailing.
• Mounts and accessories built from marine grade aluminum with a corrosion resistant powder coat finish.
• Compatible with standard electric bulbs including LED for customizable lighting output (bulbs not included with fixture).
• Designed to withstand harsh climates with copper that naturally develops a rich, timeless patina."
BM35G,"Our Belmont lantern is crafted as a wall-mounted lantern, built from solid copper and designed to age gracefully with a natural patina. It provides natural gas or propane for everyday exterior use and can also be configured with yoke mount, gooseneck mount, post mount, pier mount to suit a wide range of architectural applications.

• Handcrafted from heavy gauge solid copper for long lasting strength and beauty.
• Offered with natural gas or propane for a warm authentic flame.
• Solid brass hinges and latches provide superior durability and refined detailing.
• Mounts and accessories built from marine grade aluminum with a corrosion resistant powder coat finish.
• Solid brass gas burner assemblies are CSA certified for safe reliable flame performance.
• Designed to withstand harsh climates with copper that naturally develops a rich, timeless patina."
BM40E,"Our Belmont lantern is crafted as a wall-mounted lantern, built from solid copper and designed to age gracefully with a natural patina. It provides electric illumination for everyday exterior use and can also be configured with yoke mount, gooseneck mount, ceiling mount, post mount, pier mount to suit a wide range of architectural applications.

• Handcrafted from heavy gauge solid copper for long lasting strength and beauty.
• Available with electric illumination for convenient energy efficient lighting.
• Solid brass hinges and latches provide superior durability and refined detailing.
• Mounts and accessories built from marine grade aluminum with a corrosion resistant powder coat finish.
• Compatible with standard electric bulbs including LED for customizable lighting output (bulbs not included with fixture).
• Designed to withstand harsh climates with copper that naturally develops a rich, timeless patina."
BM40G,"Our Belmont lantern is crafted as a wall-mounted lantern, built from solid copper and designed to age gracefully with a natural patina. It provides natural gas or propane for everyday exterior use and can also be configured with yoke mount, gooseneck mount, post mount, pier mount to suit a wide range of architectural applications.

• Handcrafted from heavy gauge solid copper for long lasting strength and beauty.
• Offered with natural gas or propane for a warm authentic flame.
• Solid brass hinges and latches provide superior durability and refined detailing.
• Mounts and accessories built from marine grade aluminum with a corrosion resistant powder coat finish.
• Solid brass gas burner assemblies are CSA certified for safe reliable flame performance.
• Designed to withstand harsh climates with copper that naturally develops a rich, timeless patina."
BS61E,"Our Bayou Street lantern is crafted as a wall-mounted lantern, built from solid copper and designed to age gracefully with a natural patina. It provides electric illumination for everyday exterior use and can also be configured with yoke mount, gooseneck mount, ceiling mount, post mount, pier mount to suit a wide range of architectural applications.

• Handcrafted from heavy gauge solid copper for long lasting strength and beauty.
• Available with electric illumination for convenient energy efficient lighting.
• Solid brass hinges and latches provide superior durability and refined detailing.
• Mounts and accessories built from marine grade aluminum with a corrosion resistant powder coat finish.
• Compatible with standard electric bulbs including LED for customizable lighting output (bulbs not included with fixture).
• Designed to withstand harsh climates with copper that naturally develops a rich, timeless patina."
BS61G,"Our Bayou Street lantern is crafted as a wall-mounted lantern, built from solid copper and designed to age gracefully with a natural patina. It provides natural gas or propane for everyday exterior use and can also be configured with yoke mount, gooseneck mount, post mount, pier mount to suit a wide range of architectural applications.

• Handcrafted from heavy gauge solid copper for long lasting strength and beauty.
• Offered with natural gas or propane for a warm authentic flame.
• Solid brass hinges and latches provide superior durability and refined detailing.
• Mounts and accessories built from marine grade aluminum with a corrosion resistant powder coat finish.
• Solid brass gas burner assemblies are CSA certified for safe reliable flame performance.
• Designed to withstand harsh climates with copper that naturally develops a rich, timeless patina."
BS62E,"Our Bayou Street lantern is crafted as a wall-mounted lantern, built from solid copper and designed to age gracefully with a natural patina. It provides electric illumination for everyday exterior use and can also be configured with yoke mount, gooseneck mount, ceiling mount, post mount, pier mount to suit a wide range of architectural applications.

• Handcrafted from heavy gauge solid copper for long lasting strength and beauty.
• Available with electric illumination for convenient energy efficient lighting.
• Solid brass hinges and latches provide superior durability and refined detailing.
• Mounts and accessories built from marine grade aluminum with a corrosion resistant powder coat finish.
• Compatible with standard electric bulbs including LED for customizable lighting output (bulbs not included with fixture).
• Designed to withstand harsh climates with copper that naturally develops a rich, timeless patina."
BS62G,"Our Bayou Street lantern is crafted as a wall-mounted lantern, built from solid copper and designed to age gracefully with a natural patina. It provides natural gas or propane for everyday exterior use and can also be configured with yoke mount, gooseneck mount, post mount, pier mount to suit a wide range of architectural applications.

• Handcrafted from heavy gauge solid copper for long lasting strength and beauty.
• Offered with natural gas or propane for a warm authentic flame.
• Solid brass hinges and latches provide superior durability and refined detailing.
• Mounts and accessories built from marine grade aluminum with a corrosion resistant powder coat finish.
• Solid brass gas burner assemblies are CSA certified for safe reliable flame performance.
• Designed to withstand harsh climates with copper that naturally develops a rich, timeless patina."
BS63E,"Our Bayou Street lantern is crafted as a wall-mounted lantern, built from solid copper and designed to age gracefully with a natural patina. It provides electric illumination for everyday exterior use and can also be configured with yoke mount, gooseneck mount, ceiling mount, post mount, pier mount to suit a wide range of architectural applications.

• Handcrafted from heavy gauge solid copper for long lasting strength and beauty.
• Available with electric illumination for convenient energy efficient lighting.
• Solid brass hinges and latches provide superior durability and refined detailing.
• Mounts and accessories built from marine grade aluminum with a corrosion resistant powder coat finish.
• Compatible with standard electric bulbs including LED for customizable lighting output (bulbs not included with fixture).
• Designed to withstand harsh climates with copper that naturally develops a rich, timeless patina."
BS63G,"Our Bayou Street lantern is crafted as a wall-mounted lantern, built from solid copper and designed to age gracefully with a natural patina. It provides natural gas or propane for everyday exterior use and can also be configured with yoke mount, gooseneck mount, post mount, pier mount to suit a wide range of architectural applications.

• Handcrafted from heavy gauge solid copper for long lasting strength and beauty.
• Offered with natural gas or propane for a warm authentic flame.
• Solid brass hinges and latches provide superior durability and refined detailing.
• Mounts and accessories built from marine grade aluminum with a corrosion resistant powder coat finish.
• Solid brass gas burner assemblies are CSA certified for safe reliable flame performance.
• Designed to withstand harsh climates with copper that naturally develops a rich, timeless patina."
BS64E,"Our Bayou Street lantern is crafted as a wall-mounted lantern, built from solid copper and designed to age gracefully with a natural patina. It provides electric illumination for everyday exterior use and can also be configured with yoke mount, gooseneck mount, ceiling mount, post mount, pier mount to suit a wide range of architectural applications.

• Handcrafted from heavy gauge solid copper for long lasting strength and beauty.
• Available with electric illumination for convenient energy efficient lighting.
• Solid brass hinges and latches provide superior durability and refined detailing.
• Mounts and accessories built from marine grade aluminum with a corrosion resistant powder coat finish.
• Compatible with standard electric bulbs including LED for customizable lighting output (bulbs not included with fixture).
• Designed to withstand harsh climates with copper that naturally develops a rich, timeless patina."
BS64G,"Our Bayou Street lantern is crafted as a wall-mounted lantern, built from solid copper and designed to age gracefully with a natural patina. It provides natural gas or propane for everyday exterior use and can also be configured with yoke mount, gooseneck mount, post mount, pier mount to suit a wide range of architectural applications.

• Handcrafted from heavy gauge solid copper for long lasting strength and beauty.
• Offered with natural gas or propane for a warm authentic flame.
• Solid brass hinges and latches provide superior durability and refined detailing.
• Mounts and accessories built from marine grade aluminum with a corrosion resistant powder coat finish.
• Solid brass gas burner assemblies are CSA certified for safe reliable flame performance.
• Designed to withstand harsh climates with copper that naturally develops a rich, timeless patina."
CH30E,"Our Churchill lantern is crafted as a wall-mounted lantern, built from solid copper and designed to age gracefully with a natural patina. It provides electric illumination for everyday exterior use and can also be configured with yoke mount, gooseneck mount, ceiling mount, post mount, pier mount to suit a wide range of architectural applications.

• Handcrafted from heavy gauge solid copper for long lasting strength and beauty.
• Available with electric illumination for convenient energy efficient lighting.
• Solid brass hinges and latches provide superior durability and refined detailing.
• Mounts and accessories built from marine grade aluminum with a corrosion resistant powder coat finish.
• Compatible with standard electric bulbs including LED for customizable lighting output (bulbs not included with fixture).
• Designed to withstand harsh climates with copper that naturally develops a rich, timeless patina."
CH30G,"Our Churchill lantern is crafted as a wall-mounted lantern, built from solid copper and designed to age gracefully with a natural patina. It provides natural gas or propane for everyday exterior use and can also be configured with yoke mount, gooseneck mount, post mount, pier mount to suit a wide range of architectural applications.

• Handcrafted from heavy gauge solid copper for long lasting strength and beauty.
• Offered with natural gas or propane for a warm authentic flame.
• Solid brass hinges and latches provide superior durability and refined detailing.
• Mounts and accessories built from marine grade aluminum with a corrosion resistant powder coat finish.
• Solid brass gas burner assemblies are CSA certified for safe reliable flame performance.
• Designed to withstand harsh climates with copper that naturally develops a rich, timeless patina."
CH36E,"Our Churchill lantern is crafted as a wall-mounted lantern, built from solid copper and designed to age gracefully with a natural patina. It provides electric illumination for everyday exterior use and can also be configured with yoke mount, gooseneck mount, ceiling mount, post mount, pier mount to suit a wide range of architectural applications.

• Handcrafted from heavy gauge solid copper for long lasting strength and beauty.
• Available with electric illumination for convenient energy efficient lighting.
• Solid brass hinges and latches provide superior durability and refined detailing.
• Mounts and accessories built from marine grade aluminum with a corrosion resistant powder coat finish.
• Compatible with standard electric bulbs including LED for customizable lighting output (bulbs not included with fixture).
• Designed to withstand harsh climates with copper that naturally develops a rich, timeless patina."
CH36G,"Our Churchill lantern is crafted as a wall-mounted lantern, built from solid copper and designed to age gracefully with a natural patina. It provides natural gas or propane for everyday exterior use and can also be configured with yoke mount, gooseneck mount, post mount, pier mount to suit a wide range of architectural applications.

• Handcrafted from heavy gauge solid copper for long lasting strength and beauty.
• Offered with natural gas or propane for a warm authentic flame.
• Solid brass hinges and latches provide superior durability and refined detailing.
• Mounts and accessories built from marine grade aluminum with a corrosion resistant powder coat finish.
• Solid brass gas burner assemblies are CSA certified for safe reliable flame performance.
• Designed to withstand harsh climates with copper that naturally develops a rich, timeless patina."
CH38E,"Our Churchill lantern is crafted as a wall-mounted lantern, built from solid copper and designed to age gracefully with a natural patina. It provides electric illumination for everyday exterior use and can also be configured with yoke mount, gooseneck mount, ceiling mount, post mount, pier mount to suit a wide range of architectural applications.

• Handcrafted from heavy gauge solid copper for long lasting strength and beauty.
• Available with electric illumination for convenient energy efficient lighting.
• Solid brass hinges and latches provide superior durability and refined detailing.
• Mounts and accessories built from marine grade aluminum with a corrosion resistant powder coat finish.
• Compatible with standard electric bulbs including LED for customizable lighting output (bulbs not included with fixture).
• Designed to withstand harsh climates with copper that naturally develops a rich, timeless patina."
CH38G,"Our Churchill lantern is crafted as a wall-mounted lantern, built from solid copper and designed to age gracefully with a natural patina. It provides natural gas or propane for everyday exterior use and can also be configured with yoke mount, gooseneck mount, post mount, pier mount to suit a wide range of architectural applications.

• Handcrafted from heavy gauge solid copper for long lasting strength and beauty.
• Offered with natural gas or propane for a warm authentic flame.
• Solid brass hinges and latches provide superior durability and refined detailing.
• Mounts and accessories built from marine grade aluminum with a corrosion resistant powder coat finish.
• Solid brass gas burner assemblies are CSA certified for safe reliable flame performance.
• Designed to withstand harsh climates with copper that naturally develops a rich, timeless patina."
CO18E,"Our Contempo lantern is crafted as a wall-mounted lantern, built from solid copper and designed to age gracefully with a natural patina. It provides electric illumination for everyday exterior use and can also be configured with yoke mount, gooseneck mount, ceiling mount, post mount, pier mount to suit a wide range of architectural applications.

• Handcrafted from heavy gauge solid copper for long lasting strength and beauty.
• Available with electric illumination for convenient energy efficient lighting.
• Solid brass hinges and latches provide superior durability and refined detailing.
• Mounts and accessories built from marine grade aluminum with a corrosion resistant powder coat finish.
• Compatible with standard electric bulbs including LED for customizable lighting output (bulbs not included with fixture).
• Designed to withstand harsh climates with copper that naturally develops a rich, timeless patina."
CO18G,"Our Contempo lantern is crafted as a wall-mounted lantern, built from solid copper and designed to age gracefully with a natural patina. It provides natural gas or propane for everyday exterior use and can also be configured with yoke mount, gooseneck mount, post mount, pier mount to suit a wide range of architectural applications.

• Handcrafted from heavy gauge solid copper for long lasting strength and beauty.
• Offered with natural gas or propane for a warm authentic flame.
• Solid brass hinges and latches provide superior durability and refined detailing.
• Mounts and accessories built from marine grade aluminum with a corrosion resistant powder coat finish.
• Solid brass gas burner assemblies are CSA certified for safe reliable flame performance.
• Designed to withstand harsh climates with copper that naturally develops a rich, timeless patina."
CO24E,"Our Contempo lantern is crafted as a wall-mounted lantern, built from solid copper and designed to age gracefully with a natural patina. It provides electric illumination for everyday exterior use and can also be configured with yoke mount, gooseneck mount, ceiling mount, post mount, pier mount to suit a wide range of architectural applications.

• Handcrafted from heavy gauge solid copper for long lasting strength and beauty.
• Available with electric illumination for convenient energy efficient lighting.
• Solid brass hinges and latches provide superior durability and refined detailing.
• Mounts and accessories built from marine grade aluminum with a corrosion resistant powder coat finish.
• Compatible with standard electric bulbs including LED for customizable lighting output (bulbs not included with fixture).
• Designed to withstand harsh climates with copper that naturally develops a rich, timeless patina."
CO24G,"Our Contempo lantern is crafted as a wall-mounted lantern, built from solid copper and designed to age gracefully with a natural patina. It provides natural gas or propane for everyday exterior use and can also be configured with yoke mount, gooseneck mount, post mount, pier mount to suit a wide range of architectural applications.

• Handcrafted from heavy gauge solid copper for long lasting strength and beauty.
• Offered with natural gas or propane for a warm authentic flame.
• Solid brass hinges and latches provide superior durability and refined detailing.
• Mounts and accessories built from marine grade aluminum with a corrosion resistant powder coat finish.
• Solid brass gas burner assemblies are CSA certified for safe reliable flame performance.
• Designed to withstand harsh climates with copper that naturally develops a rich, timeless patina."
CO31E,"Our Contempo lantern is crafted as a wall-mounted lantern, built from solid copper and designed to age gracefully with a natural patina. It provides electric illumination for everyday exterior use and can also be configured with yoke mount, ceiling mount, post mount, pier mount to suit a wide range of architectural applications.

• Handcrafted from heavy gauge solid copper for long lasting strength and beauty.
• Available with electric illumination for convenient energy efficient lighting.
• Solid brass hinges and latches provide superior durability and refined detailing.
• Mounts and accessories built from marine grade aluminum with a corrosion resistant powder coat finish.
• Compatible with standard electric bulbs including LED for customizable lighting output (bulbs not included with fixture).
• Designed to withstand harsh climates with copper that naturally develops a rich, timeless patina."
CO31G,"Our Contempo lantern is crafted as a wall-mounted lantern, built from solid copper and designed to age gracefully with a natural patina. It provides natural gas or propane for everyday exterior use and can also be configured with yoke mount, post mount, pier mount to suit a wide range of architectural applications.

• Handcrafted from heavy gauge solid copper for long lasting strength and beauty.
• Offered with natural gas or propane for a warm authentic flame.
• Solid brass hinges and latches provide superior durability and refined detailing.
• Mounts and accessories built from marine grade aluminum with a corrosion resistant powder coat finish.
• Solid brass gas burner assemblies are CSA certified for safe reliable flame performance.
• Designed to withstand harsh climates with copper that naturally develops a rich, timeless patina."
CS41E,"Our Conception Street lantern is crafted as a wall-mounted lantern, built from solid copper and designed to age gracefully with a natural patina. It provides electric illumination for everyday exterior use and can also be configured with yoke mount, gooseneck mount, ceiling mount, post mount, pier mount to suit a wide range of architectural applications.

• Handcrafted from heavy gauge solid copper for long lasting strength and beauty.
• Available with electric illumination for convenient energy efficient lighting.
• Solid brass hinges and latches provide superior durability and refined detailing.
• Mounts and accessories built from marine grade aluminum with a corrosion resistant powder coat finish.
• Compatible with standard electric bulbs including LED for customizable lighting output (bulbs not included with fixture).
• Designed to withstand harsh climates with copper that naturally develops a rich, timeless patina."
CS41G,"Our Conception Street lantern is crafted as a wall-mounted lantern, built from solid copper and designed to age gracefully with a natural patina. It provides natural gas or propane for everyday exterior use and can also be configured with yoke mount, gooseneck mount, post mount, pier mount to suit a wide range of architectural applications.

• Handcrafted from heavy gauge solid copper for long lasting strength and beauty.
• Offered with natural gas or propane for a warm authentic flame.
• Solid brass hinges and latches provide superior durability and refined detailing.
• Mounts and accessories built from marine grade aluminum with a corrosion resistant powder coat finish.
• Solid brass gas burner assemblies are CSA certified for safe reliable flame performance.
• Designed to withstand harsh climates with copper that naturally develops a rich, timeless patina."
CS42E,"Our Conception Street lantern is crafted as a wall-mounted lantern, built from solid copper and designed to age gracefully with a natural patina. It provides electric illumination for everyday exterior use and can also be configured with yoke mount, gooseneck mount, ceiling mount, post mount, pier mount to suit a wide range of architectural applications.

• Handcrafted from heavy gauge solid copper for long lasting strength and beauty.
• Available with electric illumination for convenient energy efficient lighting.
• Solid brass hinges and latches provide superior durability and refined detailing.
• Mounts and accessories built from marine grade aluminum with a corrosion resistant powder coat finish.
• Compatible with standard electric bulbs including LED for customizable lighting output (bulbs not included with fixture).
• Designed to withstand harsh climates with copper that naturally develops a rich, timeless patina."
CS42G,"Our Conception Street lantern is crafted as a wall-mounted lantern, built from solid copper and designed to age gracefully with a natural patina. It provides natural gas or propane for everyday exterior use and can also be configured with yoke mount, gooseneck mount, post mount, pier mount to suit a wide range of architectural applications.

• Handcrafted from heavy gauge solid copper for long lasting strength and beauty.
• Offered with natural gas or propane for a warm authentic flame.
• Solid brass hinges and latches provide superior durability and refined detailing.
• Mounts and accessories built from marine grade aluminum with a corrosion resistant powder coat finish.
• Solid brass gas burner assemblies are CSA certified for safe reliable flame performance.
• Designed to withstand harsh climates with copper that naturally develops a rich, timeless patina."
CS43E,"Our Conception Street lantern is crafted as a wall-mounted lantern, built from solid copper and designed to age gracefully with a natural patina. It provides electric illumination for everyday exterior use and can also be configured with yoke mount, ceiling mount, post mount, pier mount to suit a wide range of architectural applications.

• Handcrafted from heavy gauge solid copper for long lasting strength and beauty.
• Available with electric illumination for convenient energy efficient lighting.
• Solid brass hinges and latches provide superior durability and refined detailing.
• Mounts and accessories built from marine grade aluminum with a corrosion resistant powder coat finish.
• Compatible with standard electric bulbs including LED for customizable lighting output (bulbs not included with fixture).
• Designed to withstand harsh climates with copper that naturally develops a rich, timeless patina."
CS43G,"Our Conception Street lantern is crafted as a wall-mounted lantern, built from solid copper and designed to age gracefully with a natural patina. It provides natural gas or propane for everyday exterior use and can also be configured with yoke mount, post mount, pier mount to suit a wide range of architectural applications.

• Handcrafted from heavy gauge solid copper for long lasting strength and beauty.
• Offered with natural gas or propane for a warm authentic flame.
• Solid brass hinges and latches provide superior durability and refined detailing.
• Mounts and accessories built from marine grade aluminum with a corrosion resistant powder coat finish.
• Solid brass gas burner assemblies are CSA certified for safe reliable flame performance.
• Designed to withstand harsh climates with copper that naturally develops a rich, timeless patina."
CS44E,"Our Conception Street lantern is crafted as a wall-mounted lantern, built from solid copper and designed to age gracefully with a natural patina. It provides electric illumination for everyday exterior use and can also be configured with yoke mount, ceiling mount, post mount, pier mount to suit a wide range of architectural applications.

• Handcrafted from heavy gauge solid copper for long lasting strength and beauty.
• Available with electric illumination for convenient energy efficient lighting.
• Solid brass hinges and latches provide superior durability and refined detailing.
• Mounts and accessories built from marine grade aluminum with a corrosion resistant powder coat finish.
• Compatible with standard electric bulbs including LED for customizable lighting output (bulbs not included with fixture).
• Designed to withstand harsh climates with copper that naturally develops a rich, timeless patina."
CS44G,"Our Conception Street lantern is crafted as a wall-mounted lantern, built from solid copper and designed to age gracefully with a natural patina. It provides natural gas or propane for everyday exterior use and can also be configured with yoke mount, post mount, pier mount to suit a wide range of architectural applications.

• Handcrafted from heavy gauge solid copper for long lasting strength and beauty.
• Offered with natural gas or propane for a warm authentic flame.
• Solid brass hinges and latches provide superior durability and refined detailing.
• Mounts and accessories built from marine grade aluminum with a corrosion resistant powder coat finish.
• Solid brass gas burner assemblies are CSA certified for safe reliable flame performance.
• Designed to withstand harsh climates with copper that naturally develops a rich, timeless patina."
CWS12,"Our Conception Street lantern is a solid copper up/down coastal wall sconce engineered for marine environments. It delivers clean bidirectional illumination ideal for architectural accents, entries, and outdoor living areas. Built from coastal-grade copper, it resists corrosion and enhances both modern and traditional coastal designs.

• Constructed from solid copper that resists corrosion and ages into a warm, natural patina over time.
• Dual direction lighting casts both upward and downward beams to accentuate exterior architecture.
• Engineered for coastal durability with materials that withstand salt spray, humidity, and year round weather exposure.
• Marine grade aluminum mounting components feature a premium powder coat finish for enhanced longevity.
• LED compatible for energy efficient lighting output and long term performance.
• A modern coastal design perfect for elevating outdoor areas with functional and stylish illumination."
CWS16,"Our Conception Street lantern is a solid copper up/down coastal wall sconce engineered for marine environments. It delivers clean bidirectional illumination ideal for architectural accents, entries, and outdoor living areas. Built from coastal-grade copper, it resists corrosion and enhances both modern and traditional coastal designs.

• Constructed from solid copper that resists corrosion and ages into a warm, natural patina over time.
• Dual direction lighting casts both upward and downward beams to accentuate exterior architecture.
• Engineered for coastal durability with materials that withstand salt spray, humidity, and year round weather exposure.
• Marine grade aluminum mounting components feature a premium powder coat finish for enhanced longevity.
• LED compatible for energy efficient lighting output and long term performance.
• A modern coastal design perfect for elevating outdoor areas with functional and stylish illumination."
DN23E,"Our Dinardi lantern is crafted as a wall-mounted lantern, built from solid copper and designed to age gracefully with a natural patina. It provides electric illumination for everyday exterior use and complements both traditional and coastal architecture.

• Handcrafted from heavy gauge solid copper for long lasting strength and beauty.
• Available with electric illumination for convenient energy efficient lighting.
• Solid brass hinges and latches provide superior durability and refined detailing.
• Mounts and accessories built from marine grade aluminum with a corrosion resistant powder coat finish.
• Compatible with standard electric bulbs including LED for customizable lighting output (bulbs not included with fixture).
• Designed to withstand harsh climates with copper that naturally develops a rich, timeless patina."
DN23G,"Our Dinardi lantern is crafted as a wall-mounted lantern, built from solid copper and designed to age gracefully with a natural patina. It provides natural gas or propane for everyday exterior use and complements both traditional and coastal architecture.

• Handcrafted from heavy gauge solid copper for long lasting strength and beauty.
• Offered with natural gas or propane for a warm authentic flame.
• Solid brass hinges and latches provide superior durability and refined detailing.
• Mounts and accessories built from marine grade aluminum with a corrosion resistant powder coat finish.
• Solid brass gas burner assemblies are CSA certified for safe reliable flame performance.
• Designed to withstand harsh climates with copper that naturally develops a rich, timeless patina."
DN27E,"Our Dinardi lantern is crafted as a wall-mounted lantern, built from solid copper and designed to age gracefully with a natural patina. It provides electric illumination for everyday exterior use and complements both traditional and coastal architecture.

• Handcrafted from heavy gauge solid copper for long lasting strength and beauty.
• Available with electric illumination for convenient energy efficient lighting.
• Solid brass hinges and latches provide superior durability and refined detailing.
• Mounts and accessories built from marine grade aluminum with a corrosion resistant powder coat finish.
• Compatible with standard electric bulbs including LED for customizable lighting output (bulbs not included with fixture).
• Designed to withstand harsh climates with copper that naturally develops a rich, timeless patina."
DN27G,"Our Dinardi lantern is crafted as a wall-mounted lantern, built from solid copper and designed to age gracefully with a natural patina. It provides natural gas or propane for everyday exterior use and complements both traditional and coastal architecture.

• Handcrafted from heavy gauge solid copper for long lasting strength and beauty.
• Offered with natural gas or propane for a warm authentic flame.
• Solid brass hinges and latches provide superior durability and refined detailing.
• Mounts and accessories built from marine grade aluminum with a corrosion resistant powder coat finish.
• Solid brass gas burner assemblies are CSA certified for safe reliable flame performance.
• Designed to withstand harsh climates with copper that naturally develops a rich, timeless patina."
DN29E,"Our Dinardi lantern is crafted as a wall-mounted lantern, built from solid copper and designed to age gracefully with a natural patina. It provides electric illumination for everyday exterior use and complements both traditional and coastal architecture.

• Handcrafted from heavy gauge solid copper for long lasting strength and beauty.
• Available with electric illumination for convenient energy efficient lighting.
• Solid brass hinges and latches provide superior durability and refined detailing.
• Mounts and accessories built from marine grade aluminum with a corrosion resistant powder coat finish.
• Compatible with standard electric bulbs including LED for customizable lighting output (bulbs not included with fixture).
• Designed to withstand harsh climates with copper that naturally develops a rich, timeless patina."
DN29G,"Our Dinardi lantern is crafted as a wall-mounted lantern, built from solid copper and designed to age gracefully with a natural patina. It provides natural gas or propane for everyday exterior use and complements both traditional and coastal architecture.

• Handcrafted from heavy gauge solid copper for long lasting strength and beauty.
• Offered with natural gas or propane for a warm authentic flame.
• Solid brass hinges and latches provide superior durability and refined detailing.
• Mounts and accessories built from marine grade aluminum with a corrosion resistant powder coat finish.
• Solid brass gas burner assemblies are CSA certified for safe reliable flame performance.
• Designed to withstand harsh climates with copper that naturally develops a rich, timeless patina."
EB20E,"Our East Bay lantern is crafted as a wall-mounted lantern, built from solid copper and designed to age gracefully with a natural patina. It provides electric illumination for everyday exterior use and can also be configured with yoke mount, ceiling mount to suit a wide range of architectural applications.

• Handcrafted from heavy gauge solid copper for long lasting strength and beauty.
• Available with electric illumination for convenient energy efficient lighting.
• Solid brass hinges and latches provide superior durability and refined detailing.
• Mounts and accessories built from marine grade aluminum with a corrosion resistant powder coat finish.
• Compatible with standard electric bulbs including LED for customizable lighting output (bulbs not included with fixture).
• Designed to withstand harsh climates with copper that naturally develops a rich, timeless patina."
EB20G,"Our East Bay lantern is crafted as a wall-mounted lantern, built from solid copper and designed to age gracefully with a natural patina. It provides natural gas or propane for everyday exterior use and can also be configured with yoke mount, ceiling mount to suit a wide range of architectural applications.

• Handcrafted from heavy gauge solid copper for long lasting strength and beauty.
• Offered with natural gas or propane for a warm authentic flame.
• Solid brass hinges and latches provide superior durability and refined detailing.
• Mounts and accessories built from marine grade aluminum with a corrosion resistant powder coat finish.
• Solid brass gas burner assemblies are CSA certified for safe reliable flame performance.
• Designed to withstand harsh climates with copper that naturally develops a rich, timeless patina."
EB27E,"Our East Bay lantern is crafted as a wall-mounted lantern, built from solid copper and designed to age gracefully with a natural patina. It provides electric illumination for everyday exterior use and can also be configured with yoke mount, ceiling mount to suit a wide range of architectural applications.

• Handcrafted from heavy gauge solid copper for long lasting strength and beauty.
• Available with electric illumination for convenient energy efficient lighting.
• Solid brass hinges and latches provide superior durability and refined detailing.
• Mounts and accessories built from marine grade aluminum with a corrosion resistant powder coat finish.
• Compatible with standard electric bulbs including LED for customizable lighting output (bulbs not included with fixture).
• Designed to withstand harsh climates with copper that naturally develops a rich, timeless patina."
EB27G,"Our East Bay lantern is crafted as a wall-mounted lantern, built from solid copper and designed to age gracefully with a natural patina. It provides natural gas or propane for everyday exterior use and can also be configured with yoke mount, ceiling mount to suit a wide range of architectural applications.

• Handcrafted from heavy gauge solid copper for long lasting strength and beauty.
• Offered with natural gas or propane for a warm authentic flame.
• Solid brass hinges and latches provide superior durability and refined detailing.
• Mounts and accessories built from marine grade aluminum with a corrosion resistant powder coat finish.
• Solid brass gas burner assemblies are CSA certified for safe reliable flame performance.
• Designed to withstand harsh climates with copper that naturally develops a rich, timeless patina."
EB33E,"Our East Bay lantern is crafted as a wall-mounted lantern, built from solid copper and designed to age gracefully with a natural patina. It provides electric illumination for everyday exterior use and can also be configured with yoke mount, ceiling mount to suit a wide range of architectural applications.

• Handcrafted from heavy gauge solid copper for long lasting strength and beauty.
• Available with electric illumination for convenient energy efficient lighting.
• Solid brass hinges and latches provide superior durability and refined detailing.
• Mounts and accessories built from marine grade aluminum with a corrosion resistant powder coat finish.
• Compatible with standard electric bulbs including LED for customizable lighting output (bulbs not included with fixture).
• Designed to withstand harsh climates with copper that naturally develops a rich, timeless patina."
EB33G,"Our East Bay lantern is crafted as a wall-mounted lantern, built from solid copper and designed to age gracefully with a natural patina. It provides natural gas or propane for everyday exterior use and can also be configured with yoke mount, ceiling mount to suit a wide range of architectural applications.

• Handcrafted from heavy gauge solid copper for long lasting strength and beauty.
• Offered with natural gas or propane for a warm authentic flame.
• Solid brass hinges and latches provide superior durability and refined detailing.
• Mounts and accessories built from marine grade aluminum with a corrosion resistant powder coat finish.
• Solid brass gas burner assemblies are CSA certified for safe reliable flame performance.
• Designed to withstand harsh climates with copper that naturally develops a rich, timeless patina."
ES61E,"Our Eslava Street lantern is crafted as a wall-mounted lantern, built from solid copper and designed to age gracefully with a natural patina. It provides electric illumination for everyday exterior use and can also be configured with yoke mount, gooseneck mount, ceiling mount, post mount, pier mount to suit a wide range of architectural applications.

• Handcrafted from heavy gauge solid copper for long lasting strength and beauty.
• Available with electric illumination for convenient energy efficient lighting.
• Solid brass hinges and latches provide superior durability and refined detailing.
• Mounts and accessories built from marine grade aluminum with a corrosion resistant powder coat finish.
• Compatible with standard electric bulbs including LED for customizable lighting output (bulbs not included with fixture).
• Designed to withstand harsh climates with copper that naturally develops a rich, timeless patina."
ES61G,"Our Eslava Street lantern is crafted as a wall-mounted lantern, built from solid copper and designed to age gracefully with a natural patina. It provides natural gas or propane for everyday exterior use and can also be configured with yoke mount, gooseneck mount, post mount, pier mount to suit a wide range of architectural applications.

• Handcrafted from heavy gauge solid copper for long lasting strength and beauty.
• Offered with natural gas or propane for a warm authentic flame.
• Solid brass hinges and latches provide superior durability and refined detailing.
• Mounts and accessories built from marine grade aluminum with a corrosion resistant powder coat finish.
• Solid brass gas burner assemblies are CSA certified for safe reliable flame performance.
• Designed to withstand harsh climates with copper that naturally develops a rich, timeless patina."
ES62E,"Our Eslava Street lantern is crafted as a wall-mounted lantern, built from solid copper and designed to age gracefully with a natural patina. It provides electric illumination for everyday exterior use and can also be configured with yoke mount, gooseneck mount, ceiling mount, post mount, pier mount to suit a wide range of architectural applications.

• Handcrafted from heavy gauge solid copper for long lasting strength and beauty.
• Available with electric illumination for convenient energy efficient lighting.
• Solid brass hinges and latches provide superior durability and refined detailing.
• Mounts and accessories built from marine grade aluminum with a corrosion resistant powder coat finish.
• Compatible with standard electric bulbs including LED for customizable lighting output (bulbs not included with fixture).
• Designed to withstand harsh climates with copper that naturally develops a rich, timeless patina."
ES62G,"Our Eslava Street lantern is crafted as a wall-mounted lantern, built from solid copper and designed to age gracefully with a natural patina. It provides natural gas or propane for everyday exterior use and can also be configured with yoke mount, gooseneck mount, post mount, pier mount to suit a wide range of architectural applications.

• Handcrafted from heavy gauge solid copper for long lasting strength and beauty.
• Offered with natural gas or propane for a warm authentic flame.
• Solid brass hinges and latches provide superior durability and refined detailing.
• Mounts and accessories built from marine grade aluminum with a corrosion resistant powder coat finish.
• Solid brass gas burner assemblies are CSA certified for safe reliable flame performance.
• Designed to withstand harsh climates with copper that naturally develops a rich, timeless patina."
ES63E,"Our Eslava Street lantern is crafted as a wall-mounted lantern, built from solid copper and designed to age gracefully with a natural patina. It provides electric illumination for everyday exterior use and can also be configured with yoke mount, gooseneck mount, ceiling mount, post mount, pier mount to suit a wide range of architectural applications.

• Handcrafted from heavy gauge solid copper for long lasting strength and beauty.
• Available with electric illumination for convenient energy efficient lighting.
• Solid brass hinges and latches provide superior durability and refined detailing.
• Mounts and accessories built from marine grade aluminum with a corrosion resistant powder coat finish.
• Compatible with standard electric bulbs including LED for customizable lighting output (bulbs not included with fixture).
• Designed to withstand harsh climates with copper that naturally develops a rich, timeless patina."
ES63G,"Our Eslava Street lantern is crafted as a wall-mounted lantern, built from solid copper and designed to age gracefully with a natural patina. It provides natural gas or propane for everyday exterior use and can also be configured with yoke mount, gooseneck mount, post mount, pier mount to suit a wide range of architectural applications.

• Handcrafted from heavy gauge solid copper for long lasting strength and beauty.
• Offered with natural gas or propane for a warm authentic flame.
• Solid brass hinges and latches provide superior durability and refined detailing.
• Mounts and accessories built from marine grade aluminum with a corrosion resistant powder coat finish.
• Solid brass gas burner assemblies are CSA certified for safe reliable flame performance.
• Designed to withstand harsh climates with copper that naturally develops a rich, timeless patina."
ES64E,"Our Eslava Street lantern is crafted as a wall-mounted lantern, built from solid copper and designed to age gracefully with a natural patina. It provides electric illumination for everyday exterior use and can also be configured with yoke mount, gooseneck mount, ceiling mount, post mount, pier mount to suit a wide range of architectural applications.

• Handcrafted from heavy gauge solid copper for long lasting strength and beauty.
• Available with electric illumination for convenient energy efficient lighting.
• Solid brass hinges and latches provide superior durability and refined detailing.
• Mounts and accessories built from marine grade aluminum with a corrosion resistant powder coat finish.
• Compatible with standard electric bulbs including LED for customizable lighting output (bulbs not included with fixture).
• Designed to withstand harsh climates with copper that naturally develops a rich, timeless patina."
ES64G,"Our Eslava Street lantern is crafted as a wall-mounted lantern, built from solid copper and designed to age gracefully with a natural patina. It provides natural gas or propane for everyday exterior use and can also be configured with yoke mount, gooseneck mount, post mount, pier mount to suit a wide range of architectural applications.

• Handcrafted from heavy gauge solid copper for long lasting strength and beauty.
• Offered with natural gas or propane for a warm authentic flame.
• Solid brass hinges and latches provide superior durability and refined detailing.
• Mounts and accessories built from marine grade aluminum with a corrosion resistant powder coat finish.
• Solid brass gas burner assemblies are CSA certified for safe reliable flame performance.
• Designed to withstand harsh climates with copper that naturally develops a rich, timeless patina."
FAU24E,"Our Austin Flush lantern is designed for flush wall installation, offering a clean architectural profile ideal for entries, porches, and sheltered outdoor corridors. Handcrafted from solid copper, it provides electric illumination and delivers dependable performance in any climate.

• Handcrafted from heavy gauge solid copper for long lasting strength and beauty.
• Available with electric illumination for convenient energy efficient lighting.
• Solid brass hinges and latches provide superior durability and refined detailing.
• Mounts and accessories built from marine grade aluminum with a corrosion resistant powder coat finish.
• Compatible with standard electric bulbs including LED for customizable lighting output (bulbs not included with fixture).
• Designed to withstand harsh climates with copper that naturally develops a rich, timeless patina."
FAU24G,"Our Austin Flush lantern is designed for flush wall installation, offering a clean architectural profile ideal for entries, porches, and sheltered outdoor corridors. Handcrafted from solid copper, it provides natural gas or propane and delivers dependable performance in any climate.

• Handcrafted from heavy gauge solid copper for long lasting strength and beauty.
• Offered with natural gas or propane for a warm authentic flame.
• Solid brass hinges and latches provide superior durability and refined detailing.
• Mounts and accessories built from marine grade aluminum with a corrosion resistant powder coat finish.
• Solid brass gas burner assemblies are CSA certified for safe reliable flame performance.
• Designed to withstand harsh climates with copper that naturally develops a rich, timeless patina."
FAU30E,"Our Austin Flush lantern is designed for flush wall installation, offering a clean architectural profile ideal for entries, porches, and sheltered outdoor corridors. Handcrafted from solid copper, it provides electric illumination and delivers dependable performance in any climate.

• Handcrafted from heavy gauge solid copper for long lasting strength and beauty.
• Available with electric illumination for convenient energy efficient lighting.
• Solid brass hinges and latches provide superior durability and refined detailing.
• Mounts and accessories built from marine grade aluminum with a corrosion resistant powder coat finish.
• Compatible with standard electric bulbs including LED for customizable lighting output (bulbs not included with fixture).
• Designed to withstand harsh climates with copper that naturally develops a rich, timeless patina."
FAU30G,"Our Austin Flush lantern is designed for flush wall installation, offering a clean architectural profile ideal for entries, porches, and sheltered outdoor corridors. Handcrafted from solid copper, it provides natural gas or propane and delivers dependable performance in any climate.

• Handcrafted from heavy gauge solid copper for long lasting strength and beauty.
• Offered with natural gas or propane for a warm authentic flame.
• Solid brass hinges and latches provide superior durability and refined detailing.
• Mounts and accessories built from marine grade aluminum with a corrosion resistant powder coat finish.
• Solid brass gas burner assemblies are CSA certified for safe reliable flame performance.
• Designed to withstand harsh climates with copper that naturally develops a rich, timeless patina."
FCO18E,"Our Contempo Flush Mount lantern is designed for flush wall installation, offering a clean architectural profile ideal for entries, porches, and sheltered outdoor corridors. Handcrafted from solid copper, it provides electric illumination and delivers dependable performance in any climate.

• Handcrafted from heavy gauge solid copper for long lasting strength and beauty.
• Available with electric illumination for convenient energy efficient lighting.
• Solid brass hinges and latches provide superior durability and refined detailing.
• Mounts and accessories built from marine grade aluminum with a corrosion resistant powder coat finish.
• Compatible with standard electric bulbs including LED for customizable lighting output (bulbs not included with fixture).
• Designed to withstand harsh climates with copper that naturally develops a rich, timeless patina."
FCO18G,"Our Contempo Flush Mount lantern is designed for flush wall installation, offering a clean architectural profile ideal for entries, porches, and sheltered outdoor corridors. Handcrafted from solid copper, it provides natural gas or propane and delivers dependable performance in any climate.

• Handcrafted from heavy gauge solid copper for long lasting strength and beauty.
• Offered with natural gas or propane for a warm authentic flame.
• Solid brass hinges and latches provide superior durability and refined detailing.
• Mounts and accessories built from marine grade aluminum with a corrosion resistant powder coat finish.
• Solid brass gas burner assemblies are CSA certified for safe reliable flame performance.
• Designed to withstand harsh climates with copper that naturally develops a rich, timeless patina."
FCO24E,"Our Contempo Flush Mount lantern is designed for flush wall installation, offering a clean architectural profile ideal for entries, porches, and sheltered outdoor corridors. Handcrafted from solid copper, it provides electric illumination and delivers dependable performance in any climate.

• Handcrafted from heavy gauge solid copper for long lasting strength and beauty.
• Available with electric illumination for convenient energy efficient lighting.
• Solid brass hinges and latches provide superior durability and refined detailing.
• Mounts and accessories built from marine grade aluminum with a corrosion resistant powder coat finish.
• Compatible with standard electric bulbs including LED for customizable lighting output (bulbs not included with fixture).
• Designed to withstand harsh climates with copper that naturally develops a rich, timeless patina."
FCO24G,"Our Contempo Flush Mount lantern is designed for flush wall installation, offering a clean architectural profile ideal for entries, porches, and sheltered outdoor corridors. Handcrafted from solid copper, it provides natural gas or propane and delivers dependable performance in any climate.

• Handcrafted from heavy gauge solid copper for long lasting strength and beauty.
• Offered with natural gas or propane for a warm authentic flame.
• Solid brass hinges and latches provide superior durability and refined detailing.
• Mounts and accessories built from marine grade aluminum with a corrosion resistant powder coat finish.
• Solid brass gas burner assemblies are CSA certified for safe reliable flame performance.
• Designed to withstand harsh climates with copper that naturally develops a rich, timeless patina."
FCO31E,"Our Contempo Flush Mount lantern is designed for flush wall installation, offering a clean architectural profile ideal for entries, porches, and sheltered outdoor corridors. Handcrafted from solid copper, it provides electric illumination and delivers dependable performance in any climate.

• Handcrafted from heavy gauge solid copper for long lasting strength and beauty.
• Available with electric illumination for convenient energy efficient lighting.
• Solid brass hinges and latches provide superior durability and refined detailing.
• Mounts and accessories built from marine grade aluminum with a corrosion resistant powder coat finish.
• Compatible with standard electric bulbs including LED for customizable lighting output (bulbs not included with fixture).
• Designed to withstand harsh climates with copper that naturally develops a rich, timeless patina."
FCO31G,"Our Contempo Flush Mount lantern is designed for flush wall installation, offering a clean architectural profile ideal for entries, porches, and sheltered outdoor corridors. Handcrafted from solid copper, it provides natural gas or propane and delivers dependable performance in any climate.

• Handcrafted from heavy gauge solid copper for long lasting strength and beauty.
• Offered with natural gas or propane for a warm authentic flame.
• Solid brass hinges and latches provide superior durability and refined detailing.
• Mounts and accessories built from marine grade aluminum with a corrosion resistant powder coat finish.
• Solid brass gas burner assemblies are CSA certified for safe reliable flame performance.
• Designed to withstand harsh climates with copper that naturally develops a rich, timeless patina."
FHL15E,"Our Hyland Flush Mount lantern is designed for flush wall installation, offering a clean architectural profile ideal for entries, porches, and sheltered outdoor corridors. Handcrafted from solid copper, it provides electric illumination and delivers dependable performance in any climate.

• Handcrafted from heavy gauge solid copper for long lasting strength and beauty.
• Available with electric illumination for convenient energy efficient lighting.
• Solid brass hinges and latches provide superior durability and refined detailing.
• Mounts and accessories built from marine grade aluminum with a corrosion resistant powder coat finish.
• Compatible with standard electric bulbs including LED for customizable lighting output (bulbs not included with fixture).
• Designed to withstand harsh climates with copper that naturally develops a rich, timeless patina."
FHL15G,"Our Hyland Flush Mount lantern is designed for flush wall installation, offering a clean architectural profile ideal for entries, porches, and sheltered outdoor corridors. Handcrafted from solid copper, it provides natural gas or propane and delivers dependable performance in any climate.

• Handcrafted from heavy gauge solid copper for long lasting strength and beauty.
• Offered with natural gas or propane for a warm authentic flame.
• Solid brass hinges and latches provide superior durability and refined detailing.
• Mounts and accessories built from marine grade aluminum with a corrosion resistant powder coat finish.
• Solid brass gas burner assemblies are CSA certified for safe reliable flame performance.
• Designed to withstand harsh climates with copper that naturally develops a rich, timeless patina."
FHL18E,"Our Hyland Flush Mount lantern is designed for flush wall installation, offering a clean architectural profile ideal for entries, porches, and sheltered outdoor corridors. Handcrafted from solid copper, it provides electric illumination and delivers dependable performance in any climate.

• Handcrafted from heavy gauge solid copper for long lasting strength and beauty.
• Available with electric illumination for convenient energy efficient lighting.
• Solid brass hinges and latches provide superior durability and refined detailing.
• Mounts and accessories built from marine grade aluminum with a corrosion resistant powder coat finish.
• Compatible with standard electric bulbs including LED for customizable lighting output (bulbs not included with fixture).
• Designed to withstand harsh climates with copper that naturally develops a rich, timeless patina."
FHL18G,"Our Hyland Flush Mount lantern is designed for flush wall installation, offering a clean architectural profile ideal for entries, porches, and sheltered outdoor corridors. Handcrafted from solid copper, it provides natural gas or propane and delivers dependable performance in any climate.

• Handcrafted from heavy gauge solid copper for long lasting strength and beauty.
• Offered with natural gas or propane for a warm authentic flame.
• Solid brass hinges and latches provide superior durability and refined detailing.
• Mounts and accessories built from marine grade aluminum with a corrosion resistant powder coat finish.
• Solid brass gas burner assemblies are CSA certified for safe reliable flame performance.
• Designed to withstand harsh climates with copper that naturally develops a rich, timeless patina."
FHL21E,"Our Hyland Flush lantern is designed for flush wall installation, offering a clean architectural profile ideal for entries, porches, and sheltered outdoor corridors. Handcrafted from solid copper, it provides electric illumination and delivers dependable performance in any climate.

• Handcrafted from heavy gauge solid copper for long lasting strength and beauty.
• Available with electric illumination for convenient energy efficient lighting.
• Solid brass hinges and latches provide superior durability and refined detailing.
• Mounts and accessories built from marine grade aluminum with a corrosion resistant powder coat finish.
• Compatible with standard electric bulbs including LED for customizable lighting output (bulbs not included with fixture).
• Designed to withstand harsh climates with copper that naturally develops a rich, timeless patina."
FHL21G,"Our Hyland Flush lantern is designed for flush wall installation, offering a clean architectural profile ideal for entries, porches, and sheltered outdoor corridors. Handcrafted from solid copper, it provides natural gas or propane and delivers dependable performance in any climate.

• Handcrafted from heavy gauge solid copper for long lasting strength and beauty.
• Offered with natural gas or propane for a warm authentic flame.
• Solid brass hinges and latches provide superior durability and refined detailing.
• Mounts and accessories built from marine grade aluminum with a corrosion resistant powder coat finish.
• Solid brass gas burner assemblies are CSA certified for safe reliable flame performance.
• Designed to withstand harsh climates with copper that naturally develops a rich, timeless patina."
FTR19E,"Our Biltmore® Flush Traveler lantern is designed for flush wall installation, offering a clean architectural profile ideal for entries, porches, and sheltered outdoor corridors. Handcrafted from solid copper, it provides electric illumination and delivers dependable performance in any climate.

• Handcrafted from heavy gauge solid copper for long lasting strength and beauty.
• Available with electric illumination for convenient energy efficient lighting.
• Solid brass hinges and latches provide superior durability and refined detailing.
• Mounts and accessories built from marine grade aluminum with a corrosion resistant powder coat finish.
• Compatible with standard electric bulbs including LED for customizable lighting output (bulbs not included with fixture).
• Designed to withstand harsh climates with copper that naturally develops a rich, timeless patina."
FTR19G,"Our Biltmore® Flush Traveler lantern is designed for flush wall installation, offering a clean architectural profile ideal for entries, porches, and sheltered outdoor corridors. Handcrafted from solid copper, it provides natural gas or propane and delivers dependable performance in any climate.

• Handcrafted from heavy gauge solid copper for long lasting strength and beauty.
• Offered with natural gas or propane for a warm authentic flame.
• Solid brass hinges and latches provide superior durability and refined detailing.
• Mounts and accessories built from marine grade aluminum with a corrosion resistant powder coat finish.
• Solid brass gas burner assemblies are CSA certified for safe reliable flame performance.
• Designed to withstand harsh climates with copper that naturally develops a rich, timeless patina."
FTR25E,"Our Biltmore® Flush Traveler lantern is designed for flush wall installation, offering a clean architectural profile ideal for entries, porches, and sheltered outdoor corridors. Handcrafted from solid copper, it provides electric illumination and delivers dependable performance in any climate.

• Handcrafted from heavy gauge solid copper for long lasting strength and beauty.
• Available with electric illumination for convenient energy efficient lighting.
• Solid brass hinges and latches provide superior durability and refined detailing.
• Mounts and accessories built from marine grade aluminum with a corrosion resistant powder coat finish.
• Compatible with standard electric bulbs including LED for customizable lighting output (bulbs not included with fixture).
• Designed to withstand harsh climates with copper that naturally develops a rich, timeless patina."
FTR25G,"Our Biltmore® Flush Traveler lantern is designed for flush wall installation, offering a clean architectural profile ideal for entries, porches, and sheltered outdoor corridors. Handcrafted from solid copper, it provides natural gas or propane and delivers dependable performance in any climate.

• Handcrafted from heavy gauge solid copper for long lasting strength and beauty.
• Offered with natural gas or propane for a warm authentic flame.
• Solid brass hinges and latches provide superior durability and refined detailing.
• Mounts and accessories built from marine grade aluminum with a corrosion resistant powder coat finish.
• Solid brass gas burner assemblies are CSA certified for safe reliable flame performance.
• Designed to withstand harsh climates with copper that naturally develops a rich, timeless patina."
FTR31E,"Our Biltmore® Flush Traveler lantern is designed for flush wall installation, offering a clean architectural profile ideal for entries, porches, and sheltered outdoor corridors. Handcrafted from solid copper, it provides electric illumination and delivers dependable performance in any climate.

• Handcrafted from heavy gauge solid copper for long lasting strength and beauty.
• Available with electric illumination for convenient energy efficient lighting.
• Solid brass hinges and latches provide superior durability and refined detailing.
• Mounts and accessories built from marine grade aluminum with a corrosion resistant powder coat finish.
• Compatible with standard electric bulbs including LED for customizable lighting output (bulbs not included with fixture).
• Designed to withstand harsh climates with copper that naturally develops a rich, timeless patina."
FTR31G,"Our Biltmore® Flush Traveler lantern is designed for flush wall installation, offering a clean architectural profile ideal for entries, porches, and sheltered outdoor corridors. Handcrafted from solid copper, it provides natural gas or propane and delivers dependable performance in any climate.

• Handcrafted from heavy gauge solid copper for long lasting strength and beauty.
• Offered with natural gas or propane for a warm authentic flame.
• Solid brass hinges and latches provide superior durability and refined detailing.
• Mounts and accessories built from marine grade aluminum with a corrosion resistant powder coat finish.
• Solid brass gas burner assemblies are CSA certified for safe reliable flame performance.
• Designed to withstand harsh climates with copper that naturally develops a rich, timeless patina."
GA25E,"Our Biltmore® Gala lantern is crafted as a wall-mounted lantern, built from solid copper and designed to age gracefully with a natural patina. It provides electric illumination for everyday exterior use and can also be configured with ceiling mount, post mount, pier mount, yoke mount to suit a wide range of architectural applications.

• Handcrafted from heavy gauge solid copper for long lasting strength and beauty.
• Available with electric illumination for convenient energy efficient lighting.
• Solid brass hinges and latches provide superior durability and refined detailing.
• Mounts and accessories built from marine grade aluminum with a corrosion resistant powder coat finish.
• Compatible with standard electric bulbs including LED for customizable lighting output (bulbs not included with fixture).
• Designed to withstand harsh climates with copper that naturally develops a rich, timeless patina."
GA25G,"Our Biltmore® Gala lantern is crafted as a wall-mounted lantern, built from solid copper and designed to age gracefully with a natural patina. It provides natural gas or propane for everyday exterior use and can also be configured with post mount, pier mount, yoke mount, ceiling mount to suit a wide range of architectural applications.

• Handcrafted from heavy gauge solid copper for long lasting strength and beauty.
• Offered with natural gas or propane for a warm authentic flame.
• Solid brass hinges and latches provide superior durability and refined detailing.
• Mounts and accessories built from marine grade aluminum with a corrosion resistant powder coat finish.
• Solid brass gas burner assemblies are CSA certified for safe reliable flame performance.
• Designed to withstand harsh climates with copper that naturally develops a rich, timeless patina."
GA32E,"Our Biltmore® Gala lantern is crafted as a wall-mounted lantern, built from solid copper and designed to age gracefully with a natural patina. It provides electric illumination for everyday exterior use and can also be configured with ceiling mount, post mount, pier mount, yoke mount to suit a wide range of architectural applications.

• Handcrafted from heavy gauge solid copper for long lasting strength and beauty.
• Available with electric illumination for convenient energy efficient lighting.
• Solid brass hinges and latches provide superior durability and refined detailing.
• Mounts and accessories built from marine grade aluminum with a corrosion resistant powder coat finish.
• Compatible with standard electric bulbs including LED for customizable lighting output (bulbs not included with fixture).
• Designed to withstand harsh climates with copper that naturally develops a rich, timeless patina."
GA32G,"Our Biltmore® Gala lantern is crafted as a wall-mounted lantern, built from solid copper and designed to age gracefully with a natural patina. It provides natural gas or propane for everyday exterior use and can also be configured with post mount, pier mount, yoke mount, ceiling mount to suit a wide range of architectural applications.

• Handcrafted from heavy gauge solid copper for long lasting strength and beauty.
• Offered with natural gas or propane for a warm authentic flame.
• Solid brass hinges and latches provide superior durability and refined detailing.
• Mounts and accessories built from marine grade aluminum with a corrosion resistant powder coat finish.
• Solid brass gas burner assemblies are CSA certified for safe reliable flame performance.
• Designed to withstand harsh climates with copper that naturally develops a rich, timeless patina."
GA38E,"Our Biltmore® Gala lantern is crafted as a wall-mounted lantern, built from solid copper and designed to age gracefully with a natural patina. It provides electric illumination for everyday exterior use and can also be configured with ceiling mount, post mount, pier mount, yoke mount to suit a wide range of architectural applications.

• Handcrafted from heavy gauge solid copper for long lasting strength and beauty.
• Available with electric illumination for convenient energy efficient lighting.
• Solid brass hinges and latches provide superior durability and refined detailing.
• Mounts and accessories built from marine grade aluminum with a corrosion resistant powder coat finish.
• Compatible with standard electric bulbs including LED for customizable lighting output (bulbs not included with fixture).
• Designed to withstand harsh climates with copper that naturally develops a rich, timeless patina."
GA38G,"Our Biltmore® Gala lantern is crafted as a wall-mounted lantern, built from solid copper and designed to age gracefully with a natural patina. It provides natural gas or propane for everyday exterior use and can also be configured with post mount, pier mount, yoke mount to suit a wide range of architectural applications.

• Handcrafted from heavy gauge solid copper for long lasting strength and beauty.
• Offered with natural gas or propane for a warm authentic flame.
• Solid brass hinges and latches provide superior durability and refined detailing.
• Mounts and accessories built from marine grade aluminum with a corrosion resistant powder coat finish.
• Solid brass gas burner assemblies are CSA certified for safe reliable flame performance.
• Designed to withstand harsh climates with copper that naturally develops a rich, timeless patina."
GT15E,"Our Georgetown lantern is crafted as a wall-mounted lantern, built from solid copper and designed to age gracefully with a natural patina. It provides electric illumination for everyday exterior use and can also be configured with yoke mount, ceiling mount, post mount, pier mount to suit a wide range of architectural applications.

• Handcrafted from heavy gauge solid copper for long lasting strength and beauty.
• Available with electric illumination for convenient energy efficient lighting.
• Solid brass hinges and latches provide superior durability and refined detailing.
• Mounts and accessories built from marine grade aluminum with a corrosion resistant powder coat finish.
• Compatible with standard electric bulbs including LED for customizable lighting output (bulbs not included with fixture).
• Designed to withstand harsh climates with copper that naturally develops a rich, timeless patina."
GT15G,"Our Georgetown lantern is crafted as a wall-mounted lantern, built from solid copper and designed to age gracefully with a natural patina. It provides natural gas or propane for everyday exterior use and can also be configured with yoke mount, post mount, pier mount to suit a wide range of architectural applications.

• Handcrafted from heavy gauge solid copper for long lasting strength and beauty.
• Offered with natural gas or propane for a warm authentic flame.
• Solid brass hinges and latches provide superior durability and refined detailing.
• Mounts and accessories built from marine grade aluminum with a corrosion resistant powder coat finish.
• Solid brass gas burner assemblies are CSA certified for safe reliable flame performance.
• Designed to withstand harsh climates with copper that naturally develops a rich, timeless patina."
GT18E,"Our Georgetown lantern is crafted as a wall-mounted lantern, built from solid copper and designed to age gracefully with a natural patina. It provides electric illumination for everyday exterior use and can also be configured with yoke mount, gooseneck mount, ceiling mount, post mount, pier mount to suit a wide range of architectural applications.

• Handcrafted from heavy gauge solid copper for long lasting strength and beauty.
• Available with electric illumination for convenient energy efficient lighting.
• Solid brass hinges and latches provide superior durability and refined detailing.
• Mounts and accessories built from marine grade aluminum with a corrosion resistant powder coat finish.
• Compatible with standard electric bulbs including LED for customizable lighting output (bulbs not included with fixture).
• Designed to withstand harsh climates with copper that naturally develops a rich, timeless patina."
GT18G,"Our Georgetown lantern is crafted as a wall-mounted lantern, built from solid copper and designed to age gracefully with a natural patina. It provides natural gas or propane for everyday exterior use and can also be configured with yoke mount, gooseneck mount, post mount, pier mount to suit a wide range of architectural applications.

• Handcrafted from heavy gauge solid copper for long lasting strength and beauty.
• Offered with natural gas or propane for a warm authentic flame.
• Solid brass hinges and latches provide superior durability and refined detailing.
• Mounts and accessories built from marine grade aluminum with a corrosion resistant powder coat finish.
• Solid brass gas burner assemblies are CSA certified for safe reliable flame performance.
• Designed to withstand harsh climates with copper that naturally develops a rich, timeless patina."
GT20E,"Our Georgetown lantern is crafted as a wall-mounted lantern, built from solid copper and designed to age gracefully with a natural patina. It provides electric illumination for everyday exterior use and can also be configured with yoke mount, gooseneck mount, ceiling mount, post mount, pier mount to suit a wide range of architectural applications.

• Handcrafted from heavy gauge solid copper for long lasting strength and beauty.
• Available with electric illumination for convenient energy efficient lighting.
• Solid brass hinges and latches provide superior durability and refined detailing.
• Mounts and accessories built from marine grade aluminum with a corrosion resistant powder coat finish.
• Compatible with standard electric bulbs including LED for customizable lighting output (bulbs not included with fixture).
• Designed to withstand harsh climates with copper that naturally develops a rich, timeless patina."
GT20G,"Our Georgetown lantern is crafted as a wall-mounted lantern, built from solid copper and designed to age gracefully with a natural patina. It provides natural gas or propane for everyday exterior use and can also be configured with yoke mount, gooseneck mount, post mount, pier mount to suit a wide range of architectural applications.

• Handcrafted from heavy gauge solid copper for long lasting strength and beauty.
• Offered with natural gas or propane for a warm authentic flame.
• Solid brass hinges and latches provide superior durability and refined detailing.
• Mounts and accessories built from marine grade aluminum with a corrosion resistant powder coat finish.
• Solid brass gas burner assemblies are CSA certified for safe reliable flame performance.
• Designed to withstand harsh climates with copper that naturally develops a rich, timeless patina."
GT22E,"Our Georgetown lantern is crafted as a wall-mounted lantern, built from solid copper and designed to age gracefully with a natural patina. It provides electric illumination for everyday exterior use and can also be configured with yoke mount, gooseneck mount, ceiling mount, post mount, pier mount to suit a wide range of architectural applications.

• Handcrafted from heavy gauge solid copper for long lasting strength and beauty.
• Available with electric illumination for convenient energy efficient lighting.
• Solid brass hinges and latches provide superior durability and refined detailing.
• Mounts and accessories built from marine grade aluminum with a corrosion resistant powder coat finish.
• Compatible with standard electric bulbs including LED for customizable lighting output (bulbs not included with fixture).
• Designed to withstand harsh climates with copper that naturally develops a rich, timeless patina."
GT22G,"Our Georgetown lantern is crafted as a wall-mounted lantern, built from solid copper and designed to age gracefully with a natural patina. It provides natural gas or propane for everyday exterior use and can also be configured with yoke mount, gooseneck mount, post mount, pier mount to suit a wide range of architectural applications.

• Handcrafted from heavy gauge solid copper for long lasting strength and beauty.
• Offered with natural gas or propane for a warm authentic flame.
• Solid brass hinges and latches provide superior durability and refined detailing.
• Mounts and accessories built from marine grade aluminum with a corrosion resistant powder coat finish.
• Solid brass gas burner assemblies are CSA certified for safe reliable flame performance.
• Designed to withstand harsh climates with copper that naturally develops a rich, timeless patina."
GT27E,"Our Georgetown lantern is crafted as a wall-mounted lantern, built from solid copper and designed to age gracefully with a natural patina. It provides electric illumination for everyday exterior use and can also be configured with yoke mount, ceiling mount, post mount, pier mount to suit a wide range of architectural applications.

• Handcrafted from heavy gauge solid copper for long lasting strength and beauty.
• Available with electric illumination for convenient energy efficient lighting.
• Solid brass hinges and latches provide superior durability and refined detailing.
• Mounts and accessories built from marine grade aluminum with a corrosion resistant powder coat finish.
• Compatible with standard electric bulbs including LED for customizable lighting output (bulbs not included with fixture).
• Designed to withstand harsh climates with copper that naturally develops a rich, timeless patina."
GT27G,"Our Georgetown lantern is crafted as a wall-mounted lantern, built from solid copper and designed to age gracefully with a natural patina. It provides natural gas or propane for everyday exterior use and can also be configured with yoke mount, post mount, pier mount to suit a wide range of architectural applications.

• Handcrafted from heavy gauge solid copper for long lasting strength and beauty.
• Offered with natural gas or propane for a warm authentic flame.
• Solid brass hinges and latches provide superior durability and refined detailing.
• Mounts and accessories built from marine grade aluminum with a corrosion resistant powder coat finish.
• Solid brass gas burner assemblies are CSA certified for safe reliable flame performance.
• Designed to withstand harsh climates with copper that naturally develops a rich, timeless patina."
GT36E,"Our Georgetown lantern is crafted as a wall-mounted lantern, built from solid copper and designed to age gracefully with a natural patina. It provides electric illumination for everyday exterior use and can also be configured with yoke mount, ceiling mount, post mount, pier mount to suit a wide range of architectural applications.

• Handcrafted from heavy gauge solid copper for long lasting strength and beauty.
• Available with electric illumination for convenient energy efficient lighting.
• Solid brass hinges and latches provide superior durability and refined detailing.
• Mounts and accessories built from marine grade aluminum with a corrosion resistant powder coat finish.
• Compatible with standard electric bulbs including LED for customizable lighting output (bulbs not included with fixture).
• Designed to withstand harsh climates with copper that naturally develops a rich, timeless patina."
GT36G,"Our Georgetown lantern is crafted as a wall-mounted lantern, built from solid copper and designed to age gracefully with a natural patina. It provides natural gas or propane for everyday exterior use and can also be configured with yoke mount, post mount, pier mount to suit a wide range of architectural applications.

• Handcrafted from heavy gauge solid copper for long lasting strength and beauty.
• Offered with natural gas or propane for a warm authentic flame.
• Solid brass hinges and latches provide superior durability and refined detailing.
• Mounts and accessories built from marine grade aluminum with a corrosion resistant powder coat finish.
• Solid brass gas burner assemblies are CSA certified for safe reliable flame performance.
• Designed to withstand harsh climates with copper that naturally develops a rich, timeless patina."
H6F,"Our Hawthorn lantern is a solid copper flush ceiling light designed for covered porches, breezeways, verandas, and outdoor living spaces. Its low-profile ceiling installation provides reliable illumination while maintaining a refined architectural presence. Built for coastal durability, it performs beautifully in harsh environments.

• Handcrafted from heavy gauge solid copper for long lasting strength and beauty.
• Flush mount design provides low profile overhead lighting ideal for porches, covered patios, breezeways, and entryways.
• Engineered for both indoor and outdoor use with corrosion resistant materials that withstand humidity and coastal environments.
• Precision built marine grade components for durable construction and long term performance.
• Compatible with standard electric bulbs including LED for efficient and reliable illumination.
• A timeless design that seamlessly pairs with traditional, coastal, and transitional architectural styles."
HL15E,"Our Hyland lantern is crafted as a wall-mounted lantern, built from solid copper and designed to age gracefully with a natural patina. It provides electric illumination for everyday exterior use and can also be configured with yoke mount, gooseneck mount, post mount, pier mount to suit a wide range of architectural applications.

• Handcrafted from heavy gauge solid copper for long lasting strength and beauty.
• Available with electric illumination for convenient energy efficient lighting.
• Solid brass hinges and latches provide superior durability and refined detailing.
• Mounts and accessories built from marine grade aluminum with a corrosion resistant powder coat finish.
• Compatible with standard electric bulbs including LED for customizable lighting output (bulbs not included with fixture).
• Designed to withstand harsh climates with copper that naturally develops a rich, timeless patina."
HL15G,"Our Hyland lantern is crafted as a wall-mounted lantern, built from solid copper and designed to age gracefully with a natural patina. It provides natural gas or propane for everyday exterior use and can also be configured with yoke mount, gooseneck mount, post mount, pier mount to suit a wide range of architectural applications.

• Handcrafted from heavy gauge solid copper for long lasting strength and beauty.
• Offered with natural gas or propane for a warm authentic flame.
• Solid brass hinges and latches provide superior durability and refined detailing.
• Mounts and accessories built from marine grade aluminum with a corrosion resistant powder coat finish.
• Solid brass gas burner assemblies are CSA certified for safe reliable flame performance.
• Designed to withstand harsh climates with copper that naturally develops a rich, timeless patina."
HL18E,"Our Hyland lantern is crafted as a wall-mounted lantern, built from solid copper and designed to age gracefully with a natural patina. It provides electric illumination for everyday exterior use and can also be configured with yoke mount, gooseneck mount, post mount, pier mount to suit a wide range of architectural applications.

• Handcrafted from heavy gauge solid copper for long lasting strength and beauty.
• Available with electric illumination for convenient energy efficient lighting.
• Solid brass hinges and latches provide superior durability and refined detailing.
• Mounts and accessories built from marine grade aluminum with a corrosion resistant powder coat finish.
• Compatible with standard electric bulbs including LED for customizable lighting output (bulbs not included with fixture).
• Designed to withstand harsh climates with copper that naturally develops a rich, timeless patina."
HL18G,"Our Hyland lantern is crafted as a wall-mounted lantern, built from solid copper and designed to age gracefully with a natural patina. It provides natural gas or propane for everyday exterior use and can also be configured with yoke mount, gooseneck mount, post mount, pier mount to suit a wide range of architectural applications.

• Handcrafted from heavy gauge solid copper for long lasting strength and beauty.
• Offered with natural gas or propane for a warm authentic flame.
• Solid brass hinges and latches provide superior durability and refined detailing.
• Mounts and accessories built from marine grade aluminum with a corrosion resistant powder coat finish.
• Solid brass gas burner assemblies are CSA certified for safe reliable flame performance.
• Designed to withstand harsh climates with copper that naturally develops a rich, timeless patina."
HL21E,"Our Hyland lantern is crafted as a wall-mounted lantern, built from solid copper and designed to age gracefully with a natural patina. It provides electric illumination for everyday exterior use and can also be configured with yoke mount, gooseneck mount, post mount, pier mount to suit a wide range of architectural applications.

• Handcrafted from heavy gauge solid copper for long lasting strength and beauty.
• Available with electric illumination for convenient energy efficient lighting.
• Solid brass hinges and latches provide superior durability and refined detailing.
• Mounts and accessories built from marine grade aluminum with a corrosion resistant powder coat finish.
• Compatible with standard electric bulbs including LED for customizable lighting output (bulbs not included with fixture).
• Designed to withstand harsh climates with copper that naturally develops a rich, timeless patina."
HL21G,"Our Hyland lantern is crafted as a wall-mounted lantern, built from solid copper and designed to age gracefully with a natural patina. It provides natural gas or propane for everyday exterior use and can also be configured with yoke mount, gooseneck mount, post mount, pier mount to suit a wide range of architectural applications.

• Handcrafted from heavy gauge solid copper for long lasting strength and beauty.
• Offered with natural gas or propane for a warm authentic flame.
• Solid brass hinges and latches provide superior durability and refined detailing.
• Mounts and accessories built from marine grade aluminum with a corrosion resistant powder coat finish.
• Solid brass gas burner assemblies are CSA certified for safe reliable flame performance.
• Designed to withstand harsh climates with copper that naturally develops a rich, timeless patina."
HL30E,"Our Hyland lantern is crafted as a wall-mounted lantern, built from solid copper and designed to age gracefully with a natural patina. It provides electric illumination for everyday exterior use and can also be configured with yoke mount, post mount, pier mount to suit a wide range of architectural applications.

• Handcrafted from heavy gauge solid copper for long lasting strength and beauty.
• Available with electric illumination for convenient energy efficient lighting.
• Solid brass hinges and latches provide superior durability and refined detailing.
• Mounts and accessories built from marine grade aluminum with a corrosion resistant powder coat finish.
• Compatible with standard electric bulbs including LED for customizable lighting output (bulbs not included with fixture).
• Designed to withstand harsh climates with copper that naturally develops a rich, timeless patina."
HL30G,"Our Hyland lantern is crafted as a wall-mounted lantern, built from solid copper and designed to age gracefully with a natural patina. It provides natural gas or propane for everyday exterior use and can also be configured with yoke mount, post mount, pier mount to suit a wide range of architectural applications.

• Handcrafted from heavy gauge solid copper for long lasting strength and beauty.
• Offered with natural gas or propane for a warm authentic flame.
• Solid brass hinges and latches provide superior durability and refined detailing.
• Mounts and accessories built from marine grade aluminum with a corrosion resistant powder coat finish.
• Solid brass gas burner assemblies are CSA certified for safe reliable flame performance.
• Designed to withstand harsh climates with copper that naturally develops a rich, timeless patina."
IR14-GN14,"Our Islamorada RLM lantern is handcrafted from solid copper by CopperSmith artisans, built to develop a rich patina and provide years of service. Featuring a gooseneck arm mount, it provides focused lighting for both indoor and outdoor applications in residential or commercial settings. With a clean, utilitarian profile, it pairs classic RLM styling with premium materials.

• Handcrafted from heavy gauge solid copper for long lasting strength and beauty.
• Offered in multiple sizes and shade styles for both residential and commercial applications.
• Designed to provide focused, downward illumination ideal for signage, garages, porches, interior and exterior accents.
• Built with marine grade aluminum mounts and components for added strength and corrosion resistance.
• Compatible with standard electric bulbs including LED for efficient, reliable performance.
• Engineered for long term outdoor durability with finishes that resist fading and wear."
IR14-SA14,"Our Islamorada RLM lantern is handcrafted from solid copper by CopperSmith artisans, built to develop a rich patina and provide years of service. Featuring a 14 inch straight arm mount, it provides focused lighting for both indoor and outdoor applications in residential or commercial settings. With a clean, utilitarian profile, it pairs classic RLM styling with premium materials.

• Handcrafted from heavy gauge solid copper for long lasting strength and beauty.
• Offered in multiple sizes and shade styles for both residential and commercial applications.
• Designed to provide focused, downward illumination ideal for signage, garages, porches, interior and exterior accents.
• Built with marine grade aluminum mounts and components for added strength and corrosion resistance.
• Compatible with standard electric bulbs including LED for efficient, reliable performance.
• Engineered for long term outdoor durability with finishes that resist fading and wear."
IR17-GN17,"Our Islamorada RLM lantern is handcrafted from solid copper by CopperSmith artisans, built to develop a rich patina and provide years of service. Featuring a gooseneck arm mount, it provides focused lighting for both indoor and outdoor applications in residential or commercial settings. With a clean, utilitarian profile, it pairs classic RLM styling with premium materials.

• Handcrafted from heavy gauge solid copper for long lasting strength and beauty.
• Offered in multiple sizes and shade styles for both residential and commercial applications.
• Designed to provide focused, downward illumination ideal for signage, garages, porches, interior and exterior accents.
• Built with marine grade aluminum mounts and components for added strength and corrosion resistance.
• Compatible with standard electric bulbs including LED for efficient, reliable performance.
• Engineered for long term outdoor durability with finishes that resist fading and wear."
IR17-SA17,"Our Islamorada RLM lantern is handcrafted from solid copper by CopperSmith artisans, built to develop a rich patina and provide years of service. Featuring a 17 inch straight arm mount, it provides focused lighting for both indoor and outdoor applications in residential or commercial settings. With a clean, utilitarian profile, it pairs classic RLM styling with premium materials.

• Handcrafted from heavy gauge solid copper for long lasting strength and beauty.
• Offered in multiple sizes and shade styles for both residential and commercial applications.
• Designed to provide focused, downward illumination ideal for signage, garages, porches, interior and exterior accents.
• Built with marine grade aluminum mounts and components for added strength and corrosion resistance.
• Compatible with standard electric bulbs including LED for efficient, reliable performance.
• Engineered for long term outdoor durability with finishes that resist fading and wear."
J4F,"Our Juniper lantern is a solid copper flush ceiling light designed for covered porches, breezeways, verandas, and outdoor living spaces. Its low-profile ceiling installation provides reliable illumination while maintaining a refined architectural presence. Built for coastal durability, it performs beautifully in harsh environments.

• Handcrafted from heavy gauge solid copper for long lasting strength and beauty.
• Flush mount design provides low profile overhead lighting ideal for porches, covered patios, breezeways, and entryways.
• Engineered for both indoor and outdoor use with corrosion resistant materials that withstand humidity and coastal environments.
• Precision built marine grade components for durable construction and long term performance.
• Compatible with standard electric bulbs including LED for efficient and reliable illumination.
• A timeless design that seamlessly pairs with traditional, coastal, and transitional architectural styles."
KL14-GN14,"Our Key Largo lantern is handcrafted from solid copper by CopperSmith artisans, built to develop a rich patina and provide years of service. Featuring a gooseneck arm mount, it provides focused lighting for both indoor and outdoor applications in residential or commercial settings. With a clean, utilitarian profile, it pairs classic RLM styling with premium materials.

• Handcrafted from heavy gauge solid copper for long lasting strength and beauty.
• Offered in multiple sizes and shade styles for both residential and commercial applications.
• Designed to provide focused, downward illumination ideal for signage, garages, porches, interior and exterior accents.
• Built with marine grade aluminum mounts and components for added strength and corrosion resistance.
• Compatible with standard electric bulbs including LED for efficient, reliable performance.
• Engineered for long term outdoor durability with finishes that resist fading and wear."
KL14-SA14,"Our Key Largo RLM lantern is handcrafted from solid copper by CopperSmith artisans, built to develop a rich patina and provide years of service. Featuring a 14 inch straight arm mount, it provides focused lighting for both indoor and outdoor applications in residential or commercial settings. With a clean, utilitarian profile, it pairs classic RLM styling with premium materials.

• Handcrafted from heavy gauge solid copper for long lasting strength and beauty.
• Offered in multiple sizes and shade styles for both residential and commercial applications.
• Designed to provide focused, downward illumination ideal for signage, garages, porches, interior and exterior accents.
• Built with marine grade aluminum mounts and components for added strength and corrosion resistance.
• Compatible with standard electric bulbs including LED for efficient, reliable performance.
• Engineered for long term outdoor durability with finishes that resist fading and wear."
KL17-GN17,"Our Key Largo lantern is handcrafted from solid copper by CopperSmith artisans, built to develop a rich patina and provide years of service. Featuring a gooseneck arm mount, it provides focused lighting for both indoor and outdoor applications in residential or commercial settings. With a clean, utilitarian profile, it pairs classic RLM styling with premium materials.

• Handcrafted from heavy gauge solid copper for long lasting strength and beauty.
• Offered in multiple sizes and shade styles for both residential and commercial applications.
• Designed to provide focused, downward illumination ideal for signage, garages, porches, interior and exterior accents.
• Built with marine grade aluminum mounts and components for added strength and corrosion resistance.
• Compatible with standard electric bulbs including LED for efficient, reliable performance.
• Engineered for long term outdoor durability with finishes that resist fading and wear."
KL17-SA17,"Our Key Largo RLM lantern is handcrafted from solid copper by CopperSmith artisans, built to develop a rich patina and provide years of service. Featuring a 17 inch straight arm mount, it provides focused lighting for both indoor and outdoor applications in residential or commercial settings. With a clean, utilitarian profile, it pairs classic RLM styling with premium materials.

• Handcrafted from heavy gauge solid copper for long lasting strength and beauty.
• Offered in multiple sizes and shade styles for both residential and commercial applications.
• Designed to provide focused, downward illumination ideal for signage, garages, porches, interior and exterior accents.
• Built with marine grade aluminum mounts and components for added strength and corrosion resistance.
• Compatible with standard electric bulbs including LED for efficient, reliable performance.
• Engineered for long term outdoor durability with finishes that resist fading and wear."
KW14-GN14,"Our Key West RLM lantern is handcrafted from solid copper by CopperSmith artisans, built to develop a rich patina and provide years of service. Featuring a gooseneck arm mount, it provides focused lighting for both indoor and outdoor applications in residential or commercial settings. With a clean, utilitarian profile, it pairs classic RLM styling with premium materials.

• Handcrafted from heavy gauge solid copper for long lasting strength and beauty.
• Offered in multiple sizes and shade styles for both residential and commercial applications.
• Designed to provide focused, downward illumination ideal for signage, garages, porches, interior and exterior accents.
• Built with marine grade aluminum mounts and components for added strength and corrosion resistance.
• Compatible with standard electric bulbs including LED for efficient, reliable performance.
• Engineered for long term outdoor durability with finishes that resist fading and wear."
KW14-SA14,"Our Key West RLM lantern is handcrafted from solid copper by CopperSmith artisans, built to develop a rich patina and provide years of service. Featuring a 14 inch straight arm mount, it provides focused lighting for both indoor and outdoor applications in residential or commercial settings. With a clean, utilitarian profile, it pairs classic RLM styling with premium materials.

• Handcrafted from heavy gauge solid copper for long lasting strength and beauty.
• Offered in multiple sizes and shade styles for both residential and commercial applications.
• Designed to provide focused, downward illumination ideal for signage, garages, porches, interior and exterior accents.
• Built with marine grade aluminum mounts and components for added strength and corrosion resistance.
• Compatible with standard electric bulbs including LED for efficient, reliable performance.
• Engineered for long term outdoor durability with finishes that resist fading and wear."
KW17-GN17,"Our Key West RLM lantern is handcrafted from solid copper by CopperSmith artisans, built to develop a rich patina and provide years of service. Featuring a gooseneck arm mount, it provides focused lighting for both indoor and outdoor applications in residential or commercial settings. With a clean, utilitarian profile, it pairs classic RLM styling with premium materials.

• Handcrafted from heavy gauge solid copper for long lasting strength and beauty.
• Offered in multiple sizes and shade styles for both residential and commercial applications.
• Designed to provide focused, downward illumination ideal for signage, garages, porches, interior and exterior accents.
• Built with marine grade aluminum mounts and components for added strength and corrosion resistance.
• Compatible with standard electric bulbs including LED for efficient, reliable performance.
• Engineered for long term outdoor durability with finishes that resist fading and wear."
KW17-SA17,"Our Key West RLM lantern is handcrafted from solid copper by CopperSmith artisans, built to develop a rich patina and provide years of service. Featuring a 17 inch straight arm mount, it provides focused lighting for both indoor and outdoor applications in residential or commercial settings. With a clean, utilitarian profile, it pairs classic RLM styling with premium materials.

• Handcrafted from heavy gauge solid copper for long lasting strength and beauty.
• Offered in multiple sizes and shade styles for both residential and commercial applications.
• Designed to provide focused, downward illumination ideal for signage, garages, porches, interior and exterior accents.
• Built with marine grade aluminum mounts and components for added strength and corrosion resistance.
• Compatible with standard electric bulbs including LED for efficient, reliable performance.
• Engineered for long term outdoor durability with finishes that resist fading and wear."
MO23E,"Our Moneo lantern is crafted as a wall-mounted lantern, built from solid copper and designed to age gracefully with a natural patina. It provides electric illumination for everyday exterior use and can also be configured with yoke mount, post mount, pier mount to suit a wide range of architectural applications.

• Handcrafted from heavy gauge solid copper for long lasting strength and beauty.
• Available with electric illumination for convenient energy efficient lighting.
• Solid brass hinges and latches provide superior durability and refined detailing.
• Mounts and accessories built from marine grade aluminum with a corrosion resistant powder coat finish.
• Compatible with standard electric bulbs including LED for customizable lighting output (bulbs not included with fixture).
• Designed to withstand harsh climates with copper that naturally develops a rich, timeless patina."
MO23G,"Our Moneo lantern is crafted as a wall-mounted lantern, built from solid copper and designed to age gracefully with a natural patina. It provides natural gas or propane for everyday exterior use and can also be configured with yoke mount, post mount, pier mount to suit a wide range of architectural applications.

• Handcrafted from heavy gauge solid copper for long lasting strength and beauty.
• Offered with natural gas or propane for a warm authentic flame.
• Solid brass hinges and latches provide superior durability and refined detailing.
• Mounts and accessories built from marine grade aluminum with a corrosion resistant powder coat finish.
• Solid brass gas burner assemblies are CSA certified for safe reliable flame performance.
• Designed to withstand harsh climates with copper that naturally develops a rich, timeless patina."
MO27E,"Our Moneo lantern is crafted as a wall-mounted lantern, built from solid copper and designed to age gracefully with a natural patina. It provides electric illumination for everyday exterior use and can also be configured with yoke mount, post mount, pier mount to suit a wide range of architectural applications.

• Handcrafted from heavy gauge solid copper for long lasting strength and beauty.
• Available with electric illumination for convenient energy efficient lighting.
• Solid brass hinges and latches provide superior durability and refined detailing.
• Mounts and accessories built from marine grade aluminum with a corrosion resistant powder coat finish.
• Compatible with standard electric bulbs including LED for customizable lighting output (bulbs not included with fixture).
• Designed to withstand harsh climates with copper that naturally develops a rich, timeless patina."
MO27G,"Our Moneo lantern is crafted as a wall-mounted lantern, built from solid copper and designed to age gracefully with a natural patina. It provides natural gas or propane for everyday exterior use and can also be configured with post mount, pier mount to suit a wide range of architectural applications.

• Handcrafted from heavy gauge solid copper for long lasting strength and beauty.
• Offered with natural gas or propane for a warm authentic flame.
• Solid brass hinges and latches provide superior durability and refined detailing.
• Mounts and accessories built from marine grade aluminum with a corrosion resistant powder coat finish.
• Solid brass gas burner assemblies are CSA certified for safe reliable flame performance.
• Designed to withstand harsh climates with copper that naturally develops a rich, timeless patina."
MO29E,"Our Moneo lantern is crafted as a wall-mounted lantern, built from solid copper and designed to age gracefully with a natural patina. It provides electric illumination for everyday exterior use and can also be configured with post mount, pier mount to suit a wide range of architectural applications.

• Handcrafted from heavy gauge solid copper for long lasting strength and beauty.
• Available with electric illumination for convenient energy efficient lighting.
• Solid brass hinges and latches provide superior durability and refined detailing.
• Mounts and accessories built from marine grade aluminum with a corrosion resistant powder coat finish.
• Compatible with standard electric bulbs including LED for customizable lighting output (bulbs not included with fixture).
• Designed to withstand harsh climates with copper that naturally develops a rich, timeless patina."
MO29G,"Our Moneo lantern is crafted as a wall-mounted lantern, built from solid copper and designed to age gracefully with a natural patina. It provides natural gas or propane for everyday exterior use and can also be configured with post mount, pier mount to suit a wide range of architectural applications.

• Handcrafted from heavy gauge solid copper for long lasting strength and beauty.
• Offered with natural gas or propane for a warm authentic flame.
• Solid brass hinges and latches provide superior durability and refined detailing.
• Mounts and accessories built from marine grade aluminum with a corrosion resistant powder coat finish.
• Solid brass gas burner assemblies are CSA certified for safe reliable flame performance.
• Designed to withstand harsh climates with copper that naturally develops a rich, timeless patina."
MS16E,"Our Market Street lantern is crafted as a wall-mounted lantern, built from solid copper and designed to age gracefully with a natural patina. It provides electric illumination for everyday exterior use and can also be configured with yoke mount, gooseneck mount, ceiling mount, post mount, pier mount to suit a wide range of architectural applications.

• Handcrafted from heavy gauge solid copper for long lasting strength and beauty.
• Available with electric illumination for convenient energy efficient lighting.
• Solid brass hinges and latches provide superior durability and refined detailing.
• Mounts and accessories built from marine grade aluminum with a corrosion resistant powder coat finish.
• Compatible with standard electric bulbs including LED for customizable lighting output (bulbs not included with fixture).
• Designed to withstand harsh climates with copper that naturally develops a rich, timeless patina."
MS16G,"Our Market Street lantern is crafted as a wall-mounted lantern, built from solid copper and designed to age gracefully with a natural patina. It provides natural gas or propane for everyday exterior use and can also be configured with yoke mount, gooseneck mount, post mount, pier mount to suit a wide range of architectural applications.

• Handcrafted from heavy gauge solid copper for long lasting strength and beauty.
• Offered with natural gas or propane for a warm authentic flame.
• Solid brass hinges and latches provide superior durability and refined detailing.
• Mounts and accessories built from marine grade aluminum with a corrosion resistant powder coat finish.
• Solid brass gas burner assemblies are CSA certified for safe reliable flame performance.
• Designed to withstand harsh climates with copper that naturally develops a rich, timeless patina."
MS19E,"Our Market Street lantern is crafted as a wall-mounted lantern, built from solid copper and designed to age gracefully with a natural patina. It provides electric illumination for everyday exterior use and can also be configured with yoke mount, gooseneck mount, ceiling mount, post mount, pier mount to suit a wide range of architectural applications.

• Handcrafted from heavy gauge solid copper for long lasting strength and beauty.
• Available with electric illumination for convenient energy efficient lighting.
• Solid brass hinges and latches provide superior durability and refined detailing.
• Mounts and accessories built from marine grade aluminum with a corrosion resistant powder coat finish.
• Compatible with standard electric bulbs including LED for customizable lighting output (bulbs not included with fixture).
• Designed to withstand harsh climates with copper that naturally develops a rich, timeless patina."
MS19G,"Our Market Street lantern is crafted as a wall-mounted lantern, built from solid copper and designed to age gracefully with a natural patina. It provides natural gas or propane for everyday exterior use and can also be configured with yoke mount, gooseneck mount, post mount, pier mount to suit a wide range of architectural applications.

• Handcrafted from heavy gauge solid copper for long lasting strength and beauty.
• Offered with natural gas or propane for a warm authentic flame.
• Solid brass hinges and latches provide superior durability and refined detailing.
• Mounts and accessories built from marine grade aluminum with a corrosion resistant powder coat finish.
• Solid brass gas burner assemblies are CSA certified for safe reliable flame performance.
• Designed to withstand harsh climates with copper that naturally develops a rich, timeless patina."
MS21E,"Our Market Street lantern is crafted as a wall-mounted lantern, built from solid copper and designed to age gracefully with a natural patina. It provides electric illumination for everyday exterior use and can also be configured with yoke mount, ceiling mount, post mount, pier mount to suit a wide range of architectural applications.

• Handcrafted from heavy gauge solid copper for long lasting strength and beauty.
• Available with electric illumination for convenient energy efficient lighting.
• Solid brass hinges and latches provide superior durability and refined detailing.
• Mounts and accessories built from marine grade aluminum with a corrosion resistant powder coat finish.
• Compatible with standard electric bulbs including LED for customizable lighting output (bulbs not included with fixture).
• Designed to withstand harsh climates with copper that naturally develops a rich, timeless patina."
MS21G,"Our Market Street lantern is crafted as a wall-mounted lantern, built from solid copper and designed to age gracefully with a natural patina. It provides natural gas or propane for everyday exterior use and can also be configured with yoke mount, post mount, pier mount to suit a wide range of architectural applications.

• Handcrafted from heavy gauge solid copper for long lasting strength and beauty.
• Offered with natural gas or propane for a warm authentic flame.
• Solid brass hinges and latches provide superior durability and refined detailing.
• Mounts and accessories built from marine grade aluminum with a corrosion resistant powder coat finish.
• Solid brass gas burner assemblies are CSA certified for safe reliable flame performance.
• Designed to withstand harsh climates with copper that naturally develops a rich, timeless patina."
MS30E,"Our Market Street lantern is crafted as a wall-mounted lantern, built from solid copper and designed to age gracefully with a natural patina. It provides electric illumination for everyday exterior use and can also be configured with yoke mount, ceiling mount, post mount, pier mount to suit a wide range of architectural applications.

• Handcrafted from heavy gauge solid copper for long lasting strength and beauty.
• Available with electric illumination for convenient energy efficient lighting.
• Solid brass hinges and latches provide superior durability and refined detailing.
• Mounts and accessories built from marine grade aluminum with a corrosion resistant powder coat finish.
• Compatible with standard electric bulbs including LED for customizable lighting output (bulbs not included with fixture).
• Designed to withstand harsh climates with copper that naturally develops a rich, timeless patina."
MS30G,"Our Market Street lantern is crafted as a wall-mounted lantern, built from solid copper and designed to age gracefully with a natural patina. It provides natural gas or propane for everyday exterior use and can also be configured with yoke mount, post mount, pier mount to suit a wide range of architectural applications.

• Handcrafted from heavy gauge solid copper for long lasting strength and beauty.
• Offered with natural gas or propane for a warm authentic flame.
• Solid brass hinges and latches provide superior durability and refined detailing.
• Mounts and accessories built from marine grade aluminum with a corrosion resistant powder coat finish.
• Solid brass gas burner assemblies are CSA certified for safe reliable flame performance.
• Designed to withstand harsh climates with copper that naturally develops a rich, timeless patina."
MV19E,"Our Mount Vernon lantern is crafted as a wall-mounted lantern, built from solid copper and designed to age gracefully with a natural patina. It provides electric illumination for everyday exterior use and can also be configured with yoke mount, gooseneck mount, ceiling mount, post mount, pier mount to suit a wide range of architectural applications.

• Handcrafted from heavy gauge solid copper for long lasting strength and beauty.
• Available with electric illumination for convenient energy efficient lighting.
• Solid brass hinges and latches provide superior durability and refined detailing.
• Mounts and accessories built from marine grade aluminum with a corrosion resistant powder coat finish.
• Compatible with standard electric bulbs including LED for customizable lighting output (bulbs not included with fixture).
• Designed to withstand harsh climates with copper that naturally develops a rich, timeless patina."
MV19G,"Our Mount Vernon lantern is crafted as a wall-mounted lantern, built from solid copper and designed to age gracefully with a natural patina. It provides natural gas or propane for everyday exterior use and can also be configured with yoke mount, gooseneck mount, post mount, pier mount to suit a wide range of architectural applications.

• Handcrafted from heavy gauge solid copper for long lasting strength and beauty.
• Offered with natural gas or propane for a warm authentic flame.
• Solid brass hinges and latches provide superior durability and refined detailing.
• Mounts and accessories built from marine grade aluminum with a corrosion resistant powder coat finish.
• Solid brass gas burner assemblies are CSA certified for safe reliable flame performance.
• Designed to withstand harsh climates with copper that naturally develops a rich, timeless patina."
MV25E,"Our Mount Vernon lantern is crafted as a wall-mounted lantern, built from solid copper and designed to age gracefully with a natural patina. It provides electric illumination for everyday exterior use and can also be configured with yoke mount, gooseneck mount, ceiling mount, post mount, pier mount to suit a wide range of architectural applications.

• Handcrafted from heavy gauge solid copper for long lasting strength and beauty.
• Available with electric illumination for convenient energy efficient lighting.
• Solid brass hinges and latches provide superior durability and refined detailing.
• Mounts and accessories built from marine grade aluminum with a corrosion resistant powder coat finish.
• Compatible with standard electric bulbs including LED for customizable lighting output (bulbs not included with fixture).
• Designed to withstand harsh climates with copper that naturally develops a rich, timeless patina."
MV25G,"Our Mount Vernon lantern is crafted as a wall-mounted lantern, built from solid copper and designed to age gracefully with a natural patina. It provides natural gas or propane for everyday exterior use and can also be configured with yoke mount, gooseneck mount, post mount, pier mount to suit a wide range of architectural applications.

• Handcrafted from heavy gauge solid copper for long lasting strength and beauty.
• Offered with natural gas or propane for a warm authentic flame.
• Solid brass hinges and latches provide superior durability and refined detailing.
• Mounts and accessories built from marine grade aluminum with a corrosion resistant powder coat finish.
• Solid brass gas burner assemblies are CSA certified for safe reliable flame performance.
• Designed to withstand harsh climates with copper that naturally develops a rich, timeless patina."
MV30E,"Our Mount Vernon lantern is crafted as a wall-mounted lantern, built from solid copper and designed to age gracefully with a natural patina. It provides electric illumination for everyday exterior use and can also be configured with yoke mount, gooseneck mount, ceiling mount, post mount, pier mount to suit a wide range of architectural applications.

• Handcrafted from heavy gauge solid copper for long lasting strength and beauty.
• Available with electric illumination for convenient energy efficient lighting.
• Solid brass hinges and latches provide superior durability and refined detailing.
• Mounts and accessories built from marine grade aluminum with a corrosion resistant powder coat finish.
• Compatible with standard electric bulbs including LED for customizable lighting output (bulbs not included with fixture).
• Designed to withstand harsh climates with copper that naturally develops a rich, timeless patina."
MV30G,"Our Mount Vernon lantern is crafted as a wall-mounted lantern, built from solid copper and designed to age gracefully with a natural patina. It provides natural gas or propane for everyday exterior use and can also be configured with yoke mount, gooseneck mount, post mount, pier mount to suit a wide range of architectural applications.

• Handcrafted from heavy gauge solid copper for long lasting strength and beauty.
• Offered with natural gas or propane for a warm authentic flame.
• Solid brass hinges and latches provide superior durability and refined detailing.
• Mounts and accessories built from marine grade aluminum with a corrosion resistant powder coat finish.
• Solid brass gas burner assemblies are CSA certified for safe reliable flame performance.
• Designed to withstand harsh climates with copper that naturally develops a rich, timeless patina."
NV29E,"Our Navarrete lantern is crafted as a wall-mounted lantern, built from solid copper and designed to age gracefully with a natural patina. It provides electric illumination for everyday exterior use and complements both traditional and coastal architecture.

• Handcrafted from heavy gauge solid copper for long lasting strength and beauty.
• Available with electric illumination for convenient energy efficient lighting.
• Solid brass hinges and latches provide superior durability and refined detailing.
• Mounts and accessories built from marine grade aluminum with a corrosion resistant powder coat finish.
• Compatible with standard electric bulbs including LED for customizable lighting output (bulbs not included with fixture).
• Designed to withstand harsh climates with copper that naturally develops a rich, timeless patina."
NV29G,"Our Navarrete lantern is crafted as a wall-mounted lantern, built from solid copper and designed to age gracefully with a natural patina. It provides natural gas or propane for everyday exterior use and complements both traditional and coastal architecture.

• Handcrafted from heavy gauge solid copper for long lasting strength and beauty.
• Offered with natural gas or propane for a warm authentic flame.
• Solid brass hinges and latches provide superior durability and refined detailing.
• Mounts and accessories built from marine grade aluminum with a corrosion resistant powder coat finish.
• Solid brass gas burner assemblies are CSA certified for safe reliable flame performance.
• Designed to withstand harsh climates with copper that naturally develops a rich, timeless patina."
NV35E,"Our Navarrete lantern is crafted as a wall-mounted lantern, built from solid copper and designed to age gracefully with a natural patina. It provides electric illumination for everyday exterior use and complements both traditional and coastal architecture.

• Handcrafted from heavy gauge solid copper for long lasting strength and beauty.
• Available with electric illumination for convenient energy efficient lighting.
• Solid brass hinges and latches provide superior durability and refined detailing.
• Mounts and accessories built from marine grade aluminum with a corrosion resistant powder coat finish.
• Compatible with standard electric bulbs including LED for customizable lighting output (bulbs not included with fixture).
• Designed to withstand harsh climates with copper that naturally develops a rich, timeless patina."
NV35G,"Our Navarrete lantern is crafted as a wall-mounted lantern, built from solid copper and designed to age gracefully with a natural patina. It provides natural gas or propane for everyday exterior use and complements both traditional and coastal architecture.

• Handcrafted from heavy gauge solid copper for long lasting strength and beauty.
• Offered with natural gas or propane for a warm authentic flame.
• Solid brass hinges and latches provide superior durability and refined detailing.
• Mounts and accessories built from marine grade aluminum with a corrosion resistant powder coat finish.
• Solid brass gas burner assemblies are CSA certified for safe reliable flame performance.
• Designed to withstand harsh climates with copper that naturally develops a rich, timeless patina."
NV40E,"Our Navarrete lantern is crafted as a wall-mounted lantern, built from solid copper and designed to age gracefully with a natural patina. It provides electric illumination for everyday exterior use and complements both traditional and coastal architecture.

• Handcrafted from heavy gauge solid copper for long lasting strength and beauty.
• Available with electric illumination for convenient energy efficient lighting.
• Solid brass hinges and latches provide superior durability and refined detailing.
• Mounts and accessories built from marine grade aluminum with a corrosion resistant powder coat finish.
• Compatible with standard electric bulbs including LED for customizable lighting output (bulbs not included with fixture).
• Designed to withstand harsh climates with copper that naturally develops a rich, timeless patina."
NV40G,"Our Navarrete lantern is crafted as a wall-mounted lantern, built from solid copper and designed to age gracefully with a natural patina. It provides natural gas or propane for everyday exterior use and complements both traditional and coastal architecture.

• Handcrafted from heavy gauge solid copper for long lasting strength and beauty.
• Offered with natural gas or propane for a warm authentic flame.
• Solid brass hinges and latches provide superior durability and refined detailing.
• Mounts and accessories built from marine grade aluminum with a corrosion resistant powder coat finish.
• Solid brass gas burner assemblies are CSA certified for safe reliable flame performance.
• Designed to withstand harsh climates with copper that naturally develops a rich, timeless patina."
OA20E,"Our Oakley lantern is crafted as a wall-mounted lantern, built from solid copper and designed to age gracefully with a natural patina. It provides the classic ambiance of natural gas or propane illumination for everyday exterior use and can also be configured with yoke mount, gooseneck mount, ceiling mount, post mount, pier mount to suit a wide range of architectural applications.

• Handcrafted from heavy gauge solid copper for long lasting strength and beauty.
• Available with electric illumination for convenient energy efficient lighting.
• Solid brass hinges and latches provide superior durability and refined detailing.
• Mounts and accessories built from marine grade aluminum with a corrosion resistant powder coat finish.
• Compatible with standard electric bulbs including LED for customizable lighting output (bulbs not included with fixture).
• Designed to withstand harsh climates with copper that naturally develops a rich, timeless patina."
OA20G,"Our Oakley lantern is crafted as a wall-mounted lantern, built from solid copper and designed to age gracefully with a natural patina. It provides natural gas or propane for everyday exterior use and can also be configured with yoke mount, gooseneck mount, post mount, pier mount to suit a wide range of architectural applications.

• Handcrafted from heavy gauge solid copper for long lasting strength and beauty.
• Offered with natural gas or propane for a warm authentic flame.
• Solid brass hinges and latches provide superior durability and refined detailing.
• Mounts and accessories built from marine grade aluminum with a corrosion resistant powder coat finish.
• Solid brass gas burner assemblies are CSA certified for safe reliable flame performance.
• Designed to withstand harsh climates with copper that naturally develops a rich, timeless patina."
OA25E,"Our Oakley lantern is crafted as a wall-mounted lantern, built from solid copper and designed to age gracefully with a natural patina. It provides electric illumination for everyday exterior use and can also be configured with yoke mount, gooseneck mount, ceiling mount, post mount, pier mount to suit a wide range of architectural applications.

• Handcrafted from heavy gauge solid copper for long lasting strength and beauty.
• Available with electric illumination for convenient energy efficient lighting.
• Solid brass hinges and latches provide superior durability and refined detailing.
• Mounts and accessories built from marine grade aluminum with a corrosion resistant powder coat finish.
• Compatible with standard electric bulbs including LED for customizable lighting output (bulbs not included with fixture).
• Designed to withstand harsh climates with copper that naturally develops a rich, timeless patina."
OA25G,"Our Oakley lantern is crafted as a wall-mounted lantern, built from solid copper and designed to age gracefully with a natural patina. It provides natural gas or propane for everyday exterior use and can also be configured with yoke mount, gooseneck mount, post mount, pier mount to suit a wide range of architectural applications.

• Handcrafted from heavy gauge solid copper for long lasting strength and beauty.
• Offered with natural gas or propane for a warm authentic flame.
• Solid brass hinges and latches provide superior durability and refined detailing.
• Mounts and accessories built from marine grade aluminum with a corrosion resistant powder coat finish.
• Solid brass gas burner assemblies are CSA certified for safe reliable flame performance.
• Designed to withstand harsh climates with copper that naturally develops a rich, timeless patina."
OA33E,"Our Oakley lantern is crafted as a wall-mounted lantern, built from solid copper and designed to age gracefully with a natural patina. It provides electric illumination for everyday exterior use and can also be configured with yoke mount, ceiling mount, post mount, pier mount to suit a wide range of architectural applications.

• Handcrafted from heavy gauge solid copper for long lasting strength and beauty.
• Available with electric illumination for convenient energy efficient lighting.
• Solid brass hinges and latches provide superior durability and refined detailing.
• Mounts and accessories built from marine grade aluminum with a corrosion resistant powder coat finish.
• Compatible with standard electric bulbs including LED for customizable lighting output (bulbs not included with fixture).
• Designed to withstand harsh climates with copper that naturally develops a rich, timeless patina."
OA33G,"Our Oakley lantern is crafted as a wall-mounted lantern, built from solid copper and designed to age gracefully with a natural patina. It provides natural gas or propane for everyday exterior use and can also be configured with yoke mount, gooseneck mount, post mount, pier mount to suit a wide range of architectural applications.

• Handcrafted from heavy gauge solid copper for long lasting strength and beauty.
• Offered with natural gas or propane for a warm authentic flame.
• Solid brass hinges and latches provide superior durability and refined detailing.
• Mounts and accessories built from marine grade aluminum with a corrosion resistant powder coat finish.
• Solid brass gas burner assemblies are CSA certified for safe reliable flame performance.
• Designed to withstand harsh climates with copper that naturally develops a rich, timeless patina."
PC22E,"Our Pinnacle lantern is crafted as a wall-mounted lantern, built from solid copper and designed to age gracefully with a natural patina. It provides electric illumination for everyday exterior use and can also be configured with yoke mount, ceiling mount, post mount, pier mount to suit a wide range of architectural applications.

• Handcrafted from heavy gauge solid copper for long lasting strength and beauty.
• Available with electric illumination for convenient energy efficient lighting.
• Solid brass hinges and latches provide superior durability and refined detailing.
• Mounts and accessories built from marine grade aluminum with a corrosion resistant powder coat finish.
• Compatible with standard electric bulbs including LED for customizable lighting output (bulbs not included with fixture).
• Designed to withstand harsh climates with copper that naturally develops a rich, timeless patina."
PC22G,"Our Pinnacle lantern is crafted as a wall-mounted lantern, built from solid copper and designed to age gracefully with a natural patina. It provides natural gas or propane for everyday exterior use and can also be configured with yoke mount, post mount, pier mount, ceiling mount to suit a wide range of architectural applications.

• Handcrafted from heavy gauge solid copper for long lasting strength and beauty.
• Offered with natural gas or propane for a warm authentic flame.
• Solid brass hinges and latches provide superior durability and refined detailing.
• Mounts and accessories built from marine grade aluminum with a corrosion resistant powder coat finish.
• Solid brass gas burner assemblies are CSA certified for safe reliable flame performance.
• Designed to withstand harsh climates with copper that naturally develops a rich, timeless patina."
PC30E,"Our Pinnacle lantern is crafted as a wall-mounted lantern, built from solid copper and designed to age gracefully with a natural patina. It provides electric illumination for everyday exterior use and can also be configured with yoke mount, ceiling mount, post mount, pier mount to suit a wide range of architectural applications.

• Handcrafted from heavy gauge solid copper for long lasting strength and beauty.
• Available with electric illumination for convenient energy efficient lighting.
• Solid brass hinges and latches provide superior durability and refined detailing.
• Mounts and accessories built from marine grade aluminum with a corrosion resistant powder coat finish.
• Compatible with standard electric bulbs including LED for customizable lighting output (bulbs not included with fixture).
• Designed to withstand harsh climates with copper that naturally develops a rich, timeless patina."
PC30G,"Our Pinnacle lantern is crafted as a wall-mounted lantern, built from solid copper and designed to age gracefully with a natural patina. It provides natural gas or propane for everyday exterior use and can also be configured with yoke mount, post mount, pier mount, ceiling mount to suit a wide range of architectural applications.

• Handcrafted from heavy gauge solid copper for long lasting strength and beauty.
• Offered with natural gas or propane for a warm authentic flame.
• Solid brass hinges and latches provide superior durability and refined detailing.
• Mounts and accessories built from marine grade aluminum with a corrosion resistant powder coat finish.
• Solid brass gas burner assemblies are CSA certified for safe reliable flame performance.
• Designed to withstand harsh climates with copper that naturally develops a rich, timeless patina."
PC36E,"Our Pinnacle lantern is crafted as a wall-mounted lantern, built from solid copper and designed to age gracefully with a natural patina. It provides electric illumination for everyday exterior use and can also be configured with yoke mount, ceiling mount, post mount, pier mount to suit a wide range of architectural applications.

• Handcrafted from heavy gauge solid copper for long lasting strength and beauty.
• Available with electric illumination for convenient energy efficient lighting.
• Solid brass hinges and latches provide superior durability and refined detailing.
• Mounts and accessories built from marine grade aluminum with a corrosion resistant powder coat finish.
• Compatible with standard electric bulbs including LED for customizable lighting output (bulbs not included with fixture).
• Designed to withstand harsh climates with copper that naturally develops a rich, timeless patina."
PC36G,"Our Pinnacle lantern is crafted as a wall-mounted lantern, built from solid copper and designed to age gracefully with a natural patina. It provides natural gas or propane for everyday exterior use and can also be configured with yoke mount, post mount, pier mount, ceiling mount to suit a wide range of architectural applications.

• Handcrafted from heavy gauge solid copper for long lasting strength and beauty.
• Offered with natural gas or propane for a warm authentic flame.
• Solid brass hinges and latches provide superior durability and refined detailing.
• Mounts and accessories built from marine grade aluminum with a corrosion resistant powder coat finish.
• Solid brass gas burner assemblies are CSA certified for safe reliable flame performance.
• Designed to withstand harsh climates with copper that naturally develops a rich, timeless patina."
PH20E,"Our Pebble Hill lantern is crafted as a wall-mounted lantern, built from solid copper and designed to age gracefully with a natural patina. It provides electric illumination for everyday exterior use and can also be configured with yoke mount, gooseneck mount, ceiling mount, post mount, pier mount to suit a wide range of architectural applications.

• Handcrafted from heavy gauge solid copper for long lasting strength and beauty.
• Available with electric illumination for convenient energy efficient lighting.
• Solid brass hinges and latches provide superior durability and refined detailing.
• Mounts and accessories built from marine grade aluminum with a corrosion resistant powder coat finish.
• Compatible with standard electric bulbs including LED for customizable lighting output (bulbs not included with fixture).
• Designed to withstand harsh climates with copper that naturally develops a rich, timeless patina."
PH20G,"Our Pebble Hill lantern is crafted as a wall-mounted lantern, built from solid copper and designed to age gracefully with a natural patina. It provides natural gas or propane for everyday exterior use and can also be configured with yoke mount, gooseneck mount, post mount, pier mount to suit a wide range of architectural applications.

• Handcrafted from heavy gauge solid copper for long lasting strength and beauty.
• Offered with natural gas or propane for a warm authentic flame.
• Solid brass hinges and latches provide superior durability and refined detailing.
• Mounts and accessories built from marine grade aluminum with a corrosion resistant powder coat finish.
• Solid brass gas burner assemblies are CSA certified for safe reliable flame performance.
• Designed to withstand harsh climates with copper that naturally develops a rich, timeless patina."
PH22E,"Our Pebble Hill lantern is crafted as a wall-mounted lantern, built from solid copper and designed to age gracefully with a natural patina. It provides electric illumination for everyday exterior use and can also be configured with yoke mount, gooseneck mount, ceiling mount, post mount, pier mount to suit a wide range of architectural applications.

• Handcrafted from heavy gauge solid copper for long lasting strength and beauty.
• Available with electric illumination for convenient energy efficient lighting.
• Solid brass hinges and latches provide superior durability and refined detailing.
• Mounts and accessories built from marine grade aluminum with a corrosion resistant powder coat finish.
• Compatible with standard electric bulbs including LED for customizable lighting output (bulbs not included with fixture).
• Designed to withstand harsh climates with copper that naturally develops a rich, timeless patina."
PH22G,"Our Pebble Hill lantern is crafted as a wall-mounted lantern, built from solid copper and designed to age gracefully with a natural patina. It provides natural gas or propane for everyday exterior use and can also be configured with yoke mount, gooseneck mount, post mount, pier mount to suit a wide range of architectural applications.

• Handcrafted from heavy gauge solid copper for long lasting strength and beauty.
• Offered with natural gas or propane for a warm authentic flame.
• Solid brass hinges and latches provide superior durability and refined detailing.
• Mounts and accessories built from marine grade aluminum with a corrosion resistant powder coat finish.
• Solid brass gas burner assemblies are CSA certified for safe reliable flame performance.
• Designed to withstand harsh climates with copper that naturally develops a rich, timeless patina."
PH29E,"Our Pebble Hill lantern is crafted as a wall-mounted lantern, built from solid copper and designed to age gracefully with a natural patina. It provides electric illumination for everyday exterior use and can also be configured with yoke mount, ceiling mount, post mount, pier mount to suit a wide range of architectural applications.

• Handcrafted from heavy gauge solid copper for long lasting strength and beauty.
• Available with electric illumination for convenient energy efficient lighting.
• Solid brass hinges and latches provide superior durability and refined detailing.
• Mounts and accessories built from marine grade aluminum with a corrosion resistant powder coat finish.
• Compatible with standard electric bulbs including LED for customizable lighting output (bulbs not included with fixture).
• Designed to withstand harsh climates with copper that naturally develops a rich, timeless patina."
PH29G,"Our Pebble Hill lantern is crafted as a wall-mounted lantern, built from solid copper and designed to age gracefully with a natural patina. It provides natural gas or propane for everyday exterior use and can also be configured with yoke mount, post mount, pier mount to suit a wide range of architectural applications.

• Handcrafted from heavy gauge solid copper for long lasting strength and beauty.
• Offered with natural gas or propane for a warm authentic flame.
• Solid brass hinges and latches provide superior durability and refined detailing.
• Mounts and accessories built from marine grade aluminum with a corrosion resistant powder coat finish.
• Solid brass gas burner assemblies are CSA certified for safe reliable flame performance.
• Designed to withstand harsh climates with copper that naturally develops a rich, timeless patina."
PS19E,"Our Palmetto Street lantern is crafted as a wall-mounted lantern, built from solid copper and designed to age gracefully with a natural patina. It provides electric illumination for everyday exterior use and can also be configured with yoke mount, ceiling mount to suit a wide range of architectural applications.

• Handcrafted from heavy gauge solid copper for long lasting strength and beauty.
• Available with electric illumination for convenient energy efficient lighting.
• Solid brass hinges and latches provide superior durability and refined detailing.
• Mounts and accessories built from marine grade aluminum with a corrosion resistant powder coat finish.
• Compatible with standard electric bulbs including LED for customizable lighting output (bulbs not included with fixture).
• Designed to withstand harsh climates with copper that naturally develops a rich, timeless patina."
PS19G,"Our Palmetto Street lantern is crafted as a wall-mounted lantern, built from solid copper and designed to age gracefully with a natural patina. It provides natural gas or propane for everyday exterior use and can also be configured with yoke mount to suit a wide range of architectural applications.

• Handcrafted from heavy gauge solid copper for long lasting strength and beauty.
• Offered with natural gas or propane for a warm authentic flame.
• Solid brass hinges and latches provide superior durability and refined detailing.
• Mounts and accessories built from marine grade aluminum with a corrosion resistant powder coat finish.
• Solid brass gas burner assemblies are CSA certified for safe reliable flame performance.
• Designed to withstand harsh climates with copper that naturally develops a rich, timeless patina."
PS24E,"Our Palmetto Street lantern is crafted as a wall-mounted lantern, built from solid copper and designed to age gracefully with a natural patina. It provides electric illumination for everyday exterior use and can also be configured with yoke mount, ceiling mount to suit a wide range of architectural applications.

• Handcrafted from heavy gauge solid copper for long lasting strength and beauty.
• Available with electric illumination for convenient energy efficient lighting.
• Solid brass hinges and latches provide superior durability and refined detailing.
• Mounts and accessories built from marine grade aluminum with a corrosion resistant powder coat finish.
• Compatible with standard electric bulbs including LED for customizable lighting output (bulbs not included with fixture).
• Designed to withstand harsh climates with copper that naturally develops a rich, timeless patina."
PS24G,"Our Palmetto Street lantern is crafted as a wall-mounted lantern, built from solid copper and designed to age gracefully with a natural patina. It provides natural gas or propane for everyday exterior use and can also be configured with yoke mount to suit a wide range of architectural applications.

• Handcrafted from heavy gauge solid copper for long lasting strength and beauty.
• Offered with natural gas or propane for a warm authentic flame.
• Solid brass hinges and latches provide superior durability and refined detailing.
• Mounts and accessories built from marine grade aluminum with a corrosion resistant powder coat finish.
• Solid brass gas burner assemblies are CSA certified for safe reliable flame performance.
• Designed to withstand harsh climates with copper that naturally develops a rich, timeless patina."
PS29E,"Our Palmetto Street lantern is crafted as a wall-mounted lantern, built from solid copper and designed to age gracefully with a natural patina. It provides electric illumination for everyday exterior use and can also be configured with yoke mount, ceiling mount to suit a wide range of architectural applications.

• Handcrafted from heavy gauge solid copper for long lasting strength and beauty.
• Available with electric illumination for convenient energy efficient lighting.
• Solid brass hinges and latches provide superior durability and refined detailing.
• Mounts and accessories built from marine grade aluminum with a corrosion resistant powder coat finish.
• Compatible with standard electric bulbs including LED for customizable lighting output (bulbs not included with fixture).
• Designed to withstand harsh climates with copper that naturally develops a rich, timeless patina."
PS29G,"Our Palmetto Street lantern is crafted as a wall-mounted lantern, built from solid copper and designed to age gracefully with a natural patina. It provides natural gas or propane for everyday exterior use and can also be configured with yoke mount to suit a wide range of architectural applications.

• Handcrafted from heavy gauge solid copper for long lasting strength and beauty.
• Offered with natural gas or propane for a warm authentic flame.
• Solid brass hinges and latches provide superior durability and refined detailing.
• Mounts and accessories built from marine grade aluminum with a corrosion resistant powder coat finish.
• Solid brass gas burner assemblies are CSA certified for safe reliable flame performance.
• Designed to withstand harsh climates with copper that naturally develops a rich, timeless patina."
SO20E,"Our Somerset lantern is crafted as a wall-mounted lantern, built from solid copper and designed to age gracefully with a natural patina. It provides electric illumination for everyday exterior use and can also be configured with yoke mount, gooseneck mount, ceiling mount, post mount, pier mount to suit a wide range of architectural applications.

• Handcrafted from heavy gauge solid copper for long lasting strength and beauty.
• Available with electric illumination for convenient energy efficient lighting.
• Solid brass hinges and latches provide superior durability and refined detailing.
• Mounts and accessories built from marine grade aluminum with a corrosion resistant powder coat finish.
• Compatible with standard electric bulbs including LED for customizable lighting output (bulbs not included with fixture).
• Designed to withstand harsh climates with copper that naturally develops a rich, timeless patina."
SO20G,"Our Somerset lantern is crafted as a wall-mounted lantern, built from solid copper and designed to age gracefully with a natural patina. It provides natural gas or propane for everyday exterior use and can also be configured with yoke mount, gooseneck mount, post mount, pier mount to suit a wide range of architectural applications.

• Handcrafted from heavy gauge solid copper for long lasting strength and beauty.
• Offered with natural gas or propane for a warm authentic flame.
• Solid brass hinges and latches provide superior durability and refined detailing.
• Mounts and accessories built from marine grade aluminum with a corrosion resistant powder coat finish.
• Solid brass gas burner assemblies are CSA certified for safe reliable flame performance.
• Designed to withstand harsh climates with copper that naturally develops a rich, timeless patina."
SO22E,"Our Somerset lantern is crafted as a wall-mounted lantern, built from solid copper and designed to age gracefully with a natural patina. It provides electric illumination for everyday exterior use and can also be configured with yoke mount, gooseneck mount, ceiling mount, post mount, pier mount to suit a wide range of architectural applications.

• Handcrafted from heavy gauge solid copper for long lasting strength and beauty.
• Available with electric illumination for convenient energy efficient lighting.
• Solid brass hinges and latches provide superior durability and refined detailing.
• Mounts and accessories built from marine grade aluminum with a corrosion resistant powder coat finish.
• Compatible with standard electric bulbs including LED for customizable lighting output (bulbs not included with fixture).
• Designed to withstand harsh climates with copper that naturally develops a rich, timeless patina."
SO22G,"Our Somerset lantern is crafted as a wall-mounted lantern, built from solid copper and designed to age gracefully with a natural patina. It provides natural gas or propane for everyday exterior use and can also be configured with yoke mount, gooseneck mount, post mount, pier mount to suit a wide range of architectural applications.

• Handcrafted from heavy gauge solid copper for long lasting strength and beauty.
• Offered with natural gas or propane for a warm authentic flame.
• Solid brass hinges and latches provide superior durability and refined detailing.
• Mounts and accessories built from marine grade aluminum with a corrosion resistant powder coat finish.
• Solid brass gas burner assemblies are CSA certified for safe reliable flame performance.
• Designed to withstand harsh climates with copper that naturally develops a rich, timeless patina."
SO26E,"Our Somerset lantern is crafted as a wall-mounted lantern, built from solid copper and designed to age gracefully with a natural patina. It provides electric illumination for everyday exterior use and can also be configured with yoke mount, ceiling mount, post mount, pier mount to suit a wide range of architectural applications.

• Handcrafted from heavy gauge solid copper for long lasting strength and beauty.
• Available with electric illumination for convenient energy efficient lighting.
• Solid brass hinges and latches provide superior durability and refined detailing.
• Mounts and accessories built from marine grade aluminum with a corrosion resistant powder coat finish.
• Compatible with standard electric bulbs including LED for customizable lighting output (bulbs not included with fixture).
• Designed to withstand harsh climates with copper that naturally develops a rich, timeless patina."
SO26G,"Our Somerset lantern is crafted as a wall-mounted lantern, built from solid copper and designed to age gracefully with a natural patina. It provides natural gas or propane for everyday exterior use and can also be configured with yoke mount, post mount, pier mount to suit a wide range of architectural applications.

• Handcrafted from heavy gauge solid copper for long lasting strength and beauty.
• Offered with natural gas or propane for a warm authentic flame.
• Solid brass hinges and latches provide superior durability and refined detailing.
• Mounts and accessories built from marine grade aluminum with a corrosion resistant powder coat finish.
• Solid brass gas burner assemblies are CSA certified for safe reliable flame performance.
• Designed to withstand harsh climates with copper that naturally develops a rich, timeless patina."
SO32E,"Our Somerset lantern is crafted as a wall-mounted lantern, built from solid copper and designed to age gracefully with a natural patina. It provides electric illumination for everyday exterior use and can also be configured with yoke mount, ceiling mount, post mount, pier mount to suit a wide range of architectural applications.

• Handcrafted from heavy gauge solid copper for long lasting strength and beauty.
• Available with electric illumination for convenient energy efficient lighting.
• Solid brass hinges and latches provide superior durability and refined detailing.
• Mounts and accessories built from marine grade aluminum with a corrosion resistant powder coat finish.
• Compatible with standard electric bulbs including LED for customizable lighting output (bulbs not included with fixture).
• Designed to withstand harsh climates with copper that naturally develops a rich, timeless patina."
SO32G,"Our Somerset lantern is crafted as a wall-mounted lantern, built from solid copper and designed to age gracefully with a natural patina. It provides natural gas or propane for everyday exterior use and can also be configured with yoke mount, post mount, pier mount to suit a wide range of architectural applications.

• Handcrafted from heavy gauge solid copper for long lasting strength and beauty.
• Offered with natural gas or propane for a warm authentic flame.
• Solid brass hinges and latches provide superior durability and refined detailing.
• Mounts and accessories built from marine grade aluminum with a corrosion resistant powder coat finish.
• Solid brass gas burner assemblies are CSA certified for safe reliable flame performance.
• Designed to withstand harsh climates with copper that naturally develops a rich, timeless patina."
SS41E,"Our State Street lantern is crafted as a wall-mounted lantern, built from solid copper and designed to age gracefully with a natural patina. It provides electric illumination for everyday exterior use and can also be configured with yoke mount, gooseneck mount, ceiling mount, post mount, pier mount to suit a wide range of architectural applications.

• Handcrafted from heavy gauge solid copper for long lasting strength and beauty.
• Available with electric illumination for convenient energy efficient lighting.
• Solid brass hinges and latches provide superior durability and refined detailing.
• Mounts and accessories built from marine grade aluminum with a corrosion resistant powder coat finish.
• Compatible with standard electric bulbs including LED for customizable lighting output (bulbs not included with fixture).
• Designed to withstand harsh climates with copper that naturally develops a rich, timeless patina."
SS41G,"Our State Street lantern is crafted as a wall-mounted lantern, built from solid copper and designed to age gracefully with a natural patina. It provides natural gas or propane for everyday exterior use and can also be configured with yoke mount, gooseneck mount, post mount, pier mount to suit a wide range of architectural applications.

• Handcrafted from heavy gauge solid copper for long lasting strength and beauty.
• Offered with natural gas or propane for a warm authentic flame.
• Solid brass hinges and latches provide superior durability and refined detailing.
• Mounts and accessories built from marine grade aluminum with a corrosion resistant powder coat finish.
• Solid brass gas burner assemblies are CSA certified for safe reliable flame performance.
• Designed to withstand harsh climates with copper that naturally develops a rich, timeless patina."
SS42E,"Our State Street lantern is crafted as a wall-mounted lantern, built from solid copper and designed to age gracefully with a natural patina. It provides electric illumination for everyday exterior use and can also be configured with yoke mount, gooseneck mount, ceiling mount, post mount, pier mount to suit a wide range of architectural applications.

• Handcrafted from heavy gauge solid copper for long lasting strength and beauty.
• Available with electric illumination for convenient energy efficient lighting.
• Solid brass hinges and latches provide superior durability and refined detailing.
• Mounts and accessories built from marine grade aluminum with a corrosion resistant powder coat finish.
• Compatible with standard electric bulbs including LED for customizable lighting output (bulbs not included with fixture).
• Designed to withstand harsh climates with copper that naturally develops a rich, timeless patina."
SS42G,"Our State Street lantern is crafted as a wall-mounted lantern, built from solid copper and designed to age gracefully with a natural patina. It provides natural gas or propane for everyday exterior use and can also be configured with yoke mount, gooseneck mount, post mount, pier mount to suit a wide range of architectural applications.

• Handcrafted from heavy gauge solid copper for long lasting strength and beauty.
• Offered with natural gas or propane for a warm authentic flame.
• Solid brass hinges and latches provide superior durability and refined detailing.
• Mounts and accessories built from marine grade aluminum with a corrosion resistant powder coat finish.
• Solid brass gas burner assemblies are CSA certified for safe reliable flame performance.
• Designed to withstand harsh climates with copper that naturally develops a rich, timeless patina."
SS43E,"Our State Street lantern is crafted as a wall-mounted lantern, built from solid copper and designed to age gracefully with a natural patina. It provides electric illumination for everyday exterior use and can also be configured with yoke mount, ceiling mount, post mount, pier mount to suit a wide range of architectural applications.

• Handcrafted from heavy gauge solid copper for long lasting strength and beauty.
• Available with electric illumination for convenient energy efficient lighting.
• Solid brass hinges and latches provide superior durability and refined detailing.
• Mounts and accessories built from marine grade aluminum with a corrosion resistant powder coat finish.
• Compatible with standard electric bulbs including LED for customizable lighting output (bulbs not included with fixture).
• Designed to withstand harsh climates with copper that naturally develops a rich, timeless patina."
SS43G,"Our State Street lantern is crafted as a wall-mounted lantern, built from solid copper and designed to age gracefully with a natural patina. It provides natural gas or propane for everyday exterior use and can also be configured with yoke mount, post mount, pier mount to suit a wide range of architectural applications.

• Handcrafted from heavy gauge solid copper for long lasting strength and beauty.
• Offered with natural gas or propane for a warm authentic flame.
• Solid brass hinges and latches provide superior durability and refined detailing.
• Mounts and accessories built from marine grade aluminum with a corrosion resistant powder coat finish.
• Solid brass gas burner assemblies are CSA certified for safe reliable flame performance.
• Designed to withstand harsh climates with copper that naturally develops a rich, timeless patina."
SS44E,"Our State Street lantern is crafted as a wall-mounted lantern, built from solid copper and designed to age gracefully with a natural patina. It provides electric illumination for everyday exterior use and can also be configured with yoke mount, ceiling mount, post mount, pier mount to suit a wide range of architectural applications.

• Handcrafted from heavy gauge solid copper for long lasting strength and beauty.
• Available with electric illumination for convenient energy efficient lighting.
• Solid brass hinges and latches provide superior durability and refined detailing.
• Mounts and accessories built from marine grade aluminum with a corrosion resistant powder coat finish.
• Compatible with standard electric bulbs including LED for customizable lighting output (bulbs not included with fixture).
• Designed to withstand harsh climates with copper that naturally develops a rich, timeless patina."
SS44G,"Our State Street lantern is crafted as a wall-mounted lantern, built from solid copper and designed to age gracefully with a natural patina. It provides natural gas or propane for everyday exterior use and can also be configured with yoke mount, post mount, pier mount to suit a wide range of architectural applications.

• Handcrafted from heavy gauge solid copper for long lasting strength and beauty.
• Offered with natural gas or propane for a warm authentic flame.
• Solid brass hinges and latches provide superior durability and refined detailing.
• Mounts and accessories built from marine grade aluminum with a corrosion resistant powder coat finish.
• Solid brass gas burner assemblies are CSA certified for safe reliable flame performance.
• Designed to withstand harsh climates with copper that naturally develops a rich, timeless patina."
TE20E,"Our Terra lantern is designed for flush wall installation, offering a clean architectural profile ideal for entries, porches, and sheltered outdoor corridors. Handcrafted from solid copper, it provides electric illumination and delivers dependable performance in any climate.

• Handcrafted from heavy gauge solid copper for long lasting strength and beauty.
• Available with electric illumination for convenient energy efficient lighting.
• Solid brass hinges and latches provide superior durability and refined detailing.
• Mounts and accessories built from marine grade aluminum with a corrosion resistant powder coat finish.
• Compatible with standard electric bulbs including LED for customizable lighting output (bulbs not included with fixture).
• Designed to withstand harsh climates with copper that naturally develops a rich, timeless patina."
TE20G,"Our Terra lantern is designed for flush wall installation, offering a clean architectural profile ideal for entries, porches, and sheltered outdoor corridors. Handcrafted from solid copper, it provides natural gas or propane and delivers dependable performance in any climate.

• Handcrafted from heavy gauge solid copper for long lasting strength and beauty.
• Offered with natural gas or propane for a warm authentic flame.
• Solid brass hinges and latches provide superior durability and refined detailing.
• Mounts and accessories built from marine grade aluminum with a corrosion resistant powder coat finish.
• Solid brass gas burner assemblies are CSA certified for safe reliable flame performance.
• Designed to withstand harsh climates with copper that naturally develops a rich, timeless patina."
TE22E,"Our Terra lantern is designed for flush wall installation, offering a clean architectural profile ideal for entries, porches, and sheltered outdoor corridors. Handcrafted from solid copper, it provides electric illumination and delivers dependable performance in any climate.

• Handcrafted from heavy gauge solid copper for long lasting strength and beauty.
• Available with electric illumination for convenient energy efficient lighting.
• Solid brass hinges and latches provide superior durability and refined detailing.
• Mounts and accessories built from marine grade aluminum with a corrosion resistant powder coat finish.
• Compatible with standard electric bulbs including LED for customizable lighting output (bulbs not included with fixture).
• Designed to withstand harsh climates with copper that naturally develops a rich, timeless patina."
TE22G,"Our Terra lantern is designed for flush wall installation, offering a clean architectural profile ideal for entries, porches, and sheltered outdoor corridors. Handcrafted from solid copper, it provides natural gas or propane and delivers dependable performance in any climate.

• Handcrafted from heavy gauge solid copper for long lasting strength and beauty.
• Offered with natural gas or propane for a warm authentic flame.
• Solid brass hinges and latches provide superior durability and refined detailing.
• Mounts and accessories built from marine grade aluminum with a corrosion resistant powder coat finish.
• Solid brass gas burner assemblies are CSA certified for safe reliable flame performance.
• Designed to withstand harsh climates with copper that naturally develops a rich, timeless patina."
TR19E,"Our Biltmore® Traveler lantern is crafted as a wall-mounted lantern, built from solid copper and designed to age gracefully with a natural patina. It provides electric illumination for everyday exterior use and can also be configured with ceiling mount, post mount, pier mount, yoke mount to suit a wide range of architectural applications.

• Handcrafted from heavy gauge solid copper for long lasting strength and beauty.
• Available with electric illumination for convenient energy efficient lighting.
• Solid brass hinges and latches provide superior durability and refined detailing.
• Mounts and accessories built from marine grade aluminum with a corrosion resistant powder coat finish.
• Compatible with standard electric bulbs including LED for customizable lighting output (bulbs not included with fixture).
• Designed to withstand harsh climates with copper that naturally develops a rich, timeless patina."
TR19G,"Our Biltmore® Traveler lantern is crafted as a wall-mounted lantern, built from solid copper and designed to age gracefully with a natural patina. It provides natural gas or propane for everyday exterior use and can also be configured with post mount, pier mount, yoke mount, ceiling mount to suit a wide range of architectural applications.

• Handcrafted from heavy gauge solid copper for long lasting strength and beauty.
• Offered with natural gas or propane for a warm authentic flame.
• Solid brass hinges and latches provide superior durability and refined detailing.
• Mounts and accessories built from marine grade aluminum with a corrosion resistant powder coat finish.
• Solid brass gas burner assemblies are CSA certified for safe reliable flame performance.
• Designed to withstand harsh climates with copper that naturally develops a rich, timeless patina."
TR25E,"Our Biltmore® Traveler lantern is crafted as a wall-mounted lantern, built from solid copper and designed to age gracefully with a natural patina. It provides electric illumination for everyday exterior use and can also be configured with ceiling mount, post mount, pier mount, yoke mount to suit a wide range of architectural applications.

• Handcrafted from heavy gauge solid copper for long lasting strength and beauty.
• Available with electric illumination for convenient energy efficient lighting.
• Solid brass hinges and latches provide superior durability and refined detailing.
• Mounts and accessories built from marine grade aluminum with a corrosion resistant powder coat finish.
• Compatible with standard electric bulbs including LED for customizable lighting output (bulbs not included with fixture).
• Designed to withstand harsh climates with copper that naturally develops a rich, timeless patina."
TR25G,"Our Biltmore® Traveler lantern is crafted as a wall-mounted lantern, built from solid copper and designed to age gracefully with a natural patina. It provides natural gas or propane for everyday exterior use and can also be configured with post mount, pier mount, yoke mount, ceiling mount to suit a wide range of architectural applications.

• Handcrafted from heavy gauge solid copper for long lasting strength and beauty.
• Offered with natural gas or propane for a warm authentic flame.
• Solid brass hinges and latches provide superior durability and refined detailing.
• Mounts and accessories built from marine grade aluminum with a corrosion resistant powder coat finish.
• Solid brass gas burner assemblies are CSA certified for safe reliable flame performance.
• Designed to withstand harsh climates with copper that naturally develops a rich, timeless patina."
TR31E,"Our Biltmore® Traveler lantern is crafted as a wall-mounted lantern, built from solid copper and designed to age gracefully with a natural patina. It provides electric illumination for everyday exterior use and can also be configured with ceiling mount, post mount, pier mount, yoke mount to suit a wide range of architectural applications.

• Handcrafted from heavy gauge solid copper for long lasting strength and beauty.
• Available with electric illumination for convenient energy efficient lighting.
• Solid brass hinges and latches provide superior durability and refined detailing.
• Mounts and accessories built from marine grade aluminum with a corrosion resistant powder coat finish.
• Compatible with standard electric bulbs including LED for customizable lighting output (bulbs not included with fixture).
• Designed to withstand harsh climates with copper that naturally develops a rich, timeless patina."
TR31G,"Our Biltmore® Traveler lantern is crafted as a wall-mounted lantern, built from solid copper and designed to age gracefully with a natural patina. It provides natural gas or propane for everyday exterior use and can also be configured with post mount, pier mount, yoke mount to suit a wide range of architectural applications.

• Handcrafted from heavy gauge solid copper for long lasting strength and beauty.
• Offered with natural gas or propane for a warm authentic flame.
• Solid brass hinges and latches provide superior durability and refined detailing.
• Mounts and accessories built from marine grade aluminum with a corrosion resistant powder coat finish.
• Solid brass gas burner assemblies are CSA certified for safe reliable flame performance.
• Designed to withstand harsh climates with copper that naturally develops a rich, timeless patina."
VB22E,"Our Biltmore® Vestibule lantern is crafted as a wall-mounted lantern, built from solid copper and designed to age gracefully with a natural patina. It provides electric illumination for everyday exterior use and can also be configured with ceiling mount, post mount, pier mount, yoke mount to suit a wide range of architectural applications.

• Handcrafted from heavy gauge solid copper for long lasting strength and beauty.
• Available with electric illumination for convenient energy efficient lighting.
• Solid brass hinges and latches provide superior durability and refined detailing.
• Mounts and accessories built from marine grade aluminum with a corrosion resistant powder coat finish.
• Compatible with standard electric bulbs including LED for customizable lighting output (bulbs not included with fixture).
• Designed to withstand harsh climates with copper that naturally develops a rich, timeless patina."
VB22G,"Our Biltmore® Vestibule lantern is crafted as a wall-mounted lantern, built from solid copper and designed to age gracefully with a natural patina. It provides natural gas or propane for everyday exterior use and can also be configured with post mount, pier mount, yoke mount, ceiling mount to suit a wide range of architectural applications.

• Handcrafted from heavy gauge solid copper for long lasting strength and beauty.
• Offered with natural gas or propane for a warm authentic flame.
• Solid brass hinges and latches provide superior durability and refined detailing.
• Mounts and accessories built from marine grade aluminum with a corrosion resistant powder coat finish.
• Solid brass gas burner assemblies are CSA certified for safe reliable flame performance.
• Designed to withstand harsh climates with copper that naturally develops a rich, timeless patina."
VB29E,"Our Biltmore® Vestibule lantern is crafted as a wall-mounted lantern, built from solid copper and designed to age gracefully with a natural patina. It provides electric illumination for everyday exterior use and can also be configured with ceiling mount, post mount, pier mount, yoke mount to suit a wide range of architectural applications.

• Handcrafted from heavy gauge solid copper for long lasting strength and beauty.
• Available with electric illumination for convenient energy efficient lighting.
• Solid brass hinges and latches provide superior durability and refined detailing.
• Mounts and accessories built from marine grade aluminum with a corrosion resistant powder coat finish.
• Compatible with standard electric bulbs including LED for customizable lighting output (bulbs not included with fixture). (bulbs sold separately)
• Designed to withstand harsh climates with copper that naturally develops a rich, timeless patina."
VB29G,"Our Biltmore® Vestibule lantern is crafted as a wall-mounted lantern, built from solid copper and designed to age gracefully with a natural patina. It provides natural gas or propane for everyday exterior use and can also be configured with post mount, pier mount, yoke mount, ceiling mount to suit a wide range of architectural applications.

• Handcrafted from heavy gauge solid copper for long lasting strength and beauty.
• Offered with natural gas or propane for a warm authentic flame.
• Solid brass hinges and latches provide superior durability and refined detailing.
• Mounts and accessories built from marine grade aluminum with a corrosion resistant powder coat finish.
• Solid brass gas burner assemblies are CSA certified for safe reliable flame performance.
• Designed to withstand harsh climates with copper that naturally develops a rich, timeless patina."
VB35E,"Our Biltmore® Vestibule lantern is crafted as a wall-mounted lantern, built from solid copper and designed to age gracefully with a natural patina. It provides electric illumination for everyday exterior use and can also be configured with ceiling mount, post mount, pier mount, yoke mount to suit a wide range of architectural applications.

• Handcrafted from heavy gauge solid copper for long lasting strength and beauty.
• Available with electric illumination for convenient energy efficient lighting.
• Solid brass hinges and latches provide superior durability and refined detailing.
• Mounts and accessories built from marine grade aluminum with a corrosion resistant powder coat finish.
• Compatible with standard electric bulbs including LED for customizable lighting output (bulbs not included with fixture).
• Designed to withstand harsh climates with copper that naturally develops a rich, timeless patina."
VB35G,"Our Biltmore® Vestibule lantern is crafted as a wall-mounted lantern, built from solid copper and designed to age gracefully with a natural patina. It provides natural gas or propane for everyday exterior use and can also be configured with post mount, pier mount, yoke mount to suit a wide range of architectural applications.

• Handcrafted from heavy gauge solid copper for long lasting strength and beauty.
• Offered with natural gas or propane for a warm authentic flame.
• Solid brass hinges and latches provide superior durability and refined detailing.
• Mounts and accessories built from marine grade aluminum with a corrosion resistant powder coat finish.
• Solid brass gas burner assemblies are CSA certified for safe reliable flame performance.
• Designed to withstand harsh climates with copper that naturally develops a rich, timeless patina."
VR22E,"Our Viera lantern is crafted as a flush wall-mounted lantern, built from solid copper and designed to age gracefully with a natural patina. It provides electric illumination for everyday exterior use and complements both traditional and coastal architecture.

• Handcrafted from heavy gauge solid copper for long lasting strength and beauty.
• Available with electric illumination for convenient energy efficient lighting.
• Solid brass hinges and latches provide superior durability and refined detailing.
• Mounts and accessories built from marine grade aluminum with a corrosion resistant powder coat finish.
• Compatible with standard electric bulbs including LED for customizable lighting output (bulbs not included with fixture).
• Designed to withstand harsh climates with copper that naturally develops a rich, timeless patina."
VR22G,"Our Viera lantern is crafted as a wall-mounted lantern, built from solid copper and designed to age gracefully with a natural patina. It provides natural gas or propane for everyday exterior use and complements both traditional and coastal architecture.

• Handcrafted from heavy gauge solid copper for long lasting strength and beauty.
• Offered with natural gas or propane for a warm authentic flame.
• Solid brass hinges and latches provide superior durability and refined detailing.
• Mounts and accessories built from marine grade aluminum with a corrosion resistant powder coat finish.
• Solid brass gas burner assemblies are CSA certified for safe reliable flame performance.
• Designed to withstand harsh climates with copper that naturally develops a rich, timeless patina."
VR25E,"Our Viera lantern is crafted as a wall-mounted lantern, built from solid copper and designed to age gracefully with a natural patina. It provides electric illumination for everyday exterior use and complements both traditional and coastal architecture.

• Handcrafted from heavy gauge solid copper for long lasting strength and beauty.
• Available with electric illumination for convenient energy efficient lighting.
• Solid brass hinges and latches provide superior durability and refined detailing.
• Mounts and accessories built from marine grade aluminum with a corrosion resistant powder coat finish.
• Compatible with standard electric bulbs including LED for customizable lighting output (bulbs not included with fixture.)
• Designed to withstand harsh climates with copper that naturally develops a rich, timeless patina."
VR25G,"Our Viera lantern is crafted as a wall-mounted lantern, built from solid copper and designed to age gracefully with a natural patina. It provides natural gas or propane for everyday exterior use and complements both traditional and coastal architecture.

• Handcrafted from heavy gauge solid copper for long lasting strength and beauty.
• Offered with natural gas or propane for a warm authentic flame.
• Solid brass hinges and latches provide superior durability and refined detailing.
• Mounts and accessories built from marine grade aluminum with a corrosion resistant powder coat finish.
• Solid brass gas burner assemblies are CSA certified for safe reliable flame performance.
• Designed to withstand harsh climates with copper that naturally develops a rich, timeless patina."
VR29E,"Our Viera lantern is crafted as a wall-mounted lantern, built from solid copper and designed to age gracefully with a natural patina. It provides electric illumination for everyday exterior use and complements both traditional and coastal architecture.

• Handcrafted from heavy gauge solid copper for long lasting strength and beauty.
• Available with electric illumination for convenient energy efficient lighting.
• Solid brass hinges and latches provide superior durability and refined detailing.
• Mounts and accessories built from marine grade aluminum with a corrosion resistant powder coat finish.
• Compatible with standard electric bulbs including LED for customizable lighting output (bulbs not included with fixture).
• Designed to withstand harsh climates with copper that naturally develops a rich, timeless patina."
VR29G,"Our Viera lantern is crafted as a wall-mounted lantern, built from solid copper and designed to age gracefully with a natural patina. It provides natural gas or propane for everyday exterior use and complements both traditional and coastal architecture.

• Handcrafted from heavy gauge solid copper for long lasting strength and beauty.
• Offered with natural gas or propane for a warm authentic flame.
• Solid brass hinges and latches provide superior durability and refined detailing.
• Mounts and accessories built from marine grade aluminum with a corrosion resistant powder coat finish.
• Solid brass gas burner assemblies are CSA certified for safe reliable flame performance.
• Designed to withstand harsh climates with copper that naturally develops a rich, timeless patina."
WS23E,"Our Water Street lantern is designed for flush wall installation, offering a clean architectural profile ideal for entries, porches, and sheltered outdoor corridors. Handcrafted from solid copper, it provides electric illumination and delivers dependable performance in any climate.

• Handcrafted from heavy gauge solid copper for long lasting strength and beauty.
• Available with electric illumination for convenient energy efficient lighting.
• Solid brass hinges and latches provide superior durability and refined detailing.
• Mounts and accessories built from marine grade aluminum with a corrosion resistant powder coat finish.
• Compatible with standard electric bulbs including LED for customizable lighting output (bulbs not included with fixture).
• Designed to withstand harsh climates with copper that naturally develops a rich, timeless patina."
WS23G,"Our Water Street lantern is designed for flush wall installation, offering a clean architectural profile ideal for entries, porches, and sheltered outdoor corridors. Handcrafted from solid copper, it provides natural gas or propane and delivers dependable performance in any climate.

• Handcrafted from heavy gauge solid copper for long lasting strength and beauty.
• Offered with natural gas or propane for a warm authentic flame.
• Solid brass hinges and latches provide superior durability and refined detailing.
• Mounts and accessories built from marine grade aluminum with a corrosion resistant powder coat finish.
• Solid brass gas burner assemblies are CSA certified for safe reliable flame performance.
• Designed to withstand harsh climates with copper that naturally develops a rich, timeless patina."
WS28E,"Our Water Street lantern is designed for flush wall installation, offering a clean architectural profile ideal for entries, porches, and sheltered outdoor corridors. Handcrafted from solid copper, it provides electric illumination and delivers dependable performance in any climate.

• Handcrafted from heavy gauge solid copper for long lasting strength and beauty.
• Available with electric illumination for convenient energy efficient lighting.
• Solid brass hinges and latches provide superior durability and refined detailing.
• Mounts and accessories built from marine grade aluminum with a corrosion resistant powder coat finish.
• Compatible with standard electric bulbs including LED for customizable lighting output (bulbs not included with fixture).
• Designed to withstand harsh climates with copper that naturally develops a rich, timeless patina."
WS28G,"Our Water Street lantern is designed for flush wall installation, offering a clean architectural profile ideal for entries, porches, and sheltered outdoor corridors. Handcrafted from solid copper, it provides natural gas or propane and delivers dependable performance in any climate.

• Handcrafted from heavy gauge solid copper for long lasting strength and beauty.
• Offered with natural gas or propane for a warm authentic flame.
• Solid brass hinges and latches provide superior durability and refined detailing.
• Mounts and accessories built from marine grade aluminum with a corrosion resistant powder coat finish.
• Solid brass gas burner assemblies are CSA certified for safe reliable flame performance.
• Designed to withstand harsh climates with copper that naturally develops a rich, timeless patina."
WS35E,"Our Water Street lantern is designed for flush wall installation, offering a clean architectural profile ideal for entries, porches, and sheltered outdoor corridors. Handcrafted from solid copper, it provides electric illumination and delivers dependable performance in any climate.

• Handcrafted from heavy gauge solid copper for long lasting strength and beauty.
• Available with electric illumination for convenient energy efficient lighting.
• Solid brass hinges and latches provide superior durability and refined detailing.
• Mounts and accessories built from marine grade aluminum with a corrosion resistant powder coat finish.
• Compatible with standard electric bulbs including LED for customizable lighting output (bulbs not included with fixture).
• Designed to withstand harsh climates with copper that naturally develops a rich, timeless patina."
WS35G,"Our Water Street lantern is designed for flush wall installation, offering a clean architectural profile ideal for entries, porches, and sheltered outdoor corridors. Handcrafted from solid copper, it provides natural gas or propane and delivers dependable performance in any climate.

• Handcrafted from heavy gauge solid copper for long lasting strength and beauty.
• Offered with natural gas or propane for a warm authentic flame.
• Solid brass hinges and latches provide superior durability and refined detailing.
• Mounts and accessories built from marine grade aluminum with a corrosion resistant powder coat finish.
• Solid brass gas burner assemblies are CSA certified for safe reliable flame performance.
• Designed to withstand harsh climates with copper that naturally develops a rich, timeless patina."
YK16E,"Our Yorktown lantern is designed for flush wall installation, offering a clean architectural profile ideal for entries, porches, and sheltered outdoor corridors. Handcrafted from solid copper, it provides electric illumination and delivers dependable performance in any climate.

• Handcrafted from heavy gauge solid copper for long lasting strength and beauty.
• Available with electric illumination for convenient energy efficient lighting.
• Solid brass hinges and latches provide superior durability and refined detailing.
• Mounts and accessories built from marine grade aluminum with a corrosion resistant powder coat finish.
• Compatible with standard electric bulbs including LED for customizable lighting output (bulbs not included with fixture).
• Designed to withstand harsh climates with copper that naturally develops a rich, timeless patina."
YK16G,"Our Yorktown lantern is designed for flush wall installation, offering a clean architectural profile ideal for entries, porches, and sheltered outdoor corridors. Handcrafted from solid copper, it provides natural gas or propane and delivers dependable performance in any climate.

• Handcrafted from heavy gauge solid copper for long lasting strength and beauty.
• Offered with natural gas or propane for a warm authentic flame.
• Solid brass hinges and latches provide superior durability and refined detailing.
• Mounts and accessories built from marine grade aluminum with a corrosion resistant powder coat finish.
• Solid brass gas burner assemblies are CSA certified for safe reliable flame performance.
• Designed to withstand harsh climates with copper that naturally develops a rich, timeless patina."
YK19E,"Our Yorktown lantern is designed for flush wall installation, offering a clean architectural profile ideal for entries, porches, and sheltered outdoor corridors. Handcrafted from solid copper, it provides electric illumination and delivers dependable performance in any climate.

• Handcrafted from heavy gauge solid copper for long lasting strength and beauty.
• Available with electric illumination for convenient energy efficient lighting.
• Solid brass hinges and latches provide superior durability and refined detailing.
• Mounts and accessories built from marine grade aluminum with a corrosion resistant powder coat finish.
• Compatible with standard electric bulbs including LED for customizable lighting output (bulbs not included with fixture).
• Designed to withstand harsh climates with copper that naturally develops a rich, timeless patina."
YK19G,"Our Yorktown lantern is designed for flush wall installation, offering a clean architectural profile ideal for entries, porches, and sheltered outdoor corridors. Handcrafted from solid copper, it provides natural gas or propane and delivers dependable performance in any climate.

• Handcrafted from heavy gauge solid copper for long lasting strength and beauty.
• Offered with natural gas or propane for a warm authentic flame.
• Solid brass hinges and latches provide superior durability and refined detailing.
• Mounts and accessories built from marine grade aluminum with a corrosion resistant powder coat finish.
• Solid brass gas burner assemblies are CSA certified for safe reliable flame performance.
• Designed to withstand harsh climates with copper that naturally develops a rich, timeless patina."
AS41W,"Bring the romance of a gas flame to outdoor spaces with the Adam Street Weiyan® LED Flame Fixture. This handcrafted copper lantern includes the Weiyan® LED Simulated Gas Flame bulb and patented 110V flame simulation technology, using hammered glass to create a lifelike flicker with efficient LED performance. It is a refined Outdoor LED Fixture option for homeowners, designers, and builders who want the atmosphere of gas lighting without gas-line installation.

• Outdoor LED fixture with included Weiyan® LED Simulated Gas Flame bulb
• Patented LED flame simulation technology creates the look and ambiance of a traditional gas flame
• 110V Weiyan® system uses hammered glass to properly refract LED diodes for a realistic flame effect
• Energy-efficient LED performance with approximately 5W to 8W power usage and up to 50,000 hours of continuous use
• Handcrafted solid copper copper construction that naturally develops a rich, timeless patina.
• Solid brass hinges and latch hardware with mounts and accessories built from marine-grade aluminum"
AS42W,"Bring the romance of a gas flame to outdoor spaces with the Adam Street Weiyan® LED Flame Fixture. This handcrafted copper lantern includes the Weiyan® LED Simulated Gas Flame bulb and patented 110V flame simulation technology, using hammered glass to create a lifelike flicker with efficient LED performance. It is a refined Outdoor LED Fixture option for homeowners, designers, and builders who want the atmosphere of gas lighting without gas-line installation.

• Outdoor LED fixture with included Weiyan® LED Simulated Gas Flame bulb
• Patented LED flame simulation technology creates the look and ambiance of a traditional gas flame
• 110V Weiyan® system uses hammered glass to properly refract LED diodes for a realistic flame effect
• Energy-efficient LED performance with approximately 5W to 8W power usage and up to 50,000 hours of continuous use
• Handcrafted solid copper copper construction that naturally develops a rich, timeless patina.
• Solid brass hinges and latch hardware with mounts and accessories built from marine-grade aluminum"
AS43W,"Bring the romance of a gas flame to outdoor spaces with the Adam Street Weiyan® LED Flame Fixture. This handcrafted copper lantern includes the Weiyan® LED Simulated Gas Flame bulb and patented 110V flame simulation technology, using hammered glass to create a lifelike flicker with efficient LED performance. It is a refined Outdoor LED Fixture option for homeowners, designers, and builders who want the atmosphere of gas lighting without gas-line installation.

• Outdoor LED fixture with included Weiyan® LED Simulated Gas Flame bulb
• Patented LED flame simulation technology creates the look and ambiance of a traditional gas flame
• 110V Weiyan® system uses hammered glass to properly refract LED diodes for a realistic flame effect
• Energy-efficient LED performance with approximately 5W to 8W power usage and up to 50,000 hours of continuous use
• Handcrafted solid copper copper construction that naturally develops a rich, timeless patina.
• Solid brass hinges and latch hardware with mounts and accessories built from marine-grade aluminum"
AS44W,"Bring the romance of a gas flame to outdoor spaces with the Adam Street Weiyan® LED Flame Fixture. This handcrafted copper lantern includes the Weiyan® LED Simulated Gas Flame bulb and patented 110V flame simulation technology, using hammered glass to create a lifelike flicker with efficient LED performance. It is a refined Outdoor LED Fixture option for homeowners, designers, and builders who want the atmosphere of gas lighting without gas-line installation.

• Outdoor LED fixture with included Weiyan® LED Simulated Gas Flame bulb
• Patented LED flame simulation technology creates the look and ambiance of a traditional gas flame
• 110V Weiyan® system uses hammered glass to properly refract LED diodes for a realistic flame effect
• Energy-efficient LED performance with approximately 5W to 8W power usage and up to 50,000 hours of continuous use
• Handcrafted solid copper copper construction that naturally develops a rich, timeless patina.
• Solid brass hinges and latch hardware with mounts and accessories built from marine-grade aluminum"
AC15W,"Bring the romance of a gas flame to outdoor spaces with the Arcadia Weiyan® LED Flame Fixture. This handcrafted copper lantern includes the Weiyan® LED Simulated Gas Flame bulb and patented 110V flame simulation technology, using hammered glass to create a lifelike flicker with efficient LED performance. It is a refined Outdoor LED Fixture option for homeowners, designers, and builders who want the atmosphere of gas lighting without gas-line installation.

• Outdoor LED fixture with included Weiyan® LED Simulated Gas Flame bulb
• Patented LED flame simulation technology creates the look and ambiance of a traditional gas flame
• 110V Weiyan® system uses hammered glass to properly refract LED diodes for a realistic flame effect
• Energy-efficient LED performance with approximately 5W to 8W power usage and up to 50,000 hours of continuous use
• Handcrafted solid copper copper construction that naturally develops a rich, timeless patina.
• Solid brass hinges and latch hardware with mounts and accessories built from marine-grade aluminum"
AC18W,"Bring the romance of a gas flame to outdoor spaces with the Arcadia Weiyan® LED Flame Fixture. This handcrafted copper lantern includes the Weiyan® LED Simulated Gas Flame bulb and patented 110V flame simulation technology, using hammered glass to create a lifelike flicker with efficient LED performance. It is a refined Outdoor LED Fixture option for homeowners, designers, and builders who want the atmosphere of gas lighting without gas-line installation.

• Outdoor LED fixture with included Weiyan® LED Simulated Gas Flame bulb
• Patented LED flame simulation technology creates the look and ambiance of a traditional gas flame
• 110V Weiyan® system uses hammered glass to properly refract LED diodes for a realistic flame effect
• Energy-efficient LED performance with approximately 5W to 8W power usage and up to 50,000 hours of continuous use
• Handcrafted solid copper copper construction that naturally develops a rich, timeless patina.
• Solid brass hinges and latch hardware with mounts and accessories built from marine-grade aluminum"
AC22W,"Bring the romance of a gas flame to outdoor spaces with the Arcadia Weiyan® LED Flame Fixture. This handcrafted copper lantern includes the Weiyan® LED Simulated Gas Flame bulb and patented 110V flame simulation technology, using hammered glass to create a lifelike flicker with efficient LED performance. It is a refined Outdoor LED Fixture option for homeowners, designers, and builders who want the atmosphere of gas lighting without gas-line installation.

• Outdoor LED fixture with included Weiyan® LED Simulated Gas Flame bulb
• Patented LED flame simulation technology creates the look and ambiance of a traditional gas flame
• 110V Weiyan® system uses hammered glass to properly refract LED diodes for a realistic flame effect
• Energy-efficient LED performance with approximately 5W to 8W power usage and up to 50,000 hours of continuous use
• Handcrafted solid copper copper construction that naturally develops a rich, timeless patina.
• Solid brass hinges and latch hardware with mounts and accessories built from marine-grade aluminum"
BS61W,"Bring the romance of a gas flame to outdoor spaces with the Bayou Street Weiyan® LED Flame Fixture. This handcrafted copper lantern includes the Weiyan® LED Simulated Gas Flame bulb and patented 110V flame simulation technology, using hammered glass to create a lifelike flicker with efficient LED performance. It is a refined Outdoor LED Fixture option for homeowners, designers, and builders who want the atmosphere of gas lighting without gas-line installation.

• Outdoor LED fixture with included Weiyan® LED Simulated Gas Flame bulb
• Patented LED flame simulation technology creates the look and ambiance of a traditional gas flame
• 110V Weiyan® system uses hammered glass to properly refract LED diodes for a realistic flame effect
• Energy-efficient LED performance with approximately 5W to 8W power usage and up to 50,000 hours of continuous use
• Handcrafted solid copper copper construction that naturally develops a rich, timeless patina.
• Solid brass hinges and latch hardware with mounts and accessories built from marine-grade aluminum"
BS62W,"Bring the romance of a gas flame to outdoor spaces with the Bayou Street Weiyan® LED Flame Fixture. This handcrafted copper lantern includes the Weiyan® LED Simulated Gas Flame bulb and patented 110V flame simulation technology, using hammered glass to create a lifelike flicker with efficient LED performance. It is a refined Outdoor LED Fixture option for homeowners, designers, and builders who want the atmosphere of gas lighting without gas-line installation.

• Outdoor LED fixture with included Weiyan® LED Simulated Gas Flame bulb
• Patented LED flame simulation technology creates the look and ambiance of a traditional gas flame
• 110V Weiyan® system uses hammered glass to properly refract LED diodes for a realistic flame effect
• Energy-efficient LED performance with approximately 5W to 8W power usage and up to 50,000 hours of continuous use
• Handcrafted solid copper copper construction that naturally develops a rich, timeless patina.
• Solid brass hinges and latch hardware with mounts and accessories built from marine-grade aluminum"
BS63W,"Bring the romance of a gas flame to outdoor spaces with the Bayou Street Weiyan® LED Flame Fixture. This handcrafted copper lantern includes the Weiyan® LED Simulated Gas Flame bulb and patented 110V flame simulation technology, using hammered glass to create a lifelike flicker with efficient LED performance. It is a refined Outdoor LED Fixture option for homeowners, designers, and builders who want the atmosphere of gas lighting without gas-line installation.

• Outdoor LED fixture with included Weiyan® LED Simulated Gas Flame bulb
• Patented LED flame simulation technology creates the look and ambiance of a traditional gas flame
• 110V Weiyan® system uses hammered glass to properly refract LED diodes for a realistic flame effect
• Energy-efficient LED performance with approximately 5W to 8W power usage and up to 50,000 hours of continuous use
• Handcrafted solid copper copper construction that naturally develops a rich, timeless patina.
• Solid brass hinges and latch hardware with mounts and accessories built from marine-grade aluminum"
BS64W,"Bring the romance of a gas flame to outdoor spaces with the Bayou Street Weiyan® LED Flame Fixture. This handcrafted copper lantern includes the Weiyan® LED Simulated Gas Flame bulb and patented 110V flame simulation technology, using hammered glass to create a lifelike flicker with efficient LED performance. It is a refined Outdoor LED Fixture option for homeowners, designers, and builders who want the atmosphere of gas lighting without gas-line installation.

• Outdoor LED fixture with included Weiyan® LED Simulated Gas Flame bulb
• Patented LED flame simulation technology creates the look and ambiance of a traditional gas flame
• 110V Weiyan® system uses hammered glass to properly refract LED diodes for a realistic flame effect
• Energy-efficient LED performance with approximately 5W to 8W power usage and up to 50,000 hours of continuous use
• Handcrafted solid copper copper construction that naturally develops a rich, timeless patina.
• Solid brass hinges and latch hardware with mounts and accessories built from marine-grade aluminum"
BM30W,"Bring the romance of a gas flame to outdoor spaces with the Belmont Weiyan® LED Flame Fixture. This handcrafted copper lantern includes the Weiyan® LED Simulated Gas Flame bulb and patented 110V flame simulation technology, using hammered glass to create a lifelike flicker with efficient LED performance. It is a refined Outdoor LED Fixture option for homeowners, designers, and builders who want the atmosphere of gas lighting without gas-line installation.

• Outdoor LED fixture with included Weiyan® LED Simulated Gas Flame bulb
• Patented LED flame simulation technology creates the look and ambiance of a traditional gas flame
• 110V Weiyan® system uses hammered glass to properly refract LED diodes for a realistic flame effect
• Energy-efficient LED performance with approximately 5W to 8W power usage and up to 50,000 hours of continuous use
• Handcrafted solid copper copper construction that naturally develops a rich, timeless patina.
• Solid brass hinges and latch hardware with mounts and accessories built from marine-grade aluminum"
BM35W,"Bring the romance of a gas flame to outdoor spaces with the Belmont Weiyan® LED Flame Fixture. This handcrafted copper lantern includes the Weiyan® LED Simulated Gas Flame bulb and patented 110V flame simulation technology, using hammered glass to create a lifelike flicker with efficient LED performance. It is a refined Outdoor LED Fixture option for homeowners, designers, and builders who want the atmosphere of gas lighting without gas-line installation.

• Outdoor LED fixture with included Weiyan® LED Simulated Gas Flame bulb
• Patented LED flame simulation technology creates the look and ambiance of a traditional gas flame
• 110V Weiyan® system uses hammered glass to properly refract LED diodes for a realistic flame effect
• Energy-efficient LED performance with approximately 5W to 8W power usage and up to 50,000 hours of continuous use
• Handcrafted solid copper copper construction that naturally develops a rich, timeless patina.
• Solid brass hinges and latch hardware with mounts and accessories built from marine-grade aluminum"
BM40W,"Bring the romance of a gas flame to outdoor spaces with the Belmont Weiyan® LED Flame Fixture. This handcrafted copper lantern includes the Weiyan® LED Simulated Gas Flame bulb and patented 110V flame simulation technology, using hammered glass to create a lifelike flicker with efficient LED performance. It is a refined Outdoor LED Fixture option for homeowners, designers, and builders who want the atmosphere of gas lighting without gas-line installation.

• Outdoor LED fixture with included Weiyan® LED Simulated Gas Flame bulb
• Patented LED flame simulation technology creates the look and ambiance of a traditional gas flame
• 110V Weiyan® system uses hammered glass to properly refract LED diodes for a realistic flame effect
• Energy-efficient LED performance with approximately 5W to 8W power usage and up to 50,000 hours of continuous use
• Handcrafted solid copper copper construction that naturally develops a rich, timeless patina.
• Solid brass hinges and latch hardware with mounts and accessories built from marine-grade aluminum"
CH30W,"Bring the romance of a gas flame to outdoor spaces with the Churchill Weiyan® LED Flame Fixture. This handcrafted copper lantern includes the Weiyan® LED Simulated Gas Flame bulb and patented 110V flame simulation technology, using hammered glass to create a lifelike flicker with efficient LED performance. It is a refined Outdoor LED Fixture option for homeowners, designers, and builders who want the atmosphere of gas lighting without gas-line installation.

• Outdoor LED fixture with included Weiyan® LED Simulated Gas Flame bulb
• Patented LED flame simulation technology creates the look and ambiance of a traditional gas flame
• 110V Weiyan® system uses hammered glass to properly refract LED diodes for a realistic flame effect
• Energy-efficient LED performance with approximately 5W to 8W power usage and up to 50,000 hours of continuous use
• Handcrafted solid copper copper construction that naturally develops a rich, timeless patina.
• Solid brass hinges and latch hardware with mounts and accessories built from marine-grade aluminum"
CH36W,"Bring the romance of a gas flame to outdoor spaces with the Churchill Weiyan® LED Flame Fixture. This handcrafted copper lantern includes the Weiyan® LED Simulated Gas Flame bulb and patented 110V flame simulation technology, using hammered glass to create a lifelike flicker with efficient LED performance. It is a refined Outdoor LED Fixture option for homeowners, designers, and builders who want the atmosphere of gas lighting without gas-line installation.

• Outdoor LED fixture with included Weiyan® LED Simulated Gas Flame bulb
• Patented LED flame simulation technology creates the look and ambiance of a traditional gas flame
• 110V Weiyan® system uses hammered glass to properly refract LED diodes for a realistic flame effect
• Energy-efficient LED performance with approximately 5W to 8W power usage and up to 50,000 hours of continuous use
• Handcrafted solid copper copper construction that naturally develops a rich, timeless patina.
• Solid brass hinges and latch hardware with mounts and accessories built from marine-grade aluminum"
CH38W,"Bring the romance of a gas flame to outdoor spaces with the Churchill Weiyan® LED Flame Fixture. This handcrafted copper lantern includes the Weiyan® LED Simulated Gas Flame bulb and patented 110V flame simulation technology, using hammered glass to create a lifelike flicker with efficient LED performance. It is a refined Outdoor LED Fixture option for homeowners, designers, and builders who want the atmosphere of gas lighting without gas-line installation.

• Outdoor LED fixture with included Weiyan® LED Simulated Gas Flame bulb
• Patented LED flame simulation technology creates the look and ambiance of a traditional gas flame
• 110V Weiyan® system uses hammered glass to properly refract LED diodes for a realistic flame effect
• Energy-efficient LED performance with approximately 5W to 8W power usage and up to 50,000 hours of continuous use
• Handcrafted solid copper copper construction that naturally develops a rich, timeless patina.
• Solid brass hinges and latch hardware with mounts and accessories built from marine-grade aluminum"
CS41W,"Bring the romance of a gas flame to outdoor spaces with the Conception Street Weiyan® LED Flame Fixture. This handcrafted copper lantern includes the Weiyan® LED Simulated Gas Flame bulb and patented 110V flame simulation technology, using hammered glass to create a lifelike flicker with efficient LED performance. It is a refined Outdoor LED Fixture option for homeowners, designers, and builders who want the atmosphere of gas lighting without gas-line installation.

• Outdoor LED fixture with included Weiyan® LED Simulated Gas Flame bulb
• Patented LED flame simulation technology creates the look and ambiance of a traditional gas flame
• 110V Weiyan® system uses hammered glass to properly refract LED diodes for a realistic flame effect
• Energy-efficient LED performance with approximately 5W to 8W power usage and up to 50,000 hours of continuous use
• Handcrafted solid copper copper construction that naturally develops a rich, timeless patina.
• Solid brass hinges and latch hardware with mounts and accessories built from marine-grade aluminum"
CS42W,"Bring the romance of a gas flame to outdoor spaces with the Conception Street Weiyan® LED Flame Fixture. This handcrafted copper lantern includes the Weiyan® LED Simulated Gas Flame bulb and patented 110V flame simulation technology, using hammered glass to create a lifelike flicker with efficient LED performance. It is a refined Outdoor LED Fixture option for homeowners, designers, and builders who want the atmosphere of gas lighting without gas-line installation.

• Outdoor LED fixture with included Weiyan® LED Simulated Gas Flame bulb
• Patented LED flame simulation technology creates the look and ambiance of a traditional gas flame
• 110V Weiyan® system uses hammered glass to properly refract LED diodes for a realistic flame effect
• Energy-efficient LED performance with approximately 5W to 8W power usage and up to 50,000 hours of continuous use
• Handcrafted solid copper copper construction that naturally develops a rich, timeless patina.
• Solid brass hinges and latch hardware with mounts and accessories built from marine-grade aluminum"
CS43W,"Bring the romance of a gas flame to outdoor spaces with the Conception Street Weiyan® LED Flame Fixture. This handcrafted copper lantern includes the Weiyan® LED Simulated Gas Flame bulb and patented 110V flame simulation technology, using hammered glass to create a lifelike flicker with efficient LED performance. It is a refined Outdoor LED Fixture option for homeowners, designers, and builders who want the atmosphere of gas lighting without gas-line installation.

• Outdoor LED fixture with included Weiyan® LED Simulated Gas Flame bulb
• Patented LED flame simulation technology creates the look and ambiance of a traditional gas flame
• 110V Weiyan® system uses hammered glass to properly refract LED diodes for a realistic flame effect
• Energy-efficient LED performance with approximately 5W to 8W power usage and up to 50,000 hours of continuous use
• Handcrafted solid copper copper construction that naturally develops a rich, timeless patina.
• Solid brass hinges and latch hardware with mounts and accessories built from marine-grade aluminum"
CS44W,"Bring the romance of a gas flame to outdoor spaces with the Conception Street Weiyan® LED Flame Fixture. This handcrafted copper lantern includes the Weiyan® LED Simulated Gas Flame bulb and patented 110V flame simulation technology, using hammered glass to create a lifelike flicker with efficient LED performance. It is a refined Outdoor LED Fixture option for homeowners, designers, and builders who want the atmosphere of gas lighting without gas-line installation.

• Outdoor LED fixture with included Weiyan® LED Simulated Gas Flame bulb
• Patented LED flame simulation technology creates the look and ambiance of a traditional gas flame
• 110V Weiyan® system uses hammered glass to properly refract LED diodes for a realistic flame effect
• Energy-efficient LED performance with approximately 5W to 8W power usage and up to 50,000 hours of continuous use
• Handcrafted solid copper copper construction that naturally develops a rich, timeless patina.
• Solid brass hinges and latch hardware with mounts and accessories built from marine-grade aluminum"
CO18W,"Bring the romance of a gas flame to outdoor spaces with the Contempo Weiyan® LED Flame Fixture. This handcrafted copper lantern includes the Weiyan® LED Simulated Gas Flame bulb and patented 110V flame simulation technology, using hammered glass to create a lifelike flicker with efficient LED performance. It is a refined Outdoor LED Fixture option for homeowners, designers, and builders who want the atmosphere of gas lighting without gas-line installation.

• Outdoor LED fixture with included Weiyan® LED Simulated Gas Flame bulb
• Patented LED flame simulation technology creates the look and ambiance of a traditional gas flame
• 110V Weiyan® system uses hammered glass to properly refract LED diodes for a realistic flame effect
• Energy-efficient LED performance with approximately 5W to 8W power usage and up to 50,000 hours of continuous use
• Handcrafted solid copper copper construction that naturally develops a rich, timeless patina.
• Solid brass hinges and latch hardware with mounts and accessories built from marine-grade aluminum"
CO24W,"Bring the romance of a gas flame to outdoor spaces with the Contempo Weiyan® LED Flame Fixture. This handcrafted copper lantern includes the Weiyan® LED Simulated Gas Flame bulb and patented 110V flame simulation technology, using hammered glass to create a lifelike flicker with efficient LED performance. It is a refined Outdoor LED Fixture option for homeowners, designers, and builders who want the atmosphere of gas lighting without gas-line installation.

• Outdoor LED fixture with included Weiyan® LED Simulated Gas Flame bulb
• Patented LED flame simulation technology creates the look and ambiance of a traditional gas flame
• 110V Weiyan® system uses hammered glass to properly refract LED diodes for a realistic flame effect
• Energy-efficient LED performance with approximately 5W to 8W power usage and up to 50,000 hours of continuous use
• Handcrafted solid copper copper construction that naturally develops a rich, timeless patina.
• Solid brass hinges and latch hardware with mounts and accessories built from marine-grade aluminum"
CO31W,"Bring the romance of a gas flame to outdoor spaces with the Contempo Weiyan® LED Flame Fixture. This handcrafted copper lantern includes the Weiyan® LED Simulated Gas Flame bulb and patented 110V flame simulation technology, using hammered glass to create a lifelike flicker with efficient LED performance. It is a refined Outdoor LED Fixture option for homeowners, designers, and builders who want the atmosphere of gas lighting without gas-line installation.

• Outdoor LED fixture with included Weiyan® LED Simulated Gas Flame bulb
• Patented LED flame simulation technology creates the look and ambiance of a traditional gas flame
• 110V Weiyan® system uses hammered glass to properly refract LED diodes for a realistic flame effect
• Energy-efficient LED performance with approximately 5W to 8W power usage and up to 50,000 hours of continuous use
• Handcrafted solid copper copper construction that naturally develops a rich, timeless patina.
• Solid brass hinges and latch hardware with mounts and accessories built from marine-grade aluminum"
FCO18W,"Bring the romance of a gas flame to outdoor spaces with the Contempo Flush Mount Weiyan® LED Flame Fixture. This handcrafted copper lantern includes the Weiyan® LED Simulated Gas Flame bulb and patented 110V flame simulation technology, using hammered glass to create a lifelike flicker with efficient LED performance. It is a refined Outdoor LED Fixture option for homeowners, designers, and builders who want the atmosphere of gas lighting without gas-line installation.

• Outdoor LED fixture with included Weiyan® LED Simulated Gas Flame bulb
• Patented LED flame simulation technology creates the look and ambiance of a traditional gas flame
• 110V Weiyan® system uses hammered glass to properly refract LED diodes for a realistic flame effect
• Energy-efficient LED performance with approximately 5W to 8W power usage and up to 50,000 hours of continuous use
• Handcrafted solid copper copper construction that naturally develops a rich, timeless patina.
• Solid brass hinges and latch hardware with mounts and accessories built from marine-grade aluminum"
FCO24W,"Bring the romance of a gas flame to outdoor spaces with the Contempo Flush Mount Weiyan® LED Flame Fixture. This handcrafted copper lantern includes the Weiyan® LED Simulated Gas Flame bulb and patented 110V flame simulation technology, using hammered glass to create a lifelike flicker with efficient LED performance. It is a refined Outdoor LED Fixture option for homeowners, designers, and builders who want the atmosphere of gas lighting without gas-line installation.

• Outdoor LED fixture with included Weiyan® LED Simulated Gas Flame bulb
• Patented LED flame simulation technology creates the look and ambiance of a traditional gas flame
• 110V Weiyan® system uses hammered glass to properly refract LED diodes for a realistic flame effect
• Energy-efficient LED performance with approximately 5W to 8W power usage and up to 50,000 hours of continuous use
• Handcrafted solid copper copper construction that naturally develops a rich, timeless patina.
• Solid brass hinges and latch hardware with mounts and accessories built from marine-grade aluminum"
FCO31W,"Bring the romance of a gas flame to outdoor spaces with the Contempo Flush Mount Weiyan® LED Flame Fixture. This handcrafted copper lantern includes the Weiyan® LED Simulated Gas Flame bulb and patented 110V flame simulation technology, using hammered glass to create a lifelike flicker with efficient LED performance. It is a refined Outdoor LED Fixture option for homeowners, designers, and builders who want the atmosphere of gas lighting without gas-line installation.

• Outdoor LED fixture with included Weiyan® LED Simulated Gas Flame bulb
• Patented LED flame simulation technology creates the look and ambiance of a traditional gas flame
• 110V Weiyan® system uses hammered glass to properly refract LED diodes for a realistic flame effect
• Energy-efficient LED performance with approximately 5W to 8W power usage and up to 50,000 hours of continuous use
• Handcrafted solid copper copper construction that naturally develops a rich, timeless patina.
• Solid brass hinges and latch hardware with mounts and accessories built from marine-grade aluminum"
ES61W,"Bring the romance of a gas flame to outdoor spaces with the Eslava Street Weiyan® LED Flame Fixture. This handcrafted copper lantern includes the Weiyan® LED Simulated Gas Flame bulb and patented 110V flame simulation technology, using hammered glass to create a lifelike flicker with efficient LED performance. It is a refined Outdoor LED Fixture option for homeowners, designers, and builders who want the atmosphere of gas lighting without gas-line installation.

• Outdoor LED fixture with included Weiyan® LED Simulated Gas Flame bulb
• Patented LED flame simulation technology creates the look and ambiance of a traditional gas flame
• 110V Weiyan® system uses hammered glass to properly refract LED diodes for a realistic flame effect
• Energy-efficient LED performance with approximately 5W to 8W power usage and up to 50,000 hours of continuous use
• Handcrafted solid copper copper construction that naturally develops a rich, timeless patina.
• Solid brass hinges and latch hardware with mounts and accessories built from marine-grade aluminum"
ES62W,"Bring the romance of a gas flame to outdoor spaces with the Eslava Street Weiyan® LED Flame Fixture. This handcrafted copper lantern includes the Weiyan® LED Simulated Gas Flame bulb and patented 110V flame simulation technology, using hammered glass to create a lifelike flicker with efficient LED performance. It is a refined Outdoor LED Fixture option for homeowners, designers, and builders who want the atmosphere of gas lighting without gas-line installation.

• Outdoor LED fixture with included Weiyan® LED Simulated Gas Flame bulb
• Patented LED flame simulation technology creates the look and ambiance of a traditional gas flame
• 110V Weiyan® system uses hammered glass to properly refract LED diodes for a realistic flame effect
• Energy-efficient LED performance with approximately 5W to 8W power usage and up to 50,000 hours of continuous use
• Handcrafted solid copper copper construction that naturally develops a rich, timeless patina.
• Solid brass hinges and latch hardware with mounts and accessories built from marine-grade aluminum"
ES63W,"Bring the romance of a gas flame to outdoor spaces with the Eslava Street Weiyan® LED Flame Fixture. This handcrafted copper lantern includes the Weiyan® LED Simulated Gas Flame bulb and patented 110V flame simulation technology, using hammered glass to create a lifelike flicker with efficient LED performance. It is a refined Outdoor LED Fixture option for homeowners, designers, and builders who want the atmosphere of gas lighting without gas-line installation.

• Outdoor LED fixture with included Weiyan® LED Simulated Gas Flame bulb
• Patented LED flame simulation technology creates the look and ambiance of a traditional gas flame
• 110V Weiyan® system uses hammered glass to properly refract LED diodes for a realistic flame effect
• Energy-efficient LED performance with approximately 5W to 8W power usage and up to 50,000 hours of continuous use
• Handcrafted solid copper copper construction that naturally develops a rich, timeless patina.
• Solid brass hinges and latch hardware with mounts and accessories built from marine-grade aluminum"
ES64W,"Bring the romance of a gas flame to outdoor spaces with the Eslava Street Weiyan® LED Flame Fixture. This handcrafted copper lantern includes the Weiyan® LED Simulated Gas Flame bulb and patented 110V flame simulation technology, using hammered glass to create a lifelike flicker with efficient LED performance. It is a refined Outdoor LED Fixture option for homeowners, designers, and builders who want the atmosphere of gas lighting without gas-line installation.

• Outdoor LED fixture with included Weiyan® LED Simulated Gas Flame bulb
• Patented LED flame simulation technology creates the look and ambiance of a traditional gas flame
• 110V Weiyan® system uses hammered glass to properly refract LED diodes for a realistic flame effect
• Energy-efficient LED performance with approximately 5W to 8W power usage and up to 50,000 hours of continuous use
• Handcrafted solid copper copper construction that naturally develops a rich, timeless patina.
• Solid brass hinges and latch hardware with mounts and accessories built from marine-grade aluminum"
GT15W,"Bring the romance of a gas flame to outdoor spaces with the Georgetown Weiyan® LED Flame Fixture. This handcrafted copper lantern includes the Weiyan® LED Simulated Gas Flame bulb and patented 110V flame simulation technology, using hammered glass to create a lifelike flicker with efficient LED performance. It is a refined Outdoor LED Fixture option for homeowners, designers, and builders who want the atmosphere of gas lighting without gas-line installation.

• Outdoor LED fixture with included Weiyan® LED Simulated Gas Flame bulb
• Patented LED flame simulation technology creates the look and ambiance of a traditional gas flame
• 110V Weiyan® system uses hammered glass to properly refract LED diodes for a realistic flame effect
• Energy-efficient LED performance with approximately 5W to 8W power usage and up to 50,000 hours of continuous use
• Handcrafted solid copper copper construction that naturally develops a rich, timeless patina.
• Solid brass hinges and latch hardware with mounts and accessories built from marine-grade aluminum"
GT18W,"Bring the romance of a gas flame to outdoor spaces with the Georgetown Weiyan® LED Flame Fixture. This handcrafted copper lantern includes the Weiyan® LED Simulated Gas Flame bulb and patented 110V flame simulation technology, using hammered glass to create a lifelike flicker with efficient LED performance. It is a refined Outdoor LED Fixture option for homeowners, designers, and builders who want the atmosphere of gas lighting without gas-line installation.

• Outdoor LED fixture with included Weiyan® LED Simulated Gas Flame bulb
• Patented LED flame simulation technology creates the look and ambiance of a traditional gas flame
• 110V Weiyan® system uses hammered glass to properly refract LED diodes for a realistic flame effect
• Energy-efficient LED performance with approximately 5W to 8W power usage and up to 50,000 hours of continuous use
• Handcrafted solid copper copper construction that naturally develops a rich, timeless patina.
• Solid brass hinges and latch hardware with mounts and accessories built from marine-grade aluminum"
GT20W,"Bring the romance of a gas flame to outdoor spaces with the Georgetown Weiyan® LED Flame Fixture. This handcrafted copper lantern includes the Weiyan® LED Simulated Gas Flame bulb and patented 110V flame simulation technology, using hammered glass to create a lifelike flicker with efficient LED performance. It is a refined Outdoor LED Fixture option for homeowners, designers, and builders who want the atmosphere of gas lighting without gas-line installation.

• Outdoor LED fixture with included Weiyan® LED Simulated Gas Flame bulb
• Patented LED flame simulation technology creates the look and ambiance of a traditional gas flame
• 110V Weiyan® system uses hammered glass to properly refract LED diodes for a realistic flame effect
• Energy-efficient LED performance with approximately 5W to 8W power usage and up to 50,000 hours of continuous use
• Handcrafted solid copper copper construction that naturally develops a rich, timeless patina.
• Solid brass hinges and latch hardware with mounts and accessories built from marine-grade aluminum"
GT22W,"Bring the romance of a gas flame to outdoor spaces with the Georgetown Weiyan® LED Flame Fixture. This handcrafted copper lantern includes the Weiyan® LED Simulated Gas Flame bulb and patented 110V flame simulation technology, using hammered glass to create a lifelike flicker with efficient LED performance. It is a refined Outdoor LED Fixture option for homeowners, designers, and builders who want the atmosphere of gas lighting without gas-line installation.

• Outdoor LED fixture with included Weiyan® LED Simulated Gas Flame bulb
• Patented LED flame simulation technology creates the look and ambiance of a traditional gas flame
• 110V Weiyan® system uses hammered glass to properly refract LED diodes for a realistic flame effect
• Energy-efficient LED performance with approximately 5W to 8W power usage and up to 50,000 hours of continuous use
• Handcrafted solid copper copper construction that naturally develops a rich, timeless patina.
• Solid brass hinges and latch hardware with mounts and accessories built from marine-grade aluminum"
GT27W,"Bring the romance of a gas flame to outdoor spaces with the Georgetown Weiyan® LED Flame Fixture. This handcrafted copper lantern includes the Weiyan® LED Simulated Gas Flame bulb and patented 110V flame simulation technology, using hammered glass to create a lifelike flicker with efficient LED performance. It is a refined Outdoor LED Fixture option for homeowners, designers, and builders who want the atmosphere of gas lighting without gas-line installation.

• Outdoor LED fixture with included Weiyan® LED Simulated Gas Flame bulb
• Patented LED flame simulation technology creates the look and ambiance of a traditional gas flame
• 110V Weiyan® system uses hammered glass to properly refract LED diodes for a realistic flame effect
• Energy-efficient LED performance with approximately 5W to 8W power usage and up to 50,000 hours of continuous use
• Handcrafted solid copper copper construction that naturally develops a rich, timeless patina.
• Solid brass hinges and latch hardware with mounts and accessories built from marine-grade aluminum"
GT36W,"Bring the romance of a gas flame to outdoor spaces with the Georgetown Weiyan® LED Flame Fixture. This handcrafted copper lantern includes the Weiyan® LED Simulated Gas Flame bulb and patented 110V flame simulation technology, using hammered glass to create a lifelike flicker with efficient LED performance. It is a refined Outdoor LED Fixture option for homeowners, designers, and builders who want the atmosphere of gas lighting without gas-line installation.

• Outdoor LED fixture with included Weiyan® LED Simulated Gas Flame bulb
• Patented LED flame simulation technology creates the look and ambiance of a traditional gas flame
• 110V Weiyan® system uses hammered glass to properly refract LED diodes for a realistic flame effect
• Energy-efficient LED performance with approximately 5W to 8W power usage and up to 50,000 hours of continuous use
• Handcrafted solid copper copper construction that naturally develops a rich, timeless patina.
• Solid brass hinges and latch hardware with mounts and accessories built from marine-grade aluminum"
HL15W,"Bring the romance of a gas flame to outdoor spaces with the Hyland Weiyan® LED Flame Fixture. This handcrafted copper lantern includes the Weiyan® LED Simulated Gas Flame bulb and patented 110V flame simulation technology, using hammered glass to create a lifelike flicker with efficient LED performance. It is a refined Outdoor LED Fixture option for homeowners, designers, and builders who want the atmosphere of gas lighting without gas-line installation.

• Outdoor LED fixture with included Weiyan® LED Simulated Gas Flame bulb
• Patented LED flame simulation technology creates the look and ambiance of a traditional gas flame
• 110V Weiyan® system uses hammered glass to properly refract LED diodes for a realistic flame effect
• Energy-efficient LED performance with approximately 5W to 8W power usage and up to 50,000 hours of continuous use
• Handcrafted solid copper copper construction that naturally develops a rich, timeless patina.
• Solid brass hinges and latch hardware with mounts and accessories built from marine-grade aluminum"
HL18W,"Bring the romance of a gas flame to outdoor spaces with the Hyland Weiyan® LED Flame Fixture. This handcrafted copper lantern includes the Weiyan® LED Simulated Gas Flame bulb and patented 110V flame simulation technology, using hammered glass to create a lifelike flicker with efficient LED performance. It is a refined Outdoor LED Fixture option for homeowners, designers, and builders who want the atmosphere of gas lighting without gas-line installation.

• Outdoor LED fixture with included Weiyan® LED Simulated Gas Flame bulb
• Patented LED flame simulation technology creates the look and ambiance of a traditional gas flame
• 110V Weiyan® system uses hammered glass to properly refract LED diodes for a realistic flame effect
• Energy-efficient LED performance with approximately 5W to 8W power usage and up to 50,000 hours of continuous use
• Handcrafted solid copper copper construction that naturally develops a rich, timeless patina.
• Solid brass hinges and latch hardware with mounts and accessories built from marine-grade aluminum"
HL21W,"Bring the romance of a gas flame to outdoor spaces with the Hyland Weiyan® LED Flame Fixture. This handcrafted copper lantern includes the Weiyan® LED Simulated Gas Flame bulb and patented 110V flame simulation technology, using hammered glass to create a lifelike flicker with efficient LED performance. It is a refined Outdoor LED Fixture option for homeowners, designers, and builders who want the atmosphere of gas lighting without gas-line installation.

• Outdoor LED fixture with included Weiyan® LED Simulated Gas Flame bulb
• Patented LED flame simulation technology creates the look and ambiance of a traditional gas flame
• 110V Weiyan® system uses hammered glass to properly refract LED diodes for a realistic flame effect
• Energy-efficient LED performance with approximately 5W to 8W power usage and up to 50,000 hours of continuous use
• Handcrafted solid copper copper construction that naturally develops a rich, timeless patina.
• Solid brass hinges and latch hardware with mounts and accessories built from marine-grade aluminum"
HL30W,"Bring the romance of a gas flame to outdoor spaces with the Hyland Weiyan® LED Flame Fixture. This handcrafted copper lantern includes the Weiyan® LED Simulated Gas Flame bulb and patented 110V flame simulation technology, using hammered glass to create a lifelike flicker with efficient LED performance. It is a refined Outdoor LED Fixture option for homeowners, designers, and builders who want the atmosphere of gas lighting without gas-line installation.

• Outdoor LED fixture with included Weiyan® LED Simulated Gas Flame bulb
• Patented LED flame simulation technology creates the look and ambiance of a traditional gas flame
• 110V Weiyan® system uses hammered glass to properly refract LED diodes for a realistic flame effect
• Energy-efficient LED performance with approximately 5W to 8W power usage and up to 50,000 hours of continuous use
• Handcrafted solid copper copper construction that naturally develops a rich, timeless patina.
• Solid brass hinges and latch hardware with mounts and accessories built from marine-grade aluminum"
FHL15W,"Bring the romance of a gas flame to outdoor spaces with the Hyland Flush Mount Weiyan® LED Flame Fixture. This handcrafted copper lantern includes the Weiyan® LED Simulated Gas Flame bulb and patented 110V flame simulation technology, using hammered glass to create a lifelike flicker with efficient LED performance. It is a refined Outdoor LED Fixture option for homeowners, designers, and builders who want the atmosphere of gas lighting without gas-line installation.

• Outdoor LED fixture with included Weiyan® LED Simulated Gas Flame bulb
• Patented LED flame simulation technology creates the look and ambiance of a traditional gas flame
• 110V Weiyan® system uses hammered glass to properly refract LED diodes for a realistic flame effect
• Energy-efficient LED performance with approximately 5W to 8W power usage and up to 50,000 hours of continuous use
• Handcrafted solid copper copper construction that naturally develops a rich, timeless patina.
• Solid brass hinges and latch hardware with mounts and accessories built from marine-grade aluminum"
FHL18W,"Bring the romance of a gas flame to outdoor spaces with the Hyland Flush Mount Weiyan® LED Flame Fixture. This handcrafted copper lantern includes the Weiyan® LED Simulated Gas Flame bulb and patented 110V flame simulation technology, using hammered glass to create a lifelike flicker with efficient LED performance. It is a refined Outdoor LED Fixture option for homeowners, designers, and builders who want the atmosphere of gas lighting without gas-line installation.

• Outdoor LED fixture with included Weiyan® LED Simulated Gas Flame bulb
• Patented LED flame simulation technology creates the look and ambiance of a traditional gas flame
• 110V Weiyan® system uses hammered glass to properly refract LED diodes for a realistic flame effect
• Energy-efficient LED performance with approximately 5W to 8W power usage and up to 50,000 hours of continuous use
• Handcrafted solid copper copper construction that naturally develops a rich, timeless patina.
• Solid brass hinges and latch hardware with mounts and accessories built from marine-grade aluminum"
FHL21W,"Bring the romance of a gas flame to outdoor spaces with the Hyland Flush Weiyan® LED Flame Fixture. This handcrafted copper lantern includes the Weiyan® LED Simulated Gas Flame bulb and patented 110V flame simulation technology, using hammered glass to create a lifelike flicker with efficient LED performance. It is a refined Outdoor LED Fixture option for homeowners, designers, and builders who want the atmosphere of gas lighting without gas-line installation.

• Outdoor LED fixture with included Weiyan® LED Simulated Gas Flame bulb
• Patented LED flame simulation technology creates the look and ambiance of a traditional gas flame
• 110V Weiyan® system uses hammered glass to properly refract LED diodes for a realistic flame effect
• Energy-efficient LED performance with approximately 5W to 8W power usage and up to 50,000 hours of continuous use
• Handcrafted solid copper copper construction that naturally develops a rich, timeless patina.
• Solid brass hinges and latch hardware with mounts and accessories built from marine-grade aluminum"
MS16W,"Bring the romance of a gas flame to outdoor spaces with the Market Street Weiyan® LED Flame Fixture. This handcrafted copper lantern includes the Weiyan® LED Simulated Gas Flame bulb and patented 110V flame simulation technology, using hammered glass to create a lifelike flicker with efficient LED performance. It is a refined Outdoor LED Fixture option for homeowners, designers, and builders who want the atmosphere of gas lighting without gas-line installation.

• Outdoor LED fixture with included Weiyan® LED Simulated Gas Flame bulb
• Patented LED flame simulation technology creates the look and ambiance of a traditional gas flame
• 110V Weiyan® system uses hammered glass to properly refract LED diodes for a realistic flame effect
• Energy-efficient LED performance with approximately 5W to 8W power usage and up to 50,000 hours of continuous use
• Handcrafted solid copper copper construction that naturally develops a rich, timeless patina.
• Solid brass hinges and latch hardware with mounts and accessories built from marine-grade aluminum"
MS19W,"Bring the romance of a gas flame to outdoor spaces with the Market Street Weiyan® LED Flame Fixture. This handcrafted copper lantern includes the Weiyan® LED Simulated Gas Flame bulb and patented 110V flame simulation technology, using hammered glass to create a lifelike flicker with efficient LED performance. It is a refined Outdoor LED Fixture option for homeowners, designers, and builders who want the atmosphere of gas lighting without gas-line installation.

• Outdoor LED fixture with included Weiyan® LED Simulated Gas Flame bulb
• Patented LED flame simulation technology creates the look and ambiance of a traditional gas flame
• 110V Weiyan® system uses hammered glass to properly refract LED diodes for a realistic flame effect
• Energy-efficient LED performance with approximately 5W to 8W power usage and up to 50,000 hours of continuous use
• Handcrafted solid copper copper construction that naturally develops a rich, timeless patina.
• Solid brass hinges and latch hardware with mounts and accessories built from marine-grade aluminum"
MS21W,"Bring the romance of a gas flame to outdoor spaces with the Market Street Weiyan® LED Flame Fixture. This handcrafted copper lantern includes the Weiyan® LED Simulated Gas Flame bulb and patented 110V flame simulation technology, using hammered glass to create a lifelike flicker with efficient LED performance. It is a refined Outdoor LED Fixture option for homeowners, designers, and builders who want the atmosphere of gas lighting without gas-line installation.

• Outdoor LED fixture with included Weiyan® LED Simulated Gas Flame bulb
• Patented LED flame simulation technology creates the look and ambiance of a traditional gas flame
• 110V Weiyan® system uses hammered glass to properly refract LED diodes for a realistic flame effect
• Energy-efficient LED performance with approximately 5W to 8W power usage and up to 50,000 hours of continuous use
• Handcrafted solid copper copper construction that naturally develops a rich, timeless patina.
• Solid brass hinges and latch hardware with mounts and accessories built from marine-grade aluminum"
MS30W,"Bring the romance of a gas flame to outdoor spaces with the Market Street Weiyan® LED Flame Fixture. This handcrafted copper lantern includes the Weiyan® LED Simulated Gas Flame bulb and patented 110V flame simulation technology, using hammered glass to create a lifelike flicker with efficient LED performance. It is a refined Outdoor LED Fixture option for homeowners, designers, and builders who want the atmosphere of gas lighting without gas-line installation.

• Outdoor LED fixture with included Weiyan® LED Simulated Gas Flame bulb
• Patented LED flame simulation technology creates the look and ambiance of a traditional gas flame
• 110V Weiyan® system uses hammered glass to properly refract LED diodes for a realistic flame effect
• Energy-efficient LED performance with approximately 5W to 8W power usage and up to 50,000 hours of continuous use
• Handcrafted solid copper copper construction that naturally develops a rich, timeless patina.
• Solid brass hinges and latch hardware with mounts and accessories built from marine-grade aluminum"
MV19W,"Bring the romance of a gas flame to outdoor spaces with the Mount Vernon Weiyan® LED Flame Fixture. This handcrafted copper lantern includes the Weiyan® LED Simulated Gas Flame bulb and patented 110V flame simulation technology, using hammered glass to create a lifelike flicker with efficient LED performance. It is a refined Outdoor LED Fixture option for homeowners, designers, and builders who want the atmosphere of gas lighting without gas-line installation.

• Outdoor LED fixture with included Weiyan® LED Simulated Gas Flame bulb
• Patented LED flame simulation technology creates the look and ambiance of a traditional gas flame
• 110V Weiyan® system uses hammered glass to properly refract LED diodes for a realistic flame effect
• Energy-efficient LED performance with approximately 5W to 8W power usage and up to 50,000 hours of continuous use
• Handcrafted solid copper copper construction that naturally develops a rich, timeless patina.
• Solid brass hinges and latch hardware with mounts and accessories built from marine-grade aluminum"
MV25W,"Bring the romance of a gas flame to outdoor spaces with the Mount Vernon Weiyan® LED Flame Fixture. This handcrafted copper lantern includes the Weiyan® LED Simulated Gas Flame bulb and patented 110V flame simulation technology, using hammered glass to create a lifelike flicker with efficient LED performance. It is a refined Outdoor LED Fixture option for homeowners, designers, and builders who want the atmosphere of gas lighting without gas-line installation.

• Outdoor LED fixture with included Weiyan® LED Simulated Gas Flame bulb
• Patented LED flame simulation technology creates the look and ambiance of a traditional gas flame
• 110V Weiyan® system uses hammered glass to properly refract LED diodes for a realistic flame effect
• Energy-efficient LED performance with approximately 5W to 8W power usage and up to 50,000 hours of continuous use
• Handcrafted solid copper copper construction that naturally develops a rich, timeless patina.
• Solid brass hinges and latch hardware with mounts and accessories built from marine-grade aluminum"
MV30W,"Bring the romance of a gas flame to outdoor spaces with the Mount Vernon Weiyan® LED Flame Fixture. This handcrafted copper lantern includes the Weiyan® LED Simulated Gas Flame bulb and patented 110V flame simulation technology, using hammered glass to create a lifelike flicker with efficient LED performance. It is a refined Outdoor LED Fixture option for homeowners, designers, and builders who want the atmosphere of gas lighting without gas-line installation.

• Outdoor LED fixture with included Weiyan® LED Simulated Gas Flame bulb
• Patented LED flame simulation technology creates the look and ambiance of a traditional gas flame
• 110V Weiyan® system uses hammered glass to properly refract LED diodes for a realistic flame effect
• Energy-efficient LED performance with approximately 5W to 8W power usage and up to 50,000 hours of continuous use
• Handcrafted solid copper copper construction that naturally develops a rich, timeless patina.
• Solid brass hinges and latch hardware with mounts and accessories built from marine-grade aluminum"
OA20W,"Bring the romance of a gas flame to outdoor spaces with the Oakley Weiyan® LED Flame Fixture. This handcrafted copper lantern includes the Weiyan® LED Simulated Gas Flame bulb and patented 110V flame simulation technology, using hammered glass to create a lifelike flicker with efficient LED performance. It is a refined Outdoor LED Fixture option for homeowners, designers, and builders who want the atmosphere of gas lighting without gas-line installation.

• Outdoor LED fixture with included Weiyan® LED Simulated Gas Flame bulb
• Patented LED flame simulation technology creates the look and ambiance of a traditional gas flame
• 110V Weiyan® system uses hammered glass to properly refract LED diodes for a realistic flame effect
• Energy-efficient LED performance with approximately 5W to 8W power usage and up to 50,000 hours of continuous use
• Handcrafted solid copper copper construction that naturally develops a rich, timeless patina.
• Solid brass hinges and latch hardware with mounts and accessories built from marine-grade aluminum"
OA25W,"Bring the romance of a gas flame to outdoor spaces with the Oakley Weiyan® LED Flame Fixture. This handcrafted copper lantern includes the Weiyan® LED Simulated Gas Flame bulb and patented 110V flame simulation technology, using hammered glass to create a lifelike flicker with efficient LED performance. It is a refined Outdoor LED Fixture option for homeowners, designers, and builders who want the atmosphere of gas lighting without gas-line installation.

• Outdoor LED fixture with included Weiyan® LED Simulated Gas Flame bulb
• Patented LED flame simulation technology creates the look and ambiance of a traditional gas flame
• 110V Weiyan® system uses hammered glass to properly refract LED diodes for a realistic flame effect
• Energy-efficient LED performance with approximately 5W to 8W power usage and up to 50,000 hours of continuous use
• Handcrafted solid copper copper construction that naturally develops a rich, timeless patina.
• Solid brass hinges and latch hardware with mounts and accessories built from marine-grade aluminum"
OA33W,"Bring the romance of a gas flame to outdoor spaces with the Oakley Weiyan® LED Flame Fixture. This handcrafted copper lantern includes the Weiyan® LED Simulated Gas Flame bulb and patented 110V flame simulation technology, using hammered glass to create a lifelike flicker with efficient LED performance. It is a refined Outdoor LED Fixture option for homeowners, designers, and builders who want the atmosphere of gas lighting without gas-line installation.

• Outdoor LED fixture with included Weiyan® LED Simulated Gas Flame bulb
• Patented LED flame simulation technology creates the look and ambiance of a traditional gas flame
• 110V Weiyan® system uses hammered glass to properly refract LED diodes for a realistic flame effect
• Energy-efficient LED performance with approximately 5W to 8W power usage and up to 50,000 hours of continuous use
• Handcrafted solid copper copper construction that naturally develops a rich, timeless patina.
• Solid brass hinges and latch hardware with mounts and accessories built from marine-grade aluminum"
PS19W,"Bring the romance of a gas flame to outdoor spaces with the Palmetto Street Weiyan® LED Flame Fixture. This handcrafted copper lantern includes the Weiyan® LED Simulated Gas Flame bulb and patented 110V flame simulation technology, using hammered glass to create a lifelike flicker with efficient LED performance. It is a refined Outdoor LED Fixture option for homeowners, designers, and builders who want the atmosphere of gas lighting without gas-line installation.

• Outdoor LED fixture with included Weiyan® LED Simulated Gas Flame bulb
• Patented LED flame simulation technology creates the look and ambiance of a traditional gas flame
• 110V Weiyan® system uses hammered glass to properly refract LED diodes for a realistic flame effect
• Energy-efficient LED performance with approximately 5W to 8W power usage and up to 50,000 hours of continuous use
• Handcrafted solid copper copper construction that naturally develops a rich, timeless patina.
• Solid brass hinges and latch hardware with mounts and accessories built from marine-grade aluminum"
PS24W,"Bring the romance of a gas flame to outdoor spaces with the Palmetto Street Weiyan® LED Flame Fixture. This handcrafted copper lantern includes the Weiyan® LED Simulated Gas Flame bulb and patented 110V flame simulation technology, using hammered glass to create a lifelike flicker with efficient LED performance. It is a refined Outdoor LED Fixture option for homeowners, designers, and builders who want the atmosphere of gas lighting without gas-line installation.

• Outdoor LED fixture with included Weiyan® LED Simulated Gas Flame bulb
• Patented LED flame simulation technology creates the look and ambiance of a traditional gas flame
• 110V Weiyan® system uses hammered glass to properly refract LED diodes for a realistic flame effect
• Energy-efficient LED performance with approximately 5W to 8W power usage and up to 50,000 hours of continuous use
• Handcrafted solid copper copper construction that naturally develops a rich, timeless patina.
• Solid brass hinges and latch hardware with mounts and accessories built from marine-grade aluminum"
PS29W,"Bring the romance of a gas flame to outdoor spaces with the Palmetto Street Weiyan® LED Flame Fixture. This handcrafted copper lantern includes the Weiyan® LED Simulated Gas Flame bulb and patented 110V flame simulation technology, using hammered glass to create a lifelike flicker with efficient LED performance. It is a refined Outdoor LED Fixture option for homeowners, designers, and builders who want the atmosphere of gas lighting without gas-line installation.

• Outdoor LED fixture with included Weiyan® LED Simulated Gas Flame bulb
• Patented LED flame simulation technology creates the look and ambiance of a traditional gas flame
• 110V Weiyan® system uses hammered glass to properly refract LED diodes for a realistic flame effect
• Energy-efficient LED performance with approximately 5W to 8W power usage and up to 50,000 hours of continuous use
• Handcrafted solid copper copper construction that naturally develops a rich, timeless patina.
• Solid brass hinges and latch hardware with mounts and accessories built from marine-grade aluminum"
PH20W,"Bring the romance of a gas flame to outdoor spaces with the Pebble Hill Weiyan® LED Flame Fixture. This handcrafted copper lantern includes the Weiyan® LED Simulated Gas Flame bulb and patented 110V flame simulation technology, using hammered glass to create a lifelike flicker with efficient LED performance. It is a refined Outdoor LED Fixture option for homeowners, designers, and builders who want the atmosphere of gas lighting without gas-line installation.

• Outdoor LED fixture with included Weiyan® LED Simulated Gas Flame bulb
• Patented LED flame simulation technology creates the look and ambiance of a traditional gas flame
• 110V Weiyan® system uses hammered glass to properly refract LED diodes for a realistic flame effect
• Energy-efficient LED performance with approximately 5W to 8W power usage and up to 50,000 hours of continuous use
• Handcrafted solid copper copper construction that naturally develops a rich, timeless patina.
• Solid brass hinges and latch hardware with mounts and accessories built from marine-grade aluminum"
PH22W,"Bring the romance of a gas flame to outdoor spaces with the Pebble Hill Weiyan® LED Flame Fixture. This handcrafted copper lantern includes the Weiyan® LED Simulated Gas Flame bulb and patented 110V flame simulation technology, using hammered glass to create a lifelike flicker with efficient LED performance. It is a refined Outdoor LED Fixture option for homeowners, designers, and builders who want the atmosphere of gas lighting without gas-line installation.

• Outdoor LED fixture with included Weiyan® LED Simulated Gas Flame bulb
• Patented LED flame simulation technology creates the look and ambiance of a traditional gas flame
• 110V Weiyan® system uses hammered glass to properly refract LED diodes for a realistic flame effect
• Energy-efficient LED performance with approximately 5W to 8W power usage and up to 50,000 hours of continuous use
• Handcrafted solid copper copper construction that naturally develops a rich, timeless patina.
• Solid brass hinges and latch hardware with mounts and accessories built from marine-grade aluminum"
PH29W,"Bring the romance of a gas flame to outdoor spaces with the Pebble Hill Weiyan® LED Flame Fixture. This handcrafted copper lantern includes the Weiyan® LED Simulated Gas Flame bulb and patented 110V flame simulation technology, using hammered glass to create a lifelike flicker with efficient LED performance. It is a refined Outdoor LED Fixture option for homeowners, designers, and builders who want the atmosphere of gas lighting without gas-line installation.

• Outdoor LED fixture with included Weiyan® LED Simulated Gas Flame bulb
• Patented LED flame simulation technology creates the look and ambiance of a traditional gas flame
• 110V Weiyan® system uses hammered glass to properly refract LED diodes for a realistic flame effect
• Energy-efficient LED performance with approximately 5W to 8W power usage and up to 50,000 hours of continuous use
• Handcrafted solid copper copper construction that naturally develops a rich, timeless patina.
• Solid brass hinges and latch hardware with mounts and accessories built from marine-grade aluminum"
SO20W,"Bring the romance of a gas flame to outdoor spaces with the Somerset Weiyan® LED Flame Fixture. This handcrafted copper lantern includes the Weiyan® LED Simulated Gas Flame bulb and patented 110V flame simulation technology, using hammered glass to create a lifelike flicker with efficient LED performance. It is a refined Outdoor LED Fixture option for homeowners, designers, and builders who want the atmosphere of gas lighting without gas-line installation.

• Outdoor LED fixture with included Weiyan® LED Simulated Gas Flame bulb
• Patented LED flame simulation technology creates the look and ambiance of a traditional gas flame
• 110V Weiyan® system uses hammered glass to properly refract LED diodes for a realistic flame effect
• Energy-efficient LED performance with approximately 5W to 8W power usage and up to 50,000 hours of continuous use
• Handcrafted solid copper copper construction that naturally develops a rich, timeless patina.
• Solid brass hinges and latch hardware with mounts and accessories built from marine-grade aluminum"
SO22W,"Bring the romance of a gas flame to outdoor spaces with the Somerset Weiyan® LED Flame Fixture. This handcrafted copper lantern includes the Weiyan® LED Simulated Gas Flame bulb and patented 110V flame simulation technology, using hammered glass to create a lifelike flicker with efficient LED performance. It is a refined Outdoor LED Fixture option for homeowners, designers, and builders who want the atmosphere of gas lighting without gas-line installation.

• Outdoor LED fixture with included Weiyan® LED Simulated Gas Flame bulb
• Patented LED flame simulation technology creates the look and ambiance of a traditional gas flame
• 110V Weiyan® system uses hammered glass to properly refract LED diodes for a realistic flame effect
• Energy-efficient LED performance with approximately 5W to 8W power usage and up to 50,000 hours of continuous use
• Handcrafted solid copper copper construction that naturally develops a rich, timeless patina.
• Solid brass hinges and latch hardware with mounts and accessories built from marine-grade aluminum"
SO26W,"Bring the romance of a gas flame to outdoor spaces with the Somerset Weiyan® LED Flame Fixture. This handcrafted copper lantern includes the Weiyan® LED Simulated Gas Flame bulb and patented 110V flame simulation technology, using hammered glass to create a lifelike flicker with efficient LED performance. It is a refined Outdoor LED Fixture option for homeowners, designers, and builders who want the atmosphere of gas lighting without gas-line installation.

• Outdoor LED fixture with included Weiyan® LED Simulated Gas Flame bulb
• Patented LED flame simulation technology creates the look and ambiance of a traditional gas flame
• 110V Weiyan® system uses hammered glass to properly refract LED diodes for a realistic flame effect
• Energy-efficient LED performance with approximately 5W to 8W power usage and up to 50,000 hours of continuous use
• Handcrafted solid copper copper construction that naturally develops a rich, timeless patina.
• Solid brass hinges and latch hardware with mounts and accessories built from marine-grade aluminum"
SO32W,"Bring the romance of a gas flame to outdoor spaces with the Somerset Weiyan® LED Flame Fixture. This handcrafted copper lantern includes the Weiyan® LED Simulated Gas Flame bulb and patented 110V flame simulation technology, using hammered glass to create a lifelike flicker with efficient LED performance. It is a refined Outdoor LED Fixture option for homeowners, designers, and builders who want the atmosphere of gas lighting without gas-line installation.

• Outdoor LED fixture with included Weiyan® LED Simulated Gas Flame bulb
• Patented LED flame simulation technology creates the look and ambiance of a traditional gas flame
• 110V Weiyan® system uses hammered glass to properly refract LED diodes for a realistic flame effect
• Energy-efficient LED performance with approximately 5W to 8W power usage and up to 50,000 hours of continuous use
• Handcrafted solid copper copper construction that naturally develops a rich, timeless patina.
• Solid brass hinges and latch hardware with mounts and accessories built from marine-grade aluminum"
SS41W,"Bring the romance of a gas flame to outdoor spaces with the State Street Weiyan® LED Flame Fixture. This handcrafted copper lantern includes the Weiyan® LED Simulated Gas Flame bulb and patented 110V flame simulation technology, using hammered glass to create a lifelike flicker with efficient LED performance. It is a refined Outdoor LED Fixture option for homeowners, designers, and builders who want the atmosphere of gas lighting without gas-line installation.

• Outdoor LED fixture with included Weiyan® LED Simulated Gas Flame bulb
• Patented LED flame simulation technology creates the look and ambiance of a traditional gas flame
• 110V Weiyan® system uses hammered glass to properly refract LED diodes for a realistic flame effect
• Energy-efficient LED performance with approximately 5W to 8W power usage and up to 50,000 hours of continuous use
• Handcrafted solid copper copper construction that naturally develops a rich, timeless patina.
• Solid brass hinges and latch hardware with mounts and accessories built from marine-grade aluminum"
SS42W,"Bring the romance of a gas flame to outdoor spaces with the State Street Weiyan® LED Flame Fixture. This handcrafted copper lantern includes the Weiyan® LED Simulated Gas Flame bulb and patented 110V flame simulation technology, using hammered glass to create a lifelike flicker with efficient LED performance. It is a refined Outdoor LED Fixture option for homeowners, designers, and builders who want the atmosphere of gas lighting without gas-line installation.

• Outdoor LED fixture with included Weiyan® LED Simulated Gas Flame bulb
• Patented LED flame simulation technology creates the look and ambiance of a traditional gas flame
• 110V Weiyan® system uses hammered glass to properly refract LED diodes for a realistic flame effect
• Energy-efficient LED performance with approximately 5W to 8W power usage and up to 50,000 hours of continuous use
• Handcrafted solid copper copper construction that naturally develops a rich, timeless patina.
• Solid brass hinges and latch hardware with mounts and accessories built from marine-grade aluminum"
SS43W,"Bring the romance of a gas flame to outdoor spaces with the State Street Weiyan® LED Flame Fixture. This handcrafted copper lantern includes the Weiyan® LED Simulated Gas Flame bulb and patented 110V flame simulation technology, using hammered glass to create a lifelike flicker with efficient LED performance. It is a refined Outdoor LED Fixture option for homeowners, designers, and builders who want the atmosphere of gas lighting without gas-line installation.

• Outdoor LED fixture with included Weiyan® LED Simulated Gas Flame bulb
• Patented LED flame simulation technology creates the look and ambiance of a traditional gas flame
• 110V Weiyan® system uses hammered glass to properly refract LED diodes for a realistic flame effect
• Energy-efficient LED performance with approximately 5W to 8W power usage and up to 50,000 hours of continuous use
• Handcrafted solid copper copper construction that naturally develops a rich, timeless patina.
• Solid brass hinges and latch hardware with mounts and accessories built from marine-grade aluminum"
SS44W,"Bring the romance of a gas flame to outdoor spaces with the State Street Weiyan® LED Flame Fixture. This handcrafted copper lantern includes the Weiyan® LED Simulated Gas Flame bulb and patented 110V flame simulation technology, using hammered glass to create a lifelike flicker with efficient LED performance. It is a refined Outdoor LED Fixture option for homeowners, designers, and builders who want the atmosphere of gas lighting without gas-line installation.

• Outdoor LED fixture with included Weiyan® LED Simulated Gas Flame bulb
• Patented LED flame simulation technology creates the look and ambiance of a traditional gas flame
• 110V Weiyan® system uses hammered glass to properly refract LED diodes for a realistic flame effect
• Energy-efficient LED performance with approximately 5W to 8W power usage and up to 50,000 hours of continuous use
• Handcrafted solid copper copper construction that naturally develops a rich, timeless patina.
• Solid brass hinges and latch hardware with mounts and accessories built from marine-grade aluminum"
TE20W,"Bring the romance of a gas flame to outdoor spaces with the Terra Weiyan® LED Flame Fixture. This handcrafted copper lantern includes the Weiyan® LED Simulated Gas Flame bulb and patented 110V flame simulation technology, using hammered glass to create a lifelike flicker with efficient LED performance. It is a refined Outdoor LED Fixture option for homeowners, designers, and builders who want the atmosphere of gas lighting without gas-line installation.

• Outdoor LED fixture with included Weiyan® LED Simulated Gas Flame bulb
• Patented LED flame simulation technology creates the look and ambiance of a traditional gas flame
• 110V Weiyan® system uses hammered glass to properly refract LED diodes for a realistic flame effect
• Energy-efficient LED performance with approximately 5W to 8W power usage and up to 50,000 hours of continuous use
• Handcrafted solid copper copper construction that naturally develops a rich, timeless patina.
• Solid brass hinges and latch hardware with mounts and accessories built from marine-grade aluminum"
TE22W,"Bring the romance of a gas flame to outdoor spaces with the Terra Weiyan® LED Flame Fixture. This handcrafted copper lantern includes the Weiyan® LED Simulated Gas Flame bulb and patented 110V flame simulation technology, using hammered glass to create a lifelike flicker with efficient LED performance. It is a refined Outdoor LED Fixture option for homeowners, designers, and builders who want the atmosphere of gas lighting without gas-line installation.

• Outdoor LED fixture with included Weiyan® LED Simulated Gas Flame bulb
• Patented LED flame simulation technology creates the look and ambiance of a traditional gas flame
• 110V Weiyan® system uses hammered glass to properly refract LED diodes for a realistic flame effect
• Energy-efficient LED performance with approximately 5W to 8W power usage and up to 50,000 hours of continuous use
• Handcrafted solid copper copper construction that naturally develops a rich, timeless patina.
• Solid brass hinges and latch hardware with mounts and accessories built from marine-grade aluminum"
WS23W,"Bring the romance of a gas flame to outdoor spaces with the Water Street Weiyan® LED Flame Fixture. This handcrafted copper lantern includes the Weiyan® LED Simulated Gas Flame bulb and patented 110V flame simulation technology, using hammered glass to create a lifelike flicker with efficient LED performance. It is a refined Outdoor LED Fixture option for homeowners, designers, and builders who want the atmosphere of gas lighting without gas-line installation.

• Outdoor LED fixture with included Weiyan® LED Simulated Gas Flame bulb
• Patented LED flame simulation technology creates the look and ambiance of a traditional gas flame
• 110V Weiyan® system uses hammered glass to properly refract LED diodes for a realistic flame effect
• Energy-efficient LED performance with approximately 5W to 8W power usage and up to 50,000 hours of continuous use
• Handcrafted solid copper copper construction that naturally develops a rich, timeless patina.
• Solid brass hinges and latch hardware with mounts and accessories built from marine-grade aluminum"
WS28W,"Bring the romance of a gas flame to outdoor spaces with the Water Street Weiyan® LED Flame Fixture. This handcrafted copper lantern includes the Weiyan® LED Simulated Gas Flame bulb and patented 110V flame simulation technology, using hammered glass to create a lifelike flicker with efficient LED performance. It is a refined Outdoor LED Fixture option for homeowners, designers, and builders who want the atmosphere of gas lighting without gas-line installation.

• Outdoor LED fixture with included Weiyan® LED Simulated Gas Flame bulb
• Patented LED flame simulation technology creates the look and ambiance of a traditional gas flame
• 110V Weiyan® system uses hammered glass to properly refract LED diodes for a realistic flame effect
• Energy-efficient LED performance with approximately 5W to 8W power usage and up to 50,000 hours of continuous use
• Handcrafted solid copper copper construction that naturally develops a rich, timeless patina.
• Solid brass hinges and latch hardware with mounts and accessories built from marine-grade aluminum"
WS35W,"Bring the romance of a gas flame to outdoor spaces with the Water Street Weiyan® LED Flame Fixture. This handcrafted copper lantern includes the Weiyan® LED Simulated Gas Flame bulb and patented 110V flame simulation technology, using hammered glass to create a lifelike flicker with efficient LED performance. It is a refined Outdoor LED Fixture option for homeowners, designers, and builders who want the atmosphere of gas lighting without gas-line installation.

• Outdoor LED fixture with included Weiyan® LED Simulated Gas Flame bulb
• Patented LED flame simulation technology creates the look and ambiance of a traditional gas flame
• 110V Weiyan® system uses hammered glass to properly refract LED diodes for a realistic flame effect
• Energy-efficient LED performance with approximately 5W to 8W power usage and up to 50,000 hours of continuous use
• Handcrafted solid copper copper construction that naturally develops a rich, timeless patina.
• Solid brass hinges and latch hardware with mounts and accessories built from marine-grade aluminum"
YK16W,"Bring the romance of a gas flame to outdoor spaces with the Yorktown Weiyan® LED Flame Fixture. This handcrafted copper lantern includes the Weiyan® LED Simulated Gas Flame bulb and patented 110V flame simulation technology, using hammered glass to create a lifelike flicker with efficient LED performance. It is a refined Outdoor LED Fixture option for homeowners, designers, and builders who want the atmosphere of gas lighting without gas-line installation.

• Outdoor LED fixture with included Weiyan® LED Simulated Gas Flame bulb
• Patented LED flame simulation technology creates the look and ambiance of a traditional gas flame
• 110V Weiyan® system uses hammered glass to properly refract LED diodes for a realistic flame effect
• Energy-efficient LED performance with approximately 5W to 8W power usage and up to 50,000 hours of continuous use
• Handcrafted solid copper copper construction that naturally develops a rich, timeless patina.
• Solid brass hinges and latch hardware with mounts and accessories built from marine-grade aluminum"
YK19W,"Bring the romance of a gas flame to outdoor spaces with the Yorktown Weiyan® LED Flame Fixture. This handcrafted copper lantern includes the Weiyan® LED Simulated Gas Flame bulb and patented 110V flame simulation technology, using hammered glass to create a lifelike flicker with efficient LED performance. It is a refined Outdoor LED Fixture option for homeowners, designers, and builders who want the atmosphere of gas lighting without gas-line installation.

• Outdoor LED fixture with included Weiyan® LED Simulated Gas Flame bulb
• Patented LED flame simulation technology creates the look and ambiance of a traditional gas flame
• 110V Weiyan® system uses hammered glass to properly refract LED diodes for a realistic flame effect
• Energy-efficient LED performance with approximately 5W to 8W power usage and up to 50,000 hours of continuous use
• Handcrafted solid copper copper construction that naturally develops a rich, timeless patina.
• Solid brass hinges and latch hardware with mounts and accessories built from marine-grade aluminum"
AM22W,"Bring the romance of a gas flame to outdoor spaces with the Biltmore® Amherst Weiyan® LED Flame Fixture. This handcrafted copper lantern includes the Weiyan® LED Simulated Gas Flame bulb and patented 110V flame simulation technology, using hammered glass to create a lifelike flicker with efficient LED performance. It is a refined Outdoor LED Fixture option for homeowners, designers, and builders who want the atmosphere of gas lighting without gas-line installation.

• Outdoor LED fixture with included Weiyan® LED Simulated Gas Flame bulb
• Patented LED flame simulation technology creates the look and ambiance of a traditional gas flame
• 110V Weiyan® system uses hammered glass to properly refract LED diodes for a realistic flame effect
• Energy-efficient LED performance with approximately 5W to 8W power usage and up to 50,000 hours of continuous use
• Handcrafted solid copper copper construction that naturally develops a rich, timeless patina.
• Solid brass hinges and latch hardware with mounts and accessories built from marine-grade aluminum"
AM29W,"Bring the romance of a gas flame to outdoor spaces with the Biltmore® Amherst Weiyan® LED Flame Fixture. This handcrafted copper lantern includes the Weiyan® LED Simulated Gas Flame bulb and patented 110V flame simulation technology, using hammered glass to create a lifelike flicker with efficient LED performance. It is a refined Outdoor LED Fixture option for homeowners, designers, and builders who want the atmosphere of gas lighting without gas-line installation.

• Outdoor LED fixture with included Weiyan® LED Simulated Gas Flame bulb
• Patented LED flame simulation technology creates the look and ambiance of a traditional gas flame
• 110V Weiyan® system uses hammered glass to properly refract LED diodes for a realistic flame effect
• Energy-efficient LED performance with approximately 5W to 8W power usage and up to 50,000 hours of continuous use
• Handcrafted solid copper copper construction that naturally develops a rich, timeless patina.
• Solid brass hinges and latch hardware with mounts and accessories built from marine-grade aluminum"
AM35W,"Bring the romance of a gas flame to outdoor spaces with the Biltmore® Amherst Weiyan® LED Flame Fixture. This handcrafted copper lantern includes the Weiyan® LED Simulated Gas Flame bulb and patented 110V flame simulation technology, using hammered glass to create a lifelike flicker with efficient LED performance. It is a refined Outdoor LED Fixture option for homeowners, designers, and builders who want the atmosphere of gas lighting without gas-line installation.

• Outdoor LED fixture with included Weiyan® LED Simulated Gas Flame bulb
• Patented LED flame simulation technology creates the look and ambiance of a traditional gas flame
• 110V Weiyan® system uses hammered glass to properly refract LED diodes for a realistic flame effect
• Energy-efficient LED performance with approximately 5W to 8W power usage and up to 50,000 hours of continuous use
• Handcrafted solid copper copper construction that naturally develops a rich, timeless patina.
• Solid brass hinges and latch hardware with mounts and accessories built from marine-grade aluminum"
AH22W,"Bring the romance of a gas flame to outdoor spaces with the Biltmore® Antler Hill Weiyan® LED Flame Fixture. This handcrafted copper lantern includes the Weiyan® LED Simulated Gas Flame bulb and patented 110V flame simulation technology, using hammered glass to create a lifelike flicker with efficient LED performance. It is a refined Outdoor LED Fixture option for homeowners, designers, and builders who want the atmosphere of gas lighting without gas-line installation.

• Outdoor LED fixture with included Weiyan® LED Simulated Gas Flame bulb
• Patented LED flame simulation technology creates the look and ambiance of a traditional gas flame
• 110V Weiyan® system uses hammered glass to properly refract LED diodes for a realistic flame effect
• Energy-efficient LED performance with approximately 5W to 8W power usage and up to 50,000 hours of continuous use
• Handcrafted solid copper copper construction that naturally develops a rich, timeless patina.
• Solid brass hinges and latch hardware with mounts and accessories built from marine-grade aluminum"
AH29W,"Bring the romance of a gas flame to outdoor spaces with the Biltmore® Antler Hill Weiyan® LED Flame Fixture. This handcrafted copper lantern includes the Weiyan® LED Simulated Gas Flame bulb and patented 110V flame simulation technology, using hammered glass to create a lifelike flicker with efficient LED performance. It is a refined Outdoor LED Fixture option for homeowners, designers, and builders who want the atmosphere of gas lighting without gas-line installation.

• Outdoor LED fixture with included Weiyan® LED Simulated Gas Flame bulb
• Patented LED flame simulation technology creates the look and ambiance of a traditional gas flame
• 110V Weiyan® system uses hammered glass to properly refract LED diodes for a realistic flame effect
• Energy-efficient LED performance with approximately 5W to 8W power usage and up to 50,000 hours of continuous use
• Handcrafted solid copper copper construction that naturally develops a rich, timeless patina.
• Solid brass hinges and latch hardware with mounts and accessories built from marine-grade aluminum"
AH36W,"Bring the romance of a gas flame to outdoor spaces with the Biltmore® Antler Hill Weiyan® LED Flame Fixture. This handcrafted copper lantern includes the Weiyan® LED Simulated Gas Flame bulb and patented 110V flame simulation technology, using hammered glass to create a lifelike flicker with efficient LED performance. It is a refined Outdoor LED Fixture option for homeowners, designers, and builders who want the atmosphere of gas lighting without gas-line installation.

• Outdoor LED fixture with included Weiyan® LED Simulated Gas Flame bulb
• Patented LED flame simulation technology creates the look and ambiance of a traditional gas flame
• 110V Weiyan® system uses hammered glass to properly refract LED diodes for a realistic flame effect
• Energy-efficient LED performance with approximately 5W to 8W power usage and up to 50,000 hours of continuous use
• Handcrafted solid copper copper construction that naturally develops a rich, timeless patina.
• Solid brass hinges and latch hardware with mounts and accessories built from marine-grade aluminum"
AP20W,"Bring the romance of a gas flame to outdoor spaces with the Biltmore® Approach Weiyan® LED Flame Fixture. This handcrafted copper lantern includes the Weiyan® LED Simulated Gas Flame bulb and patented 110V flame simulation technology, using hammered glass to create a lifelike flicker with efficient LED performance. It is a refined Outdoor LED Fixture option for homeowners, designers, and builders who want the atmosphere of gas lighting without gas-line installation.

• Outdoor LED fixture with included Weiyan® LED Simulated Gas Flame bulb
• Patented LED flame simulation technology creates the look and ambiance of a traditional gas flame
• 110V Weiyan® system uses hammered glass to properly refract LED diodes for a realistic flame effect
• Energy-efficient LED performance with approximately 5W to 8W power usage and up to 50,000 hours of continuous use
• Handcrafted solid copper copper construction that naturally develops a rich, timeless patina.
• Solid brass hinges and latch hardware with mounts and accessories built from marine-grade aluminum"
AP26W,"Bring the romance of a gas flame to outdoor spaces with the Biltmore® Approach Weiyan® LED Flame Fixture. This handcrafted copper lantern includes the Weiyan® LED Simulated Gas Flame bulb and patented 110V flame simulation technology, using hammered glass to create a lifelike flicker with efficient LED performance. It is a refined Outdoor LED Fixture option for homeowners, designers, and builders who want the atmosphere of gas lighting without gas-line installation.

• Outdoor LED fixture with included Weiyan® LED Simulated Gas Flame bulb
• Patented LED flame simulation technology creates the look and ambiance of a traditional gas flame
• 110V Weiyan® system uses hammered glass to properly refract LED diodes for a realistic flame effect
• Energy-efficient LED performance with approximately 5W to 8W power usage and up to 50,000 hours of continuous use
• Handcrafted solid copper copper construction that naturally develops a rich, timeless patina.
• Solid brass hinges and latch hardware with mounts and accessories built from marine-grade aluminum"
AP31W,"Bring the romance of a gas flame to outdoor spaces with the Biltmore® Approach Weiyan® LED Flame Fixture. This handcrafted copper lantern includes the Weiyan® LED Simulated Gas Flame bulb and patented 110V flame simulation technology, using hammered glass to create a lifelike flicker with efficient LED performance. It is a refined Outdoor LED Fixture option for homeowners, designers, and builders who want the atmosphere of gas lighting without gas-line installation.

• Outdoor LED fixture with included Weiyan® LED Simulated Gas Flame bulb
• Patented LED flame simulation technology creates the look and ambiance of a traditional gas flame
• 110V Weiyan® system uses hammered glass to properly refract LED diodes for a realistic flame effect
• Energy-efficient LED performance with approximately 5W to 8W power usage and up to 50,000 hours of continuous use
• Handcrafted solid copper copper construction that naturally develops a rich, timeless patina.
• Solid brass hinges and latch hardware with mounts and accessories built from marine-grade aluminum"
AR23W,"Bring the romance of a gas flame to outdoor spaces with the Biltmore® Arcus Weiyan® LED Flame Fixture. This handcrafted copper lantern includes the Weiyan® LED Simulated Gas Flame bulb and patented 110V flame simulation technology, using hammered glass to create a lifelike flicker with efficient LED performance. It is a refined Outdoor LED Fixture option for homeowners, designers, and builders who want the atmosphere of gas lighting without gas-line installation.

• Outdoor LED fixture with included Weiyan® LED Simulated Gas Flame bulb
• Patented LED flame simulation technology creates the look and ambiance of a traditional gas flame
• 110V Weiyan® system uses hammered glass to properly refract LED diodes for a realistic flame effect
• Energy-efficient LED performance with approximately 5W to 8W power usage and up to 50,000 hours of continuous use
• Handcrafted solid copper copper construction that naturally develops a rich, timeless patina.
• Solid brass hinges and latch hardware with mounts and accessories built from marine-grade aluminum"
AR29W,"Bring the romance of a gas flame to outdoor spaces with the Biltmore® Arcus Weiyan® LED Flame Fixture. This handcrafted copper lantern includes the Weiyan® LED Simulated Gas Flame bulb and patented 110V flame simulation technology, using hammered glass to create a lifelike flicker with efficient LED performance. It is a refined Outdoor LED Fixture option for homeowners, designers, and builders who want the atmosphere of gas lighting without gas-line installation.

• Outdoor LED fixture with included Weiyan® LED Simulated Gas Flame bulb
• Patented LED flame simulation technology creates the look and ambiance of a traditional gas flame
• 110V Weiyan® system uses hammered glass to properly refract LED diodes for a realistic flame effect
• Energy-efficient LED performance with approximately 5W to 8W power usage and up to 50,000 hours of continuous use
• Handcrafted solid copper copper construction that naturally develops a rich, timeless patina.
• Solid brass hinges and latch hardware with mounts and accessories built from marine-grade aluminum"
AR36W,"Bring the romance of a gas flame to outdoor spaces with the Biltmore® Arcus Weiyan® LED Flame Fixture. This handcrafted copper lantern includes the Weiyan® LED Simulated Gas Flame bulb and patented 110V flame simulation technology, using hammered glass to create a lifelike flicker with efficient LED performance. It is a refined Outdoor LED Fixture option for homeowners, designers, and builders who want the atmosphere of gas lighting without gas-line installation.

• Outdoor LED fixture with included Weiyan® LED Simulated Gas Flame bulb
• Patented LED flame simulation technology creates the look and ambiance of a traditional gas flame
• 110V Weiyan® system uses hammered glass to properly refract LED diodes for a realistic flame effect
• Energy-efficient LED performance with approximately 5W to 8W power usage and up to 50,000 hours of continuous use
• Handcrafted solid copper copper construction that naturally develops a rich, timeless patina.
• Solid brass hinges and latch hardware with mounts and accessories built from marine-grade aluminum"
GA25W,"Bring the romance of a gas flame to outdoor spaces with the Biltmore® Gala Weiyan® LED Flame Fixture. This handcrafted copper lantern includes the Weiyan® LED Simulated Gas Flame bulb and patented 110V flame simulation technology, using hammered glass to create a lifelike flicker with efficient LED performance. It is a refined Outdoor LED Fixture option for homeowners, designers, and builders who want the atmosphere of gas lighting without gas-line installation.

• Outdoor LED fixture with included Weiyan® LED Simulated Gas Flame bulb
• Patented LED flame simulation technology creates the look and ambiance of a traditional gas flame
• 110V Weiyan® system uses hammered glass to properly refract LED diodes for a realistic flame effect
• Energy-efficient LED performance with approximately 5W to 8W power usage and up to 50,000 hours of continuous use
• Handcrafted solid copper copper construction that naturally develops a rich, timeless patina.
• Solid brass hinges and latch hardware with mounts and accessories built from marine-grade aluminum"
GA32W,"Bring the romance of a gas flame to outdoor spaces with the Biltmore® Gala Weiyan® LED Flame Fixture. This handcrafted copper lantern includes the Weiyan® LED Simulated Gas Flame bulb and patented 110V flame simulation technology, using hammered glass to create a lifelike flicker with efficient LED performance. It is a refined Outdoor LED Fixture option for homeowners, designers, and builders who want the atmosphere of gas lighting without gas-line installation.

• Outdoor LED fixture with included Weiyan® LED Simulated Gas Flame bulb
• Patented LED flame simulation technology creates the look and ambiance of a traditional gas flame
• 110V Weiyan® system uses hammered glass to properly refract LED diodes for a realistic flame effect
• Energy-efficient LED performance with approximately 5W to 8W power usage and up to 50,000 hours of continuous use
• Handcrafted solid copper copper construction that naturally develops a rich, timeless patina.
• Solid brass hinges and latch hardware with mounts and accessories built from marine-grade aluminum"
GA38W,"Bring the romance of a gas flame to outdoor spaces with the Biltmore® Gala Weiyan® LED Flame Fixture. This handcrafted copper lantern includes the Weiyan® LED Simulated Gas Flame bulb and patented 110V flame simulation technology, using hammered glass to create a lifelike flicker with efficient LED performance. It is a refined Outdoor LED Fixture option for homeowners, designers, and builders who want the atmosphere of gas lighting without gas-line installation.

• Outdoor LED fixture with included Weiyan® LED Simulated Gas Flame bulb
• Patented LED flame simulation technology creates the look and ambiance of a traditional gas flame
• 110V Weiyan® system uses hammered glass to properly refract LED diodes for a realistic flame effect
• Energy-efficient LED performance with approximately 5W to 8W power usage and up to 50,000 hours of continuous use
• Handcrafted solid copper copper construction that naturally develops a rich, timeless patina.
• Solid brass hinges and latch hardware with mounts and accessories built from marine-grade aluminum"
TR19W,"Bring the romance of a gas flame to outdoor spaces with the Biltmore® Traveler Weiyan® LED Flame Fixture. This handcrafted copper lantern includes the Weiyan® LED Simulated Gas Flame bulb and patented 110V flame simulation technology, using hammered glass to create a lifelike flicker with efficient LED performance. It is a refined Outdoor LED Fixture option for homeowners, designers, and builders who want the atmosphere of gas lighting without gas-line installation.

• Outdoor LED fixture with included Weiyan® LED Simulated Gas Flame bulb
• Patented LED flame simulation technology creates the look and ambiance of a traditional gas flame
• 110V Weiyan® system uses hammered glass to properly refract LED diodes for a realistic flame effect
• Energy-efficient LED performance with approximately 5W to 8W power usage and up to 50,000 hours of continuous use
• Handcrafted solid copper copper construction that naturally develops a rich, timeless patina.
• Solid brass hinges and latch hardware with mounts and accessories built from marine-grade aluminum"
TR25W,"Bring the romance of a gas flame to outdoor spaces with the Biltmore® Traveler Weiyan® LED Flame Fixture. This handcrafted copper lantern includes the Weiyan® LED Simulated Gas Flame bulb and patented 110V flame simulation technology, using hammered glass to create a lifelike flicker with efficient LED performance. It is a refined Outdoor LED Fixture option for homeowners, designers, and builders who want the atmosphere of gas lighting without gas-line installation.

• Outdoor LED fixture with included Weiyan® LED Simulated Gas Flame bulb
• Patented LED flame simulation technology creates the look and ambiance of a traditional gas flame
• 110V Weiyan® system uses hammered glass to properly refract LED diodes for a realistic flame effect
• Energy-efficient LED performance with approximately 5W to 8W power usage and up to 50,000 hours of continuous use
• Handcrafted solid copper copper construction that naturally develops a rich, timeless patina.
• Solid brass hinges and latch hardware with mounts and accessories built from marine-grade aluminum"
TR31W,"Bring the romance of a gas flame to outdoor spaces with the Biltmore® Traveler Weiyan® LED Flame Fixture. This handcrafted copper lantern includes the Weiyan® LED Simulated Gas Flame bulb and patented 110V flame simulation technology, using hammered glass to create a lifelike flicker with efficient LED performance. It is a refined Outdoor LED Fixture option for homeowners, designers, and builders who want the atmosphere of gas lighting without gas-line installation.

• Outdoor LED fixture with included Weiyan® LED Simulated Gas Flame bulb
• Patented LED flame simulation technology creates the look and ambiance of a traditional gas flame
• 110V Weiyan® system uses hammered glass to properly refract LED diodes for a realistic flame effect
• Energy-efficient LED performance with approximately 5W to 8W power usage and up to 50,000 hours of continuous use
• Handcrafted solid copper copper construction that naturally develops a rich, timeless patina.
• Solid brass hinges and latch hardware with mounts and accessories built from marine-grade aluminum"
VB22W,"Bring the romance of a gas flame to outdoor spaces with the Biltmore® Vestibule Weiyan® LED Flame Fixture. This handcrafted copper lantern includes the Weiyan® LED Simulated Gas Flame bulb and patented 110V flame simulation technology, using hammered glass to create a lifelike flicker with efficient LED performance. It is a refined Outdoor LED Fixture option for homeowners, designers, and builders who want the atmosphere of gas lighting without gas-line installation.

• Outdoor LED fixture with included Weiyan® LED Simulated Gas Flame bulb
• Patented LED flame simulation technology creates the look and ambiance of a traditional gas flame
• 110V Weiyan® system uses hammered glass to properly refract LED diodes for a realistic flame effect
• Energy-efficient LED performance with approximately 5W to 8W power usage and up to 50,000 hours of continuous use
• Handcrafted solid copper copper construction that naturally develops a rich, timeless patina.
• Solid brass hinges and latch hardware with mounts and accessories built from marine-grade aluminum"
VB29W,"Bring the romance of a gas flame to outdoor spaces with the Biltmore® Vestibule Weiyan® LED Flame Fixture. This handcrafted copper lantern includes the Weiyan® LED Simulated Gas Flame bulb and patented 110V flame simulation technology, using hammered glass to create a lifelike flicker with efficient LED performance. It is a refined Outdoor LED Fixture option for homeowners, designers, and builders who want the atmosphere of gas lighting without gas-line installation.

• Outdoor LED fixture with included Weiyan® LED Simulated Gas Flame bulb
• Patented LED flame simulation technology creates the look and ambiance of a traditional gas flame
• 110V Weiyan® system uses hammered glass to properly refract LED diodes for a realistic flame effect
• Energy-efficient LED performance with approximately 5W to 8W power usage and up to 50,000 hours of continuous use
• Handcrafted solid copper copper construction that naturally develops a rich, timeless patina.
• Solid brass hinges and latch hardware with mounts and accessories built from marine-grade aluminum"
VB35W,"Bring the romance of a gas flame to outdoor spaces with the Biltmore® Vestibule Weiyan® LED Flame Fixture. This handcrafted copper lantern includes the Weiyan® LED Simulated Gas Flame bulb and patented 110V flame simulation technology, using hammered glass to create a lifelike flicker with efficient LED performance. It is a refined Outdoor LED Fixture option for homeowners, designers, and builders who want the atmosphere of gas lighting without gas-line installation.

• Outdoor LED fixture with included Weiyan® LED Simulated Gas Flame bulb
• Patented LED flame simulation technology creates the look and ambiance of a traditional gas flame
• 110V Weiyan® system uses hammered glass to properly refract LED diodes for a realistic flame effect
• Energy-efficient LED performance with approximately 5W to 8W power usage and up to 50,000 hours of continuous use
• Handcrafted solid copper copper construction that naturally develops a rich, timeless patina.
• Solid brass hinges and latch hardware with mounts and accessories built from marine-grade aluminum"
703001,6-Pack Classic Frost LED Bulbs
703002,6-Pack Platinum Lace LED Bulb
LL-TUBE6,"LanternLyte 6"" Amber Tube Bulb"
LL-TUBE8,"LanternLyte 8"" Amber Tube Bulb"
ADS,Adhara Dark Sky
CSHI,Cylinder Hammered Shade
FB1,WEIYAN Flame Bulb
FB12V,WEIYAN Flame Bulb 12V
FBBM1,Flame Bulb Battery Module
GLC,Gas Line Cover
HSI1,Hammered Shade
HSI2,Hammered Shade
TLA,Turtle Light Adapter
WGL,Wind Guard
WGS,Wind Guard
IR14-CPKIT,"Our Islamorada RLM lantern is handcrafted from solid copper by CopperSmith artisans, built to develop a rich patina and provide years of service. Featuring a ceiling pendant mount, it provides focused lighting for both indoor and outdoor applications in residential or commercial settings. With a clean, utilitarian profile, it pairs classic RLM styling with premium materials.

• Handcrafted from heavy gauge solid copper for long lasting strength and beauty.
• Offered in multiple sizes and shade styles for both residential and commercial applications.
• Designed to provide focused, downward illumination ideal for signage, garages, porches, interior and exterior accents.
• Built with marine grade aluminum mounts and components for added strength and corrosion resistance.
• Compatible with standard electric bulbs including LED for efficient, reliable performance.
• Engineered for long term outdoor durability with finishes that resist fading and wear."
IR14-SMKIT,"Our Islamorada RLM lantern is handcrafted from solid copper by CopperSmith artisans, built to develop a rich patina and provide years of service. Featuring a stem mount, it provides focused lighting for both indoor and outdoor applications in residential or commercial settings. With a clean, utilitarian profile, it pairs classic RLM styling with premium materials.

• Handcrafted from heavy gauge solid copper for long lasting strength and beauty.
• Offered in multiple sizes and shade styles for both residential and commercial applications.
• Designed to provide focused, downward illumination ideal for signage, garages, porches, interior and exterior accents.
• Built with marine grade aluminum mounts and components for added strength and corrosion resistance.
• Compatible with standard electric bulbs including LED for efficient, reliable performance.
• Engineered for long term outdoor durability with finishes that resist fading and wear."
IR17-CPKIT,"Our Islamorada RLM lantern is handcrafted from solid copper by CopperSmith artisans, built to develop a rich patina and provide years of service. Featuring a ceiling pendant mount, it provides focused lighting for both indoor and outdoor applications in residential or commercial settings. With a clean, utilitarian profile, it pairs classic RLM styling with premium materials.

• Handcrafted from heavy gauge solid copper for long lasting strength and beauty.
• Offered in multiple sizes and shade styles for both residential and commercial applications.
• Designed to provide focused, downward illumination ideal for signage, garages, porches, interior and exterior accents.
• Built with marine grade aluminum mounts and components for added strength and corrosion resistance.
• Compatible with standard electric bulbs including LED for efficient, reliable performance.
• Engineered for long term outdoor durability with finishes that resist fading and wear."
IR17-SMKIT,"Our Islamorada RLM lantern is handcrafted from solid copper by CopperSmith artisans, built to develop a rich patina and provide years of service. Featuring a stem mount, it provides focused lighting for both indoor and outdoor applications in residential or commercial settings. With a clean, utilitarian profile, it pairs classic RLM styling with premium materials.

• Handcrafted from heavy gauge solid copper for long lasting strength and beauty.
• Offered in multiple sizes and shade styles for both residential and commercial applications.
• Designed to provide focused, downward illumination ideal for signage, garages, porches, interior and exterior accents.
• Built with marine grade aluminum mounts and components for added strength and corrosion resistance.
• Compatible with standard electric bulbs including LED for efficient, reliable performance.
• Engineered for long term outdoor durability with finishes that resist fading and wear."
KL14-CPKIT,"Our Key Largo lantern is handcrafted from solid copper by CopperSmith artisans, built to develop a rich patina and provide years of service. Featuring a ceiling pendant mount, it provides focused lighting for both indoor and outdoor applications in residential or commercial settings. With a clean, utilitarian profile, it pairs classic RLM styling with premium materials.

• Handcrafted from heavy gauge solid copper for long lasting strength and beauty.
• Offered in multiple sizes and shade styles for both residential and commercial applications.
• Built with marine grade aluminum mounts and components for added strength and corrosion resistance.
• Compatible with standard electric bulbs including LED for efficient, reliable performance.
• Engineered for long term outdoor durability with finishes that resist fading and wear."
KL14-SMKIT,"Our Key Largo lantern is handcrafted from solid copper by CopperSmith artisans, built to develop a rich patina and provide years of service. Featuring a stem mount, it provides focused lighting for both indoor and outdoor applications in residential or commercial settings. With a clean, utilitarian profile, it pairs classic RLM styling with premium materials.

• Handcrafted from heavy gauge solid copper for long lasting strength and beauty.
• Offered in multiple sizes and shade styles for both residential and commercial applications.
• Designed to provide focused, downward illumination ideal for signage, garages, porches, interior and exterior accents.
• Built with marine grade aluminum mounts and components for added strength and corrosion resistance.
• Compatible with standard electric bulbs including LED for efficient, reliable performance.
• Engineered for long term outdoor durability with finishes that resist fading and wear."
KL17-CPKIT,"Our Key Largo lantern is handcrafted from solid copper by CopperSmith artisans, built to develop a rich patina and provide years of service. Featuring a ceiling pendant mount, it provides focused lighting for both indoor and outdoor applications in residential or commercial settings. With a clean, utilitarian profile, it pairs classic RLM styling with premium materials.

• Handcrafted from heavy gauge solid copper for long lasting strength and beauty.
• Offered in multiple sizes and shade styles for both residential and commercial applications.
• Designed to provide focused, downward illumination ideal for signage, garages, porches, interior and exterior accents.
• Built with marine grade aluminum mounts and components for added strength and corrosion resistance.
• Compatible with standard electric bulbs including LED for efficient, reliable performance.
• Engineered for long term outdoor durability with finishes that resist fading and wear."
KL17-SMKIT,"Our Key Largo lantern is handcrafted from solid copper by CopperSmith artisans, built to develop a rich patina and provide years of service. Featuring a stem mount, it provides focused lighting for both indoor and outdoor applications in residential or commercial settings. With a clean, utilitarian profile, it pairs classic RLM styling with premium materials.

• Handcrafted from heavy gauge solid copper for long lasting strength and beauty.
• Offered in multiple sizes and shade styles for both residential and commercial applications.
• Designed to provide focused, downward illumination ideal for signage, garages, porches, interior and exterior accents.
• Built with marine grade aluminum mounts and components for added strength and corrosion resistance.
• Compatible with standard electric bulbs including LED for efficient, reliable performance.
• Engineered for long term outdoor durability with finishes that resist fading and wear."
KW14-CPKIT,"Our Key West RLM lantern is handcrafted from solid copper by CopperSmith artisans, built to develop a rich patina and provide years of service. Featuring a ceiling pendant mount, it provides focused lighting for both indoor and outdoor applications in residential or commercial settings. With a clean, utilitarian profile, it pairs classic RLM styling with premium materials.

• Handcrafted from heavy gauge solid copper for long lasting strength and beauty.
• Offered in multiple sizes and shade styles for both residential and commercial applications.
• Designed to provide focused, downward illumination ideal for signage, garages, porches, interior and exterior accents.
• Built with marine grade aluminum mounts and components for added strength and corrosion resistance.
• Compatible with standard electric bulbs including LED for efficient, reliable performance.
• Engineered for long term outdoor durability with finishes that resist fading and wear."
KW14-SMKIT,"Our Key West RLM lantern is handcrafted from solid copper by CopperSmith artisans, built to develop a rich patina and provide years of service. Featuring a stem mount, it provides focused lighting for both indoor and outdoor applications in residential or commercial settings. With a clean, utilitarian profile, it pairs classic RLM styling with premium materials.

• Handcrafted from heavy gauge solid copper for long lasting strength and beauty.
• Offered in multiple sizes and shade styles for both residential and commercial applications.
• Designed to provide focused, downward illumination ideal for signage, garages, porches, interior and exterior accents.
• Built with marine grade aluminum mounts and components for added strength and corrosion resistance.
• Compatible with standard electric bulbs including LED for efficient, reliable performance.
• Engineered for long term outdoor durability with finishes that resist fading and wear."
KW17-CPKIT,"Our Key West RLM lantern is handcrafted from solid copper by CopperSmith artisans, built to develop a rich patina and provide years of service. Featuring a ceiling pendant mount, it provides focused lighting for both indoor and outdoor applications in residential or commercial settings. With a clean, utilitarian profile, it pairs classic RLM styling with premium materials.

• Handcrafted from heavy gauge solid copper for long lasting strength and beauty.
• Offered in multiple sizes and shade styles for both residential and commercial applications.
• Designed to provide focused, downward illumination ideal for signage, garages, porches, interior and exterior accents.
• Built with marine grade aluminum mounts and components for added strength and corrosion resistance.
• Compatible with standard electric bulbs including LED for efficient, reliable performance.
• Engineered for long term outdoor durability with finishes that resist fading and wear."
KW17-SMKIT,"Our Key West RLM lantern is handcrafted from solid copper by CopperSmith artisans, built to develop a rich patina and provide years of service. Featuring a stem mount, it provides focused lighting for both indoor and outdoor applications in residential or commercial settings. With a clean, utilitarian profile, it pairs classic RLM styling with premium materials.

• Handcrafted from heavy gauge solid copper for long lasting strength and beauty.
• Offered in multiple sizes and shade styles for both residential and commercial applications.
• Designed to provide focused, downward illumination ideal for signage, garages, porches, interior and exterior accents.
• Built with marine grade aluminum mounts and components for added strength and corrosion resistance.
• Compatible with standard electric bulbs including LED for efficient, reliable performance.
• Engineered for long term outdoor durability with finishes that resist fading and wear."
HRG41,Replacement Hammered Glass Set - Size 41
HRG42,Replacement Hammered Glass Set - Size 42
HRG43,Replacement Hammered Glass Set - Size 43
HRG44,Replacement Hammered Glass Set - Size 44
HRG61,Replacement Hammered Glass Set - Size 61
HRG62,Replacement Hammered Glass Set - Size 62
HRG63,Replacement Hammered Glass Set - Size 63
HRG64,Replacement Hammered Glass Set - Size 64
HRGAC15B,Replacement Hammered Glass Set for AC15 Bottom
HRGAC15T,Replacement Hammered Glass Set for AC15 Top
HRGAC18B,Replacement Hammered Glass Set for AC18 Bottom
HRGAC18T,Replacement Hammered Glass Set for AC18 Bottom
HRGAC22B,Replacement Hammered Glass Set for AC22 Bottom
HRGAC22T,Replacement Hammered Glass Set for AC22 Bottom
HRGCO18,Replacement Hammered Glass Set for CO18
HRGCO24,Replacement Hammered Glass Set for CO24
HRGGT15B,Replacement Hammered Glass Set for GT15 Bottom
HRGGT15T,Replacement Hammered Glass Set for GT15 Top
HRGGT18T,Replacement Hammered Glass Set for GT18 Top
HRGGT20B,Replacement Hammered Glass Set for GT20 Bottom
HRGGT20T,Replacement Hammered Glass Set for GT20 Top
HRGGT22T,Replacement Hammered Glass Set for GT22 Top
HRGGT27T,Replacement Hammered Glass Set for GT27 Top
HRGHL18,Replacement Hammered Glass Set for HL18
HRGHL21,Replacement Hammered Glass Set for HL21
HRGMV19T,Replacement Hammered Glass Set for MV19 Top
HRGMV25T,Replacement Hammered Glass Set for MV25 Top
HRGMV30T,Replacement Hammered Glass Set for MV30 Top
HRGOA20B,Replacement Hammered Glass Set for OA20 Bottom
HRGOA20T,Replacement Hammered Glass Set for OA20 Top
HRGOA25B,Replacement Hammered Glass Set for OA25 Bottom
HRGOA25T,Replacement Hammered Glass Set for OA25 Top
HRGOA33T,Replacement Hammered Glass Set for OA33 Top
HRGPS19,Replacement Hammered Glass Set for PS19
HRGPS24,Replacement Hammered Glass Set for PS24
HRGPS29,Replacement Hammered Glass Set for PS29
HRGSO20,Replacement Hammered Glass Set for SO20
HRGSO22,Replacement Hammered Glass Set for SO22
HRGSO26,Replacement Hammered Glass Set for SO26
HRGSO32,Replacement Hammered Glass Set for SO32
HRGTE20,Replacement Hammered Glass Set
HRGTE22,Replacement Hammered Glass Set
RG,Replacement Glass Set
RG41,Replacement Glass Set
RG42,Replacement Glass Set
RG43,Replacement Glass Set
RG44,Replacement Glass Set
RG61,Replacement Glass Set
RG62,Replacement Glass Set
RG63,Replacement Glass Set
RG64,Replacement Glass Set
RGCH38,Replacement Glass Set
RGCO18,Replacement Glass Set
RGCO24,Replacement Glass Set
RGGT15B,Replacement Glass Set
RGGT15T,Replacement Glass Set
RGGT18T,Replacement Glass Set
RGGT20B,Replacement Glass Set
RGGT20T,Replacement Glass Set
RGGT22T,Replacement Glass Set
RGGT27T,Replacement Glass Set
RGHL21,Replacement Glass Set
RGMV19T,Replacement Glass Set
RGMV25T,Replacement Glass Set
RGMV30T,Replacement Glass Set
RGOA20T,Replacement Glass Set
RGOA25T,Replacement Glass Set
RGPS19,Replacement Glass Set
RGPS24,Replacement Glass Set
RGSO20,Replacement Glass Set
RGSO22,Replacement Glass Set
RGSO26,Replacement Glass Set
RGSO32,Replacement Glass Set
RGTE20,Replacement Glass Set
RGTE22,Replacement Glass Set
RGAC15T,Replacement Glass Set
RGAC15B,Replacement Glass Set
RGHL18,Replacement Glass Set
RGPS29,Replacement Glass Set
RGGT36T,Replacement Glass Set
RGGT36B,Replacement Glass Set
HRGGT36T,Replacement Hammered Glass Set
HRGGT36B,Replacement Hammered Glass Set
RGAC18B,Replacement Glass Set
RGAC18T,Replacement Glass Set
RGAC22B,Replacement Glass Set
RGAC22T,Replacement Glass Set
RGFCO18,Replacement Glass Set
RGFCO24,Replacement Glass Set
HRGCH38,Replacement Hammered Glass Set
RGOA33T,Replacement Glass Set
HRGFCO18,Replacement Hammered Glass Set
HRGFCO24,Replacement Hammered Glass Set
RGCO31,Replacement Glass Set
RGHL30,Replacement Glass Set
RGAP31,Replacement Glass Set
RGAR36,Replacement Glass Set
RGGA38,Replacement Glass Set
RGCH30,Replacement Glass Set
HRGMS30,Replacement Hammered Glass Set
HRGHL30,Replacement Hammered Glass Set
HRGFCO31,Replacement Hammered Glass Set
RGFCO31,Replacement Glass Set
RGMS30,Replacement Glass Set
RGDN23,Replacement Glass Set
RGVR22,Replacement Glass Set
RGDN27,Replacement Glass Set
RGVR25,Replacement Glass Set
RGDN29,Replacement Glass Set
RGVR29,Replacement Glass Set
RGAO28,Replacement Glass Set
RGAO33,Replacement Glass Set
SRG,Replacement Seeded Glass Set
SRG41,Replacement Seeded Glass Set
SRG42,Replacement Seeded Glass Set
SRG43,Replacement Seeded Glass Set
SRGAU24,Replacement Seeded Glass Set
SRGAU30,Replacement Seeded Glass Set
SRGDN23,Replacement Seeded Glass Set
SRGDN29,Replacement Seeded Glass Set
SRGFAU24,Replacement Seeded Glass Set
SRGFAU30,Replacement Seeded Glass Set
SRGFCO18,Replacement Seeded Glass Set
SRGFCO24,Replacement Seeded Glass Set
SRGFCO31,Replacement Seeded Glass Set
SRGGT15B,Replacement Seeded Glass Set
SRGGT27T,Replacement Seeded Glass Set
SRGGT36T,Replacement Seeded Glass Set
SRGMS30,Replacement Seeded Glass Set
SRGSO22,Replacement Seeded Glass Set
SRGSO32,Replacement Seeded Glass Set
SRGVR22,Replacement Seeded Glass Set
SRG44,Replacement Seeded Glass Set
SRGAO33,Replacement Seeded Glass Set
SRGAU36,Replacement Seeded Glass Set
SRGCO18,Replacement Seeded Glass Set
SRGCO24,Replacement Seeded Glass Set
SRGDN27,Replacement Seeded Glass Set
SRGGT15T,Replacement Seeded Glass Set
SRGGT18T,Replacement Seeded Glass Set
SRGGT20B,Replacement Seeded Glass Set
SRGGT20T,Replacement Seeded Glass Set
SRGGT22T,Replacement Seeded Glass Set
SRGGT36B,Replacement Seeded Glass Set
SRGSO20,Replacement Seeded Glass Set
SRGSO26,Replacement Seeded Glass Set
SRGTE20,Replacement Seeded Glass Set
SRGTE22,Replacement Seeded Glass Set
SRGTR19,Replacement Seeded Glass Set
SRGVR25,Replacement Seeded Glass Set
SRGVR29,Replacement Seeded Glass Set
RGWS23,Replacement Glass Set
RGWT18,Replacement Glass Set
SRGH6F,Replacement Seeded Glass Set
SRGJ4F,Replacement Seeded Glass Set
SRG61,Replacement Seeded Glass Set
SRG62,Replacement Seeded Glass Set
SRG63,Replacement Seeded Glass Set
SRGMV19T,Replacement Seeded Glass Set
SRGMV25T,Replacement Seeded Glass Set
SRGMV30T,Replacement Seeded Glass Set
SRGPS24,Replacement Seeded Glass Set
SRGAH22,Replacement Seeded Glass Set
SRGWS23,Replacement Seeded Glass Set
SRGWS28,Replacement Seeded Glass Set
SRGPS19,Replacement Seeded Glass Set
RGEB20,Replacement Glass Set
RGEB27,Replacement Glass Set
RGEB33,Replacement Glass Set
RGH6F,Replacement Glass Set
RGJ4F,Replacement Glass Set
SRGFHL18,Replacement Seeded Glass Set
SRGHL18,Replacement Seeded Glass Set
HRGAH29,Replacement Hammered Glass Set
HRGAR29,Replacement Hammered Glass Set
HRGAM29T,Replacement Hammered Glass Set
HRGVB29/AM29B,Replacement Hammered Glass Set
HRGAP26,Replacement Hammered Glass Set
HRGGA32,Replacement Hammered Glass Set
HRGTR25,Replacement Hammered Glass Set
HRGAR23,Replacement Hammered Glass Set
HRGAM22T,Replacement Hammered Glass Set
HRGVB22/AM22,Replacement Hammered Glass Set for AM22/VB35 Botto
HRGAP20,Replacement Hammered Glass Set
HRGGA25,Replacement Hammered Glass Set
HRGTR19,Replacement Hammered Glass Set
HRGAH22,Replacement Hammered Glass Set
HRGAP31,Replacement Hammered Glass Set
HRGAH36,Replacement Hammered Glass Set
HRGAM35T,Replacement Hammered Glass Set
HRGAM35/VB35B,Replacement Hammered Glass Set for AM35/VB35 Botto
HRGAR36,Replacement Hammered Glass Set
HRGGA38,Replacement Hammered Glass Set
HRGTR31,Replacement Hammered Glass Set
RGAP26,Replacement Glass Set
RGAH22,Replacement Glass Set
RGAH29,Replacement Glass Set
RGAM22T,Replacement Glass Set
RGAM29T,Replacement Glass Set
RGAP20,Replacement Glass Set
RGAR23,Replacement Glass Set
RGAR29,Replacement Glass Set
RGGA25,Replacement Glass Set
RGGA32,Replacement Glass Set
RGTR19,Replacement Glass Set
RGTR25,Replacement Glass Set
RGVB22/AM22B,Replacement Glass Set
RGVB29/AM29B,Replacement Glass Set
RGAM35/VB35,Replacement Glass Set
RGAH36,Replacement Glass Set
RGAM35T,Replacement Glass Set
RGTR31,Replacement Glass Set
RGAU24,Replacement Glass Set
RGAU30,Replacement Glass Set
RGAU36,Replacement Glass Set
RGDAH29SL,Replacement Glass Set
RGDAM29SL,Replacement Glass Set
RGDAP26SL,Replacement Glass Set
RGDGA32SL,Replacement Glass Set
RGDTR25SL,Replacement Glass Set
RGDAH22SL,Replacement Glass Set
RGDAR23SL,Replacement Glass Set
RGDAP20SL,Replacement Glass Set
RGDGA25SL,Replacement Glass Set
RGDTR19SL,Replacement Glass Set
RGDAM/VB22SL,Replacement Glass Set
RGDAR29SL,Replacement Glass Set
SRGAO28,Replacement Seeded Glass Set
SRGAP20,Replacement Seeded Glass Set
SRGAP26,Replacement Seeded Glass Set
SRGAP31,Replacement Seeded Glass Set
SRGTR25,Replacement Seeded Glass Set
SRGFTR19,Replacement Seeded Glass Set
SRGFTR25,Replacement Seeded Glass Set
