org_shortname,org_name,run_date,bundle,arr,cohort_year,engagement_score,engagement_narrative,adoption_score,adoption_narrative,value_delivery_score,value_delivery_narrative,operational_health_score,operational_health_narrative,composite_score,health_band,composite_narrative,ghost_account,ghost_account_note,ghost_subtype,behavioral_floor_applied,support_fire,support_fire_notes,support_fire_days_open,support_data_available,scoring_status,dimensions_scored,denominator_quality,ops_measurement,bundle_config_mismatch
bp,Buster & Punch ,2026-01-31,iPad-only,15279.96,2024,76.7,"679 logins in 90 days — solid activity for this team size, with 47 of 90 reps logging in regularly and pace holding steady at 1.3x baseline. No engagement concern here.",57.1,Using 4 of 7 applicable features — real breadth gaps here. eCat Online Catalog is enabled but no portal traffic in 90 days; Online Ordering (B2B Cart) is enabled but no portal orders in 90 days; Sales Data is configured but no import has run in 90 days — check whether the feed is broken or the integration was never fully set up. CS should investigate the feed configuration and schedule a rep coaching session.,40.0,Only 2 of 5 applicable channels are producing outcomes. No meaningful iPad order activity — only 1 order in 90 days (threshold is 10); online catalog is enabled but no portal traffic in 90d. CS should identify the highest-impact gap and address it in the next touchpoint.,53.6,"Ops concern — catalog 79% complete (contract pricing — price check skipped) — healthy but with room to improve; 3 of 5 import feeds healthy; Customers, Images last ran with errors; data freshness critical — the Images feed last ran 21d ago against a ~1d expected cadence.",56.9,Watch,"Buster & Punch 's reps are logging in consistently (engagement 77), but they are using only a portion of the platform — adoption (57) and value delivery (40) reflect a feature-coverage gap, not an activity problem. Run a targeted coaching session on the highest-ROI unused features to convert this activity into stronger outcomes.",False,,,False,False,,,True,complete,4,,full,True
yw,Yutzy Woodworking,2026-01-31,iPad-only,11385.0,2024,82.3,"513 logins in 90 days — solid activity for this team size, with 18 of 21 reps logging in regularly and pace holding steady at 0.9x baseline. No engagement concern here.",50.0,Using 2 of 4 applicable features — real breadth gaps here. Smart Stacks haven't been used — a CS demo of the feature could unlock this; Sales Data is configured but no import has run in 90 days — check whether the feed is broken or the integration was never fully set up. CS should investigate the feed configuration and schedule a rep coaching session.,100.0,All configured channels are producing outcomes.,75.0,Catalog 61% complete — healthy but with room to improve; 4 of 5 import feeds healthy; Products last ran with errors; data feeds mostly on cadence — Option Images is 105d overdue against a ~3d expected cadence and needs attention.,76.8,Healthy,"Yutzy Woodworking's reps are logging in consistently (engagement 82), but they are using only a portion of the platform — adoption (50) reflects a feature-coverage gap, not an activity problem. Run a targeted coaching session on the highest-ROI unused features to convert this activity into stronger outcomes.",False,,,False,False,,,True,complete,4,,full,False
dccl,Donald Choi Canada,2026-01-31,iPad+Catalog+Cart,22038.0,2024,56.7,"434 logins in 90 days, but only 12 of 104 reps (12%) have logged in this quarter — most of the team isn't engaged. Pace is holding steady at 0.8x baseline.",57.1,Using 4 of 7 applicable features — real breadth gaps here. eCat Online Catalog is enabled but no portal traffic in 90 days; Online Ordering (B2B Cart) is enabled but no portal orders in 90 days; Sales Data is configured but no import has run in 90 days — check whether the feed is broken or the integration was never fully set up. CS should investigate the feed configuration and schedule a rep coaching session.,60.0,3 of 5 configured channels producing outcomes. Gap: Online catalog is enabled but no portal traffic in 90d; B2B Cart is configured but no portal orders in 90d.,81.5,Catalog 99% complete; all 7 import feeds healthy; data freshness declining — the Images feed last ran 9d ago against a ~3d expected cadence.,63.8,Healthy,Donald Choi Canada is in Healthy territory (64) with a mixed profile — operational health (82) is the strongest area and engagement (57) is the drag. Monitor engagement closely; a continued downward trend would push this into Watch territory.,False,,,False,False,,,True,complete,4,,full,False
tam,Theodore Alexander Manhasset,2026-01-31,iPad-only,14060.04,2016,76.7,"968 logins in 90 days — solid activity for this team size, with 18 of 29 reps logging in regularly and pace holding steady at 1.0x baseline. No engagement concern here.",60.0,Using 3 of 5 applicable features — real breadth gaps here. Smart Stacks haven't been used — a CS demo of the feature could unlock this; Sales Data is configured but no import has run in 90 days — check whether the feed is broken or the integration was never fully set up. CS should investigate the feed configuration and schedule a rep coaching session.,100.0,All configured channels are producing outcomes.,85.0,Catalog 100% complete; all 11 import feeds healthy; data freshness critical — the Kit Items feed last ran 152d ago against a ~1d expected cadence.,80.4,Thriving,Theodore Alexander Manhasset is in Thriving territory (80) with a mixed profile — value delivery (100) is the strongest area and adoption (60) is the drag. A feature coaching session targeting the unused capabilities is the highest-leverage next step.,False,,,False,False,,,True,complete,4,,full,False
jc,Jonathan Charles Fine Furniture Ltd.,2026-01-31,iPad+Catalog+Portal,24029.4,2018,36.7,225 logins in 90 days but pace has sharp deceleration — usage has dropped significantly from baseline (0.5x baseline) — clear dropoff from historical baseline. Only 10 of 47 reps (21%) are still active. CS should find out what changed and re-engage the team.,85.7,Using 6 of 7 applicable features — mostly adopted. Sales Portal is enabled but reps haven't opened it in 90 days — consider a rep training touchpoint.,100.0,All configured channels are producing outcomes.,86.0,"Catalog 91% complete; 9 of 11 import feeds healthy; Options (97d ago), Portal Invoices last ran with errors; data freshness critical — the Option Images feed last ran 98d ago against a ~1d expected cadence.",77.1,Healthy,"The platform is producing some outcomes for Jonathan Charles Fine Furniture Ltd. (value delivery 100), but rep engagement is thin (engagement 37) — a small slice of the team is doing most of the work. Re-engaging the broader team is the most important next step: identify which reps have gone quiet and whether coverage or enablement gaps are driving it.",False,,,False,False,,,True,complete,4,,full,False
cfg,Charleston Forge,2026-01-31,iPad+Catalog+Cart,21066.48,2015,76.7,"947 logins in 90 days — solid activity for this team size, with 32 of 44 reps logging in regularly and pace holding steady at 1.1x baseline. No engagement concern here. Rep headcount estimated from annual login history (portal accounts excluded from denominator).",60.0,Using 3 of 5 applicable features — real breadth gaps here. eCat Online Catalog is enabled but no portal traffic in 90 days; Online Ordering (B2B Cart) is enabled but no portal orders in 90 days. CS should schedule a rep coaching session to build these habits.,50.0,Only 2 of 4 applicable channels are producing outcomes. Online catalog is enabled but no portal traffic in 90d; B2B Cart is configured but no portal orders in 90d. CS should identify the highest-impact gap and address it in the next touchpoint.,73.3,Catalog 94% complete; 5 of 6 import feeds healthy; Customers last ran with errors; data freshness declining — the Images feed last ran 4d ago against a ~1d expected cadence.,65.0,Healthy,Charleston Forge is in Healthy territory (65) with a mixed profile — engagement (77) is the strongest area and value delivery (50) is the drag. Focus the next conversation on converting activity into outcomes; portal activation or an order-workflow review is the starting point.,False,,,False,False,,,True,complete,4,,full,False
big,Baker-McGuire,2026-01-31,iPad-only,18729.96,2018,86.7,"1,466 logins in 90 days — solid activity for this team size, with 65 of 76 reps logging in regularly and pace holding steady at 1.0x baseline. No engagement concern here.",80.0,Using 4 of 5 applicable features — mostly adopted. Sales Data is configured but no import has run in 90 days — check whether the feed is broken or the integration was never fully set up.,66.7,2 of 3 configured channels producing outcomes. Gap: No meaningful iPad order activity — only 4 orders in 90 days (threshold is 10).,83.0,Catalog 70% complete — healthy but with room to improve; all 9 import feeds healthy; data feeds mostly on cadence — Option Images is 88d overdue against a ~3d expected cadence and needs attention.,79.1,Healthy,Baker-McGuire is in Healthy territory (79) with a mixed profile — engagement (87) is the strongest area and value delivery (67) is the drag. Focus the next conversation on converting activity into outcomes; portal activation or an order-workflow review is the starting point.,False,,,False,False,,,True,complete,4,,full,False
ril,Ratana International Ltd.,2026-01-31,Full,27025.92,2024,61.7,"562 logins in 90 days, but only 37 of 271 reps (14%) have logged in this quarter — most of the team isn't engaged. Pace is holding steady at 0.9x baseline.",87.5,Using 7 of 8 applicable features — mostly adopted. Sales Portal is enabled but reps haven't opened it in 90 days — consider a rep training touchpoint.,100.0,All configured channels are producing outcomes.,95.2,Catalog 98% complete; 6 of 7 import feeds healthy; Sales Data last ran with errors; data feeds running on cadence.,86.1,Thriving,Ratana International Ltd. is in Thriving territory (86) with a mixed profile — value delivery (100) is the strongest area and engagement (62) is the drag. Monitor closely — an engagement dip in an otherwise Thriving account is an early warning worth tracking.,False,,,False,False,,,True,complete,4,,full,False
jcusa,Jonathan Charles Designs Inc.,2026-01-31,iPad-only,9670.92,2018,50.0,"382 logins in 90 days, but only 18 of 2511 reps (1%) have logged in this quarter — most of the team isn't engaged. Pace is holding steady at 0.8x baseline.",87.5,Using 7 of 8 applicable features — mostly adopted. Sales Data is configured but no import has run in 90 days — check whether the feed is broken or the integration was never fully set up.,100.0,All configured channels are producing outcomes.,92.1,Catalog 100% complete; 5 of 6 import feeds healthy; Customers last ran with errors; data feeds mostly on cadence — Customers is 39d overdue against a ~1d expected cadence and needs attention.,82.4,Thriving,"The platform is producing some outcomes for Jonathan Charles Designs Inc. (value delivery 100), but rep engagement is thin (engagement 50) — a small slice of the team is doing most of the work. Re-engaging the broader team is the most important next step: identify which reps have gone quiet and whether coverage or enablement gaps are driving it.",False,,,False,False,,,True,complete,4,,full,True
fsf,Four Seasons Furniture,2026-01-31,Full,22560.0,2023,86.7,"1,195 logins in 90 days — solid activity for this team size, with 25 of 30 reps logging in regularly and pace holding steady at 1.0x baseline. No engagement concern here. Rep headcount estimated from annual login history (portal accounts excluded from denominator).",100.0,Using every configured feature — nothing unused.,100.0,All configured channels are producing outcomes.,95.9,Catalog 92% complete; all 8 import feeds healthy; data feeds mostly on cadence — Option Images is 105d overdue against a ~1d expected cadence and needs attention.,95.7,Thriving,Four Seasons Furniture is performing well across the board — every dimension is at 87 or higher and the overall score of 96 reflects consistent strength rather than one area carrying the others. No action needed; monitor at standard cadence.,False,,,False,False,,,True,complete,4,,full,False
tel,Tomlinson Companies,2026-01-31,iPad+Catalog,13440.0,2015,33.3,Only 39 logins in 90 days from just 4 of 20 reps (20%) — most of the team is not using the app this quarter. Prioritize an engagement call to identify adoption barriers.,50.0,Using 2 of 4 applicable features — real breadth gaps here. Smart Stacks haven't been used — a CS demo of the feature could unlock this; eCat Online Catalog is enabled but no portal traffic in 90 days. CS should schedule a rep coaching session to build these habits.,33.3,Only 1 of 3 applicable channels are producing outcomes. No iPad orders submitted in 90 days — reps are not converting activity into orders; online catalog is enabled but no portal traffic in 90d. CS should identify the highest-impact gap and address it in the next touchpoint.,20.0,"Ops concern — catalog completeness at 20% is a blocker for field use — reps are working with incomplete product data; flag for a catalog audit; no import feed has run in the trailing 180 days — import health and data freshness are unmeasured, so this score reflects catalog completeness only.",34.1,At Risk,"Tomlinson Companies's rep activity (33 engagement) and platform outcomes (33 value delivery) are both too low to support a healthy relationship. Re-establishing contact to understand why reps have gone quiet is the first step — determine whether this is a coverage gap, a product fit issue, or something else.",False,,,True,False,,,True,complete,4,,catalog_only,False
mfc,Morgan Fabrics Corporation,2026-01-31,iPad+Catalog,13440.0,2012,40.0,Only 83 logins in 90 days from just 6 of 561 reps (1%) — most of the team is not using the app this quarter. Prioritize an engagement call to identify adoption barriers.,60.0,Using 3 of 5 applicable features — real breadth gaps here. eCat Online Catalog is enabled but no portal traffic in 90 days; Sales Data is configured but no import has run in 90 days — check whether the feed is broken or the integration was never fully set up. CS should investigate the feed configuration and schedule a rep coaching session.,33.3,Only 1 of 3 applicable channels are producing outcomes. No iPad orders submitted in 90 days — reps are not converting activity into orders; online catalog is enabled but no portal traffic in 90d. CS should identify the highest-impact gap and address it in the next touchpoint.,23.3,Ops concern — catalog completeness at 28% is a blocker for field use — reps are working with incomplete product data; flag for a catalog audit; 1 of 2 import feeds healthy; Products last ran with errors; data freshness critical — the Images feed last ran 55d ago against a ~7d expected cadence — escalate to ops.,39.2,At Risk,"Morgan Fabrics Corporation's rep activity (40 engagement) and platform outcomes (33 value delivery) are both too low to support a healthy relationship. Re-establishing contact to understand why reps have gone quiet is the first step — determine whether this is a coverage gap, a product fit issue, or something else.",False,,,True,False,,,True,complete,4,,full,False
gc,Groupe Courchesne,2026-01-31,iPad+Catalog+Cart,16980.0,2023,61.7,"683 logins in 90 days, but only 14 of 326 reps (4%) have logged in this quarter — most of the team isn't engaged. Pace is holding steady at 1.0x baseline.",57.1,Using 4 of 7 applicable features — real breadth gaps here. eCat Online Catalog is enabled but no portal traffic in 90 days; Online Ordering (B2B Cart) is enabled but no portal orders in 90 days; Sales Data is configured but no import has run in 90 days — check whether the feed is broken or the integration was never fully set up. CS should investigate the feed configuration and schedule a rep coaching session.,60.0,3 of 5 configured channels producing outcomes. Gap: Online catalog is enabled but no portal traffic in 90d; B2B Cart is configured but no portal orders in 90d.,72.5,Catalog 99% complete (contract pricing — price check skipped); 4 of 5 import feeds healthy; Inventory last ran with errors; data freshness critical — the Images feed last ran 18d ago against a ~2d expected cadence.,62.8,Healthy,"Groupe Courchesne's reps are logging in at a limited rate (engagement 62), but they are using only a portion of the platform — adoption (57) reflects a feature-coverage gap, not an activity problem. Run a targeted coaching session on the highest-ROI unused features to convert this activity into stronger outcomes.",False,,,False,False,,,True,complete,4,,full,False
df,Designer's Fountain,2026-01-31,iPad-only,9560.04,2024,71.7,"293 logins in 90 days is on the lower side for 43 enabled reps — 27 of 43 (63%) are active, but session depth is limited. Pace is holding steady at 0.8x baseline.",80.0,Using 4 of 5 applicable features — mostly adopted. Sales Data is configured but no import has run in 90 days — check whether the feed is broken or the integration was never fully set up.,66.7,2 of 3 configured channels producing outcomes. Gap: No meaningful iPad order activity — only 2 orders in 90 days (threshold is 10).,88.1,Catalog 99% complete (contract pricing — price check skipped); 2 of 3 import feeds healthy; Products last ran with errors; data feeds mostly on cadence — Images is 73d overdue against a ~1d expected cadence and needs attention.,76.6,Healthy,Designer's Fountain is in Healthy territory (77) with a mixed profile — operational health (88) is the strongest area and value delivery (67) is the drag. Focus the next conversation on converting activity into outcomes; portal activation or an order-workflow review is the starting point.,False,,,False,False,,,True,complete,4,,full,False
vcg,Visual Comfort Signature,2026-01-31,iPad-only,18455.4,2019,88.3,"3,857 logins in 90 days — solid activity for this team size, with 82 of 146 reps logging in regularly and pace accelerating at 1.8x baseline. No engagement concern here.",100.0,Using every configured feature — nothing unused.,100.0,All configured channels are producing outcomes.,92.6,Catalog 96% complete; 5 of 6 import feeds healthy; Inventory last ran with errors; data feeds mostly on cadence — Images is 23d overdue against a ~2d expected cadence and needs attention.,95.2,Thriving,Visual Comfort Signature is performing well across the board — every dimension is at 88 or higher and the overall score of 95 reflects consistent strength rather than one area carrying the others. No action needed; monitor at standard cadence.,False,,,False,False,,,True,complete,4,,full,False
vic,Vaxcel International Corporation,2026-01-31,Full,21780.0,2022,56.7,"307 logins in 90 days, but only 23 of 327 reps (7%) have logged in this quarter — most of the team isn't engaged. Pace is holding steady at 1.1x baseline.",87.5,Using 7 of 8 applicable features — mostly adopted. Sales Data is configured but no import has run in 90 days — check whether the feed is broken or the integration was never fully set up.,83.3,5 of 6 configured channels producing outcomes. Gap: No meaningful iPad order activity — only 1 order in 90 days (threshold is 10).,89.2,Catalog 99% complete; 6 of 7 import feeds healthy; Customers last ran with errors; data feeds mostly on cadence — Images is 70d overdue against a ~6d expected cadence and needs attention.,79.2,Healthy,Vaxcel International Corporation is in Healthy territory (79) with a mixed profile — operational health (89) is the strongest area and engagement (57) is the drag. Monitor engagement closely; a continued downward trend would push this into Watch territory.,False,,,False,False,,,True,complete,4,,full,False
ah,Alfresco Home,2026-01-31,iPad+Catalog+Cart,18560.04,2018,81.0,"1,075 logins in 90 days — solid activity for this team size, with 34 of 47 reps logging in regularly and pace holding steady at 1.1x baseline. No engagement concern here. Rep headcount estimated from annual login history (portal accounts excluded from denominator).",50.0,Using 3 of 6 applicable features — real breadth gaps here. eCat Online Catalog is enabled but no portal traffic in 90 days; Online Ordering (B2B Cart) is enabled but no portal orders in 90 days; Sales Data is configured but no import has run in 90 days — check whether the feed is broken or the integration was never fully set up. CS should investigate the feed configuration and schedule a rep coaching session.,50.0,Only 2 of 4 applicable channels are producing outcomes. Online catalog is enabled but no portal traffic in 90d; B2B Cart is configured but no portal orders in 90d. CS should identify the highest-impact gap and address it in the next touchpoint.,99.9,Catalog 99% complete; all 4 import feeds healthy; data feeds running on cadence.,70.2,Healthy,"Alfresco Home's reps are logging in consistently (engagement 81), but they are using only a portion of the platform — adoption (50) and value delivery (50) reflect a feature-coverage gap, not an activity problem. Run a targeted coaching session on the highest-ROI unused features to convert this activity into stronger outcomes.",False,,,False,False,,,True,complete,4,,full,False
kii,"Kennedy International, Inc.",2026-01-31,iPad+Catalog+Cart,16642.56,2015,66.0,"1,023 logins in 90 days, but only 19 of 87 reps (22%) have logged in this quarter — most of the team isn't engaged. Pace is holding steady at 0.9x baseline.",71.4,Using 5 of 7 applicable features — real breadth gaps here. eCat Online Catalog is enabled but no portal traffic in 90 days; Online Ordering (B2B Cart) is enabled but no portal orders in 90 days. CS should schedule a rep coaching session to build these habits.,60.0,3 of 5 configured channels producing outcomes. Gap: Online catalog is enabled but no portal traffic in 90d; B2B Cart is configured but no portal orders in 90d.,71.0,"Catalog 72% complete (contract pricing — price check skipped) — healthy but with room to improve; 4 of 7 import feeds healthy; Inventory, Product Stories (117d ago), Sales Data last ran with errors; data feeds running on cadence.",67.1,Healthy,"Kennedy International, Inc. is in Healthy territory (67) with a mixed profile — adoption (71) is the strongest area and value delivery (60) is the drag. Focus the next conversation on converting activity into outcomes; portal activation or an order-workflow review is the starting point.",False,,,False,False,,,True,complete,4,,full,False
mah,Moda at Home Enterprises Ltd,2026-01-31,iPad+Catalog+Cart,16642.44,2019,56.7,"313 logins in 90 days, but only 17 of 361 reps (5%) have logged in this quarter — most of the team isn't engaged. Pace is holding steady at 1.4x baseline.",57.1,Using 4 of 7 applicable features — real breadth gaps here. eCat Online Catalog is enabled but no portal traffic in 90 days; Online Ordering (B2B Cart) is enabled but no portal orders in 90 days; Sales Data is configured but no import has run in 90 days — check whether the feed is broken or the integration was never fully set up. CS should investigate the feed configuration and schedule a rep coaching session.,60.0,3 of 5 configured channels producing outcomes. Gap: Online catalog is enabled but no portal traffic in 90d; B2B Cart is configured but no portal orders in 90d.,76.1,Catalog 69% complete (contract pricing — price check skipped) — healthy but with room to improve; 5 of 6 import feeds healthy; Inventory last ran with errors; data feeds running on cadence.,62.5,Healthy,Moda at Home Enterprises Ltd is in Healthy territory (62) with a mixed profile — operational health (76) is the strongest area and engagement (57) is the drag. Monitor engagement closely; a continued downward trend would push this into Watch territory.,False,,,False,False,,,True,complete,4,,full,False
hf,Hooker Furnishings,2026-01-31,iPad-only,10365.0,2024,70.0,"629 logins in 90 days, but only 27 of 63 reps (43%) have logged in this quarter — most of the team isn't engaged. Pace is holding steady at 1.0x baseline.",80.0,Using 4 of 5 applicable features — mostly adopted. Sales Data is configured but no import has run in 90 days — check whether the feed is broken or the integration was never fully set up.,100.0,All configured channels are producing outcomes.,62.6,"Catalog 89% complete — healthy but with room to improve; 2 of 4 import feeds healthy; Customers, Inventory last ran with errors; data freshness critical — the Images feed last ran 91d ago against a ~2d expected cadence.",78.2,Healthy,Hooker Furnishings is in Healthy territory (78) with a mixed profile — value delivery (100) is the strongest area and operational health (63) is the drag. Addressing catalog and import health in the next review cycle is the cleanest path back toward Thriving.,False,,,False,False,,,False,complete,4,,full,False
afx,"AFX, Inc.",2026-01-31,iPad-only,9150.0,2023,75.0,"452 logins in 90 days — solid activity for this team size, with 37 of 67 reps logging in regularly and pace accelerating at 3.3x baseline. No engagement concern here.",60.0,"Using 3 of 5 applicable features — real breadth gaps here. Inventory Management feed has gone quiet — no imports in 90 days; Sales Data is configured but no import has run in 90 days — check whether the feed is broken or the integration was never fully set up. CS should check the integration setup — this may be a broken feed, not a usage gap.",66.7,2 of 3 configured channels producing outcomes. Gap: Inventory feed has gone silent — no imports in 90d.,58.3,Ops concern — catalog 95% complete (contract pricing — price check skipped); 3 of 4 import feeds healthy; Products last ran with errors; data freshness critical — the Inventory feed last ran 134d ago against a ~1d expected cadence — escalate to ops.,65.0,Healthy,"AFX, Inc. is in Healthy territory (65) with a mixed profile — engagement (75) is the strongest area and operational health (58) is the drag. Addressing catalog and import health in the next review cycle is the cleanest path back toward Thriving.",False,,,False,False,,,True,complete,4,,full,False
heb,Home Essentials & Beyond,2026-01-31,iPad-only,9140.04,2012,73.3,"589 logins in 90 days, but only 26 of 99 reps (26%) have logged in this quarter — most of the team isn't engaged. Pace is accelerating at 1.7x baseline.",80.0,Using 4 of 5 applicable features — mostly adopted. Sales Data is configured but no import has run in 90 days — check whether the feed is broken or the integration was never fully set up.,100.0,All configured channels are producing outcomes.,92.3,Catalog 100% complete (contract pricing — price check skipped); 5 of 6 import feeds healthy; Products last ran with errors; data feeds mostly on cadence — Option Images is 38d overdue against a ~4d expected cadence and needs attention.,86.4,Thriving,"Home Essentials & Beyond is performing well overall (86) — engagement (73) is the relative drag, but every dimension is in acceptable shape. Monitor at standard cadence.",False,,,False,False,,,True,complete,4,,full,False
fal,Fine Art Handcrafted Lighting,2026-01-31,iPad-only,17840.04,2024,92.7,"1,628 logins in 90 days — solid activity for this team size, with 43 of 46 reps logging in regularly and pace holding steady at 1.0x baseline. No engagement concern here.",75.0,Using 3 of 4 applicable features — mostly adopted. Sales Data is configured but no import has run in 90 days — check whether the feed is broken or the integration was never fully set up.,100.0,All configured channels are producing outcomes.,88.8,Catalog 98% complete (contract pricing — price check skipped); 3 of 4 import feeds healthy; Customers last ran with errors; data feeds running on cadence.,89.1,Thriving,"Fine Art Handcrafted Lighting is performing well overall (89) — adoption (75) is the relative drag, but every dimension is in acceptable shape. Monitor at standard cadence.",False,,,False,False,,,True,complete,4,,full,False
bri,Bulbrite,2026-01-31,Full,31445.04,2023,86.7,"1,040 logins in 90 days — solid activity for this team size, with 75 of 90 reps logging in regularly and pace holding steady at 1.3x baseline. No engagement concern here. Rep headcount estimated from annual login history (portal accounts excluded from denominator).",100.0,Using every configured feature — nothing unused.,100.0,All configured channels are producing outcomes.,99.5,Catalog 100% complete (contract pricing — price check skipped); all 10 import feeds healthy; data feeds mostly on cadence — Customers is 39d overdue against a ~6d expected cadence and needs attention.,96.5,Thriving,Bulbrite is performing well across the board — every dimension is at 87 or higher and the overall score of 96 reflects consistent strength rather than one area carrying the others. No action needed; monitor at standard cadence.,False,,,False,False,,,True,complete,4,,full,False
sbmh,Somerset Bay and Modern History,2026-01-31,Full,26079.96,2011,86.7,"1,634 logins in 90 days — solid activity for this team size, with 30 of 35 reps logging in regularly and pace holding steady at 1.1x baseline. No engagement concern here. Rep headcount estimated from annual login history (portal accounts excluded from denominator).",100.0,Using every configured feature — nothing unused.,100.0,All configured channels are producing outcomes.,94.1,Catalog 97% complete; 7 of 8 import feeds healthy; Inventory last ran with errors; data feeds mostly on cadence — Portal Orders is 102d overdue against a ~25d expected cadence and needs attention.,95.2,Thriving,Somerset Bay and Modern History is performing well across the board — every dimension is at 87 or higher and the overall score of 95 reflects consistent strength rather than one area carrying the others. No action needed; monitor at standard cadence.,False,,,False,False,,,True,complete,4,,full,False
sarreid,"Sarreid, Ltd.",2026-01-31,iPad+Catalog+Portal,27968.04,2014,78.3,"4,262 logins in 90 days — solid activity for this team size, with 48 of 105 reps logging in regularly and pace holding steady at 1.0x baseline. No engagement concern here.",100.0,Using every configured feature — nothing unused.,100.0,All configured channels are producing outcomes.,99.2,Catalog 93% complete; all 10 import feeds healthy; data feeds running on cadence.,94.4,Thriving,"Sarreid, Ltd. is performing well overall (94) — engagement (78) is the relative drag, but every dimension is in acceptable shape. Monitor at standard cadence.",False,,,False,False,,,True,complete,4,,full,False
bcf,Braxton Culler,2026-01-31,Full,26340.0,2022,85.0,"3,262 logins in 90 days — solid activity for this team size, with 46 of 62 reps logging in regularly and pace holding steady at 1.1x baseline. No engagement concern here. Rep headcount estimated from annual login history (portal accounts excluded from denominator).",100.0,Using every configured feature — nothing unused.,100.0,All configured channels are producing outcomes.,80.4,Catalog 82% complete — healthy but with room to improve; all 11 import feeds healthy; data feeds mostly on cadence — Images is 21d overdue against a ~1d expected cadence and needs attention.,91.3,Thriving,Braxton Culler is performing well across the board — every dimension is at 80 or higher and the overall score of 91 reflects consistent strength rather than one area carrying the others. No action needed; monitor at standard cadence.,False,,,False,False,,,True,complete,4,,full,False
fc,Furniture Classics ,2026-01-31,Full,24099.96,2017,86.7,"1,622 logins in 90 days — solid activity for this team size, with 34 of 44 reps logging in regularly and pace holding steady at 1.2x baseline. No engagement concern here. Rep headcount estimated from annual login history (portal accounts excluded from denominator).",100.0,Using every configured feature — nothing unused.,100.0,All configured channels are producing outcomes.,67.0,Catalog completeness at 28% is a blocker for field use — reps are working with incomplete product data; flag for a catalog audit; 6 of 7 import feeds healthy; Customers last ran with errors; data feeds mostly on cadence — Customers is 40d overdue against a ~1d expected cadence and needs attention.,88.4,Thriving,Furniture Classics  is in Thriving territory (88) with a mixed profile — adoption (100) is the strongest area and operational health (67) is the drag. Address the data infrastructure when the next review cycle allows — the rest of the picture is strong enough to support it.,False,,,False,False,,,True,complete,4,,full,False
jyc,Jamie Young Company,2026-01-31,Full,35400.0,2014,86.7,"2,170 logins in 90 days — solid activity for this team size, with 59 of 76 reps logging in regularly and pace holding steady at 1.2x baseline. No engagement concern here. Rep headcount estimated from annual login history (portal accounts excluded from denominator).",100.0,Using every configured feature — nothing unused.,100.0,All configured channels are producing outcomes.,84.3,"Catalog 100% complete (contract pricing — price check skipped); 5 of 8 import feeds healthy; Customers, Inventory, Sales Data last ran with errors; data feeds mostly on cadence — Customers is 39d overdue against a ~5d expected cadence and needs attention.",92.8,Thriving,Jamie Young Company is performing well across the board — every dimension is at 84 or higher and the overall score of 93 reflects consistent strength rather than one area carrying the others. No action needed; monitor at standard cadence.,False,,,False,False,,,True,complete,4,,full,False
ta,Theodore Alexander,2026-01-31,Full,24260.04,2016,66.0,"2,567 logins in 90 days, but only 35 of 478 reps (7%) have logged in this quarter — most of the team isn't engaged. Pace is holding steady at 1.0x baseline.",100.0,Using every configured feature — nothing unused.,100.0,All configured channels are producing outcomes.,98.2,Catalog 100% complete; all 8 import feeds healthy; data feeds running on cadence.,91.0,Thriving,Theodore Alexander is in Thriving territory (91) with a mixed profile — adoption (100) is the strongest area and engagement (66) is the drag. Monitor closely — an engagement dip in an otherwise Thriving account is an early warning worth tracking.,False,,,False,False,,,True,complete,4,,full,False
lpf,Linon/Powell Furniture,2026-01-31,Full,26079.96,2019,81.0,"2,563 logins in 90 days — solid activity for this team size, with 40 of 63 reps logging in regularly and pace holding steady at 1.0x baseline. No engagement concern here. Rep headcount estimated from annual login history (portal accounts excluded from denominator).",87.5,Using 7 of 8 applicable features — mostly adopted. Sales Data is configured but no import has run in 90 days — check whether the feed is broken or the integration was never fully set up.,100.0,All configured channels are producing outcomes.,95.2,Catalog 99% complete (contract pricing — price check skipped); 6 of 7 import feeds healthy; Products last ran with errors; data feeds running on cadence.,90.9,Thriving,Linon/Powell Furniture is performing well across the board — every dimension is at 81 or higher and the overall score of 91 reflects consistent strength rather than one area carrying the others. No action needed; monitor at standard cadence.,False,,,False,False,,,True,complete,4,,full,False
wag,Wendover Art Group,2026-01-31,iPad-only,16087.56,2025,84.3,"1,714 logins in 90 days — solid activity for this team size, with 60 of 92 reps logging in regularly and pace accelerating at 1.6x baseline. No engagement concern here.",100.0,Using every configured feature — nothing unused.,100.0,All configured channels are producing outcomes.,83.3,"Catalog 97% complete; 2 of 4 import feeds healthy; Customers, Sales Data last ran with errors; data feeds running on cadence.",91.9,Thriving,Wendover Art Group is performing well across the board — every dimension is at 83 or higher and the overall score of 92 reflects consistent strength rather than one area carrying the others. No action needed; monitor at standard cadence.,False,,,False,False,,,True,complete,4,,full,False
gsa,Godinger Silver Art Co.,2026-01-31,iPad-only,8799.96,2011,65.0,"433 logins in 90 days, but only 22 of 45 reps (49%) have logged in this quarter — most of the team isn't engaged. Pace is holding steady at 1.3x baseline.",100.0,Using every configured feature — nothing unused.,100.0,All configured channels are producing outcomes.,73.6,Catalog 70% complete — healthy but with room to improve; all 4 import feeds healthy; data freshness critical — the Images feed last ran 7d ago against a ~1d expected cadence.,84.7,Thriving,Godinger Silver Art Co. is in Thriving territory (85) with a mixed profile — adoption (100) is the strongest area and engagement (65) is the drag. Monitor closely — an engagement dip in an otherwise Thriving account is an early warning worth tracking.,False,,,False,False,,,True,complete,4,,full,False
ali,Access Lighting,2026-01-31,iPad+Catalog+Portal,21680.04,2018,61.7,"650 logins in 90 days, but only 46 of 236 reps (19%) have logged in this quarter — most of the team isn't engaged. Pace is holding steady at 1.1x baseline.",85.7,Using 6 of 7 applicable features — mostly adopted. Sales Data is configured but no import has run in 90 days — check whether the feed is broken or the integration was never fully set up.,80.0,4 of 5 configured channels producing outcomes. Gap: No iPad orders submitted in 90 days — reps are not converting activity into orders.,92.5,Catalog 93% complete; 5 of 6 import feeds healthy; Products last ran with errors; data feeds running on cadence.,80.0,Thriving,Access Lighting is in Thriving territory (80) with a mixed profile — operational health (92) is the strongest area and engagement (62) is the drag. Monitor closely — an engagement dip in an otherwise Thriving account is an early warning worth tracking.,False,,,False,False,,,True,complete,4,,full,False
gl,Golden Lighting,2026-01-31,Full,24309.96,2023,85.7,"633 logins in 90 days — solid activity for this team size, with 35 of 44 reps logging in regularly and pace accelerating at 1.8x baseline. No engagement concern here. Rep headcount estimated from annual login history (portal accounts excluded from denominator).",75.0,Using 6 of 8 applicable features — mostly adopted. Sales Portal is enabled but reps haven't opened it in 90 days — consider a rep training touchpoint.,100.0,All configured channels are producing outcomes.,94.1,Catalog 99% complete; 6 of 7 import feeds healthy; Products last ran with errors; data feeds running on cadence.,88.7,Thriving,"Golden Lighting is performing well overall (89) — adoption (75) is the relative drag, but every dimension is in acceptable shape. Monitor at standard cadence.",False,,,False,False,,,True,complete,4,,full,False
uhc,Uniware Housewares Corp.,2026-01-31,iPad-only,8739.96,2021,92.7,"1,323 logins in 90 days — solid activity for this team size, with 19 of 20 reps logging in regularly and pace holding steady at 1.0x baseline. No engagement concern here.",80.0,Using 4 of 5 applicable features — mostly adopted. Sales Data is configured but no import has run in 90 days — check whether the feed is broken or the integration was never fully set up.,66.7,2 of 3 configured channels producing outcomes — reps are active but not using sharing/quoting in the field. A short demo of the share flow in the next QBR could move this.,100.0,Catalog 98% complete (contract pricing — price check skipped); all 3 import feeds healthy; data feeds running on cadence.,84.8,Thriving,Uniware Housewares Corp. is in Thriving territory (85) with a mixed profile — operational health (100) is the strongest area and value delivery (67) is the drag. Investigate why activity is not converting into outcomes — an order pipeline review or portal activation check is the starting point.,False,,,False,False,,,True,complete,4,,full,False
sccon,Summer Classics Contract,2026-01-31,Full,21819.96,2014,81.0,"1,596 logins in 90 days — solid activity for this team size, with 31 of 46 reps logging in regularly and pace holding steady at 1.1x baseline. No engagement concern here. Rep headcount estimated from annual login history (portal accounts excluded from denominator).",100.0,Using every configured feature — nothing unused.,100.0,All configured channels are producing outcomes.,85.9,Catalog 73% complete (contract pricing — price check skipped) — healthy but with room to improve; all 13 import feeds healthy; data feeds mostly on cadence — Option Images is 172d overdue against a ~2d expected cadence and needs attention.,91.7,Thriving,Summer Classics Contract is performing well across the board — every dimension is at 81 or higher and the overall score of 92 reflects consistent strength rather than one area carrying the others. No action needed; monitor at standard cadence.,False,,,False,False,,,True,complete,4,,full,False
am,Alfonso Marina,2026-01-31,iPad-only,11082.72,2024,83.3,"335 logins in 90 days — solid activity for this team size, with 18 of 20 reps logging in regularly and pace holding steady at 0.8x baseline. No engagement concern here.",75.0,Using 3 of 4 applicable features — mostly adopted. Sales Data is configured but no import has run in 90 days — check whether the feed is broken or the integration was never fully set up.,100.0,All configured channels are producing outcomes.,66.1,Catalog 94% complete; 4 of 5 import feeds healthy; Products last ran with errors; data freshness critical — the Images feed last ran 100d ago against a ~3d expected cadence.,81.1,Thriving,Alfonso Marina is in Thriving territory (81) with a mixed profile — value delivery (100) is the strongest area and operational health (66) is the drag. Address the data infrastructure when the next review cycle allows — the rest of the picture is strong enough to support it.,False,,,False,False,,,True,complete,4,,full,False
abol,America's Backyards,2026-01-31,iPad-only,8700.0,2024,58.3,"82 logins in 90 days is on the lower side for 21 enabled reps — 6 of 21 (29%) are active, but session depth is limited. Pace is holding steady at 1.2x baseline.",66.7,Using 4 of 6 applicable features — real breadth gaps here. eCat Online Catalog is enabled but no portal traffic in 90 days; Sales Data is configured but no import has run in 90 days — check whether the feed is broken or the integration was never fully set up. CS should investigate the feed configuration and schedule a rep coaching session.,50.0,Only 2 of 4 applicable channels are producing outcomes. No iPad orders submitted in 90 days — reps are not converting activity into orders; online catalog is enabled but no portal traffic in 90d. CS should identify the highest-impact gap and address it in the next touchpoint.,92.9,Catalog 91% complete; all 3 import feeds healthy; data freshness critical — the Inventory feed last ran 81d ago against a ~7d expected cadence.,67.0,Healthy,America's Backyards is in Healthy territory (67) with a mixed profile — operational health (93) is the strongest area and value delivery (50) is the drag. Focus the next conversation on converting activity into outcomes; portal activation or an order-workflow review is the starting point.,False,,,False,False,,,True,complete,4,,full,True
gblx,Globalux Lighting & Fans,2026-01-31,iPad-only,16200.0,2025,75.0,"314 logins in 90 days — solid activity for this team size, with 32 of 54 reps logging in regularly and pace accelerating at 3.5x baseline. No engagement concern here.",75.0,Using 3 of 4 applicable features — mostly adopted. Smart Stacks haven't been used — a CS demo of the feature could unlock this.,66.7,2 of 3 configured channels producing outcomes. Gap: No iPad orders submitted in 90 days — reps are not converting activity into orders.,81.7,"Catalog 100% complete; 2 of 4 import feeds healthy; Inventory, Products last ran with errors; data feeds running on cadence.",74.6,Healthy,Globalux Lighting & Fans is in Healthy territory (75) with a mixed profile — operational health (82) is the strongest area and value delivery (67) is the drag. Focus the next conversation on converting activity into outcomes; portal activation or an order-workflow review is the starting point.,False,,,False,False,,,True,complete,4,,full,False
ol,Oly Studio,2026-01-31,iPad-only,13380.0,2025,25.0,"Low engagement: 17 logins in 90 days from 5 of 13 reps (38% active), pace is sharp deceleration — usage has dropped significantly from baseline at 0.1x baseline. Below-threshold activity across the board — proactive outreach warranted.",40.0,Using 2 of 5 applicable features — real breadth gaps here. Reps aren't using sharing or quoting in the field — zero email drafts in 90 days; Inventory Management feed has gone quiet — no imports in 90 days; Sales Data is configured but no import has run in 90 days — check whether the feed is broken or the integration was never fully set up. CS should investigate the feed configuration and schedule a rep coaching session.,0.0,Only 0 of 3 applicable channels are producing outcomes. No iPad orders submitted in 90 days — reps are not converting activity into orders; sharing/quoting near zero (0 events in 90d). CS should identify the highest-impact gap and address it in the next touchpoint.,100.0,Catalog 100% complete; all 1 import feed healthy.,40.0,Watch,"Oly Studio's rep activity (25 engagement) and platform outcomes (0 value delivery) are both too low to support a healthy relationship. Re-establishing contact to understand why reps have gone quiet is the first step — determine whether this is a coverage gap, a product fit issue, or something else.",False,,,True,False,,,True,complete,4,,catalog_only,False
sca,Shadow Catchers,2026-01-31,iPad-only,8700.0,2015,75.0,"303 logins in 90 days — solid activity for this team size, with 22 of 34 reps logging in regularly and pace accelerating at 1.9x baseline. No engagement concern here.",75.0,Using 3 of 4 applicable features — mostly adopted. Sales Data is configured but no import has run in 90 days — check whether the feed is broken or the integration was never fully set up.,100.0,All configured channels are producing outcomes.,71.4,Catalog 99% complete; all 2 import feeds healthy; data freshness critical — the Images feed last ran 22d ago against a ~3d expected cadence.,80.3,Thriving,"Shadow Catchers is in Thriving territory (80), but the score sits just above the Healthy cutoff — operational health (71) is the relative weakness while value delivery (100) is doing the lifting. A focused check-in on operational health would solidify the Thriving position before any drift sets in.",False,,,False,False,,,True,complete,4,,full,False
rf,Rowe Furniture,2026-01-31,iPad-only,9300.0,2021,81.0,"1,238 logins in 90 days — solid activity for this team size, with 29 of 48 reps logging in regularly and pace holding steady at 1.1x baseline. No engagement concern here.",75.0,Using 3 of 4 applicable features — mostly adopted. Sales Data is configured but no import has run in 90 days — check whether the feed is broken or the integration was never fully set up.,100.0,All configured channels are producing outcomes.,52.4,"Ops concern — catalog 81% complete — healthy but with room to improve; 1 of 4 import feeds healthy; Customers, Kit Items, Products last ran with errors; data freshness critical — the Customers feed last ran 39d ago against a ~1d expected cadence.",77.1,Healthy,Rowe Furniture is in Healthy territory (77) with a mixed profile — value delivery (100) is the strongest area and operational health (52) is the drag. Addressing catalog and import health in the next review cycle is the cleanest path back toward Thriving.,False,,,False,False,,,True,complete,4,,full,False
swc,Sauder Woodworking,2026-01-31,iPad-only,8700.0,2013,48.3,"Low engagement: 182 logins in 90 days from 12 of 28 reps (43% active), pace is cooling off — worth monitoring at 0.7x baseline. Below-threshold activity across the board — proactive outreach warranted.",100.0,Using every configured feature — nothing unused.,50.0,Only 1 of 2 applicable channels are producing outcomes. No iPad orders submitted in 90 days — reps are not converting activity into orders. CS should identify the highest-impact gap and address it in the next touchpoint.,100.0,Catalog 98% complete; all 2 import feeds healthy; data feeds running on cadence.,74.6,Healthy,"The platform is producing some outcomes for Sauder Woodworking (value delivery 50), but rep engagement is thin (engagement 48) — a small slice of the team is doing most of the work. Re-engaging the broader team is the most important next step: identify which reps have gone quiet and whether coverage or enablement gaps are driving it.",False,,,False,False,,,True,complete,4,,full,False
lss,Lifestyle Solutions,2026-01-31,iPad-only,8700.0,2023,75.0,"328 logins in 90 days — solid activity for this team size, with 12 of 19 reps logging in regularly and pace accelerating at 1.9x baseline. No engagement concern here.",80.0,Using 4 of 5 applicable features — mostly adopted. Sales Data is configured but no import has run in 90 days — check whether the feed is broken or the integration was never fully set up.,100.0,All configured channels are producing outcomes.,84.9,"Catalog 93% complete; 3 of 5 import feeds healthy; Product Stories, Products last ran with errors; data feeds mostly on cadence — Images is 11d overdue against a ~2d expected cadence and needs attention.",85.0,Thriving,"Lifestyle Solutions is performing well overall (85) — engagement (75) is the relative drag, but every dimension is in acceptable shape. Monitor at standard cadence.",False,,,False,False,,,True,complete,4,,full,False
soi,Silver One,2026-01-31,iPad-only,8700.0,2024,70.7,"121 logins in 90 days is on the lower side for 4 enabled reps — 3 of 4 (75%) are active, but session depth is limited. Pace is holding steady at 1.0x baseline.",50.0,Using 2 of 4 applicable features — real breadth gaps here. Smart Stacks haven't been used — a CS demo of the feature could unlock this; Sales Data is configured but no import has run in 90 days — check whether the feed is broken or the integration was never fully set up. CS should investigate the feed configuration and schedule a rep coaching session.,0.0,Only 0 of 2 applicable channels are producing outcomes. No iPad orders submitted in 90 days — reps are not converting activity into orders; sharing/quoting near zero (1 event in 90d). CS should identify the highest-impact gap and address it in the next touchpoint.,93.2,Catalog 97% complete (contract pricing — price check skipped); all 2 import feeds healthy; data freshness declining — the Products feed last ran 7d ago against a ~5d expected cadence.,53.5,Watch,"The platform isn't generating any measurable business outcomes for Silver One — no channel (orders, quotes, portal activity, or data flow) is currently producing results. Focus the next conversation on which channel was expected to convert activity into orders, and what is blocking it.",False,,,False,False,,,True,complete,4,,full,False
etl,ELICO LTD.,2026-01-31,iPad-only,8700.0,2019,76.7,"674 logins in 90 days — solid activity for this team size, with 11 of 16 reps logging in regularly and pace holding steady at 1.1x baseline. No engagement concern here.",100.0,Using every configured feature — nothing unused.,100.0,All configured channels are producing outcomes.,74.1,Catalog 96% complete; all 5 import feeds healthy; data freshness critical — the Images feed last ran 4d ago against a ~1d expected cadence.,87.7,Thriving,"ELICO LTD. is performing well overall (88) — operational health (74) is the relative drag, but every dimension is in acceptable shape. Monitor at standard cadence.",False,,,False,False,,,True,complete,4,,full,False
krb,Kaleen Rugs & Broadloom,2026-01-31,iPad-only,8700.0,2024,13.3,Only 1 logins in 90 days from just 1 of 34 reps (3%) — most of the team is not using the app this quarter. Prioritize an engagement call to identify adoption barriers.,50.0,Using 2 of 4 applicable features — real breadth gaps here. Reps aren't using sharing or quoting in the field — zero email drafts in 90 days; Sales Data is configured but no import has run in 90 days — check whether the feed is broken or the integration was never fully set up. CS should investigate the feed configuration and schedule a rep coaching session.,0.0,Only 0 of 2 applicable channels are producing outcomes. No iPad orders submitted in 90 days — reps are not converting activity into orders; sharing/quoting near zero (0 events in 90d). CS should identify the highest-impact gap and address it in the next touchpoint.,30.8,Ops concern — catalog is empty — no products have complete data; 2 of 3 import feeds healthy; Customers (143d ago) last ran with errors; data freshness critical — the Customers feed last ran 143d ago against a ~1d expected cadence — escalate to ops.,23.5,At Risk,"Kaleen Rugs & Broadloom has essentially no active usage — 13 engagement and 0 value delivery mean the platform is running but not being used in any meaningful way. At $8,700 this is an urgent recovery situation.",False,,,True,False,,,True,complete,4,,full,False
dals,DALS Lighting,2026-01-31,iPad-only,8700.0,2023,65.0,"232 logins in 90 days, but only 22 of 60 reps (37%) have logged in this quarter — most of the team isn't engaged. Pace is holding steady at 1.2x baseline.",60.0,"Using 3 of 5 applicable features — real breadth gaps here. Inventory Management feed has gone quiet — no imports in 90 days; Sales Data is configured but no import has run in 90 days — check whether the feed is broken or the integration was never fully set up. CS should check the integration setup — this may be a broken feed, not a usage gap.",33.3,Only 1 of 3 applicable channels are producing outcomes. No meaningful iPad order activity — only 2 orders in 90 days (threshold is 10); inventory feed has gone silent — no imports in 90d. CS should identify the highest-impact gap and address it in the next touchpoint.,40.0,Ops concern — catalog completeness at 33% is a blocker for field use — reps are working with incomplete product data; flag for a catalog audit; all 1 import feed healthy; data freshness critical — the Inventory feed last ran 106d ago against a ~18d expected cadence — escalate to ops.,49.6,Watch,"DALS Lighting is in Watch (50) with a mixed performance profile — no single dimension dominates, but value delivery (33) is the largest gap. Focus the next conversation on what is blocking orders or portal adoption — converting activity into outcomes is the priority.",False,,,False,False,,,True,complete,4,,full,False
ihw,Interlude Furniture,2026-01-31,iPad+Catalog+Portal,20730.0,2025,81.0,"2,611 logins in 90 days — solid activity for this team size, with 28 of 38 reps logging in regularly and pace holding steady at 1.0x baseline. No engagement concern here.",100.0,Using every configured feature — nothing unused.,100.0,All configured channels are producing outcomes.,83.4,Catalog 83% complete (contract pricing — price check skipped) — healthy but with room to improve; 12 of 13 import feeds healthy; Kit Items last ran with errors; data feeds running on cadence.,91.1,Thriving,Interlude Furniture is performing well across the board — every dimension is at 81 or higher and the overall score of 91 reflects consistent strength rather than one area carrying the others. No action needed; monitor at standard cadence.,False,,,False,False,,,True,complete,4,,full,False
sc,Gabriella White,2026-01-31,iPad+Catalog+Portal,24936.0,2013,90.7,"12,109 logins in 90 days — solid activity for this team size, with 128 of 145 reps logging in regularly and pace holding steady at 0.9x baseline. No engagement concern here.",100.0,Using every configured feature — nothing unused.,100.0,All configured channels are producing outcomes.,86.5,Catalog 62% complete (contract pricing — price check skipped) — healthy but with room to improve; all 13 import feeds healthy; data feeds mostly on cadence — Option Images is 172d overdue against a ~1d expected cadence and needs attention.,94.3,Thriving,Gabriella White is performing well across the board — every dimension is at 86 or higher and the overall score of 94 reflects consistent strength rather than one area carrying the others. No action needed; monitor at standard cadence.,False,,,False,False,,,True,complete,4,,full,False
ih,Interlude Home,2026-01-31,iPad+Catalog+Portal,22140.0,2021,90.7,"3,051 logins in 90 days — solid activity for this team size, with 28 of 36 reps logging in regularly and pace holding steady at 1.0x baseline. No engagement concern here.",100.0,Using every configured feature — nothing unused.,100.0,All configured channels are producing outcomes.,99.6,Catalog 96% complete; all 8 import feeds healthy; data feeds mostly on cadence — Images is 100d overdue against a ~7d expected cadence and needs attention.,97.6,Thriving,Interlude Home is performing well across the board — every dimension is at 91 or higher and the overall score of 98 reflects consistent strength rather than one area carrying the others. No action needed; monitor at standard cadence.,False,,,False,False,,,True,complete,4,,full,False
rw,RENWIL,2026-01-31,iPad+Catalog+Portal,25374.0,2024,86.7,"2,376 logins in 90 days — solid activity for this team size, with 66 of 88 reps logging in regularly and pace holding steady at 1.1x baseline. No engagement concern here.",71.4,Using 5 of 7 applicable features — real breadth gaps here. eCat Online Catalog is enabled but no portal traffic in 90 days; Sales Data is configured but no import has run in 90 days — check whether the feed is broken or the integration was never fully set up. CS should investigate the feed configuration and schedule a rep coaching session.,60.0,3 of 5 configured channels producing outcomes. Gap: Online catalog is enabled but no portal traffic in 90d; Sales Portal is configured but no portal orders in 90d.,99.6,Catalog 100% complete; all 8 import feeds healthy; data feeds running on cadence.,79.4,Healthy,RENWIL is in Healthy territory (79) with a mixed profile — operational health (100) is the strongest area and value delivery (60) is the drag. Focus the next conversation on converting activity into outcomes; portal activation or an order-workflow review is the starting point.,False,,,False,False,,,True,complete,4,,full,False
cci,Currey & Company,2026-01-31,iPad+Catalog+Portal,26480.04,2021,81.0,"1,979 logins in 90 days — solid activity for this team size, with 55 of 90 reps logging in regularly and pace holding steady at 0.9x baseline. No engagement concern here.",100.0,Using every configured feature — nothing unused.,100.0,All configured channels are producing outcomes.,87.5,"Catalog 93% complete; 5 of 8 import feeds healthy; Customers, Products, Sales Data last ran with errors; data feeds running on cadence.",92.1,Thriving,Currey & Company is performing well across the board — every dimension is at 81 or higher and the overall score of 92 reflects consistent strength rather than one area carrying the others. No action needed; monitor at standard cadence.,False,,,False,False,,,True,complete,4,,full,False
ml,Millennium Lighting,2026-01-31,iPad+Catalog,17979.96,2020,77.7,"1,480 logins in 90 days — solid activity for this team size, with 61 of 133 reps logging in regularly and pace accelerating at 1.6x baseline. No engagement concern here.",66.7,Using 4 of 6 applicable features — real breadth gaps here. eCat Online Catalog is enabled but no portal traffic in 90 days; Sales Data is configured but no import has run in 90 days — check whether the feed is broken or the integration was never fully set up. CS should investigate the feed configuration and schedule a rep coaching session.,75.0,3 of 4 configured channels producing outcomes. Gap: Online catalog is enabled but no portal traffic in 90d.,86.6,Catalog 98% complete; all 3 import feeds healthy; data freshness critical — the Images feed last ran 59d ago against a ~2d expected cadence.,76.5,Healthy,Millennium Lighting is in Healthy territory (76) with a mixed profile — operational health (87) is the strongest area and adoption (67) is the drag. A focused coaching session would help this team use more of the platform; rep activity is already there to support it.,False,,,False,False,,,True,complete,4,,full,False
mlc,Matteo Lighting,2026-01-31,iPad-only,12675.0,2023,91.7,"833 logins in 90 days — solid activity for this team size, with 46 of 37 reps logging in regularly and pace accelerating at 2.1x baseline. No engagement concern here.",75.0,Using 3 of 4 applicable features — mostly adopted. Sales Data is configured but no import has run in 90 days — check whether the feed is broken or the integration was never fully set up.,100.0,All configured channels are producing outcomes.,94.4,Catalog 100% complete (contract pricing — price check skipped); all 2 import feeds healthy; data feeds running on cadence.,90.3,Thriving,"Matteo Lighting is performing well overall (90) — adoption (75) is the relative drag, but every dimension is in acceptable shape. Monitor at standard cadence.",False,,,False,False,,,False,complete,4,stale,full,False
da,Dainolite Ltd.,2026-01-31,iPad-only,9399.96,2013,86.7,"1,640 logins in 90 days — solid activity for this team size, with 32 of 40 reps logging in regularly and pace holding steady at 1.3x baseline. No engagement concern here.",100.0,Using every configured feature — nothing unused.,100.0,All configured channels are producing outcomes.,74.8,"Catalog 100% complete; 2 of 5 import feeds healthy; Customers, Products, Sales Data last ran with errors; data feeds mostly on cadence — Images is 11d overdue against a ~2d expected cadence and needs attention.",90.4,Thriving,"Dainolite Ltd. is performing well overall (90) — operational health (75) is the relative drag, but every dimension is in acceptable shape. Monitor at standard cadence.",False,,,False,False,,,True,complete,4,,full,False
mlg,Minka Lighting Group,2026-01-31,iPad-only,16687.56,2025,84.3,"2,454 logins in 90 days — solid activity for this team size, with 74 of 101 reps logging in regularly and pace accelerating at 2.3x baseline. No engagement concern here.",100.0,Using every configured feature — nothing unused.,100.0,All configured channels are producing outcomes.,81.0,"Catalog 99% complete (contract pricing — price check skipped); 3 of 5 import feeds healthy; Inventory, Sales Data last ran with errors; data feeds running on cadence.",91.3,Thriving,Minka Lighting Group is performing well across the board — every dimension is at 81 or higher and the overall score of 91 reflects consistent strength rather than one area carrying the others. No action needed; monitor at standard cadence.,False,,,False,False,,,True,complete,4,,full,False
kal,Kalco Lighting / Allegri Crystal,2026-01-31,Full,29045.04,2019,90.0,"1,390 logins in 90 days — solid activity for this team size, with 50 of 65 reps logging in regularly and pace accelerating at 1.6x baseline. No engagement concern here. Rep headcount estimated from annual login history (portal accounts excluded from denominator).",100.0,Using every configured feature — nothing unused.,100.0,All configured channels are producing outcomes.,89.4,Catalog 92% complete; 6 of 7 import feeds healthy; Customers last ran with errors; data feeds mostly on cadence — Portal Invoices is 101d overdue against a ~1d expected cadence and needs attention.,94.8,Thriving,Kalco Lighting / Allegri Crystal is performing well across the board — every dimension is at 89 or higher and the overall score of 95 reflects consistent strength rather than one area carrying the others. No action needed; monitor at standard cadence.,False,,,False,False,,,True,complete,4,,full,False
ihm,International Home Miami,2026-01-31,iPad-only,8403.84,2024,76.7,"102 logins in 90 days — solid activity for this team size, with 26 of 22 reps logging in regularly and pace holding steady at 0.8x baseline. No engagement concern here.",40.0,Using 2 of 5 applicable features — real breadth gaps here. Smart Stacks haven't been used — a CS demo of the feature could unlock this; Reps aren't using sharing or quoting in the field — zero email drafts in 90 days; Sales Data is configured but no import has run in 90 days — check whether the feed is broken or the integration was never fully set up. CS should investigate the feed configuration and schedule a rep coaching session.,33.3,Only inventory is flowing — iPad order volume (2 orders) and sharing activity (0 events) are both near zero. Reps appear to be logging in but not converting activity into outcomes. CS should investigate whether reps are actively using the iPad in the field or just checking catalogs.,71.6,Catalog 100% complete; all 5 import feeds healthy; data freshness critical — the Images feed last ran 45d ago against a ~3d expected cadence.,55.4,Watch,"International Home Miami's reps are logging in consistently (engagement 77), but the platform is producing minimal outcomes (value delivery 33) and feature coverage is thin (adoption 40). For a 2024 cohort, this is proactive-outreach territory — identify the one or two highest-ROI unused features and anchor the next conversation around them.",False,,,False,False,,,False,complete,4,stale,full,False
eglo,Eglo USA Inc.,2026-01-31,iPad-only,10340.04,2022,80.0,"607 logins in 90 days — solid activity for this team size, with 35 of 48 reps logging in regularly and pace accelerating at 1.9x baseline. No engagement concern here.",100.0,Using every configured feature — nothing unused.,100.0,All configured channels are producing outcomes.,79.0,"Catalog 96% complete (contract pricing — price check skipped); 2 of 5 import feeds healthy; Customers, Products, Sales Data last ran with errors; data feeds mostly on cadence — Images is 29d overdue against a ~6d expected cadence and needs attention.",89.8,Thriving,"Eglo USA Inc. is performing well overall (90) — operational health (79) is the relative drag, but every dimension is in acceptable shape. Monitor at standard cadence.",False,,,False,False,,,True,complete,4,,full,False
eli,Elegant Furniture & Lighting,2026-01-31,iPad+Catalog+Cart,26570.04,2013,86.7,"2,075 logins in 90 days — solid activity for this team size, with 61 of 75 reps logging in regularly and pace holding steady at 1.3x baseline. No engagement concern here. Rep headcount estimated from annual login history (portal accounts excluded from denominator).",57.1,Using 4 of 7 applicable features — real breadth gaps here. eCat Online Catalog is enabled but no portal traffic in 90 days; Online Ordering (B2B Cart) is enabled but no portal orders in 90 days; Sales Data is configured but no import has run in 90 days — check whether the feed is broken or the integration was never fully set up. CS should investigate the feed configuration and schedule a rep coaching session.,60.0,3 of 5 configured channels producing outcomes. Gap: Online catalog is enabled but no portal traffic in 90d; B2B Cart is configured but no portal orders in 90d.,91.7,Catalog 94% complete; 3 of 4 import feeds healthy; Products last ran with errors; data feeds running on cadence.,73.9,Healthy,"Elegant Furniture & Lighting's reps are logging in consistently (engagement 87), but they are using only a portion of the platform — adoption (57) reflects a feature-coverage gap, not an activity problem. Run a targeted coaching session on the highest-ROI unused features to convert this activity into stronger outcomes.",False,,,False,False,,,True,complete,4,,full,False
wwjc,Wildwood/Chelsea House,2026-01-31,Full,40340.04,2011,86.7,"2,456 logins in 90 days — solid activity for this team size, with 52 of 67 reps logging in regularly and pace holding steady at 0.9x baseline. No engagement concern here. Rep headcount estimated from annual login history (portal accounts excluded from denominator).",100.0,Using every configured feature — nothing unused.,100.0,All configured channels are producing outcomes.,98.4,Catalog 100% complete; all 9 import feeds healthy; data feeds mostly on cadence — Option Images is 82d overdue against a ~7d expected cadence and needs attention.,96.3,Thriving,Wildwood/Chelsea House is performing well across the board — every dimension is at 87 or higher and the overall score of 96 reflects consistent strength rather than one area carrying the others. No action needed; monitor at standard cadence.,False,,,False,False,,,True,complete,4,,full,False
clli,Craftmade,2026-01-31,iPad+Catalog+Portal,28740.0,2019,69.3,"2,445 logins in 90 days, but only 68 of 1679 reps (4%) have logged in this quarter — most of the team isn't engaged. Pace is accelerating at 1.6x baseline.",85.7,Using 6 of 7 applicable features — mostly adopted. Sales Data is configured but no import has run in 90 days — check whether the feed is broken or the integration was never fully set up.,100.0,All configured channels are producing outcomes.,99.5,Catalog 93% complete (contract pricing — price check skipped); all 7 import feeds healthy; data feeds running on cadence.,88.6,Thriving,Craftmade is in Thriving territory (89) with a mixed profile — value delivery (100) is the strongest area and engagement (69) is the drag. Monitor closely — an engagement dip in an otherwise Thriving account is an early warning worth tracking.,False,,,False,False,,,True,complete,4,,full,False
el,Eurofase Inc.,2026-01-31,iPad+Catalog+Portal,33095.04,2020,77.7,"2,342 logins in 90 days — solid activity for this team size, with 104 of 277 reps logging in regularly and pace accelerating at 1.8x baseline. No engagement concern here.",100.0,Using every configured feature — nothing unused.,100.0,All configured channels are producing outcomes.,68.9,Catalog completeness at 26% (contract pricing — price check skipped) is a blocker for field use — reps are working with incomplete product data; flag for a catalog audit; 8 of 9 import feeds healthy; Product Stories last ran with errors; data feeds mostly on cadence — Customers is 39d overdue against a ~1d expected cadence and needs attention.,86.7,Thriving,Eurofase Inc. is in Thriving territory (87) with a mixed profile — adoption (100) is the strongest area and operational health (69) is the drag. Address the data infrastructure when the next review cycle allows — the rest of the picture is strong enough to support it.,False,,,False,False,,,True,complete,4,,full,False
hfg,Hubbardton Forge,2026-01-31,iPad+Catalog+Portal,36300.0,2022,88.3,"4,339 logins in 90 days — solid activity for this team size, with 96 of 182 reps logging in regularly and pace accelerating at 1.5x baseline. No engagement concern here.",100.0,Using every configured feature — nothing unused.,100.0,All configured channels are producing outcomes.,87.7,"Catalog 94% complete; 7 of 9 import feeds healthy; Customers, Portal Invoices last ran with errors; data feeds running on cadence.",94.0,Thriving,Hubbardton Forge is performing well across the board — every dimension is at 88 or higher and the overall score of 94 reflects consistent strength rather than one area carrying the others. No action needed; monitor at standard cadence.,False,,,False,False,,,True,complete,4,,full,False
pf,Palecek ,2026-01-31,iPad+Catalog,39009.96,2012,85.0,"4,895 logins in 90 days — solid activity for this team size, with 111 of 184 reps logging in regularly and pace holding steady at 1.1x baseline. No engagement concern here.",100.0,Using every configured feature — nothing unused.,100.0,All configured channels are producing outcomes.,96.2,Catalog 100% complete; all 9 import feeds healthy; data feeds mostly on cadence — Customers is 39d overdue against a ~1d expected cadence and needs attention.,95.3,Thriving,Palecek  is performing well across the board — every dimension is at 85 or higher and the overall score of 95 reflects consistent strength rather than one area carrying the others. No action needed; monitor at standard cadence.,False,,,False,False,,,True,complete,4,,full,False
kl,Coleto Brands | Kichler,2026-01-31,iPad-only,9360.0,2022,80.0,"781 logins in 90 days — solid activity for this team size, with 69 of 117 reps logging in regularly and pace accelerating at 2.8x baseline. No engagement concern here.",66.7,Using 2 of 3 applicable features — real breadth gaps here. Reps aren't using sharing or quoting in the field — zero email drafts in 90 days. CS should schedule a rep coaching session to build these habits.,50.0,Only 1 of 2 applicable channels are producing outcomes. Sharing/quoting near zero (0 events in 90d). CS should identify the highest-impact gap and address it in the next touchpoint.,69.8,Catalog 91% complete; all 3 import feeds healthy; data freshness critical — the Images feed last ran 45d ago against a ~1d expected cadence.,66.6,Healthy,Coleto Brands | Kichler is in Healthy territory (67) with a mixed profile — engagement (80) is the strongest area and value delivery (50) is the drag. Focus the next conversation on converting activity into outcomes; portal activation or an order-workflow review is the starting point.,False,,,False,False,,,True,complete,4,,full,False
hmjc,Hancock & Moore / Jessica Charles,2026-01-31,iPad-only,7908.84,2018,50.0,"185 logins in 90 days, but only 13 of 118 reps (11%) have logged in this quarter — most of the team isn't engaged. Pace is holding steady at 1.1x baseline.",80.0,Using 4 of 5 applicable features — mostly adopted. Sales Data is configured but no import has run in 90 days — check whether the feed is broken or the integration was never fully set up.,66.7,2 of 3 configured channels producing outcomes. Gap: No iPad orders submitted in 90 days — reps are not converting activity into orders.,85.6,Catalog 87% complete — healthy but with room to improve; all 4 import feeds healthy; data feeds mostly on cadence — Customers is 39d overdue against a ~3d expected cadence and needs attention.,70.6,Healthy,"The platform is producing some outcomes for Hancock & Moore / Jessica Charles (value delivery 67), but rep engagement is thin (engagement 50) — a small slice of the team is doing most of the work. Re-engaging the broader team is the most important next step: identify which reps have gone quiet and whether coverage or enablement gaps are driving it.",False,,,False,False,,,True,complete,4,,full,False
eglo_can,EGLO Canada,2026-01-31,iPad-only,7830.0,2024,91.7,"562 logins in 90 days — solid activity for this team size, with 19 of 19 reps logging in regularly and pace accelerating at 2.1x baseline. No engagement concern here.",100.0,Using every configured feature — nothing unused.,100.0,All configured channels are producing outcomes.,85.1,"Catalog 100% complete (contract pricing — price check skipped); 3 of 5 import feeds healthy; Customers, Sales Data last ran with errors; data feeds mostly on cadence — Images is 22d overdue against a ~5d expected cadence and needs attention.",94.2,Thriving,EGLO Canada is performing well across the board — every dimension is at 85 or higher and the overall score of 94 reflects consistent strength rather than one area carrying the others. No action needed; monitor at standard cadence.,False,,,False,False,,,False,complete,4,,full,False
arl,Arabela Lighting,2026-01-31,iPad-only,7830.0,2025,91.7,"836 logins in 90 days — solid activity for this team size, with 57 of 62 reps logging in regularly and pace accelerating at 2.2x baseline. No engagement concern here.",60.0,Using 3 of 5 applicable features — real breadth gaps here. Smart Stacks haven't been used — a CS demo of the feature could unlock this; Sales Data is configured but no import has run in 90 days — check whether the feed is broken or the integration was never fully set up. CS should investigate the feed configuration and schedule a rep coaching session.,100.0,All configured channels are producing outcomes.,75.7,Catalog 100% complete (contract pricing — price check skipped); all 4 import feeds healthy; data freshness critical — the Product Stories feed last ran 32d ago against a ~1d expected cadence.,81.8,Thriving,Arabela Lighting is in Thriving territory (82) with a mixed profile — value delivery (100) is the strongest area and adoption (60) is the drag. A feature coaching session targeting the unused capabilities is the highest-leverage next step.,False,,,False,False,,,True,complete,4,,full,False
cf,Century Furniture,2026-01-31,iPad-only,7830.0,2013,50.0,"85 logins in 90 days, but only 11 of 80 reps (14%) have logged in this quarter — most of the team isn't engaged. Pace is holding steady at 1.2x baseline.",100.0,Using every configured feature — nothing unused.,66.7,2 of 3 configured channels producing outcomes. Gap: No iPad orders submitted in 90 days — reps are not converting activity into orders.,98.9,Catalog 94% complete; all 4 import feeds healthy; data feeds mostly on cadence — Customers is 11d overdue against a ~1d expected cadence and needs attention.,78.9,Healthy,"The platform is producing some outcomes for Century Furniture (value delivery 67), but rep engagement is thin (engagement 50) — a small slice of the team is doing most of the work. Re-engaging the broader team is the most important next step: identify which reps have gone quiet and whether coverage or enablement gaps are driving it.",False,,,False,False,,,True,complete,4,,full,False
hh,Highland House,2026-01-31,iPad-only,7830.0,2013,46.7,Only 24 logins in 90 days from just 5 of 60 reps (8%) — most of the team is not using the app this quarter. Prioritize an engagement call to identify adoption barriers.,100.0,Using every configured feature — nothing unused.,33.3,Only inventory is flowing — iPad order volume (0 orders) and sharing activity (1 event) are both near zero. Reps appear to be logging in but not converting activity into outcomes. CS should investigate whether reps are actively using the iPad in the field or just checking catalogs.,85.6,Catalog 79% complete — healthy but with room to improve; all 4 import feeds healthy; data feeds mostly on cadence — Customers is 39d overdue against a ~1d expected cadence and needs attention.,40.0,Watch,"Highland House has the full platform configured and adopted, but rep logins have dropped off sharply — engagement is at 47 and the platform isn't generating observable outcomes. Outreach is needed to understand whether reps have gone dark on a coverage issue or whether a more fundamental re-engagement effort is required.",False,,,True,False,,,True,complete,4,,full,False
luc,Lucas McKearn,2026-01-31,iPad-only,7830.0,2025,61.7,"67 logins in 90 days is on the lower side for 21 enabled reps — 10 of 21 (48%) are active, but session depth is limited. Pace is accelerating at 3.2x baseline.",80.0,Using 4 of 5 applicable features — mostly adopted. Sales Data is configured but no import has run in 90 days — check whether the feed is broken or the integration was never fully set up.,33.3,Only inventory is flowing — iPad order volume (0 orders) and sharing activity (1 event) are both near zero. Reps appear to be logging in but not converting activity into outcomes. CS should investigate whether reps are actively using the iPad in the field or just checking catalogs.,78.2,Catalog 100% complete (contract pricing — price check skipped); 2 of 3 import feeds healthy; Products last ran with errors; data freshness critical — the Images feed last ran 5d ago against a ~1d expected cadence.,63.3,Healthy,Lucas McKearn is in Healthy territory (63) with a mixed profile — adoption (80) is the strongest area and value delivery (33) is the drag. Focus the next conversation on converting activity into outcomes; portal activation or an order-workflow review is the starting point.,False,,,False,False,,,True,complete,4,,full,False
vce,Visual Comfort Europe,2026-01-31,iPad-only,7830.0,2022,61.7,"446 logins in 90 days is on the lower side for 23 enabled reps — 16 of 23 (70%) are active, but session depth is limited. Pace is cooling off — worth monitoring at 0.7x baseline.",80.0,Using 4 of 5 applicable features — mostly adopted. Inventory Management feed has gone quiet — no imports in 90 days.,66.7,2 of 3 configured channels producing outcomes. Gap: Inventory feed has gone silent — no imports in 90d.,67.9,Catalog 61% complete — healthy but with room to improve; all 6 import feeds healthy; data freshness critical — the Inventory feed last ran 129d ago against a ~1d expected cadence.,69.1,Healthy,Visual Comfort Europe is in Healthy territory (69) with a mixed profile — adoption (80) is the strongest area and engagement (62) is the drag. Monitor engagement closely; a continued downward trend would push this into Watch territory.,False,,,False,False,,,True,complete,4,,full,False
mpc,Pioneer Morton,2026-01-31,iPad+Catalog+Cart,15282.0,2015,66.0,"1,810 logins in 90 days, but only 15 of 248 reps (6%) have logged in this quarter — most of the team isn't engaged. Pace is holding steady at 0.9x baseline.",60.0,Using 3 of 5 applicable features — real breadth gaps here. eCat Online Catalog is enabled but no portal traffic in 90 days; Online Ordering (B2B Cart) is enabled but no portal orders in 90 days. CS should schedule a rep coaching session to build these habits.,50.0,Only 2 of 4 applicable channels are producing outcomes. Online catalog is enabled but no portal traffic in 90d; B2B Cart is configured but no portal orders in 90d. CS should identify the highest-impact gap and address it in the next touchpoint.,98.3,Catalog 99% complete (contract pricing — price check skipped); all 4 import feeds healthy; data feeds running on cadence.,68.6,Healthy,Pioneer Morton is in Healthy territory (69) with a mixed profile — operational health (98) is the strongest area and value delivery (50) is the drag. Focus the next conversation on converting activity into outcomes; portal activation or an order-workflow review is the starting point.,False,,,False,False,,,True,complete,4,,full,False
all,Accord Lighting,2026-01-31,iPad-only,12920.04,2023,80.0,"664 logins in 90 days — solid activity for this team size, with 49 of 68 reps logging in regularly and pace accelerating at 1.8x baseline. No engagement concern here.",75.0,Using 3 of 4 applicable features — mostly adopted. Sales Data is configured but no import has run in 90 days — check whether the feed is broken or the integration was never fully set up.,100.0,All configured channels are producing outcomes.,34.3,Ops concern — catalog completeness at 2% (contract pricing — price check skipped) is a blocker for field use — reps are working with incomplete product data; flag for a catalog audit; 2 of 3 import feeds healthy; Customers (154d ago) last ran with errors; data freshness critical — the Images feed last ran 17d ago against a ~3d expected cadence — escalate to ops.,72.3,Healthy,Accord Lighting looks strong on the surface — engagement (80) and value delivery (100) are both healthy — but the data infrastructure (ops 34) has real problems that will eventually surface as a rep experience issue. An infrastructure review (catalog completeness and import health) is the right next step before this becomes rep-facing.,False,,,False,False,,,True,complete,4,,full,False
gh,Gabby,2026-01-31,Full,24336.0,2013,85.0,"4,770 logins in 90 days — solid activity for this team size, with 55 of 79 reps logging in regularly and pace holding steady at 1.2x baseline. No engagement concern here. Rep headcount estimated from annual login history (portal accounts excluded from denominator).",100.0,Using every configured feature — nothing unused.,100.0,All configured channels are producing outcomes.,73.3,Catalog completeness at 59% (contract pricing — price check skipped) is a blocker for field use — reps are working with incomplete product data; flag for a catalog audit; all 14 import feeds healthy; data feeds mostly on cadence — Option Images is 172d overdue against a ~1d expected cadence and needs attention.,89.6,Thriving,"Gabby is performing well overall (90) — operational health (73) is the relative drag, but every dimension is in acceptable shape. Monitor at standard cadence.",False,,,False,False,,,True,complete,4,,full,False
gcl,Geo Contemporary,2026-01-31,iPad-only,9864.96,2024,80.7,"376 logins in 90 days — solid activity for this team size, with 27 of 35 reps logging in regularly and pace accelerating at 1.9x baseline. No engagement concern here.",50.0,Using 2 of 4 applicable features — real breadth gaps here. Smart Stacks haven't been used — a CS demo of the feature could unlock this; Sales Data is configured but no import has run in 90 days — check whether the feed is broken or the integration was never fully set up. CS should investigate the feed configuration and schedule a rep coaching session.,100.0,All configured channels are producing outcomes.,86.7,Catalog 87% complete (contract pricing — price check skipped) — healthy but with room to improve; all 6 import feeds healthy; data feeds running on cadence.,79.3,Healthy,"Geo Contemporary's reps are logging in consistently (engagement 81), but they are using only a portion of the platform — adoption (50) reflects a feature-coverage gap, not an activity problem. Run a targeted coaching session on the highest-ROI unused features to convert this activity into stronger outcomes.",False,,,False,False,,,True,complete,4,,full,False
mh,Magnussen Home,2026-01-31,iPad-only,17420.04,2023,86.7,"2,578 logins in 90 days — solid activity for this team size, with 75 of 91 reps logging in regularly and pace holding steady at 1.1x baseline. No engagement concern here.",100.0,Using every configured feature — nothing unused.,100.0,All configured channels are producing outcomes.,86.0,"Catalog 97% complete (contract pricing — price check skipped); 3 of 5 import feeds healthy; Products, Sales Data last ran with errors; data feeds running on cadence.",93.2,Thriving,Magnussen Home is performing well across the board — every dimension is at 86 or higher and the overall score of 93 reflects consistent strength rather than one area carrying the others. No action needed; monitor at standard cadence.,False,,,False,False,,,True,complete,4,,full,False
asi,Abaline Supply Inc.,2026-01-31,Full,25684.56,2011,66.0,"1,780 logins in 90 days, but only 34 of 275 reps (12%) have logged in this quarter — most of the team isn't engaged. Pace is holding steady at 0.8x baseline.",85.7,Using 6 of 7 applicable features — mostly adopted. Sales Portal is enabled but reps haven't opened it in 90 days — consider a rep training touchpoint.,100.0,All configured channels are producing outcomes.,85.7,Catalog 65% complete (contract pricing — price check skipped) — healthy but with room to improve; all 7 import feeds healthy; data feeds running on cadence.,84.3,Thriving,Abaline Supply Inc. is in Thriving territory (84) with a mixed profile — value delivery (100) is the strongest area and engagement (66) is the drag. Monitor closely — an engagement dip in an otherwise Thriving account is an early warning worth tracking.,False,,,False,False,,,True,complete,4,,full,False
kkc,Kindel Karges Furniture,2026-01-31,iPad-only,9540.0,2016,50.0,"163 logins in 90 days, but only 18 of 79 reps (23%) have logged in this quarter — most of the team isn't engaged. Pace is holding steady at 1.1x baseline.",75.0,Using 3 of 4 applicable features — mostly adopted. Sales Data is configured but no import has run in 90 days — check whether the feed is broken or the integration was never fully set up.,50.0,Only 1 of 2 applicable channels are producing outcomes. No iPad orders submitted in 90 days — reps are not converting activity into orders. CS should identify the highest-impact gap and address it in the next touchpoint.,66.7,Catalog 100% complete (contract pricing — price check skipped); all 2 import feeds healthy; data freshness critical — the Products feed last ran 99d ago against a ~1d expected cadence.,60.4,Healthy,"The platform is producing some outcomes for Kindel Karges Furniture (value delivery 50), but rep engagement is thin (engagement 50) — a small slice of the team is doing most of the work. Re-engaging the broader team is the most important next step: identify which reps have gone quiet and whether coverage or enablement gaps are driving it.",False,,,False,False,,,False,complete,4,,full,False
clc,Capital Lighting Fixture Co.,2026-01-31,Full,28059.96,2012,90.0,"2,482 logins in 90 days — solid activity for this team size, with 69 of 81 reps logging in regularly and pace accelerating at 2.0x baseline. No engagement concern here. Rep headcount estimated from annual login history (portal accounts excluded from denominator).",100.0,Using every configured feature — nothing unused.,100.0,All configured channels are producing outcomes.,78.0,Catalog 100% complete; 7 of 8 import feeds healthy; Sales Data (66d ago) last ran with errors; data freshness critical — the Import File Processing feed last ran 47d ago against a ~1d expected cadence.,92.0,Thriving,"Capital Lighting Fixture Co. is performing well overall (92) — operational health (78) is the relative drag, but every dimension is in acceptable shape. Monitor at standard cadence.",False,,,False,False,,,True,complete,4,,full,False
shl,Savoy House Lighting,2026-01-31,Full,25700.04,2012,84.3,"2,477 logins in 90 days — solid activity for this team size, with 56 of 76 reps logging in regularly and pace accelerating at 2.4x baseline. No engagement concern here. Rep headcount estimated from annual login history (portal accounts excluded from denominator).",100.0,Using every configured feature — nothing unused.,100.0,All configured channels are producing outcomes.,86.0,"Catalog 99% complete (contract pricing — price check skipped); 6 of 9 import feeds healthy; Customers, Inventory, Products last ran with errors; data feeds mostly on cadence — Images is 51d overdue against a ~4d expected cadence and needs attention.",92.6,Thriving,Savoy House Lighting is performing well across the board — every dimension is at 84 or higher and the overall score of 93 reflects consistent strength rather than one area carrying the others. No action needed; monitor at standard cadence.,False,,,False,False,,,True,complete,4,,full,False
bsc,Butler Specialty Company,2026-01-31,iPad-only,6960.0,2011,71.7,"254 logins in 90 days is on the lower side for 19 enabled reps — 10 of 19 (53%) are active, but session depth is limited. Pace is holding steady at 0.9x baseline.",100.0,Using every configured feature — nothing unused.,33.3,Only inventory is flowing — iPad order volume (6 orders) and sharing activity (1 event) are both near zero. Reps appear to be logging in but not converting activity into outcomes. CS should investigate whether reps are actively using the iPad in the field or just checking catalogs.,64.8,Catalog 99% complete; 3 of 4 import feeds healthy; Sales Data last ran with errors; data freshness critical — the Products feed last ran 53d ago against a ~1d expected cadence.,67.5,Healthy,Butler Specialty Company is in Healthy territory (68) with a mixed profile — adoption (100) is the strongest area and value delivery (33) is the drag. Focus the next conversation on converting activity into outcomes; portal activation or an order-workflow review is the starting point.,False,,,False,False,,,True,complete,4,,full,False
sp,"Sabine Pools, Spas, & Furnitur",2026-01-31,iPad-only,6960.0,2018,58.3,"197 logins in 90 days is on the lower side for 13 enabled reps — 5 of 13 (38%) are active, but session depth is limited. Pace is holding steady at 0.8x baseline.",33.3,Using 1 of 3 applicable features — real breadth gaps here. Smart Stacks haven't been used — a CS demo of the feature could unlock this; Reps aren't using sharing or quoting in the field — zero email drafts in 90 days. CS should schedule a rep coaching session to build these habits.,50.0,Only 1 of 2 applicable channels are producing outcomes. Sharing/quoting near zero (0 events in 90d). CS should identify the highest-impact gap and address it in the next touchpoint.,76.0,"Catalog 79% complete — healthy but with room to improve; 5 of 7 import feeds healthy; Kit Items, Options last ran with errors; data feeds mostly on cadence — Option Images is 148d overdue against a ~1d expected cadence and needs attention.",54.4,Watch,"Sabine Pools, Spas, & Furnitur is in Watch (54) with a mixed performance profile — no single dimension dominates, but adoption (33) is the largest gap. Run a feature coaching session targeting the unused capabilities with the highest impact for this team.",False,,,False,False,,,True,complete,4,,full,False
sbl,Schonbek Lighting,2026-01-31,iPad-only,17624.52,2023,84.3,"1,162 logins in 90 days — solid activity for this team size, with 89 of 130 reps logging in regularly and pace accelerating at 2.1x baseline. No engagement concern here.",80.0,Using 4 of 5 applicable features — mostly adopted. Sales Data is configured but no import has run in 90 days — check whether the feed is broken or the integration was never fully set up.,100.0,All configured channels are producing outcomes.,75.4,"Catalog 100% complete (contract pricing — price check skipped); 3 of 5 import feeds healthy; Customers, Inventory last ran with errors; data freshness critical — the Customers feed last ran 39d ago against a ~1d expected cadence.",84.9,Thriving,"Schonbek Lighting is in Thriving territory (85), but the score sits just above the Healthy cutoff — operational health (75) is the relative weakness while value delivery (100) is doing the lifting. A focused check-in on operational health would solidify the Thriving position before any drift sets in.",False,,,False,False,,,True,complete,4,,full,False
mli,Maxim Lighting ,2026-01-31,iPad-only,19236.6,2019,94.0,"3,919 logins in 90 days — solid activity for this team size, with 62 of 81 reps logging in regularly and pace accelerating at 1.6x baseline. No engagement concern here.",100.0,Using every configured feature — nothing unused.,100.0,All configured channels are producing outcomes.,84.5,Catalog 66% complete (contract pricing — price check skipped) — healthy but with room to improve; all 6 import feeds healthy; data feeds running on cadence.,94.6,Thriving,Maxim Lighting  is performing well across the board — every dimension is at 84 or higher and the overall score of 95 reflects consistent strength rather than one area carrying the others. No action needed; monitor at standard cadence.,False,,,False,False,,,True,complete,4,,full,False
kll,Kuzco Lighting Inc.,2026-01-31,Full,26780.04,2022,84.3,"2,133 logins in 90 days — solid activity for this team size, with 75 of 108 reps logging in regularly and pace accelerating at 2.2x baseline. No engagement concern here. Rep headcount estimated from annual login history (portal accounts excluded from denominator).",75.0,Using 6 of 8 applicable features — mostly adopted. Sales Portal is enabled but reps haven't opened it in 90 days — consider a rep training touchpoint.,100.0,All configured channels are producing outcomes.,98.7,Catalog 97% complete; all 7 import feeds healthy; data feeds mostly on cadence — Images is 21d overdue against a ~1d expected cadence and needs attention.,89.5,Thriving,"Kuzco Lighting Inc. is performing well overall (90) — adoption (75) is the relative drag, but every dimension is in acceptable shape. Monitor at standard cadence.",False,,,False,False,,,True,complete,4,,full,False
ufi,Universal Furniture,2026-01-31,iPad+Catalog+Portal,25475.04,2011,90.7,"5,206 logins in 90 days — solid activity for this team size, with 73 of 95 reps logging in regularly and pace holding steady at 0.8x baseline. No engagement concern here.",100.0,Using every configured feature — nothing unused.,100.0,All configured channels are producing outcomes.,96.3,Catalog 100% complete; all 8 import feeds healthy; data feeds mostly on cadence — Customers is 39d overdue against a ~2d expected cadence and needs attention.,96.8,Thriving,Universal Furniture is performing well across the board — every dimension is at 91 or higher and the overall score of 97 reflects consistent strength rather than one area carrying the others. No action needed; monitor at standard cadence.,False,,,False,False,,,True,complete,4,,full,False
scw,Summer Classics,2026-01-31,Full,38779.44,2014,85.0,"4,558 logins in 90 days — solid activity for this team size, with 61 of 84 reps logging in regularly and pace holding steady at 1.1x baseline. No engagement concern here. Rep headcount estimated from annual login history (portal accounts excluded from denominator).",100.0,Using every configured feature — nothing unused.,100.0,All configured channels are producing outcomes.,86.6,Catalog 70% complete (contract pricing — price check skipped) — healthy but with room to improve; all 14 import feeds healthy; data feeds mostly on cadence — Option Images is 172d overdue against a ~2d expected cadence and needs attention.,92.9,Thriving,Summer Classics is performing well across the board — every dimension is at 85 or higher and the overall score of 93 reflects consistent strength rather than one area carrying the others. No action needed; monitor at standard cadence.,False,,,False,False,,,True,complete,4,,full,False
wac,WAC/Modern Forms Lighting,2026-01-31,iPad-only,22104.0,2023,84.3,"2,466 logins in 90 days — solid activity for this team size, with 105 of 160 reps logging in regularly and pace accelerating at 1.9x baseline. No engagement concern here.",100.0,Using every configured feature — nothing unused.,100.0,All configured channels are producing outcomes.,93.0,Catalog 100% complete (contract pricing — price check skipped); all 6 import feeds healthy; data freshness critical — the Product Stories feed last ran 23d ago against a ~1d expected cadence.,94.3,Thriving,WAC/Modern Forms Lighting is performing well across the board — every dimension is at 84 or higher and the overall score of 94 reflects consistent strength rather than one area carrying the others. No action needed; monitor at standard cadence.,False,,,False,False,,,True,complete,4,,full,False
clm,Crystorama,2026-01-31,iPad+Catalog+Portal,30480.0,2013,69.3,"2,286 logins in 90 days, but only 76 of 746 reps (10%) have logged in this quarter — most of the team isn't engaged. Pace is accelerating at 2.1x baseline.",100.0,Using every configured feature — nothing unused.,100.0,All configured channels are producing outcomes.,99.8,Catalog 100% complete; all 8 import feeds healthy; data feeds running on cadence.,92.3,Thriving,Crystorama is in Thriving territory (92) with a mixed profile — adoption (100) is the strongest area and engagement (69) is the drag. Monitor closely — an engagement dip in an otherwise Thriving account is an early warning worth tracking.,False,,,False,False,,,True,complete,4,,full,False
ap,Alden Home,2026-01-31,iPad+Catalog+Cart,11040.0,2011,71.7,"317 logins in 90 days is on the lower side for 19 enabled reps — 14 of 19 (74%) are active, but session depth is limited. Pace is holding steady at 1.2x baseline. Rep headcount estimated from annual login history (portal accounts excluded from denominator).",66.7,Using 4 of 6 applicable features — real breadth gaps here. eCat Online Catalog is enabled but no portal traffic in 90 days; Online Ordering (B2B Cart) is enabled but no portal orders in 90 days. CS should schedule a rep coaching session to build these habits.,40.0,Only 2 of 5 applicable channels are producing outcomes. No meaningful iPad order activity — only 2 orders in 90 days (threshold is 10); online catalog is enabled but no portal traffic in 90d. CS should identify the highest-impact gap and address it in the next touchpoint.,78.2,Catalog 79% complete — healthy but with room to improve; 5 of 6 import feeds healthy; Inventory last ran with errors; data feeds running on cadence.,64.2,Healthy,Alden Home is in Healthy territory (64) with a mixed profile — operational health (78) is the strongest area and value delivery (40) is the drag. Focus the next conversation on converting activity into outcomes; portal activation or an order-workflow review is the starting point.,False,,,False,False,,,True,complete,4,,full,False
fms,Visual Comfort - Studio /Fans,2026-01-31,iPad-only,15439.44,2019,88.3,"4,605 logins in 90 days — solid activity for this team size, with 98 of 193 reps logging in regularly and pace accelerating at 1.8x baseline. No engagement concern here.",100.0,Using every configured feature — nothing unused.,100.0,All configured channels are producing outcomes.,66.7,"Catalog 88% complete — healthy but with room to improve; 2 of 5 import feeds healthy; Customers, Products, Sales Data last ran with errors; data feeds running on cadence.",88.8,Thriving,Visual Comfort - Studio /Fans is in Thriving territory (89) with a mixed profile — adoption (100) is the strongest area and operational health (67) is the drag. Address the data infrastructure when the next review cycle allows — the rest of the picture is strong enough to support it.,False,,,False,False,,,True,complete,4,,full,False
tla,Visual Comfort - Modern,2026-01-31,iPad-only,13567.44,2019,77.7,"2,781 logins in 90 days — solid activity for this team size, with 86 of 187 reps logging in regularly and pace accelerating at 1.9x baseline. No engagement concern here.",100.0,Using every configured feature — nothing unused.,100.0,All configured channels are producing outcomes.,60.0,"Catalog completeness at 27% is a blocker for field use — reps are working with incomplete product data; flag for a catalog audit; 3 of 5 import feeds healthy; Customers, Sales Data last ran with errors; data feeds running on cadence.",84.4,Thriving,Visual Comfort - Modern is in Thriving territory (84) with a mixed profile — adoption (100) is the strongest area and operational health (60) is the drag. Address the data infrastructure when the next review cycle allows — the rest of the picture is strong enough to support it.,False,,,False,False,,,True,complete,4,,full,False
hvl,Hudson Valley Lighting,2026-01-31,iPad-only,5405.04,2016,68.3,"464 logins in 90 days, but only 52 of 175 reps (30%) have logged in this quarter — most of the team isn't engaged. Pace is accelerating at 1.6x baseline.",75.0,Using 3 of 4 applicable features — mostly adopted. Sales Data is configured but no import has run in 90 days — check whether the feed is broken or the integration was never fully set up.,50.0,Only 1 of 2 applicable channels are producing outcomes. No meaningful iPad order activity — only 1 order in 90 days (threshold is 10). CS should identify the highest-impact gap and address it in the next touchpoint.,96.2,Catalog 92% complete; all 2 import feeds healthy; data feeds running on cadence.,72.4,Healthy,Hudson Valley Lighting is in Healthy territory (72) with a mixed profile — operational health (96) is the strongest area and value delivery (50) is the drag. Focus the next conversation on converting activity into outcomes; portal activation or an order-workflow review is the starting point.,False,,,False,False,,,True,complete,4,,full,False
st,Sixtrees Limited,2026-01-31,iPad+Catalog,6960.0,2015,46.7,Only 17 logins in 90 days from just 1 of 22 reps (5%) — most of the team is not using the app this quarter. Prioritize an engagement call to identify adoption barriers.,40.0,Using 2 of 5 applicable features — real breadth gaps here. Reps aren't using sharing or quoting in the field — zero email drafts in 90 days; eCat Online Catalog is enabled but no portal traffic in 90 days; Sales Data is configured but no import has run in 90 days — check whether the feed is broken or the integration was never fully set up. CS should investigate the feed configuration and schedule a rep coaching session.,0.0,Only 0 of 3 applicable channels are producing outcomes. No iPad orders submitted in 90 days — reps are not converting activity into orders; sharing/quoting near zero (0 events in 90d). CS should identify the highest-impact gap and address it in the next touchpoint.,98.9,Catalog 98% complete; all 2 import feeds healthy; data feeds running on cadence.,40.0,Watch,"Sixtrees Limited's data infrastructure is healthy, but reps aren't using the platform — engagement is at 47 and no business outcomes are being generated. The infrastructure isn't the problem; this is a rep adoption and activation conversation.",False,,,True,False,,,True,complete,4,,full,False
vl,Ciana Varaluz LLC,2026-01-31,iPad+Catalog+Portal,11420.04,2019,84.3,"1,001 logins in 90 days — solid activity for this team size, with 52 of 90 reps logging in regularly and pace accelerating at 2.1x baseline. No engagement concern here.",100.0,Using every configured feature — nothing unused.,100.0,All configured channels are producing outcomes.,84.7,"Catalog 100% complete; 5 of 7 import feeds healthy; Customers, Inventory last ran with errors; data feeds mostly on cadence — Customers is 39d overdue against a ~2d expected cadence and needs attention.",92.2,Thriving,Ciana Varaluz LLC is performing well across the board — every dimension is at 84 or higher and the overall score of 92 reflects consistent strength rather than one area carrying the others. No action needed; monitor at standard cadence.,False,,,False,False,,,True,complete,4,,full,False
pw,Philip Whitney,2026-01-31,iPad-only,4500.0,2012,58.3,"112 logins in 90 days is on the lower side for 45 enabled reps — 14 of 45 (31%) are active, but session depth is limited. Pace is holding steady at 1.4x baseline.",75.0,Using 3 of 4 applicable features — mostly adopted. Reps aren't using sharing or quoting in the field — zero email drafts in 90 days.,33.3,Only inventory is flowing — iPad order volume (0 orders) and sharing activity (0 events) are both near zero. Reps appear to be logging in but not converting activity into outcomes. CS should investigate whether reps are actively using the iPad in the field or just checking catalogs.,82.1,Catalog 81% complete — healthy but with room to improve; all 3 import feeds healthy; data feeds mostly on cadence — Customers is 39d overdue against a ~1d expected cadence and needs attention.,62.2,Healthy,Philip Whitney is in Healthy territory (62) with a mixed profile — operational health (82) is the strongest area and value delivery (33) is the drag. Focus the next conversation on converting activity into outcomes; portal activation or an order-workflow review is the starting point.,False,,,False,False,,,False,complete,4,,full,False
ssi,"Studio Silversmiths, Inc.",2026-01-31,iPad-only,4500.0,2011,58.3,"145 logins in 90 days is on the lower side for 46 enabled reps — 17 of 46 (37%) are active, but session depth is limited. Pace is holding steady at 1.3x baseline.",100.0,Using every configured feature — nothing unused.,66.7,2 of 3 configured channels producing outcomes. Gap: No iPad orders submitted in 90 days — reps are not converting activity into orders.,82.1,Catalog 88% complete — healthy but with room to improve; all 3 import feeds healthy; data feeds mostly on cadence — Customers is 39d overdue against a ~1d expected cadence and needs attention.,76.8,Healthy,"Studio Silversmiths, Inc. is in Healthy territory (77) with a mixed profile — adoption (100) is the strongest area and engagement (58) is the drag. Monitor engagement closely; a continued downward trend would push this into Watch territory.",False,,,False,False,,,False,complete,4,,full,False
rac,Ricci Argentieri Company,2026-01-31,iPad-only,4539.96,2011,76.7,"693 logins in 90 days — solid activity for this team size, with 23 of 46 reps logging in regularly and pace holding steady at 1.1x baseline. No engagement concern here.",100.0,Using every configured feature — nothing unused.,100.0,All configured channels are producing outcomes.,95.1,Catalog 95% complete; all 4 import feeds healthy; data feeds mostly on cadence — Images is 135d overdue against a ~3d expected cadence and needs attention.,92.9,Thriving,"Ricci Argentieri Company is performing well overall (93) — engagement (77) is the relative drag, but every dimension is in acceptable shape. Monitor at standard cadence.",False,,,False,False,,,False,complete,4,,full,False
tl,Troy Lighting,2026-01-31,iPad-only,4392.0,2021,60.0,"253 logins in 90 days, but only 40 of 164 reps (24%) have logged in this quarter — most of the team isn't engaged. Pace is accelerating at 1.5x baseline.",75.0,Using 3 of 4 applicable features — mostly adopted. Sales Data is configured but no import has run in 90 days — check whether the feed is broken or the integration was never fully set up.,50.0,Only 1 of 2 applicable channels are producing outcomes. No meaningful iPad order activity — only 1 order in 90 days (threshold is 10). CS should identify the highest-impact gap and address it in the next touchpoint.,73.3,Catalog completeness at 22% is a blocker for field use — reps are working with incomplete product data; flag for a catalog audit; all 2 import feeds healthy; data feeds running on cadence.,64.6,Healthy,Troy Lighting is in Healthy territory (65) with a mixed profile — adoption (75) is the strongest area and value delivery (50) is the drag. Focus the next conversation on converting activity into outcomes; portal activation or an order-workflow review is the starting point.,False,,,False,False,,,True,complete,4,,full,False
