BillToCode,BillToName,BillToAddress1,BillToAddress2,BillToCity,BillToState,BillToPostCode,BillToCountry,BuyerPhone,BuyerEmail,TerritoryCodes,DefaultPriceCode,ShipToAddress1,ShipToCity,ShipToState,ShipToPostCode
3SINTER,3S INTERNATIONAL INC,1255 TERWILLEGAR AVE UNIT 1,,OSHAWA,ON,L1J 7A4,CA,(416) 291-0024  Ext. 0333,,GSL,mllist,-,-,-,-
ABBY,ABBY LITES LTD.,250 SCHOOLHOUSE ST,UNIT #115,COQUITLAM,BC,V3K 6V7,CA,(604) 540-1794  Ext. 0000,,CAN,mllist,-,-,-,-
ABELIG,ABEL LIGHTING INC.,132 GEORGE REYNOLDS DR.,,COURTICE,ON,L1E 2B4,CA,(905) 429-8767  Ext. 0000,,GSL,mllist,-,-,-,-
ACCELE,ACCESS ELECTRICAL SUPPLY LTD.,1338 CLIFTON STREET,,WINNIPEG,MB,R3E 2V2,CA,(431) 488-5152  Ext. 0000,,IAL,mllist,-,-,-,-
ACTLIG,ACTION LIGHTING,5240 FINCH AVE EAST,UNIT 15,TORONTO,ON,M1S 5A3,CA,(416) 293-0737  Ext. 0000,,HOU,mllist,-,-,-,-
AIRWILL,AIRWILL ELECTRICAL SUPPLY INC.,"50 DELTA PARK BLVD, UNIT 12",,BRAMPTON,ON,L6T 5E8,CA,(905) 458-7027  Ext. 0000,,GSL,mllist,-,-,-,-
ALBDEC,ALBERTA LIGHTING & DECOR,9620 27 AVE. NW #2,,EDMONTON,ALBERTA,T6N 1B2,CA,(780) 450-0877  Ext. 0000,,PRO,mllist,-,-,-,-
ALBEV,AL BEVERLEY LIMITED,P.O.BOX 28,63 MANITOBA STREET,BRACEBRIDGE,ON,P1L 1T5,CA,(800) 461-8266  Ext. 0000,,BLN,mllist,-,-,-,-
ALBKIT,ALBERTINE KITCHENS AND BATHS LTD,3098 LAKESHORE RD W,,OAKVILLE,ON,L6L 1J4,CA,(905) 339-2711  Ext. 0000,,HOU,mllist,-,-,-,-
ALCUR,MR AL CURRIE,4636 ANDERSON AVE,RR # 7,ORILLA,ON,,CA,,,ETS,mllist,-,-,-,-
ALLPHA,ALL PHASE ELECTRIC,2550 Goldenridge Road,Unit 2,Mississauga,Ontario,L4X 2S5,CA,(905) 896-4500  Ext. 0000,,HOU,mllist,-,-,-,-
ALLRON,ALLIANCE INTERNATIONAL,34 HENRY STREET WEST,,ST. JACOBS,ON,N0B 2N0,CA,(519) 664-2252  Ext. 0000,,HOU,mllist,-,-,-,-
ALLSUPP,ALLIANCE ELECTRICAL SUPPLY,ALLIANCE ELECTRICAL SUPPLY INC,"4 PAGET ROAD, UNIT 10-11",BRAMPTON,ON,L6T 5G3,CA,(905) 793-1700  Ext. 0000,,GSL,mllist,-,-,-,-
ALTCAB,ALTMANN CUSTOM CABINETRY,RR #1,,ROSEMOUNT,ON,L0N 1R0,CA,(705) 434-9840  Ext. 0000,,ETS,mllist,-,-,-,-
ALUBUN,ALUMI-BUNK,5 KEPTEL ST.,,DUNDALK,ON,N0C 1B0,CA,,,ETS,mllist,-,-,-,-
AMP,AMP INC.,"2600 RUE JEAN PERRIN, LOCAL 190",,QUEBEC CITY,QC,G2C 2C6,CA,,,AMP,mllist,-,-,-,-
APEWOO,APEX WOODWORKING,575 BOWES RD,,CONCORD,ON,L4K 1J5,CA,(905) 669-3523  Ext. 0000,,HOU,mllist,-,-,-,-
APPTRE,APPLETREE KITCHEN,687 COPELAND ST.,,NORTH BAY,ON,P1B 3C9,CA,,,ETS,mllist,-,-,-,-
ARDDIS,ARDMORE DISPLAYS,3810 ST. PATRICK,,MONTREAL,QC,H4E 1A4,CA,(514) 939-2092  Ext. 0000,,EDP,mllist,-,-,-,-
ARTDEC,ART DECORATIVE,44 RUE PERREAULT EST,,ROUYN NORANDA,QC,J9X 3C2,CA,,,EDP,mllist,-,-,-,-
ARTFX,ARTFX,PO BOX 801,,MONCTON,NB,E1C 8B6,CA,(506) 857-2004  Ext. 0000,,ELP,mllist,-,-,-,-
ARTINT,ARTISTIC INTERIORS,57 BRIER ESTATES WAY NW,,MEDICINE HAT,AB,T1C 0B2,CA,(403) 529-0555  Ext. 0000,,PRO,mllist,-,-,-,-
ARTKIT,ARTISTIC KITCHENS,PO BOX 8611,267 THORBURN RD,ST JOHN'S,NF,A1B 3P2,CA,(709) 753-7720  Ext. 0000,,VIG,mllist,-,-,-,-
ARTPLA,ART PLASTICS INT'L INC.,425 SIMCOE STREET,# 703,VICTORIA,BC,V6V 4T3,CA,(000) 000-0000  Ext. 0000,,CAN,mllist,-,-,-,-
ATELOU,ATELIER LOUIS L'ARTISAN INC.,24 RUE LAVIGNE,,BOURGET,ON,K0A 1E0,CA,(613) 487-2264  Ext. 0000,,MVP,mllist,-,-,-,-
ATLALI,ATLANTIC LIGHTING STUDIO LTD,430 MAIN ST.,,WOLFVILLE,NS,B4P 1E2,CA,(902) 542-3431  Ext. 0000,,ELP,mllist,-,-,-,-
ATLCOU,ATLANTIC COUNTERTOP LTD.,BURNSIDE INDUSTRIAL PARK,"71 IISLEY AVENUE #3,4,5",DARTMOUTH,NS,B3B 1L5,CA,(902) 468-2324  Ext. 0000,,ELP,mllist,-,-,-,-
ATLLIG,ATLAS LIGHTING & SALES LTD.,3800 VICTORIA PARK AVE,,TORONTO,ON,M2H 3H7,CA,(416) 493-2977  Ext. 0000,,GSL,mllist,-,-,-,-
AUDSYS,Audea Systems Inc,102B-5809 MACLEOD TRAIL SW,,CALGARY,AB,T2H 0J9,CA,(403) 290-0440  Ext. 0000,,PRO,mllist,-,-,-,-
AURELE,AURORA ELECTRIC SUPPLY CORP,AURORA ELECTRIC SUPPLY CORP,226 INDUSTRIAL PKY N UNIT 4,AURORA,ON,L4G 4C3,CA,(905) 503-3532  Ext. 0000,,GSL,mllist,-,-,-,-
AURTEC,AURORA LIGHTING TECHOLOGIES INC.,220 ALDEN ROAD,,MARKHAM,ON,L3R 4C1,CA,(905) 489-1197  Ext. 0000,,GSL,mllist,-,-,-,-
AZTELE,AZTEC ELECTRICAL SUPPLY,25 NORTH RIVERMEDE RD #9,,CONCORD,ON,L4K 5V4,CA,(905) 761-7762  Ext. 0000,,GSL,mllist,-,-,-,-
BANLAU,Banque Laurentienne du Canada,1981 McGill College,Suite 1420,Montreal,Quebec,H3A 3K3,CA,(514) 284-4500  Ext. 7517,,EDP,mllist,-,-,-,-
BARGIB,BARTLE & GIBSON CO. LTD,Calgary South Warehouse,3405 - 9 Street SE,Calgary,AB,T2G 3C1,CA,,,PRO,mllist,-,-,-,-
BAROBC,B.A. ROBINSON CO. LTD,100-240 INDUSTRIAL AVE,,PENTICTON,BC,V2A 3H8,CA,(000) 000-0000  Ext. 0000,,CAN,mllist,-,-,-,-
BARWPG,B.A. ROBINSON CO. LTD,1-582 KING EDWARD ST,,WINNIPEG,MB,R3H 1H8,CA,(204) 784-0150  Ext. 0000,,IAL,mllist,-,-,-,-
BCCORP,BC BUILDING CORPORATION,238A ST. PAUL STREET,,KAMLOOPS,BC,V2C 6G4,CA,(250) 314-5400  Ext. 0000,,CAN,mllist,-,-,-,-
BCPLU,BC PLUMBING SUPPLIES,7975 ENTERPRISE ST,,BURNABY,BC,V5A 1V5,CA,(250) 492-2000  Ext. 0000,,CAN,mllist,-,-,-,-
BEALAM,BEAULIEU & LAMOUREAUX INC,283 BOUL LAURIER,,ST-BASILE-LE-GRAND,QC,J3N 1M2,CA,(450) 653-1752  Ext. 0000,,EDP,mllist,-,-,-,-
BENELE,BEN ELECTRIC,49 ENGLEMAN DR,,WHITEHORSE,YK,,CA,(867) 633-2402  Ext. 0000,,PRO,mllist,-,-,-,-
BERMAN,BERMANFALK,8029 199TH  STREET,UNIT #330,LANGLEY,BC,V2Y 0E2,CA,(604) 882-8903  Ext. 0000,,HOU,mllist,-,-,-,-
BERROC,BENARD ROCHEFORT LTD,411 CORBEIL / ASTORVILLE RD,PO BOX 14,ASTORVILLE,ON,P0H 1B0,CA,(705) 752-1080  Ext. 0000,,ETS,mllist,-,-,-,-
BESLIG,BEST LIGHTING PRODUCTS INC,"2390 WYECROFT RD, UNIT 6",,OAKVILLE,ON,L6L 6M8,CA,(905) 465-0600  Ext. 0000,,HOU,mllist,-,-,-,-
BILCHA,BILL CHARBONNEAU,594 LAKESHORE ROAD,,HAILEYBURY,ON,P0J 1K0,CA,(705) 622-0911  Ext. 0000,,ETS,mllist,-,-,-,-
BIRD,BIRD-STAIRS,PO BOX 1090,,FREDERICTON,NB,E3B 5C6,CA,(506) 384-2473  Ext. 0000,,ELP,mllist,-,-,-,-
BJCELE,BJ COOPER & SONS ELECTRIC LTD.,"1440 HWY#97, R.R#3",,PUSLINCH,ON,N0B 2J0,CA,(905) 659-2177  Ext. 0000,,HOU,mllist,-,-,-,-
BJELEC,B & J ELECTRIC,77 MORELLY ST.,,HAMILTON,ON,L8H 3R8,CA,(905) 545-1500  Ext. 0000,,HOU,mllist,-,-,-,-
BLASCH,BLAINE SCHUTTLER,38345 FIR STREET,,SQUAMISH,BC,V0N 3G0,CA,(604) 892-9757  Ext. 0000,,CAN,mllist,-,-,-,-
BLSOL,BL SOLUTIONS INC.,"525 ROWNTREE DAIRY ROAD, UNIT 1",,WOODBRIDGE,ON,L4L 7K6,CA,(416) 900-4444  Ext. 0000,,HOU,mllist,-,-,-,-
BOELE,BOLTON ELECTRIC COMPANY,12 HOLLAND DR,,BOLTON,ON,L7E 1G6,CA,(905) 951-3333  Ext. 0000,,HOU,mllist,-,-,-,-
BOLELE,BOLT ELECTRONICS,UNIT 7 - 1500 REGENT AVE W,,WINNIPEG,MB,R2C 3A8,CA,(204) 694-4109  Ext. 0000,,IAL,mllist,-,-,-,-
BOLTON,BOLTON ELECTRIC & LIGHTING SUPPLY LTD.,55 HEALEY ROAD,UNIT # 6,BOLTON,ON,L7E 5A2,CA,(905) 857-4445  Ext. 0000,,HOU,mllist,-,-,-,-
BOULUM,BOUTIQUE LUMINAIRE PLUS INC.,BOUTIQUE LUMINAIRE PLUS INC.,192 DENISON EST,GRANBY,QC,J2G 4C3,CA,(450) 378-9332  Ext. 0000,,BLN,mllist,-,-,-,-
BOWERS,BOWERS INNOVATION CORP,P.O. BOX 1952,,SLAVE LAKE,ALBERTA,T0G 2A0,CA,(780) 849-9393  Ext. 0000,,PRO,mllist,-,-,-,-
BOZELE,BOZ ELECTRIC SUPPLY,BOZ ELECTRIC SUPPLY,112 NEWKIRK ROAD,RICHMOND HILL,ON,L4C 3G3,CA,(905) 508-2199  Ext. 0000,,GSL,mllist,-,-,-,-
BRILIT,BRITE-LITE INC.,BRITE-LITE INC.,BAY 252-2880 45TH AVENUE SE,CALGARY,AB,T2B 3M1,CA,(403) 250-3790  Ext. 0000,,PRO,mllist,-,-,-,-
BRISYS,BRIDGE SYSTEMS,#108-455 BANGA PLACE,,VICTORIA,BC,V82 6X5,CA,(000) 000-0000  Ext. 0000,,CAN,mllist,-,-,-,-
BRITBC,BRITE-LITE BC,1119 CLIVEDEN AVENUE,,DELTA,BC,V3M 6G9,CA,(604) 525-5549  Ext. 0000,,CAN,mllist,-,-,-,-
BURGESS,DEB & BOB BURGESS,3 LANCING COVE,,WINNIPEG,MB,R3G 5P6,CA,,,IAL,mllist,-,-,-,-
BURLIG,BURTON LIGHTING NETWORK LTD,BURTON LIGHTING NETWORK LTD,1009 SPRING HILL ROAD,BURK'S FALLS,ON,P0A 1C0,CA,(416) 249-9994  Ext. 0000,,BLN,mllist,-,-,-,-
BURMER,BURLINGTON MERCHANDISING & FIXTURES INC,BURLINGTON MERCHANDSIING & FIXTURES INC,"3100 HARVESTER ROAD, UNIT 8",BURLINGTON,ON,L7N 3W8,CA,(905) 332-6652  Ext. 0000,,GSL,mllist,-,-,-,-
CABWOR,CABINET WORKS PLUS LTD.,"210 BUNTING ROAD, UNIT 1",,ST CATHARINES,ON,L2M 3Y1,CA,(905) 641-1848  Ext. 0000,,HOU,mllist,-,-,-,-
CAHELE,CAHILL ELECTRONIC,355 GOLF LINK RD,,ANCASTER,ON,L9G 4G6,CA,(905) 648-0515  Ext. 0000,,HOU,mllist,-,-,-,-
CANBUS,CANADIAN BUSH PLANE HERITAGE CTR.,50 PIM STREET,,SAULT STE. MARIE,ON,P6A 3G4,CA,(705) 945-6242  Ext. 0000,,ETS,mllist,-,-,-,-
CAN-LITE,CAN-LITE ELECTRIC SUPPLY INC.,"4160 MIDLAND AVE, UNIT 1",,SCARBOROUGH,ON,M1V 4S6,CA,(416) 609-2025  Ext. 0000,,GSL,mllist,-,-,-,-
CANQUA,CAN-QUAL CABINETS,836 McCALMAN AVE,,WINNIPEG,MB,R2L 1H1,CA,(204) 661-4864  Ext. 0000,,IAL,mllist,-,-,-,-
CANTEX,CANTEX ENGINEERING AND CONST.,780 E. OKANAGAN AVE.,,PENTICTON,BC,V2A 3K6,CA,(000) 000-0000  Ext. 0000,,CAN,mllist,-,-,-,-
CANWES,CANWEST AGENCY,Unit 32 - 19128 65 AVE,,Surrey,BC,V4N 6P2,CA,,,CAN,mllist,-,-,-,-
CAPHAD,CAPHAD ENTERPRISES,32 MCQUADE LAKE CRESCENT,,HALIFAX,NS,B3S 1G8,CA,,,ELP,mllist,-,-,-,-
CARCRE,CARLETON KITCHEN CREATIONS,"10521 HWY#7, R.R#2",,CARELTON PLACE,ON,K7C 3P2,CA,(613) 253-0080  Ext. 0000,,MVP,mllist,-,-,-,-
CARLIG,CARRINGTON LIGHTING,CARRINGTON LIGHTING,2513 5 AVENUE NW,CALGARY,AB,T2N 0T4,CA,(403) 255-7922  Ext. 0000,,PRO,mllist,-,-,-,-
CARNOR,CARRINGTON LIGHTING NORTH,CARRINGTON LIGHTING NORTH,2513 - 5TH AVE N.W.,CALGARY,AB,T2N 0T4,CA,(403) 264-5483  Ext. 0000,,PRO,mllist,-,-,-,-
CASTLE,CASTLE BUILDING CENTRES,"6375 DIXIE RD, SUITE 400",,MISSISSAUGA,ON,L5T 2S1,CA,,,HOU,mllist,-,-,-,-
CATINC,CATHELLE INC.,19925 CHEMIN STE-MARIE,,SAINTE-ANNE-DE-BELLEVUE,QC,H9X 3Y3,CA,(514) 426-3635  Ext. 0000,,EDP,mllist,-,-,-,-
CENALB,CENTRAL ALBERTA LIGHTING LTD,"#4/5, 7619-50 AVENUE",,RED DEER,ALBERTA,T4P 1M6,CA,(403) 358-8561  Ext. 0000,,PRO,mllist,-,-,-,-
CFINT,CF GREEN ENERGY SOLUTIONS INC.,"1755 Plummer St, Unit 21",,Pickering,ON,L1W 3L7,CA,,,GSL,mllist,-,-,-,-
CHAMAR,CHARLES MARKETING & ASSOCIATES INC.,8299-129TH STREET #112,,SURREY,BC,V3W 0A6,CA,(604) 594-5980  Ext. 0000,,CAN,mllist,-,-,-,-
CHOELE,CHOICE ELECTRICAL SUPPLY DIV OF GUILLEVIN INT CO.,CHOICE ELECTRICAL SUPPLY DIV OF GUILLEVIN INT CO.,3238 FAITHFULL AVENUE,SASKATOON,SK,S7K 8H3,CA,(306) 657-2424  Ext. 0000,,ELE,mllist,-,-,-,-
CHRELE,CHRISTOPHERSON ELECTRICAL INC,8493-141st STREET,,SURREY,BC,V3W 3S6,CA,(604) 572-7362  Ext. 0000,,CAN,mllist,-,-,-,-
CITYLI,CITY LIGHTZ,1-21 SOUTHDALE ROAD EAST,,LONDON,ONTARIO,N6C 6B4,CA,(226) 663-1014  Ext. 0000,,HOU,mllist,-,-,-,-
CLD,COMMERCIAL LIGHTING DEVICES INC.,188 SOUTH SERVICE RD.,,STONEY CREEK,ON,L8E 3H6,CA,(000) 000-0000  Ext. 0000,,BLN,mllist,-,-,-,-
COLBRO,COLDBROOK ELECTRIC SUPPLY COMPANY LTD.,73 COLDBROOK VILLAGE PARK DR.,,COLDBROOK,NS,B4R 1B9,CA,(902) 679-0535  Ext. 0000,,ELP,mllist,-,-,-,-
COMCAL,COMMERCIAL LIGHTING PRODUCTS,4770 61st AVE SE,,CALGARY,AB,T2C 4T1,CA,(800) 661-9526  Ext. 0000,,HOU,mllist,-,-,-,-
COMDEL,COMMERCIAL LIGHTING,1535 CLIVEDEN AVENUE,,DELTA,BC,V3M 6P7,CA,(604) 540-4999  Ext. 0000,,CAN,mllist,-,-,-,-
CONCLI,CONCEPT LIGHTING GROUP,243 SPEERS RD,,OAKVILLE,ON,L6K 2E8,CA,(905) 849-5483  Ext. 0000,,HOU,mllist,-,-,-,-
CONIBC,CONTRACT INTERIORS,1540 STEVENS ROAD,,KELOWNA,BC,V1Z 1G2,CA,(250) 769-3161  Ext. 0000,,CAN,mllist,-,-,-,-
CONLIG,CONCEPT LIGHTING,520 SEYMOUR STREET,,KAMLOOPS,BC,V2C 2G9,CA,(250) 851-9748  Ext. 0000,,CAN,mllist,-,-,-,-
CORINC,CORLITE DISTRIBUTORS INC,4953 COTE VERTU,,ST. LAURENT,QC,H4S 1E1,CA,(514) 956-5415  Ext. 0000,,EDP,mllist,-,-,-,-
CRELIG,CREATIVE LIGHTSTYLES,140-6651 ELMBRIDGE,,RICHMOND,BC,V7C 4N1,CA,(604) 273-1818  Ext. 0000,,CAN,mllist,-,-,-,-
CURSUP,CURRENT ELECTRICAL SUPPLY INC.,485 SILVERCREEK PKWY NORTH,UNIT 8,GUELPH,ON,N1H 7K5,CA,(226) 780-7135  Ext. 0000,,GSL,mllist,-,-,-,-
D3LIG,D3 LIGHTING,8 BALSAM STREET,,INNERKIP,ON,N0J 1M0,CA,(519) 532-0660  Ext. 0000,,GSL,mllist,-,-,-,-
DAEINC,DAEMAR INC.,DAEMAR INC.,861 CRANBERRY COURT,OAKVILLE,ON,L6L 6J7,CA,(905) 847-6500  Ext. 0000,,HOU,mllist,-,-,-,-
DALKIN,DALTCO ELECTRIC & SUPPLY,DALTCO ELECTRIC & SUPPLY,"26 LAPPAN'S LANE, BOX 817",KINGSTON,ON,K7L 4X6,CA,(613) 546-3677  Ext. 0000,,GSL,mllist,-,-,-,-
DALUNI,DALHOUSIE UNIVERSITY,5410 SPRING GARDEN RD,,HALIFAX,N.S,B3J 2X4,CA,(902) 240-2495  Ext. 0000,,ELP,mllist,-,-,-,-
DAWELE,G. DAWE ELECTRIC LTD.,4172-207 ST.,,LANGLEY,BC,V3A 2E1,CA,(604) 825-5458  Ext. 0000,,CAN,mllist,-,-,-,-
DECAEC,DECA ECLAIRAGE & MEUBLES,1165 GREEN AVENUE,,WESTMOUNT,QC,H3Z 2A2,CA,(514) 510-5050  Ext. 0000,,EDP,mllist,-,-,-,-
DEMWOO,DEMA WOODWORK IND. LTD,,114 ADVANCE BLVD,BRAMPTON,ON,L6T 4J4,CA,(905) 453-9729  Ext. 0000,Darlene Patrick <dpatrick@demawoodwork.com>,GSL,mllist,-,-,-,-
DENCAB,DENCA CABINETS,555 60 AVE. SE,,CALGARY,AB,T2H 1L5,CA,(403) 252-5552  Ext. 0000,,PRO,mllist,-,-,-,-
DESCH,DESCHENES & FILS LTEE,1105 RUE DES ROCAILLES,,QUEBEC,QC,G2K 2K6,CA,(418) 627-4711  Ext. 0000,,AMP,mllist,-,-,-,-
DESI,DESIGN CONCEPTS GROUP LTD,DESIGN CONCEPTS,47 CITADEL ACRES CLOSE NW,CALGARY,AB,T3G 5A6,CA,(403) 216-3050  Ext.  000,,PRO,mllist,-,-,-,-
DESILI,DESIGN LIGHTING,DESIGN LIGHTING,#100 - 5499  192 STREET,SURREY,BC,V3S8E5,CA,(604) 576-8733  Ext. 0000,,CAN,mllist,-,-,-,-
DESSTU,DESIGN LIGHTING STUDIO (1989) LTD,1750 3 AVE. S,,LTHBRIDGE,AB,T1J 4Y7,CA,(403) 328-9524  Ext. 0000,,PRO,mllist,-,-,-,-
DISLIG,DISTINCTIVE LIGHTING CONCEPTS,,"40 SCOTT STREET WEST, UNIT 1A",ST. CATHARINES,ON,L2R 1C9,CA,(905) 984-8727  Ext. 0000,,GSL,mllist,-,-,-,-
DIXELE,DIXON ELECTRIC,1158 LORNE ST,,SUDBURY,ON,P3C 4S9,CA,(705) 674-1981  Ext. 0000,,ETS,mllist,-,-,-,-
DIXTIM,DIXON ELECTRIC (TIMMINS) LTD,1158 LORNE ST.,,SUDBURY,ON,P3C 4S9,CA,(705) 264-6100  Ext. 0000,,ETS,mllist,-,-,-,-
DORELE,DORVAL ELECTRIC,DORVAL ELECTRIC INC,2345 WYECROFT RD SUITE 28,OAKVILLE,ON,L6L 6L8,CA,(000) 000-0000  Ext. 0000,,GSL,mllist,-,-,-,-
DUBELE,DUBO ELECTRIQUE LTEE.,5780 ONTARIO EST,,MONTREAL,QC,H1N 0A2,CA,(514) 255-7711  Ext. 0000,,EDP,mllist,-,-,-,-
E&LLIG,E&L LIGHTING (2006)LTD,12722-82ND STREET NW,,EDMONTON,AB,T5E 2T1,CA,(780) 476-7279  Ext. 0000,,PRO,mllist,-,-,-,-
EBESTP,EBENISTERIE ST-PATRICK,2037 FRANCIS-HUGHES,,LAVAL,QC,H7S 2G2,CA,(450) 669-3002  Ext. 0000,,BLN,mllist,-,-,-,-
EBHSUR,E.B. HORSMAN & SON,,Darsy Thomson,SURREY,BC,,CA,(778) 545-9916  Ext. 0000,dthomson@ebhorsman.com,CAN,mllist,-,-,-,-
ECLDEL,ECLAIRAGE DELUX,1975 RUE FRANK CARREL #205,,QUEBEC,QC,G1N 2E6,CA,(000) 000-0000  Ext. 0000,,ECO,mllist,-,-,-,-
ECLETC,ECLAIRAGE ETC INC.,1149 RUE DES FOREURS,,VAL-D'OR,QC,J9P 6X9,CA,(819) 825-3036  Ext. 0000,,EDP,mllist,-,-,-,-
ECLSOL,LUMISOLUTION INC,162 RUE DU SACRE-COEUR,,QUEBEC,QC,G1N 2W2,CA,(418) 522-5693  Ext. 0000,,AMP,mllist,-,-,-,-
ECLUNI,ECLAIRAGE UNION,ECLAIRAGE UNION,8150 DECARIE,MONTREAL,QC,H4P 2S8,CA,(514) 340-5000  Ext. 0000,,EDP,mllist,-,-,-,-
ECOLEL,EECOL ELECTRIC (SASK) LTD,640 CHAPLIN STREET WEST,,SWIFT CURRENT,SK,S9H 0G4,CA,(306) 773-9307  Ext. 0000,,ELE,mllist,-,-,-,-
EDDAMH,EDDY GROUP LTD,EDDY GROUP LTD,"2 MCCULLY DR, AMHERST INDUSTRIAL PARK",AMHERST,NS,B4H 4J1,CA,(902) 667-5125  Ext. 0000,,ELP,mllist,-,-,-,-
EDDBAT,EDDY GROUP LIMITED-HEAD OFFICE,662 ST. ANNE ST DOOR A,P.O. BOX 446,BATHURST,NB,E2A 3Z3,CA,(506) 546-6631  Ext. 0000,,ELP,mllist,-,-,-,-
EDDSTN,EDDY GROUP LTD.,555 CROWN STREET,,SAINT JOHN,NB,E2L 4L9,CA,(506) 634-3020  Ext. 0000,,ELP,mllist,-,-,-,-
EDMLIG,EDMONTON LIGHTING & DECOR INC.,9729 51 AVENUE NW,,EDMONTON,AB,T6E4W8,CA,(780) 465-4200  Ext. 0000,,PRO,mllist,-,-,-,-
EDP,EDP INC,"6666 ST-URBAIN, BUREAU 320",,MONTREAL,QC,H2S 3H1,CA,,,EDP,mllist,-,-,-,-
EEC515,EECOL ELECTRIC INC  BRANCH 515,EECOL ELECTRIC CORP. BRANCH 515,7889 - 132ND STREET UNIT 102,SURREY,BC,V3W 4N2,CA,(604) 502-5670  Ext. 0000,,CAN,mllist,-,-,-,-
EECALB,EECOL ELECTRIC INC,5380-72ND AVENUE SE,,CALGARY,AB,T2C 4X5,CA,(403) 243-5594  Ext. 0000,,PRO,mllist,-,-,-,-
EECBAT,EECOL ELECTRIC INC  BRANCH 403,P.O. BOX 1510,HWY 4 NORTH,NORTH BATTLEFORD,SK,S9A 3W2,CA,(306) 445-1104  Ext. 0000,,ELE,mllist,-,-,-,-
EECBON,EECOL ELECTRIC INC  BRANCH 205,EECOL ELECTRIC,5022-56TH AVENUE,BONNYVILLE,AB,T9N 2N8,CA,(780) 826-7220  Ext. 0000,,PRO,mllist,-,-,-,-
EECBRA,EECOL ELECTRIC INC  BRANCH 602,EECOL ELECTRIC,660-8TH STREET,BRANDON,MB,R7A 6Z7,CA,(204) 728-7238  Ext. 0000,,IAL,mllist,-,-,-,-
EECBRO,EECOL ELECTRIC INC  BRANCH 109,EECOL ELECTRIC,415 - 2ND AVE E P.O. BOX 1198,BROOKS,AB,T1R 1C1,CA,(403) 362-3008  Ext. 0000,,PRO,mllist,-,-,-,-
EECCAA,EECOL ELECTRIC INC  BRANCH 110,EECOL ELECTRIC CORP.,816 46th AVE S.E.,CALGARY,AB,T2G 2A6,CA,(403) 243-5594  Ext. 0000,,PRO,mllist,-,-,-,-
EECCAB,EECOL ELECTRIC INC  BRANCH 102,3401-19TH STREET N.E. BAY 1 & 2,,CALGARY,AB,T2E 6S8,CA,(403) 243-5594  Ext. 0000,,PRO,mllist,-,-,-,-
EECCAL,EECOL ELECTRIC - HEAD OFFICE,63 SUNPARK DR S E,,CALGARY,AB,T2X 3V4,CA,(403) 253-1952  Ext. 0000,,PRO,mllist,-,-,-,-
EECCHI,EECOL ELECTRIC INC  BRANCH 503,EECOL ELECTRIC - KYLE,46090 AIRPORT ROAD,CHILLIWACK,BC,V2P 1A5,CA,(604) 792-9244  Ext. 0000,,CAN,mllist,-,-,-,-
EECCOU,EECOL ELECTRIC INC  BRANCH 508,2683 MORAY AVENUE,UNIT # 9,COURTENAY,BC,V9N 8M9,CA,(250) 338-5100  Ext. 0000,,CAN,mllist,-,-,-,-
EECCRA,EECOL ELECTRIC INC  BRANCH 103,EECOL ELECTRIC INC,700 INDUSTRIAL ROAD UNIT #1,CRANBROOK,BC,V1C 4C6,CA,(250) 426-2555  Ext. 0000,,CAN,mllist,-,-,-,-
EECDRY,EECOL ELECTRIC INC  BRANCH 608,EECOL ELECTRIC CORP,"PO BOX 39, 314 KENNEDY RD",DRYDEN,ON,P8N 2Y7,CA,(807) 223-5331  Ext. 0000,,IAL,mllist,-,-,-,-
EECDUN,"EECOL ELECTRIC CORP-DUNCAN, BC",708-5301 CHASTER ROAD,,DUNCAN,BC,V9L 0G4,CA,(604) 455-6060  Ext. 0000,,CAN,mllist,-,-,-,-
EECEAB,EECOL ELECTRIC INC  BRANCH 201,EECOL ELECTRIC-MAIN BRANCH,16021-121A AVENUE N.W.,EDMONTON,AB,T5V 1H1,CA,(780) 451-6481  Ext. 0000,,PRO,mllist,-,-,-,-
EECEDS,EECOL ELECTRIC CORP BRANCH 214,7042-4 AVE,,EDSON,AB,T7E 1N3,CA,,,PRO,mllist,-,-,-,-
EECEMT,EECOL ELECTRIC INC  BRANCH 204,EECOL ELECTRIC INC,7603 MCINTYRE ROAD,EDMONTON,AB,T6E 6K9,CA,(780) 468-6141  Ext. 0000,,PRO,mllist,-,-,-,-
EECEST,EECOL ELECTRIC INC  BRANCH 302,EECOL ELECTRIC (SASK) LTD.,114 PERKINS ST BOX 760,ESTEVAN,SK,S4A 2A6,CA,(306) 526-3217  Ext. 0000,,ELE,mllist,-,-,-,-
EECFLI,EECOL ELECTRIC INC  BRANCH 605,9 TIMBER LANE,BOX 445,FLIN FLON,MB,R8A 1N3,CA,(204) 687-6565  Ext. 0000,,IAL,mllist,-,-,-,-
EECFMU,EECOL ELECTRIC INC  BRANCH 208,185 MACKAY CRES,,FT. MCMURRAY,AB,T9H 5E8,CA,(780) 791-1835  Ext. 0000,,PRO,mllist,-,-,-,-
EECFOR,EECOL ELECTRIC INC  BRANCH 211,EECOL ELECTRIC CORP,8911-109TH STREET,FORT ST. JOHN,BC,V1J 7A4,CA,(250) 261-6776  Ext. 0000,,CAN,mllist,-,-,-,-
EECGRP,EECOL ELECTRIC INC  BRANCH 202,10945-89 AVENUE,,GRANDE PRAIRIE,AB,T8V 5B9,CA,(780) 532-8750  Ext. 0000,,PRO,mllist,-,-,-,-
EECHIG,EECOL ELECTRIC INC  BRANCH 212,10905-95TH STREET,,HIGH LEVEL,AB,T0H 1Z0,CA,(780) 926-4839  Ext. 0000,,PRO,mllist,-,-,-,-
EECHUM,EECOL ELECTRIC INC  BRANCH 406,816 WATER RIDGE CRES.,,HUMBOLDT,SK,S0K 2A0,CA,,,ELE,mllist,-,-,-,-
EECIND,EECOL ELECTRIC INC,1237 WELCH ST.,,NORTH VANCOUVER,BC,V1P 1B3,CA,(604) 986-5633  Ext. 0000,,CAN,mllist,-,-,-,-
EECKAM,EECOL ELECTRIC INC  BRANCH 510,EECOL ELECTRIC,1240 DALHOUSIE DRIVE,KAMLOOPS,BC,V2C 6G3,CA,(250) 372-0630  Ext. 0000,,CAN,mllist,-,-,-,-
EECKEL,EECOL ELECTRIC INC  BRANCH 506,1525 DILWORTH DRIVE,UNIT #7,KELOWNA,BC,V1Y 9N5,CA,(250) 762-0557  Ext. 0000,,CAN,mllist,-,-,-,-
EECKEN,EECOL ELECTRIC INC  BRANCH 606,EECOL ELECTRIC  INC,1027 RAILWAY ST. RR 2,KENORA,ON,P9N 0B2,CA,(807) 468-5070  Ext. 0000,,IAL,mllist,-,-,-,-
EECKIN,EECOL ELECTRIC INC  BRANCH 405,805-9TH STREET WEST BOX 1687,,KINDERSLEY,SK,S0L 1S0,CA,(306) 463-3363  Ext. 0000,,ELE,mllist,-,-,-,-
EECLET,EECOL ELECTRIC INC  BRANCH 104,EECOL ELECTRIC,1305-36TH STREET NORTH,LETHBRIDGE,AB,T1H 6L5,CA,(403) 328-2353  Ext. 0000,,PRO,mllist,-,-,-,-
EECLLO,EECOL ELECTRIC INC  BRANCH 404,EECOL ELECTRIC,5213-63TH STREET,LLOYDMINSTER,AB,T9V 2E7,CA,(780) 871-4603  Ext. 0000,,PRO,mllist,-,-,-,-
EECMED,EECOL ELECTRIC INC  BRANCH 105,EECOL ELECTRIC INC,921-18TH STREET SW,MEDICINE HAT,AB,T1A 8S7,CA,(403) 243-5594  Ext. 0000,,PRO,mllist,-,-,-,-
EECMOO,EECOL ELECTRIC INC  BRANCH 305,EECOL,663 OMINICA ST. W.,MOOSE JAW,SK,S6H 6K6,CA,(000) 000-0000  Ext. 0000,,ELE,mllist,-,-,-,-
EECNEL,EECOL ELECTRIC INC BRANCH 517,EECOL ELECTRIC INC,"UNIT#1, 1155 INSIGHT DRIVE",NELSON,BC,V1L 5P5,CA,(000) 000-0000  Ext. 0000,,CAN,mllist,-,-,-,-
EECNVA,EECOL ELECTRIC INC  BRANCH 504,EECOL ELECTRIC,244 DONAGHY AVENUE,NORTH VANCOUVER,BC,V7P 2L5,CA,(604) 984-4194  Ext. 0000,,CAN,mllist,-,-,-,-
EECO,EECOL ELECTRIC INC  BRANCH 401,EECOL ELECTRIC-NORTHERN SASKATCHEWAN,2906 MILLAR AVE.,SASKATOON,SK,S7K 5X7,CA,(306) 933-3030  Ext. 0000,,ELE,mllist,-,-,-,-
EECOP,EECOL ELECTRIC INC  BRANCH 402,EECOL ELECTRIC LTD. - JEREMY,339 17TH STREET WEST,PRINCE ALBERT,SK,S6V 3X6,CA,(306) 764-9311  Ext. 0000,,ELE,mllist,-,-,-,-
EECOR,EECOL ELECTRIC INC  BRANCH 301,EECOL ELECTRIC-SOUTHERN SASK,1711 MACRAE DRIVE,REGINA,SK,S4N 0S4,CA,(306) 525-2317  Ext. 0000,,ELE,mllist,-,-,-,-
EECPEA,EECOL ELECTRIC INC  BRANCH 206,EECOL ELECTRIC,8109-102ND AVENUE,PEACE RIVER,AB,T8S 1M6,CA,(780) 624-2288  Ext. 0000,,PRO,mllist,-,-,-,-
EECPOR,EECOL ELECTRIC INC  BRANCH 507,"101,1647 BROADWAY STREET",,PORT COQUITIAM,BC,V3C 6P8,CA,(604) 942-2625  Ext. 0000,,CAN,mllist,-,-,-,-
EECPRI,EECOL ELECTRIC INC  BRANCH 509,"120, 1990 OGILVIE STREET",,PRINCE GEORGE,BC,V2N 1X1,CA,(250) 562-8888  Ext. 0000,,CAN,mllist,-,-,-,-
EECRED,EECOL ELECTRIC INC  BRANCH 108,EECOL ELECTRIC INC,4747-61 STREET,RED DEER,AB,T4N 7C9,CA,(403) 243-5594  Ext. 0000,,PRO,mllist,-,-,-,-
EECRLK,EECOL ELECTRIC INC  BRANCH 610,"196  HOWEY STREET, BOX 944",,RED LAKE,ON,P0V 2M0,CA,(807) 727-1955  Ext. 0000,,IAL,mllist,-,-,-,-
EECSAB,EECOL ELECTRIC INC  BRANCH 101,EECOL ELECTRIC-SOUTHERN ALBERTA,11004 48TH ST SE,CALGARY,AB,T2C 3E1,CA,(403) 243-5594  Ext. 0000,,PRO,mllist,-,-,-,-
EECSAK,EECOL ELECTRIC INC  BRANCH 213,11121-83 AVENUE UNIT 107,,FORT SASKATCHEWAN,AB,T8L 3T9,CA,(780) 451-6481  Ext. 0000,,PRO,mllist,-,-,-,-
EECSEC,EECOL ELECTRIC INC  BRANCH 512,EECOL ELECTRIC,1870 COSYAN PLACE UNIT 201,SECHELT,BC,V7Z 0G8,CA,(604) 740-8855  Ext. 0000,,CAN,mllist,-,-,-,-
EECSLA,EECOL ELECTRIC INC  BRANCH 209,906-6TH STREET NW,BOX 95,SLAVE LAKE,AB,T0G 2A0,CA,(780) 805-8880  Ext. 0000,,PRO,mllist,-,-,-,-
EECSMI,EECOL ELECTRIC INC  BRANCH 511,3455 FULTON AVENUE,PO BOX 133,SMITHERS,BC,V0J 2N0,CA,(250) 847-8880  Ext. 0000,,CAN,mllist,-,-,-,-
EECSUR,EECOL ELECTRIC INC  BRANCH 502,EECOL ELECTRIC,19645 92A AVE,LANGLEY,BC,V1M 3B3,CA,(604) 455-6060  Ext. 0000,,CAN,mllist,-,-,-,-
EECSWI,EECOL ELECTRIC INC  BRANCH 303,EECOL ELECTRIC,640 CHAPLIN ST WEST,SWIFT CURRENT,SK,S9H 0E7,CA,(306) 773-9307  Ext. 0000,,ELE,mllist,-,-,-,-
EECTER,EECOL ELECTRIC INV BRNACH 612,46 TERRACON PLACE,,WINNIPEG,MB,R2J 4G7,CA,(204) 774-2800  Ext. 0000,,IAL,mllist,-,-,-,-
EECTHE,EECOL ELECTRIC INC  BRANCH 604,1538 BIGNELL AVENUE,BOX 3008,THE PAS,MB,R9A 1R7,CA,(204) 623-2699  Ext. 0000,,IAL,mllist,-,-,-,-
EECTHO,EECOL ELECTRIC INC  BRANCH 603,44 SEAL ROAD,,THOMPSON,MB,R8N 1S4,CA,(204) 677-3445  Ext. 0000,,IAL,mllist,-,-,-,-
EECTHU,EECOL ELECTRIC INC  BRANCH 607,600 SQUIER STREET,,THUNDER BAY,ON,P7B 4A8,CA,(807) 344-5300  Ext. 0000,,IAL,mllist,-,-,-,-
EECVAN,EECOL ELECTRIC INC  BRANCH 501,3600 E 1ST AVENUE,,VANCOUVER,BC,V5M 1C3,CA,(604) 455-6060  Ext. ap00,,CAN,mllist,-,-,-,-
EECVBC,EECOL ELECTRIC,3606 EAST 1ST AVENUE,,VANCOUVER,BC,V5M 1C3,CA,(604) 294-1004  Ext. 0000,,CAN,mllist,-,-,-,-
EECVIC,EECOL ELECTRIC INC  BRANCH 505,EECOL ELECTRIC,500 KELVIN ROAD,VICTORIA,BC,V8Z 1C4,CA,(250) 475-7578  Ext. 0000,,CAN,mllist,-,-,-,-
EECVWT,EECOL ELECTRIC INC  BRANCH 514,EECOL ELECTRIC,898 VAN ISLE WAY,VICTORIA,BC,V9B 5R8,CA,(250) 474-1201  Ext. 0000,,CAN,mllist,-,-,-,-
EECWAB,EECOL ELECTRIC INC  BRANCH 210,3301 - 37th AVENUE,,WHITECOURT,AB,T7S 0A2,CA,(780) 706-5040  Ext. 0000,,PRO,mllist,-,-,-,-
EECWHI,EECOL ELECTRIC INC  BRANCH 203,9034 QUARTZ ROAD,,WHITEHORSE,YUKON,Y1A 2Z5,CA,(867) 633-7711  Ext. 0000,,PRO,mllist,-,-,-,-
EECWIN,EECOL ELECTRIC INC  BRANCH 601,EECOL ELECTRIC-MANITOBA,1760 WELLINGTON AVE,WINNIPEG,MB,R3H 0E9,CA,(204) 774-2800  Ext. 0000,,IAL,mllist,-,-,-,-
EECWMB,EECOL ELECTRIC INC  BRANCH 609,330 HESPLER AVE.,BOX 2199,WINKLER,MB,R6W 0J7,CA,(204) 325-6464  Ext. 0000,,IAL,mllist,-,-,-,-
EECYEL,EECOL ELECTRIC INC  BRANCH 207,P.O BOX 1228,23 MELVILLE DRIVE,YELLOWKNIFE,NWT,X1A 2N9,CA,(867) 873-3964  Ext. 0000,,PRO,mllist,-,-,-,-
EECYOR,EECOL ELECTRIC INC  BRANCH 304,EECOL ELECTRIC,203 YORK RD E - BOX 340,YORKTON,SK,S3N 2w1,CA,(306) 782-4044  Ext. 0000,,ELE,mllist,-,-,-,-
EGPENN,E.G. PENNER BUILDING CENTRE,"200 PARK RD W, BOX 173",,STEINBACH,MB,R0A 2A0,CA,(204) 326-1325  Ext. 0000,,IAL,mllist,-,-,-,-
EKLLUM,EKLIPSE LUMINAIRE ARCHITECTURAL INC,"2090, RUE MOREAU, SUITE 100",,MONTREAL,QC,H1W 2M3,CA,(514) 590-0099  Ext. 0000,,EDP,mllist,-,-,-,-
ELECHA,ELECTROZAD SUPPLY COMPANY,2900 JEFFERSON BLVD,PO BOX3340,WINDSOR,ON,N8M 2M4,CA,(519) 944-2900  Ext. 0000,,GSL,mllist,-,-,-,-
ELECMT,ELECTRIMAT,2180 BOUL. LAPINIERE,,BROSSARD,QC,J4W 1M2,CA,(450) 462-2116  Ext. 0000,,EDP,mllist,-,-,-,-
ELEEDM,"EWEL, DIVISION OF GUILLEVIN INTERNATIONAL CO.","EWEL, DIVISION OF GUILLEVIN INTERNATIONAL CO.",14830-124 AVENUE,EDMONTON,AB,T5L 3B3,CA,(780) 451-2311  Ext. 0000,,PRO,mllist,-,-,-,-
ELEGUE,ELECTROMART GUELPH,"381 ELMIRA N, UNIT 6",,GUELPH,ON,N1K 1H3,CA,(519) 766-0905  Ext. 0000,,GSL,mllist,-,-,-,-
ELEHAM,ELECTROMART,1701 BRAMPTON STREET,,HAMILTON,ON,L8H 3S2,CA,(905) 524-1555  Ext. 0000,,GSL,mllist,-,-,-,-
ELELIG,ELEVATE LIGHTING,4116-8 ST SE,,CALGARY,AB,T2G 3A7,CA,(403) 830-8868  Ext. 0000,,PRO,mllist,-,-,-,-
ELEMAI,ELECTROMART,ACCOUNTS PAYABLE,351 MAIN ST EAST,HAMILTON,ON,L8N 1J4,CA,(905) 667-0800  Ext. 0000,,GSL,mllist,-,-,-,-
ELEONT,ELECTRICAL WHOLESALE SUPPLY,IDEAL SUPPLY,"1045 WALLACE AVE.,N.",LISTOWEL,ON,N4W 1M6,CA,(519) 291-1060  Ext. 5244,,GSL,mllist,-,-,-,-
ELESAL,ELECTRA SALES,ELECTRA SALES,1810 EAST TURVEY ROAD,REGINA,SK,S4N 2G7,CA,(306) 791-0266  Ext. 0000,,ELE,mllist,-,-,-,-
ELESAR,ELECTROZAD SUPPLY CO. LTD.,2900 JEFFERSON BLVD,PO BOX 3340,WINDOSR,ON,N8M 2M4,CA,(519) 336-8550  Ext. 0000,,HOU,mllist,-,-,-,-
ELESIG,ELECTRA SIGNS,398 DALY ST. NORTH,,WINNIPEG,MB,R3L 2K6,CA,(204) 452-6168  Ext. 0000,,IAL,mllist,-,-,-,-
ELESUP,ELECTROZAD SUPPLY CO. LTD.,2900 JEFFERSON BLVD,PO BOX 3340,WINDSOR,ON,N8N 2M4,CA,(000) 000-0000  Ext. 0000,,GSL,mllist,-,-,-,-
ELEWHO,ELECTRICAL WHOLESALERS,,1323 - 36TH AVENUE NE,CALGARY,AB,T2E 6T6,CA,(403) 250-7060  Ext. 0000,,HOU,mllist,-,-,-,-
ELEWIN,ELECTROZAD SUPPLY,2900 JEFFERSON BLVD,BOX 3340,WINDSOR,ON,N8N 2M4,CA,(519) 944-2900  Ext. 0000,,GSL,mllist,-,-,-,-
ELGELE,ELGAR ELECTRIC LTD.,7728 - 134 STREET,,SURREY,BC,V3W 6Y5,CA,(604) 590-2771  Ext. 0000,,CAN,mllist,-,-,-,-
ELPHAL,E.L.P. MARKETING LTD - HALIFAX,E.L.P. MARKETING LTD - HALIFAX,32 MCQUADE LAKE CRESCENT,HALIFAX,NS,B3S 1G8,CA,(902) 450-5155  Ext. 0000,,ELP,mllist,-,-,-,-
ELPMON,E.L.P. MARKETING LTD. - MONCTON,28 READE STREET,,MONCTON,NB,E1C 6R9,CA,(506) 862-1515  Ext. 0000,,ELP,mllist,-,-,-,-
ELPSTJ,E.L.P. MARKETING LTD - SAINT JOHN,E.L.P. MARKETING LTD - SAINT JOHN,20 OLD COACH ROAD,QUISPAMSIS,NB,E2E 4M9,CA,(506) 847-3576  Ext. 0000,,ELP,mllist,-,-,-,-
ELULIG,ELUMEA LIGHTING CO,790 SPRUCE AVE,,VICTORIA,BC,V8T 5A5,CA,(000) 000-0000  Ext. 0000,,CAN,mllist,-,-,-,-
ENVELE,ENVIRONNEMENT ELECTRONIQUE,7 RONALD DR.,,MONTREAL-WEST,QC,H4X 1M9,CA,(000) 000-0000  Ext. 0000,,EDP,mllist,-,-,-,-
EPITRON,EPITRON INC.,841 PINE STRET SOUTH,,TIMMINS,ON,P4N 8S3,CA,(000) 000-0000  Ext. 0000,,ETS,mllist,-,-,-,-
ETS,ELECTRATEK SALES (2014)  LTD.,ELECTRATEK SALES LTD.,216 WORTHINGTON ST.,NORTH BAY,ON,P1B 3B4,CA,(705) 497-5959  Ext. 0000,,ETS,mllist,-,-,-,-
FMSUPP,FM SUPPLY/1803037 ONTARIO INC,"100 BATHURST DRIVE, UNIT 3",,WATERLOO,ON,N2V 1V6,CA,(519) 886-0367  Ext. 0000,,GSL,mllist,-,-,-,-
FRAEMP,FRANKLIN EMPIRE INC.,FRANKLIN EMPIRE INC.,4605 BOUL. POIRIER,SAINT-LAURENT,QC,H4R 0S9,CA,(514) 341-3720  Ext. 0000,,EDP,mllist,-,-,-,-
FUTOUT,FUTECH OTTAWA  INC,75A RUE JEAN-PROULX,,GATINEAU,QC,J8Z 1W2,CA,(819) 595-0415  Ext. 0000,,MVP,mllist,-,-,-,-
GERR,GERRIE ELECTRIC WHOLESALE LTD,4104 SOUTH SERVICE ROAD,,BURLINGTON,ON,L7L 4X5,CA,(905) 681-3656  Ext. 0000,,GSL,mllist,-,-,-,-
GESCCO,GESCAN - DIV OF SONEPAR DISTR,99 SANTE DR,,CONCORD,ON,L4K 3C4,CA,(416) 213-7111  Ext. 0000,,GSL,mllist,-,-,-,-
GESCV,GESCAN LTD. - HEAD OFFICE,10449 120TH STREET,,SURREY,BC,V3V 4G4,CA,(604) 528-3619  Ext. 0000,,CAN,mllist,-,-,-,-
GESWIN,GESCAN (DIV OF SONEPAR CANADA,1451 SAINT JAMES STREET,,WINNIPEG,MB,R3H 0W9,CA,(204) 786-1481  Ext. 0000,,IAL,mllist,-,-,-,-
GIMELE,GIMPEL ELECTRIC SUPPLY,38 ELGIN ST,,TRENTON,ON,K8V 3X8,CA,(613) 392-9261  Ext. 0000,,GSL,mllist,-,-,-,-
GOWITHLED,GWL NOVUS INC.,161 ALDEN ROAD UNIT 9&10,,MARKHAM,ON,L3R 3W7,CA,(905) 825--536  Ext. 9000,,GSL,mllist,-,-,-,-
GREBRU,PROVINCE ELECTRIC SUPPLY,PO BOX 245,1475 - 2ND AVE E,OWEN SOUND,ON,N4K 5P3,CA,(519) 376-4120  Ext. 0000,,GSL,mllist,-,-,-,-
GRRBAR,GRAYBAR ELECTRIC LIMITED,,PO BOX 9078 STATION A,HALIFAX,NS,B3K 5M7,CA,(519) 576-4050  Ext. 0000,,VIG,mllist,-,-,-,-
GSLIG,GS LIGHTING GROUP,26 GLEBE STREET,,CAMBRIDGE,ON,N1S 2P1,CA,(000) 000-0000  Ext. 0000,,GSL,mllist,-,-,-,-
GUCHIL,GUILLEVIN INTL-CHILLIWACK,"44500 SOUTH SUMAS RD, UNIT 301",,CHILLIWACK,BC,V2R 5M3,CA,(604) 769-0803  Ext. 0000,,CAN,mllist,-,-,-,-
GUIABB,GUILLEVIN-ABBOTSFORD,1A - 33557 MACLURE RD,,ABBOTSFORD,BC,V2S 7W2,CA,(604) 853-0791  Ext. 0000,,CAN,mllist,-,-,-,-
GUIANJ,GUILLEVIN INTERNATIONAL - ANJOU,10301 RENAUDE LAPOINTE,,ANJOU,QC,H1J 2T4,CA,(514) 355-7582  Ext. 0000,,EDP,mllist,-,-,-,-
GUIBAT,GUILLEVIN-BATHURST,GUILLEVIN INTERNATIONAL,"1850 VANIER BLVD, PO BOX 626",BATHURST,NB,E2A 3Z6,CA,(506) 546-8220  Ext. 0000,,ELP,mllist,-,-,-,-
GUIBEL,GUILLEVIN-BELLEVILLE,"315 BELL BOULEVARD, UNIT 2",PO BOX 668,BELLEVILLE,ON,K8P 5H3,CA,(613) 962-5321  Ext. 0000,,GSL,mllist,-,-,-,-
GUIBLT,GUILLEVIN-BURLINGTON,990 FRASER DRIVE UNIT #3,,BURLINGTON,ON,L7L 5P5,CA,(000) 000-0000  Ext. 0000,,GSL,mllist,-,-,-,-
GUIBRO,GUILLEVIN INTERNATIONAL-BROSSARD,"9005 DUQUARTIER, LOCAL C",,BROSSARD,QC,J4Y 0A8,CA,(000) 000-0000  Ext. 0000,,AMP,mllist,-,-,-,-
GUIBUR,GUILLEVIN-BURNABY,5344 LOUGHEED HIGHWAY,,BURNABY,BC,V5B 2Z8,CA,(604) 438-8661  Ext. 0000,,CAN,mllist,-,-,-,-
GUICAL,GUILLEVIN INTERNATIONAL CALGARY,,4220-A BLACKFOOT TRAIL SE,CALGARY,AB,T2G 4E6,CA,(403) 287-1680  Ext. 0000,,PRO,mllist,-,-,-,-
GUICAM,GUILLEVIN- CAMBRIDGE,GUILLEVIN- CAMBRIDGE,B-305 SHELDON DR.,CAMBRIDGE,ON,N1T 1A7,CA,(519) 740-7100  Ext. 0000,,GSL,mllist,-,-,-,-
GUICAR,GUILLEVIN - CAMPBELL RIVER,1690 G MAPLE,,CAMBELL RIVER,BC,V9W 3G2,CA,(250) 286-1055  Ext. 0000,,CAN,mllist,-,-,-,-
GUICHAR,GUILLEVIN-CHARLOTTETOWN,14 WALKER DRIVE,,CHARLOTTETOWN,PE,C1A 8S6,CA,(902) 368-1363  Ext. 0000,,ELP,mllist,-,-,-,-
GUICHI,GUILLEVIN CHICOUTIMI,1735 MITIS,,CHICOUTIMI,QC,G7K 1H3,CA,(418) 543-4459  Ext. 0000,,AMP,mllist,-,-,-,-
GUICON,GUILLEVIN INTERNATIONAL-CONCORD,8200 JANE ST.,,CONCORD,ON,L4K 5A7,CA,(905) 760-0777  Ext. 0000,,GSL,mllist,-,-,-,-
GUICOR,GUILLEVIN INTERNATIONAL-CORNWALL,711 ROSEMOUNT,,CORNWALL,ON,K6J 3E5,CA,(613) 938-8433  Ext. 0000,,MVP,mllist,-,-,-,-
GUICRA,GUILLEVIN-CRANBROOK,716 INDUSTRIAL RD #1,,CRANBROOK,BC,V1C 4C6,CA,(250) 426-2267  Ext. 0000,,PRO,mllist,-,-,-,-
GUIDAR,GUILLEVIN-DARTMOUTH,GUILLEVIN INTERNATIONAL CO.,"61, RADDALL AVE. ""L""",DARTMOUTH,NS,B3B 1T4,CA,(902) 468-7211  Ext. 0000,,ELP,mllist,-,-,-,-
GUIGAT,GUILLEVIN-GATINEAU,130 RUE JEAN-PROULX,,GATINEAU,QC,J8Z 1V3,CA,(819) 777-4717  Ext. 0000,,MVP,mllist,-,-,-,-
GUIGOO,GUILLEVIN INT'L - GOOSE BAY,396 HAMILTON RIVER RD,"PO BOX 147, STN C",GOOSE BAY,NF,A0P 1C0,CA,(709) 896-3361  Ext. 0000,,VIG,mllist,-,-,-,-
GUIGRA,GUILLEVIN-GRANBY,832 BOUL INDUSTRIEL,,GRANBY,QC,J2J 1A4,CA,(450) 372-5469  Ext. 0000,,EDP,mllist,-,-,-,-
GUIHAL,GUILLEVIN-HALIFAX,2631 CLIFTON STREET,,HALIFAX,NS,B3K 4V4,CA,(902) 454-7477  Ext. 0000,,ELP,mllist,-,-,-,-
GUIHAM,GUILLEVIN-HAMILTON,GUILLEVIN INTERNATIONAL,238 GAGE AVE. N,HAMILTON,ON,L8L 7A7,CA,(905) 544-1900  Ext. 0000,,GSL,mllist,-,-,-,-
GUIKEL,GUILLEVIN INT. KELOWANA,1898 SPALL RD,,KELOWNA,BC,V1Y 4R1,CA,(800) 270-4282  Ext. 0000,,CAN,mllist,-,-,-,-
GUIKIN,GUILLEVIN INT. (KINGSTON),GUILLEVIN INT. (KINGSTON),751 DALTON AVE,KINGSTON,ONT,K7M 8N6,CA,(613) 544-1071  Ext. 0000,,GSL,mllist,-,-,-,-
GUIKIR,Guillevin Kirkland Lake,21 GOVERNMENT ROAD EAST,,KIRKLAND LAKE,ON,P2N 1A1,CA,,,ETS,mllist,-,-,-,-
GUIKIT,GUILLEVIN-KITCHENER,GUILLEVIN INTERNATIONAL,53 ST LEGER,KITCHENER,ON,N2H 4M1,CA,(519) 576-7580  Ext. 0000,,GSL,mllist,-,-,-,-
GUILCOB,GUILLEVIN-COBURG,630 ONTARIO STREET,,COBURG,ON,K9A 3C4,CA,(905) 372-6881  Ext. 0000,,GSL,mllist,-,-,-,-
GUILET,GUILLEVIN LETHBRIDGE,GUILLEVIN LETHBRIDGE,1220-36TH STREET N,LETHBRIDGE,AB,T1H 5H8,CA,(403) 320-2422  Ext. 0000,,PRO,mllist,-,-,-,-
GUILLED,GUILLEVIN-EDMONTON,11220-180 STREET N.W,,EDMONTON,AB,T5S 2X5,CA,(780) 451-3999  Ext. 0000,,PRO,mllist,-,-,-,-
GUILON,GUILLEVIN-LONDON,GUILLEVIN INTERNATIONAL LONDON,229  ADELAIDE ST N,LONDON,ON,N6B 3H3,CA,(519) 673-1800  Ext. 0000,,GSL,mllist,-,-,-,-
GUILQC,GUILLEVIN-TROIS RIVIERES,"2240, BOUL. DES RECOLLETS",,TROIS-RIVIERES,QC,G8Z 3X5,CA,(819) 375-4877  Ext. 0000,,EDP,mllist,-,-,-,-
GUIMAR,GUILLEVIN-MARKHAM,50 Don Park Road,Unit 15,Markham,Ontario,L3R 1J3,CA,(905) 475-8144  Ext. 0000,,GSL,mllist,-,-,-,-
GUIMB,GUILLEVIN  - WINNIPEG,6555 METROPOLOTAIN BOULEVARD EAST,SUITE 301,MONTREAL,QC,H1P 3H3,CA,,,IAL,mllist,-,-,-,-
GUIMED,GUILLEVIN-MEDICINE HAT,GUILLEVIN INTERNATIONAL CO.,15 SOUTH WEST DRIVE,MEDICINE HAT,AB,T1A 8E7,CA,(403) 527-5314  Ext. 0000,,PRO,mllist,-,-,-,-
GUIMIR,GUILLEVIN-MIRAMICHI,P.O. BOX 659,318 DALTON AVENUE,MIRAMICHI,NB,E1V 3T7,CA,(506) 622-2846  Ext. 0000,,ELP,mllist,-,-,-,-
GUIMIS,GUILLEVIN-MISSISSAUGA,6660 KENNEDY ROAD,UNIT 20,MISSISSAUGA,ON,L5T2M9,CA,(905) 795-0499  Ext. 0000,,GSL,mllist,-,-,-,-
GUINL,GUILLEVIN-CORNER BROOK,PO BOX 1066,51C MAPLE VALLEY RD.,CORNER BROOK,NL,A2H 6J3,CA,(000) 000-0000  Ext. 0000,,ELP,mllist,-,-,-,-
GUINOR,GUILLEVIN INTERNATIONAL- NORTH BAY,"881 UNIT A, JET AVE",,NORTH BAY,ON,P1B 2W9,CA,(000) 000-0000  Ext. 0000,,ETS,mllist,-,-,-,-
GUIOSH,GUILLEVIN-OSHAWA,1000 THORNTON RD. SOUTH,,OSHAWA,ON,L1J 7E2,CA,(905) 723-2291  Ext. 0000,,GSL,mllist,-,-,-,-
GUIPEI,GUILLEVIN-SHERWOOD,ELCO DIVISION,10 MACALEER DR.,SHERWOOD,PE,C1A 9E3,CA,(902) 368-1363  Ext. 0000,,ELP,mllist,-,-,-,-
GUIPET,GUILLEVIN-PETERBOROUGH,GUILLEVIN INTERNATIONAL CO.,2015-1 FISHER DR,PETERBOROUGH,ON,K9J 6X6,CA,(800) 459-1133  Ext. 0000,,GSL,mllist,-,-,-,-
GUIPOR,GUILLEVIN - PORT COQUITLAM,111 - 1585 BROADWAY,,PORT COQUITLAM,BC,V3C 2M7,CA,(604) 464-7024  Ext. 0000,,CAN,mllist,-,-,-,-
GUIPRI,GUILLEVIN INT.CO.ELECT- PRINCE GEORGE,2233 QUINN STREET,,PRINCE GEORGE,BC,V2N 2X4,CA,(000) 000-0000  Ext. 0000,,CAN,mllist,-,-,-,-
GUIQUE,GUILLEVIN-QUEBEC,6085 RUE DES TOURNELLES,,QUEBEC,QC,G2J 1P7,CA,(418) 626-3600  Ext. 0000,,AMP,mllist,-,-,-,-
GUIREG,GUILLEVIN INTERNATIONAL CO.,,,,,,CA,,APINVOICE@GUILLEVIN.COM,ELE,mllist,-,-,-,-
GUIRIV,GUILLEVIN-RIVIERE-DU-LOUP,153 RUE L.P. LEBRUN,,RIVIERE-DU-LOUP,QC,G5R 5W5,CA,,,AMP,mllist,-,-,-,-
GUISAR,GUILLEVIN INT'L - SARNIA,850 CONFEDERATION ST,,SARNIA,ON,N7T 2E3,CA,(519) 332-2025  Ext. 0000,,GSL,mllist,-,-,-,-
GUISASK,GUILLEVIN INTERNATIONA CO.,,,,,,CA,,APINVOICE@GUILLEVIN.COM,ELE,mllist,-,-,-,-
GUISAU,GUILLEVIN-SAULT STE MARIE,GUILLEVIN INTERNATIONAL,81 WHITE OAK DRIVE EAST,SAULT STE-MARIE,ON,P6B 4J7,CA,(705) 254-6461  Ext. 0000,,ETS,mllist,-,-,-,-
GUISHE,GUILLEVIN INT'L - SHERBROOKE,4180  BOULEVARD INDUSTRIEL,,SHERBROOKE,QC,J1L 2S6,CA,(819) 346-3916  Ext. 0000,,EDP,mllist,-,-,-,-
GUISK,GUILLEVIN INTERNATIONAL CO-REGINA,,,MONTREAL,QC,H1P 3H3,CA,,APINVOICE@GUILLEVIN,ELE,mllist,-,-,-,-
GUISTC,GUILLEVIN-ST.CATHARINES,GUILLEVIN INTERNATIONAL,"188 BUNTING ROAD, UNIT #13",ST. CATHARINES,ON,L2M 3Y1,CA,(905) 684-4305  Ext. 0000,,GSL,mllist,-,-,-,-
GUISTG,GUILLEVIN INTERNATION-ST-GEORGES,9755-5EIME AVE.,,ST.GEORGES,QC,G5Y 5C4,CA,(418) 228-7247  Ext. 0000,,AMP,mllist,-,-,-,-
GUISTH,GUILLEVIN INTERNATIONAL-ST-HYACINTHE,"5250, AV. TRUDEAU",,ST-HYACINTHE,QC,J2S 7Y8,CA,(450) 774-6429  Ext. 0000,,AMP,mllist,-,-,-,-
GUISTJ,GUILLEVIN-ST.JOHN'S,GUILLEVIN INTERNATIONAL,"87 O'LEARY AVE, PO BOX 12061",ST. JOHN'S,NF,A1B 4B2,CA,(709) 722-1420  Ext. a/p0,,VIG,mllist,-,-,-,-
GUISTL,GUILLEVIN-ST.LAURENT,3458 RUE GRIFFITH,,ST LAURENT,QUEBEC,H4T 1A7,CA,(514) 340-1700  Ext. 0000,,AMP,mllist,-,-,-,-
GUISTT,GUILLEVIN INT'L - ST. THOMAS,126 EDWARD ST.,UNIT 2,ST. THOMAS,ON,N5P 1Z1,CA,(519) 633-8446  Ext. 0000,,GSL,mllist,-,-,-,-
GUISUD,GUILLEVIN SUDBURY,GUILLEVIN SUDBURY,122 DELL ST. BLDG. B1,SUDBURY,ON,P3C 2Y1,CA,(705) 675-8815  Ext. 0000,,ETS,mllist,-,-,-,-
GUISUR,GUILLEVIN-SURREY,UNIT#301-13060 80TH AVE,,SURREY,BC,V3W 3B2,CA,,,CAN,mllist,-,-,-,-
GUITHU,GUILLEVIN-THUNDER BAY,883 TUNGSTEN ST,UNIT 5,THUNDER BAY,ON,P7B 6H2,CA,(807) 345-7789  Ext. 0000,,ETS,mllist,-,-,-,-
GUIVALD,GUILLEVIN INTERNATIONAL VAL D'OR,12 RUE TURGEON,,VAL D'OR,QC,J9P 0A5,CA,,,EDP,mllist,-,-,-,-
GUIVAN,GUILLEVIN-VANCOUVER,238 E. 1st Ave.,,Vancouver,B.C,V5T 1A5,CA,(604) 879-3535  Ext. 0000,,CAN,mllist,-,-,-,-
GUIVAU,GUILLEVIN-VAUGHAN,1 ROYAL GATE BLVD,UNIT C,VAUGHAN,ON,L4L 8Z7,CA,(905) 264-1802  Ext. 0000,,GSL,mllist,-,-,-,-
GUIVIC,GUILLEVIN-VICTORIAVILLE,GUILLEVIN INTERNATIONAL,975 BOUL. PIERRE-ROUX EST,VICTORIAVILLE,QC,G6T 1T8,CA,(000) 000-0000  Ext. 0000,,EDP,mllist,-,-,-,-
GUIWHI,GUILLEVIN-WHITEHORSE,GUILLEVIN INTERNATIONAL CO,113 PLATINUM ROAD,WHITEHORSE,YT,Y1A 5M3,CA,(000) 000-0000  Ext. 0000,,CAN,mllist,-,-,-,-
GUIWIN,GUILLEVIN INTERNATIONAL WINDSOR,6000 RHODES DR,,WINDSOR,ON,N8M 2M1,CA,(800) 265-5004  Ext. 0000,,GSL,mllist,-,-,-,-
GUIWOO,GUILLEVIN-WOODBRIDGE,51 TERACAR DRIVE UNIT 4,,WOODBRIDGE,ON,L4L 0B5,CA,(905) 264-1111  Ext. 0000,,HOU,mllist,-,-,-,-
GUIWOR,GUINESS WORLD OF RECORDS,4943 CLIFTON HILL,,NIAGARA FALLS,ON,L2G 3H5,CA,(905) 356-2299  Ext. 0000,,GSL,mllist,-,-,-,-
GULKAN,GUILLEVIN INTERNATIONAL CO.,"1300 UPPER CANADA STREET, UNIT 2",,KANATA,ON,K2T 0N7,CA,,,MVP,mllist,-,-,-,-
GULKIT,GUILLEVIN-KITCHENER,53 ST. LEGER,,KITCHENER,ON,N2H 4M1,CA,(519) 576-7580  Ext. 0000,,GSL,mllist,-,-,-,-
GULOTT,GUILLEVIN INT'L - OTTAWA,GUILLEVIN INT'L - OTTAWA,175 RICHMOND ROAD,OTTAWA,ON,K1Z 6W3,CA,(613) 722-4611  Ext. 0000,,MVP,mllist,-,-,-,-
GULTIM,GUILLEVIN-TIMMINS,33 IROQUOIS RD. E,,TIMMINS,ON,P4N 7G2,CA,(705) 268-3121  Ext. 0000,,ETS,mllist,-,-,-,-
HAMMAN,HAMMOND MANUFACTURING,HAMMOND MANUFACTURING,7 NICHOLAS BEAVER ROAD,GUELPH,ON,N1H 6H9,CA,(519) 822-2960  Ext. 0000,,GSL,mllist,-,-,-,-
HERARC,HERITAGE ARCHITECTURAL,700 MONTRICHARD,,ST-JEAN-SUR-RICHELIEU,QC,J2X 5G4,CA,(450) 444-7048  Ext. 0000,,BLN,mllist,-,-,-,-
HILLELE,HILL PLUMBING-HEATING & ELECTRICAL,157 CROSBY AVE,,RICHMOND HILL,ON,L4C 2R3,CA,(905) 883-0633  Ext. 0000,,GSL,mllist,-,-,-,-
HJCCOR,"HJC CORP (HAINES, JONES & CADBURY CORP)","4500 BLAKIE ROAD, UNIT 130",,LONDON,ON,N6L 1G5,CA,(866) 256-3885  Ext. 0000,,HOU,mllist,-,-,-,-
HOMHAR,HOME HARDWARE,610 ANDERTON AVENUE,,COURTENAY,ON,V9N 2H3,CA,(000) 000-0000  Ext. 0000,,HOU,mllist,-,-,-,-
HOMLIG,HOME LIGHTING,2 Dunlop Street,,St. Catharines,ON,L2R 1A2,CA,(905) 984-5194  Ext. A/P,,HOU,mllist,-,-,-,-
HUSELE,HUDCO ELECTRIC SUPPLY LTD.,HUDCO ELECTRIC SUPPLY LTD.,"2901 STEELES AVE WEST, UNIT 17",DOWNSVIEW,ON,M3J 3A5,CA,(416) 663-5475  Ext. 0000,,GSL,mllist,-,-,-,-
IDEA,IDEAL SUPPLY INC.,IDEAL SUPPLY,"1045 WALLACE AVE., N.",LISTOWEL,ON,N4W 1M6,CA,(519) 291-1060  Ext. 5244,,GSL,mllist,-,-,-,-
INDE,EECOL ELECTRIC CORP,EECOL(FORMERLY INDEPENDENT ELECT),48 MILNER AVE,SCARBOROUGH,ON,M1S 3P8,CA,(416) 291-0048  Ext. 0000,,GSL,mllist,-,-,-,-
INTEAG,INTEGRA AGENCY LTD.,INTEGRA AGENCY LTD.,"UNIT E, 301 E WESTON STREET",WINNIPEG,MANITOBA,R3E 3H4,CA,(204) 694-1339  Ext. 0000,,IAL,mllist,-,-,-,-
INTSAL,INTER LITE SALES LTD,512 MONTROYAL BOULEVARD,,NORTH VANCOUVER,BC,V7N 3E3,CA,(000) 000-0000  Ext. 0000,,CAN,mllist,-,-,-,-
J&LFLOO,J&L FLOORING & HOME DECOR,2-4424 MONTROSE RD,,NIAGARA FALLS,ON,L2H 1K2,CA,(905) 353-5007  Ext. 0000,,GSL,mllist,-,-,-,-
JOHELE,John Barnes Electrical Ltd.,6 - 831 Devonshire Road,,Victoria,BC,V9A 4T5,CA,(250) 213-7602  Ext. 0000,,CAN,mllist,-,-,-,-
JSBSOL,JSB LIGHTING SOLUTIONS,6899 SUNSET BLVD,,GREELY,ON,K4P 1CS,CA,(613) 867-6553  Ext. 0000,,MVP,mllist,-,-,-,-
JWBIRD,J.W. BIRD & COMPANY LTD,"670 WILSEY RD, BOX 1090",INDUSTRIAL PARK,FREDERICTON,NB,E3B 7K4,CA,(506) 453-9915  Ext. 0000,,ELP,mllist,-,-,-,-
KAMLAM,THE KAMLOOPS LAMPOST LTD,1140 VICTORIA ST.,,KAMLOOPS,BC,V2C 2C5,CA,(000) 000-0000  Ext. 0000,,PRO,mllist,-,-,-,-
KARENT,KARICE ENTERPRISES LTD.,KARICE ENTERPRISES LTD,19057 25 AVE SUITE 101,SURREY,BC,V3Z 3V2,CA,(604) 542-7137  Ext. 0000,,CAN,mllist,-,-,-,-
LAMSIM,LA MAISON SIMONS INC,20 COTE DE LA FABRIQUE,,QUEBEC,QC,G1R 3V9,CA,(418) 692-3630  Ext. 0000,,BLN,mllist,-,-,-,-
LASTLI,LAST LIGHT,162 SUNSET BLVD,,THORNBURY,ON,N0H 2P0,CA,(000) 000-0000  Ext. 0000,,HOU,mllist,-,-,-,-
LEMINV,LEMINE INVESTMENT GROUP,LEMINE INVESTMENT GROUP,"5000 YONGE STREET, UNIT 1806",NORTH YORK,ON,M2N 7E9,CA,(000) 000-0000  Ext. 0000,,BLN,mllist,-,-,-,-
LIGBOU,LIGHTING BOUTIQUE,4072 WALKER RD.,,WINDSOR,ON,N8W 3T5,CA,(519) 969-0152  Ext. 0000,,GSL,mllist,-,-,-,-
LIGELE,LIGHT-IT-UP ELECTRIC SUPPLY,7895 TRANMERE DR UNIT 10,,MISSISSAUGA,ON,L5S 1V9,CA,(905) 405-0008  Ext. 0000,,HOU,mllist,-,-,-,-
LIGFX,LIGHTING FX INC.,LIGHTING FX INC.,"556 O'CONNOR DRIVE, SUITE# 124",KINGSTON,ON,K7P 1N3,CA,(613) 634-3774  Ext. 0000,,MVP,mllist,-,-,-,-
LIGHTI,LIGHTING CONCEPTS,#3 - 5707 SIDLEY STREET,,BURNABY,BC,V5J 5E6,CA,(604) 431-0228  Ext. 0000,,CAN,mllist,-,-,-,-
LIGSOU,LIGHT & SOUND INTERNATIONAL,251 SOUTH SHEDIAC RIVER RD,,SHEDIAC RIVER,NB,E4R 1Y9,CA,(416) 461-2595  Ext. 0000,,HOU,mllist,-,-,-,-
LIGSTO,LIGHT THE STORE LTD.,4049 CAMBIE ST.,,VANCOUVER,BC,V5Z 2X9,CA,(604) 879-6377  Ext. 0000,,CAN,mllist,-,-,-,-
LIGWHO,LIGHTING & ELECTRICAL WHOLESALE,#5-6125- 11TH STREET SE,,CALGARY,AB,T2H 2L6,CA,(403) 744-5265  Ext. 0000,,PRO,mllist,-,-,-,-
LITEB,LITEMOR - BURNABY,#2 - 7806 EXPRESS STREET,,BURNABY,BC,V5A 1T4,CA,(604) 420-6698  Ext. 0000,,CAN,mllist,-,-,-,-
LITINT,LITEFORM INTERNATIONAL INC,LITEFORM INTERNATIONAL INC,261 AMBASSADOR DR,MISSISSAUGA,ON,L5T 2J2,CA,(905) 564-2090  Ext. 0000,,GSL,mllist,-,-,-,-
LITSCA,LITE-SCAPE BURNABY,#6 - 5608 GORING STREET,,BURNABY,BC,V5B 3A3,CA,(604) 428-9898  Ext. 0000,,CAN,mllist,-,-,-,-
LIVBEA,LIVING LIGHTING BEACHES # 53,1841 QUEEN STREET EAST,,TORONTO,ON,M4L 3Z6,CA,(416) 690-2544  Ext. 0000,,HOU,mllist,-,-,-,-
LIVKIT,LIVING LIGHTING #54,500 FAIRWAY ROAD,UNIT #8,KITCHENER,ON,N2C 1X3,CA,(519) 748-0123  Ext. 0000,,HOU,mllist,-,-,-,-
LIVNEW,LIVING LIGHTING #22,17335 YONGE ST.,UNIT #6,NEWMARKET,ON,L3Y 8Z2,CA,(905) 898-2755  Ext. 0000,,HOU,mllist,-,-,-,-
LIVRIC,LIVING LIGHTING 23,9737 YONGE STREET,,RICHMOND HILL,ON,L4C 8S7,CA,(905) 737-7445  Ext. 0000,,HOU,mllist,-,-,-,-
LIVWOO,LIVING LIGHTING 50,205 MARYCROFT AVE,"PARKETTE PLAZA, UNIT 4",WOODBRIDGE,ON,L4L 5X7,CA,(000) 000-0000  Ext. 0000,,HOU,mllist,-,-,-,-
LUMATE,LUMA TECH SOLUTIONS CANADA LTD.,102-5108 NORTH FRASER WAY,,BURNABY,BC,V5J 0H1,CA,(778) 654-7878  Ext. 0000,,CAN,mllist,-,-,-,-
LUMEN,LUMEN - DIVISION OF SONEPAR,4655 AUTOROUTE 440 WEST,,LAVAL,QC,H7P 5P9,CA,(450) 688-9249  Ext. 0000,,EDP,mllist,-,-,-,-
LUMENT,LUMENTRA INC.,60 ST. GEORGE ST.,SUITE 331,TORONTO,ON,M5S 1A7,CA,(000) 000-0000  Ext. 0000,,HOU,mllist,-,-,-,-
LUMESC,LUMINESCENCE,P.O.BOX 91567,,WEST VANCOUVER,BC,V7V 3P2,CA,(604) 922-1501  Ext. 0000,,CAN,mllist,-,-,-,-
LUMSG,LUMEN- SAINT GEORGES,"875, 98 RUE",,SAINT-GEORGES,QC,G5Y 8G2,CA,(418) 220-1344  Ext. 0000,,AMP,mllist,-,-,-,-
MACSEL,MAC'S ELECTRIC,2671 EAST 18TH AVE,,VANCOUVER,BC,V5M 2P6,CA,(604) 512-4178  Ext. 0000,,CAN,mllist,-,-,-,-
MARBAR,MARCEL BARIL,MBL GATINEAU,"780, BOUL. GREBER",GATINEAU,QC,J8V 3P8,CA,(819) 243-8903  Ext. 0000,,MVP,mllist,-,-,-,-
MARELE,MARCHAND ELECTRICAL COMPANY LIMITED,1283 ALGOMA ROAD,,OTTAWA,ON,K1B 3W7,CA,(613) 749-2279  Ext. 0000,,MVP,mllist,-,-,-,-
MARTEK,MARTEK CORPORATION,"3070 MAINWAY, UNIT# 10",,BURLINGTON,ON,L7M 3X1,CA,(000) 000-0000  Ext. 0000,,HOU,mllist,-,-,-,-
MCLO,MCLOUGHLAN SUPPLIES LTD.,22-24  BLACKMARSH RD,PO BOX 877,ST. JOHNS,NL,A1C 5L7,CA,(709) 576-4091  Ext. 0000,,VIG,mllist,-,-,-,-
MERCOR,MERCOR LIGHTING GROUP,MERCOR LIGHTING GROUP,4953 COTE VERTU,ST LAURENT,QUEBEC,H4S 1E1,CA,(000) 000-0000  Ext. 0000,,HOU,mllist,-,-,-,-
MERLIG,MERCURY LIGHTING LIMITED,MERCURY LIGHTING LIMITED,71 ORTONA COURT,CONCORD,ON,L4K 3M2,CA,(905) 738-6161  Ext. 0000,,GSL,mllist,-,-,-,-
MGMELE,MGM ELECTRIC LIMITED,724 MACDONELL STREET,,THUNDER BAY,ON,P7B 4A6,CA,,,IAL,mllist,-,-,-,-
MISELE,MISSISSAUGA ELECTRICAL,2550 GOLDEN RIDGE RD.,UNIT 2,MISSISSAUGA,ON,L4X 2S3,CA,(905) 896-4500  Ext. 0000,,GSL,mllist,-,-,-,-
MVPLIG,MVP LIGHITNG INC.,UNIT#1-5350 CANOTEK RD,,OTTAWA,ON,K1J 9C9,CA,(000) 000-0000  Ext. 0000,,MVP,mllist,-,-,-,-
NATMUS,NATIONAL MUSEUM OF SCIENCE AND TECHNOLOGY,PO BOX 9724 STATION T,,OTTAWA,ON,K1G 5A3,CA,(613) 614-0579  Ext. 0000,,MVP,mllist,-,-,-,-
NEDATL,NEDCO ATLANTIC-DIV OF REXEL CANADA,"505 RUE LOCKE , STE 200",,ST. LAURENT,QC,H4T 1X7,CA,(514) 904-5316  Ext. 0000,,MVP,mllist,-,-,-,-
NEDCOWEST,NEDCO - WEST -DIV OF REXEL CANADA,P.O. BOX 1011,MALTON CSC,MISSISSAUGA,ON,L4T 4J9,CA,(905) 568-2425  Ext. 5213,,GSL,mllist,-,-,-,-
NEDCPQ,NEDCO QUEBEC -DIV OF REXEL CANADA,NEDCO (DIVISION OF REXEL CAN.),700 INDUSTRIAL AVE.,OTTAWA,ON,K1G OY9,CA,(613) 247-7500  Ext. 0000,,MVP,mllist,-,-,-,-
NORAME,NORTH AMERICAN LIGHTING,NORTH AMERICAN LIGHTING,"5200 DIXIE ROAD, UNIT #34",MISSISSAUGA,ON,L4W 1E4,CA,(905) 238-2836  Ext. 0000,,GSL,mllist,-,-,-,-
OCEPAC,OCEAN PACIFIC LIGHTING INC.,15292 CROYDON DRIVE # 101,,SURREY,BC,V3S 0Z5,CA,(604) 538-3511  Ext. 0000,,CAN,mllist,-,-,-,-
ONEELE,O'NEIL ELECTRIC SUPPLY LIMITED,O'NEIL ELECTRIC SUPPLY LIMITED,150 CREDITVIEW RD,WOODBRIDGE,ON,L4L 9N4,CA,(416) 798-7722  Ext. 0000,,GSL,mllist,-,-,-,-
OSCAN,OSCAN ELECTRICAL SUPPLY,OSCAN ELECTRICAL SUPPLY,209 BLOOR ST.E,OSHAWA,ON,L1H 3M3,CA,(705) 748-4600  Ext. 0000,,GSL,mllist,-,-,-,-
OSSELE,OSSO ELECTRIC,1420 DERWENT WAY,,DELTA,BC,V3M 6H9,CA,(604) 528-3600  Ext. 0000,,CAN,mllist,-,-,-,-
PARDEC,PARADISE DECK INC,10 KNOLLWOOD COURT,,DUNDAS,ON,L9H 7A4,CA,(905) 574-1773  Ext. 0000,,GSL,mllist,-,-,-,-
PAUL,PAUL WOLF LIGHTING & ELECTRIC SUPPLY LTD,PAUL WOLF LIGHTING & ELECTRIC SUPPLY LTD,425 ALLIANCE AVE,TORONTO,ON,M6N 2J1,CA,(416) 504-8195  Ext. 4000,,HOU,mllist,-,-,-,-
PINLIT,PINE LIGHTING VICTORIA,790 SPRUCE AVE,,VICTORIA,BC,V8T 5A5,CA,(250) 883-0622  Ext. 0000,,CAN,mllist,-,-,-,-
POLBOI,POLYBOIS INC,"739 RUE MONFETTE EST,",,THETFORD MINES,QC,G6G 7K7,CA,(416) 338-4638  Ext. 0000,,BLN,mllist,-,-,-,-
POWCAN,POWRMATIC DU CANADA LTEE,385 RUE FORTIN,,VILLE VANIER,QC,G1M 1B2,CA,(418) 683-2708  Ext. 0000,,AMP,mllist,-,-,-,-
PRIELE,PRIMARY ELECTRICAL SUPPLY,PRIMARY ELECTRICAL SUPPLY,3163 STEELES AVENUE W,MILTON,ON,L9T 2V4,CA,(905) 878-1695  Ext. 0000,,HOU,mllist,-,-,-,-
PROLUX,PROLUX LIGHTING,PROLUX LIGHTING,11214-178 STREET,EDMONTON,AB,T5S 1P2,CA,(780) 454-3701  Ext. 0000,,PRO,mllist,-,-,-,-
PROSUP,PROVINCE ELECTRIC SUPPLY LTD,PROVINCE ELECTRIC SUPPLY LTD,"425 SUPERIOR BLVD, UNIT 6",MISSISSAUGA,ON,L5T 2W5,CA,(905) 795-1795  Ext. 0000,,GSL,mllist,-,-,-,-
RABARN,R.A. BARNES ELECTRICAL CONTRACTORS LTD.,4070 DOWELL DR.,,LONDON,ON,N6L 1P9,CA,(519) 649-2132  Ext. 0000,,GSL,mllist,-,-,-,-
RATELE,"RATEX ELECTRICAL SUPPLIES, INC",71 BRIDGELAND AVE,,TORONTO,ON,M6A 1Y7,CA,(416) 781-8900  Ext. 0000,,GSL,mllist,-,-,-,-
RELSER,RELAMPING SERVICES,48 WEST DRIVE,,BRAMPTON,ON,L6T 3T6,CA,(905) 457-1815  Ext. 0000,,GSL,mllist,-,-,-,-
RENELE,RENEGADE ELECTRIC,RENEGADE ELECTRIC,5029 STILL CREEK AVENUE,BURNABY,BC,V5C 5V1,CA,(604) 637-3013  Ext. 0000,,CAN,mllist,-,-,-,-
REXCAN,NEDCO ONT -DIV OF REXEL CANADA,PO BOX 1011,,MISSISSAUGA,ON,L4T 4J9,CA,(000) 000-0000  Ext. 0000,,GSL,mllist,-,-,-,-
RICH,RICHARDSON LIGHTING,RICHARDSON LIGHTING,2101 - 7TH AVE,REGINA,SK,S4R 1C3,CA,(306) 525-8301  Ext. 0000,,ELE,mllist,-,-,-,-
RICHPO,RICHPORTER LIGHTING,350 43e AVENUE,,MONTREAL,QC,H1A 3A7,CA,(514) 395-3795  Ext. 0000,,EDP,mllist,-,-,-,-
RIEMAN,RIEDMANN MANAGEMENT,2864 HIGHWAY 27,,BOND HEAD,ON,L0G 1B0,CA,(905) 778-9857  Ext. 0000,,GSL,mllist,-,-,-,-
ROBERT,ROBERTSON ELECTRIC WHOLESALE,ROBERTSON ELECTRIC WHOLESALE,#2-180 NEW HUNTINGTON RD,VAUGHAN,ON,L4H 0P5,CA,(905) 856-9311  Ext. 0000,,GSL,mllist,-,-,-,-
ROBLIG,ROBINSON LIGHTING LTD,150 INNOVATION DR.,,WINNIPEG,MB,R3T 2V1,CA,,,IAL,mllist,-,-,-,-
ROGELE,ROGERS ELECTRICAL WHOLESALE,36 JENKINS AVENUE,,SUMMERSIDE,PE,C1N 1E3,CA,(902) 436-6182  Ext. 0000,,ELP,mllist,-,-,-,-
SAKDIS,SAKURA DISTRIBUTORS INC.,116-12736 80TH AVE.,,SURREY,BC,V3W 3A7,CA,(604) 599-7990  Ext. 0000,,CAN,mllist,-,-,-,-
SESC,Electrozad Hamilton,85 HEMPSTEAD DR,,HAMILTON,ON,L8W 2Y6,CA,(905) 389-9292  Ext. 0000,,GSL,mllist,-,-,-,-
SEVCON,SEVEN CONTINENTS CORPORATION,945 WILSON AVE,,TORONTO,ON,M3K 1E8,CA,(416) 784-3717  Ext. 0000,,GSL,mllist,-,-,-,-
SIGLIG,SIGNATURE LIGHTING & FANS,3500 BLACKFOOT TRAIL SE,,CALGARY,AB,T2G 2Y8,CA,(403) 243-4294  Ext. 0000,,PRO,mllist,-,-,-,-
STAR,STARLIGHT LIGHTING,829 - 10TH ST UNIT 113,,CANMORE,AB,T1W 0C3,CA,(403) 678-3319  Ext. 0000,,PRO,mllist,-,-,-,-
STOASS,STONE & ASSOCIATES LTD.,1863 SYDENHAM ROAD,,KINGSTON,ON,K7L 4V4,CA,(613) 546-0207  Ext. 0000,,BLN,mllist,-,-,-,-
SUNR,SUNRAY ELECTRONICS (CAN) LTD.,"UNIT 84,2700 DUFFERIN STREET",,TORONTO,ON,M6B 4J3,CA,(000) 000-0000  Ext. 0000,,GSL,mllist,-,-,-,-
SUPLIG,SUPERLITE ELECTRIC LTD.,1040 WAVERLEY STREET,,WINNIPEG,MB,R3T 0P3,CA,(000) 000-0000  Ext. 0000,,IAL,mllist,-,-,-,-
SUPR,SUPREME LIGHTING,SUPREME LIGHTING,9 LAIDLAW BLVD.,MARKHAM,ON,L3P 1W5,CA,(905) 477-3113  Ext. 0000,,HOU,mllist,-,-,-,-
THEOUT,THE OUTDOOR LIGHTING COMPANY,#14 - 4312 OGDEN ROAD S.E,,CALGARY,AB,T2G 4V3,CA,(403) 256-1605  Ext. 0000,,PRO,mllist,-,-,-,-
THEWIR,THE WIRING MART,51 BERTRAND AVENUE,,SCARBOROUGH,ON,M1L 4P3,CA,(416) 752-7360  Ext. 0000,,GSL,mllist,-,-,-,-
THYELE,THYSSENKRUPP NORTHERN ELEVATOR,270 FINCHDENE SQ,,TORONTO,ON,M1X 1A5,CA,(416) 249-5005  Ext. 0000,,BLN,mllist,-,-,-,-
TIMDIS,TIMBERSTONE DISTRIBUTION,3703 ARTHUR ROSE AVE.,,SASKATOON,SK,S7P 0C7,CA,(306) 653-2990  Ext. 0000,,ELE,mllist,-,-,-,-
TORBOTT,TORBRAM ELECTRIC SUPPLY CORPORATION,820 BELFAST RD. UNIT 1,SUITE 218A,OTTAWA,ON,K1G 0Z5,CA,(613) 226-8128  Ext. 0000,,GSL,mllist,-,-,-,-
TORCAL,CITY ELECTRIC SUPPLY,2550 TURNER STREET UNIT 2,,VICTORIA,BC,V8T 5J2,CA,(000) 000-0000  Ext. 0000,,CAN,mllist,-,-,-,-
TORKIT,TORBRAM ELECTRIC SUPPLY CORPORATION,1455 STRASBURG RD,UNIT#1,KITCHENER,ON,N2R 1H2,CA,(000) 000-0000  Ext. 0000,,HOU,mllist,-,-,-,-
TORLON,TORBRAM ELECTRIC SUPPLY,857 CONSORTIUM COURT,,LONDON,ON,N6E 2S8,CA,(519) 649-6144  Ext. 0000,,HOU,mllist,-,-,-,-
TOROTT,TORBRAM ELECTRIC SUPPLY CORPORATION,TORBRAM ELECTRIC,"820 BELFAST ROAD, UNIT 1",OTTAWA,ON,K1G 0Z5,CA,(000) 000-0000  Ext. 0000,,GSL,mllist,-,-,-,-
TORSUP,TORONTO LIGHTING SUPPLY,955 ROSELAWN AVE,,TORONTO,ON,M6B 1B6,CA,(416) 783-9292  Ext. 0000,,GSL,mllist,-,-,-,-
TOTHAM,"TORBRAM ELECTRIC SUPPLY,","371 JONES RD, SECOND FLOOR",,STONEY CREEK,ON,L8E 5N2,CA,(905) 495-3538  Ext. 0000,,HOU,mllist,-,-,-,-
TRADEL,TRADELCO INC,266 RUE LAVAL SUD,,GRANBY,QC,J2G 7H9,CA,(450) 375-1551  Ext. 0000,,EDP,mllist,-,-,-,-
TRIMEN,TRIMEN FOOD SERVICES EQUIPMENT INC.,TRIMEN FOOD SERVICES EQUIPMENT INC.,1240 ORMONT DRIVE,TORONTO,ON,M9L 2V4,CA,(416) 744-3313  Ext. 0000,,HOU,mllist,-,-,-,-
ULCC,UNIQUE LIGHTING & CONTROL CORP,125 WEST BEAVER CREEK RD,,RICHMOND HILL,ON,L4B1C6,CA,,,GSL,mllist,-,-,-,-
UNIQLIG,UNIQUE LIGHTING INC.,1403B IDYLWYLD DR.,,SASKATOON,SK,S7L 1A7,CA,(306) 934-1945  Ext. 0000,,ELE,mllist,-,-,-,-
VAUELE,VAUGHAN ELECTRICAL SUPPLY,VAUGHAN ELECTRICAL SUPPLY,640 ROWNTREE DAIRY RD.,WOODBRIDGE,ON,L4L 5T8,CA,(416) 213-7153  Ext. 0000,,GSL,mllist,-,-,-,-
VIGI,VIGILANT TECH SALES,VIGILANT TECH SALES,140 CAMPBELL AVE,ST. JOHNS,NF,A1E 2Z8,CA,(709) 753-6685  Ext. 0000,,VIG,mllist,-,-,-,-
WESABB,WESCO-ABBOTSFORD,100-33973 GLADYS AVE,,ABBOTSFORD,BC,V2S 2E8,CA,(250) 308-8603  Ext. 0000,,CAN,mllist,-,-,-,-
WESBUR,WESCO-BURNABY,WESCO,6000 LOUGHEED WAY,BURNABY,BC,V5B 4V6,CA,(604) 299-5566  Ext. 0000,,CAN,mllist,-,-,-,-
WESCED,WESCO-EDMONTON,,18207 - 111 AVENUE,EDMONTON,AB,T5S 2P2,CA,(780) 452-7920  Ext. 0000,,PRO,mllist,-,-,-,-
WESCMI,WESCO - MISSISSAUGA,6170 BELGRAVE RD,,MISSISSAUGA,ON,L5R 4G8,CA,(905) 890-3344  Ext. 0000,,GSL,mllist,-,-,-,-
WESEQU,WESTERN EQUIPMENT LTD,P.O. Box 340,,CHATHAM,ON,M7M 5K4,CA,(519) 352-0530  Ext. 0000,,GSL,mllist,-,-,-,-
WESHAM,WESCO HAMILTON,1910 BARTON ST E,PO BOX 2086,HAMILTON,ON,L8H 2Y6,CA,(905) 545-0313  Ext. 0459,,GSL,mllist,-,-,-,-
WESKAM,WESCO-KAMLOOPS,961- A LAVAL CRESENT,,KAMLOOPS,BC,V2C 5P4,CA,(250) 374-2112  Ext. 0000,,CAN,mllist,-,-,-,-
WESKEL,WESCO - KELOWNA,#101-2120 LECKIE PL,,KELOWNA,BC,V1Y 7W7,CA,(000) 000-0000  Ext. 0000,,CAN,mllist,-,-,-,-
WESKIN,WESCO-KINGSTON,640 CATARAGUI WOODS,,KINGSTON,ON,K7P 2Y5,CA,(613) 389-1662  Ext. 0000,,MVP,mllist,-,-,-,-
WESLON,WESCO - LONDON,554 FIRST ST,,LONDON,ON,N5V 1Z3,CA,(519) 659-9990  Ext. 0000,,GSL,mllist,-,-,-,-
WESMAR,WESCO MARKHAM,WESCO MARKHAM,475 HOOD ROAD,MARKHAM,ON,L3R 0S8,CA,(905) 415-9495  Ext. 6102,,GSL,mllist,-,-,-,-
WESMON,WESCO-MONCTON,400 EDINBURGH DRIVE,,MONCTON,NB,E1E 2L1,CA,,,ELP,mllist,-,-,-,-
WESOTT,WESCO - OTTAWA,"1660 COMSTOCK RD, UNIT 103",,OTTAWA,ON,K1B 5L2,CA,(613) 733-2500  Ext. 0000,,MVP,mllist,-,-,-,-
WESRUD,WESTBURNE - ONT- DIV OF REXEL CANADA ELECTRICAL INC.,"PO BOX 1011, MALTON CSC",,MISSISSAUGA,ON,L4T 4J9,CA,(905) 712-4004  Ext. 5298,,GSL,mllist,-,-,-,-
WESSAS,WESCO-SASKATOON,3911 MILLAR AVENUE,,SASKATOON,SK,S7P 0C1,CA,(306) 242-1296  Ext. 0000,,ELE,mllist,-,-,-,-
WESSTJ,WESCO DISTRIBUTION CANADA,95 O'LEARY AVE,,ST. JOHN'S,NF,A1B 2C9,CA,,,VIG,mllist,-,-,-,-
WESSUP,WESTON ELECTRICAL SUPPLY,4278 WESTON ROAD,,TORONTO,ON,M9L 1W9,CA,(647) 348-9001  Ext. 0000,,GSL,mllist,-,-,-,-
WESSUR,WESCO-SURREY,12844 ANVIL WAY,UNIT. 201,SURREY,BC,V3W 8E7,CA,(000) 000-0000  Ext. 0000,,CAN,mllist,-,-,-,-
WEST,WESTBURNE -WEST- DIV OF REXEL CANADA ELECTRICAL INC.,P.O. BOX 1011 MALTON C.S.C.,,MISSISSAUGA,ON,L4T 4J9,CA,(905) 568-2425  Ext. 5225,,GSL,mllist,-,-,-,-
WESTC,WESTBURNE -MID WEST- DIV OF REXEL CANADA ELECTRICAL INC.,PO BOX 1011 MALTON,,MISSISSAUGA,ON,L4T 4J9,CA,(204) 954-9900  Ext. 0000,,GSL,mllist,-,-,-,-
WESTQ,WESTBURNE -QC- DIV OF REXEL CANADA ELECTRICAL INC.,505 Locke Street,Suite 200,ST. LAURENT,QC,H4T 1X7,CA,(514) 332-5331  Ext. 0000,,EDP,mllist,-,-,-,-
WESVIC,WESCO DISTRIBUTION-VICTORIA,481 CECELIA ROAD,,VICTORIA,BC,V8T 4T4,CA,(250) 382-7265  Ext. 0000,,CAN,mllist,-,-,-,-
WESWIN,WESCO DISTRIBUTION CANADA LP-WINDSOR,3250 ELECTRICITY DR,,WINDSOR,ON,N8W 5JI,CA,(519) 948-9888  Ext. 0000,,GSL,mllist,-,-,-,-
WESWPG,WESCO-WINNIPEG,1099 KING EDWARD ST.,,WINNIPEG,MB,R3H 0R3,CA,(204) 633-3000  Ext. 0000,,IAL,mllist,-,-,-,-
WSIDIS,WSI DISPLAY & SIGNS,KING ARCHITECTURAL,31 SIMPSON ROAD,BOLTON,ON,L7E 2R6,CA,(905) 857-8044  Ext. 0000,,BLN,mllist,-,-,-,-
0099,"KIMBERLY BRYANT INTERIOR DESIGN, LLC","1103 48TH AVENUE N, SUITE 100",,MYRTLE BEACH,SC,29577,US,(843) 712-1111  Ext. 0000,,57,nsllist,-,-,-,-
010220,"MISSISSIPPI ENERGY SOLUTION, LLC",,,JACKSON,MS,39211,,(000) 000-0000  Ext. 0000,Boyd.mes@gmail.com,60,nsllist,-,-,-,-
010319,D & B ELECTRIC CO,33125 LOUISE,,CLINTON TWP,MI,48035,,(586) 792-8640  Ext. 0000,,64,nsllist,-,-,-,-
010323,HE ELECTRIC SUPPLY,,,,,,,(270) 256-2430  Ext. 0000,braydevelopment@yahoo.com,20,nsllist,-,-,-,-
0104,LUMEN NATION,,,NORTH CANTON,OH,44720,,(234) 347-0109  Ext. 0000,invoices@lumen-nation.com,75,nsllist,-,-,-,-
0105,GREEN ENERGY ADVISORS,"3300 PGA BLVD,  SUITE 550",,PALM BEACH,FL,33410,,(800) 560-7850  Ext. 0000,,32,nsllist,-,-,-,-
01062016,LONESTAR ELECTRIC SUPPLY (FORT WORTH),,,HOUSTON,TX,77041,,(817) 984-1519  Ext. 0000,jroberson@lonestarelectricsupply.com,39,nsllist,-,-,-,-
010621,GEORGIA LIGHTING,,,,,,,(678) 283-2066  Ext. 0000,amyt@georgialighting.com,4,nsllist,-,-,-,-
010714,ALAN J MELTZER CORP,ALAN J MELTZER CORP,5256 BOSQUE LANE #15,WEST PALM BEACH,FL,33415,,(561) 471-3491  Ext. 0000,,1,nsllist,-,-,-,-
010814,FSG LIGHTING (Baltimore),,,,,,,(410) 780-5370  Ext. 0000,fsgap@fsgi.com,62,nsllist,-,-,-,-
011514,C.E.D. (NASHVILLE),,,NASHVILLE,TN,37203,,(615) 329-2601  Ext. 0000,cstewart@ced-nashville.com,20,nsllist,-,-,-,-
0116,ALLIED GROUP SALES INC.,,,PHOENIX,AZ,85034,,(602) 437-3777  Ext. 0000,michaelk@alliedgroupsales.com,71,nsllist,-,-,-,-
01182016,"MARION SUPPLY, LLC.",1224 N MAGNOLIA AVE,,OCALA,FL,34475,,(353) 369-9993  Ext. 0000,,31,nsllist,-,-,-,-
012019,COLORS INC. DBA LIGHTING SOLUTIONS,P.O. BOX 833,,MT STERLING,KY,40353,,(859) 498-9033  Ext. 0000,,20,nsllist,-,-,-,-
012026,"COASTAL FAN AND LIGHT, LLC",,,,,,,(727) 238-8593  Ext. 0000,clint@coastalfanandlight.com,31,nsllist,-,-,-,-
012120,"CORDAY LIGHTING, INC",,,SANTA ROSA,CA,95403,,(707) 536-9828  Ext. 0000,danielle@corday-lighting.com,86,nsllist,-,-,-,-
0121815,"PETRO SUPPLY, INC",USE ACCT#053023,,ELKRIDGE,MD,20175,,(301) 953-3540  Ext. 0000,,62,nsllist,-,-,-,-
0122015,BUDGET LIGHTING (ONLINE),221 10TH AVE N,,HOPKINS,MN,55343,,(952) 939-1709  Ext. 0000,,16,nsllist,-,-,-,-
012220,GOOD GUY FLOORING,,,,,,,(888) 678-8288  Ext. 0000,accounting@goodguyflooring.com,39,nsllist,-,-,-,-
012419,"AMERICAN LIGHTING & DESIGN (ASCORP, INC)",,,MACON,GA,31210,,(478) 812-8000  Ext. 0000,dbryant@ald-ga.com,4,nsllist,-,-,-,-
012519,BKY LIGHTING LLC,,,COLORADO SPRINGS,CO,80917,,(719) 439-2456  Ext. 0000,AP@BKYLIGHTING.COM,50,nsllist,-,-,-,-
012623,VP SUPPLY CORP,,,,,,,(000) 000-0000  Ext. 0000,accounting@vpsupply.com,54,nsllist,-,-,-,-
012716,SKYON LIGHTING,124 PRODUCTION DR,,YORKTOWN,VA,23693,,(757) 223-1063  Ext. 0000,,57,nsllist,-,-,-,-
012723,WEQUEST GLOBAL LLC,,,,,,,(305) 987-4834  Ext. 0000,sales@wequestglobal.com,32,nsllist,-,-,-,-
012920,JESCO INC,,,WINDBER,PA,15963,,(814) 467-5502  Ext. 0000,Jesco.ap@comcast.net,82,nsllist,-,-,-,-
013019,REDEFINED LIGHTING LLC,,,CONYERS,GA,30013,,(770) 278-9353  Ext. 0000,invoices@redefinedlighting.com,4,nsllist,-,-,-,-
013020,HAINES JONES AND CADBURY (ARDEN),,,,,,,,apadvantage.haj@pnc.com,1,nsllist,-,-,-,-
0152015,CREGGER COMPANY - BLUFFTON ELECTRIC,,,COLUMBIA,SC,29202,,(843) 815-4330  Ext. 0000,ap@creggercompany.com,57,nsllist,-,-,-,-
01819,YOUR LIGHTING SOURCE,,,WEST HAVEN,CT,06516,,(475) 655-7557  Ext. 0000,manager@yourlightingsource.com,55,nsllist,-,-,-,-
020421,LIGHTING SUPPLY GUY,,,,,,,,ap@lightingsupplyguy.com,73,nsllist,-,-,-,-
020823,LUXIMERA LIGHT,,,,,,,(347) 596-2959  Ext. 0000,accounting@luximera.com,80,nsllist,-,-,-,-
020923,TRI-STATE LED,,,,,,,(203) 813-3791  Ext. 0000,accounting@tristateled.com,1,nsllist,-,-,-,-
020924,THE HITE COMPANY (MAYER ELECTRIC),,,,,,,(717) 724-6550  Ext. 0000,apinvoices@mayerelectric.com,82,nsllist,-,-,-,-
021425,DESERT LIGHTING SOLUTIONS INC.,,,,,,,(760) 200-5353  Ext. 0000,jeff@desertlighting.com,73,nsllist,-,-,-,-
0215,C.E.S. (WINSTON SALEM CENTRAL),,,,,,,(336) 283-7670  Ext. 0000,piedmonttriadgroup@cityelectricsupply.com,57,nsllist,-,-,-,-
0216,LUMINTER S.A.,SJO J.B.C. #7018,PO BOX 025240,MIAMI,FL,33102,,(506) 228-1079  Ext. 6000,,1,nsllist,-,-,-,-
02162018,BEAUTIFUL THINGS,7401 W. SAMPLE RD,,CORAL SPRINGS,FL,33065,,(954) 757-9646  Ext. 0000,,32,nsllist,-,-,-,-
021715,GRAYBAR/4427027 (LAFAYETTE),,,ST LOUIS,MO,63178,,(765) 237-3910  Ext. 0000,captivainvoice@graybar.com,74,nsllist,-,-,-,-
02172023,EDWARD JOY ELECTRIC,,,,,,,(315) 474-3361  Ext. 0000,,54,nsllist,-,-,-,-
021723,AVID LIGHTING,,,,,,,,accounting@avidlighting.com,75,nsllist,-,-,-,-
0218,MT. KISCO MECHANICAL SERVICE CORP,MT. KISCO MECHANICAL SERVICE CORP,10 CENTER STREET,BEDFORD HILLS,NY,10507,,(914) 241-2460  Ext. 0000,,80,nsllist,-,-,-,-
021815,SERVICE ELECTRIC SUPPLY INC,,,ROMULUS,MI,48174,,(734) 229-9100  Ext. 0000,ap@servelectric.com,64,nsllist,-,-,-,-
0220,"HIRAM POWER ELECTRIC, LLC",,,MILWAUKEE,WI,53202,,(262) 781-7900  Ext. 0000,AP@HIRAMPOWER.COM,16,nsllist,-,-,-,-
022015,C.E.D. (ANTIOCH),2655 VERNE ROBERTS CIRCLE,,ANTIOCH,CA,94509-7912,,(925) 778-5660  Ext. 0000,,86,nsllist,-,-,-,-
022122,MANHATTAN ELECTRICAL SUPPLY CO. INC.,,cc:Doreen@manhat10.com,,,,,(718) 448-2310  Ext. 0000,Christian@manhat10.com,80,nsllist,-,-,-,-
0222015,"GC CENTRAL SUPPLY, LLC",12623 PERIMETER DR,,DALLAS,TX,75228,,(469) 853-0180  Ext. 0000,,39,nsllist,-,-,-,-
022315,C.E.D. (CHARLOTTE),,,CHARLOTTE,NC,28208,,(704) 527-2800  Ext. 0000,jordyn@cedcharlotte.com,57,nsllist,-,-,-,-
0224,HYDROLOGIC TAMPA,,,TAMPA,FL,33634,,(813) 751-3530  Ext. 0000,accounting@hydrodc.com,31,nsllist,-,-,-,-
022415,C.E.S. (FORT COLLINS),,,CENTENNIAL,CO,80112,,(970) 493-0101  Ext. 0000,swt.ap@cityelectricsupply.com,50,nsllist,-,-,-,-
022425,AMC LIGHTING & DECOR INC.,,,,,,,(919) 231-8455  Ext. 0000,deb@amclights.com,57,nsllist,-,-,-,-
022621,WOLBERG ELECTRICAL SUPPLY CO. INC,,,,,,,(518) 489-8451  Ext. 0000,accountspayable@wolberginc.com,54,nsllist,-,-,-,-
0227,C.E.D. (BOONE),,671 GEORGE WILSON RD,BOONE,NC,28607,,(828) 264-8788  Ext. 0000,asilver@cedboone.com,57,nsllist,-,-,-,-
0228,MIDWEST SIGN SUPPLY CO.,MIDWEST SIGN SUPPLY CO.,4101 N. ROCKWELL,CHICAGO,IL,60618-2822,,(773) 588-0523  Ext. 0000,,40,nsllist,-,-,-,-
022819,LOUISIANA HOME CENTER,,,,,,,(318) 686-6381  Ext. 0000,sales@louisianahome.center,60,nsllist,-,-,-,-
0282016,KINDER ELECTRIC CO INC.,P.O. BOX 678,,CLINTON,IL,61727,,(217) 935-5178  Ext. 0000,,40,nsllist,-,-,-,-
030415,INSTALITE,INSTALITE,6015 LITTLE NECK PARKWAY,LITTLE NECK,NY,11362,,(000) 000-0000  Ext. 0000,,80,nsllist,-,-,-,-
0306,CAYCE MILL SUPP (MADISONVILLE),,,MADISONVILLE,KY,42431,,(270) 821-3443  Ext. 0000,ap@caycemill.com,20,nsllist,-,-,-,-
030719,ICHIKAWA LIGHTING INC.,,,Kapa'a,HI,96746,,(808) 822-3989  Ext. 0000,officemanager@ichikawaltg.com,1,nsllist,-,-,-,-
030723,CONSTANT ELECTRIC SUPPLY CO,,,,,,,(630) 289-1961  Ext. 0000,BBLAZYK@CONSTANTELECTRIC.NET,40,nsllist,-,-,-,-
0309,QUEST HOSPITALITY SUPPLIERS LLC,,,ABERDEEN,SD,57401,,(605) 225-3552  Ext. 0000,ACCOUNTSPAYABLE@QUESTSUPPLY.COM,16,nsllist,-,-,-,-
0310,WLS LIGHTING SYSTEMS,,,FORT WORTH,TX,76110,,(800) 633-8711  Ext. 0000,accounting@wlslighting.com,39,nsllist,-,-,-,-
031015,DISTRICT LIGHTING GROUP (REP),,,MILLERSVILLE,MD,21108,,(410) 304-2048  Ext. 0000,songhee@districtlightinggroup.com,62,nsllist,-,-,-,-
031225,AESTHETICS INC,,,,,,,(864) 882-2090  Ext. 0000,payables@aestheticsdesigners.com,57,nsllist,-,-,-,-
031423,THE PLUMBING WAREHOUSE,,,,,,,(318) 671-1500  Ext. 0000,apadvantage.haj@pnc.com,60,nsllist,-,-,-,-
0315,GPH SERVICE KITCHEN AND BATHS,,15003 CHARLEVOIX STREET,GROSSE POINT PARK,MI,48230,,(313) 757-1969  Ext. 0000,,64,nsllist,-,-,-,-
031621,SPECIALIZED MARKETING LTD,,,ANNAPOLIS,MD,21401,,(410) 267-0545  Ext. 0000,kat@smarketltd.com,62,nsllist,-,-,-,-
0319,GRAYBAR/4427027 (BROOKLYN PARK),,,ST. LOUIS,MO,63178,,(000) 000-0000  Ext. 0000,captivainvoice@graybar.com,16,nsllist,-,-,-,-
031918,PITTMAN & POOL CONST LLC (POOL BROTHERS),,,LEESBURG,GA,31763,,(229) 888-0886  Ext. 0000,pam@poolbrosflooring.com,4,nsllist,-,-,-,-
032018,LIGHT SHOP,,,ASHEVILLE,NC,28814,,(000) 000-0000  Ext. 0000,david@1associate.com,57,nsllist,-,-,-,-
0323,"CAPITOL LIGHTING GALLERY, LLC",,,CHARLOTTE,NC,28203,,(919) 784-9142  Ext. 0000,accounting@capitollightinggallery.com,57,nsllist,-,-,-,-
0324,YESCO ELEC (CHANDLER),YESCO ELEC (CHANDLER),PO BOX 9778,SALT LAKE CITY,UT,84106-0778,,(801) 464-4600  Ext. 0000,,71,nsllist,-,-,-,-
032723,SUPERIOR LIGHTING,,,,,,,(800) 432-7995  Ext. 0000,zev@superiorlighting.com,32,nsllist,-,-,-,-
032919,WILMINGTON LIGHTING SUPPLY (SOUTHERN LIGHTING SERVICES),P.O. BOX 7599,,OCEAN ISLE BEACH,NC,28469,,(800) 788-7448  Ext. 0000,,57,nsllist,-,-,-,-
033021,RICHMOND CHANDELIER CO,,,STATEN ISLAND,NY,10302-1397,,(718) 442-5520  Ext. 0000,jkotz@richmondchandelier.com,80,nsllist,-,-,-,-
03425,"GRAHAM'S LIGHTING FIXTURES, INC.",,,,,,,(901) 274-6780  Ext. 0000,sylviawhite@grahamslighting.com,20,nsllist,-,-,-,-
0390,PREMIER LIGHTING GROUP (REP #90),,,LITTLE ROCK,AR,72201,,(501) 753-6599  Ext. 0000,justinlong@premier-ltg.com,90,nsllist,-,-,-,-
040120,WAREHOUSE-LIGHTING COM LLC,,,NEW BERLIN,WI,53151,,(414) 525-9027  Ext. 0000,accounting@warehouse-lighting.com,16,nsllist,-,-,-,-
040615,EXQUISITE EVENTS,22 SEXTANT LANE,,NARRAGANSETT,RI,02882,,(401) 792-3254  Ext. 0000,,1,nsllist,-,-,-,-
040620,HOME LUXE/ THAX PACK LLC,,,BOSSIER CITY,LA,71111,,(000) 000-0000  Ext. 0000,callcmm@gmail.com,39,nsllist,-,-,-,-
040815,"IMPALA INDUSTRIES, INC.",301 VALLEYBROOK AVENUE,,LYNDHURST,NJ,07071,,(201) 460-8333  Ext. 0000,,79,nsllist,-,-,-,-
0414,STONEWAY ELEC (KIRKLAND),,,SPOKANE,WA,99220-0037,,(800) 223-6519  Ext. 0000,payables@stoneway.com,23,nsllist,-,-,-,-
04142015,PHI ENTERPRISES LTD,,411 FRONT ST,GEORGETOWN,SC,29440,,(843) 625-1502  Ext. 0000,JDOYLE@PHIENTERPRISES.COM,57,nsllist,-,-,-,-
0415,WESCO (COLUMBUS),,,CAROL STREAM,IL,60188,,(614) 934-6300  Ext. 0000,US-APinvoices@wescodist.com,75,nsllist,-,-,-,-
041515,REXEL (PRINCE FREDERICK),,,,PA,19101,,(301) 855-1050  Ext. 0000,RexelAPinvoices@rexelusa.com,62,nsllist,-,-,-,-
0418,"CONTRACT PURCHASING & DESIGN, INC",6530 W ROGERS CIRCLE SUITE#28,,BOCA RATON,FL,33487,,(561) 994-4555  Ext. 0000,,32,nsllist,-,-,-,-
0419,LIGHT WORLD,4625 STREET ROAD,,TREVOSE,PA,19053,,(215) 357-2882  Ext. 0000,,82,nsllist,-,-,-,-
042015,ODEH CABINETRY DESIGNS,,,KISSIMMEE,FL,34746,,(912) 337-2199  Ext. 0000,odehdesigns138@gmail.com,31,nsllist,-,-,-,-
042018,"COMO LIGHTING & SUPPLY, LLC",,,COMO,MS,38619,,(662) 526-1111  Ext. 0000,whitney@comolighting.com,60,nsllist,-,-,-,-
042019,"SUNBELT LIGHTING, LLC (BATON ROUGE)",,,HATTIESBURG,MS,39401,,(225) 330-6713  Ext. 0000,accounting@sunbeltlighting.net,60,nsllist,-,-,-,-
042121,"BAYOU LIGHTING & ELECTRICAL SUPPLY, INC.",,,,,,,(504) 347-0228  Ext. 0000,ginger@bayoulighting.com,60,nsllist,-,-,-,-
042219,MIDWEST LIGHTING & ELECTRICAL DISTRIBUTORS INC.,222 TERRRACE DR,,MUNDELEIN,IL,60060,,(847) 393-7914  Ext. 0000,,40,nsllist,-,-,-,-
042321,"US ELECTRICAL SUPPY, LLC",,,,,,,(410) 213-2658  Ext. 0000,Dipeshp@elec-co.com,62,nsllist,-,-,-,-
0425,UNDER CONTROL TECHNOLOGIES,,,MOORESVILLE,NC,28117,,,brian@undercontroltech.com,57,nsllist,-,-,-,-
042519,GID RENOVATION,,,RALEIGH,NC,27604,,(919) 518-4902  Ext. 0000,gidrenovation@gmail.com,57,nsllist,-,-,-,-
042619,"AUTOMATED SYSTEMS DESIGN, INC.",775 GODDARD CT,,ALPHARETTA,GA,30005,,(800) 222-5464  Ext. 0000,,1,nsllist,-,-,-,-
042717,SHOWCASE KITCHENS LLC,,,CANTON,CT,06019,,(860) 693-6758  Ext. 0000,ERICA@SHOWCASEKITCHENSCT.COM,55,nsllist,-,-,-,-
0428,STANDARD ELEC (TRAVERSE),,,,MI,48603,,(231) 947-4440  Ext. 0000,ap@standardelectricco.com,64,nsllist,-,-,-,-
042823,"KITCHEN CONCEPTS & DESIGNS, LLC",,,,,,,(910) 455-2393  Ext. 0000,Kal.Polly@bizec.rr.com,57,nsllist,-,-,-,-
042925,"BOSTON LIGHT SUPPLY, INC.",,,,,,,(781) 598-8100  Ext. 0000,kathy@bostonlightsupply.com,56,nsllist,-,-,-,-
043019,EPARTS SERVICES LLC,,,WEST HOMESTEAD,PA,15120,,(844) 722-7278  Ext. 0000,invoice@epartslighting.com,31,nsllist,-,-,-,-
04325,WILSON ELECTRIC CO,,,,,,,(863) 682-0948  Ext. 0000,doran@wilsonelectriccompany.com,31,nsllist,-,-,-,-
04615,C.E.D. (OCALA),,,OCALA,FL,34470,,(352) 629-7991  Ext. 0000,rayocala.5251@billinginbox.com,31,nsllist,-,-,-,-
04715,GRANITE CITY (BAYNES - VINEYARD),,,,,,,(508) 693-7455  Ext. 0000,Invoices@gcecorp.com,56,nsllist,-,-,-,-
05018,DIANNA'S LIGHTING DESIGN & CONSULTING LLC,2100 WEST SEQUOIA RD,,GRAND JUNCTION,CO,81507,,(970) 208-3955  Ext. 0000,,50,nsllist,-,-,-,-
050420,SAMCO LIGHTING,,,,,,,(718) 285-6474  Ext. 0000,sfoxman@samcolighting.com,80,nsllist,-,-,-,-
050720,LUMEN SUPPLY INC.,,,BROOKLYN,NY,11205,,(718) 782-5120  Ext. 0000,accounting@lumensupply.com,80,nsllist,-,-,-,-
0510,VISTA DEVELOPMENT,BOX 30164 SMB,,GRAND CAYMAN,CAYMAN ISLANDS,KYI-1201,,(000) 000-0000  Ext. 0000,,1,nsllist,-,-,-,-
051023,LIGHTING AND SUPPLIES,,,,,,,(912) 308-1942  Ext. 0000,accounting@lightingandsupplies.com,62,nsllist,-,-,-,-
051121,GOODMART,,,,,,,(212) 792-0210  Ext. 0000,ap@goodmart.com,80,nsllist,-,-,-,-
0513,"BEST PLUMBING SPECIALTIES, INC","BEST PLUMBING SPECIALTIES, INC",PO BOX 30,MYERSVILLE,MD,21773,,(301) 695-4488  Ext. 0000,,62,nsllist,-,-,-,-
0516,"BELLE LIGHTING,  LLC",225 WEST 34TH ST. SUITE 1518,,NEW YORK,NY,10122,,(646) 863-6465  Ext. 0000,,80,nsllist,-,-,-,-
0517,COBURN SUPPLY CO. (HATTIESBURG (60),,,BEAUMONT,TX,77704,,(409) 838-6363  Ext. 0000,CoburnAP@Coburns.com,60,nsllist,-,-,-,-
0519,EVERGREEN SUPPLY CO.,,"8402 W. 183RD STREET, SUITE B",TINLEY PARK,IL,60487,,(773) 375-4750  Ext. 0000,AP@EVERGREENSUPPLY.COM,40,nsllist,-,-,-,-
051915,STATE ELECTRIC (ARDEN),,PO BOX 5397,HUNTINGTON,WV,25703-0397,,(304) 523-7491  Ext. 0000,AP@STATEELECTRIC.COM,57,nsllist,-,-,-,-
051923,SOUTHERN LIGHTING SOURCE,,,,,,,(770) 242-4000  Ext. 0000,stanner@southernlightingsource.com,4,nsllist,-,-,-,-
052015,RALEIGH WINLECTRIC-607,,,DAYTON,OH,45401-1127,,(919) 661-5593  Ext. 0000,apcentral@winwholesale.com,57,nsllist,-,-,-,-
052017,JACKSON LIGHTING & ELECTRIC SUPPLY,4815 EXECUTIVE PARK COURT,SUITE 210,JACKSONVILLE,FL,32216,,(904) 900-5771  Ext. 0000,,31,nsllist,-,-,-,-
052018,DANIELLE'S DESIGN,,,JENA,LA,71342,,(318) 277-6994  Ext. 0000,danielleswdesign@yahoo.com,60,nsllist,-,-,-,-
052019,THE LIGHT BULB COMPANY,,,GRAND RAPIDS,MI,49548,,(616) 534-1251  Ext. 0000,accounting@thelightbulbco.com,64,nsllist,-,-,-,-
0521,"SIGNAL MOUNTAIN ELECTRIC, LLC","SIGNAL MOUNTAIN ELECTRIC, LLC",1136 JAMES BLVD.,SIGNAL MOUNTAIN,TN,37377,,(431) 591-1631  Ext. 0000,,20,nsllist,-,-,-,-
052119,"LIGHTSTYLE AUTOMATED SYSTEMS, INC.",,,SAN DIEGO,CA,92123,,(858) 268-8400  Ext. 0000,accounts.payable@lightstyle-inc.com,86,nsllist,-,-,-,-
0522,EW ELECTRICAL WH  (MIDDLETOWN RI),,,,,,,(401) 843-2200  Ext. 0000,apinvoice@usesi.com,56,nsllist,-,-,-,-
052219,HAJOCA CORPORATION,2706 ORTIS CORLEY DR SUITE 6,,BENTONVILLE,AR,72712,,(800) 459-7099  Ext. 0000,,90,nsllist,-,-,-,-
052319,BWI LIGHT LLC,,,RAMONA,CA,92065,,(760) 315-7808  Ext. 0000,milan.brinek@bwilight.com,86,nsllist,-,-,-,-
0524,MOXIE LIGHTING,11 SUMMIT CIRCLE,,SOMERS,NY,10589,,,,80,nsllist,-,-,-,-
0525,RILEY ELECTRICAL SUPPLY,,,FOND DU LAC,WI,54935,,(000) 000-0000  Ext. 0000,ap@rileyelectricalsupply.com,16,nsllist,-,-,-,-
052522,CBMC LIGHTING SOLUTIONS,,,,,,,,cwiskirchen@cbmcinc.com,71,nsllist,-,-,-,-
0528,HOUSE OF SHADES AND LAMPS INC.,,12691 SEMINOLE BLVD.,LARGO,FL,33778,,(727) 559-8955  Ext. 0000,,32,nsllist,-,-,-,-
052815,TRIDENT INDUSTRIAL,TRIDENT INDUSTRIAL,1491 HIGHWAY 190,EUNICE,LA,70535,,(337) 546-4102  Ext. 0000,,1,nsllist,-,-,-,-
052925,LITECRAFT LIGHTING,,,,,,,(706) 736-0000  Ext. 0000,accountsreceivable@lclnow.com,4,nsllist,-,-,-,-
053023,SPATCO ENERGY SOLUTIONS,,,,,,,(301) 953-3540  Ext. 0000,invoices@spatco.com,62,nsllist,-,-,-,-
053124,SOLAS LIGHTING AND DESIGN,,,,,,,(252) 631-2381  Ext. 0000,rebecca@solaslightinganddesign.com,57,nsllist,-,-,-,-
05321,GREEN WAY LIGHTING LLC,,,,,,,(800) 440-0156  Ext. 0000,ar@greenwaylightingllc.com,62,nsllist,-,-,-,-
05523,"MICHAEL FORREST, INC.",5216 BOWERSOX PARKWAY,mflighting@gmail.com,FIRESTONE,CO,80504,,(000) 000-0000  Ext. 0000,,50,nsllist,-,-,-,-
05625,SHOEMAKER ELECTRIC LLC,,,,,,,(574) 457-4080  Ext. 0000,Amanda.shoemakerelectric@gmail.com,74,nsllist,-,-,-,-
0582017,VALLEY SUPPLY COMPANY,1000 BARATARIA AVE,,HOUMA,LA,70360,,,,60,nsllist,-,-,-,-
05925,JBBR HOLDINGS LLC,,,,,,,(770) 920-5324  Ext. 0000,John@ContractSpec.com,1,nsllist,-,-,-,-
0601,"SWITCH LIGHTING & DESIGN, LLC",,,CINCINNATI,OH,45202,,(513) 721-8100  Ext. 0000,drew@switchcollection.com,75,nsllist,-,-,-,-
060222,LIGHTING SOLUTIONS INC.,,,,,,,(787) 786-9587  Ext. 0000,lsi.jcosme@yahoo.com,99,nsllist,-,-,-,-
0604,APEX ELECTRIC SUPPLY CO. INC.,406 W. EXCHANGE STREET,,AKRON,OH,44302,,(330) 253-5157  Ext. 0000,,75,nsllist,-,-,-,-
060817,"EAGLE RIVER CABINETS, INC.",,,EAGLE RIVER,WI,54521,,(715) 479-7479  Ext. 0000,rians@ercabs.com,16,nsllist,-,-,-,-
060915,C.E.S. (OAK HILL),PO BOX 4235,,CENTENNIAL,CO,80155,,(512) 249-3860  Ext. 0000,,66,nsllist,-,-,-,-
060917,LIGHTING SHOWROOM,1700 SOUTH QUINTARD AVE,,ANNISTON,AL,36201,,(256) 831-7680  Ext. 0000,,4,nsllist,-,-,-,-
061124,CAROLINA NIGHT LIGHTS LLC,,,,,,,(000) 000-0000  Ext. 0000,josh@earplighting.com,57,nsllist,-,-,-,-
06132017,SCHEMAN & GRANT LIGHTING,,,NEW YORK,NY,10018,,(212) 947-7844  Ext. 0000,SQUANGLE1@GMAIL.COM,80,nsllist,-,-,-,-
06142017,PEZZUTO FAMILY CORPORATION,7503 REESE RD,,SACRAMENTO,CA,95828,,(916) 689-7676  Ext. 0000,,86,nsllist,-,-,-,-
06142018,"HDB DESIGN GROUP, LLC",1126 PELICAN BAY DRIVE,,DAYTONA BEACH,FL,32119,,(386) 492-2920  Ext. 0000,,31,nsllist,-,-,-,-
061515,C.E.D. (PRESCOTT),547 SIXTH ST.,,PRESCOTT,AZ,86301,,(928) 445-8160  Ext. 0000,,71,nsllist,-,-,-,-
061617,"MADDUX LIGHTING GALLERY & SUPPLY, LLC",,,CHARLOTTESVILLE,VA,22901,,(000) 000-0000  Ext. 0000,david@madduxlighting.com,57,nsllist,-,-,-,-
061620,SMOKY MOUNTAIN CABINETRY INC,,,,,,,(828) 399-1754  Ext. 0000,smokymtninc@gmail.com,57,nsllist,-,-,-,-
0617,GREEN LIGHTING GROUP,"224 SEVEN FARMS DRIVE, #200",,DANIEL ISLAND,SC,29492,,(843) 641-0093  Ext. 0000,,4,nsllist,-,-,-,-
0618,"REXEL USA, INC (MAYER-CHARLOTTE)",,,NEWNAN,GA,30271,,(000) 000-0000  Ext. 0000,APINVOICES@MAYERELECTRIC.COM,57,nsllist,-,-,-,-
061919,"LIGHTING ZONE, INC",,,TORRANCE,CA,90504,,(310) 359-1061  Ext. 0000,lightingzoneinc@aol.com,86,nsllist,-,-,-,-
06192019,COLTRANE SYSTEMS LLC,,,ST LOUIS,MO,63103,,(314) 244-3842  Ext. 0000,amycoltrane@coltranesystems.com,1,nsllist,-,-,-,-
062016,TODAY'S LIGHTING (JWI SUPPLY INC),10545 S MEMORIAL,,TULSA,OK,74133,,(918) 369-4102  Ext. 0000,,39,nsllist,-,-,-,-
062017,"ENTERPRISE WHOLESALE AND FLOORING, INC",P.O. BOX 311625,,ENTERPRISE,AL,36331,,(334) 347-7033  Ext. 0000,,4,nsllist,-,-,-,-
0626,C.E.S. (DELAND),,,DELAND,FL,32860,,,fl.ap@cityelectricsupply.com,31,nsllist,-,-,-,-
0662017,DON PEZZUTO LIGHTING,8963 N CAMDEN DR,,ELK GROVE,CA,95624,,(916) 689-7676  Ext. 0000,,86,nsllist,-,-,-,-
06622,"WHOLESALE ELECTRIC CARIBE, INC.",,,,,,,(787) 846-5755  Ext. 0000,accounting.ap@wecipr.com,99,nsllist,-,-,-,-
0709,CABINETS BY DESIGN,CABINETS BY DESIGN,31A CONESTOGA WAY,TROY,VA,22974,,(434) 589-2600  Ext. 0000,,57,nsllist,-,-,-,-
070920,"SOUTHERN HILL HOME, LLC",,,,,,,(903) 954-2700  Ext. 0000,acct@southernhillhome.com,39,nsllist,-,-,-,-
0710,"ALL AROUND LIGHTING, LLC",,,San Marcos,TX,78666,,(866) 532-0789  Ext. 0000,ACCOUNTING@AAL-TX.COM,66,nsllist,-,-,-,-
071117,"LED SUPPLY PLUS, LLC",,,,LA,70002,,(504) 881-1311  Ext. 0000,accounting@ledsupplyplus.com,60,nsllist,-,-,-,-
07122,"TRI-COUNTY SUPPLY, INC.",,,,,,,(810) 229-6500  Ext. 0000,customerservice@tcclean.com,64,nsllist,-,-,-,-
0714,"HARTE ELECTRIC, LLC",7836 HIGHWAY 55 SOUTH,,WILLOW SPRING,NC,27592,,(919) 639-6851  Ext. 0000,,57,nsllist,-,-,-,-
0715,BLOCK LIGHTING INC,,,NEWPORT NEWS,VA,23606,,(800) 237-9500  Ext. 0000,AP@BLOCKLIGHTING.COM,60,nsllist,-,-,-,-
071525,DESCO ELECTRICAL SUPPLY CO (MEMPHIS),,,,,,,(662) 998-3764  Ext. 0000,ap@descoelectricalsupply.com,60,nsllist,-,-,-,-
071825,"INDUSTRIAL CABLE SOLUTIONS, LLC (RUSTON)",,,,,,,(318) 450-3655  Ext. 0000,peytonteel@industrialcablesolutions.com,60,nsllist,-,-,-,-
072015,C.E.D. (RICHLAND),1920 FOWLER ST.,,RICHLAND,WA,99352,,(509) 737-8282  Ext. 0000,,23,nsllist,-,-,-,-
072016,"ELECTRICAL SUPPLIES UNLIMITED, INC.",P.O. BOX 1179,,BURFORD,GA,30515,,(678) 541-0280  Ext. 0000,,4,nsllist,-,-,-,-
072018,LARAMIE ELECTRICAL DISTRIBUTORS (LED),207 FREMONT STREET,,LARAMIE,WY,82070,,(307) 460-9380  Ext. 0000,,50,nsllist,-,-,-,-
0721,REARDON ELECTRIC SUPPLY CO. INC,REARDON ELECTRIC SUPPLY CO. INC,2383 CENTRE STREET,WEST ROXBURY,MA,02132-5103,,(617) 323-8900  Ext. 0000,,56,nsllist,-,-,-,-
07212017,"PHI TRADING COMPANY, INC.",100 QUEENS RD,SUITE 250,CHARLOTTE,NC,28204,,(980) 355-0761  Ext. 0000,,57,nsllist,-,-,-,-
072221,"LOWCOUNTRY LIGHTING STUDIO, LLC",,,,,,,(843) 789-9190  Ext. 0000,Invocies@lowcountrylightingstudio.com,57,nsllist,-,-,-,-
072621,"LEWTER'S WHOLESALE SUPPLY, INC",,,,,,,(931) 363-6375  Ext. 0000,accounting@lewters.com,20,nsllist,-,-,-,-
072721,LAMPS.COM INC.,,,,,,,(215) 289-1600  Ext. 0000,finance@lamps.com,82,nsllist,-,-,-,-
07282015,"LIGHTNING ELECTRICAL DISTRIBUTORS, INC",5437 S FARMERS DR,,BLOOMINGTON,IN,47403,,(812) 327-5735  Ext. 0000,,74,nsllist,-,-,-,-
07292015,SOLTERRA LIGHTING,,,VISTA,CA,92081,,(760) 438-6600  Ext. 0000,accounting@solterralighting.com,86,nsllist,-,-,-,-
080224,LIGHTING WITH VISION LLC,,,,,,,(410) 491-9871  Ext. 0000,julie@lightingwithvision.com,62,nsllist,-,-,-,-
0807,UPCHURCH ELECTRICAL SUPPLY COMPANY,,PO BOX 8340,FAYETTEVILLE,AR,72703,,(479) 521-2823  Ext. 0000,,90,nsllist,-,-,-,-
081119,"CREATIVE LIVING, LLC",,,RYDAL,GA,30171,,(678) 719-8598  Ext. 0000,chloe@creativelivingllc.com,4,nsllist,-,-,-,-
081325,YACHT CHANDLERS INC.,,,,,,,(954) 761-3463  Ext. 0000,AP@yachtchandlers.com,32,nsllist,-,-,-,-
0814,CS ILLUMINATION,1210 KEYSTONE WAY,SUITE A,VISTA,CA,92081,,(760) 477-1244  Ext. 0000,,86,nsllist,-,-,-,-
0817,POSH LIGHTING,,SUITE# 53,ALLEN,TX,75013,,(972) 649-4778  Ext. 0000,CONTACT@POSHLIGHTING.NET,39,nsllist,-,-,-,-
08172015,PARKWAY WHOLESALE ELECTRIC,5767 LANKERSHIM BLVD.,,NORTH HOLLYWOOD,CA,91601,,(213) 620-6205  Ext. 0000,,86,nsllist,-,-,-,-
081722,MANHATTAN LIGHTS,,,,,,,(908) 688-8600  Ext. 0000,SAGIT@MANHATTANLIGHTS.com,78,nsllist,-,-,-,-
0818,"SPLASH KITCHENS AND BATHS, LLC",115 BROAD ST. SUITE 103,,LAGRANGE,GA,30240,,(706) 884-8803  Ext. 0000,,4,nsllist,-,-,-,-
08182016,"WINSTON WATER COOLER OF AMARILLO, LTD",,6626 OAKBROOK BOULEVARD,DALLAS,TX,75235-4106,,(806) 220-0355  Ext. 0000,acctg@winstonwatercooler.com,39,nsllist,-,-,-,-
0819,CREATIVE DESIGN ASSOC.INC.,CREATIVE DESIGN ASSOC.INC.,2721 AVENUE N.,BROOKLYN,NY,11210,,(718) 258-8233  Ext. 0000,,80,nsllist,-,-,-,-
082016,43rd STREET LIGHTING INC.,12075 43RD ST NE,,ST. MICHAEL,MN,55376,,(763) 497-8143  Ext. 0000,,16,nsllist,-,-,-,-
082018,"DOUBLE J SUPPLY, LLC",,,LAGRANGE,GA,30240,,(706) 298-7380  Ext. 0000,greg@doublejsupply.com,4,nsllist,-,-,-,-
0821,T.I.ELECTRIC USA INC.,2724 SHAWNEE AVE.,,WEST PALM BEACH,FL,33409,,(561) 686-3928  Ext. 0000,,32,nsllist,-,-,-,-
0823,XPRESS LIGHTING OF TEXAS,25915  I45 N SUITE D,,SPRING,TX,77380,,(281) 298-5309  Ext. 0000,,66,nsllist,-,-,-,-
082317,FULLER PLUMBING SUPPLY CO. INC.,P.O. BOX 172,,CLOVIS,NM,88101,,(575) 762-4577  Ext. 0000,,72,nsllist,-,-,-,-
08242015,FIRST ELECTRIC SUPPLY  (LOUISVILLE),1550 S. Franklin Rd.,,INDIANAPOLIS,IN,46239,,(812) 288-7700  Ext. 0000,,74,nsllist,-,-,-,-
082624,"CAPSTONE LIGHTING, LLC",,,,,,,(404) 940-4198  Ext. 0000,a.biggs@capstonelighting.com,4,nsllist,-,-,-,-
0828,"BIF NEW YORK, INC.",465 BARELL AVE,,CARLSTADT,NJ,07072,,(201) 933-7777  Ext. 0000,,1,nsllist,-,-,-,-
083118,"AMERICAN COPPER AND BRASS, LLC",,,COLDWATER,MI,49036,,(800) 624-8296  Ext. 0000,ap@acandb.com,64,nsllist,-,-,-,-
08924,AUGUSTUS & CAROLINA,,,,,,,(843) 545-9000  Ext. 0000,kkossove@netzero.net,57,nsllist,-,-,-,-
090121,THE WOOLEY ELECTRIC SUPPLY CO,,,,,,,(513) 681-3664  Ext. 0000,landen@wesupplyco.com,75,nsllist,-,-,-,-
0902,KENDALL ELEC (VANDALIA),,,VANDALIA,OH,45377-3127,,,accountspayable@kendallelectric.com,75,nsllist,-,-,-,-
0903,"ETRENZIK ENERGY, LLC",,1400 MARKET PLACE BLVD.,CUMMING,GA,30041,,(678) 771-8367  Ext. 0000,,4,nsllist,-,-,-,-
0904,GRAYBAR/4427027 (CLARKSVILLE),,,ST LOUIS,MO,63178,,,captivainvoice@graybar.com,20,nsllist,-,-,-,-
0906,"WEST CENTRAL ELECTRICAL SUPPLY, INC",115-25TH ST. S.E.,,WILMAR,MN,56201,,(320) 235-6670  Ext. 0000,,16,nsllist,-,-,-,-
090617,"BEST L.A. ELECTRICAL & LIGHTING, INC.",11651 WEST PICO BLVD,SUITE A,LOS ANGELES,CA,90064,,(310) 966-6777  Ext. 0000,,86,nsllist,-,-,-,-
0909,RUMSEY ELECTRIC (ATLANTIC CITY),,,CONSHOHOCKEN,PA,19428,,(610) 832-9000  Ext. 0000,apinvoices@rumsey.com,82,nsllist,-,-,-,-
0912,ELECTRIC MOTOR SALES & SUPPLY CO INC,,,CHATTANOOGA,TN,37408,,(423) 493-8900  Ext. 0000,APEMS1023@EMSALESTN.COM,20,nsllist,-,-,-,-
091214,LINCOLN WINLECTRIC CO#767,,,DAYTON,OH,45401-1127,,(402) 423-3100  Ext. 0000,apcentral@winwholesale.com,77,nsllist,-,-,-,-
091324,VALLEY LIGHTING INC,,,,,,,(702) 685-4448  Ext. 0000,angela@valleylightinginc.com,68,nsllist,-,-,-,-
0914,ALLEN ELECTRIC SUPPLY CO,31750 PLYMOUTH RD,P.O. BOX 510300,LIVONIA,MI,48151-6300,,(734) -42-1-93  Ext. 0000,,64,nsllist,-,-,-,-
0915,GRAYBAR/4427027 (TUCSON),,,ST LOUIS,MO,63178,,(520) 884-8000  Ext. 0000,captivainvoice@graybar.com,71,nsllist,-,-,-,-
091720,CUSTOM FLOORING & INTERIORS,,,MONROE,LA,71203,,(318) 323-6094  Ext. 0000,accounting@customdesigncenter.com,60,nsllist,-,-,-,-
0918,C.E.D. (JOHNSON CITY),3214 HANOVER RD.,,JOHNSON CITY,TN,37604,,(423) 282-4014  Ext. 0000,,20,nsllist,-,-,-,-
091814,EFIRD'S INTERIORS INC.,,,CHARLOTTE,NC,28203,,(704) 376-5648  Ext. 0000,melinda@efirds.net,57,nsllist,-,-,-,-
0919,ARMSTRONG'S SUPPLY CO. (LA BRANCH),,PO BOX 19224,NEW ORLEANS,LA,70179-0224,,(800) 462-8903  Ext. 0000,,60,nsllist,-,-,-,-
092015,C.E.D. (ATHENS),,,ATHENS,GA,30607,,(706) 549-1320  Ext. 0000,jhaley@cedathens.com,4,nsllist,-,-,-,-
092016,ST. MARY'S LIGHTING,21700 GREAT MILLS RD,,LEXINGTON PARK,MD,20653,,(301) 862-4010  Ext. 0000,,62,nsllist,-,-,-,-
092019,C.E.D. (ARDEN),,,ASHEVILLE,NC,28801,,(828) 222-6800  Ext. 0000,kjones@cedasheville.com,57,nsllist,-,-,-,-
09212015,LIGHT ART OF DURANGO,,,DURANGO,CO,81301,,(970) 382-8878  Ext. 0000,becky@lightartofdurango.com,50,nsllist,-,-,-,-
092223,"LJ ELECTRIC, INC",,,,,,,(603) 356-9383  Ext. 0000,ljelectricsupply@gmail.com,56,nsllist,-,-,-,-
09272016,"GEORGIAN LIGHTING GALLERY, INC",2331 OLD HWY 5 SOUTH,,ELLIJAY,GA,30540,,(706) 635-7048  Ext. 0000,,4,nsllist,-,-,-,-
092820,"FACTORY DIRECT CARPETS, INC.",,,,,,,(719) 687-8800  Ext. 0000,FACTORYDIRECTCARPETSINC@GMAIL.COM,50,nsllist,-,-,-,-
093025,ILLUMINICO,,,NEW YORK,NY,10018,,(888) 959-2426  Ext. 0000,accounting@illuminico.com,80,nsllist,-,-,-,-
10,A.A. PORTER LIGHTING,MADDUX,4555 EXCEL PARKWAY #100,ADDISON,TX,75001,,(972) 248-7034  Ext. 0000,,39,nsllist,-,-,-,-
10010,AVFCO WHOLESALE SUPPLY CO,,,RHINELANDER,WI,54501,,(715) 272-1055  Ext. 0000,avfco4@hotmail.com,16,nsllist,-,-,-,-
100214,WHOLESALE ELECTRIC SUPPLY (RUSTON),,,TEXARKANA,TX,75504,,(000) 000-0000  Ext. 0000,ap@netwes.com,60,nsllist,-,-,-,-
100215,WHOLESALE ELECTRIC SUPPLY (KERRVILLE),,,,,,,(830) 321-0884  Ext. 0000,ap@netwes.com,66,nsllist,-,-,-,-
100216,WHOLESALE ELECTRIC SUPPLY (WEST MONROE),,,TEXARKANA,TX,75504,,(318) 388-6149  Ext. 0000,ap@netwes.com,60,nsllist,-,-,-,-
10031,BULBTRONICS (NEW YORK),TOM/JAN/BERNIE,45 BANFI PLAZA,FARMINGDALE,NY,11735,,(631) 249-2272  Ext. 0000,,80,nsllist,-,-,-,-
10036,ELLIOTT ELEC (TULSA),,,NACOGDOCHES,TX,75963-0610,,(918) 948-7825  Ext. 0000,apinvoices@elliottelectric.com,39,nsllist,-,-,-,-
10038,ELLIOTT ELEC (LUFKIN),,,NACOGDOCHES,TX,75963-0610,,(936) 632-9733  Ext. 0000,apinvoices@elliottelectric.com,66,nsllist,-,-,-,-
10041,ELLIOTT ELEC (FORT WORTH),,,FORT WORTH,TX,76116,,(682) 647-1594  Ext. 0000,apinvoices@elliottelectric.com,39,nsllist,-,-,-,-
100419,CUSTOM FLOORING/LIGHTING LLC,3508 MANOR DR,,VICKSBURG,MS,39180,,(601) 636-7474  Ext. 0000,,60,nsllist,-,-,-,-
10043,ELLIOTT ELEC (ARLINGTON),,,NACOGDOCHES,TX,75963,,(817) 695-1616  Ext. 0000,apinvoices@elliottelectric.com,39,nsllist,-,-,-,-
10045,ELLIOTT ELEC (LAFAYETTE),,,,,75963-0610,,(337) 235-7681  Ext. 0000,apinvoices@elliottelectric.com,60,nsllist,-,-,-,-
10046,ELLIOTT ELEC (PHOENIX),,,,,,,(480) 372-4901  Ext. 0000,apinvoices@elliottelectric.com,71,nsllist,-,-,-,-
1005,N & S ELECTRICAL SUPPLY,,,HUNTINGTON STAT,NY,11746,,(631) 421-4696  Ext. 0000,michelle@nselectric.com,80,nsllist,-,-,-,-
1011,GRAYBAR/4427027 (PORTLAND,,34 NORTH MERAMEC,CLAYTON,MO,63105,,(207) 773-1766  Ext. 0000,captivainvoice@graybar.com,56,nsllist,-,-,-,-
101122,"CREATIVE DESIGNS IN LIGHTING, INC.",,,,,,,(602) 248-7822  Ext. 0000,Jessica@cdltg.com,71,nsllist,-,-,-,-
1012,SEATTLE LTG (BELLEVUE),,,BELLEVUE,WA,98007,,(425) 455-2110  Ext. 0000,billings@dolanco.com,23,nsllist,-,-,-,-
10123,LIGHT BULBS ETC (COSTA ME,,1848 NEWPORT BLVD.,COSTA MESA,CA,92627,,(949) 646-5227  Ext. 0000,,86,nsllist,-,-,-,-
1014,WESCO (NEEDHAM ELEC. (NORWOOD),,5 SHAWMUT ROAD,CANTON,MA,02021,,(781) 737-1100  Ext. 0000,ACCOUNTSPAYABLE@NEEDHAMELECTRIC.COM,56,nsllist,-,-,-,-
1015,"LIGHT EXPRESS, INC.",,,SAN RAFAEL,CA,94901,,(415) 459-1261  Ext. 0000,accounting@light-express.com,86,nsllist,-,-,-,-
10154,FERGUSON ENTER (PORT ROYA,,,HAMPTON,VA,23670-0406,,(843) 524-5298  Ext. 0000,apinvoices@ferguson.com,57,nsllist,-,-,-,-
1016,"IGOR, INC","2700 WESTOWN PKWY, SUITE 400",,WEST DES MOINES,IA,50266,,(515) 661-4412  Ext. 0000,,1,nsllist,-,-,-,-
10163,CAPITAL ELECTRIC (SALISBURY),,,MAITLAND,FL,32794-5650,,(410) 546-1221  Ext. 0000,APINVOICES@SONEPAR-US.COM,62,nsllist,-,-,-,-
10164,STONEWAY ELEC (PULLMAN),,,SPOKANE,WA,99220,,(509) 872-0100  Ext. 0000,payables@stoneway.com,23,nsllist,-,-,-,-
10166,CARR SALES COMPANY,,919 W. FIRST AVENUE,SPOKANE,WA,99201,,(509) 838-2048  Ext. 0000,,23,nsllist,-,-,-,-
101723,ARCHE LIGHTING GROUP,,,,,,,(000) 000-0000  Ext. 0000,Scott@Archelighting.com,57,nsllist,-,-,-,-
10178,LONGMONT WINLECTRIC #387,,,DAYTON,OH,45401-1127,,(303) 684-0930  Ext. 0000,apcentral@winwholesale.com,50,nsllist,-,-,-,-
10182016,ENERGY SQUAD (BETHESDA),4711 MAPLE AVE,,BETHESDA,MD,20814,,,,62,nsllist,-,-,-,-
10187,CAPE ELECTRIC SUPPLY (SOUTH DENNIS),,,SOUTH DENNIS,MA,2660,,(508) 398-4237  Ext. 0000,capeelectric.billing@capeelectricsupply.net,56,nsllist,-,-,-,-
1019,ALL-PHASE (URBANA),CHUCK LEGGE,600 MIAMI ST,URBANA,OH,43078,,(937) 652-1299  Ext. 0000,,75,nsllist,-,-,-,-
10200,ISLAND LIGHTING,DAN/LLOYD,2965 MOKUMOA STREET,HONOLULU,HI,96819,,(808) 839-4594  Ext. 0000,,1,nsllist,-,-,-,-
102016,LINK OUTDOOR LIGHTING DISTRIBUTORS,1795 SHORTLINE CT,,DELAND,FL,32724,,(000) 000-0000  Ext. 0000,,31,nsllist,-,-,-,-
102018,"JAC LED LIGHTING, INC.",,cc: kristi.vaupel@jac-led.com,DUNDEE,MI,48131,,(734) 502-6823  Ext. 0000,rich.horn@jac-led.com,64,nsllist,-,-,-,-
102020,IMPRESSIVE TILE,12992 W 8 MILE ROAD,,OAK PARK,MI,48237,,(248) 545-9000  Ext. 0000,,64,nsllist,-,-,-,-
10207,FROMM ELECTRIC,,,READING,PA,19605,,(610) 374-4441  Ext. 0000,AP@FROMMELECTRIC.COM,82,nsllist,-,-,-,-
10209,"MAGNOLIA LIGHTING, INC.",,,NESBIT,MS,38651,,(662) 429-0416  Ext. 0000,ACCOUNTSPAYABLE@MAGNOLIALIGHTING.COM,60,nsllist,-,-,-,-
1021,C.E.D. (ROSEVILLE),RICHARD/MIKE,503 GIUSEPPE COURT #1,ROSEVILLE,CA,95678,,(916) 782-0621  Ext. 0000,,86,nsllist,-,-,-,-
10212,GRAYBAR/4427027 (FT WORTH,,PO BOX 78099,ST. LOUIS,MO,63178,,(817) 213-1200  Ext. 0000,captivainvoice@graybar.com,39,nsllist,-,-,-,-
10212016,LINDEN LIGHTING,921 LINDEN AVE.,,ZANESVILLE,OH,43701,,(740) 452-8957  Ext. 0000,,75,nsllist,-,-,-,-
10216,HULLEY WOODWORKING CO.INC,JOHN HULLEY,2500 ELMWOOD AVE,KENMORE,NY,14217,,(716) 332-3982  Ext. 0000,,1,nsllist,-,-,-,-
10219,DEALERS ELEC (ALBUQUERQUE,,,ALBUQUERQUE,NM,87107,,(505) 880-1344  Ext. 0000,apde35@dealerselectrical.com,72,nsllist,-,-,-,-
1022025,MATHES ELECTRIC OF FT WALTON,,,PENSACOLA,FL,32513,,(850) 467-0065  Ext. 0000,MCAREY@MATHESGROUP.COM,4,nsllist,-,-,-,-
102221,FIRST COAST LIGHTING AND FANS,,,,,,,(904) 379-8828  Ext. 0000,pete@firstcoastlighting.com,31,nsllist,-,-,-,-
102224,GELLER LIGHTING SUPPLY,,,,,,,(410) 247-3636  Ext. 0000,ap@gellerlighting.com,62,nsllist,-,-,-,-
10224,ECHO ELECTRIC (COUNCIL B,,,COUNCIL BLUFFS,IA,,,(712) 322-0291  Ext. 0000,ap@echogroupinc.com,77,nsllist,-,-,-,-
10230,THE LIGHT POST (BLUFFTON),BECKY BRACKETT,40 PENNINGTON DRIVE #1,BLUFFTON,SC,29910,,(843) 815-8080  Ext. 0000,,57,nsllist,-,-,-,-
10241,LIGHTS ON MADISON,,,MANKATO,MN,56001,,(507) 345-8771  Ext. 0000,accounting@thedesignelement.net,16,nsllist,-,-,-,-
1026,NEWTON ELEC (NEWTON UPPER FALLS),FAX INVOICES/CREDITS:   6175274534,,NEWTON UPPER FALLS,MA,2464,,(617) 527-2040  Ext. 0000,,56,nsllist,-,-,-,-
10262,"REXEL USA, INC (TECHE-BATON ROUGE)",,,LAFAYETTE,LA,70596,,(225) 292-0082  Ext. 0000,ap@teche-electric.com,60,nsllist,-,-,-,-
102714,C.E.S. (KNIGHTDALE),,,,,,,(919) 261-0443  Ext. 6000,piedmonttriadgroup@cityelectricsupply.com,57,nsllist,-,-,-,-
10275,"THE LIGHTING SHOWROOM,INC",,,KINGS BEACH,CA,96143,,(530) 546-3902  Ext. 0000,tara@laketahoelighting.com,86,nsllist,-,-,-,-
1028,OUTDOOR LIGHTING CO. INC.,MICHAEL BIBLA,129 ROUTE 110,HUNTINGTON STAT,NY,11746,,(631) 549-8643  Ext. 0000,,80,nsllist,-,-,-,-
102825,LA LUZ LIGHTING LLC,,,SANTE FE,NM,87505,,(505) 954-1149  Ext. 0000,amber.laluzsf@gmail.com;greg.laluzsf@gmail.com,72,nsllist,-,-,-,-
10283,C.E.D./INTERSTATE ELEC,MANAGER,2757 COLUMBIA DR.,PORTAGE,WI,53901,,(608) 742-8581  Ext. 0000,,16,nsllist,-,-,-,-
10288,GRAYBAR/4427027 (BROOKINGS),,,ST LOUIS,MO,63178,,(605) 692-4477  Ext. 0000,captivainvoice@graybar.com,16,nsllist,-,-,-,-
10291,PLATT ELEC (KALISPELL),,,KALISPELL,MT,59901,,(406) 755-6292  Ext. 0000,plattap@platt.com,50,nsllist,-,-,-,-
102920,Z ELECTRIC,,CC: enidr@pjm-intl.com,,,,,(787) 740-0404  Ext. 0000,jdelrio@zelectricsales.com,99,nsllist,-,-,-,-
103,"VALLEN DISTRIBUTION, INC (ALPHARETTA)",,,ALPHARETTA,GA,3003-1819,,(301) 733-1212  Ext. 0000,AP@Vallen.com,4,nsllist,-,-,-,-
103025,DESCO ELECTRICAL SUPPLY CO (OXFORD,,,,,,,(662) 998-3764  Ext. 0000,ap@descoelectricalsupply.com,60,nsllist,-,-,-,-
1031,"JAMESTOWN METAL MARINE SALES, INC",4710 NW BOCA RATON BLVD,,BOCA RATON,FL,33431,,(561) 994-3900  Ext. 0000,,32,nsllist,-,-,-,-
10312017,CAJUN ELECTRIC & LIGHTING,,1500 GOVERNMENT ST,BATON ROUGE,LA,70802,,(225) 927-3358  Ext. 0000,info@cajunelectricbr.com,60,nsllist,-,-,-,-
10318,C.E.D./CAIN ELEC (MIDLAND,CHUCK,P.O. BOX 2610,MIDLAND,TX,79702,,(432) 683-4779  Ext. 0000,,39,nsllist,-,-,-,-
10321,W.A. BRAGG (STATESBORO),,,,,,,,payables@plumbingdistributors.com,4,nsllist,-,-,-,-
10322,W.A. BRAGG (MILLEDGEVILLE),,,,,,,(478) 452-0839  Ext. 0000,payables@plumbingdistributors.com,4,nsllist,-,-,-,-
1035,NORTH BAY LTG & ELECTRIC,,,SAN RAFAEL,CA,94901,,(415) 453-6132  Ext. 0000,PETE@NORTHBAYLIGHTING.COM,86,nsllist,-,-,-,-
10384,AMERICAN LIGHTING (KNOXVILLE),,,KNOXVILLE,TN,37919,,(865) 694-0028  Ext. 0000,invoices@americanlightinginc.net,20,nsllist,-,-,-,-
1042,REXEL/CLS (PORTSMOUTH NH),,P.O. BOX 13623,PHILADELPHIA,PA,19101,,(603) 431-4100  Ext. 0000,RexelAPinvoices@rexelusa.com,56,nsllist,-,-,-,-
10436,WEST-LITE SUPPLY (WOODLAW,,12951 166TH ST.,CERRITOS,CA,90703,,(513) 563-2223  Ext. 0000,,75,nsllist,-,-,-,-
1044,AIKEN ELECTRICAL WHOLESAL,,,AIKEN,SC,29803,,(803) 649-6867  Ext. 0000,aew-gale@gforcecable.com,57,nsllist,-,-,-,-
10501,ADVANCE LED SUPPLY,,5404 SAN FERNANDO RD,GLENDALE,CA,91203,,(818) 649-1999  Ext. 0000,,1,nsllist,-,-,-,-
10505,GRAYBAR/4427027 (ANCHORAGE),,,ST LOUIS,MO,63178,,(907) 562-2214  Ext. 0000,captivainvoice@graybar.com,23,nsllist,-,-,-,-
10506,GRAYBAR/4427027 (ALBANY),,,ST LOUIS,MO,63178,,(518) 641-7187  Ext. 0000,captivainvoice@graybar.com,54,nsllist,-,-,-,-
10507,GRAYBAR/4427027 (CAROLINA PR),,,,,,,(000) 000-0000  Ext. 0000,captivainvoice@graybar.com,99,nsllist,-,-,-,-
10536,DENNEY ELEC (AMBLER),,,AMBLER,PA,19002-0757,,(215) 628-8880  Ext. 0000,ap@denneyelectricsupply.com,82,nsllist,-,-,-,-
10537,DENNEY ELEC (BOYERTOWN),,,,,,,(610) 367-4707  Ext. 0000,ap@denneyelectricsupply.com,82,nsllist,-,-,-,-
10538,GRANITE CITY (FALL RIVER),,,QUINCY,MA,02269-9189,,(508) 673-6000  Ext. 0000,Invoices@gcecorp.com,56,nsllist,-,-,-,-
1056,FENTON BROS. ELECTRIC,BRIAN FENTON,P.O. BOX 996,NEW PHILADELPHI,OH,44663-0096,,(330) 343-8858  Ext. 0000,,75,nsllist,-,-,-,-
10567,GAINESVILLE LIGHTING,,,GAINSVILLE,FL,32606,,(352) 505-3254  Ext. 0000,GAINESVILLELTG@GMAIL.COM,31,nsllist,-,-,-,-
10568,GEXPRO (REXEL (ORLANDO),,,PHILADELPHIA,PA,19101,,(407) 849-6532  Ext. 0000,RexelAPinvoices@rexelusa.com,31,nsllist,-,-,-,-
1057,ALBUQUERQUE LIGHTING CO.,CARMEN/DAVE,2100 OSUNA NE,ALBUQUERQUE,NM,87113,,(505) 345-2727  Ext. 0000,,72,nsllist,-,-,-,-
10577,DEALERS ELEC (DALLAS),,,,,,,(979) 775-1697  Ext. 7000,jcook@dealerselectrical.com,39,nsllist,-,-,-,-
10583,BORDER STATES (BILLI,,,FARGO,ND,58108-2767,,(406) 256-6266  Ext. 0000,APINVOICES@BORDERSTATES.COM,50,nsllist,-,-,-,-
10593,CRESCENT ELEC (OMAHA),,,OMAHA,NE,68144-5555,,(402) 331-0806  Ext. 0000,apcorp@cesco.com,77,nsllist,-,-,-,-
10597,CRESCENT ELEC (EL PASO),,,EL PASO,TX,79915-1101,,(915) 774-9955  Ext. 0000,apcorp@cesco.com,72,nsllist,-,-,-,-
1060,THE REYNOLDS COMPANY (AUSTIN),,,,,,,(512) 927-7104  Ext. 0000,AP@REYNCO.COM,66,nsllist,-,-,-,-
10608,DECORATIVE LIGHTING,BRENDA,P.O. BOX 10387,ROCK HILL,SC,29731,,(803) 327-6456  Ext. 0000,,57,nsllist,-,-,-,-
1062016,LONESTAR ELECTRIC SUPPLY (DALLAS),,,,,,,(817) 984-1519  Ext. 0000,ap@lonestarelectricsupply.com,39,nsllist,-,-,-,-
1062025,LONESTAR ELECTRIC SUPPLY (HOUSTON),,,HOUSTON,TX,77040,,(832) 855-3400  Ext. 0000,Ngandhi@lonestarelectricsupply.com,39,nsllist,-,-,-,-
10644,"LASALLE BRISTOL, LP (GUSTAFSON)",,,ELKHART,IN,46517,,(574) 295-8400  Ext. 0000,acctpayable@lasallebristol.com,74,nsllist,-,-,-,-
10645,LJC LIGHTING SUPPLY CO.,,,,,,,(301) 417-9633  Ext. 0000,accounting@ljclighting.com,62,nsllist,-,-,-,-
10666,BROWN'S (FAIRBANKS),BROWNS ELECTRICAL SUPPLY,1415 SPAR AVE,ANCHORAGE,AK,99501-1810,,(907) 451-9110  Ext. 0000,,23,nsllist,-,-,-,-
10672,"BUDGET LIGHTING, INC.",JAN,15275 MINNETONKA BLVD.,MINNETONKA,MN,55345,,(952) 933-4146  Ext. 0000,,16,nsllist,-,-,-,-
10681,CRUM ELEC (GRAND JUNCTION,,,,,,,,ISTAIGHT@CRUM.COM,50,nsllist,-,-,-,-
1069,FERGUSON ENTER (EVANSVILL,,PO BOX 9406,HAMPTON,VA,23670,,(812) 473-1721  Ext. 0000,apinvoices@ferguson.com,74,nsllist,-,-,-,-
10693,"REXEL USA, INC (MAYER-RICHMOND)",,,NEWNAN,GA,30271,,(804) 353-3003  Ext. 0000,APINVOICES@MAYERELECTRIC.COM,57,nsllist,-,-,-,-
10698,MARS ELECTRIC (WESTLAKE),,,MAYFIELD VILLAGE,OH,44143,,(440) 892-6767  Ext. 0000,payables@mars-electric.com,75,nsllist,-,-,-,-
10729,WILSON LIGHTING (OVERLAND,,,KANSAS CITY,MO,64187-2777,,(913) 642-1500  Ext. 0000,BARBARA@WILSONLIGHTING.COM,81,nsllist,-,-,-,-
1073,LUMENAREA.COM,,,LONGMONT,CO,80501,,(303) 485-6800  Ext. 0000,Julie@lumenarea.com,50,nsllist,-,-,-,-
10742,"REXEL USA, INC (MAYER-NEWPORT NEWS)",,,NEWNAN,GA,30271,,(757) 873-0055  Ext. 0000,APINVOICES@MAYERELECTRIC.COM,57,nsllist,-,-,-,-
10746,FRIEDMAN/SONEPAR (BLOOMSB,,,MAITLAND,FL,32794,,(570) 784-9488  Ext. 0000,APINVOICES@SONEPAR-US.COM,78,nsllist,-,-,-,-
10749,FRIEDMAN/SONEPAR (HAZELTO,,,MAITLAND,FL,32794,,(570) 459-9760  Ext. 0000,APINVOICES@SONEPAR-US.COM,82,nsllist,-,-,-,-
10782,FSG LIGHTING (CORPUS CHRI,,,AUSTIN,TX,78745,,(361) 882-5685  Ext. 0000,fsgap@fsgi.com,66,nsllist,-,-,-,-
1079,MCNALLY ELECTRIC,,ORDERS@MCNALLYLIGHTING.COM,LOS ALAMITOS,CA,90720,,(562) 598-9438  Ext. 0000,ACCOUNTING@MCNALLYLIGHTING.COM,86,nsllist,-,-,-,-
10797,BROSE ELECTRIC,BROSE ELECTRIC,5897 DIXIE HIGHWAY,CLARKSTON,MI,48346,,(248) 623-7900  Ext. 0000,,64,nsllist,-,-,-,-
10807,LASER ELECTRIC SUPPLY,,P.O. BOX 337,WALWORTH,WI,53184-9801,,(262) 275-5775  Ext. 0000,,16,nsllist,-,-,-,-
10861,HILL COUNTRY ELEC (SAN AN,,3003 NE LOOP 410 #101,SAN ANTONIO,TX,78218,,(210) 653-0483  Ext. 0000,ap@hces.net,66,nsllist,-,-,-,-
10865,"AMERICAN LIGHTING, INC.",,1825 N. EASTMAN ROAD,KINGSPORT,TN,37664,,(423) 246-4281  Ext. 0000,invoices@americanlightinginc.net,20,nsllist,-,-,-,-
10885,GENERAL SUPPLY COMPANY,EMAIL INVOICES TO:,JULIE.FERNANDES@GENPL.COM,SONORA,CA,95370,,(209) 532-5576  Ext. 0000,,86,nsllist,-,-,-,-
10889,HUDSON SCENIC STUDIO INC,DAVID R.,130 FERNBROOK STREET,YONKERS,NY,10705,,(914) 375-0900  Ext. 0000,,1,nsllist,-,-,-,-
10897,BBC LIGHTING & SUPPLY,,,MILWAUKEE,WI,53233,,(414) 933-0808  Ext. 0000,denny@bbclighting.com,16,nsllist,-,-,-,-
1090,PEGO LAMPS,LIZETTE,P.O. BOX 440009,MIAMI,FL,33144-0009,,(305) 447-0667  Ext. 0000,,1,nsllist,-,-,-,-
10900,UNIVERSAL ELECTRIC SUPPLY,,438 8TH STREET,SAN FRANCISCO,CA,94103,,(415) 621-1888  Ext. 0000,ap@uescompany.com,86,nsllist,-,-,-,-
10910,WALTERS WHOLE (RIVERSIDE),,,,CA,92507,,(951) 680-0210  Ext. 0000,apinvoice@usesi.com,86,nsllist,-,-,-,-
10954,WISEWAY SUPPLY (FLORENCE),,,FLORENCE,KY,41042,,(859) 283-9473  Ext. 0000,ACCOUNTSPAYABLE@WISEWAYSUPPLY.COM,20,nsllist,-,-,-,-
10973,JAMES S. NELSON & ASSOC.,,,Cedarburg,WI,53012,,(000) 000-0000  Ext. 0000,Josh.jsna@gmail.com,16,nsllist,-,-,-,-
10996,ANIXTER POWER SUPPLY (CHARLOTT,,PO BOX 4959,ORLANDO,FL,32802,,(704) 375-3703  Ext. 0000,apsAPE@anixter.com,57,nsllist,-,-,-,-
10997,ANIXTER POWER SUPPLY (RALEIGH),,,LITHIA SPRINGS,GA,30122,,(919) -87-8-94  Ext. 0000,apsAPE@anixter.com,57,nsllist,-,-,-,-
11,RICHMOND ELECTRICAL SUPPL,,1741 RED HOUSE ROAD,RICHMOND,KY,40475,,(859) 626-8600  Ext. 0000,,20,nsllist,-,-,-,-
1101,PETERSONS,,841 E. 4TH STREET,LONG BEACH,CA,90802,,(562) 436-7770  Ext. 0000,,86,nsllist,-,-,-,-
11019,PROGRESSIVE LTG (KENNESAW,,3130 N BERKELEY LK RD. NW,DULUTH,GA,30096,,(770) 428-5424  Ext. 0000,PAYABLES@PROGRESSIVELIGHTING.COM,4,nsllist,-,-,-,-
1103,PLATT ELEC (BREMERTON),,,BREMERTON,WA,98312-3396,,(360) 377-3877  Ext. 0000,plattap@platt.com,23,nsllist,-,-,-,-
11040,ELECTRIC SUPPLY (WAKEFIEL,,,BURLINGTON,MA,01803,,(781) 246-3127  Ext. 0000,ap@escctr.net,56,nsllist,-,-,-,-
11041,ELECTRIC SUPPLY (WOBURN),,,BURLINGTON,MA,01803,,(000) 000-0000  Ext. 0000,ap@escctr.net,56,nsllist,-,-,-,-
110414,C.E.S. (WEYMOUTH),,,BROCKTON,MA,02301,,(781) 803-6886  Ext. 0000,bostonsouthgroup@concordelectricsupply.com,56,nsllist,-,-,-,-
1105,E. SAM JONES (SMYRNA),,,ATLANTA,GA,30328,,(404) 351-3250  Ext. 0000,AP@ESAMJONES.COM,4,nsllist,-,-,-,-
11054,C.E.S. (NOVI),,,DAYTON,OH,45414,,(248) 513-4180  Ext. 0000,michiganeastgroup@cityelectricsupply.com,64,nsllist,-,-,-,-
11055,"C.E.S. (BRIGHTON, MI)",,,ANN ARBOR,MI,48108,,(810) 222-0014  Ext. 0000,michiganeastgroup@cityelectricsupply.com,64,nsllist,-,-,-,-
11065,ANIXTER POWER SUPPLY (LADY LAK,,,ORLANDO,FL,32802,,(352) 561-3072  Ext. 0000,apsAPE@anixter.com,31,nsllist,-,-,-,-
11073,EWSCO MERIDIAN BRANCH 8,,,MERIDIAN,ID,83642,,(208) 888-9800  Ext. 0000,accountspayable@electricalwholesale.com,43,nsllist,-,-,-,-
11084,FERGUSON ENTER #253 (PANAMA,FERGUSON ENTER #253,2501 JENKS AVENUE,PANAMA CITY,FL,32405,,,,4,nsllist,-,-,-,-
11085,"FERGUSON ENTER #114 (OAKS, PA)",,PO BOX 9406,HAMPTON,VA,23670,,(610) 935-6660  Ext. 0000,apinvoices@ferguson.com,78,nsllist,-,-,-,-
11086,FERGUSON ENTER (PHILADELPHIA),,,HAMPTON,VA,23670-0406,,(215) 848-5600  Ext. 0000,apinvoices@ferguson.com,78,nsllist,-,-,-,-
111,C.E.D. (WENATCHEE),PO BOX 1766,,WENATCHEE,WA,98807,,(509) 662-2129  Ext. 0000,,23,nsllist,-,-,-,-
1111,PLATT ELEC (MT. VERNON),,,MT. VERNON,WA,98273-5450,,(360) 424-5490  Ext. 0000,plattap@platt.com,23,nsllist,-,-,-,-
111113,HAWTHORNE ELECTRIC SUPPLY CO. INC,HAWTHORNE ELECTRIC SUPPLY CO. INC,4724 W ROSECRANS,HAWTHORNE,CA,90250,,(310) 676-0901  Ext. 0000,,86,nsllist,-,-,-,-
111221,ELECTRIC OUTLET,,,,,,,(845) 425-7750  Ext. 0000,lm@electricoutletinc.com,80,nsllist,-,-,-,-
11128,PREMIER LIGHTING,,,,,,,(651) 490-0886  Ext. 0000,angie@premierltg.com,16,nsllist,-,-,-,-
1114,POST ROAD ELECTRIC SUPPLY,495 CONNECTICUT AVENUE,,NORWALK,CT,06854,,(203) 838-2319  Ext. 0000,,55,nsllist,-,-,-,-
11150,COLORADO CONCEPT LIGHTING,DAN/NANCY,P.O. BOX 17059,GOLDEN,CO,80402-6017,,(303) 234-0460  Ext. 0000,,50,nsllist,-,-,-,-
11152017,HASSELL FREE BUILDING SUPPLIES,4407 SW MARTIN HIGHWAY,,PALM CITY,FL,34990,,(772) 219-4521  Ext. 0000,,32,nsllist,-,-,-,-
111523,OUTDOOR LIGHTING COMPANY INC.,,,,,,,(800) 652-5105  Ext. 0000,Michael@Outdoorlighting.com,80,nsllist,-,-,-,-
11153,DIAMOND ELECTRICAL SUPPLY,,,DANBURY,CT,06810,,(203) 794-9390  Ext. 0000,krisbon@diamondect.com,55,nsllist,-,-,-,-
1116,FLORIDA BULB & BALLAST,,1617 COOLING STREET,MELBOURNE,FL,32935,,(321) 259-7882  Ext. 0000,bookkeeping@flabulb.com,31,nsllist,-,-,-,-
11166,NEWTON ELECTRIC SUPPLY,EMILY,P.O. BOX 2239,COVINGTON,GA,30015,,(770) 786-8193  Ext. 0000,,4,nsllist,-,-,-,-
11182,SEATTLE LTG (SILVERDALE),,,SILVERDALE,WA,98383,,(360) 692-1551  Ext. 0000,billings@dolanco.com,23,nsllist,-,-,-,-
11186,CALIFORNIA ELEC (CHULA VI,STEVE,1011 BAY BLVD.,CHULA VISTA,CA,91911,,(619) 427-2370  Ext. 0000,,86,nsllist,-,-,-,-
11199,C.E.S. (JACKSONVILLE),,,ORANGE PARK,FL,32065,,(904) 260-1000  Ext. 0000,jaxrgo@cityelectricsupply.com,31,nsllist,-,-,-,-
1120,AFFORDABLE LIGHTING CENTE,,9 BUSINESS PARK DR. #9,BRANFORD,CT,06405,,(203) 458-7116  Ext. 0000,,55,nsllist,-,-,-,-
112014,CAPITAL ELECTRIC (WOODBRIDGE),,,MAITLAND,FL,32794-5650,,(703) 586-9590  Ext. 0000,APINVOICES@SONEPAR-US.COM,57,nsllist,-,-,-,-
112016,STONE WORKS,,4523 JUDSON RD,LONGVIEW,TX,75605,,(903) 663-3344  Ext. 0000,STONEWORKSLONGVIEW@GMAIL.COM,39,nsllist,-,-,-,-
112017,"MES (MISSISSIPPI ENERGY SOLUTION, LLC)",5208 KAYWOOD DR.,,JACKSON,MS,39211,,(601) 351-9930  Ext. 0000,,60,nsllist,-,-,-,-
112018,THE HITE COMPANY (MAYER ELECTRIC SUPPLY CO),,,ALTOONA,PA,16603-1754,,(814) 944-6121  Ext. 0000,apinvoices@mayerelectric.com,82,nsllist,-,-,-,-
11202,YORK SALES & SERVICE,,,,,,,(972) 437-4997  Ext. 0000,yorksales@yorklts.com,39,nsllist,-,-,-,-
1121,"ENERGY EFFICIENT LIGHTING DESIGN, LLC",,,,,,,,marilyn@eeldesign.com,80,nsllist,-,-,-,-
112124,POWER-FLO TECH INC. (GARDEN CITY PARK),,,,,,,(516) 812-6800  Ext. 0000,ben.obrien@powerflotechnologies.com,80,nsllist,-,-,-,-
11217,SAN LEANDRO ELEC. SUPPLY,MANAGER,PO BOX 3246,MODESTO,CA,95353,,(510) 638-7760  Ext. 0000,,86,nsllist,-,-,-,-
11226,SOUTHERN LIGHTING INC.,,erin@southernlightsinc.com,,MN,55337,,(952) 890-8977  Ext. 0000,scottm@southernlightsinc.com,16,nsllist,-,-,-,-
1123,COLUMBIA ELEC (SPOKANE),,,SPOKANE VALLEY,WA,99212,,(509) 325-4500  Ext. 0000,ap@ces-isn.com,23,nsllist,-,-,-,-
11247,C.E.D. (BOULDER),,,BOULDER,CO,80301,,(303) 449-8866  Ext. 0000,jfuller@cedboulder.com,50,nsllist,-,-,-,-
11249,THE LIGHT DEPOT LLC,,,BAXTER,MN,56425,,(218) 829-0770  Ext. 0000,LDADMIN@USLINK.NET,16,nsllist,-,-,-,-
1125,COBURN SUPPLY CO. (DERIDDER),,,,,,,(337) 463-9693  Ext. 0000,CoburnAP@Coburns.com,60,nsllist,-,-,-,-
11255,SONEPAR USA (WOBURN-NE EL,,PO BOX 945650,MAITLAND,FL,32794-5650,,(781) 938-8868  Ext. 0000,APINVOICES@SONEPAR-US.COM,56,nsllist,-,-,-,-
1126,WHOLESALE ELECTRIC SUPPLY (SHERMAN),,,,,,,(903) 870-0078  Ext. 0000,ap@netwes.com,66,nsllist,-,-,-,-
11280,ENERGY PLUS+WHOLESALE LTG,JERRY/LINDA,999 AIRWAY COURT,SANTA ROSA,CA,95403,,(707) 542-5483  Ext. 0000,,85,nsllist,-,-,-,-
113023,DERICK ASSOCIATES,,,,,,,,cmdancy@dericklights.com,62,nsllist,-,-,-,-
11321,W.A. BRAGG (AUGUSTA),,,,,,,(000) 000-0000  Ext. 0000,payables@plumbingdistributors.com,4,nsllist,-,-,-,-
11323,US ELECTRICAL SVC (NEW LO,,,NEW LONDON,CT,06320,,(860) 443-4381  Ext. 0000,apinvoice@usesi.com,55,nsllist,-,-,-,-
11324,MCNAUGHTON-MCKAY (COLUMBU,,,MADISON HEIGHTS,MI,48071,,(614) 476-2800  Ext. 0000,MI_acctspay@mc-mc.com,64,nsllist,-,-,-,-
11325,SITLER'S SUPPLIES INC.,,,,,,,(319) 653-2123  Ext. 0000,ap@sitlersupplies.com,77,nsllist,-,-,-,-
11332,WESTERN EXT (MARYLAND HEI,,,KANSAS CITY,MO,64102-1018,,(314) 432-4560  Ext. 0000,APINVOICES@BORDERSTATES.COM,81,nsllist,-,-,-,-
11334,UNIVERSAL LIGHTS,RONNI,4711 S MAIN ST,STAFFORD,TX,77477,,(281) 491-0600  Ext. 0000,,66,nsllist,-,-,-,-
11348,STUART C. IRBY (BATON ROU,,,MAITLAND,FL,32794-5650,,(504) 927-0500  Ext. 0000,APINVOICES@SONEPAR-US.COM,60,nsllist,-,-,-,-
1135,EXHIBITS BY PROMOTION CEN,BOB STITT,701 E. HAY STREET,YORK,PA,17403,,(717) 843-1582  Ext. 0000,,82,nsllist,-,-,-,-
11363,KIRBY RISK (NEW CASTLE),,,LAFAYETTE,IN,47903-5089,,(765) 529-5070  Ext. 0000,accountspayable@kirbyrisk.com,74,nsllist,-,-,-,-
11388,"WEDCO, INC. (CARSON CITY)",BRIAN ELMORE,P.O. BOX 1131,RENO,NV,89504,,(775) 883-5086  Ext. 0000,,71,nsllist,-,-,-,-
11391,HOEING WHOLESALE SUPPLY (GREENSBURG),,,RUSHVILLE,IN,46173,,(812) 663-3065  Ext. 0000,kyle@hoeingsupply.com,74,nsllist,-,-,-,-
11419,AZ PARTSMASTER,,,PHOENIX,AZ,85043,,(602) 233-3580  Ext. 0000,AP2@AZPARTSMASTER.COM,71,nsllist,-,-,-,-
1144,J.H. LARSON ELECTRICAL (PLYMOUTH),,10200 51ST AVENUE NORTH,PLYMOUTH,MN,55442,,(763) 545-1717  Ext. 0000,jhlap@jhlarson.com,16,nsllist,-,-,-,-
11453,FERGUSON ENTER (CINCINNAT,,,HAMPTON,VA,23670,,(513) 771-6000  Ext. 0000,apinvoices@ferguson.com,75,nsllist,-,-,-,-
11478,C.E.D./ALL-PHASE (COLORAD,,,COLORADO SPRING,CO,80915,,(719) 630-8484  Ext. 0000,CHRISTI@ALL-PHASECS.COM,50,nsllist,-,-,-,-
11479,C.E.D./BESCO ELECTRIC (LEESBURG),,,LEESBURG,FL,34748,,(352) 787-4542  Ext. 0000,BESLeesburg4125@billinginbox.com,31,nsllist,-,-,-,-
115,MUTH ELECTRIC (HURON),,,MITCHEL,SD,57301,,(605) 352-8579  Ext. 0000,AP@MUTHELECTRIC.COM,16,nsllist,-,-,-,-
11524,SUMMIT LIGHTING INC,,,,,,,(303) 464-1000  Ext. 0000,denise@summit-lighting.com,50,nsllist,-,-,-,-
11553,HOUSE OF LTS/CAROLINA LTG,,,RALEIGH,NC,27605,,(919) 469-0443  Ext. 0000,janet@carolinaltg.com,57,nsllist,-,-,-,-
1157,SPRINGFIELD ELEC (DECATUR,,,SPRINGFIELD,IL,62708-4107,,(217) 875-8000  Ext. 0000,sescoap@springfieldelectric.com,40,nsllist,-,-,-,-
11602,"NIGHT LIGHTS, INC.",GEOFFREY WELLS,19651 BRUCE B DOWNS #E-1,TAMPA,FL,33647,,(813) 991-4557  Ext. 0000,,31,nsllist,-,-,-,-
11609,LITEMOR DISTRIBUTORS BOST,,,NORWOOD,MA,02062,,(781) 501-1226  Ext. 0000,invoice@litemorus.com,56,nsllist,-,-,-,-
11627,CRESCENT ELEC (BILLINGS),,,BILLINGS,MT,59101,,(406) 285-0216  Ext. 0000,apcorp@cesco.com,50,nsllist,-,-,-,-
11631,CRESCENT ELEC (BOZEMAN),,,BOZEMAN,MT,59772-3512,,(406) 586-4545  Ext. 0000,apcorp@cesco.com,50,nsllist,-,-,-,-
11643,AMERICAN LIGHTING,AMERICAN LIGHTING,P.O. BOX 10872,BIRMINGHAM,AL,35202,,(205) 322-0570  Ext. 0000,,4,nsllist,-,-,-,-
1166,REXEL (AUSTIN),,,,PA,19101,,(512) 462-0300  Ext. 0000,RexelAPinvoices@rexelusa.com,66,nsllist,-,-,-,-
1169,RICHARDS ELECTRIC SUPPLY,,,CINCINNATI,OH,45229,,(513) 242-8800  Ext. 0000,APINVOICES@SONEPAR-US.COM,75,nsllist,-,-,-,-
11698,LEFF ELECTRIC (WARREN),STEVE,4700 SPRING RD,CLEVELAND,OH,44131,,(330) 372-3344  Ext. 0000,,75,nsllist,-,-,-,-
117,BARBIZON LTG CO (WOBURN),PETER MCNAMEE,3 DRAPER STREET,WOBURN,MA,1801,,(781) 935-3920  Ext. 0000,,56,nsllist,-,-,-,-
11701,"U.S. 31 SUPPLY, INC.",,51000 BUS HWY 933-31 N,SOUTH BEND,IN,46637,,(574) 272-8152  Ext. 0000,renee@us31supply.com,74,nsllist,-,-,-,-
11714,ANDIAMO SERVICES LLC,,,BOERNE,TX,78006,,(830) 981-3000  Ext. 0000,payables-ab@andiamobuilders.com,66,nsllist,-,-,-,-
11724,"ELECTRIC PARTS SOLUTIONS, LLC",,tracking # below,,,,,(787) 226-8885  Ext. 0000,electricpartssolutions@gmail.com,99,nsllist,-,-,-,-
11729,SEATTLE LTG/DOLAN (TACOMA,,,PORTLAND,OR,97209,,(253) 475-8730  Ext. 0000,billings@dolanco.com,23,nsllist,-,-,-,-
1173,"OMER NELSON ELECTRIC, INC",,,ASHLAND,WI,54806,,(715) 682-4100  Ext. 0000,ELECTRICAL@ONELECTRIC.COM,16,nsllist,-,-,-,-
1176,J.H. LARSON ELECTRICAL (HUDSON),,10200 51ST AVE N,PLYMOUTH,MN,55442,,(715) 386-2388  Ext. 0000,jhlap@jhlarson.com,16,nsllist,-,-,-,-
11769,GRAYBAR/4427027 (ORLANDO),,P.O. BOX 78099,ST LOUIS,MO,63178,,(407) 841-4810  Ext. 0000,captivainvoice@graybar.com,31,nsllist,-,-,-,-
1178,J.H. LARSON ELECTRICAL (EAU CLAIRE),,10200 51ST AVENUE NORTH,PLYMOUTH,MN,55442,,(715) 834-3111  Ext. 0000,jhlap@jhlarson.com,16,nsllist,-,-,-,-
118,PACIFIC LAMP & SUPPLY CO,,,SEATTLE,WA,98108,,(206) 767-5334  Ext. 0000,ACCOUNTING@PACIFICLAMP.COM,23,nsllist,-,-,-,-
1180,J.H. LARSON ELECTRICAL (ABOTTSFORD),,,,,,,(715) 223-3651  Ext. 0000,jhlap@jhlarson.com,16,nsllist,-,-,-,-
11800,SWOFFORD ELECTRIC SUPPLY,,,,TX,75050,,(972) 647-1671  Ext. 0000,ap@netwes.com,39,nsllist,-,-,-,-
11817,FT COLLINS WINLECTRIC#322,,,,OH,45401-1127,,(970) 482-4648  Ext. 0000,apcentral@winwholesale.com,50,nsllist,-,-,-,-
11858,C.E.D. (PALM DESERT),BOB/ROGER,"74-856 JONI DRIVE, UNIT C",PALM DESERT,CA,92260,,(760) 568-6869  Ext. 0000,,1,nsllist,-,-,-,-
1186,ROCKINGHAM ELEC (BERLIN),,,NEWINGTON,NH,3801,,(603) 752-3400  Ext. 0000,sonepar.invoices@sonepar-us.com,56,nsllist,-,-,-,-
1187,NORTHEAST ELE (ROCKINGHAM NEWING),,,NEWINGTON,NH,3801,,(603) 436-7731  Ext. 0000,sonepar.invoices@sonepar-us.com,56,nsllist,-,-,-,-
11872,PLUMBING & ELECTRIC SUPPL,,,CALUMET CITY,IL,60409,,(708) 862-1225  Ext. 0000,plumbingelec@aol.com,40,nsllist,-,-,-,-
1191,J.H. LARSON ELECTRICAL (WATERTOWN),,10200 51ST AVE N,PLYMOUTH,MN,55442,,(605) 886-6936  Ext. 0000,jhlap@jhlarson.com,16,nsllist,-,-,-,-
11914,THE RENAISSANCE COMPANIES,NANCY/LISA,1607 MISSION DR SUITE 202,SOLVANG,CA,93463,,(805) 688-6222  Ext. 0000,,1,nsllist,-,-,-,-
11915,LUXE DESIGN CENTER INC,4259 E. LINCOLN HWY.,,MERRILLVILLE,IN,46410,,(219) 940-3527  Ext. 0000,,74,nsllist,-,-,-,-
11921,LIGHTSERVE CORPORATION,,,,,,,(800) 704-9943  Ext. 0000,accountspayable@light-serve.com,57,nsllist,-,-,-,-
11925,REXEL (DENVER),,,PHILADELPHIA,PA,19101,,(303) 629-7721  Ext. 0000,RexelAPinvoices@rexelusa.com,50,nsllist,-,-,-,-
11938,AMERICAN ELECTRIC SUPPLY,RICH REINCKE,P.O. BOX 2710,CORONA,CA,91718,,(951) 734-7910  Ext. 0000,,1,nsllist,-,-,-,-
11940,DELSART LIGHTING,ORDER CONFIRM & INVOICES TO:,Delsartlightinginvoices@gmail.com,GREEN BAY,WI,54304-4570,,(920) 494-7070  Ext. 0000,,16,nsllist,-,-,-,-
120,WERNER ELEC SUPPLY  (STEVENS PT),,,,WI,54957,,(715) 344-6385  Ext. 0000,apinvoices@wernerelectric.com,16,nsllist,-,-,-,-
12019,KIE SUPPLY CORP,,,,,,,(509) 582-5156  Ext. 0000,ap@kiesupply.com,23,nsllist,-,-,-,-
12023,DEMCO,,P.O. BOX 15210,JACKSON,WY,83002,,(307) 733-7219  Ext. 0000,natalia@delconinc.net,50,nsllist,-,-,-,-
120313,"VISIONS LIGHTING AND ACCESSORIES,LLC",,5596 E. RIVERSIDE BLVD. UNIT #1,LOVES PARK,IL,61111,,(815) 633-5422  Ext. 0000,,40,nsllist,-,-,-,-
12044,FOCAL LIGHTING & ELECTRIC,,,WARREN,NJ,7059,,(732) 271-7704  Ext. 0000,focal.ltg@verizon.net,1,nsllist,-,-,-,-
12054,KIRBY RISK (LAFAYETTE),,,LAFAYETTE,IN,47903,,(765) 448-4567  Ext. 0000,accountspayable@kirbyrisk.com,74,nsllist,-,-,-,-
12055,KIRBY RISK (BLOOMINGTON),,,LAFAYETTE,IN,47903-5089,,(812) 332-9435  Ext. 0000,accountspayable@kirbyrisk.com,74,nsllist,-,-,-,-
12062,FERGUSON ENTER (AUGUSTA),,,HAMPTON,VA,23670,,(706) 860-7677  Ext. 0000,apinvoices@ferguson.com,4,nsllist,-,-,-,-
120913,"ATLANTA ELECTRICAL DISTRIBUTORS, LLC",1770 BRECKINRIDGE PARKWAY # 100,,DULUTH,GA,30096,,(678) 205-2290  Ext. 0000,,4,nsllist,-,-,-,-
12095,SPERO LIGHTING EAST,RICHARD FRASCA,P.O BOX 366,ROCKVILLE CNTR,NY,11571,,(516) 766-3011  Ext. 0000,,80,nsllist,-,-,-,-
12105,OKLAHOMA LTG DISTRIBUTORS,SHERRY/JANEL,P.O. BOX 472070,TULSA,OK,74147-2070,,(918) 663-6500  Ext. 0000,,39,nsllist,-,-,-,-
121119,HAINES JONES AND CADBURY (MECHANICSBURG),,,,,,,(800) 459-7099  Ext. 0000,apadvantage.haj@pnc.com,1,nsllist,-,-,-,-
121421,AED (ATLANTA ELECTRICAL DISTRIBUTORS),,,,,,,(770) 483-9830  Ext. 0000,payables@aedga.com,4,nsllist,-,-,-,-
1215,SOUTHWEST PARADES INC.,MARIE,200 SEGUIN ST.,SAN ANTONIO,TX,78208,,(210) 224-0303  Ext. 0000,,1,nsllist,-,-,-,-
121813,MAR'S LIGHTING AND DESIGN INC,185 ARKANSAS ST,SUITE C,SAN FRANSICO,CA,94107,,(415) 558-1500  Ext. 0000,,86,nsllist,-,-,-,-
122015,MUSCO SPORTS LIGHTING,100 1ST AVENUE WEST,P.O BOX 808,OSKALOOSA,IA,52577,,(563) 263-2281  Ext. 0000,,77,nsllist,-,-,-,-
122121,SOUTH TEXAS LED INC.,,,,,,,,,66,nsllist,-,-,-,-
12216,BREVARD LIGHTING,P.O. BOX 39,,COCOA,FL,32923,,(321) 636-3345  Ext. 0000,,31,nsllist,-,-,-,-
1222,"DIVISION CONSTRUCTION SUPPLY, INC",,,FORT WORTH,TX,76177,,(469) 640-2688  Ext. 0000,accounting@dcsupplyinc.net,39,nsllist,-,-,-,-
1223,AMERICAN ELECTRIC COMPANY,4380-A BELGIUM BLVD,,RIVERSIDE,MO,64150,,(816) 587-4444  Ext. 0000,,81,nsllist,-,-,-,-
122313,WINGATE DEVELOPMENT,ONE CHARLES RIVER PLACE,63 KENDRICK ST.,NEEDHAM,MA,02494,,(000) 000-0000  Ext. 0000,,1,nsllist,-,-,-,-
122320,RITE RUG CO.,,,WHITEHALL,OH,43213,,(614) 261-6060  Ext. 0000,probbins@riterug.com,75,nsllist,-,-,-,-
122323,CHELSEA CONNECTED LIGHTING SOLUTIONS,,,,NY,10122,,,dbarrett@chelsealighting.com,78,nsllist,-,-,-,-
12262,INTERSTATE SUPPLY INC.,DIXIE,P.O. BOX 2139,LAKE CITY,FL,32056-2139,,(386) 752-8210  Ext. 0000,,31,nsllist,-,-,-,-
12280,COMPANY DE ROTH,KEN ROTH,2104 HUMMINGBIRD LANE,EDMOND,OK,73034,,(405) 348-3754  Ext. 0000,,1,nsllist,-,-,-,-
123,WERNER ELEC SUPPLY  (GREEN BAY),,,NEENAH,WI,54957,,(920) 337-6700  Ext. 0000,apinvoices@wernerelectric.com,16,nsllist,-,-,-,-
1230,C.E.S. (ROCK HILL EAST),,,,,,,,CharlotteSouthGroup@cityelectricsupply.com,57,nsllist,-,-,-,-
12318,REVERE ELECTRIC SUPPLY CO (PLAENERT),,,MOKENA,IL,60448,,(608) 257-4777  Ext. 0000,ap@revereelectric.com,16,nsllist,-,-,-,-
12324,CHLOE WINSTON LIGHTING DESIGN,,,,,,,(203) 957-8686  Ext. 0000,RINA@CHLOEWINSTONLIGHTING.COM,55,nsllist,-,-,-,-
12326,LIGHTING CHANNEL INC.,,,,,,,(305) 456-8568  Ext. 0000,accounting@lesmiami.com,32,nsllist,-,-,-,-
12327,LIGHTING CHANNEL INC. (CUTLER BAY),,,,,,,(305) 456-8568  Ext. 0000,accounting@lesmiami.com,32,nsllist,-,-,-,-
12337,LBU (BOCA RAT,,,BOCA RATON,FL,33431,,(561) 338-5211  Ext. 0000,AP@lbugroup.com,32,nsllist,-,-,-,-
12343,B.E. DESIGNS,BEN EGLIN,4659 S.W. 72ND AVENUE,MIAMI,FL,33155,,(305) 665-5200  Ext. 0000,,32,nsllist,-,-,-,-
12390,ROYAL WHOLESALE (CAPITOLA,TIM,420 KENNEDY DRIVE,CAPITOLA,CA,95010,,(831) 475-5455  Ext. 0000,,86,nsllist,-,-,-,-
12391,ROYAL WHOLESALE (STOCKTON),816 E. CHURCH ST,,STOCKTON,CA,95203-3629,,(209) 948-6410  Ext. 0000,,86,nsllist,-,-,-,-
12416,THE LAMPLIGHTER SHOPPE,BRENDA,1322 JAMESTOWN ROAD,WILLIAMSBURG,VA,23185,,(757) 565-4676  Ext. 0000,,57,nsllist,-,-,-,-
12424,DAIM RESOURCE GROUP LLC,,,,,,,(212) 243-2800  Ext. 0000,admin@daimresourcegroup.com,32,nsllist,-,-,-,-
12431,INLAND LIGHTING,INLAND LIGHTING,104 W. YAKIMA AVENUE,YAKIMA,WA,98902,,(509) 248-4647  Ext. 0000,,23,nsllist,-,-,-,-
1245,SHANOR ELECTRIC SUPPLY,,,TONAWANDA,NY,14150,,(716) 876-0711  Ext. 0000,accountspayable@shanorelectric.com,54,nsllist,-,-,-,-
12451,LIGHTS MICHIGAN SOLUTIONS LLC,,,FRANKLIN,MI,48025,,(248) 882-0100  Ext. 0000,Randy@lms.agency,64,nsllist,-,-,-,-
124512,BRAKEMAN PRODUCTS INC.,,,FRANKLIN,MI,48025,,(248) 851-0661  Ext. 0000,Randy@lms.agency,64,nsllist,-,-,-,-
12452,CHUCK WOOD - REP 64 LMS,,,NEW BOSTON,MI,48164,,(734) 796-6799  Ext. 0000,chuck@lms.agency,64,nsllist,-,-,-,-
12471,GRAYBAR/4427027 (FARGO),,,,,,,,captivainvoice@graybar.com,16,nsllist,-,-,-,-
125,GRANITE CITY (BAYNES - WEST BRIDGEWATER),,,,,,,(508) 586-1040  Ext. 0000,Invoices@gcecorp.com,56,nsllist,-,-,-,-
12549,KAY ELECTRICAL,,317 RIDGE PIKE,CONSHOHOCKEN,PA,19428,,(610) 825-0100  Ext. 0000,len@kaylighting.com,82,nsllist,-,-,-,-
12558,DAUPHIN ASSOC (LEWISBURG),266 HAFER RD,,LEWISBURG,PA,17837,,(570) 523-3232  Ext. 0000,,1,nsllist,-,-,-,-
1257,PLATT ELEC (AUBURN),,,,,,,(253) 939-2616  Ext. 0000,plattap@platt.com,23,nsllist,-,-,-,-
12572,BEACON LIGHT CO,,,KINGSLAND,GA,31548,,(912) 729-7001  Ext. 0000,thebeaconinvoices@gmail.com,4,nsllist,-,-,-,-
1262024,BESPOKE DESIGN & CONSULTING (HIGHLANDS),,,,,,,(561) 512-6376  Ext. 0000,jw@bespokei3.com,57,nsllist,-,-,-,-
12624,SOUTHERN INTERIORS & LIGHTING INC.(WARNER,,,,,,,(478) 929-0624  Ext. 0000,colby@southernlightingga.com,4,nsllist,-,-,-,-
12626,HOWARD LIGHTING INC.,,,,,,,(503) 266-1573  Ext. 0000,howardlightinginc@canby.com,22,nsllist,-,-,-,-
12634,DOMINION ELEC (GAITHERSBURG),,,ARLINGTON,VA,22207,,(301) 948-7924  Ext. 0000,vendorinvoices@dominionelectric.com,62,nsllist,-,-,-,-
12644,THE LIGHT HOUSE OF LEWES,,16759 COASTAL HWY,LEWES,DE,19958,,(302) 645-1207  Ext. 0000,ron scrutchfield <scrutch1221@msn.com>,82,nsllist,-,-,-,-
12657,E.D. SUPPLY CO (EASTON),,,SALISBURY,MD,21802-2458,,(410) 822-7179  Ext. 0000,EDSSalisbury.6675@billinginbox.com,62,nsllist,-,-,-,-
12660,REXEL (FREDERICK),,,,,,,(301) 663-0800  Ext. 0000,RexelAPinvoices@rexelusa.com,62,nsllist,-,-,-,-
12678,JONES LIGHTING SPECIALIST,DAVID,1421 CLARKVIEW RD,BALTIMORE,MD,21209,,(410) 828-1010  Ext. 0000,,62,nsllist,-,-,-,-
1270,RISING SUN ENTERPRISES,,,BASALT,CO,81621,,(970) 927-8051  Ext. 0000,sardo@rselight.com,50,nsllist,-,-,-,-
12752,NORTH ELECTRIC SUPPLY,,1290 N. OPDYKE ROAD,AUBURN HILLS,MI,48326,,(248) 373-1070  Ext. 0000,ckosmala@northelectric.com,64,nsllist,-,-,-,-
1278,SOUTH DADE LIGHTING,,,MIAMI,FL,33256-0965,,(305) 238-7131  Ext. 0000,ap@south-dade.com,32,nsllist,-,-,-,-
128,FRIEDMAN/SONEPAR (SCRANTO,,PO BOX 945650,MAITLAND,FL,32794,,(717) 343-2461  Ext. 0000,APINVOICES@SONEPAR-US.COM,78,nsllist,-,-,-,-
12802,ELLIOTT ELEC (FARMERS BRANCH),,,NACOGDOCHES,TX,75963-0610,,(972) 206-0016  Ext. 0000,apinvoices@elliottelectric.com,39,nsllist,-,-,-,-
12803,CRESCENT ELEC (STORM LAKE,,,STORM LAKE,IA,50588,,(712) 732-1217  Ext. 0000,apcorp@cesco.com,77,nsllist,-,-,-,-
12844,GRAYBAR/4427027 (POMPANO,,,ST LOUIS,MO,63178,,(954) 633-6334  Ext. 0000,captivainvoice@graybar.com,32,nsllist,-,-,-,-
12845,GRAYBAR/4427027 (POMONA),,,,,,,(909) 451-4335  Ext. 0000,captivainvoice@graybar.com,86,nsllist,-,-,-,-
1285,C.E.D. (NAPA),BRIAN,1784 INDUSTRIAL WAY,NAPA,CA,94558,,(707) 255-9550  Ext. 0000,,86,nsllist,-,-,-,-
12896,GRAYBAR/4427027 (INDIANAP,,,ST LOUIS,MO,63178,,(317) 631-1411  Ext. 0000,captivainvoice@graybar.com,74,nsllist,-,-,-,-
129,WILLIAMS SUPPLY (HARRISON,,,ROANOKE,VA,24001,,(540) 434-1751  Ext. 0000,ATINV@EECO-NET.COM,57,nsllist,-,-,-,-
1298,PIPITONE ELECTRIC LTG,DAVID,40 WOODSONG,LAS FLORES,CA,92688,,(949) 635-5813  Ext. 0000,,86,nsllist,-,-,-,-
13,LAMP SALES UNL (JACKSONVL,,,JACKSONVILLE,FL,32247,,(904) 737-9292  Ext. 0000,joyce@lampsales.org,31,nsllist,-,-,-,-
1300,BILLOWS ELEC (PLEASANTVIL,,,,,,,(609) 345-6154  Ext. 0000,sonepar.invoices@sonepar-us.com,78,nsllist,-,-,-,-
13018,E.D. SUPPLY CO (SALISBURY,,,SALISBURY,MD,21804,,(410) 546-2204  Ext. 0000,EDSSalisbury.6675@billinginbox.com,62,nsllist,-,-,-,-
13021,HAINES JONES AND CADBURY (PHOENIX),,,,,,,(484) 754-2094  Ext. 0000,apadvantage.haj@pnc.com,1,nsllist,-,-,-,-
13022,HAINES JONES AND CADBURY (JOHNSTON),,,,,,,(479) 756-8998  Ext. 0000,apadvantage.haj@pnc.com,1,nsllist,-,-,-,-
13023,HAINES JONES AND CADBURY (GARLAND),,,,,,,(479) 756-8998  Ext. 0000,apadvantage.haj@pnc.com,1,nsllist,-,-,-,-
13049,ADVANCED LIGHTING,MARK GILBERT,423 S. 6TH STREET,COLWICH,KS,67030,,(316) 796-1514  Ext. 0000,,90,nsllist,-,-,-,-
1309,S & J LIGHTING/LENSE SUPP,,,LOUISVILLE,KY,40299,,(502) 499-5516  Ext. 0000,CHRISTI.TURNER@SJLIGHTING.COM,20,nsllist,-,-,-,-
131,BENSON'S LIGHTING & FANS,,,MIAMI,FL,33176,,(305) 235-5012  Ext. 0000,maria@bensonslighting.com,32,nsllist,-,-,-,-
131008,EWSCO (DRIGGS),,,DRIGGS,ID,83422,,,accountspayable@electricalwholesale.com,43,nsllist,-,-,-,-
131101,MENORAH WHOLESALE INC.,MENORAH WHOLESALE INC.,240 W. FLORANCE AVE.,INGLEWOOD,CA,90301,,(310) 677-8888  Ext. 0000,,86,nsllist,-,-,-,-
13114,C.E.D. (WAYNESVILLE),,263 WAYNESVILLE PLAZA,WAYNESVILLE,NC,28786,,(828) 456-5398  Ext. 0000,ASHEPPARD@CEDWAYNESVILLE.COM,57,nsllist,-,-,-,-
13132,LIGHT BRITE DISTRIBUTING,RICH KLEIN,475 E BROADWAY,TRENTON,IL,62293,,(618) 224-7314  Ext. 0000,,40,nsllist,-,-,-,-
13174,DUNKER ELECTRIC SUPPLY,DAVID/DIANE,PO BOX 1734,DECATUR,IL,62525,,(217) 428-3483  Ext. 0000,,40,nsllist,-,-,-,-
13198,ANDERSON DESIGN & MILL WK,,,FLOWER MOUND,TX,75028,,(214) 732-2709  Ext. 0000,gander5315@yahoo.com.,1,nsllist,-,-,-,-
132,KENDALL ELEC (SIDNEY),,,CINCINNATI,OH,45241,,(937) 497-8050  Ext. 0000,accountspayable@kendallelectric.com,75,nsllist,-,-,-,-
13225,"KIRKES ELECTRIC, INC.",BRUCE,999 N. GOLDEN STATE BLVD.,TURLOCK,CA,95380,,(209) 634-9301  Ext. 0000,,86,nsllist,-,-,-,-
13254,KITCHEN & BATH CONCEPTS,JEFF ZAJAC,1642 N. MISSOURI AVENUE,LARGO,FL,33770,,(727) 585-6040  Ext. 0000,,1,nsllist,-,-,-,-
13281,LIGHTING PLUS (TUSCALOOSA,,,TUSCALOOSA,AL,35405,,(205) 345-8900  Ext. 0000,judy@lightingplusonline.com,4,nsllist,-,-,-,-
13297,METRO ELEC (ARNOLD),,,ST. LOUIS,MO,63139,,(636) 464-7070  Ext. 0000,ap@metroelectricsupply.com,81,nsllist,-,-,-,-
13300,THE LIGHT HOUSE (DECATUR),,21 FOURTEENTH STREET S.W.,DECATUR,AL,35601,,(256) 355-4610  Ext. 0000,D.WILLIS.5081@GMAIL.COM,4,nsllist,-,-,-,-
13336,LIGHT SOURCE,BRIAN,16114 S RT. 59,PLAINFIELD,IL,60586,,(815) 254-0332  Ext. 0000,,40,nsllist,-,-,-,-
13346,YORK LIGHTING COMPANY,,,YORKTOWN,VA,23692,,(757) 898-0829  Ext. 0000,tarsha@yorklighting.com,57,nsllist,-,-,-,-
13347,"WILSON LIGHTING CO., INC.",,,WINSTON-SALEM,NC,27103,,(336) 765-2912  Ext. 0000,cwebb5716@gmail.com,57,nsllist,-,-,-,-
13370,UNIVERSITY LIGHTS (DURHAM,,,DURHAM,NC,27707,,(919) 489-8583  Ext. 0000,SYDUNIVERSITYLIGHTS@GMAIL.COM,57,nsllist,-,-,-,-
13440,"ENCOMPASS SUPPLY, INC",,,,,,,(804) 358-6737  Ext. 0000,AP@ENCOMPASSSUPPLY.COM,57,nsllist,-,-,-,-
13458,REXEL (ROANOKE),,P.O. BOX 13623,PHILADELPHIA,PA,19101,,(540) 982-2500  Ext. 0000,RexelAPinvoices@rexelusa.com,57,nsllist,-,-,-,-
1352,BUTLER'S ELECTRIC (HIGH P,,,HIGH POINT,NC,27265,,(336) 889-2344  Ext. 0000,accounting@butlerlighting.com,57,nsllist,-,-,-,-
1357,TEC OF JONESBORO,KEITH,1900 S. CHURCH STREET,JONESBORO,AR,72401,,(870) 932-7252  Ext. 0000,,90,nsllist,-,-,-,-
13590,CAPITAL ELECTRIC  (WILMINGTON),,,WILMINGTON,NC,28403,,(910) 762-3345  Ext. 0000,APINVOICES@SONEPAR-US.COM,57,nsllist,-,-,-,-
1361,LBU (WINTER P,,,WINTER PARK,FL,32789,,(407) 539-2852  Ext. 0000,MichelleKirkland@lbugroup.com,31,nsllist,-,-,-,-
13672,M S RAU ANTIQUES LLC,,CC:  CHRISTINE@RAUANTIQUES.COM,,LA,70130,,(504) 523-5660  Ext. 0000,mike@rauantiques.com,60,nsllist,-,-,-,-
1370,GRAYBAR/4427027 (OMAHA),,,,,,,(000) 000-0000  Ext. 0000,captivainvoice@graybar.com,77,nsllist,-,-,-,-
1371,GRAYBAR/4427027 (OKLAHOMA),,,ST. LOUIS,MO,63178,,(405) 528-6731  Ext. 0000,captivainvoice@graybar.com,39,nsllist,-,-,-,-
13771,LAYMANCE,6711 STELLA LINK  ROAD 393,,HOUSTON,TX,77005,,(713) 271-6271  Ext. 0000,,66,nsllist,-,-,-,-
138,DYNAMIC DISPLAY SYSTEMS,,,ESCONDIDO,CA,92029,,(760) 745-5956  Ext. 0000,leslie@dynamicdisplaysystems.com,86,nsllist,-,-,-,-
1382,GALLERY OF LIGHTING,,,GREENVILLE,SC,29602,,(864) 370-4451  Ext. 0000,payables@holderelectric.com,57,nsllist,-,-,-,-
13888,MODERN SUPPLY CO.(HAJOCA CORP),,,BOSTON,MA,02284-2912,,(865) 966-4567  Ext. 0000,apadvantage.haj@pnc.com,20,nsllist,-,-,-,-
14,QED (LONGMONT),,,,,,,(303) 776-6480  Ext. 0000,VENDORINVOICES@QEDELECTRIC.COM,50,nsllist,-,-,-,-
1400,THE LIGHTING GALLERY (SPRING,,5149 MARINER BLVD,SPRING HILL,FL,34609,,(352) 683-3330  Ext. 0000,bjackson@sequelelectricalsupply.com,31,nsllist,-,-,-,-
1401,THE LIGHTING GALLERY,THE LIGHTING GALLERY,"6231 LEE HIGHWAY, #101",CHATTANOOGA,TN,37421,,(423) 629-1427  Ext. 0000,,20,nsllist,-,-,-,-
14044,WESCO (NEEDHAM ELECTRIC (PLYMOUT,,,CANTON,MA,2021,,(800) 479-2580  Ext. 0000,ACCOUNTSPAYABLE@NEEDHAMELECTRIC.COM,56,nsllist,-,-,-,-
14064,REXEL (LOVELAND),,P.O. BOX 13623,PHILADELPHIA,PA,19101,,(970) 461-4700  Ext. 0000,RexelAPinvoices@rexelusa.com,50,nsllist,-,-,-,-
1408,HUNT ELECTRIC (SANFORD),,,,NC,,,(336) 229-5351  Ext. 0000,RHuff@Huntesc.com,57,nsllist,-,-,-,-
14085,BORDER STATES (NASHVILLE),,,,,,,(701) 476-3106  Ext. 0000,APINVOICES@BORDERSTATES.COM,20,nsllist,-,-,-,-
1410,BANGOR WINLECTRIC CO.,,,DAYTON,OH,45401-1127,,(207) 922-2076  Ext. 0000,apcentral@winwholesale.com,56,nsllist,-,-,-,-
14102,C.E.D. (DURANGO),,,DURANGO,CO,81303-7999,,(970) 259-1530  Ext. 0000,ap@ceddgo.com,50,nsllist,-,-,-,-
1415,NORTHERN LIGHTS & ACCENTS,,,CHICO,CA,95926,,(530) 893-8008  Ext. 0000,chiconorthernlights@gmail.com,86,nsllist,-,-,-,-
1416,RAINBOW LIGHTING,WILLIAM,2990 GENEVA AVENUE,DALY CITY,CA,94014,,(415) 330-9998  Ext. 0000,,86,nsllist,-,-,-,-
1418,CRAWFORD ELECTRIC SUPPLY,,PO BOX 945650,MAITLAND,FL,32794-5650,,(512) 448-1100  Ext. 0000,APINVOICES@SONEPAR-US.COM,66,nsllist,-,-,-,-
142,LIGHTING SHOWCASE,,,SHREWSBURY,MA,1545,,(508) 845-1722  Ext. 0000,lightingshowcase@verizon.net,56,nsllist,-,-,-,-
1421,THEATRIX INC.,BRUCE,636 DANIEL SHAYS HIGHWAY,BELCHERTOWN,MA,1007,,(413) 323-7803  Ext. 0000,,1,nsllist,-,-,-,-
1423,THOMAS SUPP (MURRELLS INL,,P.O. BOX 610,MARION,SC,29571,,(843) 423-1781  Ext. 0000,,57,nsllist,-,-,-,-
14241,US ELECTRICAL SVC (NORWAL,,,MIDDLETOWN,CT,06457-2786,,(203) 846-8100  Ext. 0000,apinvoice@usesi.com,55,nsllist,-,-,-,-
1426,STANDARD ELEC (ALPENA),,,SAGINAW,MI,48603,,(989) 356-4521  Ext. 0000,ap@standardelectricco.com,64,nsllist,-,-,-,-
14281,BENTON ELECTRIC SUPPLY,,92 MAIN STREET,BENTON,KY,42025-1132,,(270) 527-9020  Ext. 0000,brian@bentonelectricsupply.com,20,nsllist,-,-,-,-
1429,C.E.S. (OCALA),,,,,,,(352) 237-8088  Ext. 0000,jaxrgo@cityelectricsupply.com,31,nsllist,-,-,-,-
143,BIGGINS LIGHTING & ELEC.,2146 PINE STREET,,REDDING,CA,96001,,(530) 241-4567  Ext. 0000,,86,nsllist,-,-,-,-
14318,"GARBE INDUSTRIES, INC.",DENNIS,4137 S. 72ND EAST AVE.,TULSA,OK,74145,,(918) 627-0284  Ext. 0000,,39,nsllist,-,-,-,-
144,DAKOTA SUPPLY (GRAND FORK,,,GRAND FORKS,ND,58208,,(701) 746-7373  Ext. 0000,ap@dsginc.biz,16,nsllist,-,-,-,-
1446,TRINITY WHOLESALE DISTRIB,JULIANNA,P.O. BOX 186,NEW HAVEN,IN,46774-0186,,(260) 493-2574  Ext. 0000,,74,nsllist,-,-,-,-
14462,MAX SCENES,MAXINE,22863 LINCOLN CT.,LAWRENCEBURG,IN,47025,,(513) 254-3211  Ext. 1100,,1,nsllist,-,-,-,-
14486,BORDER STATES (MANKA,,,FARGO,ND,58108-2767,,(507) 386-8401  Ext. 0000,APINVOICES@BORDERSTATES.COM,16,nsllist,-,-,-,-
145,DAKOTA SUPPLY (LA CROSSE),,,,,,,(608) 781-2000  Ext. 0000,ap@dsginc.biz,16,nsllist,-,-,-,-
14509,ILLUMINATIONS,SCOTT,P.O. BOX 898,PLAINFIELD,IN,46168,,(317) 838-0137  Ext. 0000,,74,nsllist,-,-,-,-
14559,R.L. BAKER ELECTRIC,,,RUIDOSO,NM,88355,,(575) 258-2860  Ext. 0000,rlbelec@gmail.com,72,nsllist,-,-,-,-
14579,MARS ELECTRIC (MEDINA),,,MAYFIELD VILLAGE,OH,44143,,(330) 722-8330  Ext. 0000,payables@mars-electric.com,75,nsllist,-,-,-,-
14580,MARS ELECTRIC (CLEVELAND),,,MAYFIELD VILLAGE,OH,44143,,(216) 432-9500  Ext. 0000,payables@mars-electric.com,75,nsllist,-,-,-,-
14591,EARP & ASSOCIATES,,,RALEIGH,NC,27609,,(919) 781-9029  Ext. 0000,earplighting2@aol.com,57,nsllist,-,-,-,-
14592,BERNIE EARP (SUB-REP),BERNIE EARP,P.O. BOX 1266,KNIGHTDALE,NC,27545,,(919) 217-1877  Ext. 0000,,57,nsllist,-,-,-,-
14593,STEVE LINDER (SUB-REP),,16528 PLANTATION WOODS DR,CHARLOTTE,NC,28278,,(704) 583-4321  Ext. 0000,slinder@carolina.rr.com,57,nsllist,-,-,-,-
146,ILLUMINATIONS,JIM,3527 E. FORT LOWELL,TUCSON,AZ,85716,,(520) 325-3031  Ext. 0000,,68,nsllist,-,-,-,-
14629,CUSTOM LIGHT & SOUND,,,DURHAM,NC,27705,,(919) 286-0011  Ext. 0000,clsangela@aol.com,57,nsllist,-,-,-,-
14668,NEW GRAND LIGHT LLC.,,104 DAY STREET,SEYMOUR,CT,06483,,(203) 828-6596  Ext. 0000,ACCOUNTING@GRANDLIGHT.COM,55,nsllist,-,-,-,-
14672,ROCKY MOUNTAIN LIGHTING SALES,,10345 BEDFORD ST,FIRESTONE,CO,80504,,(303) 906-8321  Ext. 0000,mikek1nsl@gmail.com - MIKE KRAUSE,50,nsllist,-,-,-,-
14673,WEBB ELECTRIC INC,DAN,1022 BROADWAY STREET,LAMAR,MO,64759,,(417) 682-5419  Ext. 0000,,81,nsllist,-,-,-,-
14675,"SAN JUAN ELECTRIC, INC.",ROY HUSTON,18704 SIM'S MESA ROAD,MONTROSE,CO,81403,,(970) 249-0513  Ext. 0000,,50,nsllist,-,-,-,-
14690,GRANITE CITY (BAYNES - NANTUCKET),,,,,,,(508) 228-7411  Ext. 0000,Invoices@gcecorp.com,56,nsllist,-,-,-,-
147,BILLOWS ELEC (DELRAN),,,DELRAN,NJ,08075,,(215) 332-9700  Ext. 0000,sonepar.invoices@sonepar-us.com,78,nsllist,-,-,-,-
14722,QED (BROOMFIELD),,,,,,,(720) 000-0000  Ext. 0000,APINVOICES@SONEPAR-US.COM,50,nsllist,-,-,-,-
14750,LOEB ELEC (DELAWARE),JOE COMBS,915 WILLIAMS AVE,COLUMBUS,OH,43212,,(740) 363-5258  Ext. 0000,,75,nsllist,-,-,-,-
1478,VERMONT LTG DBA LTG HOUSE,,,SHELBURNE,VT,05482,,(802) 985-2204  Ext. 0000,accounting@thelightinghouse.net,56,nsllist,-,-,-,-
14780,TED LASCARI (SUB REP),"108 AUBURN AVE, SE",,GRAND RAPIDS,MI,49506,,(000) 000-0000  Ext. 0000,,64,nsllist,-,-,-,-
14782,PEACE LIGHTING,JANIS,P.O. BOX 1414,KERNVILLE,CA,93238,,(805) 448-7245  Ext. 0000,,86,nsllist,-,-,-,-
14797,GRAYBAR/4427027 (MADISON),,P.O BOX 78099,ST LOUIS,MO,63178,,(608) 255-0005  Ext. 0000,captivainvoice@graybar.com,16,nsllist,-,-,-,-
14800,KATONA AGENCY (REP NORTH OHIO),,,COLUMBUS,OH,43221,,(614) 481-9757  Ext. 0000,dkatona@aol.com,75,nsllist,-,-,-,-
14804,C.E.D./TWIN STATE (ST JOH,,,ST. JOHNSBURY,VT,05819,,(802) 748-2385  Ext. 0000,MGADWAH@CEDSTJOHNSBURY.COM,56,nsllist,-,-,-,-
14812,ALAMEDA ELEC (SAND CITY),,,HAYWARD,CA,94545,,(831) 899-1214  Ext. 0000,PAYABLES-AED@ALAMEDAELECTRIC.COM,86,nsllist,-,-,-,-
14815,VITOLITE ELECTRIC SALES,,,PORT CHESTER,NY,10573,,(914) 937-3701  Ext. 0000,AP@VITOLITE.COM,80,nsllist,-,-,-,-
14820,LBU (PINECREST),,,PINECREST,FL,33156,,(305) 235-2852  Ext. 0000,AselaValcarcel@lbugroup.com,32,nsllist,-,-,-,-
14821,WOLFF BROS (AKRON),,,MEDINA,OH,44256-9499,,(330) 773-0200  Ext. 0000,ap@wolffbros.com,75,nsllist,-,-,-,-
14832,LIGHT BULB CITY,ANNETTE,1762 TYLER AVENUE,SOUTH EL MONTE,CA,91733,,(626) 279-2658  Ext. 0000,,86,nsllist,-,-,-,-
14853,COLORADO LIGHTHOUSE,,PO BOX 51445,COLORADO SPRING,CO,80949,,(719) 481-0981  Ext. 0000,,50,nsllist,-,-,-,-
14854,GARDEN OF THE GODS LIGHTING,,,,,,,(719) 598-0189  Ext. 0000,sharon@gardenofthegodslighting.org,50,nsllist,-,-,-,-
1486,REXEL BRANCH (WINCHESTER),,,,,,,(540) 667-9501  Ext. 0000,RexelAPinvoices@rexelusa.com,57,nsllist,-,-,-,-
14863,RINDERLE CUSTOM WOODWORKS,,,ST HENRY,OH,45883,,(419) 678-4043  Ext. 0000,rcwjeff@hometowncable.net,1,nsllist,-,-,-,-
1488,SML LIGHTING & BEYOND,EDDIE LAM,35 W 14TH ST,NEW YORK,NY,10011,,(212) 929-2738  Ext. 0000,,80,nsllist,-,-,-,-
14881,BAY LIGHTING SUPPLY,ROB BROWN,979 EL CAMINO REAL,SANTA CLARA,CA,95050,,(408) 261-2199  Ext. 0000,,86,nsllist,-,-,-,-
14882,"PLANTATION LIGHTING, INC.",MARCIA POWERS,P.O. BOX 3907,MOORESVILLE,NC,29117,,(704) 948-5483  Ext. 0000,,57,nsllist,-,-,-,-
14908,JOHNSON ELECTRIC (SAGAMOR,,,,MA,02562,,(508) 833-8836  Ext. 0000,ANNEMFLAVIN@COMCAST.NET,56,nsllist,-,-,-,-
14911,MODERN KITCHENS,,14381 Manchester Road,MANCHESTER,MO,63011,,(636) 394-3655  Ext. 0000,angiemachelett@modernkitchensandbaths.com,81,nsllist,-,-,-,-
14912,LAMPS PLUS #12,,,,,,,(818) 886-5267  Ext. 0000,ACCOUNTSPAYABLEINVOICECOPIES@LAMPSPLUS.COM,86,nsllist,-,-,-,-
14918,STONEWAY ELEC (WENATCHEE),,,SPOKANE,WA,99220-0037,,(509) 663-2434  Ext. 0000,payables@stoneway.com,23,nsllist,-,-,-,-
1492,VILLA LIGHTING (ST. LOUIS,,,ST. LOUIS,MO,63103-2903,,(314) 531-2600  Ext. 0000,APINVOICES@VILLALIGHTING.COM,81,nsllist,-,-,-,-
14920,STONEWAY ELEC (SANDPOINT),,,,,,,(208) 263-9513  Ext. 0000,payables@stoneway.com,43,nsllist,-,-,-,-
14947,"M.G. LIGHTING, INC.",M.G. LIGHTING,1672 FALMOUTH RD #129,CENTERVILLE,MA,02632,,(508) 775-0057  Ext. 0000,,56,nsllist,-,-,-,-
14972,MB WALKER COMPANY,BARBARA WALKER,1967 33RD AVENUE,SAN FRANCISCO,CA,94116,,(415) 682-8617  Ext. 0000,,86,nsllist,-,-,-,-
150,BLACK ELECTRICAL (use#22340),USE ACCT#22340,,GREENVILLE,SC,29602-0134,,(864) 233-4142  Ext. 0000,,57,nsllist,-,-,-,-
1504,WEST VIRGINIA ELEC (HUNTI,,,,,,,(304) 525-0361  Ext. 0000,accounts.payable@wvsupply.com,20,nsllist,-,-,-,-
1505,WOOD-STONE HOME DESIGN ST,RUSS/TIM,1303 E. 15TH STREET,TULSA,OK,74120,,(918) 584-3710  Ext. 0000,,39,nsllist,-,-,-,-
1507,CASCADE LIGHITNG- REP CLR,,P.O. Box 10166,PORTLAND,OR,97296,,(502) 242-2522  Ext. 0000,jaubert@cascadelight.com,43,nsllist,-,-,-,-
1508,WABASH ELEC (WARSAW),,1400 S. WABASH STREET,WABASH,IN,46992,,(574) 269-3838  Ext. 0000,ap@wabashelectric.com,74,nsllist,-,-,-,-
1513,COBURN SUPPLY CO. (BATON ROUGE),,,,,,,(225) 292-3700  Ext. 0000,CoburnAP@Coburns.com,60,nsllist,-,-,-,-
15134,REYNOLDS LIGHTING SUPPLY,,,RICHMOND,VA,23236,,(804) 897-2300  Ext. 0000,GENE@REYNOLDSLIGHTING.COM,57,nsllist,-,-,-,-
1514,COBURN SUPPLY CO. (BEAUMONT),,,,,,,(409) 835-1447  Ext. 0000,CoburnAP@Coburns.com,66,nsllist,-,-,-,-
1515,COBURN SUPPLY CO. (BAYOU VISTA),,,,,,,(409) 838-6363  Ext. 0000,CoburnAP@Coburns.com,60,nsllist,-,-,-,-
1516,COBURN SUPPLY CO. (METAIRIE),,,,,,,(504) 834-8688  Ext. 0000,CoburnAP@Coburns.com,60,nsllist,-,-,-,-
1517,COBURN SUPPLY CO. (NEW IBERIA),,,,,,,(337) 367-9212  Ext. 0000,CoburnAP@Coburns.com,60,nsllist,-,-,-,-
1519,PLATT ELEC (PORTLAND 322),,,,,,,(503) 230-1265  Ext. 0000,plattap@platt.com,22,nsllist,-,-,-,-
152,BLAZER ELEC. SUPPLY(PUEBL,CINDY,P.O. BOX 76957,COLORADO SPRGS,CO,80970,,(719) 596-1333  Ext. 0000,,50,nsllist,-,-,-,-
15207,R. MARCH INC.,ROBERT MARCH,1915 MCDONALD AVE REAR BL,BROOKLYN,NY,11223,,(718) 339-2680  Ext. 0000,,80,nsllist,-,-,-,-
1522,WESTERN MONTANA LIGHTING,SCOTT,3250 S. RESERVE ST,MISSOULA,MT,59801,,(406) 543-7167  Ext. 0000,,50,nsllist,-,-,-,-
1532,MURRAY SUPPLY/WHOLESALE,,,MURRAY,KY,42071,,(270) 753-3361  Ext. 0000,murraysupply@yahoo.com,20,nsllist,-,-,-,-
15382,C.E.S. (JACKSONV BCH),,PO BOX 66329,ORANGE PARK,FL,32065,,(904) 242-9292  Ext. 0000,jaxrgo@cityelectricsupply.com,31,nsllist,-,-,-,-
15425,FESTIVAL OF ARTS,C.W. KELLER,650 LAGUNA CANYON ROAD,LAGUNA BEACH,CA,92651,,(949) 464-4256  Ext. 0000,,1,nsllist,-,-,-,-
1543,OLDE PARSONAGE,,,ASHLAND,OH,44805,,(419) 289-6060  Ext. 0000,jomcfred@oldeparsonage.com,75,nsllist,-,-,-,-
1545,FOREST HILLS ELECTRICAL,,1900 LOWER RD,LINDEN,NJ,07036,,(617) 983-9920  Ext. 0000,,56,nsllist,-,-,-,-
1548,METRO ELEC (CAPE GIRARDEA,,,ST. LOUIS,MO,63139,,(800) 640-1811  Ext. 0000,ap@metroelectricsupply.com,81,nsllist,-,-,-,-
1552,WRIGHT LIGHTING & FIRESIDE,,,SAN JOSE,CA,95125,,(408) 979-0800  Ext. 0000,sharon@wrightlighting.com,86,nsllist,-,-,-,-
1562,WESCO (NEEDHAM ELEC. (LACONIA),,,CANTON,MA,2021,,(603) 524-0505  Ext. 0000,ACCOUNTSPAYABLE@NEEDHAMELECTRIC.COM,56,nsllist,-,-,-,-
15682,ALL-PHASE (ATHENS),162 COMMERCE BLVD.,,ATHENS,GA,30606,,(706) 546-8381  Ext. 0000,,4,nsllist,-,-,-,-
15683,ALL-PHASE (ANDERSON),,,,,,,(864) 225-6206  Ext. 0000,apeanderson.0184@billinginbox.com,57,nsllist,-,-,-,-
15685,ALL-PHASE (CRAWFORDSVILLE,,PO BOX 750,CRAWFORDSVILLE,IN,47933,,(765) 362-4367  Ext. 0000,,74,nsllist,-,-,-,-
15688,ALL-PHASE (ENFIELD),,,ENFIELD,CT,06082,,(860) 289-7711  Ext. 0000,payables@all-phasect.com,55,nsllist,-,-,-,-
15689,ALL-PHASE (FORT WAYNE),,,FORT WAYNE,IN,46825,,(260) 482-1537  Ext. 0000,customerservice@apeftwayne.com,74,nsllist,-,-,-,-
157,FERGUSON/JDD (NEWTON),,P.O. BOX 9406,HAMPTON,VA,23670-0406,,(617) 630-0100  Ext. 0000,apinvoices@ferguson.com,56,nsllist,-,-,-,-
15702,TESCO,,,FAIRBANKS,AK,99701-6632,,(907) 452-1981  Ext. 0000,Tiana@tescoced.com,23,nsllist,-,-,-,-
15703,"COVENTRY LIGHTING, INC.",RITA SANTON,6398 S RACCOON ROAD,CANFIELD,OH,44406,,(330) 533-0833  Ext. 0000,,75,nsllist,-,-,-,-
15705,STANDARD ELEC (LANSING),,,SAGINAW,MI,48603-0289,,(517) 487-3232  Ext. 0000,ap@standardelectricco.com,64,nsllist,-,-,-,-
15708,STANDARD ELEC (MARQUETTE),,,,,,,(906) 228-9570  Ext. 0000,ap@standardelectricco.com,16,nsllist,-,-,-,-
15713,NORTHERN LIGHTS (ROCHESTE,,511 NORTHERN HILLS DR NE,ROCHESTER,MN,55906-4096,,(507) 285-1900  Ext. 0000,,16,nsllist,-,-,-,-
15714,NORTHWEST ELEC (MOUNT PRO,,,MOUNT PROSPECT,IL,60056,,(847) 255-3700  Ext. 0000,ACCOUNTSPAYABLE@NWELECTRICAL.COM,40,nsllist,-,-,-,-
15746,ADVANCE ELECTRIC INC,,846 CARPENTER ST,GAYLORD,MI,49735,,(989) 732-2485  Ext. 0000,,64,nsllist,-,-,-,-
15748,W.T. LIGHTING,,1418 1ST AVE NE,ROCHESTER,MN,55906,,(507) 281-5961  Ext. 0000,wynntodd@wtlightingmn.com,16,nsllist,-,-,-,-
1576,BORDER STATES (SIOUX,,,FARGO,ND,58108-2767,,(605) 331-4454  Ext. 0000,APINVOICES@BORDERSTATES.COM,16,nsllist,-,-,-,-
15764,IDLEWOOD ELECTRIC SUPPLY,,,CHICAGO,IL,60035,,(773) 286-1800  Ext. 0000,CWARCHOL@IDLEWOODELECTRIC.COM,40,nsllist,-,-,-,-
15767,INDIANA LTG CNTR (SHADELA,,,INDIANAPOLIS,IN,46250,,(317) 915-7000  Ext. 0000,ap@indianalighting.com,74,nsllist,-,-,-,-
15779,LYONS ELECTRIC SUPPLY,,,DAYTON,OH,45401-0096,,(937) 224-5491  Ext. 0000,AP@DICKMANSUPPLY.COM,75,nsllist,-,-,-,-
15796,FERGUSON ENTER (BALTIMORE,,,HAMPTON,VA,23670-0406,,(443) 543-1300  Ext. 0000,apinvoices@ferguson.com,62,nsllist,-,-,-,-
15801,C.E.D./KING SUPPLY,,703 THOMAS ROAD,WEST MONROE,LA,71292,,(318) 322-4482  Ext. 0000,,60,nsllist,-,-,-,-
15809,ERVIN EQUIPMENT INC,,PO BOX 306,TOLEDO,IL,62468,,(217) 849-3125  Ext. 0000,,1,nsllist,-,-,-,-
15816,C.E.D. (PORTLAND)/GILMAN ELECTRIC,,,PORTLAND,ME,4102,,(207) 761-7788  Ext. 0000,gesportland.5965@billinginbox.com,56,nsllist,-,-,-,-
15817,C.E.D. (WINDHAM))/GILMAN ELECTRIC,,,,,,,(207) 810-4089  Ext. 0000,Kelly@gilmanportland.com,56,nsllist,-,-,-,-
15825,C.E.D. (BRUNSWICK),,,BRUNSWICK,ME,04011,,(207) 729-4155  Ext. 0000,kinman@cedgilman.com,56,nsllist,-,-,-,-
1584,C.E.D. (CRAIG),,165 W. 16TH STREET,CRAIG,CO,81625,,(970) 824-4471  Ext. 0000,,50,nsllist,-,-,-,-
15841,TURTLE & HUGHES (NEWBURGH),,,,,,,,accountspayable@turtle.com,54,nsllist,-,-,-,-
15842,TURTLE & HUGHES (LEVITTOWN),,,,,,,(215) 302-7800  Ext. 0000,accountspayable@turtle.com,78,nsllist,-,-,-,-
15843,TURTLE & HUGHES (LINDEN),,,LINDEN,NJ,7036,,(732) 574-3600  Ext. 0000,accountspayable@turtle.com,78,nsllist,-,-,-,-
15844,TURTLE & HUGHES (SOMERSET),,,,,,,,accountspayable@turtle.com,78,nsllist,-,-,-,-
15846,HORIZON (LITTLETON)),ACCOUNTS PAYABLE,109 NORTHPARK BLVD.,COINGTON,LA,70433,,(303) 934-3200  Ext. 0000,,50,nsllist,-,-,-,-
15849,C.E.D. (SANTA FE),,1590 PACHECO STREET,SANTA FE,NM,87505,,(505) 982-4606  Ext. 0000,,72,nsllist,-,-,-,-
15859,JOHNSON ELECTRIC (NORFOLK),,,,,,,(508) 384-1144  Ext. 0000,ANNEMFLAVIN@COMCAST.NET,56,nsllist,-,-,-,-
15866,WORLD ELECTRIC (JACKSONVILLE),,,MAITLAND,FL,32794-5650,,(904) 378-4000  Ext. 0000,APINVOICES@SONEPAR-US.COM,31,nsllist,-,-,-,-
15879,GREAT LAKES ELEC. SUPPLY,GREAT LAKES ELECTRIC SUPPLY,2110 PONTIAC ROAD,AUBURN HILLS,MI,48326,,(248) 370-0104  Ext. 0000,,64,nsllist,-,-,-,-
15896,LIGHT BULBS ETC (MONTCLAI,,8760 CENTRAL AVE,MONTCLAIR,CA,91763,,(909) 482-4414  Ext. 0000,,1,nsllist,-,-,-,-
1594,PLATT ELEC (EUGENE),,,,,,,(541) 485-7528  Ext. 0000,plattap@platt.com,22,nsllist,-,-,-,-
15980,MIKE'S LIGHTING CENTER,,,SLIDELL,LA,70458,,(985) 649-9343  Ext. 0000,mikeshardwarestore@hotmail.com,60,nsllist,-,-,-,-
15981,C.E.D. (LAS VEGAS),JIM HEALEA,4085 W. RUSSELL RD.,LAS VEGAS,NV,89118,,(702) 736-4949  Ext. 0000,,71,nsllist,-,-,-,-
15986,REGENCY LIGHTING (KENNESAW),,mz.ap@regencylighting.com,CHATSWORTH,CA,91311,,(770) 795-8833  Ext. 0000,VendorsMthruZ@regencylighting.com,4,nsllist,-,-,-,-
160,EDGES ELECTRICAL DISTRIBUTOR,,PO BOX 26830,SAN JOSE,CA,95159-6830,,(408) 293-5818  Ext. 0000,,86,nsllist,-,-,-,-
1612,PLATT ELEC (MARYSVILLE),,,,,,,(000) 000-0000  Ext. 0000,plattap@platt.com,23,nsllist,-,-,-,-
16137,LIGHTS OUT,JAYE KENYON,4275 GREAT OAKS LANE,JACKSONVILLE,FL,32207,,(904) 910-7355  Ext. 0000,,31,nsllist,-,-,-,-
16145,MURPHY LIGHTING SYSTEMS,,,ORLANDO,FL,32807,,(407) 895-7475  Ext. 0000,accounting@murphylighting.com,1,nsllist,-,-,-,-
16162,CREATIVE LTG CONCEPTS LLC,,5740 CORSA AVE. #107,WESTLAKE VILLAG,CA,91362,,(818) 597-8853  Ext. 0000,,86,nsllist,-,-,-,-
1617,LEGACY LIGHTING LLC,301-A BROGDON RD,,SUWANEE,GA,30024,,(678) 765-6925  Ext. 0000,,4,nsllist,-,-,-,-
16178,MARS ELECTRIC (STREETSBOR,,,MAYFIELD VILLAGE,OH,44143,,(330) 562-2609  Ext. 0000,payables@mars-electric.com,75,nsllist,-,-,-,-
16183,PROGRESSIVE LTG (CUMMING),,,DULUTH,GA,30096,,(770) 205-2545  Ext. 0000,PAYABLES@PROGRESSIVELIGHTING.COM,4,nsllist,-,-,-,-
1622,GALLOWAY ELECTRIC SUPPLY,,,HENDERSON,KY,42420,,(270) 826-1224  Ext. 0000,MHEISLER@GALLOWAYELECTRIC.COM,20,nsllist,-,-,-,-
1623,C.E.S. (CAPE CORAL),,,ORLANDO,FL,32860,,(941) 573-1860  Ext. 0000,fl.ap@cityelectricsupply.com,31,nsllist,-,-,-,-
16244,GLORIA MCMILLAN (SUB REP),GLORIA,505 HIGHLAND BLVD,RICHARDSON,TX,75081,,(972) 726-0594  Ext. 0000,,39,nsllist,-,-,-,-
16251,"C.E.S. (FRISCO, CO)",,,,CO,80443,,(970) 668-0636  Ext. 0000,swt.ap@cityelectricsupply.com,50,nsllist,-,-,-,-
16258,ACCUSERV EQUIPMENT & SUPP,,3865 PRODUCE ROAD #208,LOUISVILLE,KY,40218,,(502) 961-0096  Ext. 0000,,20,nsllist,-,-,-,-
16265,CANIFF ELECTRIC SUPPLY CO,,,HAMTRAMCK,MI,48212,,(313) 365-8144  Ext. 0000,ap@caniff.com,64,nsllist,-,-,-,-
16283,SCHWING ELEC (SOUTHAMPTON,,,FARMINGDALE,NY,11735,,(631) 287-4411  Ext. 0000,Payables@Schwingelectric.com,80,nsllist,-,-,-,-
16287,RACHEL'S LTG (15TH STREET,,,PANAMA CITY,FL,32401,,(850) 769-2348  Ext. 0000,ar.rachels@gmail.com,4,nsllist,-,-,-,-
16289,PLATT ELEC (WARRENTON),,,,,,,(503) 861-9334  Ext. 0000,plattap@platt.com,22,nsllist,-,-,-,-
16304,BUTLER SUPPLY (O'FALLON),BILL HALEY,965 HORAN DRIVE,FENTON,MO,63026,,(618) 624-6655  Ext. 0000,,74,nsllist,-,-,-,-
1637,C.E.S. (FERNANDINA BEA,,,ORANGE PARK,FL,32065,,(904) 261-6972  Ext. 0000,fl.ap@cityelectricsupply.com,31,nsllist,-,-,-,-
1638,C.E.S. (FENTON),,,,,,,(810) 885-3360  Ext. 0000,michiganeastgroup@cityelectricsupply.com,64,nsllist,-,-,-,-
164,"ILLUMINATIONS, INC.",,,LINCOLN,NE,68528,,(402) 475-4663  Ext. 0000,lindsay@illuminationslighting.biz,77,nsllist,-,-,-,-
1641,ALL COUNTY ELECTRIC,,2755 S. 163RD STREET,NEW BERLIN,WI,53151,,(262) 782-0600  Ext. 0000,ap@allcountyelectricsupply.com,16,nsllist,-,-,-,-
1660,FSG LIGHTING (DALLAS),,,AUSTIN,TX,78745,,(214) 217-0190  Ext. 0000,fsgap@fsgi.com,39,nsllist,-,-,-,-
1665,WESCO (INDIANPOLIS),,,CAROL STREAM,IL,60188,,(317) 266-1258  Ext. 0000,US-APinvoices@wescodist.com,74,nsllist,-,-,-,-
16666,WESCO (IRON MOUNTAIN),,,CAROL STREAM,IL,60188,,(906) 776-0911  Ext. 0000,US-APinvoices@wescodist.com,16,nsllist,-,-,-,-
1668,COOPER ELEC (STROUDSBERG),,,MAITLAND,FL,32794,,(570) 424-5402  Ext. 0000,APINVOICES@SONEPAR-US.COM,82,nsllist,-,-,-,-
16927,FASTWAY ELECTRIC SUPPLY,,PO BOX 566,RUIDOSO DOWNS,NM,88346,,(575) 378-7169  Ext. 0000,,72,nsllist,-,-,-,-
16930,QB LIGHTING & DESIGN/BEND LIGHTING,,615 SE GLENWOOD DR #100,BEND,OR,97702,,(541) 389-0621  Ext. 0000,,22,nsllist,-,-,-,-
17,C.E.D./LAPPIN ELECTRIC,,N24 W23750 WATERTOWN RD#G,PEWAUKEE,WI,53188,,(262) 547-5500  Ext. 0000,,16,nsllist,-,-,-,-
17005,C.E.S. (BROOMFIELD),,,CENTENNIAL,CO,80155-4507,,(303) 466-4618  Ext. 0000,swt.ap@cityelectricsupply.com,50,nsllist,-,-,-,-
17029,C.E.S. (BLUFFTON),,,N CHARLESTON,SC,29415,,(843) 815-8202  Ext. 0000,savannahgroup@cityelectricsupply.com,57,nsllist,-,-,-,-
1705,ALEXANDRA PAPPAS DESIGN,116 SYCAMORE DRIVE,,METAIRIE,LA,70005,,(404) 863-6763  Ext. 0000,,60,nsllist,-,-,-,-
1706,ALLIED WHOLESALE ELECTRICAL SUPPLY INC.,,,INDIANAPOLIS,IN,46224,,(317) 487-4100  Ext. 0000,AP@AWESI.COM,74,nsllist,-,-,-,-
1707,PLATT ELEC (GRASS VALLEY),,,,,,,(530) 272-2228  Ext. 0000,plattap@platt.com,86,nsllist,-,-,-,-
17089,TEMPLE ELECTRIC SUPPLY,,,,TX,75149,,(972) 285-6327  Ext. 0000,ap@templeelectric.com,39,nsllist,-,-,-,-
17098,C.E.D. (CARSON CITY),JAY,223 SAGE STREET,CARSON CITY,NV,89706,,(775) 883-4508  Ext. 0000,,71,nsllist,-,-,-,-
17099,ELLIOTT ELEC (MARBLE FALL,,,NACOGDOCHES,TX,75963,,(830) 693-9910  Ext. 0000,apinvoices@elliottelectric.com,66,nsllist,-,-,-,-
17108,T & T DISTRIBUTING CO.,,,,,,,(505) 863-3660  Ext. 0000,ttdistco@msn.com,72,nsllist,-,-,-,-
17113,CITY LIGHTS,,2131 E MISSOURI,EL PASO,TX,79903,,(915) 533-6045  Ext. 0000,,72,nsllist,-,-,-,-
17169,ABBEVILLE ELECTRIC SUPPLY,,320 SOUTH STATE STREET,ABBEVILLE,LA,70510,,(337) 898-2922  Ext. 0000,,60,nsllist,-,-,-,-
17179,J & G ELECTRIC CO INC,,,ROSWELL,NM,88203,,(575) 622-0146  Ext. 0000,accounting@jandgelectricco.com,72,nsllist,-,-,-,-
1719,DOMINION ELEC (CHANTILLY),,,ARLINGTON,VA,22207,,(703) 631-8300  Ext. 0000,vendorinvoices@dominionelectric.com,57,nsllist,-,-,-,-
172,BRITE-ONE LIGHTING GROUP,BOB TUROFF,176 PATNODE ROAD,WEST CHAZY,NY,12992-1705,,(518) 493-2852  Ext. 0000,,1,nsllist,-,-,-,-
17210,STANFORD ELECTRIC WORKS,,126 SAN ANTONIO CIRCLE,MOUNTAIN VIEW,CA,94040,,(650) 323-4139  Ext. 0000,,86,nsllist,-,-,-,-
17213,WOLFERS LTG/VISUAL COMFORT (ALLSTON),,,ALLSTON,MA,02134-9127,,(617) 254-0700  Ext. 0000,AP@wolfers.com,56,nsllist,-,-,-,-
17219,BEAUFORT WINLECTRIC #647,,,DAYTON,OH,45401-1127,,(843) 986-0575  Ext. 0000,apcentral@winwholesale.com,57,nsllist,-,-,-,-
17220,LOUISVILLE WINLECTRIC,,,DAYTON,OH,45401-1127,,(502) 459-7440  Ext. 0000,apcentral@winwholesale.com,20,nsllist,-,-,-,-
17221,SONEPAR USA (BIDDEFORD-NE,,,MAITLAND,FL,32794-5650,,(207) 282-3301  Ext. 0000,APINVOICES@SONEPAR-US.COM,56,nsllist,-,-,-,-
17223,SONEPAR USA (CONCORD-NH),,,MAITLAND,FL,32794-5650,,(603) 224-2323  Ext. 0000,APINVOICES@SONEPAR-US.COM,56,nsllist,-,-,-,-
17224,SONEPAR USA (HAVERHILL),,,MAITLAND,FL,32794-5650,,(978) 372-6200  Ext. 0000,APINVOICES@SONEPAR-US.COM,56,nsllist,-,-,-,-
17225,SONEPAR USA (LAWRENCE-NE),,,MAITLAND,FL,32794-5650,,(978) 683-2423  Ext. 0000,APINVOICES@SONEPAR-US.COM,56,nsllist,-,-,-,-
17226,SONEPAR USA (MARSHFIELD N,,,MAITLAND,FL,32794-5650,,(781) 837-8422  Ext. 0000,APINVOICES@SONEPAR-US.COM,56,nsllist,-,-,-,-
17227,NORTH EAST ELECTRICAL (MEDFORD-EA),,,MAITLAND,FL,32794-5650,,(781) 391-0180  Ext. 0000,APINVOICES@SONEPAR-US.COM,56,nsllist,-,-,-,-
17228,NORTHEAST ELECTRICAL (QUINCY),,,MAITLAND,FL,32794-5650,,(617) 471-7500  Ext. 0000,APINVOICES@SONEPAR-US.COM,56,nsllist,-,-,-,-
17229,NORTHEAST ELECTRICAL (BROCKTON),,,MAITLAND,FL,32794-5650,,(781) 401-8500  Ext. 0000,APINVOICES@SONEPAR-US.COM,56,nsllist,-,-,-,-
17230,SONEPAR USA (STRATHAM-NH),,,MAITLAND,FL,32794-5650,,(603) 778-9585  Ext. 0000,APINVOICES@SONEPAR-US.COM,56,nsllist,-,-,-,-
17231,SONEPAR USA (WATERTOWN),,,MAITLAND,FL,32794-5650,,(617) 926-7455  Ext. 0000,APINVOICES@SONEPAR-US.COM,56,nsllist,-,-,-,-
17232,NORTHEAST ELECTRICAL (SANFORD),,,,,,,(207) 490-1633  Ext. 0000,APINVOICES@SONEPAR-US.COM,56,nsllist,-,-,-,-
17243,KENDALL ELEC (WYOMING),,,PORTAGE,MI,49002-2049,,(616) 940-9880  Ext. 0000,accountspayable@kendallelectric.com,64,nsllist,-,-,-,-
17248,NOTOCO INDUSTRIES (LAFAYE,,,BATON ROUGE,LA,70816,,(337) 237-1100  Ext. 0000,pwhite@notocoind.com,60,nsllist,-,-,-,-
1726,WILKINSON HOUSE OF LTG,,88 EAST 1160 SOUTH BLD#2,ST. GEORGE,UT,84770,,(435) 673-9642  Ext. 0000,,50,nsllist,-,-,-,-
17261,RES EXHIBIT SERVICES,,435 SMITH STREET,ROCHESTER,NY,14608,,(585) 546-2040  Ext. 0000,,1,nsllist,-,-,-,-
17275,FLORES LIGHTING GROUP - FRMR REP,,3402 HUNTERS WIND,SAN ANTONIO,TX,78230,,(210) 559-7593  Ext. 0000,RFLORES@FLORESLIGHTING.COM,66,nsllist,-,-,-,-
17276,MIKE ELFORD (FLORES -FRMR REP,MIKE ELFORD,2807 RAMBLER VALLEY DR.,CEDAR PARK,TX,78613,,(512) 850-7366  Ext. 0000,,66,nsllist,-,-,-,-
17293,US ELECTRICAL SVC (NEW BR,,,MIDDLETOWN,CT,06457-2786,,(860) 229-1630  Ext. 0000,apinvoice@usesi.com,55,nsllist,-,-,-,-
17298,BOYD CORPORATION,,6325 SAN PEDRO AVENUE,SAN ANTONIO,TX,78216-7282,,(210) 344-9222  Ext. 0000,,66,nsllist,-,-,-,-
17345,THE LIGHTING GALLERY,,1415 SPAR AVE,ANCHORAGE,AK,99501-1810,,(907) 277-5445  Ext. 0000,,23,nsllist,-,-,-,-
17348,THE LIGHTING GALLERY,,,GRAND FORKS,ND,58201,,(701) 772-2402  Ext. 0000,sonia@shopthelightinggallery.com,16,nsllist,-,-,-,-
17349,THE LIGHTING HUT,,230 N. INGRAHAM AVENUE,LAKELAND,FL,33801,,(863) 682-0158  Ext. 0000,,31,nsllist,-,-,-,-
1735,DOMINION ELEC (LAUREL),,,ARLINGTON,VA,22207,,(301) 470-2121  Ext. 0000,vendorinvoices@dominionelectric.com,62,nsllist,-,-,-,-
17368,STATE ELECTRIC (SALISBURY,,,HUNTINGTON,WV,25703,,(704) 633-0441  Ext. 0000,AP@STATEELECTRIC.COM,57,nsllist,-,-,-,-
17369,STATE ELECTRIC (CONCORD),,,HUNTINGTON,WV,25703-0397,,(704) 788-3300  Ext. 0000,AP@STATEELECTRIC.COM,57,nsllist,-,-,-,-
1738,DOVER ELECTRIC SUPPLY (DOVER),,,DOVER,DE,19901,,(302) 674-0115  Ext. 0000,vjohnson@doverelectric.com,82,nsllist,-,-,-,-
17388,RENSEN HOUSE OF LIGHTS,,,LENEXA,KS,66215,,(913) 888-0888  Ext. 0000,rholaccounting@yahoo.com,81,nsllist,-,-,-,-
1739,DOVER ELECTRIC SUPPLY (NEWARK),,,NEWARK,DE,19711,,(302) 456-3990  Ext. 0000,,78,nsllist,-,-,-,-
17402,"17-90 LIGHTING, INC.",,,ROCKLAND,ME,04841,,(207) 594-1790  Ext. 0000,info@17-90lighting.com,56,nsllist,-,-,-,-
17405,SOUTHSIDE ELECTRIC & LTG.,,,SOMERSET,KY,42501,,(606) 679-8426  Ext. 0000,ssidebilling@gmail.com,20,nsllist,-,-,-,-
17445,SUFFOLK DESIGNER LIGHTING,,455 COUNTY ROAD 39A,SOUTHAMPTON,NY,11968,,(631) 283-4800  Ext. 0000,,80,nsllist,-,-,-,-
17449,CENTRAL ELECTRIC SUPPLY,,190 NORTH 100 WEST,RICHFIELD,UT,84701,,(435) 896-8486  Ext. 0000,Mark@centralelectricsupply.com,50,nsllist,-,-,-,-
17460,VALLEY LIGHT GALLERY,,,,,,,(480) 948-5030  Ext. 0000,Jenn@ValleyLights.com,68,nsllist,-,-,-,-
17464,NESCO/YANKEE ELEC (RUTLAN,,,CANTON,MA,2021,,(802) 775-3672  Ext. 0000,ACCOUNTSPAYABLE@NEEDHAMELECTRIC.COM,56,nsllist,-,-,-,-
17466,HAMPDEN ZIMMERMAN (KINGSTON),,,MIDDLETOWN,CT,06457-2786,,(845) 382-2852  Ext. 0000,apinvoice@usesi.com,55,nsllist,-,-,-,-
17476,C.E.S. (COLORADO SPRINGS),,,CENTENNIAL,CO,80155,,(719) 638-6382  Ext. 0000,swt.ap@cityelectricsupply.com,50,nsllist,-,-,-,-
1748,C.E.S. (CLEARWATER),,,ORLANDO,FL,32868-9515,,(727) 530-1300  Ext. 0000,fl.ap@cityelectricsupply.com,31,nsllist,-,-,-,-
17493,SONEPAR USA (STAMFORD-NE),,,MAITLAND,FL,32794-5650,,(203) 348-2645  Ext. 0000,APINVOICES@SONEPAR-US.COM,55,nsllist,-,-,-,-
175,BROCK-MCVEY CO (LEXINGTON,,P.O. BOX 55487,LEXINGTON,KY,40555-5487,,(859) 255-8311  Ext. 0000,,20,nsllist,-,-,-,-
17551,DEALERS ELEC (DENTON),,,DENTON,TX,76205-4302,,(940) 566-3515  Ext. 0000,lwatso@dealerselectrical.com,39,nsllist,-,-,-,-
17580,"MASC CONSULTANTS, INC",,5115-A UNICON DRIVE,WAKE FOREST,NC,27587,,(919) 556-1311  Ext. 0000,,57,nsllist,-,-,-,-
1764,REXEL (ASHEVILLE),,,,,,,(828) 255-8899  Ext. 0000,RexelAPinvoices@rexelusa.com,57,nsllist,-,-,-,-
17654,MODERN LIGHTING DESIGN,,,CHARLOTTE,NC,28203,,(704) 332-0109  Ext. 0000,Info@modernlightingdesign.com,57,nsllist,-,-,-,-
1766,GRAYBAR/4427027 (NAPLES),,,ST. LOUIS,MO,63178,,(239) 643-4000  Ext. 0000,captivainvoice@graybar.com,32,nsllist,-,-,-,-
17661,INNOVATIVE BUILDING INC.,,2683 AMAWALK ROAD,KATONAH,NY,10536,,(914) 232-9639  Ext. 0000,,1,nsllist,-,-,-,-
17678,C.E.D. (NEWPORT)/GILMAN ELECTRIC,,,NEWPORT,ME,04953,,(207) 368-4306  Ext. 0000,gesnewport.4997@billinginbox.com,56,nsllist,-,-,-,-
17684,LIGHT BULB DEPOT (HOUSTON,,P.O. BOX 410,AURORA,MO,65605-0410,,(417) 678-4220  Ext. 0000,,66,nsllist,-,-,-,-
17687,DAKOTA SUPPLY (SIOUX FALL,,,SIOUX FALLS,SD,57701,,(605) 336-3880  Ext. 0000,ap@dsginc.biz,16,nsllist,-,-,-,-
1769,ENDACOTT LIGHTING,,,MANHATTAN,KS,66502,,(785) 776-4472  Ext. 0000,susieendacottlights@gmail.com,81,nsllist,-,-,-,-
17695,ELECTRIC SUPPLY (PHOENIX),,,PHOENIX,AZ,85007,,,ap@escctr.net,71,nsllist,-,-,-,-
17713,INDUSTRIAL & RESIDENTIAL,,200 N. 2ND STREET,MINNEAPOLIS,MN,55401,,(612) 333-4406  Ext. 0000,,16,nsllist,-,-,-,-
17715,C.E.D. (VENICE),,,VENICE,FL,34285,,(941) 488-8116  Ext. 0000,CUSTOMERSERVICE@CEDVENICE.COM,32,nsllist,-,-,-,-
17716,C.E.D. (FORT MEYER),,6200 METROPLEX DRIVE,FORT MEYERS,FL,33966,,(239) 334-4581  Ext. 0000,,32,nsllist,-,-,-,-
17726,DAKOTA SUPPLY (ABERDEEN),,,ABERDEEN,SD,57401,,(605) 225-7100  Ext. 0000,ap@dsginc.biz,16,nsllist,-,-,-,-
17727,DAKOTA SUPPLY (DICKINSON),,,DICKINSON,ND,58601,,(701) 483-6525  Ext. 0000,ap@dsginc.biz,16,nsllist,-,-,-,-
1774,"LIGHT IDEAS, INC.",,1089-B TAMIAMI TRAIL,PORT CHARLOTTE,FL,33953,,(941) 627-5353  Ext. 0000,,32,nsllist,-,-,-,-
17746,P.J. BAKER ELECTRIC,P.O. BOX 43,,MECHANICVILLE,NY,12118,,(518) 664-7316  Ext. 0000,,1,nsllist,-,-,-,-
17747,G & G ELECTRIC SUPPLY,,,NEW YORK,NY,10011-1901,,(212) 243-0051  Ext. 0000,gg_acctpay@ggelectric.com,80,nsllist,-,-,-,-
17750,DEALERS ELEC (MARBLE FALL,,,MARBLE FALLS,TX,78654-3924,,(830) 693-9191  Ext. 0000,apde29@dealerselectrical.com,66,nsllist,-,-,-,-
17752,DEALERS ELEC (GEORGETOWN),PO BOX 1487,100 Madison Oaks Ave,GEORGETOWN,TX,78627,,(512) 763-8000  Ext. 0000,,66,nsllist,-,-,-,-
17766,C.E.S. (PLYMOUTH),,,BROCKTON,MA,2301,,(508) 732-0003  Ext. 0000,bostonsouthgroup@concordelectricsupply.com,56,nsllist,-,-,-,-
17778,REXEL (FENTON),,,,,,,(314) 427-3333  Ext. 0000,RexelAPinvoices@rexelusa.com,81,nsllist,-,-,-,-
17795,REXEL (CAPITOL HEIGHTS),,,,PA,19101,,(301) 249-5005  Ext. 0000,RexelAPinvoices@rexelusa.com,62,nsllist,-,-,-,-
17805,KIRBY RISK (CENTRALIA),,,LAFAYETTE,IN,47903-5089,,(618) 533-4477  Ext. 0000,accountspayable@kirbyrisk.com,74,nsllist,-,-,-,-
17808,KIRBY RISK (DANVILLE),,,,,,,(217) 446-7979  Ext. 0000,accountspayable@kirbyrisk.com,40,nsllist,-,-,-,-
17815,KIRBY RISK (TERRE HAUTE),,,LAFAYETTE,IN,47903-5089,,(618) 395-7800  Ext. 0000,accountspayable@kirbyrisk.com,74,nsllist,-,-,-,-
17820,KIRBY RISK (VINCENNES),,,LAFAYETTE,IN,47903-5089,,(812) 882-2938  Ext. 0000,accountspayable@kirbyrisk.com,74,nsllist,-,-,-,-
17821,DEALERS ELEC (TYLER),,,TYLER,TX,75710-1110,,(903) 593-7357  Ext. 0000,breeve@dealerselectrical.com,39,nsllist,-,-,-,-
17823,DEALERS ELEC (MARSHALL),PO BOX 687,506 W. Houston,MARSHALL,TX,75670-0687,,(903) 935-7865  Ext. 0000,,39,nsllist,-,-,-,-
17824,DEALERS ELEC (FORT WORTH),PO BOX 7578,713 N. Beach,FORT WORTH,TX,76111-7578,,(817) 831-0054  Ext. 0000,,39,nsllist,-,-,-,-
17826,DEALERS ELEC (SHERMAN),P.O. Box 1205,1616 BAKER RD,SHERMAN,TX,75090-2143,,(903) 893-1177  Ext. 0000,,39,nsllist,-,-,-,-
17829,DEALERS ELEC (BRYAN),,,BRYAN,TX,77801-2544,,(979) 775-1697  Ext. 0000,DZITO@DEALERSELECTRICAL.COM,66,nsllist,-,-,-,-
1783,LIGHTING CONCEPTS,,P.O. BOX 7899,LEWISTON,ME,04243-7899,,(207) 753-0000  Ext. 0000,,56,nsllist,-,-,-,-
17831,DEALERS ELEC (HOUSTON),PO BOX 12669,5220 Old Galveston Rd.,HOUSTON,TX,77217-2669,,(713) 944-3098  Ext. 0000,,66,nsllist,-,-,-,-
17850,INDEPENDENT ELEC (SOMERVI,,41 INNER BELT RD,SOMERVILLE,MA,02143,,(617) 625-5155  Ext. 0000,AP@iesbuy.com,56,nsllist,-,-,-,-
17852,C.E.D./EFENGEE ELECTRICAL,2801 BUSSE RD,,ELK GROVE VILLAGE,IL,60007,,(630) 274-6700  Ext. 0000,,40,nsllist,-,-,-,-
17853,"L & M LIGHTING, INC",,15600 OLD 41 RD,NAPLES,FL,34110,,(239) 593-1581  Ext. 0000,,32,nsllist,-,-,-,-
17858,"REXEL USA, INC (MAYER-NORCROSS)",,,NEWNAN,GA,30271,,(770) 447-6800  Ext. 0000,APINVOICES@MAYERELECTRIC.COM,4,nsllist,-,-,-,-
17861,C.E.D./RAYBRO (NAPLES),,,,,,,(239) 643-5568  Ext. 0000,customerservice@cednaples.com,32,nsllist,-,-,-,-
17866,WILDER WINELECTRIC #164,,,DAYTON,OH,45401-1127,,(859) 781-0132  Ext. 0000,apcentral@winwholesale.com,20,nsllist,-,-,-,-
1787,"CITILITES DESIGN, INC.",,,PLANO,TX,75093,,(972) 380-9359  Ext. 0000,kwjones@citilitesdesign.net,1,nsllist,-,-,-,-
17882,FERGUSON/JDD (FRANK#1196),,,HAMPTON,VA,23670-0406,,(508) 528-0006  Ext. 0000,apinvoices@ferguson.com,56,nsllist,-,-,-,-
17888,C.E.S. (BROCKTON),,,BROCKTON,MA,2301,,(508) 559-7833  Ext. 0000,bostonsouthgroup@concordelectricsupply.com,56,nsllist,-,-,-,-
17893,C.E.S. (QUINCY),,,BROCKTON,MA,2301,,(617) 773-1007  Ext. 0000,bostonsouthgroup@concordelectricsupply.com,56,nsllist,-,-,-,-
17894,C.E.S. (LYNN),,,BROCKTON,MA,02301,,(781) 586-0237  Ext. 0000,bostonsouthgroup@concordelectricsupply.com,56,nsllist,-,-,-,-
17895,C.E.S. (MARLBOROUGH),,,BROCKTON,MA,2301,,(508) 786-0007  Ext. 0000,bostonsouthgroup@concordelectricsupply.com,56,nsllist,-,-,-,-
17898,C.E.S. (WOBURN),,,BROCKTON,MA,2301,,(781) 729-9101  Ext. 0000,bostonsouthgroup@concordelectricsupply.com,56,nsllist,-,-,-,-
17917,LESSMAN ELECTRIC SUPPLY,,,SIOUX CITY,IA,51103,,(712) 277-8040  Ext. 0000,dixie@lessmanelectric.com,77,nsllist,-,-,-,-
17938,J & T ELECTRICAL SUPPLY,,3606 THOMAS ROAD,OXFORD,MI,48371,,(248) 628-6999  Ext. 0000,,64,nsllist,-,-,-,-
17952,LITTMAN BROS (MORTON GROV,,7628 W DEMPSTER ST,MORTON GROVE,IL,60053,,(847) 470-0690  Ext. 0000,,40,nsllist,-,-,-,-
1796,NORTH COAST ELEC (BELLING,,,SEATTLE,WA,98124-1121,,(360) 671-1100  Ext. 0000,APINVOICES@SONEPAR-US.COM,23,nsllist,-,-,-,-
17960,LEFF ELECTRIC (YOUNGSTOWN,,4700 SPRING RD,CLEVELAND,OH,44131,,(330) 799-1366  Ext. 0000,,75,nsllist,-,-,-,-
17961,NORTH COAST ELEC (ANCHORA,,,SEATTLE,WA,98124,,(907) 563-5229  Ext. 0000,APINVOICES@SONEPAR-US.COM,23,nsllist,-,-,-,-
17965,NORTH COAST ELEC (AUBURN),,,,,,,(253) 374-3000  Ext. 0000,APINVOICES@SONEPAR-US.COM,23,nsllist,-,-,-,-
1799,"JPR GROUP, INC.",,,STATEN ISLAND,NY,10309-1802,,(718) 608-2900  Ext. 0000,suzanne@jprlighting.com,80,nsllist,-,-,-,-
18001,REVCO ELEC (MILLER PLACE),,,SOUTHAMPTON,NY,11969-1539,,(631) 509-6340  Ext. 0000,ap@revcoelectric.com,80,nsllist,-,-,-,-
18002,WILSON EQUIPMENT,,,OAKLAND,CA,94618,,(510) 654-0001  Ext. 0000,sean@wilson-associates.net,1,nsllist,-,-,-,-
18003,REVCO ELEC (SOUTHAMPTON),,,SOUTHAMPTON,NY,11969,,(631) 283-3600  Ext. 0000,ap@revcoelectric.com,80,nsllist,-,-,-,-
18004,REVCO ELEC (RIVERHEAD),,,SOUTHAMPTON,NY,11969-1539,,(631) 369-1900  Ext. 0000,ap@revcoelectric.com,80,nsllist,-,-,-,-
18005,REVCO ELEC (EAST HAMPTON),,,SOUTHAMPTON,NY,11969-1539,,(631) 329-4600  Ext. 0000,ap@revcoelectric.com,80,nsllist,-,-,-,-
18006,C.E.S. (WILLIAMSPORT),,,HICKORY,NC,28601,,(301) 223-1214  Ext. 0000,washingtongroup@cityelectricsupply.com,62,nsllist,-,-,-,-
18008,ADVANCE ELECTRICAL (CHICA,,263 N. OAKLEY BLVD.,CHICAGO,IL,60612-2239,,(312) 421-2300  Ext. 0000,,40,nsllist,-,-,-,-
18017,GORDON LIGHTING & SUPPLY,6756 RIVER OAKS VIEW DR,,MEMPHIS,TN,38120,,(901) 762-6262  Ext. 0000,,20,nsllist,-,-,-,-
180214,AMERICAN SPECIALTIES COMPANY INC.,,PO BOX 26216,MACON,GA,31221-6216,,(000) 000-0000  Ext. 0000,,4,nsllist,-,-,-,-
18026,REXEL (ELIZABETH CITY),,,PHILADELPHIA,PA,19101,,(252) 338-5157  Ext. 0000,RexelAPinvoices@rexelusa.com,57,nsllist,-,-,-,-
18047,WIEDAMARK,,,DALLAS,TX,75219,,(800) 893-9787  Ext. 0000,dan@wdmlighting.com,1,nsllist,-,-,-,-
18048,"LANTERN HOUSE, INC",GLORIA,P.O. BOX 4339,WICHITA FALLS,TX,76308,,(940) 692-7381  Ext. 0000,,39,nsllist,-,-,-,-
1806,PLATT ELEC (DIAMOND SPRINGS),,,,,,,(000) 000-0000  Ext. 0000,plattap@platt.com,86,nsllist,-,-,-,-
18087,SONEPAR USA (NASHUA),,,MAITLAND,FL,32794-5650,,(603) 889-5125  Ext. 0000,APINVOICES@SONEPAR-US.COM,56,nsllist,-,-,-,-
18092,ALL ABOUT LIGHTS (BUTTE),,2843 AMHERST AVENUE,BUTTE,MT,59701,,(406) 533-1333  Ext. 0000,,50,nsllist,-,-,-,-
18094,STATE ELECTRIC (MIDDLESBORO),,,HUNTINGTON,WV,25703-0397,,(606) 248-1730  Ext. 0000,AP@STATEELECTRIC.COM,20,nsllist,-,-,-,-
18113,CHEYENNE WINLECTRIC #381,,PO BOX 1127,DAYTON,OH,45401-1127,,(307) 635-4966  Ext. 0000,,50,nsllist,-,-,-,-
18114,RETROSPECT WATER & LIGHT,,,SALT LAKE CITY,UT,84111,,(801) 517-3876  Ext. 0000,retrospectslc@gmail.com,50,nsllist,-,-,-,-
18116,SONEPAR USA (WILLISTON-NE,,,MAITLAND,FL,32794-5650,,(802) 658-1625  Ext. 0000,APINVOICES@SONEPAR-US.COM,56,nsllist,-,-,-,-
1813,SAN RAMON LIGHTING (GLOBAL SOURCE LIGHTING INC),,,AGOURA HILLS,CA,91301,,(925) 242-9700  Ext. 0000,globalsourcelighting@gmail.com,86,nsllist,-,-,-,-
18140,KRIZ-DAVIS CO. (FREMONT),,,GRAND ISLAND,NE,68802,,(402) 727-1700  Ext. 0000,KDACCOUNTSPAYABLE@KRIZDAVIS.COM,77,nsllist,-,-,-,-
18141,KRIZ-DAVIS CO. (SCOTTSBLU,,,GRAND ISLAND,NE,68802-1427,,(308) 632-7127  Ext. 0000,KDACCOUNTSPAYABLE@KRIZDAVIS.COM,77,nsllist,-,-,-,-
18145,KRIZ-DAVIS CO. (ARDMORE),,PO BOX 2767,FARGP,ND,58108-2767,,(580) 226-2280  Ext. 0000,,39,nsllist,-,-,-,-
18163,DAKOTA SUPPLY (MITCHELL),,,MITCHELL,SD,37301-1029,,(605) 996-7591  Ext. 0000,ap@dsginc.biz,16,nsllist,-,-,-,-
18164,DAKOTA SUPPLY (PIERRE),,,PIERRE,SD,57501-0399,,(605) 224-8855  Ext. 0000,ap@dsginc.biz,16,nsllist,-,-,-,-
18166,DAKOTA SUPPLY (FARGO),,,FARGO,ND,58108-2886,,(701) 237-9440  Ext. 0000,ap@dsginc.biz,16,nsllist,-,-,-,-
18168,DAKOTA SUPPLY (MINOT),,,MINOT,ND,58703,,(701) 852-4466  Ext. 0000,ap@dsginc.biz,16,nsllist,-,-,-,-
18169,DAKOTA SUPPLY (ST. PAUL),,,ST. PAUL,MN,55103,,(651) 224-5781  Ext. 0000,ap@dsginc.biz,16,nsllist,-,-,-,-
18176,LIGHTING DESIGN CENTER,,6415 HINSON STREET,LAS VEGAS,NV,89118,,(702) 897-8866  Ext. 0000,,68,nsllist,-,-,-,-
18178,C.E.D. (BARRE),,,BARRE,VT,5641,,(802) 223-2488  Ext. 0000,AESPINOZA@CED-TWINSTATEBARRE.COM,56,nsllist,-,-,-,-
1818,MID STATE SUPPLY COMPANY,BECKY BOLEN,P.O. BOX 5525,ALEXANDRIA,LA,71307,,(318) 448-3411  Ext. 0000,,60,nsllist,-,-,-,-
18184,KIVA LIGHTING,,312 INDUSTRIAL AVE NE,ALBUQUERQUE,NM,87107,,(505) 342-9044  Ext. 0000,,72,nsllist,-,-,-,-
18198,TRINITY LIGHTING ETC,,2033 NE 163RD ST,N MIAMI BEACH,FL,33162,,(305) 932-8733  Ext. 0000,,32,nsllist,-,-,-,-
182,BULBTRONICS (FARMINGDALE),,45 BANFI PLAZA,FARMINGDALE,NY,11735,,(631) 249-2272  Ext. 0000,,80,nsllist,-,-,-,-
18201,INDEPENDENT ELEC (NAPA),,,NAPA,CA,94558,,(707) 251-0900  Ext. 0000,APINVOICES@SONEPAR-US.COM,86,nsllist,-,-,-,-
18203,NEWBURYPORT LIGHTING,,38R MERRIMAC STREET,NEWBURYPORT,MA,1950,,(978) 499-9777  Ext. 0000,newburyportlighting@comcast.net,56,nsllist,-,-,-,-
18214,ELLIOTT ELEC (W MONROE),,,NACOGDOCHES,TX,75963-0610,,(318) 398-9757  Ext. 0000,apinvoices@elliottelectric.com,60,nsllist,-,-,-,-
18215,ELLIOTT ELEC (COVINGTON),,,,,,,(985) 302-3016  Ext. 0000,apinvoices@elliottelectric.com,60,nsllist,-,-,-,-
18216,ELLIOTT ELEC (CONWAY),,,,,,,(501) 336-8444  Ext. 0000,apinvoices@elliottelectric.com,90,nsllist,-,-,-,-
18221,LOWE'S CABINET & LTG GALL,,,CLEVELAND,TN,37312,,(423) 476-9332  Ext. 0000,patrick@loweslightinggallery.com,20,nsllist,-,-,-,-
18222,JACK MORTON WORLDWIDE INC,,10 APPLEGATE DR,ROBBINSVILLE,NJ,8691,,(609) 259-0500  Ext. 0000,,1,nsllist,-,-,-,-
18224,LUXE CABLE + LIGHT,,1 NE 40TH STREET #1,MIAMI,FL,33137,,(305) 576-6639  Ext. 0000,,32,nsllist,-,-,-,-
18226,ATLANTIC ELECTRIC SUPPLY,,,WASHINGTON,DC,20017,,(202) 526-1300  Ext. 0000,invoices@atlanticelectricsupply.com,62,nsllist,-,-,-,-
18229,IBS LIGHTING LTD,2801 E. STATE HIGHWAY 121,,THE COLONY,TX,75056,,(469) 568-8450  Ext. 0000,,39,nsllist,-,-,-,-
18247,LUMENS LIGHT & LIVING,,"2020 L STREET, SUITE LL10",SACRAMENTO,CA,95811,,(916) 444-5585  Ext. 0000,,86,nsllist,-,-,-,-
1825,TIMBERLAKE LTG OF LYNCHB.,,,LYNCHBURG,VA,24502,,(434) 239-6934  Ext. 0000,mikelighting80@gmail.com,57,nsllist,-,-,-,-
18253,SHELLEY ALDRIDGE(SUB-REP),SHELLEY,727 DAVIDSON ST.,RALEIGH,NC,27609,,(919) 510-5595  Ext. 0000,,57,nsllist,-,-,-,-
18259,WEST VIRGINIA ELEC (PREST,,,,,,,(606) 889-0335  Ext. 0000,accounts.payable@wvsupply.com,20,nsllist,-,-,-,-
18260,ONE SOURCE LIGHTING (BILLINGS),,,BILLINGS,MT,59102,,(406) 655-7949  Ext. 0000,seckhardt@onesourcebillings.com,50,nsllist,-,-,-,-
18261,"THE LIGHTING PLACE,LLC",,4919 HISTORIC MAIN STREET,MANCHESTER CENT,VT,5255,,(802) 362-2077  Ext. 0000,,56,nsllist,-,-,-,-
18264,IMD ELECTRICAL SUPPLIES,,,LAKEWOOD,CO,80215,,(303) 237-3050  Ext. 0000,jeff@imdesc.com,50,nsllist,-,-,-,-
18289,ARROW ELEC (BEL AIR),,,BEL AIR,MD,21014,,(410) 838-2271  Ext. 0000,nfender@arrowelectricalsupply.com,62,nsllist,-,-,-,-
18291,UNITED LTG & SUPP (FT WAL,,,FT WALTON BEACH,FL,32549,,(850) 244-8155  Ext. 0000,apcentral@winwholesale.com,4,nsllist,-,-,-,-
18296,CRESCENT LTG BURL WA CHUCKANUT LIGHTING,,,BURLINGTON,WA,98233,,(360) 757-2195  Ext. 0000,AP@mycrescentlighting.com,23,nsllist,-,-,-,-
18315,REXEL (NEW BEDFORD),,,PHILADELPHIA,PA,19101,,(508) 985-1942  Ext. 0000,RexelAPinvoices@rexelusa.com,56,nsllist,-,-,-,-
18317,BILLOWS ELEC (DOWNINGTOWN,,,,,,,(610) 269-1493  Ext. 0000,sonepar.invoices@sonepar-us.com,82,nsllist,-,-,-,-
18318,"PREMIER LTG & ELEC, LLC",,1000A ALBERTSON PKWY,BROUSSARD,LA,70518-0355,,(337) 837-1050  Ext. 0000,,60,nsllist,-,-,-,-
18319,NORTHGLENN WINLECTRIC,,A/P FX 937-531-7288,,OH,45401-1127,,(303) 778-0300  Ext. 0000,,50,nsllist,-,-,-,-
18327,GRAINGER A/P (LINCOLNSHIR,,,PALATINE,IL,60038,,(847) 793-6344  Ext. 1832,grainger_invoice@grainger.com,1,nsllist,-,-,-,-
18338,ADAY CUSTOM CABINETRY,,PO BOX 495,ELKHORN,WI,53121,,(262) 723-2046  Ext. 0000,,1,nsllist,-,-,-,-
18353,PRIME ELECTRIC DISTRIBUTORS(ALHAMB,,2220 W MAIN ST,ALHAMBRA,CA,91801,,(626) 289-5177  Ext. 0000,,1,nsllist,-,-,-,-
18357,MATHES OF ALABAMA,,,FOLEY,AL,36536,,(251) 943-8551  Ext. 0000,ma.ap@mathesofal.com,4,nsllist,-,-,-,-
18358,COURTESY ELECTRIC (PASADE,,,PASADENA,CA,91104,,(626) 737-7777  Ext. 0000,accounting@cewusa.com,86,nsllist,-,-,-,-
18370,C.E.S. (HICKORY),,,GREENSBORO,NC,27406,,(828) 322-7117  Ext. 0000,piedmonttriadgroup@cityelectricsupply.com,57,nsllist,-,-,-,-
18374,LIGHTS OF OCONEE,,,EATONTON,GA,31024,,(706) 923-5483  Ext. 0000,admin@lightsofoconee.com,4,nsllist,-,-,-,-
18392,EUBANKS ELECTRICAL (CORBI,,,CORBIN,KY,40702,,(606) 528-2818  Ext. 0000,accap@eubanks-ky.com,20,nsllist,-,-,-,-
18393,EUBANKS ELECTRICAL (SOMER,,PO BOX 2504,CORBIN,KY,40702,,(606) 677-6900  Ext. 0000,,20,nsllist,-,-,-,-
18413,C.E.D. (KENT),,,KENT,WA,98032,,(253) 893-7333  Ext. 0000,ap@cedseattle.com,23,nsllist,-,-,-,-
18415,REXEL (MIDDLETOWN),,,,,,,(203) 925-2405  Ext. 0000,RexelAPInvoices@rexelusa.com,55,nsllist,-,-,-,-
18422,SONEPAR USA (DOVER-NE EL),,,MAITLAND,FL,32794-5650,,(603) 740-3800  Ext. 0000,APINVOICES@SONEPAR-US.COM,56,nsllist,-,-,-,-
18431,GARNER LUMLEY ELECTRIC,,PO BOX 1288,HATTIESBURG,MS,39403,,(601) 544-7388  Ext. 0000,,60,nsllist,-,-,-,-
18433,"TOCOR, INC",,,,,75006,,(502) 454-4500  Ext. 0000,debra@teiber.com,20,nsllist,-,-,-,-
18436,C.E.D.-EFENGEE ELECTRICAL,,31 W 356 DIEHL RD,NAPERVILLE,IL,60563,,(630) 369-1016  Ext. 0000,,40,nsllist,-,-,-,-
18442,UNILIGHT WHOLESALE ELECTR,,1824 LINCOLN BLVD.,SANTA MONICA,CA,90404,,(310) 264-7171  Ext. 0000,,1,nsllist,-,-,-,-
18469,CAPITAL OF SOUTH BAY INC,,,LAWNDALE,CA,90260,,(310) 793-4000  Ext. 0000,cap1wholesale@gmail.com,86,nsllist,-,-,-,-
1847,1000BULBS.COM,,,GARLAND,TX,75041,,(972) 288-2277  Ext. 0000,CPYLE@1000BULBS.COM,39,nsllist,-,-,-,-
18474,THE LIGHT CHOICE LLC,,3407 S 7TH STREET,TERRE HAUTE,IN,47802-4016,,(812) 231-0111  Ext. 0000,,74,nsllist,-,-,-,-
18483,KENDALL ELEC (COLUMBU,,,CINCINNATI,OH,45241,,(812) 372-8871  Ext. 0000,accountspayable@kendallelectric.com,74,nsllist,-,-,-,-
18495,NEW YORK LIGHT SOURCE INC,ARNOLD,494 8TH AVENUE 9TH FLOOR,NEW YORK,NY,10001,,(212) 947-7410  Ext. 0000,,80,nsllist,-,-,-,-
18502,ATG STORES.COM,******VENDOR CONSOLE,,KIRKLAND,WA,98034,,(425) 814-2515  Ext. 0000,,23,nsllist,-,-,-,-
18508,C & C ELECTRIC & LTG INC,SALES MANAGER,2430 LINE AVE,SHREVEPORT,LA,71104,,(318) 424-4406  Ext. 0000,,60,nsllist,-,-,-,-
18522,C.E.S. (STEAMBOAT SPGS),,,Centennial,CO,80155-4507,,(970) 871-8800  Ext. 0000,swt.ap@cityelectricsupply.com,50,nsllist,-,-,-,-
18523,LIGHTSOUTH SALES (REP),,,CUMMINGS,GA,30041,,(678) 524-4643  Ext. 0000,bartking42@gmail.com,4,nsllist,-,-,-,-
18532,LIGHTING & DECOR DBA JSM,626 Romence Rd,Suite 102,PORTAGE,MI,49024,,(269) 345-0967  Ext. 0000,,64,nsllist,-,-,-,-
18543,ECHO LIGHTING (OMAHA),,,OMAHA,NE,68137,,(402) 334-4900  Ext. 0000,ap@echogroupinc.com,77,nsllist,-,-,-,-
18544,ECHO ELECTRIC (WORTHINGTO,,,WORTHINGTON,MN,56187,,(507) 372-7767  Ext. 0000,ap@echogroupinc.com,16,nsllist,-,-,-,-
18545,ECHO ELECTRIC (NORFOLK),,,NORFOLK,NE,68701,,(402) 371-2928  Ext. 0000,ap@echogroupinc.com,77,nsllist,-,-,-,-
1857,STUSSER ELEC (BREMERTON),917 N. WYCOFF,,BREMERTON,WA,98312,,(360) 373-5018  Ext. 0000,,23,nsllist,-,-,-,-
18570,QED  (LAKE HAVASU),,,PHOENIX,AZ,85042-6430,,(928) 855-8131  Ext. 0000,APINVOICES@SONEPAR-US.COM,71,nsllist,-,-,-,-
18576,MASTERPIECE LIGHTING,,,ATLANTA,GA,30318,,(404) 897-9977  Ext. 0000,payables@masterpiecelighting.com,4,nsllist,-,-,-,-
18579,ILLUMINATING EXPRESSIONS,,,EVANSVILLE,IN,47715,,(812) 437-5483  Ext. 0000,accounting@illuminatingexpressions.com,74,nsllist,-,-,-,-
18592,SPLASHLIGHT,,,BOULDER,CO,80301,,(303) 442-0201  Ext. 0000,liz@splashlightstudio.com,50,nsllist,-,-,-,-
186,C.E.D. (ALAMOGORDO),RANDY,703 AERO LOOP,ALMAGORDO,NM,88310,,(575) 434-0043  Ext. 0000,,72,nsllist,-,-,-,-
1860,STUSSER ELEC (KENT),21520 84TH PLACE SOUTH,,KENT,WA,98031,,(253) 395-3133  Ext. 0000,,23,nsllist,-,-,-,-
18612,GRAND DESIGNS,,9650-B NORTH KINGS HWY,MYRTLE BEACH,SC,29572,,(843) 497-5670  Ext. 0000,,57,nsllist,-,-,-,-
18616,ROCKINGHAM ELEC (LACONIA),,,NEWINGTON,NH,03801,,(603) 273-0060  Ext. 0000,sonepar.invoices@sonepar-us.com,56,nsllist,-,-,-,-
18617,CAPPADONNAS/LIGHTING CENT,,5030 S MILL AVE #D-14,TEMPE,AZ,85282,,(480) 820-7192  Ext. 0000,,1,nsllist,-,-,-,-
18618,NORTHEAST ELECTRICAL (TEWKSBURY),,,MAITLAND,FL,32794-5650,,(978) 863-9000  Ext. 0000,APINVOICES@SONEPAR-US.COM,56,nsllist,-,-,-,-
1862,PLATT ELEC (SANTA ROSA),,,,,,,(707) 571-2070  Ext. 0000,plattap@platt.com,86,nsllist,-,-,-,-
18625,MADISON ELEC (WARREN),,,WARREN,MI,48093,,(586) 825-0200  Ext. 0000,payables@madisonelectric.com,64,nsllist,-,-,-,-
18636,NACOGDOCHES LIGHTING,,,NACOGDOCHES,TX,75961,,(936) 560-5460  Ext. 0000,info@nacogdoches lighting.com,39,nsllist,-,-,-,-
18645,YALE ELECTRIC (HARRISBURG,,,MIDDLETOWN,CT,06457,,(717) 233-8401  Ext. 0000,apinvoice@usesi.com,78,nsllist,-,-,-,-
18656,ESSENCE LIGHTING,,260 WEST MAIN ST #209A,HENDERSONVILLE,TN,37075,,(615) 264-9402  Ext. 0000,,20,nsllist,-,-,-,-
18658,SHEPARD LIGHTING/ SOUTHSIDE LIGHTING GALLERY,,,FAYETTEVILLE,GA,30215,,(770) 461-3402  Ext. 0000,tamara@southsidelighting.com,4,nsllist,-,-,-,-
1866,ILLUMINATION LTG & DESIGN,BLAKE & DONNA,13606 VENTURA BLVD,SHERMAN OAKS,CA,91423,,(818) 986-1383  Ext. 0000,,86,nsllist,-,-,-,-
18660,FANTO GROUP,JIM FANTO,7022 TPC DRIVE # 550,ORLANDO,FL,32822,,(407) 857-5101  Ext. 0000,,31,nsllist,-,-,-,-
18665,HANNAN SUPPLY (PADUCAH),,,PADUCAH,KY,42002-0270,,(270) 442-5456  Ext. 0000,info@hannansupply.com,20,nsllist,-,-,-,-
18676,MEDLER ELEC (BAD AXE),,,ALMA,MI,48801,,(989) 269-9543  Ext. 0000,accountspayable@medlerelectric.com,64,nsllist,-,-,-,-
18678,MEDLER ELEC (BAY CITY),,,ALMA,MI,48801,,(989) 686-6054  Ext. 0000,accountspayable@medlerelectric.com,64,nsllist,-,-,-,-
18681,MEDLER ELEC (LANSING),,,,,,,(517) 487-1500  Ext. 0000,accountspayable@medlerelectric.com,64,nsllist,-,-,-,-
18687,MEDLER ELEC (TRAVERSE CTY,,,ALMA,MI,48801,,(231) 947-1862  Ext. 0000,accountspayable@medlerelectric.com,64,nsllist,-,-,-,-
18702,TRIG MODERN LLC,BOB DRAKE,1053 EAST WHITAKER MILL RD #109,RALEIGH,NC,27604,,(919) 516-8744  Ext. 0000,,57,nsllist,-,-,-,-
18704,NORTHSIDE WINLEC#720 (LIN,,,,OH,45401-1127,,(402) 464-4001  Ext. 0000,apcentral@winwholesale.com,77,nsllist,-,-,-,-
18717,RAYMOND DESTEIGER (TROY),,,STERLING HGTS,MI,48313,,(586) 739-9700  Ext. 0000,ap@ray-electric.com,64,nsllist,-,-,-,-
18719,RAYMOND DESTEIGER (ROSEVI,,,STERLING HGTS,MI,48313,,(586) 739-9700  Ext. 0000,ap@ray-electric.com,64,nsllist,-,-,-,-
18722,PLATT ELEC (ABERDEEN),,,,,,,(360) 533-7001  Ext. 0000,plattap@platt.com,23,nsllist,-,-,-,-
18727,PLATT ELEC (NAMPA),,,,,,,(208) 461-3289  Ext. 0000,plattap@platt.com,43,nsllist,-,-,-,-
18732,PLATT ELEC (CLACKAMAS),,,,,,,(503) 655-3504  Ext. 0000,plattap@platt.com,22,nsllist,-,-,-,-
18735,PLATT ELEC (PARKROSE),,,,,,,(503) 255-3436  Ext. 0000,plattap@platt.com,43,nsllist,-,-,-,-
18737,PLATT ELEC (CHICO),,,CHICO,CA,95928-5022,,,plattap@platt.com,86,nsllist,-,-,-,-
18741,PLATT ELEC (ROSEVILLE),,,,,,,,plattap@platt.com,86,nsllist,-,-,-,-
18772,CAPE ANN LIGHTHOUSE,,7 MADISON AVENUE,GLOUCESTER,MA,01930,,(978) 281-3311  Ext. 0000,,56,nsllist,-,-,-,-
18779,BELL & ASSOC INTER DESIGN,LORETTA BELL,5404 DEER HILL CT.,RALEIGH,NC,27613,,(919) 870-9053  Ext. 0000,,1,nsllist,-,-,-,-
18784,TLG LIGHT & SUPPLY/GLOW,,82 WEIR STREET,TAUNTON,MA,02780,,(508) 823-6371  Ext. 0000,,56,nsllist,-,-,-,-
18792,NATIONAL ELECTRIC SUPPLY,,2200 MIDTOWN PLACE #C,ALBUQUERQUE,NM,87107,,(505) 345-3577  Ext. 0000,,72,nsllist,-,-,-,-
18812,LUCIA LIGHTING & DESIGN,,,LYNN,MA,01904,,(781) 595-0026  Ext. 0000,pamela@lucialighting.com,56,nsllist,-,-,-,-
18817,COMMERCIAL LIGHTING INDUS,,81161 INDIO BLVD,INDIO,CA,92201,,(800) 755-0155  Ext. 0000,,1,nsllist,-,-,-,-
1882,TAHOE VALLEY ELECTRIC,,P.O. BOX 10724,SOUTH LAKE TAHO,CA,96158,,(530) 541-3415  Ext. 0000,,86,nsllist,-,-,-,-
18821,METRO ELEC  (BRENTWOOD),,,ST LOUIS,MO,63139,,(314) 963-8313  Ext. 0000,ap@metroelectricsupply.com,81,nsllist,-,-,-,-
18838,C.E.D. (BANGOR) /GILMAN ELECTRIC,,,BANGOR,ME,4401,,(207) 947-0721  Ext. 0000,GESBANGOR.0374@BILLINGINBOX.COM,56,nsllist,-,-,-,-
18843,FERGUSON ENTER (HARR-REED#161,,,HAMPTON,VA,23670-0406,,(540) 433-7000  Ext. 0000,apinvoices@ferguson.com,57,nsllist,-,-,-,-
18844,FERGUSON ENTER (HOLLY SPRINGS #1723),,,HOLLY SPRINGS,NC,27540,,(919) 586-3200  Ext. 0000,apinvoices@ferguson.com,57,nsllist,-,-,-,-
18846,RSS DISTRIBUTORS,,7930 OLD AUCTION RD,MANHEIM,PA,17545,,(717) 892-6743  Ext. 0000,,82,nsllist,-,-,-,-
1885,VAIL LIGHTS,,,VAIL,CO,81658,,(970) 949-1508  Ext. 0000,vaillights@live.com,50,nsllist,-,-,-,-
18854,UNITED CONSTRUCTION AND RESTORAT,,413 S. STATE STREET,EDMOND,OK,73003,,(405) 844-9040  Ext. 0000,,39,nsllist,-,-,-,-
18859,APPLIED IND TECHNOLOGIES,,FAX TO (440) 572-3330,,,,,(216) 426-4000  Ext. 0000,,1,nsllist,-,-,-,-
18863,YALE ELEC  (CANTON),,,CANTON,MA,02021,,(781) 737-2500  Ext. 0000,ACCOUNTSPAYABLE@YALEELECTRIC.COM,56,nsllist,-,-,-,-
18864,YALE ELEC  (BLOOMFIELD),,,,,,,(860) 286-0798  Ext. 0000,ACCOUNTSPAYABLE@YALEELECTRIC.COM,55,nsllist,-,-,-,-
18886,CREATIVE LTG DESIGNS,,85 MECHANIC ST BOX B12,LEBANON,NH,03766,,(603) 448-2066  Ext. 0000,brian@creativelightingdesigns.com,56,nsllist,-,-,-,-
18973,BRIGHT IDEAS,,,ROCHESTER,MN,55901-3168,,(507) 424-1628  Ext. 0000,tscheiber@haleycomfort.com,16,nsllist,-,-,-,-
18976,C.E.S. (SOUTH DENNIS),,,,,,,(508) 398-4044  Ext. 0000,bostonsouthgroup@concordelectricsupply.com,56,nsllist,-,-,-,-
18991,"SOUTHERN LIGHTS, INC",,307-B W. TREMONT AVE,CHARLOTTE,NC,28203,,(704) 377-4780  Ext. 0000,,57,nsllist,-,-,-,-
18993,ELLIOTT ELEC (ROUND ROCK),,,NACODOCHES,TX,75963-0610,,(512) 246-8001  Ext. 0000,apinvoices@elliottelectric.com,39,nsllist,-,-,-,-
19,C.E.S. (WAYNESVILLE),,,,,,,(828) 564-0140  Ext. 0000,piedmonttriadgroup@cityelectricsupply.com,57,nsllist,-,-,-,-
19011,LYTEWORKS,,,BRADENTON,FL,34208,,(941) 745-2900  Ext. 0000,ACCOUNTING@LYTEWORKS.COM,31,nsllist,-,-,-,-
1902,NEEDHAM ELECTRIC SUPPLY (BERLIN),,,CANTON,MA,02021,,(781) 828-9494  Ext. 0000,ACCOUNTSPAYABLE@NEEDHAMELECTRIC.COM,56,nsllist,-,-,-,-
1906,INLAND LIGHTING SUPPLIES,,3393 DURAHART STREET,RIVERSIDE,CA,92507,,(951) 784-3455  Ext. 0000,,1,nsllist,-,-,-,-
19084,CAPITAL ELECTRIC (CHARLOTTES HUNT),,,MAITLAND,FL,32794,,(434) 293-8117  Ext. 0000,APINVOICES@SONEPAR-US.COM,57,nsllist,-,-,-,-
19089,FERGUSON ENTER (HARR-EVEL,,,HAMPTON,VA,23670-0406,,(540) 438-6400  Ext. 0000,apinvoices@ferguson.com,57,nsllist,-,-,-,-
19139,BROKEN ARROW ELEC (DURANT,,2350 W VANCOUVER ST,BROKEN ARROW,OK,74012,,(580) 924-2237  Ext. 0000,,77,nsllist,-,-,-,-
19140,BROKEN ARROW ELEC SUPPLY,,,BROKEN ARROW,OK,74012,,(918) 258-3581  Ext. 0000,kristi@baes.com,39,nsllist,-,-,-,-
1915,KIRBY RISK (COLUMBUS),,,LAFAYETTE,IN,47903-5089,,(812) 372-8431  Ext. 0000,accountspayable@kirbyrisk.com,74,nsllist,-,-,-,-
19162,ARROW KITCHENS & BATH,,,WEBSTER,NY,14580,,(585) 670-9910  Ext. 0000,rmastrosimone@arrowkitchens.com,1,nsllist,-,-,-,-
19197,CLASSIC KITCHENS & BATHS,102 HOME PLACE,,GLENWOOD SPRINGS,CO,81601,,(970) 618-7193  Ext. 0000,,50,nsllist,-,-,-,-
19198,C.E.S. (KERNERSVILLE),,,,,28262,,(336) 564-0170  Ext. 0000,piedmonttriadgroup@cityelectricsupply.com,57,nsllist,-,-,-,-
19199,C.E.S. (KING),,,,,,,(336) 923-7618  Ext. 0000,piedmonttriadgroup@cityelectricsupply.com,57,nsllist,-,-,-,-
19201,LIGHTING INNOVATION,PO Box 5499,,San Clemente,CA,92674-9998,,(949) 831-7600  Ext. 0000,,86,nsllist,-,-,-,-
19212,WOMACK ELECTRIC (WAKE FOR,,,DANVILLE,VA,24543,,(919) 570-7322  Ext. 0000,ap.invoices@womackelectric.com,57,nsllist,-,-,-,-
19215,WOMACK ELECTRIC (CLAYTON),,,DANVILLE,VA,24543,,(919) 359-8630  Ext. 0000,ap.invoices@womackelectric.com,57,nsllist,-,-,-,-
19238,"SYNERGY INTERNATIONAL,INC",,,BRADENTON,FL,34203,,(941) 756-4844  Ext. 0000,rhonda@synergylightingsupply.com,31,nsllist,-,-,-,-
193,"CMT LIGHTING CO., INC",,,,,,,(631) 666-1666  Ext. 0000,dawn@cmtlighting.com,80,nsllist,-,-,-,-
1931,KIRBY RISK (INDIANPOLIS),,,LAFAYETTE,IN,47903-5089,,(317) 687-0015  Ext. 0000,accountspayable@kirbyrisk.com,74,nsllist,-,-,-,-
19361,BORDER STATES - SEQUEL ELEC (PENSACOLA),,,PENSACOLA,FL,32505,,(850) 437-5300  Ext. 0000,apinvoices@borderstates.com,4,nsllist,-,-,-,-
1942,GRAYBAR/4427027 (TALLAHAS,,,ST. LOUIS,MO,63178,,(850) 575-8666  Ext. 0000,captivainvoice@graybar.com,4,nsllist,-,-,-,-
19439,FERGUSON ENTER #499  (CHARLOTTV,,,HAMPTON,VA,23670,,(434) 817-1775  Ext. 0000,apinvoices@ferguson.com,57,nsllist,-,-,-,-
19455,WISEWAY SUPPLY (FRANKFORT),,,FRANKFORT,KY,40601,,(502) 352-2708  Ext. 0000,ACCOUNTSPAYABLE@WISEWAYSUPPLY.COM,20,nsllist,-,-,-,-
19460,FERGUSON ENTER (BROOKFIELD#3337),,,HAMPTON,,,,(262) 781-9048  Ext. 0000,apinvoices@ferguson.com,16,nsllist,-,-,-,-
1947,"WHOLESALE LIGHTING, INC.",,,DAYTONA BEACH,FL,32119,,(386) 761-2251  Ext. 0000,iwholesalelight@cfl.rr.com,31,nsllist,-,-,-,-
19477,PASSION LIGHTING,,1649 W. NORTHWEST HWY,GRAPEVINE,TX,76051,,(817) 310-3261  Ext. 0000,,39,nsllist,-,-,-,-
19486,DESCO (MOORESVILLE),,PO BOX 1809,SALISBURY,NC,28145,,(704) 663-1633  Ext. 0000,,57,nsllist,-,-,-,-
19487,DESCO (SALISBURY),,PO BOX 376,WICKLIFFE,OH,44092-0376,,(704) 633-6331  Ext. 0000,,57,nsllist,-,-,-,-
19494,WESTSIDE ELECTRIC WHOLESALE INC,MIKE/TOM,7122 BEVERLY BLVD UNIT A,LOS ANGELES,CA,90036,,(323) 939-7979  Ext. 0000,,86,nsllist,-,-,-,-
19496,REXEL (FREDERICKSBURG),,,PHILADELPHIA,PA,19101,,(540) 898-9100  Ext. 0000,RexelAPinvoices@rexelusa.com,57,nsllist,-,-,-,-
19501,INDEPENDENT ELEC (MESA),,,PHOENIX,AZ,85042-6430,,(480) 892-7200  Ext. 0000,APINVOICES@SONEPAR-US.COM,71,nsllist,-,-,-,-
19502,INDEPENDENT ELEC (MILPITAS),,,MILPITAS,CA,95035,,(408) 732-7101  Ext. 0000,APINVOICES@SONEPAR-US.COM,86,nsllist,-,-,-,-
19503,INDEPENDENT ELEC (HUDSON),,,SOMERVILLE,MA,02143,,(603) 821-5160  Ext. 0000,AP@iesbuy.com,56,nsllist,-,-,-,-
19504,STONEWAY ELEC (TACOMA),,,SPOKANE,WA,99220-0037,,(253) 627-1836  Ext. 0000,payables@stoneway.com,23,nsllist,-,-,-,-
19505,FERGUSON ENTER (FOREST),,,HAMPTON,VA,23670-0778,,(434) 385-6600  Ext. 0000,apinvoices@ferguson.com,57,nsllist,-,-,-,-
19510,SONEPAR USA (WATERBURY-NE,,,MAITLAND,FL,32794,,(203) 754-0433  Ext. 0000,APINVOICES@SONEPAR-US.COM,55,nsllist,-,-,-,-
1952,FALLS CITY ELECTRIC SUPPL,,,JEFFERSONVILLE,IN,47130,,(812) 283-6693  Ext. 0000,BILLING@FALLSCITYELECTRIC.COM,74,nsllist,-,-,-,-
19524,LIGHTING BY DESIGN,,PO BOX 2337,GREENVILLE,NC,27836-0337,,(252) 321-5500  Ext. 0000,,57,nsllist,-,-,-,-
19543,C.E.D. (SALT LAKE CITY),,1819 SOUTH 900 WEST,SALT LAKE CITY,UT,84104,,(801) 486-3501  Ext. 0000,,50,nsllist,-,-,-,-
19546,REXEL (FULLERTON),,,,,,,(714) 502-1000  Ext. 0000,RexelAPInvoices@rexelusa.com,86,nsllist,-,-,-,-
19560,INDEPENDENT ELEC (SAN FRA,,,SAN FRANCISCO,CA,94124,,(415) 734-4700  Ext. 0000,APINVOICES@SONEPAR-US.COM,86,nsllist,-,-,-,-
19562,SUPERIOR CABINET SUPPLY,,19800 S HARLEM AVE,FRANKFORT,IL,60423,,(815) 469-8509  Ext. 0000,,40,nsllist,-,-,-,-
19565,GRAYBAR/4427027 (WALLINGF,,,CLAYTON,MO,63105,,(203) 284-4500  Ext. 0000,captivainvoice@graybar.com,55,nsllist,-,-,-,-
19566,C.E.D. (MANCHESTER),,customerservice@cedmanchester.com,MANCHESTER,NH,03103-2373,,(603) 669-6427  Ext. 0000,cedmanchester.4423@billinginbox.com,56,nsllist,-,-,-,-
19572,"KLAFF'S, INC. (DANBURY)",,P.O. BOX 509,SOUTH NORWALK,CT,6856,,(203) 792-3903  Ext. 0000,,55,nsllist,-,-,-,-
19585,FERGUSON ENTER (GREENSBOR,,,HAMPTON,VA,23670,,(336) 855-8660  Ext. 0000,apinvoices@ferguson.com,57,nsllist,-,-,-,-
19591,LIGHTING CONNECTION(BUDA),,,IRVING,TX,75062,,(512) 312-2565  Ext. 0000,jony@lightingconnection.com,66,nsllist,-,-,-,-
19594,RELIANCE LIGHTING (ST GEORGE),PO BOX 842820,,HILDALE,UT,84784-2820,,(877) 874-1260  Ext. 0000,,50,nsllist,-,-,-,-
19647,MC2 WHOLESALE ELEC & LTG,,31312 VIA COLINAS #104,WESTLAKE VILLAG,CA,91362,,(818) 879-5054  Ext. 0000,,86,nsllist,-,-,-,-
19651,AGOURA WHOLESALE ELECTRIC,,5341 DERRY AVENUE #B,AGOURA HILLS,CA,91301,,(818) 338-3330  Ext. 0000,,86,nsllist,-,-,-,-
19652,YESCO ELEC (YOUNGSTOWN),44612 STATE ROUTE 14,,COLUMBIANA,OH,44408,,(800) 645-8593  Ext. 0000,,75,nsllist,-,-,-,-
19655,YESCO ELEC (COLUMBIANA),,44612 State Route 14,COLUMBIANA,OH,44408,,(330) 747-8593  Ext. 0000,,75,nsllist,-,-,-,-
19665,US ELECTRICAL SVC (LEOMIN,,,MIDDLETOWN,CT,06457-2786,,(978) 466-3806  Ext. 0000,apinvoice@usesi.com,56,nsllist,-,-,-,-
19667,US ELECTRICAL SVC (LOWELL,,,MIDDLETOWN,CT,06457-2786,,(978) 452-8985  Ext. 0000,apinvoice@usesi.com,56,nsllist,-,-,-,-
19668,US ELECTRICAL SVC (NEEDHA,,,MIDDLETOWN,CT,06457-2786,,(781) 449-7767  Ext. 0000,apinvoice@usesi.com,56,nsllist,-,-,-,-
19669,US ELECTRICAL SVC (PUTNAM,,,MIDDLETOWN,CT,06457-2786,,(860) 928-0558  Ext. 0000,apinvoice@usesi.com,55,nsllist,-,-,-,-
19670,US ELECTRICAL SVC (PLYMOUTH),,,MIDDLETOWN,CT,06457-2786,,(781) 681-9354  Ext. 0000,apinvoice@usesi.com,56,nsllist,-,-,-,-
19671,US ELECTRICAL SVC (WALT-S,,,MIDDLETOWN,CT,06457-2786,,(781) 890-1050  Ext. 0000,apinvoice@usesi.com,56,nsllist,-,-,-,-
19685,AUTOMATED CONT & ELEC SUP,,,RICHMOND,IN,47374,,(765) 735-7265  Ext. 0000,ap@electricalaces.com,74,nsllist,-,-,-,-
19686,NUNN ELECTRIC (WITCHITA F,,PO BOX 2159,WITCHITA FALLS,TX,76307,,(940) 766-4203  Ext. 0000,,39,nsllist,-,-,-,-
19687,US ELECTRICAL (BROCKTON),,,MIDDLETOWN,CT,06457-2786,,(508) 521-6011  Ext. 0000,apinvoice@usesi.com,56,nsllist,-,-,-,-
19688,US ELECTRICAL SVC (FALL R,,,MIDDLETOWN,CT,06457-2786,,(508) 646-3991  Ext. 0000,apinvoice@usesi.com,56,nsllist,-,-,-,-
19699,CRAWFORD ELECTRIC SUPPLY (WEST MONR,,,MAITLAND,FL,32794-5650,,(318) 325-2307  Ext. 0000,APINVOICES@SONEPAR-US.COM,60,nsllist,-,-,-,-
19700,ALL-PHASE (KALAMAZOO),,1355 KING HIGHWAY,KALAMAZOO,MI,49001,,(269) 381-1114  Ext. 0000,,64,nsllist,-,-,-,-
19709,SONEPAR USA (PROVIDENC-NE,,,MAITLAND,FL,32794-5650,,(401) 946-6500  Ext. 0000,APINVOICES@SONEPAR-US.COM,56,nsllist,-,-,-,-
19710,SONEPAR USA (WOONSOCK-NE,,,MAITLAND,FL,32794-5650,,(401) 762-3871  Ext. 0000,APINVOICES@SONEPAR-US.COM,56,nsllist,-,-,-,-
19711,SONEPAR USA (BOSTON-NEAST,,,MAITLAND,FL,32794-5650,,(617) 265-8800  Ext. 0000,APINVOICES@SONEPAR-US.COM,56,nsllist,-,-,-,-
19712,SONEPAR USA (HARTF-NE EL),,,MAITLAND,FL,32794-5650,,(860) 549-7900  Ext. 0000,APINVOICES@SONEPAR-US.COM,55,nsllist,-,-,-,-
19713,STONE'S HOME CENTERS,SALES MANAGER,P.O. BOX 6067,THOMASVILLE,GA,31758,,(229) 226-6616  Ext. 0000,,4,nsllist,-,-,-,-
1973,LIGHTING CONCEPTS,,6907 N MAY AVE,OKLAHOMA CITY,OK,73116,,(405) 848-5267  Ext. 0000,,39,nsllist,-,-,-,-
19743,GRANITE CITY (WORCESTER),,,QUINCY,MA,2269,,(508) 852-4700  Ext. 0000,Invoices@gcecorp.com,56,nsllist,-,-,-,-
19744,INDEPENDENT ELEC (PHOENIX),,,PHOENIX,AZ,85042-6430,,(480) 308-0500  Ext. 0000,APINVOICES@SONEPAR-US.COM,71,nsllist,-,-,-,-
19747,GRAYBAR/4427027 (BOSTON),,,ST LOUIS,MO,63178,,(617) 406-5150  Ext. 0000,captivainvoice@graybar.com,56,nsllist,-,-,-,-
19750,PC HOME CENTER,SALES MANAGER,123 CHERRY ST,NEW ALBANY,IN,47150,,(812) 944-4444  Ext. 0000,,72,nsllist,-,-,-,-
19758,UNITED ELECTRIC (JESSUP),,,WILMINGTON,DE,19850,,(410) 799-1464  Ext. 0000,AP@UNITEDELECTRIC.COM,62,nsllist,-,-,-,-
19759,UNITED ELECTRIC (SALISBURY),,,SALISBURY,MD,21801,,(410) 749-3777  Ext. 0000,AP@UNITEDELECTRIC.COM,62,nsllist,-,-,-,-
19760,PLATT ELEC (MOUNTLAKE TER,,,,,,,(425) 672-2028  Ext. 0000,plattap@platt.com,23,nsllist,-,-,-,-
19768,DENNEY ELEC (SCHUYLKILL),,,AMBLER,PA,19002,,(570) 385-4412  Ext. 0000,ap@denneyelectricsupply.com,82,nsllist,-,-,-,-
19776,C.E.S. (NEW BEDFORD),,,,,,,(508) 992-9237  Ext. 0000,bostonsouthgroup@concordelectricsupply.com,56,nsllist,-,-,-,-
1978,LIGHTING EMPORIUM,RONALD,5610 N. THOMPSOM,SPRINGDALE,AR,72764,,(501) 751-8184  Ext. 0000,,90,nsllist,-,-,-,-
19780,LADE-DANLAR/USESI (CONYERS),,,MIDDLETOWN,CT,06457,,(770) 483-2877  Ext. 0000,apinvoice@usesi.com,4,nsllist,-,-,-,-
19790,MASTRO ELECTRIC (PAWCATUC,,37 SOUTH BROAD STREET,PAWCATUCK,CT,6379,,(860) 599-1336  Ext. 0000,,55,nsllist,-,-,-,-
19791,MASTRO ELECTRIC (MIDDLETO,,823 WEST MAIN ROAD,MIDDLETOWN,RI,2842,,(401) 841-5597  Ext. 0000,,56,nsllist,-,-,-,-
19792,MASTRO ELECTRIC (WAKEFIEL,,558 KINGSTOWN ROAD,WAKEFIELD,RI,2880,,(401) 788-9590  Ext. 0000,,56,nsllist,-,-,-,-
198,C.E.D. (PHOENIX),,,PHOENIX,AZ,85034,,(602) 437-4200  Ext. 0000,customerservice@cedphx.com,71,nsllist,-,-,-,-
19804,GRANITE CITY (BILLERICA),,,QUINCY,MA,1821,,(978) 458-3364  Ext. 0000,Invoices@gcecorp.com,56,nsllist,-,-,-,-
19805,GRANITE CITY (HARTFORD),,,HARTFORD,CT,06114,,(860) 296-5000  Ext. 0000,Invoices@gcecorp.com,55,nsllist,-,-,-,-
19806,GRANITE CITY (KEENE),,,QUINCY,MA,2269,,(603) 355-4948  Ext. 0000,Invoices@gcecorp.com,56,nsllist,-,-,-,-
19807,GRANITE CITY (WOBURN),,,QUINCY,MA,2269,,(781) 933-5758  Ext. 0000,Invoices@gcecorp.com,56,nsllist,-,-,-,-
19808,GRANITE CITY (WARWICK),,,,,,,(401) 732-6066  Ext. 0000,Invoices@gcecorp.com,56,nsllist,-,-,-,-
19809,GRANITE CITY (VINEYARD),,,QUINCY,MA,02269,,(508) 693-5208  Ext. 0000,Invoices@gcecorp.com,56,nsllist,-,-,-,-
19810,GRANITE CITY (NANTUCKET),,,QUINCY,MA,2269,,(508) 325-0225  Ext. 0000,Invoices@gcecorp.com,56,nsllist,-,-,-,-
19815,GRANITE CITY (METHUEN),,,,,,,(508) 638-0290  Ext. 0000,Invoices@gcecorp.com,56,nsllist,-,-,-,-
19820,PLATT ELEC (YUBA CITY),,,,,,,,plattap@platt.com,86,nsllist,-,-,-,-
19821,BRIGHT CITY LIGHTS,,1400 HERIFORD ROAD #A,COLUMBIA,MO,65202,,(573) 474-8890  Ext. 0000,,81,nsllist,-,-,-,-
19825,NORTH COAST ELEC (PORTLAN,,,SEATTLE,WA,98124-1121,,(503) 281-8888  Ext. 0000,APINVOICES@SONEPAR-US.COM,22,nsllist,-,-,-,-
1983,KENDALL ELEC (GRAND R 810 SHOWROOM),,,PORTAGE,MI,49002-2049,,(616) 459-8866  Ext. 0000,accountspayable@kendallelectric.com,64,nsllist,-,-,-,-
19831,GRAYBAR/4427027 (MINNEAPO,,,ST. LOUIS,MO,63178,,(612) 728-2533  Ext. 0000,captivainvoice@graybar.com,16,nsllist,-,-,-,-
19841,KENDALL ELEC (MUSKEGON),,,PORTAGE,MI,49002-2049,,(231) 773-6621  Ext. 0000,accountspayable@kendallelectric.com,64,nsllist,-,-,-,-
19852,US ELECTRICAL SVC (NEW BE,,,MIDDLETOWN,CT,06457-2786,,(508) 997-3991  Ext. 0000,apinvoice@usesi.com,56,nsllist,-,-,-,-
19856,THE LIGHT HOUSE (PORT ISA,,,HARLINGEN,TX,78551,,(956) 943-9316  Ext. 0000,tiffaney@thelighthousergv.com,66,nsllist,-,-,-,-
19859,HARBOR WHOLESALE ELEC SUP,MIKE,4001 WEST CARRIAGE DR,SANTA ANA,CA,92704,,(714) 434-2800  Ext. 0000,,1,nsllist,-,-,-,-
19873,INDEPENDENT ELEC (PEABODY),,,SOMERVILLE,MA,02143,,(617) 268-1050  Ext. 0000,AP@iesbuy.com,56,nsllist,-,-,-,-
19885,US ELECTRICAL SVC (FRAMIN,,,MIDDLETOWN,CT,06457-2786,,(508) 620-2990  Ext. 0000,apinvoice@usesi.com,56,nsllist,-,-,-,-
19889,HANK'S ELECTRICAL SUPPLY,,1718 PLACENTIA AVE,COSTA MESA,CA,92627,,(949) 646-7775  Ext. 0000,,86,nsllist,-,-,-,-
199,C.E.D. (SCOTTSDALE),,,SCOTTSDALE,AZ,85260,,(480) 948-3211  Ext. 0000,cedscottsdale.8037@BILLINGINBOX.COM,71,nsllist,-,-,-,-
1991,WESTERN EXT (KANSAS CITY),,,KANSAS CITY,MO,64102-1018,,(816) 421-8404  Ext. 0000,APINVOICES@BORDERSTATES.COM,81,nsllist,-,-,-,-
19958,C.E.D. (MIAMI MERCEDES ELECTRIC SUPPLY),,8550 NW SOUTH RIVER DRIVE,MIAMI,FL,33016,,(305) 887-5550  Ext. 0000,,32,nsllist,-,-,-,-
19978,FERGUSON/JDD (MARLBORO),,,HAMPTON,VA,23670,,(508) 481-4221  Ext. 0000,apinvoices@ferguson.com,56,nsllist,-,-,-,-
19979,FERGUSON/JDD (LYNN),,,HAMPTON,VA,23670,,(781) 592-1200  Ext. 0000,apinvoices@ferguson.com,56,nsllist,-,-,-,-
19988,J & K ELECTRIC SUPPLY,,,JOHNSTON,RI,02919,,(401) 453-0002  Ext. 0000,LIGHTING@JKELECTRIC.COM,56,nsllist,-,-,-,-
19997,REGENCY LIGHTING (CARLSTADT),,mz.ap@regencylighting.com,CHATSWORTH,CA,91311,,(800) 284-2024  Ext. 0000,VendorsMthruZ@regencylighting.com,1,nsllist,-,-,-,-
19999,PACE LIGHTING,,,SAVANNAH,GA,31405,,(912) 920-7324  Ext. 0000,tabithat@pacelighting.com,4,nsllist,-,-,-,-
2,KEY ELECTRICAL (PANAMA CI,,1418 HARRISON AVENUE,PANAMA CITY,FL,32401,,(850) 769-3276  Ext. 0000,,4,nsllist,-,-,-,-
20,C.E.S. (SANTA ROSA),,360 TESCONI CIRCLE,SANTA ROSA,CA,95401,,(707) 523-4600  Ext. 0000,,86,nsllist,-,-,-,-
20008,ILLUMINATIONS OF THE TRIA,,941 HASTINGS HILL RD,KERNERSVILLE,NC,27284,,(336) 996-2424  Ext. 0000,,57,nsllist,-,-,-,-
20009,REXEL/CLS (BIDDEFORD),,,PHILADELPHIA,PA,19101,,(207) 282-8465  Ext. 0000,RexelAPinvoices@rexelusa.com,56,nsllist,-,-,-,-
20012,NEENA'S DESIGN LTG (BOSTO,,,BROOKLINE,MA,2446,,(617) 859-1700  Ext. 0000,ACCOUNTING@NEENASLIGHTING.COM,56,nsllist,-,-,-,-
20013,FERGUSON ENTER (PADUCAH),,,HAMPTON,VA,23670-0406,,(270) 575-0066  Ext. 0000,apinvoices@ferguson.com,20,nsllist,-,-,-,-
2002,TGC LIGHTING INNOVATIONS- REP,,,BIGLEOW,AR,72016,,(501) 759-5114  Ext. 0000,TGCLIGHTING@GMAIL.COM,90,nsllist,-,-,-,-
20050,"DOVER & CHEEK, INC",,1849 BUFORD HWY,BUFORD,GA,30518,,(770) 945-7421  Ext. 0000,,4,nsllist,-,-,-,-
20057,"REXEL USA, INC (MAYER-KNOXVILLE)",,,NEWNAN,GA,30271,,(865) 524-5566  Ext. 0000,APINVOICES@MAYERELECTRIC.COM,20,nsllist,-,-,-,-
20058,FERGUSON ENTER (MURFREESB,,,HAMPTON,VA,23670-0406,,(615) 890-5599  Ext. 0000,apinvoices@ferguson.com,20,nsllist,-,-,-,-
2010,PLATT ELEC (PORTLAND-29TH,,,,,,,(503) 224-1919  Ext. 0000,plattap@platt.com,22,nsllist,-,-,-,-
20133,IMAGE COMPLETE,,240 KALAMATH ST.,DENVER,CO,80223,,(303) 424-1114  Ext. 0000,,50,nsllist,-,-,-,-
2014,WHOLESALE ELECTRIC SUPPLY,,802 SW 12TH ST SUITE 4,BENTONVILLE,AR,72712,,(479) 268-6660  Ext. 0000,,90,nsllist,-,-,-,-
2015,LIGHT POINT,,1261 EL CAMINO REAL,MENLO PARK,CA,94025,,(650) 327-1010  Ext. 0000,,86,nsllist,-,-,-,-
20153,US ELECTRICAL SVC (JOPPA),,,,,,,(410) 671-6924  Ext. 0000,apinvoice@usesi.com,62,nsllist,-,-,-,-
20161021,"CHRIS HAYNES ELECTRIC SUPPLY, INC.",,,JACKSON,MS,39201,,(601) 948-2185  Ext. 0000,Hunter@chrishayneselectric.com,60,nsllist,-,-,-,-
20162,US ELECTRICAL SVC (STOUGH,,,,,06457-2786,,(781) 297-5666  Ext. 0000,apinvoice@usesi.com,56,nsllist,-,-,-,-
20166,LIGHTING DEPOT,,,,FL,33027,,(954) 433-8200  Ext. 0000,isa@lightingdepot.net,32,nsllist,-,-,-,-
20168,SONEPAR USA (WINCHES-CLS),,,MAITLAND,FL,32794,,(540) 662-1769  Ext. 0000,APINVOICES@SONEPAR-US.COM,57,nsllist,-,-,-,-
20175,C.E.S. (WAXHAW),,,,,,,(704) 243-7482  Ext. 0000,CharlotteSouthGroup@cityelectricsupply.com,57,nsllist,-,-,-,-
20181,ROBERTS DECORATOR SUPPLY,,,SHERMAN,TX,75092,,(903) 892-3508  Ext. 0000,info@robertsdecoratorsupply.com,39,nsllist,-,-,-,-
20184,FELDMAN BROTHERS ELECTRIC,,,PATERSON,NJ,7503,,(973) 742-7329  Ext. 0000,ap@feldmanbros.com,78,nsllist,-,-,-,-
20192,PLATT ELEC (GRANDVIEW),,,,,,,(509) 882-1616  Ext. 0000,plattap@platt.com,23,nsllist,-,-,-,-
20196,FERGUSON ENTER (LEXINGTON,,,HAMPTON,VA,23670-0406,,(859) 254-4457  Ext. 0000,apinvoices@ferguson.com,20,nsllist,-,-,-,-
202,MJ AIRCRAFT INTERIORS,,262 AIRPORT,ANDERSON,IN,46017,,(765) 378-7700  Ext. 0000,,1,nsllist,-,-,-,-
2020,"TECHNOLOGY BY DESIGN, INC.","655 E VALLEY ROAD, SUITE 200A",,BASALT,CO,81621,,(970) 963-1200  Ext. 0000,,50,nsllist,-,-,-,-
20204,PLATT ELEC (BEAVERTON),,,,,,,(503) 641-6121  Ext. 0000,plattap@platt.com,22,nsllist,-,-,-,-
20210,C.E.D. (KEARNEY),,,KEARNEY,NE,68848-1145,,(308) 234-5589  Ext. 0000,bobbie@cedkearney.com,77,nsllist,-,-,-,-
20227,C.E.S. (ST PETERSBURG),,,LUTZ,FL,33558,,(727) 322-9191  Ext. 0000,fl.ap@cityelectricsupply.com,31,nsllist,-,-,-,-
20232,FERGUSON ENTER (FARGO),,,HAMPTON,VA,23670-0406,,(701) 237-4131  Ext. 0000,apinvoices@ferguson.com,16,nsllist,-,-,-,-
20240,US ELECTRICAL SVC (WORCES,,,MIDDLETOWN,CT,06457-2786,,(508) 799-3991  Ext. 0000,apinvoice@usesi.com,56,nsllist,-,-,-,-
20243,US ELECTRICAL SVC (MID-70,,,,CT,06457-2786,,(860) 548-3580  Ext. 0000,apinvoice@usesi.com,55,nsllist,-,-,-,-
202431,STANDARD ELECTRIC  (MANCHESTER),,,,,,,(603) 600-9090  Ext. 0000,apinvoice@usesi.com,56,nsllist,-,-,-,-
202432,STANDARD ELECTRIC  (WINDHAM),,,MIDDLETOWN,CT,06457-2786,,(603) 328-9006  Ext. 0000,apinvoice@usesi.com,56,nsllist,-,-,-,-
20246,SONEPAR AP/CRAWFORD (HOUS,,,MAITLAND,FL,32794-5650,,(713) 476-0788  Ext. 0000,APINVOICES@SONEPAR-US.COM,66,nsllist,-,-,-,-
20248,FOREST HILLS ELECTRICAL,,76 TEED DRIVE,RANDOLPH,MA,02368-4202,,(781) 843-8238  Ext. 0000,,56,nsllist,-,-,-,-
20251,A/C ELECTRIC SUPPLY CO.,,,LARAMIE,WY,82072,,(307) 745-5920  Ext. 0000,office@ac-electric.com,50,nsllist,-,-,-,-
20252,ELECTRIC SUPPLY (BURLINGT,,,BURLINGTON,MA,01803,,(781) 272-7700  Ext. 0000,ap@escctr.net,56,nsllist,-,-,-,-
20253,REXEL (MANSFIELD),,,PHILADELPHIA,PA,19101,,(508) 851-6200  Ext. 0000,RexelAPinvoices@rexelusa.com,56,nsllist,-,-,-,-
20254,ELECTRIC SUPPLY (PEABODY),,,BURLINGTON,MA,01803,,(978) 879-4442  Ext. 0000,ap@escctr.net,56,nsllist,-,-,-,-
20255,LIGHTING & BULBS UNL,,,CHARLOTTE,NC,28203,,(704) 602-0150  Ext. 0000,mjoubert@lbuonline.com,57,nsllist,-,-,-,-
20258,MIKE'S LIGHTING CENTER,,530 BROWNSWITCH ROAD,SLIDELL,LA,70458,,(504) 281-2333  Ext. 0000,,60,nsllist,-,-,-,-
20263,REXEL (BOONE),,,,PA,19101,,(828) 262-1510  Ext. 0000,RexelAPinvoices@rexelusa.com,57,nsllist,-,-,-,-
20265,LAFAYETTE ELECTRICAL & MA,,,MORGAN CITY,LA,70380,,(985) 384-6425  Ext. 0000,ALITAB@LAFAYETTEEMS.COM,60,nsllist,-,-,-,-
20266,CAPITAL ELECTRIC  (CHESTERTOWN),,,MAITLAND,FL,32794-5650,,(410) 778-1154  Ext. 0000,APINVOICES@SONEPAR-US.COM,62,nsllist,-,-,-,-
20267,C.E.S. (WORCESTER),,,BROCKTON,MA,2301,,(508) 363-0237  Ext. 0000,bostonsouthgroup@concordelectricsupply.com,56,nsllist,-,-,-,-
20269,SCHAEDLER YESCO (HARRISBG,,,HARRISBURG,PA,17111,,(717) 233-1621  Ext. 0000,JCONSTANTINE@SYDIST.COM,82,nsllist,-,-,-,-
20275,FSG LIGHTING (IRVING),,,AUSTIN,TX,78745,,,fsgap@fsgi.com,39,nsllist,-,-,-,-
20277,"VALUE LIGHTING, INC  (MARIETTA)",,,MARIETTA,GA,30066,,(770) 874-2191  Ext. 0000,ap@valuelightinginc.com,4,nsllist,-,-,-,-
20280,"VALUE LIGHTING, INC  (BELTSVILLE)",,,MARIETTA,GA,30066,,(301) 931-6766  Ext. 0000,ap@valuelightinginc.com,62,nsllist,-,-,-,-
20291,WILLOW ELECTRICAL SUPPLY,,,SCHILLER PARK,IL,60176,,(847) 801-5010  Ext. 0000,OFFICE@WILLOWELECTRIC.COM,40,nsllist,-,-,-,-
20293,MCCRACKEN'S HOME GALLERY,,1218 MECHEM DR.,RUIDOSO,NM,88345,,(575) 258-8801  Ext. 0000,,72,nsllist,-,-,-,-
20295,PLUMBING DISTRIBUTORS (ALPHARETTA),,,LAWRENCEVILLE,GA,30046,,(770) 954-1063  Ext. 0000,payables@plumbingdistributors.com,4,nsllist,-,-,-,-
203,GREENVALE ELECTRIC SUPPLY,,385 GLEN COVE ROAD,GREENVALE,NY,11548,,(516) 671-1440  Ext. 0000,,80,nsllist,-,-,-,-
20302,"C.E.S. (MILFORD, MA)",,,,,,,(508) 478-0107  Ext. 0000,bostonsouthgroup@concordelectricsupply.com,56,nsllist,-,-,-,-
20305,UNITED LTG & SUPP (PENSAC,,,FT WALTON BEACH,FL,32549,,(850) 469-8664  Ext. 0000,apcentral@winwholesale.com,4,nsllist,-,-,-,-
20318,REXEL/CLS (WEYMOUTH),,,PHILADELPHIA,PA,19101,,(781) 335-1092  Ext. 0000,RexelAPinvoices@rexelusa.com,56,nsllist,-,-,-,-
20319,US ELECTRICAL SVC (NEWING,,,MIDDLETOWN,CT,06457-2786,,(603) 559-5700  Ext. 0000,apinvoice@usesi.com,56,nsllist,-,-,-,-
20321,RAY LIGHTING & DESIGN STU,,,HARTFORD,CT,06106,,(860) 951-9900  Ext. 0000,accounting@lampdaddy.com,55,nsllist,-,-,-,-
20326,LBU (PORT ST,,,PORT ST LUCIE,FL,34952,,(772) 323-2852  Ext. 0000,AP@lbugroup.com,31,nsllist,-,-,-,-
2033,ATLANTIC LIGHTING & SUPPL,,269 ARMOUR DR NE,ATLANTA,GA,30324,,(404) 872-3521  Ext. 0000,,4,nsllist,-,-,-,-
20348,C.E.S. (PALM COAST/BUNNEL,,,ORLANDO,FL,32860,,(386) 437-1151  Ext. 0000,fl.ap@cityelectricsupply.com,31,nsllist,-,-,-,-
20354,COLUMBIA ELEC (WALLA WALL,,,WALLA WALLA,WA,99362,,(509) 522-1419  Ext. 0000,kday@ces-ww.com,23,nsllist,-,-,-,-
20362,US ELECTRICAL SVC (CRANST,,,MIDDLETOWN,CT,06457-2786,,(401) 461-2970  Ext. 0000,apinvoice@usesi.com,56,nsllist,-,-,-,-
20364,STATE ELECTRIC (CARY),,,RALEIGH,NC,27609,,(919) 467-4802  Ext. 0000,AP@STATEELECTRIC.COM,57,nsllist,-,-,-,-
20366,STATE ELECTRIC (GOLDSBORO),,3925 TARHEEL DR.,RALEIGH,NC,27609,,(919) 735-1701  Ext. 0000,AP@STATEELECTRIC.COM,57,nsllist,-,-,-,-
20367,STATE ELECTRIC (KINSTON),,,HUNTINGTON,WV,25703-0397,,(252) 523-7685  Ext. 0000,AP@STATEELECTRIC.COM,57,nsllist,-,-,-,-
20368,STATE ELECTRIC (RALEIGH),,,RALEIGH,NC,27609,,(919) 821-5320  Ext. 0000,AP@STATEELECTRIC.COM,57,nsllist,-,-,-,-
20370,SONEPAR AP/CRAWFORD (SAN,,,MAITLAND,FL,32794-5650,,(210) 805-9898  Ext. 0000,APINVOICES@SONEPAR-US.COM,66,nsllist,-,-,-,-
20371,SONEPAR AP/CRAWFORD (AUST,,,MAITLAND,FL,32794-5650,,(512) 448-1100  Ext. 0000,APINVOICES@SONEPAR-US.COM,66,nsllist,-,-,-,-
20380,C.E.S. (COMMERCE CITY),,,CENTENNIAL,CO,80155-4507,,(303) 288-3209  Ext. 0000,swt.ap@cityelectricsupply.com,50,nsllist,-,-,-,-
20382,C.E.S. (DENVER),,,CENTENNIAL,CO,80155-4507,,(303) 996-0111  Ext. 0000,swt.ap@cityelectricsupply.com,50,nsllist,-,-,-,-
20384,"C.E.S. (BRIGHTON, CO)",,,ENGLEWOOD,CO,80155-4507,,(303) 659-7800  Ext. 0000,swt.ap@cityelectricsupply.com,50,nsllist,-,-,-,-
20386,C.E.S. (DESTIN),,,DESTIN,FL,32541,,(850) 424-4045  Ext. 0000,jaxrgo@cityelectricsupply.com,4,nsllist,-,-,-,-
20388,EASTSIDE KITCHEN & BATH,,,EASTPOINTE,MI,48021,,(586) 775-3700  Ext. 0000,EASTSIDEKITCHENANDBATH@GMAIL.COM,64,nsllist,-,-,-,-
2039,CITY LIGHTS,,809 9TH STREET SOUTH,GREAT FALLS,MT,59405,,(406) 216-3122  Ext. 0000,,50,nsllist,-,-,-,-
20395,SONEPAR USA (EAST BRIDGEW,,,MAITLAND,FL,32794-5650,,(508) 378-4334  Ext. 0000,APINVOICES@SONEPAR-US.COM,56,nsllist,-,-,-,-
204,CAMPBELL ELECTRIC (MOONSHADOWS LIGHTING),,P.O. BOX 5304,POLAND,OH,44514,,(330) 757-3540  Ext. 0000,,75,nsllist,-,-,-,-
20404,NESCO (LEOMINSTER),,,CANTON,MA,2021,,(978) 537-1731  Ext. 0000,ACCOUNTSPAYABLE@NEEDHAMELECTRIC.COM,56,nsllist,-,-,-,-
20413,FERGUSON ENTER (BOWLING G,,,HAMPTON,VA,23670-0406,,(270) 842-1672  Ext. 0000,apinvoices@ferguson.com,20,nsllist,-,-,-,-
20416,ELLIOTT ELEC (SAN MARCOS),,,NACOGDOCHES,TX,75963-0610,,(512) 392-4310  Ext. 0000,apinvoices@elliottelectric.com,66,nsllist,-,-,-,-
20417,C.E.D. (COLORADO SPGS.),,127 W MORENO AVE.,COLORADO SPGS.,CO,80903,,(719) 475-8160  Ext. 0000,,50,nsllist,-,-,-,-
2042,CED CONTRACTORS,,,MILPITAS,CA,95035,,(408) 970-0119  Ext. 0000,ap@yourced.com,85,nsllist,-,-,-,-
20425,ELECTRICAL EQUIPMENT CO.,,,RALEIGH,NC,27627,,(540) 891-8828  Ext. 0000,apinv@eeco-net.com,57,nsllist,-,-,-,-
20429,"LOW COUNTRY LIGHTING, INC",,P.O. BOX 24148,SAVANNAH,GA,31403,,(912) 233-8383  Ext. 0000,,4,nsllist,-,-,-,-
20431,REXEL (CHARLOTTESVILLE),,,,,,,(434) 977-1010  Ext. 0000,RexelAPinvoices@rexelusa.com,57,nsllist,-,-,-,-
20432,WERNER ELEC SUPPLY  (WAUSAU),,,,WI,54957,,(715) 845-8808  Ext. 0000,apinvoices@wernerelectric.com,16,nsllist,-,-,-,-
20433,NESCO/YANKEE ELEC (LEBANO,,,CANTON,MA,2021,,(603) 448-5896  Ext. 0000,ACCOUNTSPAYABLE@NEEDHAMELECTRIC.COM,56,nsllist,-,-,-,-
20442,FOXBORO ELECTRIC SUPPLY,PHIL,PO BOX 2600,ATTLEBORO FALLS,MA,2763,,(508) 695-8500  Ext. 0000,,56,nsllist,-,-,-,-
2045,WESCO (CLEVELAND),,,CLEVELAND,OH,44109,,(216) 741-0441  Ext. 0000,US-APinvoices@wescodist.com,75,nsllist,-,-,-,-
20454,NANCY B'S HOUSE OF LIGHTS LLC,,,CHARLOTTESVILLE,VA,22906,,(434) 975-4448  Ext. 0000,NANCY@NANCYBSHOUSEOFLIGHTS.COM,57,nsllist,-,-,-,-
20455,C.E.D. (RAMONA),,,RAMONA,CA,92065,,(760) 788-6112  Ext. 0000,e_freeman@cedramona.com,86,nsllist,-,-,-,-
20457,STOKES ELECTRICAL SUPPLY,,3401 NORTHWOOD AVE,EASTON,PA,18045,,(610) 258-7206  Ext. 0000,,82,nsllist,-,-,-,-
20461,NEENA'S DESIGN LTG (WELLE,,,BROOKLINE,MA,2446,,(781) 235-4510  Ext. 0000,ACCOUNTING@NEENASLIGHTING.COM,56,nsllist,-,-,-,-
20468,FRIEDMAN/SONEPAR (ITAHCA),,,MAITLAND,FL,32794,,(607) 256-7700  Ext. 0000,APINVOICES@SONEPAR-US.COM,1,nsllist,-,-,-,-
20472,CAPITAL ELECTRIC (CHESAPEAKE),,,MAITLAND,FL,32794,,,APINVOICES@SONEPAR-US.COM,57,nsllist,-,-,-,-
20477,SONEPAR USA (RICHM-PLAZA),,,MAITLAND,FL,32794,,(804) 784-0224  Ext. 0000,APINVOICES@SONEPAR-US.COM,57,nsllist,-,-,-,-
20478,SONEPAR USA (FREDERIC-CLS,,,MAITLAND,FL,32794,,(301) 663-1232  Ext. 0000,APINVOICES@SONEPAR-US.COM,62,nsllist,-,-,-,-
20479,SONEPAR USA (SUFFOLK-CLS),,,MAITLAND,FL,32794,,(757) 484-3816  Ext. 0000,APINVOICES@SONEPAR-US.COM,57,nsllist,-,-,-,-
20487,"CASHIERS ELECTRICAL, LLC",,cc:cashierselectricalsupply@nctv.com,CASHIERS,NC,28717,,(828) 743-9698  Ext. 0000,dbtownsend64@hotmail.com,57,nsllist,-,-,-,-
20488,BRASSFINDERS,,820 NORTH POST STREET SUITE 601,SPOKANE,WA,99201,,(509) 220-8544  Ext. 0000,,1,nsllist,-,-,-,-
20494,ECHO ELECTRIC (SIOUX CITY,,,SIOUX CITY,IA,51105,,(712) 252-3251  Ext. 0000,ap@echogroupinc.com,77,nsllist,-,-,-,-
20500,FERGUSON ENTER (LEBANON),,,HAMPTON,VA,23670-0406,,(615) 316-1303  Ext. 0000,apinvoices@ferguson.com,20,nsllist,-,-,-,-
20505,US ELECTRICAL SVC (FRANKL,,,MIDDLETOWN,CT,06457-2786,,(508) 528-5599  Ext. 0000,apinvoice@usesi.com,56,nsllist,-,-,-,-
20507,"REXEL USA, INC (TECHE-LAFAYETTE)",,,LAFAYETTE,LA,70596-1640,,(337) 234-7427  Ext. 0000,ap@teche-electric.com,60,nsllist,-,-,-,-
20510,J BRITT ANTIQUES & LTG,,,TUPELO,MS,38801,,(662) 844-3050  Ext. 0000,accountspayable@jbrittlighting.com,60,nsllist,-,-,-,-
20526,GRANITE CITY (SPRINGFIELD,,,QUINCY,MA,01821,,(774) 460-3045  Ext. 0000,Invoices@gcecorp.com,55,nsllist,-,-,-,-
20528,LEFF ELECTRIC (CLEVELAND),,4700 SPRING ROAD,CLEVELAND,OH,44131,,(216) 432-3000  Ext. 0000,,75,nsllist,-,-,-,-
20531,LABELLE CABINETRY & LTG.,,,JEFFERSON CITY,MO,65109,,(573) 632-2438  Ext. 0000,labellejc@live.com,81,nsllist,-,-,-,-
20532,ELLIOTT ELEC (AMARILLO),,,NACOGDOCHES,TX,75963-0610,,(806) 220-0404  Ext. 0000,apinvoices@elliottelectric.com,39,nsllist,-,-,-,-
20535,US ELECTRICAL SVC (ANNAPO,,,MIDDLETOWN,CT,06457-2786,,(410) 573-5114  Ext. 0000,apinvoice@usesi.com,62,nsllist,-,-,-,-
20536,HINKLEY'S CUSTOM LIGHTING,,16049 N.GREENWAY-HAYDEN L,SCOTTSDALE,AZ,85260,,(480) 948-8799  Ext. 0000,karen@hinkleys.net,68,nsllist,-,-,-,-
20538,DESIGNER REMODELING,,4699 AUVERGNE #14,LISLE,IL,60532,,(630) 824-4444  Ext. 0000,,40,nsllist,-,-,-,-
20539,C.E.S. (LAKE WORTH),,,ORLANDO,FL,32860,,(561) 966-8254  Ext. 0000,fl.ap@cityelectricsupply.com,32,nsllist,-,-,-,-
20541,PERSONA KITCHEN & BATH SO,,cc: carla@persona-style.com,WICHITA,KS,67213,,(316) 943-5551  Ext. 0000,mark@persona-style.com,81,nsllist,-,-,-,-
20545,KANSAS CITY ELEC (LENEXA),14851 WEST 99TH STREET,,LENEXA,KS,66215,,(913) 541-1717  Ext. 0000,,81,nsllist,-,-,-,-
20548,UNITED ELECTRIC (ALEXANDRIA),,,ALEXANDRIA,VA,22312,,(703) 256-2111  Ext. 0000,AP@UNITEDELECTRIC.COM,57,nsllist,-,-,-,-
2055,GEXPRO (WAKEFIELD),,,,,,,(781) 224-3671  Ext. 0000,GexproAPInvoices@rexelusa.com,56,nsllist,-,-,-,-
20551,LAGRANGE WINNELSON CO.,,,,GA,45401-1127,,(706) 845-9466  Ext. 0000,apcentral@winwholesale.com,4,nsllist,-,-,-,-
20552,CAPITAL ELECTRIC (HAGERSTOWN),,,MAITLAND,FL,32794-5650,,(301) 733-1212  Ext. 0000,APINVOICES@SONEPAR-US.COM,62,nsllist,-,-,-,-
20557,ELECTRIC SUPPLY CONNEC.,,,W LOS ANGELES,CA,90064,,(310) 442-2002  Ext. 0000,ap@electricsupplyconnection.com,86,nsllist,-,-,-,-
20563,LUXURY DESIGN INC.,,193 WILLIAMSBURG ST W,BROOKLYN,NY,11211,,(718) 384-4490  Ext. 0000,,80,nsllist,-,-,-,-
20568,PCHERTZ.COM,PO BOX 9495,,FARGO,ND,58106,,(701) 281-3951  Ext. 0000,,1,nsllist,-,-,-,-
20574,POINDEXTER'S,,28B SHAWNEE WAY,BOZEMAN,MT,59715,,(406) 994-0900  Ext. 0000,,50,nsllist,-,-,-,-
20575,WESCO (NESCO (NORTH ATTLEBORO),,,CANTON,MA,2021,,(508) 699-4256  Ext. 0000,ACCOUNTSPAYABLE@NEEDHAMELECTRIC.COM,56,nsllist,-,-,-,-
20576,C.E.S. (COOKEVILLE),331 PREMIER CRT SUITE 102,,FRANKLIN,TN,37067,,(931) 526-7788  Ext. 0000,,20,nsllist,-,-,-,-
20577,CAPE ELECTRIC SUPPLY (EAS,,,SOUTH DENNIS,MA,2660,,(508) 240-5237  Ext. 0000,capeelectric.billing@capeelectricsupply.net,56,nsllist,-,-,-,-
20578,HARMONY DESIGNS,,,MT. VERNON,NY,10550-3106,,(914) 699-0809  Ext. 0000,info@harmonydesignsfurniture.com,1,nsllist,-,-,-,-
2058,LITE LINE ILLUMINATIONS,,51 UNIVERSITY AVENUE #F,LOS GATOS,CA,95030,,(408) 399-9000  Ext. 0000,,86,nsllist,-,-,-,-
20586,NORTH COAST LIGHTING (BELLEVUE,,,SEATTLE,WA,98124,,(425) 454-2122  Ext. 0000,APINVOICES@SONEPAR-US.COM,23,nsllist,-,-,-,-
20591,ELLIOTT ELEC (MANOR),,,NACOGDOCHES,TX,75963-0610,,(512) 339-8750  Ext. 0000,apinvoices@elliottelectric.com,66,nsllist,-,-,-,-
20599,DUTTON-LAINSON (HASTINGS),,,HASTINGS,NE,68902-0729,,(402) 462-4141  Ext. 0000,apinvoices@dlco.com,77,nsllist,-,-,-,-
20601,WALSH ELECTRIC (COLCHESTE,,,COLCHESTER,VT,5446,,(802) 655-7090  Ext. 0000,ap@gmes.com,56,nsllist,-,-,-,-
20611,FERGUSON ENTER (AIKEN),,,HAMPTON,VA,23670-0406,,(803) 649-0140  Ext. 0000,apinvoices@ferguson.com,57,nsllist,-,-,-,-
20623,PLANET LIGHTING,,5084  BISCAYNE BLVD,MIAMI,FL,33137,,(305) 757-5001  Ext. 0000,,32,nsllist,-,-,-,-
20626,ELECTRICAL SUPPLIES(MIAMI,,13395 NW 107TH AVE.,MIAMI,FL,33018,,(305) 702-6001  Ext. 0000,,32,nsllist,-,-,-,-
20635,CREST LIGHTING COMPANY,JACK/RYAN,16206 KITTREDGE STREET,VAN NUYS,CA,91406,,(818) 779-0660  Ext. 0000,,86,nsllist,-,-,-,-
20640,MIDDLETOWN ELECTRIC SUPPL,,,LEBANON,OH,45036,,(513) 424-0888  Ext. 0000,jo@lebanonelectric.com,75,nsllist,-,-,-,-
20641,LEBANON ELECTRIC SUPPLY,,,LEBANON,OH,45036,,(513) 932-4015  Ext. 0000,michele@lebanonelectric.com,75,nsllist,-,-,-,-
20647,WESCO (FORT COLLINS),,,FT COLLINS,CO,80524,,(970) 221-2002  Ext. 0000,US-APinvoices@wescodist.com,50,nsllist,-,-,-,-
20648,COLONIAL ELEC (CAPE MAY Q,,,KING OF PRUSSIA,PA,19406,,(609) 465-7144  Ext. 0000,Ap_Inbox@ColonialElectric.com,82,nsllist,-,-,-,-
20653,FERGUSON ENTER (ROUND ROC,,,HAMPTON,VA,23670,,(512) 248-4050  Ext. 0000,apinvoices@ferguson.com,66,nsllist,-,-,-,-
20657,REXEL (DAYTONA BCH),,,PHILADELPHIA,PA,19101,,(386) 258-1237  Ext. 0000,RexelAPinvoices@rexelusa.com,32,nsllist,-,-,-,-
20659,REXEL (FT LAUDERDALE),,,PHILADELPHIA,PA,19101,,(954) 563-7145  Ext. 0000,RexelAPinvoices@rexelusa.com,32,nsllist,-,-,-,-
20662,REXEL (JACKSONVILLE),,,,,,,(904) 268-2112  Ext. 0000,RexelAPinvoices@rexelusa.com,31,nsllist,-,-,-,-
20668,SCHWING ELEC (BOHEMIA),,,FARMINGDALE,NY,11735,,(631) 563-9300  Ext. 0000,Payables@Schwingelectric.com,80,nsllist,-,-,-,-
20670,SCHWING ELEC (RIVERHEAD),,,FARMINGDALE,NY,11735,,(631) 727-1155  Ext. 0000,Payables@Schwingelectric.com,80,nsllist,-,-,-,-
20674,CAROLINA LANTERNS & LIGHTING,,,MOUNT PLEASANT,SC,29465,,(843) 881-4170  Ext. 0000,Invoices@carolinalanterns.com,57,nsllist,-,-,-,-
20676,LOWE ELECTRIC (MACON),,,MACON,GA,31208,,(478) 743-8661  Ext. 0000,AP@LOWEELECTRIC.COM,4,nsllist,-,-,-,-
20677,LOWE ELECTRIC (SENECA),,,,,,,(864) 638-0288  Ext. 0000,AP@LOWEELECTRIC.COM,57,nsllist,-,-,-,-
20678,LOWE ELECTRIC (SANDERSVIL,,,MACON,GA,31208,,(877) 397-7397  Ext. 0000,AP@LOWEELECTRIC.COM,4,nsllist,-,-,-,-
20684,PLATT ELEC (MONROE),,,,,,,(360) 863-0410  Ext. 0000,plattap@platt.com,23,nsllist,-,-,-,-
20685,LOWE ELECTRIC (VALDOSTA),,,MACON,GA,31208-4767,,(229) 242-1755  Ext. 0000,AP@LOWEELECTRIC.COM,4,nsllist,-,-,-,-
20700,C.E.S. (WEST ASHLEY) CHARLESTON,,,,,,,(843) 573-7814  Ext. 0000,charlestongroup@cityelectricsupply.com,57,nsllist,-,-,-,-
20702,DEALERS ELEC (GRAND PRAIR,P.O. Box 530131,2000 S. GREAT S.W. PKWY,GRAND PRAIRIE,TX,75051,,(972) 206-0725  Ext. 0000,,39,nsllist,-,-,-,-
20714,HOMESTYLES,,,DALTON GARDENS,ID,83815,,(208) 762-0177  Ext. 0000,cgriffin@homestyleslighting.com,43,nsllist,-,-,-,-
20717,GRAYBAR/4427027 (NORFOLK),,,ST. LOUIS,MO,63178,,(757) 857-1241  Ext. 0000,captivainvoice@graybar.com,57,nsllist,-,-,-,-
20719,GRAYBAR/4427027 (STERLING),,,,,,,(703) 889-1180  Ext. 0000,captivainvoice@graybar.com,57,nsllist,-,-,-,-
20722,ELLIOTT ELEC (KERRVILLE),,,NACOGDOCHES,TX,75963-0610,,(830) 896-9240  Ext. 0000,apinvoices@elliottelectric.com,66,nsllist,-,-,-,-
20723,PLATT ELEC (BLAINE),,,BLAINE,WA,98230-9710,,(360) 332-0939  Ext. 0000,plattap@platt.com,23,nsllist,-,-,-,-
20727,C.E.D. (ASHEVILLE),,,ASHEVILLE,NC,28801,,(828) 252-5313  Ext. 0000,kjones@cedasheville.com,57,nsllist,-,-,-,-
20728,C.E.S. (WESTLAKE HARDY),,,,NC,27513,,(540) 719-2155  Ext. 0000,RaleighWest@cityelectricsupply.com,57,nsllist,-,-,-,-
20731,SOUTHERN ILLUMINATIONS,,,BELLE CHASSE,LA,70037,,(504) 881-6378  Ext. 0000,graylin@southernilluminations.com,60,nsllist,-,-,-,-
20733,ELLIOTT ELEC (PLANO),,,NACOGDOCHES,TX,75963-0610,,(469) 467-7771  Ext. 0000,apinvoices@elliottelectric.com,39,nsllist,-,-,-,-
20734,CAPITAL ELECTRIC (U MARLBORO),,,MAITLAND,FL,32794-5650,,(301) 909-6500  Ext. 0000,APINVOICES@SONEPAR-US.COM,62,nsllist,-,-,-,-
20742,NORTH COAST ELEC (ELLENSB,,,SEATTLE,WA,98124,,(509) 962-3001  Ext. 0000,APINVOICES@SONEPAR-US.COM,23,nsllist,-,-,-,-
20750,W.D. BRYANT & SON (WILLIAMSBURG),WILLIAM NIX,372 SOUTH 5TH ST.,WILLIAMSBURG,KY,40769,,(606) 549-2385  Ext. 0000,,20,nsllist,-,-,-,-
20752,NEWCO INC.,,,GREELEY,CO,80632,,(307) 637-3241  Ext. 0000,newco.1038@billingbox.com,50,nsllist,-,-,-,-
20757,MANUFACTURED ASSEMBLIES C,,1810 SATELLITE BLVD #500,BUFORD,GA,30518,,(770) 682-6311  Ext. 0000,,1,nsllist,-,-,-,-
20761,C.E.S. (WEST JEFFERSON,,,,,,,(336) 846-2002  Ext. 0000,piedmonttriadgroup@cityelectricsupply.com,57,nsllist,-,-,-,-
20762,NORTH COAST ELEC (CLACKAMAS),,,MAITLAND,FL,32794-5650,,(000) 000-0000  Ext. 0000,APINVOICES@SONEPAR-US.COM,22,nsllist,-,-,-,-
20765,CAIN ELECTRICAL (LUBBOCK),,4310 IOLA #A,LUBBOCK,TX,79407,,(806) 687-0850  Ext. 0000,,39,nsllist,-,-,-,-
20767,C.E.S. (LAKE VILLA),,2011 LAKEMAN DR STE D,BELLBROOK,OH,45305,,(847) 395-5640  Ext. 0000,,40,nsllist,-,-,-,-
2077,PANIC LIGHTING CO.,,,COLUMBUS,OH,43224,,(614) 262-8527  Ext. 0000,ACCOUNTING@PANICLIGHTINGCO.COM,75,nsllist,-,-,-,-
20774,KENDALL ELEC (LA PORTE),,,,,,,(219) 362-2019  Ext. 0000,accountspayable@kendallelectric.com,74,nsllist,-,-,-,-
20776,BAY LIGHTING,,,CROFTON,MD,21114,,(301) 858-9494  Ext. 0000,ap@baylighting.net,62,nsllist,-,-,-,-
20778,CAPITAL ELECTRIC (MARTINSBURG),,,MAITLAND,FL,32794-5650,,(301) 733-1212  Ext. 0000,APINVOICES@SONEPAR-US.COM,20,nsllist,-,-,-,-
20783,SCOTT ELECTRIC (GREENSBUR,,,GREENSBURG,PA,15601,,(724) 838-0800  Ext. 0000,vriley@scottelectricusa.com,1,nsllist,-,-,-,-
20784,SCOTT ELECTRIC (HAGERSTOWN),,,GREENSBURG,PA,15601,,(888) 333-7850  Ext. 0000,vriley@scottelectricusa.com,62,nsllist,-,-,-,-
20788,KENDALL ELEC (INDIANAPOLIS),,,,,,,,accountspayable@kendallelectric.com,74,nsllist,-,-,-,-
20790,HOUSE BLEND LTG. & DESIGN,,215 N BRIDGE ST.,CHIPPEWA FALLS,WI,54729,,(715) 726-3080  Ext. 0000,,16,nsllist,-,-,-,-
20793,LIGHTOPIA,,1043 N. COAST HWY,LAGUNA,CA,92651,,(949) 715-5575  Ext. 0000,,1,nsllist,-,-,-,-
20795,C.E.D./CAIN ELEC (AMARILL,,,AMARILLO,TX,79106,,(806) 374-4404  Ext. 0000,customerservice@cainamarillo.com,39,nsllist,-,-,-,-
20797,KENDALL ELEC (BENTON HARB,,,PORTAGE,MI,49002-2049,,(269) 925-3244  Ext. 0000,accountspayable@kendallelectric.com,64,nsllist,-,-,-,-
20799,KENDALL ELEC (FORT WAYNE),,,PORTAGE,MI,49002-2049,,(260) 484-0755  Ext. 0000,accountspayable@kendallelectric.com,74,nsllist,-,-,-,-
20807,KENDALL ELEC (TRAVERSE CI,,,PORTAGE,MI,49002-2049,,(231) 946-7262  Ext. 0000,accountspayable@kendallelectric.com,16,nsllist,-,-,-,-
20809,P.G. SUPPLY CO INC,,110 E. THIRD STREET,MOUNT VERNON,NY,10550,,(914) 664-2525  Ext. 0000,,80,nsllist,-,-,-,-
20810,JACKSON MOORE LIGHTING,,,JACKSON,WY,83002,,(307) 734-8986  Ext. 0000,andrew@jacksonmoore.com,50,nsllist,-,-,-,-
20811,MODERNDAY LIGHTING INC,,,JUPITER,FL,33468,,(561) 741-3313  Ext. 0000,Willie@moderndaylighting.com,32,nsllist,-,-,-,-
20816,FERGUSON ENTER (FT WALTON,,,HAMPTON,VA,23670-0406,,(850) 362-0244  Ext. 0000,apinvoices@ferguson.com,4,nsllist,-,-,-,-
20818,C.E.S. (ROANOKE),,229 JAMES JACKSON AVE,CARY,NC,27513,,(540) 278-2500  Ext. 0000,,57,nsllist,-,-,-,-
20819,SPRINGFIELD ELEC (DAVENPORT),,,,IL,62708-4107,,(563) 445-4241  Ext. 0000,sescoap@springfieldelectric.com,77,nsllist,-,-,-,-
20821,C.E.S. (FRANKLIN),,,N. CHARLESTON,SC,29405,,(828) 369-7155  Ext. 0000,cespayables@cityelectricsupply.com,57,nsllist,-,-,-,-
20833,US ELECTRICAL MAURICE(GAITHE,,,,,,,(301) 216-2205  Ext. 0000,apinvoice@usesi.com,62,nsllist,-,-,-,-
20834,US ELECTRICAL SVC (WARREN,,,MIDDLETOWN,CT,06457-2786,,(540) 349-9777  Ext. 0000,apinvoice@usesi.com,57,nsllist,-,-,-,-
20835,US ELECTRICAL SVC (ROCKVI,,,MIDDLETOWN,CT,06457-2786,,(301) 333-5990  Ext. 0000,apinvoice@usesi.com,62,nsllist,-,-,-,-
20837,FERGUSON ENTER (KNOXVILLE,,,HAMPTON,VA,23670,,(865) 531-8550  Ext. 0000,apinvoices@ferguson.com,20,nsllist,-,-,-,-
20838,UNITED LTG & SUPP (DESTIN,,,FT WALTON BEACH,FL,32549,,(850) 622-6531  Ext. 0000,apcentral@winwholesale.com,4,nsllist,-,-,-,-
2084,ALL-PHASE (LEXINGTON),,1000 FLOYD DRIVE,LEXINGTON,KY,40505,,(859) 255-9447  Ext. 0000,,20,nsllist,-,-,-,-
20844,C.E.S. (MIDDLEBURG),,,,,,,(904) 982-9448  Ext. 0000,jaxrgo@cityelectricsupply.com,31,nsllist,-,-,-,-
20848,STUART C. IRBY/ BROOK ELECT (ADDISON),,,MAITLAND,FL,32794-5650,,(847) 930-9000  Ext. 0000,APINVOICES@SONEPAR-US.COM,40,nsllist,-,-,-,-
20853,REXEL BRANCH (ARDEN),,,PHILADELPHIA,PA,19101,,(828) 687-7100  Ext. 0000,RexelAPinvoices@rexelusa.com,57,nsllist,-,-,-,-
20854,GRAND RAPIDS LIGHTING CNT,,3800 29TH ST. S.E.,GRAND RAPIDS,MI,49512,,(616) 949-4931  Ext. 0000,,64,nsllist,-,-,-,-
20857,AVENUES LIGHTING,,,JACKSONVILLE,FL,32256,,(904) 262-8113  Ext. 0000,accounting@avelighting.com,31,nsllist,-,-,-,-
20861,"DESIGN LIGHTING GROUP,LLC",,,ATLANTA,GA,30318,,(404) 351-5010  Ext. 0000,Caryn Williams caryn@dlightinggroup.com,4,nsllist,-,-,-,-
20867,"CLASSICS, LTD",,2510 S HASTINGS WAY,EAU CLAIRE,WI,54701,,(715) 835-4500  Ext. 0000,,16,nsllist,-,-,-,-
20869,FOX ELECTRIC (GARLAND),,PO BOX 13338,ARLINGTON,TX,76094,,(817) 401-4341  Ext. 0000,,39,nsllist,-,-,-,-
20871,STANDARD ELEC (JACKSON),,,SAGINAW,MI,48603,,(517) 783-2735  Ext. 0000,ap@standardelectricco.com,64,nsllist,-,-,-,-
20876,FERGUSON ENTER (MARBLE FA,,,HAMPTON,VA,23670,,(830) 693-7048  Ext. 0000,apinvoices@ferguson.com,66,nsllist,-,-,-,-
20878,MACMILLAN DISTRIBUTING,P.O. BOX 94478,,ALBUQUERQUE,NM,87199,,(505) 343-7483  Ext. 0000,,72,nsllist,-,-,-,-
20879,NESCO (BROCKTON),,,CANTON,MA,2021,,(508) 588-9410  Ext. 0000,ACCOUNTSPAYABLE@NEEDHAMELECTRIC.COM,56,nsllist,-,-,-,-
20880,CUSTOM ARTS,,,,,,,(224) 381-1999  Ext. 0000,1@BRITLIN.ONE,1,nsllist,-,-,-,-
20881,SONEPAR USA (MILFORD),,,MAITLAND,FL,32794,,(508) 422-9370  Ext. 0000,APINVOICES@SONEPAR-US.COM,56,nsllist,-,-,-,-
20885,SONEPAR USA (ANNAP-CLS),,,MAITLAND,FL,32794,,(410) 919-2400  Ext. 0000,APINVOICES@SONEPAR-US.COM,62,nsllist,-,-,-,-
20886,SONEPAR USA (BALT-CLS),,,MAITLAND,FL,32794,,(410) 752-4080  Ext. 0000,APINVOICES@SONEPAR-US.COM,62,nsllist,-,-,-,-
20887,C.E.S. (WILLIAMSBURG),,229 JAMES JACKSON AVE,CARY,VA,27513,,(757) 345-2375  Ext. 0000,,57,nsllist,-,-,-,-
20892,C.E.S. (KELLER),,PO BOX 4238,CENTENNIAL,CO,80155-4507,,(817) 431-6363  Ext. 0000,,39,nsllist,-,-,-,-
20893,FERGUSON ENTER (DESTIN),,,HAMPTON,VA,23602-4310,,(850) 269-1993  Ext. 0000,apinvoices@ferguson.com,4,nsllist,-,-,-,-
20894,C.E.D. (DES MOINES),,,DES MOINES,IA,50316,,(515) 265-8121  Ext. 0000,ap-po@ceddesmoines.com,77,nsllist,-,-,-,-
20910,C.E.S. (GAITHERSBURG),,,GAITHERSBURG,MD,20879,,(301) 869-4470  Ext. 0000,washingtongroup@cityelectricsupply.com,62,nsllist,-,-,-,-
20913,FSG LIGHTING (SHAWNEE),,,AUSTIN,TX,78745,,,fsgap@fsgi.com,81,nsllist,-,-,-,-
20914,C.E.S. (CHARLOTTESVILLE),,,CARY,NC,27513,,(434) 422-5308  Ext. 0000,piedmonttriadgroup@cityelectricsupply.com,57,nsllist,-,-,-,-
20915,CRESCENT ELEC (LARAMIE),,,LARAMIE,WY,82073-1303,,(307) 745-9524  Ext. 0000,apcorp@cesco.com,50,nsllist,-,-,-,-
20916,C.E.S. (ELIZABETH CITY),,,CARY,NC,27513,,(252) 337-7870  Ext. 0000,piedmonttriadgroup@cityelectricsupply.com,57,nsllist,-,-,-,-
20919,PROGRESSIVE LTG (ROSWELL),,,DULUTH,GA,30096,,(770) 475-9987  Ext. 0000,PAYABLES@PROGRESSIVELIGHTING.COM,4,nsllist,-,-,-,-
20920,PROGRESSIVE LTG (ATLANTA),,,DULUTH,GA,30096,,(404) 492-5833  Ext. 0000,PAYABLES@PROGRESSIVELIGHTING.COM,4,nsllist,-,-,-,-
20921,PROGRESSIVE LTG (DULUTH),,,DULUTH,GA,30096,,(678) 987-7000  Ext. 0000,PAYABLES@PROGRESSIVELIGHTING.COM,4,nsllist,-,-,-,-
20925,DOVER ELECTRIC SUPPLY (SEAFORD),,,,,,,(302) 629-0874  Ext. 0000,Vjohnson@Doverelectric.com,82,nsllist,-,-,-,-
20930,VAN METER (PAPILLION / OMAHA),,,CEDAR RAPIDS,IA,52404-1368,,(402) 597-2938  Ext. 0000,vmi.invoices@vanmeterinc.com,77,nsllist,-,-,-,-
20935,REXEL (NORCROSS),,,,PA,19101-3623,,(770) 409-0500  Ext. 0000,RexelAPinvoices@rexelusa.com,4,nsllist,-,-,-,-
20936,KAELINS INC DBA ALCOTT,,,LOUISVILLE,KY,40205,,(502) 454-8938  Ext. 0000,amokhtarei@gmail.com,20,nsllist,-,-,-,-
20940,C.E.S. (KEY WEST),,,JUPITER,FL,33458,,(305) 783-5135  Ext. 0000,fl.ap@cityelectricsupply.com,32,nsllist,-,-,-,-
20951,REXEL (UPPER MARLBORO),,,PHILADELPHIA,PA,19109,,(828) 693-6572  Ext. 0000,RexelAPinvoices@rexelusa.com,62,nsllist,-,-,-,-
20965,REXEL (ASHLAND),,,,,,,(804) 353-6121  Ext. 0000,RexelAPinvoices@rexelusa.com,57,nsllist,-,-,-,-
20966,C.E.S. (ORANGE PARK),,,ORANGE PARK,FL,32065,,(904) 272-8488  Ext. 0000,jaxrgo@cityelectricsupply.com,31,nsllist,-,-,-,-
20974,AMPERAGE ELECTRICAL SUPP.,,359 W IRVING PARK RD.,ROSELLE,IL,60172,,(630) 894-8100  Ext. 0000,,40,nsllist,-,-,-,-
20978,REXEL / GEXPRO (ORLANDO),,,PHILADELPHIA,PA,19101-3623,,(407) 419-8637  Ext. 0000,RexelAPinvoices@rexelusa.com,31,nsllist,-,-,-,-
2098,QUIGLEY LIGHTING CO.,,P.O. BOX 2786,PENSACOLA,FL,32513,,(850) 438-7561  Ext. 0000,,4,nsllist,-,-,-,-
20983,C.E.S. (ROME),,,N CHARLESTON,SC,29405,,(706) 295-9200  Ext. 0000,dallas.ap@cityelectricsupply.com,4,nsllist,-,-,-,-
20986,CAPITAL ELECTRIC (COLONIAL HTS),,,MAITLAND,FL,32794-5650,,(804) 520-7700  Ext. 0000,APINVOICES@SONEPAR-US.COM,57,nsllist,-,-,-,-
20987,CAPITAL ELECTRIC (COLUMBIA),,,,,,,(410) 995-6844  Ext. 0000,APINVOICES@SONEPAR-US.COM,62,nsllist,-,-,-,-
20989,RICK'S LTG & SUPPLY,,1027 ST ANDREWS BLVD,CHARLESTON,SC,29407,,(843) 763-2282  Ext. 0000,,57,nsllist,-,-,-,-
20993,TURNEY LIGHTING & EL (BOE,,2501 NW LOOP 410,SAN ANTONIO,TX,78230,,(830) 981-5579  Ext. 0000,,66,nsllist,-,-,-,-
20997,C.E.D. (VERO BEACH),,,VERO BEACH,FL,32967,,(772) 794-1624  Ext. 0000,matt@cedvero.com,32,nsllist,-,-,-,-
21001,C.E.S. (FRANKLIN/COOL SPR,,331 PREMIER COURT #102,FRANKLIN,IN,37067,,(615) 550-0050  Ext. 0000,,20,nsllist,-,-,-,-
21003,KIRBY RISK (FISHERS),,,LAFAYETTE,IN,47903-5089,,(317) 598-6170  Ext. 0000,accountspayable@kirbyrisk.com,74,nsllist,-,-,-,-
21007,ELLIOTT ELEC (HENDERSON),,,NACOGDOCHES,TX,75963-0610,,(903) 657-1517  Ext. 0000,apinvoices@elliottelectric.com,39,nsllist,-,-,-,-
21009,OLD DOMINION ELECTRICAL,,P.O. BOX 25644,RICHMOND,VA,23260,,(804) 344-5440  Ext. 0000,,57,nsllist,-,-,-,-
21012,PLUMBING DISTRIBUTORS (LAWRENCEVILLE),,,LAWRENCEVILLE,GA,30046-1167,,(770) 963-9231  Ext. 0000,payables@plumbingdistributors.com,4,nsllist,-,-,-,-
21015,PLUMBING DISTRIBUTORS (MCDONOUGH),,,LAWRENCEVILLE,GA,30046-1167,,(770) 954-1063  Ext. 0000,payables@plumbingdistributors.com,4,nsllist,-,-,-,-
21018,C.E.D./GILMAN ELECTRIC,,7 POMERLEAU ST SUITE 102,BIDDEFORD,ME,4005,,(207) 571-3070  Ext. 0000,,56,nsllist,-,-,-,-
2102,CITY LIGHTS DESIGN SHOWROOM FEI#3337,,,HAMPTON,VA,23670-0406,,(262) 781-9048  Ext. 0000,apinvoices@ferguson.com,16,nsllist,-,-,-,-
21026,LIGHT SOURCE,,,ST. JOSEPH,MI,49085,,(269) 983-0777  Ext. 0000,gail@lightsourceetc.com,64,nsllist,-,-,-,-
21027,CITY LIGHTS & DESIGN (AUSTIN),,8863 ANDERSON MILL RD #113,AUSTIN,TX,78729,,(512) 331-5483  Ext. 0000,,66,nsllist,-,-,-,-
21029,FERGUSON ENTER (DES MOINE,,,HAMPTON,VA,23670-0406,,(515) 251-8008  Ext. 0000,apinvoices@ferguson.com,77,nsllist,-,-,-,-
21032,CRENSHAW WHOLESALE,,13441 S WESTERN AVE,GARDENA,CA,90249,,(310) 676-5555  Ext. 0000,,1,nsllist,-,-,-,-
21033,C.E.D. (STEAMBOAT SPRINGS),,1955 BRIDGE LANE #1100,STEAMBOAT SPRINGS,CO,80487,,(970) 879-9751  Ext. 0000,,50,nsllist,-,-,-,-
21034,C.E.D./RAYBRO (HOLLYWOOD),,2151 N 20TH AVE.,HOLLYWOOD,FL,33020,,(954) 921-5211  Ext. 0000,,32,nsllist,-,-,-,-
21035,FRONTIER LTG (FT MYERS,,,CLEARWATER,FL,33765,,(239) 454-2852  Ext. 0000,accap@frontierlighting.com,32,nsllist,-,-,-,-
21038,GALLERIA LTG & DESIGN (QED),,,DENVER,CO,80223-1518,,(303) 592-1223  Ext. 0000,APINVOICES@SONEPAR-US.COM,50,nsllist,-,-,-,-
21040,LIGHTING UNLIMITED,,2531 E YANDELL,EL PASO,TX,79903,,(915) 532-9512  Ext. 0000,,72,nsllist,-,-,-,-
21044,C.E.D. (DAYTONA),,,DAYTONA BEACH,FL,32114,,(386) 255-0961  Ext. 0000,lnieves@ceddaytonabeach.com,31,nsllist,-,-,-,-
21049,LIGHTING UNLIMITED (PEORIA),9800 N. 91ST AVE #122,,PEORIA,AZ,85345,,(623) 877-4900  Ext. 0000,,68,nsllist,-,-,-,-
21050,GLOBE LIGHTING (BEND),,,,,,,(541) 317-0750  Ext. 0000,oleontyuk@dolanco.com,22,nsllist,-,-,-,-
21051,C.E.D. (ST. GEORGE),596 INDUSTRIAL RD,,ST. GEORGE,UT,84770,,(435) 673-4663  Ext. 0000,,50,nsllist,-,-,-,-
21052,WERNER ELEC (COTTAGE GR),7450 95TH STREET SOUTH,,COTTAGE GROVE,MN,55016,,(651) 458-3701  Ext. 0000,,16,nsllist,-,-,-,-
21053,PROGRESSIVE/LEE LTG (CHAR,,,DULUTH,GA,30096,,(704) 599-0112  Ext. 0000,PAYABLES@PROGRESSIVELIGHTING.COM,4,nsllist,-,-,-,-
21056,ADVANCE ELECTRICAL/INDUST,,,NORCROSS,GA,30092,,(770) 228-8464  Ext. 0000,APINVOICES@SONEPAR-US.COM,4,nsllist,-,-,-,-
21065,VALLEY ISLE LIGHTING,,255 ALAMAHA ST. UNIT A,KAHULUI,HI,96732,,(808) 871-1119  Ext. 0000,,1,nsllist,-,-,-,-
21067,ELLIOTT ELEC (MCKINNEY),,,NACOGDOCHES,TX,75963-0610,,(972) 542-1196  Ext. 0000,apinvoices@elliottelectric.com,39,nsllist,-,-,-,-
21071,C.E.S. (LUTZ),,,ORLANDO,FL,32860,,(813) 909-8776  Ext. 0000,fl.ap@cityelectricsupply.com,31,nsllist,-,-,-,-
21073,C.E.S. (HUDSON MA),,,,,,,(978) 310-7444  Ext. 0000,BostonSouthGroup@cityelectricsupply.com,56,nsllist,-,-,-,-
21074,C.E.D. (SANTEE),,8406 N MAGNOLIA AVE. #H,SANTEE,CA,92071,,(619) 562-3004  Ext. 0000,,86,nsllist,-,-,-,-
21076,C.E.D. (PORT CHARLOTTE),,,PORT CHARLOTTE,FL,33954,,(941) 625-9690  Ext. 0000,customerservice@cedportchar.com,32,nsllist,-,-,-,-
21079,WHOLESALE SUPPLY (FRANKLI,,,CLEVELAND,TN,37320-4080,,,shanda.bender@wsginc.com,20,nsllist,-,-,-,-
21080,LBU (NAPLES),,,NAPLES,FL,34110-1653,,(239) 919-1330  Ext. 0000,AP@lbugroup.com,32,nsllist,-,-,-,-
21096,KIE SUPPLY (LA GRANDE),,,,OR,97850,,(541) 963-4622  Ext. 0000,ap@kiesupply.com,22,nsllist,-,-,-,-
21103,WESCO (WESTBORO),,,WESTBORO,MA,1581,,(508) 870-5030  Ext. 0000,US-APinvoices@wescodist.com,56,nsllist,-,-,-,-
21104,A.C. ELEC (WESTHAMPTON),,,SMITHTOWN,NY,11787-5128,,(631) 385-8888  Ext. 0000,ap@ac-elect.com,80,nsllist,-,-,-,-
21108,C.E.S. (LENOIR CITY),,,,,28601,,(865) 271-0032  Ext. 0000,KnoxvilleGroup@cityelectricsupply.com,20,nsllist,-,-,-,-
21109,HAMPDEN ZIMMERMAN (QUEENSBURY),,,MIDDLETOWN,CT,06457-2786,,(518) 761-9600  Ext. 0000,apinvoice@usesi.com,56,nsllist,-,-,-,-
21110,BEAUTIFUL LIGHTS,,,DESTIN,FL,32541,,(850) 650-9417  Ext. 0000,customerservice@beautifullights.com,4,nsllist,-,-,-,-
21111,C.E.S. (PORTSMOUTH),,,,,,,(603) 610-0096  Ext. 0000,bostonnorthwestgroup@cityelectricsupply.com,56,nsllist,-,-,-,-
21112,GEXPRO (LOUISVILLE),,,PHILADELPHIA,PA,19101-3623,,(502) 962-4001  Ext. 0000,GexproAPInvoices@rexelusa.com,20,nsllist,-,-,-,-
21117,C.E.D. (CHICO),,,CHICO,CA,95928,,(530) 895-8611  Ext. 0000,scanez@cedchico.com,86,nsllist,-,-,-,-
2112,PARRISH HARE (DALLAS),,,DALLAS,TX,75356-0547,,(214) 905-1001  Ext. 0000,invoices@parrish-hare.com,39,nsllist,-,-,-,-
21124,REXEL (CARROLLTON),,,PHILADELPHIA,PA,19101,,(972) 389-5500  Ext. 0000,RexelAPinvoices@rexelusa.com,39,nsllist,-,-,-,-
21127,US ELECTRICAL SVC (WALT-U,,,MIDDLETOWN,CT,06457-2786,,(781) 684-1205  Ext. 0000,apinvoice@usesi.com,56,nsllist,-,-,-,-
21132,LADE-DANLAR/USESI (TUCKER,,,MIDDLETOWN,CT,06457,,(770) 939-6214  Ext. 0000,apinvoice@usesi.com,4,nsllist,-,-,-,-
21135,MONARCH ELEC (NEW ROCHELLE),,,,,,,(914) 632-0144  Ext. 0000,apinvoice@usesi.com,78,nsllist,-,-,-,-
21136,MONARCH ELEC (FAIRFIELD),,,MIDDLETOWN,CT,06457-2786,,(973) 227-4151  Ext. 0000,apinvoice@usesi.com,80,nsllist,-,-,-,-
21137,MONARCH ELEC (HAUPPAUGE),,,,,,,(631) 863-6960  Ext. 0000,apinvoice@usesi.com,80,nsllist,-,-,-,-
21143,C.E.S. (DURHAM),,,HARDY,VA,24101,,(919) 433-8188  Ext. 0000,DMETCALF@CES-US.NET,57,nsllist,-,-,-,-
21144,C.E.S. (SOUTHERN PINES,,,,,,,(910) 692-3516  Ext. 0000,piedmonttriadgroup@cityelectricsupply.com,57,nsllist,-,-,-,-
21145,C.E.S. (FUQUAY-VARINA),,,,,,,(919) 567-9004  Ext. 0000,piedmonttriadgroup@cityelectricsupply.com,57,nsllist,-,-,-,-
21146,C.E.S. (MARBLE FALLS),,,DALLAS,TX,75313,,(830) 693-4715  Ext. 0000,TEX.AP@CITYELECTRICSUPPLY.COM,66,nsllist,-,-,-,-
21148,HAMPDEN ZIMMERMAN (POUGHKEEPSIE),,,MIDDLETOWN,CT,06457-2786,,(845) 214-1100  Ext. 0000,apinvoice@usesi.com,54,nsllist,-,-,-,-
21149,C.E.S. (NORTH WILKESBORO),,,,NC,28601,,(336) 844-2006  Ext. 0000,piedmonttriadgroup@cityelectricsupply.com,57,nsllist,-,-,-,-
21151,C.E.S. (NEWPORT NEWS),,229 JAMES JACKSON AVE,CARY,NC,27513,,(757) 534-9091  Ext. 0000,,57,nsllist,-,-,-,-
211514,OMAHA WINLECTRIC CO,,,DAYTON,OH,45401-1127,,(402) 734-1961  Ext. 0000,apcentral@winwholesale.com,77,nsllist,-,-,-,-
21152,ECKART LLC (LOUISVILLE),,,CORYDON,IN,47112,,(502) 426-1476  Ext. 0000,ap@eckart.com,20,nsllist,-,-,-,-
21154,ECKART LLC (BENTON),,,,,,,(270) 527-9020  Ext. 0000,ap@eckart.com,20,nsllist,-,-,-,-
21155,C.E.S. (NORRISTOWN),,,,,,,(610) 635-0901  Ext. 0000,bostonsouthgroup@concordelectricsupply.com,82,nsllist,-,-,-,-
21164,C.E.S. (PHOENIX CENTRAL),,,,,,,(602) 281-2891  Ext. 0000,cespayables@cityelectricsupply.com,71,nsllist,-,-,-,-
21165,C.E.S. (DOVER),,,BROCKTON,MA,02301,,(302) 672-3100  Ext. 0000,bostonsouthgroup@concordelectricsupply.com,82,nsllist,-,-,-,-
21172,C.E.S. (WINTER HAVEN),,,LUTZ,FL,33558,,(863) 293-0991  Ext. 0000,fl.ap@cityelectricsupply.com,31,nsllist,-,-,-,-
21174,C.E.S. (PALM HARBOR),,,ORLANDO,FL,32860,,(727) 408-5105  Ext. 0000,fl.ap@cityelectricsupply.com,31,nsllist,-,-,-,-
21175,C.E.S. (PLANO),P.O. BOX 4238,,CENTENNIAL,CO,80155,,(972) 202-2045  Ext. 0000,,39,nsllist,-,-,-,-
21180,HILL COUNTRY ELEC (KERRVI,,,SAN ANTONIO,TX,78218,,(830) 896-1212  Ext. 0000,ap@hces.net,66,nsllist,-,-,-,-
21182,CAPITAL ELECTRIC (ASHLAND),,,ASHLAND,VA,23005-9998,,(804) 752-6124  Ext. 0000,APINVOICES@SONEPAR-US.COM,57,nsllist,-,-,-,-
21183,CAPITAL ELECTRIC (AUGUSTA),,,,,,,(706) 736-7021  Ext. 0000,APINVOICES@SONEPAR-US.COM,4,nsllist,-,-,-,-
21185,FSG LIGHTING (BENSENVILLE,,,AUSTIN,TX,78745,,,fsgap@fsgi.com,40,nsllist,-,-,-,-
21187,ENTECH CONTROLS CORP.,,8 WEST TOWER CIRCLE,ORMOND BEACH,FL,32174,,(386) 672-7335  Ext. 0000,,1,nsllist,-,-,-,-
21190,FERGUSON ENTER (PENSACOLA,,,HAMPTON,VA,23670-0406,,(850) 484-8202  Ext. 0000,apinvoices@ferguson.com,31,nsllist,-,-,-,-
21191,YALE ELECTRIC (NEWARK),,,MIDDLETOWN,CT,06457,,(302) 737-3778  Ext. 0000,apinvoice@usesi.com,78,nsllist,-,-,-,-
21195,ROBINSON ELECTRIC SUPPLY (PICAYUNE),,,PICAYUNE,MS,39466,,(601) 798-4326  Ext. 0000,lstrahan@robinsonpicayune.com,60,nsllist,-,-,-,-
21197,ROBINSON ELECTRIC SUPPLY (LAUREL),,,LAUREL,MS,39441,,(601) 649-1317  Ext. 0000,jmoss@robinsonlaurel.com,60,nsllist,-,-,-,-
21198,FERGUSON ENTER (HARDY),,,HAMPTON,VA,23670-0406,,(540) 721-2410  Ext. 0000,apinvoices@ferguson.com,57,nsllist,-,-,-,-
21199,LIGHTING BY DESIGN,,,LA PLATA,MD,20646,,(240) 508-2153  Ext. 0000,stacysmith68@comcast.net,62,nsllist,-,-,-,-
21200,LIGHTBULBS & LTG. CENTER,,203 N MIAMI AVE.,MIAMI,FL,33128-1827,,(305) 358-8824  Ext. 0000,,32,nsllist,-,-,-,-
21213,COLONIAL ELEC (VINELAND),,,KING OF PRUSSIA,PA,19406,,(856) 462-6300  Ext. 0000,Ap_Inbox@ColonialElectric.com,82,nsllist,-,-,-,-
21223,FERGUSON ENTER (VIRGINIA,,,HAMPTON,VA,23670-0406,,(757) 490-2381  Ext. 0000,apinvoices@ferguson.com,57,nsllist,-,-,-,-
21233,LIGHTING DESIGN (LAYTON),1074 W HILL FIELD RD,,LAYTON,UT,84041,,(801) 444-3321  Ext. 0000,,50,nsllist,-,-,-,-
21234,ANIXTER POWER SUPPLY (ORLANDO),,,ORLANDO,FL,32802,,(407) 841-4710  Ext. 0000,apsAPE@anixter.com,31,nsllist,-,-,-,-
21239,SAVIO LIGHTING,890 PROVIDENCE HWY,,DEDHAM,MA,02026,,(508) 875-8818  Ext. 0000,,56,nsllist,-,-,-,-
21241,LIGHTING DESIGN (CHANDLER,,11538 S. STATE ST. #100,DRAPER,UT,84020,,(480) 907-5854  Ext. 0000,,68,nsllist,-,-,-,-
21245,DUTTON-LAINSON (SHOWCASE),,P.O. BOX 729,HASTINGS,NE,68902,,,,77,nsllist,-,-,-,-
21246,3E ELECTRICAL (N. PLATTE),,,,,,,(308) 532-2879  Ext. 0000,3eaccounting@3e-co.com,77,nsllist,-,-,-,-
21253,"ELECTRICAL SUPPLY, INC.",,,CHRISTIANSBURG,VA,24073,,(540) 382-6179  Ext. 0000,electricalsupply@verizon.net,57,nsllist,-,-,-,-
21254,SOUTHFORK ELEC (MAYFIELD),,P.O. BOX 677,CAPE GIRARDEAU,MO,63701,,(270) 247-6041  Ext. 0000,,20,nsllist,-,-,-,-
21257,RITTENHOUSE ELECTRIC,,,ARDMORE,PA,19003,,(610) 649-2609  Ext. 0000,ap@rittenhouseelectric.com,82,nsllist,-,-,-,-
21260,BLAZER ELEC. SUPPLY(CO SP,,P.O. BOX 76957,COLORADO SPRGS,CO,80970,,(719) 596-1333  Ext. 0000,,50,nsllist,-,-,-,-
21269,GRAYBAR/4427027 (ROCHESTE,,,ST. LOUIS,MO,63178,,(585) 458-3600  Ext. 0000,captivainvoice@graybar.com,1,nsllist,-,-,-,-
21270,LPD LIGHTING PLUS DESIGN INC,680 BROADWAY,,NEW YORK,NY,10012,,(212) 979-2000  Ext. 0000,,80,nsllist,-,-,-,-
21271,POWER DESIGN RESOURCES,,,ATLANTA,GA,30349,,(404) 494-3800  Ext. 0000,invoices@powerdesigninc.us,4,nsllist,-,-,-,-
21274,THE REYNOLDS COMPANY (FT WRTH,,,,TX,76137,,(817) 626-3636  Ext. 0000,AP@REYNCO.COM,39,nsllist,-,-,-,-
21278,REVERE ELECTRIC SUPPLY CO.(WEST ALLIS),,,MOKENA,IL,60448,,(262) 549-1983  Ext. 0000,ap@revereelectric.com,16,nsllist,-,-,-,-
21280,GRAYBAR/4427027 (AUGUSTA),,,ST. LOUIS,MO,63178,,(706) 798-0450  Ext. 0000,captivainvoice@graybar.com,4,nsllist,-,-,-,-
21285,SOUTHFORK ELECTRICAL (MURRAY),PO BOX 677,,CAPE GIRARDEAU,MO,63702-0677,,(270) 759-9994  Ext. 0000,,20,nsllist,-,-,-,-
21290,TURTLE & HUGHES (MILFORD),,,LINDEN,NJ,7036,,(203) 497-1500  Ext. 0000,accountspayable@turtle.com,55,nsllist,-,-,-,-
21291,C.E.S. (DERRY),,,BROCKTON,MA,02301,,(603) 421-0237  Ext. 0000,bostonsouthgroup@concordelectricsupply.com,56,nsllist,-,-,-,-
21296,"HOFFMAN ELECTRIC, INC",,PO BOX 326,RIVERTON,WY,82501,,(307) 856-3408  Ext. 0000,,50,nsllist,-,-,-,-
21297,FERGUSON ENTER (WEST ALLI,,,HAMPTON,VA,23670-0406,,(414) 327-8400  Ext. 0000,apinvoices@ferguson.com,16,nsllist,-,-,-,-
2130,LIGHT BULBS UNL (SAN DIEG,,1017 MORENA BLVD.,SAN DIEGO,CA,92110,,(619) 296-2454  Ext. 0000,,86,nsllist,-,-,-,-
21303,MURCO (MONROE),,201 WASHINGTON ST.,MONROE,LA,71201,,(318) 323-9691  Ext. 0000,,60,nsllist,-,-,-,-
21305,LIGHTFORM LIGHTING,,7018 E. INDIAN SCHOOL RD,SCOTTSDALE,AZ,85251,,(602) 332-4825  Ext. 0000,,68,nsllist,-,-,-,-
21306,FERGUSON ENTER (STEAMB SP,,,,,,,(970) 879-2599  Ext. 0000,apinvoices@ferguson.com,50,nsllist,-,-,-,-
21307,DAKOTA SUPPLY (ALEXANDRIA,,,ALEXANDRIA,MN,56308,,(320) 763-3172  Ext. 0000,ap@dsginc.biz,16,nsllist,-,-,-,-
21309,FSG LIGHTING (DENVER),,,AUSTIN,TX,78745,,(303) 295-1800  Ext. 0000,fsgap@fsgi.com,1,nsllist,-,-,-,-
21311,GRAYBAR/4427027 (ST. LOUI,,,ST. LOUIS,MO,63178,,(314) 573-2401  Ext. 0000,captivainvoice@graybar.com,81,nsllist,-,-,-,-
21315,THE LITE HOUSE (COLUMBIA),,3521 BUSH RIVER ROAD,COLUMBIA,SC,29210,,(803) 788-3213  Ext. 0000,,57,nsllist,-,-,-,-
21321,C.E.D. (CUMMING) /J&M ELECTRIC SUPPL,,,CUMMING,GA,30040,,(770) 889-9742  Ext. 0000,anita@cedcumming.com,4,nsllist,-,-,-,-
21322,WITTOCK/STANDARD ELECTRIC (GAYLORD),,,,,,,(989) 732-1690  Ext. 0000,ap@standardelectricco.com,64,nsllist,-,-,-,-
21323,"REXEL USA, INC (TECHE-BROUSSARD)",,,LAFAYETTE,LA,70596-1640,,(337) 839-0948  Ext. 0000,ap@teche-electric.com,60,nsllist,-,-,-,-
2133,"SITELIGHT LD, INC.",,14345 JUSTICE ROAD,MIDLOTHIAN,VA,23113,,(804) 379-6563  Ext. 0000,,57,nsllist,-,-,-,-
21330,CAPITAL ELECTRIC (WESTMINSTER),,,MAITLAND,FL,32794-5650,,(410) 848-3050  Ext. 0000,APINVOICES@SONEPAR-US.COM,62,nsllist,-,-,-,-
21333,ELLIOTT ELEC (LITTLE ROCK,,,NACOGDOCHES,TX,75963-0610,,(501) 565-1785  Ext. 0000,apinvoices@elliottelectric.com,90,nsllist,-,-,-,-
21334,ELLIOTT ELEC (LENEXA),,,,,,,(913) 563-7000  Ext. 0000,apinvoices@elliottelectric.com,81,nsllist,-,-,-,-
21336,YALE ELECTRIC (WILLOW GRO,,,MIDDLETOWN,CT,06457,,(215) 659-5757  Ext. 0000,apinvoice@usesi.com,78,nsllist,-,-,-,-
21337,PLUMBING DISTRIBUTORS (EATONTON),,,LAWRENCEVILLE,GA,30046,,(706) 485-1700  Ext. 0000,payables@plumbingdistributors.com,4,nsllist,-,-,-,-
21338,ALAN LEVY REP FLORIDA,,15803 VIVANCO ST.,DELRAY BEACH,FL,33446,,(561) 866-8357  Ext. 0000,alan@alan-levy.com,31,nsllist,-,-,-,-
21340,ABNIS LIGHTING SUPPLY,16191 NW 57TH AVE.,,MIAMI GARDENS,FL,33014,,(305) 620-6066  Ext. 0000,,32,nsllist,-,-,-,-
21341,VERMONT LAMP & SHADE,MOE ROBERTS,79  PEARL ST.,ESSEX JUNCTION,VT,05452,,(802) 316-3848  Ext. 0000,,56,nsllist,-,-,-,-
21345,BLUE PLANET LIGHTING,,,Las Vegas,NV,89118,,(417) 332-1313  Ext. 0000,mike@blueplanetlighting.com,77,nsllist,-,-,-,-
21346,LIGHTING ETC DBA LTG UNL (PANAMA),,12805 US HWY 98 EAST,INLET BEACH,FL,32461,,(850) 249-6834  Ext. 0000,NELSON@LIGHTINGETC.NET,4,nsllist,-,-,-,-
21348,ACE PLUMBING & ELECTRICAL (WILDWOOD),667 S DELSEA DR.,,VINELAND,NJ,08360,,(609) 522-1491  Ext. 0000,,78,nsllist,-,-,-,-
21349,ACE PLUMBING & ELECTRICAL (VINELAND),667 S DELSEA DR.,,VINELAND,NJ,08360,,(856) 692-9374  Ext. 0000,,78,nsllist,-,-,-,-
21350,ACE PLUMBING & ELECTRICAL (ATLANTIC),667 S DELSEA DR.,,VINELAND,NJ,08360,,(609) 348-0186  Ext. 0000,,78,nsllist,-,-,-,-
21355,BORDER STATES (ROCHE,,,FARGO,ND,58108-2767,,(507) 280-4670  Ext. 0000,APINVOICES@BORDERSTATES.COM,16,nsllist,-,-,-,-
21357,STANDARD ELEC (CADILLAC),,,SAGINAW,MI,48603,,(231) 779-0177  Ext. 0000,ap@standardelectricco.com,16,nsllist,-,-,-,-
21359,DENNEY ELEC (PHOENIXVILLE,,,AMBLER,PA,19002-0757,,(610) 917-3996  Ext. 0000,ap@denneyelectricsupply.com,82,nsllist,-,-,-,-
21361,WESCO (HAMMOND),,,HAMMOND,IN,46323,,(219) 844-9400  Ext. 0000,US-APinvoices@wescodist.com,74,nsllist,-,-,-,-
21366,C.E.S. (WESTLAKE VLLG),,,ENGLEWOOD,CO,80155-4507,,(805) 418-9840  Ext. 0000,CESPayables@cityelectricsupply.com,1,nsllist,-,-,-,-
21369,C.E.S. (HYANNIS),,,Brockton,MA,02301,,(774) 552-2185  Ext. 0000,bostonsouthgroup@concordelectricsupply.com,56,nsllist,-,-,-,-
21371,C.E.S. (AVON),,,GREENWOOD VILLAGE,CO,80155,,(970) 445-3231  Ext. 0000,swt.ap@cityelectricsupply.com,50,nsllist,-,-,-,-
21379,C.E.S. (SANTEE),,,,,,,(619) 258-9710  Ext. 0000,cespayables@cityelectricsupply.com,86,nsllist,-,-,-,-
2138,GRAYBAR/4427027 (WEST PAL,,,ST LOUIS,MO,63178,,(561) 683-3801  Ext. 0000,captivainvoice@graybar.com,32,nsllist,-,-,-,-
21380,C.E.S. (MT PLEASANT),,,,,29415,,(843) 884-1475  Ext. 0000,charlestongroup@cityelectricsupply.com,57,nsllist,-,-,-,-
21381,C.E.S. (N CHARLESTON),,,,,,,(843) 744-3001  Ext. 0000,piedmonttriadgroup@cityelectricsupply.com,57,nsllist,-,-,-,-
21383,C.E.S. (GARDEN CITY),,,N CHARLESTON,SC,29415,,(912) 966-5446  Ext. 0000,fl.ap@cityelectricsupply.com,4,nsllist,-,-,-,-
21388,C.E.S. (AIKEN),,,N CHARLESTON,SC,29415,,(803) 644-8124  Ext. 0000,piedmonttriadgroup@cityelectricsupply.com,57,nsllist,-,-,-,-
21398,C.E.S. (VIRGINIA BEACH),,,CARY,NC,27513,,(757) 227-4273  Ext. 0000,Virginiabeachgroup@cityelectricsupply.com,57,nsllist,-,-,-,-
21403,BEACON ELECTRICAL DIST.(TEWKSBURY),,,MEDFORD,MA,02155,,(978) 851-4200  Ext. 0000,sderosa@beaconelectrical.com,56,nsllist,-,-,-,-
21404,BEACON ELECTRICAL DIST.(MEDFORD),,,MEDFORD,MA,02155,,(781) 395-3888  Ext. 0000,sderosa@beaconelectrical.com,56,nsllist,-,-,-,-
21409,GATEWAY LIGHTING,,,CANTONMENT,FL,32533,,(850) 478-3737  Ext. 0000,ap@gatewaylighting.com,4,nsllist,-,-,-,-
21410,MAYNARD SUPPLY CO INC,,145 POWDER MILL ROAD,MAYNARD,MA,01754,,(978) 897-9901  Ext. 0000,,56,nsllist,-,-,-,-
21411,NESCO/YANKEE ELEC (WOODSV,,,CANTON,MA,2021,,(603) 747-3938  Ext. 0000,ACCOUNTSPAYABLE@NEEDHAMELECTRIC.COM,56,nsllist,-,-,-,-
21412,STEWART LIGHTING INC,,5570 FLORIDA MINING BLVD SUITE206,JACKSONVILLE,FL,32257-3246,,(904) 551-2412  Ext. 0000,admin@stewartlighting.com,31,nsllist,-,-,-,-
21413,C.E.D. (ROANOKE),,,ROANOKE,VA,24019-3057,,(540) 362-7502  Ext. 0000,cedroanoke.6460@billinginbox.com,57,nsllist,-,-,-,-
21415,SONEPAR USA (CRANSTON),,,MAITLAND,FL,32794-5650,,,APINVOICES@SONEPAR-US.COM,56,nsllist,-,-,-,-
21418,FRIEDMAN/SONEPAR (JOHNSON,,,MAITLAND,FL,32794-5650,,(607) 797-2305  Ext. 0000,APINVOICES@SONEPAR-US.COM,1,nsllist,-,-,-,-
21430,ELLIOTT ELEC (LONGVIEW),,,NACOGDOCHES,TX,75963-0610,,(903) 757-8491  Ext. 0000,apinvoices@elliottelectric.com,39,nsllist,-,-,-,-
21432,COOPER ELEC (PENNSAUKEN),,,,,,,(856) 579-5328  Ext. 0000,APINVOICES@SONEPAR-US.COM,82,nsllist,-,-,-,-
21433,COOPER ELEC (BRICK),,,MAITLAND,FL,32794-5650,,(732) 920-3130  Ext. 0000,APINVOICES@SONEPAR-US.COM,79,nsllist,-,-,-,-
21436,COOPER ELEC (CRANBURY),,,,,,,(609) 578-4696  Ext. 0000,APINVOICES@SONEPAR-US.COM,78,nsllist,-,-,-,-
21437,COOPER ELEC (BETHLEHE,,,MAITLAND,FL,32794-5650,,(610) 865-5501  Ext. 0000,APINVOICES@SONEPAR-US.COM,78,nsllist,-,-,-,-
21438,SONEPAR USA (SWARTHMO-COO,,,MAITLAND,FL,32794-5650,,(610) 605-2300  Ext. 0000,APINVOICES@SONEPAR-US.COM,78,nsllist,-,-,-,-
21439,COOPER ELEC (HAZLE TOWNSHIP),,,,,,,(570) 459-9760  Ext. 0000,APINVOICES@SONEPAR-US.COM,82,nsllist,-,-,-,-
21440,C.E.S. (N LAS VEG-LOSE,,,,CO,80155,,(702) 309-5842  Ext. 0000,swt.ap@cityelectricsupply.com,71,nsllist,-,-,-,-
21447,C.E.S. (ESCONDIDO),,,ENGLEWOOD,CO,80155,,(760) 738-9706  Ext. 0000,swt.ap@cityelectricsupply.com,86,nsllist,-,-,-,-
21448,C.E.S. (PHOENIX AIRPORT),,,GREENWOOD VILLAGE,CO,80155,,(480) 634-2455  Ext. 0000,swt.ap@cityelectricsupply.com,71,nsllist,-,-,-,-
21449,C.E.S. (MESA),,,ENGLEWOOD,CO,80155,,(480) 298-7993  Ext. 0000,swt.ap@cityelectricsupply.com,71,nsllist,-,-,-,-
21450,C.E.S. (GRAND JUNCTION),,,GREENWOOD VILLAGE,CO,80155,,(970) 986-6126  Ext. 0000,swt.ap@cityelectricsupply.com,50,nsllist,-,-,-,-
21466,C.E.S. (STUART),,,ORLANDO,FL,32860,,,fl.ap@cityelectricsupply.com,32,nsllist,-,-,-,-
21467,C.E.S. (RIVIERA BCH),,,ORLANDO,FL,32860,,(561) 721-3960  Ext. 0000,fl.ap@cityelectricsupply.com,32,nsllist,-,-,-,-
21469,C.E.D. (STUART),801 SW ENTERPRISE WAY,,STUART,FL,34997,,(772) 426-8200  Ext. 0000,,31,nsllist,-,-,-,-
21476,C.E.S. (FT PIERCE),,,ORLANDO,FL,32910,,,fl.ap@cityelectricsupply.com,32,nsllist,-,-,-,-
21477,C.E.S. (JUPITER),,,JUPITER,FL,33458,,,fl.ap@cityelectricsupply.com,32,nsllist,-,-,-,-
21478,C.E.S. (LOGANVILLE),,,CHARLESTON,SC,29415,,(770) 267-6038  Ext. 0000,dallas.ap@cityelectricsupply.com,4,nsllist,-,-,-,-
21480,C.E.S. (BOYNTON BCH),,,ORLANDO,FL,32860,,,fl.ap@cityelectricsupply.com,32,nsllist,-,-,-,-
21485,C.E.S. (CARTERSVILLE),,,NORTH CHARLESTON,SC,29415,,,dallas.ap@cityelectricsupply.com,4,nsllist,-,-,-,-
21494,C.E.S. (PEACHTREE CITY,,,N. CHARLESTON,SC,29405,,(770) 487-3434  Ext. 0000,fl.ap@cityelectricsupply.com,4,nsllist,-,-,-,-
21495,C.E.S. (CALHOUN),,,N CHARLESTON,SC,29415,,(706) 602-3344  Ext. 0000,dallas.ap@cityelectricsupply.com,4,nsllist,-,-,-,-
21496,C.E.S. (DALTON),,,,,,,(706) 428-9160  Ext. 0000,EastCoastRGO@cityelectricsupply.com,4,nsllist,-,-,-,-
21501,C.E.S. (LA GRANGE),,,,SC,29405,,(706) 884-6750  Ext. 0000,CESpayables@cityelectricsupply.com,4,nsllist,-,-,-,-
21502,C.E.S. (ERLANGER),,,DAYTON,OH,45414,,(859) 980-0482  Ext. 0000,midwestrgo@cityelectricsupply.com,20,nsllist,-,-,-,-
21506,C.E.S. (SHARONVILLE),,,DAYTON,OH,45414,,(513) 475-3240  Ext. 0000,midwestrgo@cityelectricsupply.com,75,nsllist,-,-,-,-
21514,C.E.S. (GURNEE),3450 NEEDMORE RD,,,,45414,,(847) 693-3600  Ext. 0000,,40,nsllist,-,-,-,-
21516,C.E.S. (MADISON),,,,,,,(608) 226-0372  Ext. 0000,bostonsouthgroup@concordelectricsupply.com,16,nsllist,-,-,-,-
21528,C.E.S. (INDIAN LAND),,,,,,,(803) 650-3050  Ext. 0000,CharlotteSouthGroup@cityelectricsupply.com,57,nsllist,-,-,-,-
21529,C.E.S. (CHANDLER),,,,CO,80155,,(480) 246-8561  Ext. 0000,swt.ap@cityelectricsupply.com,71,nsllist,-,-,-,-
2153,DIVERSIFIED LTG SUPPLY,,4464 MCGRATH STREET #101,VENTURA,CA,93003,,(805) 650-7537  Ext. 0000,,86,nsllist,-,-,-,-
21530,ANIXTER POWER SUPPLY (LAKELAND,,,ORLANDO,FL,32802,,,apsAPE@anixter.com,31,nsllist,-,-,-,-
21535,ANIXTER POWER SUPPLY (JERSEY VILLAGE),,,,,,,,apsAPE@anixter.com,66,nsllist,-,-,-,-
21537,ANIXTER POWER SUPPLY (WILDWOOD,,,ORLANDO,FL,32802,,,apsAPE@anixter.com,31,nsllist,-,-,-,-
21538,ANIXTER POWER SUPPLY (MONROE),,,ORLANDO,FL,32802,,,apsAPE@anixter.com,57,nsllist,-,-,-,-
21545,ANIXTER POWER SUPPLY (LAKE HAV,,,,,,,(928) 453-2679  Ext. 0000,apsAPE@anixter.com,71,nsllist,-,-,-,-
21557,ANIXTER POWER SUPPLY (SCOTTSDA,,,ORLANDO,FL,32802,,,apsAPE@anixter.com,71,nsllist,-,-,-,-
21559,ANIXTER POWER SUPPLY (AVONDALE#3044),,,,,,,(602) 889-1921  Ext. 0000,apsAPE@anixter.com,71,nsllist,-,-,-,-
21560,ANIXTER POWER SUPPLY (HOLLY HI,,,ORLANDO,FL,32802,,,apsAPE@anixter.com,31,nsllist,-,-,-,-
21564,HILL COUNTRY ELEC (RD ROC,,,SAN ANTONIO,TX,78218,,(512) 287-5260  Ext. 0000,ap@hces.net,66,nsllist,-,-,-,-
21565,HILL COUNTRY ELEC (COLL S,,,AUSTIN,TX,78744,,(979) 696-2741  Ext. 0000,AP@HCES.NET,66,nsllist,-,-,-,-
21566,HILL COUNTRY ELEC (CEDAR PARK),,,,,,,,ap@hces.net,66,nsllist,-,-,-,-
21568,FERGUSON ENTER (BELTSVILL,,,HAMPTON,VA,23670-0406,,(240) 264-3600  Ext. 0000,apinvoices@ferguson.com,62,nsllist,-,-,-,-
2157,WHOLESALE ELECTRIC SUPPLY,,705 E. MIDLAND ST.,BAY CITY,MI,48706,,(989) 893-7577  Ext. 0000,,64,nsllist,-,-,-,-
21576,"CREATIVE LIGHTING, LLC",,1500 N POWERLINE RD,POMPANO BCH,FL,33069,,(954) 968-8000  Ext. 0000,,32,nsllist,-,-,-,-
21577,C.E.S. (BELTSVILLE),,,HICKORY,NC,28601,,,piedmonttriadgroup@cityelectricsupply.com,57,nsllist,-,-,-,-
21578,C.E.S. (BILLERICA),,,,,,,(351) 239-5158  Ext. 0000,bostonnorthwestgroup@cityelectricsupply.com,56,nsllist,-,-,-,-
21587,LIGHT BULB DEPOT (NASHVIL,,P.O. BOX 410,AURORA,MO,65605-0410,,(615) 254-5171  Ext. 0000,,20,nsllist,-,-,-,-
21597,AMERICAN ELECTRIC (DURANG,,,,,,,(970) 259-2885  Ext. 0000,klloyd@aecdurango.com,50,nsllist,-,-,-,-
21598,SHACK GROUP LLC  SHACK DESIGN GROUP,4690 S UNIVERSITY DRIVE,,DAVIE,FL,33328,,(954) 434-3267  Ext. 0000,,32,nsllist,-,-,-,-
21601,SOUTHWESTERN ELEC & SUPPL,,407 BAYLOR STREET,AUSTIN,TX,78703,,(512) 320-0900  Ext. 0000,,66,nsllist,-,-,-,-
21602,CAPITAL ELECTRIC (BLACKSBURG),,,,VA,24060,,(540) 953-4590  Ext. 0000,APINVOICES@SONEPAR-US.COM,57,nsllist,-,-,-,-
21607,BABSCO SUPPLY INC. (WARSA,,,ELKHART,IN,46515-1447,,(574) 267-8999  Ext. 0000,accountspayable@babsco.com,74,nsllist,-,-,-,-
21608,ANIXTER POWER SUPPLY (NAPLES),,,ORLANDO,FL,32802,,(239) 495-8009  Ext. 0000,apsAPE@anixter.com,32,nsllist,-,-,-,-
21609,AMOS ELECTRICAL SUPPLY,,5120 S GENERAL BRUCE DR,TEMPLE,TX,76502,,(254) 778-4271  Ext. 0000,,66,nsllist,-,-,-,-
21610,C.E.S. (FORT WORTH),,,DALLAS,TX,75313,,(817) 244-6226  Ext. 0000,dallas.ap@cityelectricsupply.com,39,nsllist,-,-,-,-
21621,C.E.S. (FT WALTON BCH),,,ORANGE PARK,FL,32065,,(850) 244-7189  Ext. 0000,fl.ap@cityelectricsupply.com,4,nsllist,-,-,-,-
21637,ARC ELECTRICAL SUPPLY,,,CUMMING,GA,30040,,(770) 889-3680  Ext. 0000,PAYABLES@ARCELECTRICALSUPPLY.COM,4,nsllist,-,-,-,-
21639,GRANITE CITY (TAUNTON),,,QUINCY,MA,02269-9189,,(508) 823-4596  Ext. 0000,Invoices@gcecorp.com,56,nsllist,-,-,-,-
21640,"LIGHTING ELEGANCE, LLC",,marc@lighting-elegance.com,HONOLULU,HI,96816,,(808) 735-3567  Ext. 0000,genell@lighting-elegance.com,1,nsllist,-,-,-,-
21641,C.E.S. (WEST KNOXVILLE),601 10TH ST B;VD NW,,HICKORY,NC,28601,,(865) 862-5252  Ext. 0000,,20,nsllist,-,-,-,-
21642,C.E.S. (POWELL),,,HICKORY,NC,28601,,(865) 312-8218  Ext. 0000,KNOXVILLEGROUP@CITYELECTRICSUPPLY.COM,20,nsllist,-,-,-,-
21644,C.E.S. (SEVIERVILLE),,3001 S ELM-EUGENE,GREENSBORO,NC,27406,,(865) 868-1005  Ext. 0000,,20,nsllist,-,-,-,-
21647,C.E.D. (WALLINGFORD),,39 N PLAINS INDUSTRIAL RD,WALLINGFORD,CT,6492,,(203) 269-8064  Ext. 0000,,55,nsllist,-,-,-,-
21650,"IMPACT LIGHTING, INC",,,ORLANDO,FL,32805,,(800) 507-5714  Ext. 0000,ADMINISTRATION@IMPACTLIGHTINGINC.COM,31,nsllist,-,-,-,-
21653,C.E.D. (LACEY),,,LACEY,WA,98503,,(360) 923-2345  Ext. 0000,AP@CEDLACEY.COM,23,nsllist,-,-,-,-
21657,AMERICAN PLUMBING & ELEC,,1735 ALTON RD.,MIAMI BEACH,FL,33139,,(800) 432-5445  Ext. 0000,,32,nsllist,-,-,-,-
2166,SHOWMAN FABRICATORS,,,LONG ISLAND CTY,NY,11101,,(718) 935-9899  Ext. 0000,hbaker@showfab.com,1,nsllist,-,-,-,-
21661,DECOTA ELECTRIC SUPPLY,,925 SOUTH MAIN,SIKESTON,MO,63801,,(800) 455-4432  Ext. 0000,,81,nsllist,-,-,-,-
21670,SUBURBAN WHOLESALE LTG.,,35  INDUSTRIAL BLVD.,PAOLI,PA,19301-1653,,(610) 993-0470  Ext. 0000,,1,nsllist,-,-,-,-
21679,BUTLER SUPPLY (WASHINGTON,,965 HORAN DR.,FENTON,MO,63026,,(636) 239-7806  Ext. 0000,,81,nsllist,-,-,-,-
21684,PROGRESSIVE/LEE LTG (ARLI,,,DULUTH,GA,30096,,(817) 385-6280  Ext. 0000,PAYABLES@PROGRESSIVELIGHTING.COM,39,nsllist,-,-,-,-
21686,SAVANNAH KITCHEN & BATH,,925 E. 37TH ST.,SAVANNAH,GA,31401,,(912) 236-9299  Ext. 0000,,4,nsllist,-,-,-,-
21690,"J & J ELECTRIC, INC.",,885 22ND AVE. SW,ALBANY,OR,97321,,(541) 928-8488  Ext. 0000,,22,nsllist,-,-,-,-
21691,VIKING ELEC (STURGEON BAY,,,,,,,(920) 743-5505  Ext. 0000,APINVOICES@SONEPAR-US.COM,16,nsllist,-,-,-,-
21694,YALE ELECTRIC (WEST CHEST,,,MIDDLETOWN,CT,06457,,(717) 397-3747  Ext. 0000,apinvoice@usesi.com,82,nsllist,-,-,-,-
21697,BULBS & LIGHTING UNL,,Ralph Jr,STAMFORD,CT,06905,,(203) 504-8435  Ext. 0000,invoices: Ralphbocu@yahoo.com,55,nsllist,-,-,-,-
217,WESCO (NESCO (NORWELL),,,CANTON,MA,02021,,(781) 659-0108  Ext. 0000,ACCOUNTSPAYABLE@NEEDHAMELECTRIC.COM,56,nsllist,-,-,-,-
21700,C.E.D. (CASPER),,,CASPER,WY,82609,,(307) 232-8300  Ext. 0000,customerservice@cedcasper.com,50,nsllist,-,-,-,-
21708,C.E.D. (HENDERSONVILLE),,709-D OLD SPARTANBURG HWY,HENDERSONVILLE,NC,28792,,(828) 692-4212  Ext. 0000,,57,nsllist,-,-,-,-
21709,C.E.D. (HARTFORD),,,,,,,(805) 295-3193  Ext. 0000,AP@cedhartford.com,56,nsllist,-,-,-,-
21715,CRAWFORD ELECTRIC SUPPLY (HALTOM CITY),,,MAITLAND,FL,32794-5650,,(817) 338-1480  Ext. 0000,APINVOICES@SONEPAR-US.COM,39,nsllist,-,-,-,-
21716,CRAWFORD ELECTRIC SUPPLY (IRVING),,,MAITLAND,FL,,,(972) 869-3633  Ext. 0000,APINVOICES@SONEPAR-US.COM,39,nsllist,-,-,-,-
21721,ILLUMINATING IDEAS,,7565-11TH NE,SEATTLE,WA,98115,,(206) 527-1183  Ext. 0000,,23,nsllist,-,-,-,-
21740,SONEPAR USA (BROCKTON),,,MAITLAND,FL,32794,,(781) 401-8500  Ext. 0000,APINVOICES@SONEPAR-US.COM,56,nsllist,-,-,-,-
21742,FERGUSON ENTER (DOWNERS G,,,HAMPTON,VA,23670-0406,,(630) 916-8560  Ext. 0000,apinvoices@ferguson.com,40,nsllist,-,-,-,-
21746,LICON LIGHTING & SUPPLY,,1475 ROUTE 57,PORT MURRAY,NJ,7865,,(908) 852-2121  Ext. 0000,,79,nsllist,-,-,-,-
2175,BRITE WHOLESALE ELEC SUPP,,,ELIZABETHTOWN,KY,42701,,(270) 769-3532  Ext. 0000,CATHY.HART@BWESINC.COM,20,nsllist,-,-,-,-
21756,DICKMAN SUPPLY (SIDNEY),,P.O. BOX 569,SIDNEY,OH,45365,,(937) 492-6166  Ext. 0000,AP@DICKMANSUPPLY.COM,75,nsllist,-,-,-,-
21757,DICKMAN SUPPLY (GREENVILLE),,1425 SATER ST,GREENVILLE,OH,45331,,(937) 548-6103  Ext. 0000,AP@DICKMANSUPPLY.COM,75,nsllist,-,-,-,-
21758,DICKMAN SUPPLY (CELINA),,910 WARRICK DR,CELINA,OH,45822,,(419) 584-1170  Ext. 0000,AP@DICKMANSUPPLY.COM,75,nsllist,-,-,-,-
21759,FERGUSON ENTER (SEATTLE),,,HAMPTON,VA,23670,,(206) 767-7700  Ext. 0000,apinvoices@ferguson.com,23,nsllist,-,-,-,-
21760,KILLOWATTS EL SUPP CORP#1,,401 S.W. 71 AVE,MIAMI,FL,33144,,(305) 261-3600  Ext. 0000,,32,nsllist,-,-,-,-
21761,KILOWATTS EL SUPP CORP#2,,,MIAMI,FL,33143,,(305) 668-6668  Ext. 0000,Kilowatts2 <kilowatts2@kilowattselectric.com>,32,nsllist,-,-,-,-
21763,GRAYBAR/4427027 (VALLEY V,,,ST LOUIS,MO,63178,,(216) 432-2500  Ext. 0000,captivainvoice@graybar.com,75,nsllist,-,-,-,-
21764,"HOUSE ELECTRIC, LLC",,,ATHENS,GA,30606-3707,,(706) 543-5280  Ext. 0000,ap@houseelectricathens.com,4,nsllist,-,-,-,-
21765,BRIGHTPOINT GENERAL ILLUM,,,SAN JUAN,PR,908,,(787) 731-5207  Ext. 0000,brightpoint@prtc.net,1,nsllist,-,-,-,-
21767,"PTMW, INC",,,TOPEKA,KS,66618,,(785) 232-7792  Ext. 0000,accountspayable@ptmw.com,1,nsllist,-,-,-,-
21768,JACKSON LIGHTING SUPPLY,SCOTT JACKSON,3991-C HWY 290 E,DRIPPING SPRING,TX,78620,,(512) 894-2004  Ext. 0000,,66,nsllist,-,-,-,-
21771,TURTLE & HUGHES (PLEASANT,,,LINDEN,NJ,7036,,(609) 407-1950  Ext. 0000,accountspayable@turtle.com,78,nsllist,-,-,-,-
21773,THE LITE COMPANY,,2109 N 4TH ST #1,FLAGSTAFF,AZ,86004,,(928) 774-6257  Ext. 0000,,68,nsllist,-,-,-,-
21779,GRAYBAR/4427027 (SANTA ROSA),,,,,,,(707) 236-3950  Ext. 0000,captivainvoice@graybar.com,86,nsllist,-,-,-,-
21789,ELLIOTT ELEC (MONROE),,,NACOGDOCHES,TX,75963-0610,,(318) 387-1621  Ext. 0000,apinvoices@elliottelectric.com,60,nsllist,-,-,-,-
21795,ELECTRICAL WHOLE (SEBRING),,,SEBRING,FL,33870,,(863) 385-9900  Ext. 0000,g.heintz@ewsebring.com,32,nsllist,-,-,-,-
21796,ELECTRICAL WHOLE (SARASOTA,,,,,,,(941) 243-3969  Ext. 0000,ewsarasota.8019@billinginbox.com,31,nsllist,-,-,-,-
218,NEEDHAM (WORCESTER),,,CANTON,MA,2021,,(508) 757-3807  Ext. 0000,ACCOUNTSPAYABLE@NEEDHAMELECTRIC.COM,56,nsllist,-,-,-,-
21805,SOUTHERN DESIGN LIGHTING,,,SHREVEPORT,LA,71106,,(318) 629-5634  Ext. 0000,southerndesignlighting@gmail.com,60,nsllist,-,-,-,-
21815,LIGHTING EFX (W. CHESTER),,,WEST CHESTER,OH,45069,,(513) 777-1211  Ext. 0000,INVOICESEFX@GMAIL.COM,75,nsllist,-,-,-,-
21824,"LIGHTS UNL, INC (GARNER)",,AR@LIGHTSUNLIMITEDINC.COM,GARNER,NC,27529,,(919) 779-6838  Ext. 0000,michele@lightsunlimitedinc.com,57,nsllist,-,-,-,-
21831,SCHAEDLER YESCO (CHAMBERS,,,HARRISBURG,PA,17111,,(717) 261-9999  Ext. 0000,JCONSTANTINE@SYDIST.COM,82,nsllist,-,-,-,-
21834,BRIGHTLIGHTS INC.,,3720 SUNLAND LANE,ESTERO,FL,33928,,(239) 994-2484  Ext. 0000,,32,nsllist,-,-,-,-
21837,US ELECTRICAL MAURIC (RICHMOND),,923 N. MEADOW STREET,RICHMOND,VA,23220-2144,,(804) 762-0220  Ext. 0000,apinvoice@usesi.com,57,nsllist,-,-,-,-
21840,REXEL (YUBA CITY),,,PHILADELPHIA,PA,19101,,(530) 671-1900  Ext. 0000,RexelAPinvoices@rexelusa.com,1,nsllist,-,-,-,-
21845,ELECTRICAL DISTRIBUTORS,,P.O. BOX 26830,SAN JOSE,CA,95159-6830,,(831) 373-4786  Ext. 0000,,86,nsllist,-,-,-,-
21849,AMINI'S (CHESTERFIELD),,,CHESTERFIELD,MO,63005,,(636) 537-9200  Ext. 0000,AMINISAP@AMINIS.COM,81,nsllist,-,-,-,-
21854,FERGUSON ENTER (ROAN-BRAN,,,HAMPTON,VA,23670-0406,,(540) 345-2044  Ext. 0000,apinvoices@ferguson.com,57,nsllist,-,-,-,-
21868,SOUTHLAND PLUMBING (METAI,,2321 N. ARNOULT RD.,METAIRIE,LA,70001,,(504) 835-8411  Ext. 0000,,60,nsllist,-,-,-,-
21874,C.E.S. (STAUNTON),,,STAUNTON,VA,24401,,(540) 885-4448  Ext. 0000,Lisa.Varney@cityelectricsupply.com,57,nsllist,-,-,-,-
21877,3E ELECTRICAL (LEXINGTON),,,WINDSOR HEIGHTS,IA,50324,,(308) 324-4645  Ext. 0000,3eaccounting@3e-co.com,77,nsllist,-,-,-,-
21879,FROMM ELECTRIC (SCHUYLKILL),,,READING,PA,19605,,(570) 385-1400  Ext. 0000,AP@FROMMELECTRIC.COM,82,nsllist,-,-,-,-
21883,SPECIALTY LIGHTING & BULBS,,,NORTH MIAMI,FL,33181,,(305) 423-0017  Ext. 0000,denise@specialtylightingandbulbs.com,32,nsllist,-,-,-,-
21891,MAIN ELECTRIC SUPPLY (SANTA ANA),,,SANTA ANA,CA,92704,,(949) 681-7501  Ext. 0000,ap@mainelectricsupply.com,86,nsllist,-,-,-,-
21896,3E ELECTRICAL (NORFOLK),,,WINDSOR HEIGHTS,IA,50324,,(800) 672-3491  Ext. 0000,3eaccounting@3e-co.com,77,nsllist,-,-,-,-
21899,CAPITAL ELECTRIC (MYRTLE BEACH),,,,,,,(843) 236-8603  Ext. 0000,APINVOICES@SONEPAR-US.COM,57,nsllist,-,-,-,-
21900,EMPIRE ELECTRICAL SUPPLY,,4846 VAN NUYS BLVD,SHERMAN OAKS,CA,91403,,(818) 986-2626  Ext. 0000,,1,nsllist,-,-,-,-
21901,INLINE ELEC (HUNTSVILLE),,,HUNTSVILLE,AL,35807,,(256) 533-2851  Ext. 0000,ap@inlineelectric.com,4,nsllist,-,-,-,-
21902,INLINE ELEC (BIRM-2600),,,HUNTSVILLE,AL,35807,,(205) 322-2600  Ext. 0000,ap@inlineelectric.com,4,nsllist,-,-,-,-
21905,INLINE ELEC (PELHAM),,,HUNTSVILLE,AL,35805,,(205) 982-7511  Ext. 0000,ap@inlineelectric.com,4,nsllist,-,-,-,-
21907,CREATIVE LIGHT & SOUND,,1123A HWY 1,LUGOFF,SC,29078,,(803) 408-9928  Ext. 0000,,57,nsllist,-,-,-,-
21908,FERGUSON ENTER (GRANGER),,,HAMPTON,VA,23670,,(574) 271-4200  Ext. 0000,apinvoices@ferguson.com,74,nsllist,-,-,-,-
21912,URBAN LIGHTS,,,DENVER,CO,80223,,(303) 989-8895  Ext. 0000,AP@urbanlightsdenver.com,50,nsllist,-,-,-,-
21913,WINSUPPLY EDEN PRAIRIE,,,,,,,(952) 278-0000  Ext. 0000,apcentral@winwholesale.com,16,nsllist,-,-,-,-
21917,"REXEL USA, INC (MAYER-CHARLESTON)",,,NEWMAN,GA,30271,,(843) 747-8714  Ext. 0000,APINVOICES@MAYERELECTRIC.COM,57,nsllist,-,-,-,-
21918,WILLIAMS LIGHTING SOURCE-FRMR REP,,18007 NE 135th St.,Kearney,MO,64060,,(816) 628-1750  Ext. 0000,williamsoffice4@gmail.com,81,nsllist,-,-,-,-
21921,FAN MAN LIGHTING,,,BURNSVILLE,MN,55306,,(952) 898-2754  Ext. 0000,JACKM@FANMANLIGHTING.COM,16,nsllist,-,-,-,-
21931,DAUPHIN ELECTRIC SUPPLY,,,HARRISBURG,PA,17105-2206,,(717) 986-9300  Ext. 0000,ap@dauphinelectric.com,82,nsllist,-,-,-,-
21934,US ELECTRICAL SVC (LANDOV,,,MIDDLETOWN,CT,06457-2786,,(202) 675-9434  Ext. 0000,apinvoice@usesi.com,62,nsllist,-,-,-,-
21935,DEALERS ELEC (BRYAN),P.O. Box 3009,419 DELLWOOD ST.,BRYAN,TX,77801-2544,,(979) 775-6500  Ext. 0000,,66,nsllist,-,-,-,-
21936,YALE ELECTRIC (MECHANICSB,,,MIDDLETOWN,CT,17050,,(717) 766-0258  Ext. 0000,apinvoice@usesi.com,78,nsllist,-,-,-,-
21937,YALE ELECTRIC (CHERRY HIL,,,MIDDLETOWN,CT,06457,,(856) 489-3000  Ext. 0000,apinvoice@usesi.com,78,nsllist,-,-,-,-
21939,ECHO ELECTRIC (HASTINGS),,,HASTINGS,NE,68901,,(402) 463-6859  Ext. 0000,ap@echogroupinc.com,77,nsllist,-,-,-,-
21940,ECHO ELECTRIC (YANKTON),,,YANKTON,SD,57078,,(605) 665-6331  Ext. 0000,ap@echogroupinc.com,16,nsllist,-,-,-,-
21941,ECHO ELECTRIC (ANKENY -DES MOINES,,,DES MOINES,IA,50313,,(515) 282-4771  Ext. 0000,ap@echogroupinc.com,77,nsllist,-,-,-,-
21944,FUSION LIGHT & DESIGN,,,DENVER,CO,80223,,(303) 777-5080  Ext. 0000,accounting@fusionlightandesign.com,50,nsllist,-,-,-,-
21951,INNOVATIVE ELECTRIC & LTG,,P.O. BOX 8962,S. LAKE TAHOE,CA,96158,,(530) 542-1600  Ext. 0000,,86,nsllist,-,-,-,-
21958,"SIGNATURE SUPPLY, LLC",,,FISHERS,IN,46037,,(317) 543-0000  Ext. 0000,KTISCHLER@SIGNATURESUPPLY.NET,74,nsllist,-,-,-,-
21963,GREEN MOUNTAIN (W. LEBANO,,,COLCHESTER,VT,05446,,(603) 298-7113  Ext. 0000,ap@gmes.com,56,nsllist,-,-,-,-
21964,CRESCENT ELECTRIC SUPPLY,,,INDIANAPOLIS,IN,46207-7006,,(317) 635-2361  Ext. 0000,apcorp@cesco.com,74,nsllist,-,-,-,-
21965,FSG LIGHTING (PHOENIX),,,AUSTIN,TX,78745,,(602) 274-3848  Ext. 0000,fsgap@fsgi.com,71,nsllist,-,-,-,-
21970,"JT ROSELLE LIGHTING, INC",,,ARMONK,NY,10549,,(516) 938-1900  Ext. 0000,dprunella@jtrosellelightingandsupply.com,80,nsllist,-,-,-,-
21973,FERGUSON ENTER (CHARLESTO,,,HAMPTON,VA,23670-0406,,(304) 342-4784  Ext. 0000,apinvoices@ferguson.com,20,nsllist,-,-,-,-
21974,C.E.D. (W PALM BEACH),,1500 N. FLORIDA MANGO RD. SUITE 9A,W PALM BCH,FL,33409,,(561) 366-1340  Ext. 0000,,32,nsllist,-,-,-,-
21976,C.E.S. (CHESAPEAKE),,,CARY,NC,27513,,(757) 673-2466  Ext. 0000,piedmonttriadgroup@cityelectricsupply.com,57,nsllist,-,-,-,-
21984,LEGEND LIGHTING,,15342 NORTH I-H 35,AUSTIN,TX,78728,,(512) 251-0000  Ext. 0000,,66,nsllist,-,-,-,-
21989,STEINER ELECTRIC (CRYSTAL,,,ELK GROVE VILLAGE,IL,60007,,(815) 261-3400  Ext. 0000,APDEPT@STNR.COM,40,nsllist,-,-,-,-
21990,GRAYBAR/4427027 (ASHEVILL,,,ST. LOUIS,MO,63178,,(828) 253-4761  Ext. 0000,captivainvoice@graybar.com,57,nsllist,-,-,-,-
21995,COOPER'S CREATIONS,,MJ@COOPCINC.COM,DALLAS,GA,30157,,(770) 443-1917  Ext. 0000,,4,nsllist,-,-,-,-
21997,GRANITE CITY (BROCKTON),,,,,,,(508) 587-3050  Ext. 0000,Invoices@gcecorp.com,56,nsllist,-,-,-,-
2200,PACIFIC NORTHWEST REPS,,,,,,,(541) 915-9177  Ext. 0000,scottrosenberg@pnwrs.com,22,nsllist,-,-,-,-
22012,HILL ELECTRIC SUPPLY CO. INC.,PO BOX 305,174 BROAD STREET,GLENS FALLS,NY,12801-0305,,(518) 793-3436  Ext. 0103,,54,nsllist,-,-,-,-
22019,STATE ELECTRIC (PORTSMOUT,,,HUNTINGTON,WV,25703,,(740) 354-3141  Ext. 0000,AP@STATEELECTRIC.COM,75,nsllist,-,-,-,-
22022,WOLFF BROS (BEDFORD HGTS),,,MEDINA,OH,44256-9499,,(330) 725-3451  Ext. 0000,ap@wolffbros.com,75,nsllist,-,-,-,-
22023,GRANITE CITY (BAYNES - WAREHAM),,,,,02303,,(508) 291-1000  Ext. 0000,Invoices@gcecorp.com,56,nsllist,-,-,-,-
22024,PARK BUILDING AND MILLWORK,,707 KINGS RD.,SCHENECTADY,NY,12304,,(518) 372-8253  Ext. 0000,,1,nsllist,-,-,-,-
22026,"C.E.S. (MONROE, GA)",,,CHARLESTON,SC,29415,,(770) 267-6038  Ext. 0000,dallas.ap@cityelectricsupply.com,4,nsllist,-,-,-,-
2203,GRAYBAR/4427027 (MILWAUKE,,,ST. LOUIS,MO,63178,,(414) 778-1330  Ext. 0000,captivainvoice@graybar.com,16,nsllist,-,-,-,-
22030,PLUMBING DISTRIBUTORS (WOODSTOCK),,,LAWRENCEVILLE,GA,30046,,(770) 924-2730  Ext. 0000,payables@plumbingdistributors.com,4,nsllist,-,-,-,-
22033,FERGUSON ENTER (INDIANAPO,,,HAMPTON,VA,23670-0406,,(317) 872-8876  Ext. 0000,apinvoices@ferguson.com,74,nsllist,-,-,-,-
22038,C.E.S. (FALL RIVER),,,BROCKTON,MA,2301,,(508) 324-9237  Ext. 0000,bostonsouthgroup@concordelectricsupply.com,56,nsllist,-,-,-,-
22039,MARS ELECTRIC (MIDDLEBURG,,,MAYFIELD VILLAGE,OH,44143,,(440) 243-7555  Ext. 0000,payables@mars-electric.com,75,nsllist,-,-,-,-
22041,HEIN ELEC (OCONOMOWOC),,,WEST ALLIS,WI,53227,,(262) 560-0100  Ext. 0000,AP@HEIN.COM,16,nsllist,-,-,-,-
22044,FRIEDMAN/SONEPAR (PITTSTO,,,MAITLAND,FL,32794,,(570) 654-3371  Ext. 0000,APINVOICES@SONEPAR-US.COM,78,nsllist,-,-,-,-
22046,"KLAFF'S, INC. (SCARSDALE)",,P.O. BOX 509,SOUTH NORWALK,CT,6856,,(914) 740-1800  Ext. 0000,,55,nsllist,-,-,-,-
22049,UNITED ELECTRIC (LANGHORN,,,,,,,(215) 741-2679  Ext. 0000,AP@UNITEDELECTRIC.COM,82,nsllist,-,-,-,-
2205,CME LIGHTING SUPPLY,,950 DETROIT AVENUE #6,CONCORD,CA,94518,,(925) 685-9233  Ext. 0000,,86,nsllist,-,-,-,-
22050,KNIGHT LIGHTS,,,ABILENE,TX,79603,,(325) 672-6436  Ext. 0000,PAIGE@KNIGHTCARPET.COM,39,nsllist,-,-,-,-
22051,MORRISON SUPPLY (SAN ANGE,,CC:  rdwyer@morsco.com,SAN ANGELO,TX,76903,,(325) 658-3000  Ext. 0000,ntverification@morsco.com,66,nsllist,-,-,-,-
22052,CAMPTON ELECTRIC SUPPLY,,485 E. HOOVER AVE.,CRESCENT CITY,CA,95531,,(707) 465-6446  Ext. 0000,,1,nsllist,-,-,-,-
22053,FERGUSON BATH & KIT (BILLINGS),,,HAMPTON,VA,23670,,(406) 252-4442  Ext. 0000,apinvoices@ferguson.com,50,nsllist,-,-,-,-
22056,FERGUSON ENTER#1589 (COLUMBUS),,,HAMPTON,VA,23670-0406,,(614) 367-3000  Ext. 0000,apinvoices@ferguson.com,75,nsllist,-,-,-,-
22057,US ELECTRICAL SVC (TIMONI,,,MIDDLETOWN,CT,06457-2786,,(410) 560-2450  Ext. 0000,apinvoice@usesi.com,62,nsllist,-,-,-,-
22058,CAPITAL ELECTRIC (RALEIGH),,,RALEIGH,NC,27604,,(919) 876-3650  Ext. 0000,APINVOICES@SONEPAR-US.COM,57,nsllist,-,-,-,-
2206,WILLIAMS SUPPLY (ROANOKE),,,ROANOKE,VA,24016,,(540) 343-9333  Ext. 0000,ATINV@EECO-NET.COM,57,nsllist,-,-,-,-
22060,IMAGINE MORE (GREENFIELD DR),,,,CO,80631,,(970) 330-2888  Ext. 0000,office.imaginemore@gmail.com,50,nsllist,-,-,-,-
22061,MAIN ELECTRIC SUPPLY (VENTURA),,,,,,,(805) 654-8600  Ext. 0000,ap@mainelectricsupply.com,86,nsllist,-,-,-,-
22067,MICHAEL CARR & ASSOC INC,MICHAEL CARR,45 COUNTRY CLUB DRIVE,MONROE,NJ,08831,,(201) 251-8841  Ext. 0000,,80,nsllist,-,-,-,-
22077,FASTENAL CO. (KISSIMMEE),,,KISSIMMEE,FL,34744,,(407) 932-2421  Ext. 0000,apinvoicedisc@fastenal.com,1,nsllist,-,-,-,-
22079,BROADWAY ELECTRICAL SUPPL,,259 BROADWAY,HUNTINGTIN STA.,NY,11746,,(631) 923-2324  Ext. 0000,,80,nsllist,-,-,-,-
2208,CAPITAL ELECTRIC  (PIEDMONT),,,,,,,(864) 932-4126  Ext. 0000,APINVOICES@SONEPAR-US.COM,1,nsllist,-,-,-,-
22080,PONTIAC ELECTRIC SUPPLY,,PO BOX 796,PONTIAC,IL,61764-0796,,(815) 844-6345  Ext. 0000,,40,nsllist,-,-,-,-
22081,"C.E.D. (BURLINGTON, VT)",102 ARCHIBALD AVE,,BURLINGTON,VT,05401,,(802) 652-4123  Ext. 0000,,56,nsllist,-,-,-,-
22083,SIMPLY ELEGANT LIGHTING,,,W SPRINGFIELD,MA,01089,,(413) 739-2500  Ext. 0000,guttat19@comcast.net,56,nsllist,-,-,-,-
22084,C.E.D. (BARTLESVILLE),,1720 SW FRANK PHILLIPS,BARTLESVILLE,OK,74003,,(918) 333-2596  Ext. 0000,,39,nsllist,-,-,-,-
22088,FERGUSON ENTER (SAN ANTON,,,HAMPTON,VA,23670,,(210) 344-3013  Ext. 0000,apinvoices@ferguson.com,66,nsllist,-,-,-,-
2209,COMMERCIAL LIGHTING SUPPL,,,KNOXVILLE,TN,37909,,(865) 558-0080  Ext. 0000,terry@commercialltg.com,20,nsllist,-,-,-,-
22095,HARRY COOPER SUPPLY (JOPL,,605 N SHERMAN PARKWAY,SPRINGFIELD,MO,65802,,(417) 624-2422  Ext. 0000,,81,nsllist,-,-,-,-
221,CAROL'S DESIGN HOUSE,,5804 W FAIRVIEW AVE,BOISE,ID,83704,,(208) 336-0030  Ext. 0000,,43,nsllist,-,-,-,-
22102,REXEL (AMARILLO),,,PHILADELPHIA,PA,19101,,,RexelAPinvoices@rexelusa.com,39,nsllist,-,-,-,-
22104,CAPITOL LIGHT /REXEL (FT WORTH),,,PHILADELPHIA,PA,19101-3623,,(000) 000-0000  Ext. 0000,RexelAPinvoices@rexelusa.com,39,nsllist,-,-,-,-
22105,REXEL (SAN JOSE),,,,,,,(408) 953-1300  Ext. 0000,RexelAPinvoices@rexelusa.com,1,nsllist,-,-,-,-
22107,REXEL (LUBBOCK),,,PHILADELPHIA,PA,19101,,,RexelAPinvoices@rexelusa.com,39,nsllist,-,-,-,-
22114,US ELECTRICAL SVC (WINCHE,,,MIDDLETOWN,CT,06457-2786,,(540) 665-5191  Ext. 0000,apinvoice@usesi.com,57,nsllist,-,-,-,-
22116,REXEL/CLS (REDMOND),,,PHILADELPHIA,PA,19101,,(425) 861-0200  Ext. 0000,RexelAPinvoices@rexelusa.com,23,nsllist,-,-,-,-
22118,HILL COUNTRY ELEC (NEW BR,,,SAN ANTONIO,TX,78218,,(830) 620-6300  Ext. 0000,ap@hces.net,66,nsllist,-,-,-,-
22124,ELLIOTT ELEC (RUSTON),,,NACOGDOCHES,TX,75963-0610,,(318) 251-9393  Ext. 0000,apinvoices@elliottelectric.com,60,nsllist,-,-,-,-
22125,REXEL (ANAHEIM),,,,,,,(714) 712-8500  Ext. 0000,RexelAPinvoices@rexelusa.com,86,nsllist,-,-,-,-
22128,VIKING ELEC (MADISON),,,,,,,(608) 216-3002  Ext. 0000,APINVOICES@SONEPAR-US.COM,16,nsllist,-,-,-,-
22130,SCHAEDLER YESCO (NEW OXFO,,,HARRISBERG,PA,17111,,(717) 334-0106  Ext. 0000,JCONSTANTINE@SYDIST.COM,82,nsllist,-,-,-,-
22134,GEXPRO (KENT),,,PHILADELPHIA,PA,19101-3623,,(425) 254-7167  Ext. 0000,GexproAPInvoices@rexelusa.com,23,nsllist,-,-,-,-
22143,TURNEY LIGHTING & ELEC,,2501 NW LOOP 410 SUITE B,SAN ANTONIO,TX,78230,,(210) 695-2424  Ext. 0000,,66,nsllist,-,-,-,-
22145,COMMUNITY LTG. & ELECTRIC,,,LAKEWOOD,NJ,08701,,(732) 535-0602  Ext. 0000,accounting@communitylighting.com,78,nsllist,-,-,-,-
22146,C.E.D. (SANDPOINT LIGHTING),312 LARKSPUR,,PONDERAY,ID,83852,,(208) 627-4194  Ext. 0000,,43,nsllist,-,-,-,-
22149,THE LIGHTING GALLERY,,1607 MANHEIM PIKE,LANCASTER,PA,17601,,(717) 560-3726  Ext. 0000,,82,nsllist,-,-,-,-
22153,PRINTGUARD INC.,,1521 GRAFTON ROAD,MILLBURY,MA,1527,,(508) 890-8822  Ext. 0000,,1,nsllist,-,-,-,-
22156,NEENA'S DESIGN LTG (BROOKLINE),,,BROOKLINE,MA,2446,,(617) 232-1900  Ext. 0000,ACCOUNTING@NEENASLIGHTING.COM,56,nsllist,-,-,-,-
22159,COFFMAN HOME DECOR,,,ELKTON,KY,42220,,(270) 265-2440  Ext. 0000,ACCOUNTS@COFFMANHOMEDECOR.COM,20,nsllist,-,-,-,-
2216,CAYCE MILL SUPP (OWENSBOR,,,HOPKINSVILLE,KY,,,(270) 689-0049  Ext. 0000,ap@caycemill.com,20,nsllist,-,-,-,-
22161,FERGUSON ENTER (ABERDEEN),,,HAMPTON,VA,23670-0406,,(910) 235-0605  Ext. 0000,apinvoices@ferguson.com,57,nsllist,-,-,-,-
22163,"COMPLETE LIGHTING OF TAMPA, INC",P.O. Box 320471,,TAMPA,FL,33679,,(813) 253-5775  Ext. 0000,,31,nsllist,-,-,-,-
22166,"LIGHT APPEAL, INC",,PO BOX 34611,CHARLOTTE,NC,28234,,(704) 358-1505  Ext. 0000,,57,nsllist,-,-,-,-
22177,C.E.S. (CHERRY HILL),2 KEYSTONE AVE. SUITE 300,,CHERRY HILL,NJ,08003,,(856) 424-7977  Ext. 0000,,78,nsllist,-,-,-,-
22182,ELLIOTT ELEC (LUBBOCK),,,NACOGDOCHES,TX,75963-0610,,(806) 698-6329  Ext. 0000,apinvoices@elliottelectric.com,39,nsllist,-,-,-,-
22186,SHEPHERD ELEC (LAUREL),,,BALTIMORE,MD,21237,,(301) 595-9000  Ext. 0000,accountspayable@shepherdelec.com,62,nsllist,-,-,-,-
22191,"THE LIGHT HOUSE, INC",,604 YORKLYN RD,HOCKESSIN,DE,19707,,(302) 239-8290  Ext. 0000,,82,nsllist,-,-,-,-
22193,REGENCY LIGHTING (CHATSWORTH),,mz.ap@regencylighting.com,CHATSWORTH,CA,91311,,(818) 901-0255  Ext. 0000,VendorsMthruZ@regencylighting.com,86,nsllist,-,-,-,-
22194,MARK FOSBURY (N. CA REP),MARK FOSBURY,160 Park Lake Cir Apt A,WALNUT CREEK,CA,94598,,(925) 997-8978  Ext. 0000,,86,nsllist,-,-,-,-
22196,GEM ELECTRIC (ALSIP),,11400 S. CICERO AVENUE,ALSIP,IL,60803,,(708) 597-9600  Ext. 0000,,40,nsllist,-,-,-,-
22209,SCHAEDLER YESCO (INDIANA),,,HARRISBURG,PA,17111,,(724) 465-6000  Ext. 0000,JCONSTANTINE@SYDIST.COM,82,nsllist,-,-,-,-
22222,REXEL (MELBOURNE),,,PHILADELPHIA,PA,19101,,,RexelAPinvoices@rexelusa.com,31,nsllist,-,-,-,-
22225,REXEL (DULUTH),,,PHILADELPHIA,PA,19101,,,RexelAPinvoices@rexelusa.com,4,nsllist,-,-,-,-
22227,SONEPAR AP/CRAWFORD (KILL,,,MAITLAND,FL,32794-5650,,(254) 415-4700  Ext. 0000,APINVOICES@SONEPAR-US.COM,66,nsllist,-,-,-,-
22228,WESTERN CHANDELIER,,14975 METCALF,OVERLAND PARK,KS,66223,,(913) 685-2000  Ext. 0000,,81,nsllist,-,-,-,-
2223,SHEPHERD ELECTRIC (WASHINGTON),,,WASHINGTON,DC,20090-0974,,(202) 269-3600  Ext. 0000,ap@shepherddc.com,62,nsllist,-,-,-,-
22238,LAMPERT YARDS (JANESVILLE,,1850 COMO AVE.,ST PAUL,MN,55108,,(507) 234-6292  Ext. 0000,,16,nsllist,-,-,-,-
22254,NORTH COAST ELEC (KALISPELL),,,,,,,(406) 309-3535  Ext. 0000,APINVOICES@SONEPAR-US.COM,50,nsllist,-,-,-,-
22265,CRESCENT ELEC (COLUM IN,,,COLUMBUS,IN,47201-7491,,(812) 376-6909  Ext. 0000,apcorp@cesco.com,74,nsllist,-,-,-,-
22267,COMPONENT SPECIALTIES INC,3202 NOME ST.,,AURORA,CO,80010,,(303) 341-0160  Ext. 0000,,50,nsllist,-,-,-,-
22270,CHRISTIE'S LTG. GALLERY,,3 DESIGN AVE. #105,FLETCHER,NC,28732,,(828) 650-0223  Ext. 0000,,57,nsllist,-,-,-,-
22273,POSTON ELECTRONICS,,875 BROADWAY AVE.,BOWLING GREEN,KY,42101,,(270) 842-3122  Ext. 0000,,1,nsllist,-,-,-,-
22274,A TO T LAMPS INC.,,,LEWISVILLE,TX,75057,,(972) 219-9660  Ext. 0000,AP@ATOTLAMPS.COM,39,nsllist,-,-,-,-
22275,STUSSER ELEC (BEND),,,BEND,OR,97701,,(541) 323-3445  Ext. 0000,customerservice@stusserbend.com,22,nsllist,-,-,-,-
22277,WERNER ELEC SUPPLY  (APPLETON),,,APPLETON,WI,54912,,(920) 729-4500  Ext. 0000,apinvoices@wernerelectric.com,16,nsllist,-,-,-,-
22279,NORTH COAST ELEC (KENT),,,SEATTLE,WA,98124,,(253) 838-9188  Ext. 0000,APINVOICES@SONEPAR-US.COM,23,nsllist,-,-,-,-
22282,REVCO ELEC (SOUTHHOLD),,,SOUTHAMPTON,NY,11969,,(631) 765-6600  Ext. 0000,ap@revcoelectric.com,80,nsllist,-,-,-,-
22283,NORTHEAST ELECTRICAL (PEABODY),,,,,,,(978) 532-1595  Ext. 0000,APINVOICES@SONEPAR-US.COM,56,nsllist,-,-,-,-
22284,ALL SALE ELEC (OXNARD),,8100 DEERING AVE.,CANOGA PARK,CA,91304,,(805) 604-1350  Ext. 0000,,86,nsllist,-,-,-,-
22287,HASKELL INTERIORS,,85 1ST ST. NE,CLEVELAND,TN,37311,,(423) 472-6409  Ext. 0000,,20,nsllist,-,-,-,-
22292,FOX ELECTRIC (ARLINGTON),,PO BOX 13338,ARLINGTON,TX,76094,,(817) 461-2571  Ext. 0000,,39,nsllist,-,-,-,-
22293,PEAK LTG. BULBS & BALLAST,,P.O. BOX 51015,COLO. SPRINGS,CO,80949-1015,,(303) 757-7300  Ext. 0000,,50,nsllist,-,-,-,-
22294,ORA ELECTRIC LTG & SUPPLY,,,VAN NUYS,CA,91405-2845,,(818) 781-0771  Ext. 0000,ORAELECTRIC@GMAIL.COM,86,nsllist,-,-,-,-
22295,PEAK LTG BULBS (CO SPRING,,4315 SINTON RD,COLORADO SPRINGS,CO,80907,,(719) 531-5200  Ext. 0000,,50,nsllist,-,-,-,-
22297,THE LIGHTING LOFT,777 MIAMI CIRCLE,,ATLANTA,GA,303324,,(404) 254-3286  Ext. 0000,,4,nsllist,-,-,-,-
22299,WERNER ELEC SUPPLY  (SHEBOYGAN),,,,,,,(920) 694-3300  Ext. 0000,apinvoices@wernerelectric.com,16,nsllist,-,-,-,-
22302,PROGRESSIVE/LEE (IRVING),,,DULUTH,GA,30096-3004,,(770) 476-8537  Ext. 0000,PAYABLES@PROGRESSIVELIGHTING.COM,39,nsllist,-,-,-,-
22308,NESCO (BRIDGEWATER),,,CANTON,MA,2021,,(508) 588-9410  Ext. 0000,ACCOUNTSPAYABLE@NEEDHAMELECTRIC.COM,56,nsllist,-,-,-,-
22310,KEIDEL SUPPLY,,,CINCINNATI,OH,45229-1010,,(513) 351-1600  Ext. 0000,awright@keidel.com,75,nsllist,-,-,-,-
22311,CHATTANOOGA ELEC SUPP INC,,PO BOX 6218,CHATTANOOGA,TN,37401,,(423) 629-5533  Ext. 0000,,20,nsllist,-,-,-,-
22315,LBX LIGHTING,,3231 FONDREN RD.,HOUSTON,TX,77063,,(713) 529-0555  Ext. 0000,,66,nsllist,-,-,-,-
22323,FERGUSON ENTER (FRANKLIN),,,HAMPTON,VA,23670,,(828) 369-7124  Ext. 0000,apinvoices@ferguson.com,57,nsllist,-,-,-,-
22328,JORDAN SMITH (PKL REP),NO LONGER A REP FOR NSL,,HERMITAGE,TN,37076,,(615) 545-3444  Ext. 0000,,20,nsllist,-,-,-,-
22337,CRAWFORD SONEPAR AP (FT.W,,,MAITLAND,FL,32794-5650,,(972) 869-3633  Ext. 0000,APINVOICES@SONEPAR-US.COM,39,nsllist,-,-,-,-
22338,C.E.S. (ALPHARETTA),,,N CHARLESTON,SC,29415,,(678) 240-0850  Ext. 0000,dallas.ap@cityelectricsupply.com,4,nsllist,-,-,-,-
22339,FERGUSON ENTER (CHANTILLY,,,HAMPTON,VA,23670,,(703) 375-5858  Ext. 0000,apinvoices@ferguson.com,57,nsllist,-,-,-,-
2234,HEIN ELECTRIC (WEST ALLIS),,,WEST ALLIS,WI,53227,,(262) 790-8400  Ext. 0000,AP@HEIN.COM,16,nsllist,-,-,-,-
22340,BLACK ELECTRICAL SUPPLY,,P.O. BOX 134,GREENVILLE,SC,29602-0134,,(864) 233-4142  Ext. 0000,,57,nsllist,-,-,-,-
22348,"VALUE LIGHTING, INC  (CARROLLTON)",,,MARIETTA,GA,30066,,(214) 390-7008  Ext. 0000,ap@valuelightinginc.com,39,nsllist,-,-,-,-
22353,STEWART ELECTRIC SUPPLY,320 S MULLER PKWY,,BLOOMINGTON,IN,47403-1617,,(812) 336-1207  Ext. 0000,,74,nsllist,-,-,-,-
22354,COLONIAL ELEC (LANCASTER),,,KING OF PRUSSIA,PA,19406,,(717) 405-3101  Ext. 0000,Ap_Inbox@ColonialElectric.com,82,nsllist,-,-,-,-
22356,CENTURA BLDG PRODUCTS,,1000 COMMERCE PARK DR,WILLIAMSPORT,PA,17701,,(570) 326-2628  Ext. 0000,,82,nsllist,-,-,-,-
22357,"SONEPAR USA (ASHLAND, VA)",,,MAITLAND,FL,32794-5650,,(804) 798-2155  Ext. 0000,APINVOICES@SONEPAR-US.COM,57,nsllist,-,-,-,-
22362,LIGHTING BY DESIGN,,,APPLETON,WI,54914,,(920) 257-4108  Ext. 0000,katie@lightingbydesignappleton.com,16,nsllist,-,-,-,-
22369,BORDER STATES - SEQUEL ELEC (MERIDIAN),,,MERIDIAN,MS,39303-3579,,(850) 437-5300  Ext. 0000,apinvoices@borderstates.com,60,nsllist,-,-,-,-
22370,BORDER STATES - SEQUEL ELEC (OXFORD),,,,,,,(662) 236-9990  Ext. 0000,apinvoices@borderstates.com,60,nsllist,-,-,-,-
22371,GRAYBAR/4427027 (GARDEN CITY),,,,,,,(516) 880-6100  Ext. 0000,captivainvoice@graybar.com,54,nsllist,-,-,-,-
22373,BORDER STATES - SEQUEL ELEC (FT WALTON BEACH),,,FT WALTON BEACH,FL,32548-4405,,(850) 664-0121  Ext. 0000,apinvoices@borderstates.com,4,nsllist,-,-,-,-
22377,BLACKMAN SUPPLY (SOUTHHAM,,444 COUNTY ROAD 39A,SOUTHAMPTON,NY,11968,,(631) 823-4300  Ext. 0000,,80,nsllist,-,-,-,-
22384,REXEL (TEMPLE),,,PHILADELPHIA,PA,19101,,(254) 778-2808  Ext. 0000,RexelAPinvoices@rexelusa.com,66,nsllist,-,-,-,-
22387,MIKE NELSON & ASSOC (SUB-,MIKE,17333 RIVERBIRCH LANE,PRIOR LAKE,MN,55372,,(651) 271-5611  Ext. 0000,,16,nsllist,-,-,-,-
2239,"LIGHTALL, INC.",,,DALLAS,TX,75220,,(214) 358-5331  Ext. 0000,lightall@yahoo.com,39,nsllist,-,-,-,-
22390,HOLLYWOOD WHOLESALE ELEC,,,LOS ANGELAS,CA,90029,,(323) 871-1818  Ext. 0000,ap@hollywoodwholesaleelectric.com,86,nsllist,-,-,-,-
22392,SOFEY DESIGN STUDIO,,116 WEST LAMAR,SHERMAN,TX,75092,,(903) 328-6669  Ext. 0000,,39,nsllist,-,-,-,-
22393,CAYCE MILL SUPPLY (RUSSELLVILLE),,,HOPKINSVILLE,KY,,,(270) 726-1800  Ext. 0000,ap@caycemill.com,20,nsllist,-,-,-,-
22396,PLUMBING DISTRIBUTORS (ATLANTA),,,LAWRENCEVILLE,GA,30046-1167,,(404) 352-5003  Ext. 0000,payables@plumbingdistributors.com,4,nsllist,-,-,-,-
22397,PLUMBING DISTRIBUTORS (NASHVILLE),,,LAWRENCEVILLE,GA,30046-1167,,(615) 806-8530  Ext. 0000,payables@plumbingdistributors.com,20,nsllist,-,-,-,-
22398,SOUTHERN ELEC & PLBG SPLY,,P.O. BOX 280,TULLAHOMA,TN,37388,,(931) 455-5402  Ext. 0000,,20,nsllist,-,-,-,-
22415,REXEL (STAMFORD),,,PHILADELPHIA,PA,19101,,(203) 316-9029  Ext. 0000,RexelAPinvoices@rexelusa.com,55,nsllist,-,-,-,-
22422,BERT'S ELECTRIC SUPPLY CO. INC.,,,,,,,(617) 770-1111  Ext. 0000,BARBIE@BERTSELECTRIC.COM,56,nsllist,-,-,-,-
22426,RICKY SORIANO,RICKY,1717 BRYANT AVE. # 4G,BRONX,NY,10460,,(917) 676-6349  Ext. 0000,,80,nsllist,-,-,-,-
22427,QED (PHOENIX),,,,,,,(602) 256-1000  Ext. 0000,VENDORINVOICES@QEDELECTRIC.COM,71,nsllist,-,-,-,-
22432,C.E.S. (FITCHBURG),,,BROCKTON,MA,2301,,(978) 696-5690  Ext. 0000,bostonsouthgroup@concordelectricsupply.com,56,nsllist,-,-,-,-
22433,REXEL (RICHMOND),,,PHILADELPHIA,PA,19101,,(804) 794-3390  Ext. 0000,RexelAPinvoices@rexelusa.com,57,nsllist,-,-,-,-
22437,CALIFORNIA WHOLESALE ELEC,RENE REYES,7232 ETON AVE.,CANOGA PARK,CA,91304,,(818) 888-2929  Ext. 0000,,86,nsllist,-,-,-,-
22446,ALL-PHASE (SAULT SAINTE M,,425 WEST 3 MILE RD.,SAULT ST. MARIE,MI,49783,,(906) 632-2264  Ext. 0000,,64,nsllist,-,-,-,-
22449,LIGHTS-DIRECT,,,,,,,(636) 390-0606  Ext. 0000,julie@lights-direct.com,81,nsllist,-,-,-,-
22451,PARAMONT EO (CHICAGO),,,WOODRIDGE,IL,60517,,(773) 525-8000  Ext. 0000,pam.bonnema@paramont-eo.com,1,nsllist,-,-,-,-
22454,PARAMONT EO (NEW LENOX),,,WOODRIDGE,IL,60517,,(815) 723-7100  Ext. 0000,pam.bonnema@paramont-eo.com,1,nsllist,-,-,-,-
22455,PARAMONT EO (BROADVIEW),,,WOODRIDGE,IL,60517,,(815) 521-1700  Ext. 0000,pam.bonnema@paramont-eo.com,40,nsllist,-,-,-,-
22458,FERGUSON ENTER (RADFORD),,,HAMPTON,VA,23670-0406,,(540) 639-9001  Ext. 0000,apinvoices@ferguson.com,57,nsllist,-,-,-,-
22459,PARAMONT EO (WOODRIDGE),,,WOODRIDGE,IL,60517,,(708) 345-0000  Ext. 0000,pam.bonnema@paramont-eo.com,40,nsllist,-,-,-,-
22460,US ELECTRICAL SVC (MEDFOR,,,MIDDLETOWN,CT,06457-2786,,(781) 333-6822  Ext. 0000,apinvoice@usesi.com,56,nsllist,-,-,-,-
22462,CITY PLUMBING & ELEC (FRA,,,GAINESVILLE,GA,30501,,(770) 532-4123  Ext. 0000,ap@cpesupply.com,57,nsllist,-,-,-,-
22463,METRO ELEC (CHESTERFIELD),,,ST LOUIS,MO,63139,,(636) 449-1900  Ext. 0000,ap@metroelectricsupply.com,81,nsllist,-,-,-,-
22464,"REXEL USA, INC (MAYER-CHARLOTTSVILE)",,,NEWNAN,GA,30271,,(434) 422-3270  Ext. 0000,APINVOICES@MAYERELECTRIC.COM,57,nsllist,-,-,-,-
22467,GRAYBAR/4427027 (N CHARLE,,,CLAYTON,MO,63105,,(843) 207-2720  Ext. 0000,captivainvoice@graybar.com,57,nsllist,-,-,-,-
22471,COLEY ELEC & PLUMB SUPPLY (WAYCROSS),,1760 MEMORIAL DR,WAYCROSS,GA,31501,,(912) 285-3744  Ext. 0000,,4,nsllist,-,-,-,-
22479,PLATT ELEC (ELLENSBURG),,,,,,,(509) 933-2800  Ext. 0000,plattap@platt.com,23,nsllist,-,-,-,-
2248,GRAYBAR/4427027 (MELBOURN,,,ST LOUIS,MO,63178,,(321) 768-7661  Ext. 0000,captivainvoice@graybar.com,31,nsllist,-,-,-,-
22487,SHEALY ELEC WHOLE (DUNN),,,FARGO,ND,58108-2767,,(910) 892-0132  Ext. 0000,APINVOICES@BORDERSTATES.COM,57,nsllist,-,-,-,-
22491,BLACKMAN SUPPLY (BAYPORT),,900 SYLVAN AVE,BAYPORT,NY,11705,,(631) 823-4300  Ext. 0000,,80,nsllist,-,-,-,-
22493,GRANITE CITY (WEST HAVEN),,,QUINCY,MA,02269-9189,,(203) 931-0169  Ext. 0000,Invoices@gcecorp.com,55,nsllist,-,-,-,-
22494,WESCO (MIDLOTHIAN),,,MIDLOTHIAN,VA,23112,,(804) 253-8900  Ext. 0000,US-APinvoices@wescodist.com,57,nsllist,-,-,-,-
22497,GILMAN ELECTRIC SUPPLY (PRESQUE ISLE),,,PRESQUE ISLE,ME,4769,,(207) 760-0800  Ext. 0000,OPERATIONS@GILMANPI.COM,56,nsllist,-,-,-,-
22498,LAMP SALES UNL (ORLANDO),,1271 LA QUINTA DR. #13,ORLANDO,FL,32809,,(407) 859-1515  Ext. 0000,,31,nsllist,-,-,-,-
22500,SHADES OF LIGHT (VA BSL32,,4924 WEST BROAD ST,RICHMOND,VA,23230,,(757) 425-4448  Ext. 0000,,57,nsllist,-,-,-,-
22502,ECKART LLC (CLARKSVILLE),,,,,,,(812) 913-0300  Ext. 0000,ap@eckart.com,74,nsllist,-,-,-,-
22504,COOPER ELEC (MONROE),,,MAITLAND,FL,32794-5650,,(732) 340-0346  Ext. 0000,APINVOICES@SONEPAR-US.COM,79,nsllist,-,-,-,-
22505,MORRISON SUPPLY (WICHITA,,CC:  mldarnall@morsco.com,WICHITA FALLS,TX,76309,,(940) 761-3636  Ext. 0000,ntverification@morsco.com,39,nsllist,-,-,-,-
22506,WOMACK ELECTRIC (HARRISON,,,DANVILLE,VA,24543,,(540) 434-1738  Ext. 0000,ap.invoices@womackelectric.com,57,nsllist,-,-,-,-
22507,"INSIDE SOURCE, LLC",,,FRISCO,CO,80443,,(970) 468-0573  Ext. 0000,insidesource@comcast.net,50,nsllist,-,-,-,-
22508,"LIGHTS UNL, (WAKE FOREST)",,,GARNER,NC,27529,,(919) 569-2129  Ext. 0000,AR@LIGHTSUNLIMITEDINC.COM,57,nsllist,-,-,-,-
2251,LIGHT BULB WAREHOUSE,,1655 MORENA BLVD.,SAN DIEGO,CA,92110,,(619) 275-7851  Ext. 0000,,86,nsllist,-,-,-,-
22510,REXEL (LAKE SAINT LOUIS),,,,,,,(636) 970-1504  Ext. 0000,RexelAPinvoices@rexelusa.com,81,nsllist,-,-,-,-
22511,REXEL (ST. LOUIS),,,PHILADELPHIA,PA,19101,,(314) 427-3333  Ext. 0000,RexelAPinvoices@rexelusa.com,81,nsllist,-,-,-,-
22512,FERGUSON ENTER (JACKSON),,,HAMPTON,VA,23670,,(731) 664-6400  Ext. 0000,apinvoices@ferguson.com,20,nsllist,-,-,-,-
22513,FERGUSON ENTERPRISES #196 (TAMPA,,,HAMPTON,VA,23670-0406,,(813) 881-1982  Ext. 0000,apinvoices@ferguson.com,31,nsllist,-,-,-,-
22521,WORLD ELECTRIC (POMPANO B,,,MAITLAND,FL,92794-5650,,(954) 979-1960  Ext. 0000,APINVOICES@SONEPAR-US.COM,32,nsllist,-,-,-,-
22533,ALAMEDA ELEC (PASO ROBLES,3875 BAY CENTER PLACE,,HAYWARD,CA,94545,,(805) 434-5666  Ext. 0000,,1,nsllist,-,-,-,-
22536,NEEDHAM ELECTRIC (TAUNTON,,,CANTON,MA,2021,,(508) 823-6371  Ext. 0000,ACCOUNTSPAYABLE@NEEDHAMELECTRIC.COM,56,nsllist,-,-,-,-
22539,PREMIER LIGHTING,,,PHOENIX,AZ,85034,,(623) 907-2669  Ext. 0000,ap@shoppremier.com,68,nsllist,-,-,-,-
22540,HEIN ELECTRIC (GRAFTON),,,WEST ALLIS,WI,53227,,(262) 790-8400  Ext. 0000,AP@HEIN.COM,16,nsllist,-,-,-,-
22545,GRAYBAR/4427027 (LAKE CHA,,,ST LOUIS,MO,63178,,(337) 439-9481  Ext. 0000,captivainvoice@graybar.com,60,nsllist,-,-,-,-
22551,SOUTHERN LIGHTING CO.,FRANK SAUNDERS,144 CHRISTOPHER DR STE102,CLAYTON,NC,27520,,(919) 772-5483  Ext. 0000,,57,nsllist,-,-,-,-
22552,GRAND ELEC EQUIP SUPPLY,,73 ALLEN ST,NEW YORK,NY,10002,,(212) 966-7733  Ext. 0000,,80,nsllist,-,-,-,-
22553,GRAND ELEC EQUIP SUPPLY,,8 LOMBARDY ST,BROOKLYN,NY,11222,,(718) 387-8880  Ext. 0000,,80,nsllist,-,-,-,-
22554,CREATIVE CONSERVATION,,109 ENGLAND ST,ASHLAND,VA,23005,,(804) 798-2727  Ext. 0000,,57,nsllist,-,-,-,-
22555,C.E.D. (AUBURN) /GILMAN ELECTRIC,,,AUBURN,ME,4212,,(207) 784-6906  Ext. 0000,DBLAKE@CEDAUBURN.COM,56,nsllist,-,-,-,-
22557,WORLD ELECTRIC (ORLANDO),,,MAITLAND,FL,32794-5650,,(407) 447-2000  Ext. 0000,APINVOICES@SONEPAR-US.COM,31,nsllist,-,-,-,-
22561,C.E.S. (GREENSBORO WEST),,,CHARLOTTE,NC,28262,,(336) 808-0670  Ext. 0000,piedmonttriadgroup@cityelectricsupply.com,57,nsllist,-,-,-,-
22570,IMAGINE MORE OF LONGMONT (WINDSOR),,,WINDSOR,CO,80550,,(303) 684-0080  Ext. 0000,office.imaginemore@gmail.com,50,nsllist,-,-,-,-
22571,SANTA MONICA BAY LIGHTING,,1428 4TH ST.,SANTA MONICA,CA,90401,,(310) 393-6286  Ext. 0000,,86,nsllist,-,-,-,-
22576,ESCAPE DESIGN,,9 ESCAPE RD,NEW FAIRFIELD,CT,6812,,(203) 241-5800  Ext. 0000,,55,nsllist,-,-,-,-
22584,SIERRA NEVADA CORP.,,444 SALOMON CR. ATTEN:A/P,SPARKS,NV,89434-9651,,(720) 287-6309  Ext. 0000,,1,nsllist,-,-,-,-
22587,C.E.D. (BREVARD),,,BREVARD,NC,28712,,(828) 877-2750  Ext. 0000,CEDBrevard.0937@Billinginbox.com,57,nsllist,-,-,-,-
2260,"WEDCO, INC. (STATELINE)",,PO BOX 2199,STATELINE,NV,89449-2199,,(775) 588-6695  Ext. 0000,,71,nsllist,-,-,-,-
2266,CRESCENT ELEC (GILLETTE),,,GILLETTE,WY,82718,,(307) 682-4470  Ext. 0000,apcorp@cesco.com,50,nsllist,-,-,-,-
228,WYANDOTTE ELECTRIC SUPPLY,,961 FORD AVE.,WYANDOTTE,MI,48192,,(734) 284-8100  Ext. 0000,,64,nsllist,-,-,-,-
2282,CENTRAL SYSTEMS ELECTRIC,,1253 U.S. HWY 395 NORTH,GARDNERVILLE,NV,89410,,(775) 782-5108  Ext. 0000,,85,nsllist,-,-,-,-
2291,C.E.D. (FLAGSTAFF),,1200 W. KAIBAB LANE,FLAGSTAFF,AZ,86001,,(928) 773-1770  Ext. 0000,,71,nsllist,-,-,-,-
2300,PACIFIC NORTHWEST REPS,,,,,,,(541) 514-2643  Ext. 0000,lisa@pnwrs.com,23,nsllist,-,-,-,-
2306,ABSOLUTE WOODWORKS,,6054 MARY BALL ROAD,LANCASTER,VA,22503,,(804) 462-0000  Ext. 0000,,1,nsllist,-,-,-,-
2308,LEKTRON LIGHTING AND SUPPLY,,1847 N. 105TH EAST AVE.,TULSA,OK,74116,,(918) 838-7777  Ext. 0000,,39,nsllist,-,-,-,-
2310,REXEL (PHOENIX),,,,,,,(602) 626-6966  Ext. 0000,RexelAPinvoices@rexelusa.com,71,nsllist,-,-,-,-
232,CAYCE MILL SUPP (HOPKINSV,,,HOPKINSVILLE,KY,,,(270) 886-3335  Ext. 0000,ap@caycemill.com,20,nsllist,-,-,-,-
2343,ECONOMY ELECTRIC SUPPLY,,,AMBRIDGE,PA,15003,,(724) 266-2670  Ext. 0000,ap@economyelectricsupply.com,1,nsllist,-,-,-,-
2345,ROBERT L MAC QUARRIE -FRMR REP,,,MT LAUREL,NJ,08054,,(000) 000-0000  Ext. 0000,bobmac40@gmail.com,78,nsllist,-,-,-,-
2354,F.D. LAWRENCE ELECTRIC,,3450 BEEKMAN STREET,CINCINNATI,OH,45223,,(513) 542-1100  Ext. 0000,,75,nsllist,-,-,-,-
2356,PLATT ELEC (BEND),,,,,,,(541) 388-3487  Ext. 0000,plattap@platt.com,22,nsllist,-,-,-,-
2358,GALLERIA LIGHTING,,"760 S ROUTE 59, SUITE 104",NAPERVILLE,IL,60540,,(630) 357-4155  Ext. 0000,,40,nsllist,-,-,-,-
2360,VINCENT LTG SYS (SOLON),,6161 COCHRAN ROAD #D,SOLON,OH,44139,,(216) 475-7600  Ext. 0000,,75,nsllist,-,-,-,-
2361,FRIEDMAN/SONEPAR (EXETER),,,MAITLAND,FL,32794,,(570) 654-3371  Ext. 0000,APINVOICES@SONEPAR-US.COM,78,nsllist,-,-,-,-
2380,FERGUSON ENTER (HAMPTON),,,HAMPTON,VA,23670-0406,,(757) 930-1249  Ext. 0000,apinvoices@ferguson.com,57,nsllist,-,-,-,-
2381,REXEL (OWING MILLS),,,PHILADELPHIA,PA,19101,,(410) 363-8840  Ext. 0000,Rexel@invoices.corcentric.com,62,nsllist,-,-,-,-
2397,THE LIGHT CENTER,,,FT. COLLINS,CO,80525,,(970) 226-3430  Ext. 0000,ap@lightcenterinc.com,50,nsllist,-,-,-,-
2413,LIGHTING PARADISE,,P.O BOX 913,MIAMI,FL,33144,,(305) 444-0902  Ext. 0000,,32,nsllist,-,-,-,-
2430,AMERICAN IMPORT LIGHTING,,,JACKSONVILLE,FL,32246,,(904) 398-8431  Ext. 0000,ail.peterf@gmail.com,31,nsllist,-,-,-,-
2448,CONTINENTAL LIGHTING CORP,,,FLORAL PARK,NY,11001,,(800) 560-1466  Ext. 0000,ar@continentallightingcorp.com,80,nsllist,-,-,-,-
2470,UNITED ELECTRIC (OMAHA),,,OMAHA,NE,68137,,(402) 334-5331  Ext. 0000,payables@uesomaha.com,77,nsllist,-,-,-,-
2472,CITY LIGHTS ELECTRIC SUPP,,118 S. MEAD STREET,SEATTLE,WA,98108,,(206) 767-3723  Ext. 0000,,23,nsllist,-,-,-,-
2476,PLATT ELEC (CONCORD),,,,,,,(925) 682-8150  Ext. 0000,plattap@platt.com,1,nsllist,-,-,-,-
249,PENINSULAR ELECTRIC DIST.,,P.O. BOX 2887,WEST PALM BEACH,FL,33401,,(561) 832-1626  Ext. 0000,,32,nsllist,-,-,-,-
2499,C.E.D. (ESCONDIDO),,2160 MEYERS AVENUE,ESCONDIDO,CA,92029,,(760) 747-2900  Ext. 0000,,86,nsllist,-,-,-,-
2511,C.E.S. (FAYETTEVILLE),,,,,,,(000) 000-0000  Ext. 0000,Suzanne.Clark@cityelectricsupply.com,57,nsllist,-,-,-,-
2514,DOMINION ELEC (CURTIS BAY),,,ARLINGTON,VA,22207,,(410) 536-1200  Ext. 0000,vendorinvoices@dominionelectric.com,62,nsllist,-,-,-,-
251402,C.E.D. (ROCKLAND)/GILMAN,,15 GRANITE ST.,ROCKLAND,ME,04841,,(207) 593-0445  Ext. 0000,Emileec@gilmanrockland.com,56,nsllist,-,-,-,-
2524,CITY PLUMBING & ELEC (GAI,,,GAINESVILLE,GA,30501,,(770) 532-4123  Ext. 0000,ap@cpesupply.com,4,nsllist,-,-,-,-
2525,COOPER ELEC (FAIRLESS HILLS),,,FAIRLESS HILLS,PA,19030-1095,,(215) 943-0331  Ext. 0000,APINVOICES@SONEPAR-US.COM,78,nsllist,-,-,-,-
2535,PRICE WHOLESALE LIGHTING,,,COLLINSVILLE,VA,24078,,(276) 647-8424  Ext. 0000,contact@pricewholesalelighting.com,57,nsllist,-,-,-,-
2539,QUALITY LIGHTING & ACCES.,,,DELRAY BEACH,FL,33483-3215,,(561) 272-3337  Ext. 0000,lamps101@gmail.com,32,nsllist,-,-,-,-
2550,C.E.D. (BILLINGS),,,BILLINGS,MT,59102,,(406) 245-4894  Ext. 0000,ap@cedbillings.com,50,nsllist,-,-,-,-
2551,C.E.D. (BOZEMAN),,467 W GRIFFIN DR.,BOZEMAN,MT,59715,,(406) 587-5566  Ext. 0000,,50,nsllist,-,-,-,-
2552,SHALLOTTE ELECTRIC (SHALLOTTE),,,SHALLOTTE,NC,28459,,(910) 754-6000  Ext. 0000,Accountspayable@sestores.com,57,nsllist,-,-,-,-
2553,SHALLOTTE ELECTRIC (SOUTHPORT),,,,,,,(910) 457-1117  Ext. 0000,Accountspayable@sestores.com,57,nsllist,-,-,-,-
2561,STONE LIGHTING,,P.O. BOX 2813,SPARTANBURG,SC,29304,,(864) 583-6383  Ext. 0000,,57,nsllist,-,-,-,-
2580,NANTUCKET LIGHTSHOP,,9 SPARKS AVENUE,NANTUCKET,MA,2584,,(508) 228-6633  Ext. 0000,,56,nsllist,-,-,-,-
2602,FAIRFIELD ELECTRIC SUPPLY,,,FAIRFIELD,CT,6824,,(203) 255-1071  Ext. 0000,fairfield3176@gmail.com,55,nsllist,-,-,-,-
2608,ANTIGUA DE MEXICO,,,TUCSON,AZ,85741,,(520) 742-7114  Ext. 0000,dino@antiguademexico.us,1,nsllist,-,-,-,-
2610,BRIGHT IDEAS LTG & MORE INC.,,,BRIDGEPORT,TX,76426,,(940) 683-4325  Ext. 0000,k.dunn@brightideastx.com,39,nsllist,-,-,-,-
2619,HUNT ELECTRIC (BURLINGTON,,P.O. BOX 2440,BURLINGTON,NC,27216,,(336) 229-5351  Ext. 0000,,57,nsllist,-,-,-,-
262,CITY LIGHTS & SUPPLY,,5037 CLEVELAND ST,VIRGINIA BEACH,VA,23462,,(757) 499-4252  Ext. 0000,,57,nsllist,-,-,-,-
2627,NESCO/GETTENS (GREENFIELD,,,CANTON,MA,2021,,(413) 772-3711  Ext. 0000,ACCOUNTSPAYABLE@NEEDHAMELECTRIC.COM,55,nsllist,-,-,-,-
263,"CITY LIGHTS, INC.",,,PHOENIX,AZ,85005,,(602) 233-2552  Ext. 0000,accounting@citylightsusa.com,71,nsllist,-,-,-,-
2642,TEXAS LIGHTING ETC.,,,WEATHERFORD,TX,76087,,(817) 341-3633  Ext. 0000,JEFF@TEXAS-LIGHTING.COM,39,nsllist,-,-,-,-
2645,WEBSTER ELECTRICAL SUPPLY,,,WEBSTER,MA,1570,,(508) 943-3686  Ext. 0000,CMARKS@BB-TRADING.COM,56,nsllist,-,-,-,-
2660,C.E.D. (BISMARCK),,,,,,,(701) 751-2120  Ext. 0000,kelsi@cedbismarck.com,16,nsllist,-,-,-,-
2669,AMERICAN LIGHTING,,,JOHNSON CITY,TN,37601,,(423) 282-1106  Ext. 0000,invoices@americanlightinginc.net,20,nsllist,-,-,-,-
2679,MCCOMB ELECTRIC SUPPLY,,P.O. BOX 707,MCCOMB,MS,39649,,(601) 684-1160  Ext. 0000,,60,nsllist,-,-,-,-
2690,LIGHTING PLUS (COLUMBUS),,FAX INV'S***205-345-8929*,TUSCALOOSA,AL,35405,,(662) 328-1188  Ext. 0000,,60,nsllist,-,-,-,-
2735,GRIGGS LUMBER (POINT HARB,,PO BOX 100,POINT HARBOR,NC,27964,,(252) 491-2436  Ext. 0000,,57,nsllist,-,-,-,-
274,FERGUSON ENTER (PHOENIX),,,HAMPTON,VA,23670,,(602) 352-4976  Ext. 0000,apinvoices@ferguson.com,68,nsllist,-,-,-,-
2743,JOHNSON ELECTRIC (FALMOUT,,,,MA,02562,,(508) 548-5416  Ext. 0000,ANNEMFLAVIN@COMCAST.NET,56,nsllist,-,-,-,-
2753,LIGHTING UNLIMITED (SCOTTSDALE),15816 N. GREENWAY HAYDEN,,SCOTTSDALE,AZ,85260,,(480) 483-1177  Ext. 0000,,68,nsllist,-,-,-,-
2754,LIGHTING UNLIMITED (CHANDLER),,,CHANDLER,AZ,85225,,(480) 833-5588  Ext. 0000,accounting@lu-az.com,71,nsllist,-,-,-,-
276,PRG (ORLANDO),,1902 CYPRESS LAKE DR #100,ORLANDO,FL,32837,,(407) 855-8060  Ext. 0000,,1,nsllist,-,-,-,-
2780,THE LITE HOUSE (COLUMBIA),3521 BUSH RIVER ROAD,,COLUMBIA,SC,29210,,(803) 798-5400  Ext. 0000,,57,nsllist,-,-,-,-
2782,"WATERS ELECTRIC, INC.",JANE,310 W. MAIN STREET,NORMAN,OK,73069,,(405) 321-8246  Ext. 0000,,39,nsllist,-,-,-,-
2786,GRAYBAR/4427027 (DENVER),,,ST. LOUIS,MO,63178,,(303) 458-7770  Ext. 0000,captivainvoice@graybar.com,50,nsllist,-,-,-,-
2792,CRESCENT ELEC (CHEYENNE),,,CHEYENNE,WY,82001,,(307) 632-6453  Ext. 0000,apcorp@cesco.com,50,nsllist,-,-,-,-
2793,US ELECTRICAL SVC (WOONSO,,,MIDDLETOWN,CT,06457-2786,,(401) 762-1937  Ext. 0000,apinvoice@usesi.com,56,nsllist,-,-,-,-
2794,TOPS ELECTRIC SUPPLY CO,,,PROVIDENCE,RI,2903,,(401) 861-0695  Ext. 0000,AP@topssupply.com,56,nsllist,-,-,-,-
28,QED (LOVELAND),,,,,,,(970) 613-8288  Ext. 0000,APINVOICES@SONEPAR-US.COM,50,nsllist,-,-,-,-
280,WERNER ELEC SUPPLY  (JANESVILLE),,,NEENAH,WI,54957-0668,,(608) 752-9496  Ext. 0000,apinvoices@wernerelectric.com,16,nsllist,-,-,-,-
2801,JUST LIGHTS INC,,,NASHUA,NH,03060,,(603) 578-9482  Ext. 0000,peter@justlights.com,56,nsllist,-,-,-,-
2802,M & M ELECTRICAL SUPPLY,,17 LOWELL STREET,NASHUA,NH,3064,,(603) 883-4976  Ext. 0000,,56,nsllist,-,-,-,-
2804,ARIZONA ELECTRIC SUPPLY,,,PHOENIX,AZ,85017,,(602) 258-5411  Ext. 0000,customerservice@aesphoenix.com,71,nsllist,-,-,-,-
2810,"RETRO LIGHTING, LLC",,greg@retro-lighting.com,,MD,21666,,(800) 489-6594  Ext. 0000,joyce@retro-lighting.com,62,nsllist,-,-,-,-
2811,US ELECTRICAL SVC (NORWIC,,,MIDDLETOWN,CT,06457-2786,,(860) 887-5882  Ext. 0000,apinvoice@usesi.com,55,nsllist,-,-,-,-
2815,GRAYBAR/4427027 (MONROE),,,ST LOUIS,MO,63178,,(704) 283-8106  Ext. 0000,captivainvoice@graybar.com,57,nsllist,-,-,-,-
2819,TALLAHASSEE LIGHTING & FA,,980 CAPITAL CIRCEL SE,TALLAHASSEE,FL,32301,,(850) 878-3271  Ext. 0000,,4,nsllist,-,-,-,-
2839,NORTHEAST ELECTRICAL  (CONWAY),,,NEWINGTON,NH,3801,,(603) 447-3828  Ext. 0000,sonepar.invoices@sonepar-us.com,56,nsllist,-,-,-,-
2840,GEXPRO (FENTON),,,PHILADELPHIA,PA,19101-3623,,(636) 305-2555  Ext. 0000,GexproAPInvoices@rexelusa.com,81,nsllist,-,-,-,-
2853,HARRY COOPER SUPPLY,,605 N SHERMAN PKWY,SPRINGFIELD,MO,65802-3656,,(417) 865-8392  Ext. 0000,,81,nsllist,-,-,-,-
2860,CRESCENT ELEC (CASPER),,,CASPER,WY,82609,,(307) 235-5060  Ext. 0000,apcorp@cesco.com,50,nsllist,-,-,-,-
2862,CRESCENT ELEC (PHOENIX),,,,,,,(602) 431-5955  Ext. 0000,apcorp@cesco.com,71,nsllist,-,-,-,-
2869,FERGUSON ENTER (AMARILLO),,,HAMPTON,VA,23670-0406,,(806) 354-8555  Ext. 0000,apinvoices@ferguson.com,39,nsllist,-,-,-,-
287,COMMERCIAL LTG SUPPLY,,PO BOX 65675,SALT LAKE CITY,UT,84165-0675,,(801) 262-0888  Ext. 0000,,50,nsllist,-,-,-,-
2871,MAINE HARDWARE GROUP,,,PORTLAND,ME,04102,,(207) 772-2382  Ext. 0000,info@mainehardware.com,56,nsllist,-,-,-,-
2889,ARIZONA LIGHTING COMPANY,,1152 S. 4TH AVENUE,YUMA,AZ,85364,,(928) 782-4538  Ext. 0000,,68,nsllist,-,-,-,-
2895,BEACON LIGHT (MANCHESTER),,,HARTFORD,CT,06144,,(860) 645-3666  Ext. 0000,AP@BEACONLIGHTSUPPLY.COM,1,nsllist,-,-,-,-
2897,STONEWAY ELEC (LYNNWOOD),,,SPOKANE,WA,99220-0037,,(425) 775-4640  Ext. 0000,payables@stoneway.com,23,nsllist,-,-,-,-
2899,F&M ELECTRIC SUPPLY CO.,,,DANBURY,CT,06810,,(203) 744-7445  Ext. 0000,accountspayable@fmelectric.com,55,nsllist,-,-,-,-
29,ADVANCED LIGHTING & SOUND,,1026 MAPLELAWN DR.,TROY,MI,48084,,(248) 817-2092  Ext. 0000,,64,nsllist,-,-,-,-
2906,SCHAEDLER YESCO (ALLENTOWN),,,HARRISBURG,PA,17111-0990,,(610) 439-0525  Ext. 0000,AP@sydist.com,82,nsllist,-,-,-,-
2910,CRYSTAL LAKE LIGHTING,,150 VIRGINIA ROAD,CRYSTAL LAKE,IL,60014,,(815) 455-7070  Ext. 0000,,40,nsllist,-,-,-,-
2911,US ELECTRICAL SVC (WINDSOR),,,MIDDLETOWN,CT,06457-2786,,(860) 925-6720  Ext. 0000,apinvoice@usesi.com,55,nsllist,-,-,-,-
2912,"M&M LIGHTING SUPPLY, INC",,,NASHVILLE,TN,37206,,(615) 227-3112  Ext. 0000,beth@mandmlightingsupply.com,20,nsllist,-,-,-,-
2915,CALKINS ELECTRIC SUPPLY CO INC,5707 NIEMAN ROAD,,SHAWNEE,KS,66203-0498,,(913) 631-6363  Ext. 0000,,81,nsllist,-,-,-,-
2918,GREEN BAY LIGHTING,,,GREEN BAY,WI,54302,,(920) 435-6061  Ext. 0000,dsiewert@greenbaylighting.com,16,nsllist,-,-,-,-
2926,CHD INTERIORS (CUSTOM HOME DECORATING INC),,,,,,,(843) 357-1700  Ext. 0000,Joyce@chdinteriors.com,57,nsllist,-,-,-,-
2930,GRANITE CITY (GROTON),,,QUINCY,MA,02269-9189,,(860) 449-8456  Ext. 0000,Invoices@gcecorp.com,55,nsllist,-,-,-,-
2941,THE SALTBOX LIGHTING,,126 SOUTH BROADWAY,DE PERE,WI,54115,,(920) 632-7551  Ext. 0000,,16,nsllist,-,-,-,-
2948,COASTAL LIGHTING SUPPLY,,,WILMINGTON,NC,28403-1403,,(910) 763-8211  Ext. 0000,coastallighting.wilmington@gmail.com,57,nsllist,-,-,-,-
2950,FERGUSON ENTER#2717 (WILMINGTO,,,HAMPTON,VA,23670,,(910) 343-1510  Ext. 0000,apinvoices@ferguson.com,57,nsllist,-,-,-,-
2953,EW ELECTRICAL WH  (MIDDLETOWN CT),,,MIDDLETOWN,CT,06427-2786,,(860) 346-7677  Ext. 0000,apinvoice@usesi.com,55,nsllist,-,-,-,-
296,REXEL (WARRENTON) #988893,,,PHILADELPHIA,PA,19101,,(540) 347-9577  Ext. 0000,RexelAPinvoices@rexelusa.com,57,nsllist,-,-,-,-
2960,FORD DIAMOND ELEC SUPPLY,,,WEST YARMOUTH,MA,2673,,(508) 775-6192  Ext. 0000,chris@forddiamondsupply.com,56,nsllist,-,-,-,-
2961,WATTS UP,FAX: 618-242-2393,,MT. VERNON,IL,62864,,(618) 242-2396  Ext. 0000,,40,nsllist,-,-,-,-
2970,STEINER ELECTRIC (ST. CHA,,,ELK GROVE VILLAGE,IL,60007,,(630) 377-6600  Ext. 0000,APDEPT@STNR.COM,40,nsllist,-,-,-,-
2982,GREENWICH CONTEMPORARY,,132 WATER ST.,SOUTH NORWALK,CT,6854,,(203) 622-1441  Ext. 0000,,55,nsllist,-,-,-,-
2987,FERGUSON ENTER (CHERRY HILL#1029),,,HAMPTON,VA,,,(856) 489-5620  Ext. 0000,apinvoices@ferguson.com,78,nsllist,-,-,-,-
2995,STANION WHOLESALE (GREAT,,"812 S MAIN, PO DRAWER F",PRATT,KS,67124,,(620) 792-3206  Ext. 0000,,81,nsllist,-,-,-,-
3,UNITED LIGHTING SALES INC,,,RIVIERA BEACH,FL,33419,,(561) 863-3499  Ext. 0000,AP@UNITEDLIGHTINGSALES.COM,32,nsllist,-,-,-,-
300,SWIFT ELECTRICAL (ELMSFOR,,PO BOX 2368,SOUTH HACKENSACK,NJ,07606-0968,,(914) 784-0005  Ext. 0000,,80,nsllist,-,-,-,-
3006,JJS LIGHTING,,765 S. JASON STREET,DENVER,CO,80223,,(303) 777-1007  Ext. 0000,,1,nsllist,-,-,-,-
3020,KENDALL LIGHTING CENTER (SOUTH BEND),,,,,,,(574) 272-6000  Ext. 0000,accountspayable@kendallelectric.com,74,nsllist,-,-,-,-
3021,TACOMA ELEC (TACOMA),,1311 S. TACOMA WAY,TACOMA,WA,98409,,(253) 475-0540  Ext. 0000,,23,nsllist,-,-,-,-
3024,ADVENTURE LIGHTING,,,DES MOINES,IA,50314,,(515) 288-0444  Ext. 0000,invoices@adventurelighting.com,77,nsllist,-,-,-,-
3042,WESCO (METAIRIE),,,HOUSTON,TX,77040,,(504) 835-8888  Ext. 0000,US-APinvoices@wescodist.com,60,nsllist,-,-,-,-
3058,WERNER ELEC SUPPLY  (MADISON),,,,WI,54957-0668,,(608) 221-0090  Ext. 0000,apinvoices@wernerelectric.com,16,nsllist,-,-,-,-
3060,MID VALLEY LIGHTING,,,VAN NUYS,CA,91411,,(818) 786-5787  Ext. 0000,mvlighting@gmail.com,86,nsllist,-,-,-,-
3064,C.E.D. (LACONIA),,,,NH,,,(603) 527-8299  Ext. 0000,CUSTOMERSERVICE@CEDGILFORD.COM,56,nsllist,-,-,-,-
3076,US ELECTRICAL SVC (DANBUR,,,MIDDLETOWN,CT,06457-2786,,(203) 743-5578  Ext. 0000,apinvoice@usesi.com,55,nsllist,-,-,-,-
3087,STUART C. IRBY (HATTIESBURG),,,,,,,(601) 544-1611  Ext. 0000,APINVOICES@SONEPAR-US.COM,60,nsllist,-,-,-,-
3095,TWILIGHT DESIGN,,4330 SONOMA MOUNTAIN RD,SANTA ROSA,CA,95404,,(707) 570-0101  Ext. 0000,,1,nsllist,-,-,-,-
31,SMITH LIGHTING SALES,,,,,,,,asmithltg@gmail.com,31,nsllist,-,-,-,-
310114,"LIGHTING BY LAVONNE, LLC",,,LYNN HAVEN,FL,32444,,(850) 769-1232  Ext. 0000,accounting@lightingbylavonne.com,4,nsllist,-,-,-,-
3102,"MERCER ZIMMERMAN, INC",,,,,,,(402) 330-7810  Ext. 0000,bloughman@mzltg.com,77,nsllist,-,-,-,-
3104,GREEN MOUNTAIN (MORRISVILLE),,,,,,,(802) 888-7400  Ext. 0000,ap@gmes.com,56,nsllist,-,-,-,-
3105,GREEN MOUNTAIN (EAST MIDDLEBURY),,,,,,,(802) 388-1700  Ext. 0000,ap@gmes.com,56,nsllist,-,-,-,-
3106,GREEN MOUNTAIN (RED HOOK),,,,,,,(845) 758-6858  Ext. 0000,ap@gmes.com,54,nsllist,-,-,-,-
3107,GREEN MOUNTAIN (LONDONDERRY),,,,VT,05446,,(603) 421-0464  Ext. 0000,ap@gmes.com,56,nsllist,-,-,-,-
3108,"ALL LIGHTING, INC.",,,GREENFIELD,WI,53228,,(414) 529-2000  Ext. 0000,alltg@alllightinginc.com,16,nsllist,-,-,-,-
3109,GREEN MOUNTAIN (NEWPORT),,,COLCHESTER,VT,05446,,(802) 334-7963  Ext. 0000,ap@gmes.com,56,nsllist,-,-,-,-
3110,C.E.D. (CATALANO),,45449 SEVERN WAY #145,STERLING,VA,20166-8918,,(703) 534-8400  Ext. 0000,,57,nsllist,-,-,-,-
3114,E.D. SUPPLY CO (OCEAN CIT,,,SALISBURY,MD,21802-2458,,(410) 723-1600  Ext. 0000,EDSSalisbury.6675@billinginbox.com,62,nsllist,-,-,-,-
3118,REXEL (GRASS VALLEY),,,PHILADELPHIA,PA,19101,,(530) 272-2228  Ext. 0000,RexelAPinvoices@rexelusa.com,86,nsllist,-,-,-,-
31220,A.M. ELECTRIC CO. INC.,,,LOUISVILLE,KY,40217-2993,,(502) 584-7878  Ext. 0000,amelectric502@gmail.com,20,nsllist,-,-,-,-
3125,INGLEWOOD WHOLESALE ELEC.,,923 S PRAIRIE AVE.,INGLEWOOD,CA,90301,,(310) 673-4400  Ext. 0000,,86,nsllist,-,-,-,-
3135,CRESCENT ELEC (LAS VEGAS),,,LAS VEGAS,NV,89193-4225,,(702) 262-9192  Ext. 0000,apcorp@cesco.com,71,nsllist,-,-,-,-
3137,C.E.D. (JACKSON),,10771 ARGONAUT LANE,JACKSON,CA,95642,,(209) 223-1132  Ext. 0000,,86,nsllist,-,-,-,-
3140,SERVICE LIGHTING,,,MAPLE GROVE,MN,55369,,(763) 571-3001  Ext. 0000,ap@servicelighting.com,16,nsllist,-,-,-,-
3145,PJM INTL LLC,,4364 WESTERN CENTER BLVD NO. 131,FORT WORTH,TX,76137,,(214) 960-4763  Ext. 0000,enidr@pjm-intl.com,99,nsllist,-,-,-,-
3162,"LIGHTING, INC. (HOUSTON-R",,P.O. BOX 266556,HOUSTON,TX,77207,,(713) 623-6500  Ext. 0000,,1,nsllist,-,-,-,-
3168,BILLOWS ELEC (FOLSOM),,,,,,,(610) 237-7480  Ext. 0000,sonepar.invoices@sonepar-us.com,78,nsllist,-,-,-,-
318,CROWN SUPPLY CO.,,,PROVIDENCE,RI,02904,,(401) 861-6329  Ext. 0000,JLITTLE@CROWNSUPPLY.COM,56,nsllist,-,-,-,-
31815,WINDSOR SALES INC,,,AUDUBON,MN,56511,,(218) 439-6037  Ext. 0000,WINDSOR@LORETEL.NET,16,nsllist,-,-,-,-
3182,ACROPOLIS LIGHTING,,"3563 SUELDO ST, UNIT A",SAN LUIS OBISPO,CA,93401,,(805) 543-8025  Ext. 0000,,1,nsllist,-,-,-,-
3184,C.E.D. (ONTARIO),,1241 W. BROOKS STREET,ONTARIO,CA,91762,,(909) 983-2654  Ext. 0000,,86,nsllist,-,-,-,-
32,ILLUMINATION DESIGNS INC,,915-24.5 ROAD,GRAND JUNCTION,CO,81505,,(970) 255-9200  Ext. 0000,,50,nsllist,-,-,-,-
3200,AMBIANCE PARTNERS LLC,,,,,,,,jason@ambiancepartnersllc.com,32,nsllist,-,-,-,-
3203,NORTHERN LIGHTS UNLIMITED,,katie@northernlightsunlimited.com,LOVES PARK,IL,61111,,(815) 547-8224  Ext. 0000,eric@northernlightsunlimited.com,40,nsllist,-,-,-,-
3205,C.E.D. (PASO ROBLES),,2525 RIVERSIDE AVENUE,PASO ROBLES,CA,93446,,(805) 237-0202  Ext. 0000,,86,nsllist,-,-,-,-
3206,C.E.D. (DOVER),,,DOVER,NH,03820,,(603) 516-1500  Ext. 0000,customerservice@ceddover.com,56,nsllist,-,-,-,-
3213,CERTIFIED WHOLESALE ELEC.,,3653 SAN FERNANDO RD.,GLENDALE,CA,91204,,(818) 246-1635  Ext. 0000,,86,nsllist,-,-,-,-
3221,CT LIGHTING CENTER (HARTF,,,HARTFORD,CT,06114,,(860) 249-7631  Ext. 0000,AP@CTLIGHTING.COM,55,nsllist,-,-,-,-
3228,REXEL (GLENWOOD SPRINGS),,,,,,,(970) 945-8265  Ext. 0000,RexelAPinvoices@rexelusa.com,50,nsllist,-,-,-,-
3247,PLATT ELEC (RANCHO CORDOV,,,,,,,(916) 635-0181  Ext. 0000,plattap@platt.com,1,nsllist,-,-,-,-
325,QED (DENVER),,,,CO,80223-1050,,(303) 825-5011  Ext. 0000,APINVOICES@SONEPAR-US.COM,50,nsllist,-,-,-,-
3250,WESCO (SAN ANTONIO),,,LITTLE ROCK,AR,72219-2320,,(210) 341-1801  Ext. 0000,US-APinvoices@wescodist.com,90,nsllist,-,-,-,-
3254,WESCO (SALT LAKE CITY),,,SALT LAKE CITY,UT,84130,,(801) 975-0600  Ext. 0000,US-APinvoices@wescodist.com,50,nsllist,-,-,-,-
3264,LIGHTING BY DESIGN,,,EXTON,PA,19341,,(610) 524-0107  Ext. 0000,bookkeeping@lighting-by-design.com,82,nsllist,-,-,-,-
3266,GRAYBAR/4427027 (DUBLIN),,,,,,,(925) 557-3000  Ext. 0000,captivainvoice@graybar.com,86,nsllist,-,-,-,-
3270,WEST VIRGINIA ELEC (ASHLA,,,,,,,(606) 325-2266  Ext. 0000,sharon.maynard@wvsupply.com,20,nsllist,-,-,-,-
32715,C.E.S. (ASHEVILLE),,,HICKORY,NC,28601,,(828) 210-1342  Ext. 0000,piedmonttriadgroup@cityelectricsupply.com,57,nsllist,-,-,-,-
3275,MAHLANDER'S APPLIANCE & L,,P.O. BOX 2523,SIOUX FALLS,SD,57101-2523,,(605) 336-7798  Ext. 0000,,16,nsllist,-,-,-,-
3280,UNIV OF WI/BIOTRON,,2115 OBSERVATORY DR,MADISON,WI,53706,,(608) 262-4900  Ext. 0000,,1,nsllist,-,-,-,-
3286,LIGHTING UNLIMITED (PHOENIX),,,PHOENIX,AZ,85034,,(602) 230-8770  Ext. 0000,accounting@lu-az.com,71,nsllist,-,-,-,-
3288,GENERAL WHOLE/BORLAND AVE,,153 BORLAND AVENUE,AUBURN,CA,95603,,(530) 823-3100  Ext. 0000,,86,nsllist,-,-,-,-
3291,HOUSE OF LIGHTS (ROCKY MO,,,ROCKY MOUNT,NC,27804,,(252) 446-0686  Ext. 0000,lightsrm@suddenlinkmail.com,57,nsllist,-,-,-,-
3299,THE LIGHTING AGENCY NORWE,,,KIRKLAND,WA,98033,,(425) 827-2156  Ext. 0000,bill@lightingnorwest.com,23,nsllist,-,-,-,-
3313,GRAYBAR/4427027 (LITTLE R,,,ST. LOUIS,MO,63178,,(501) 376-2001  Ext. 0000,captivainvoice@graybar.com,90,nsllist,-,-,-,-
3319,BORDER STATES (AMARI,,,FARGO,ND,58108-2767,,(806) 457-4100  Ext. 0000,APINVOICES@BORDERSTATES.COM,39,nsllist,-,-,-,-
332015,DAKOTA SUPPLY (BEMIDJI),,,BEMIDJI,MN,56601,,(218) 444-3272  Ext. 0000,ap@dsginc.biz,16,nsllist,-,-,-,-
3321,LAKE COUNTY ELECTRIC,,,LAKEPORT,CA,95453,,(707) 263-7002  Ext. 0000,TITA.CROCKETT@LCESI.COM,86,nsllist,-,-,-,-
3322,VALLEY LIGHTS,,1230 38TH STREET N.W.,FARGO,ND,58102,,(701) 277-0344  Ext. 0000,,16,nsllist,-,-,-,-
3324,"SHOWCASE LTG BY 3-G, LTD.",JEFFERY DIAZ,813 E. CALTON ROAD,LAREDO,TX,78041,,(956) 717-5130  Ext. 0000,,66,nsllist,-,-,-,-
3328,RENSENHOUSE ELEC (KANSAS,,,KANSAS CITY,MO,64132,,(816) 421-7350  Ext. 0000,ap@rensenhouse.com,81,nsllist,-,-,-,-
334,SOUTHERN PIPE (OXFORD),,2616 W OXFORD LOOP,OXFORD,MS,38655,,(662) 236-1692  Ext. 0000,,60,nsllist,-,-,-,-
3345,SOUNDSTAGE,DAVID CURD,8 HALFORD DRIVE,HEATH,TX,75032-7605,,(214) 616-8102  Ext. 0000,,1,nsllist,-,-,-,-
3356,FRONTIER LTG (BRADENTON),,,BRADENTON,FL,34203,,(941) 827-0096  Ext. 0000,accap@frontierlighting.com,31,nsllist,-,-,-,-
3357,FRONTIER LTG (CLEARWATER),,,CLEARWATER,FL,33765,,(727) 447-7676  Ext. 0000,accap@frontierlighting.com,31,nsllist,-,-,-,-
3358,"SUNLAN LIGHTING, INC.",,3901 N. MISSISSIPPI AVE.,PORTLAND,OR,97227,,(503) 281-0453  Ext. 0000,,22,nsllist,-,-,-,-
336,BUTLER SUPPLY (KAISER),COLEMAN,965 HORAN DRIVE,FENTON,MO,63026,,(573) 348-3108  Ext. 0000,,81,nsllist,-,-,-,-
3375,DULLES ELECTRIC & SUPPLY,,22570 SHAW RD. #150,STERLING,VA,20166,,(703) 450-5700  Ext. 0000,,57,nsllist,-,-,-,-
3378,UNITED ELECTRIC (NEW CAST,,,WILMINGTON,DE,19850,,(302) 324-3238  Ext. 0000,AP@UNITEDELECTRIC.COM,82,nsllist,-,-,-,-
3380,CONSERVE-A-WATT LIGHTING,,P.O. BOX 40279,DENVER,CO,80204,,(303) 629-0066  Ext. 0000,,50,nsllist,-,-,-,-
3384,POSITIVE ELECTRIC,,75 CHADBOURNE AVE,MILLBRAE,CA,94030,,(650) 692-6425  Ext. 0000,,1,nsllist,-,-,-,-
339,MORRISON SUPPLY (MIDLAND),,,MIDLAND,TX,79703-6232,,(432) 520-0242  Ext. 0000,svanhoff@morsco.com,39,nsllist,-,-,-,-
3399,GALDIERI ELECTRICAL DIST,637 LUZERNE ST.,,SCRANTON,PA,18504,,(570) 343-5868  Ext. 0000,,82,nsllist,-,-,-,-
34,"CLASSIC KITCHENS, INC.",,201 W. WILSHIRE BLVD,OKLAHOMA CITY,OK,73116,,(405) 755-5822  Ext. 0000,,39,nsllist,-,-,-,-
3401,WESCO (GILETTE),,,GILETTE,WY,82716,,(307) 687-0014  Ext. 0000,US-APinvoices@wescodist.com,50,nsllist,-,-,-,-
3404,VIKING ELEC (WAUSAU),,,,,,,(715) 845-7312  Ext. 0000,APINVOICES@SONEPAR-US.COM,16,nsllist,-,-,-,-
3407,R.J. ELECTRONICS,,4533 JEFFERSON ST. N.E.,COLUMBIA HEIGHT,MN,55421,,(612) 308-0011  Ext. 0000,,1,nsllist,-,-,-,-
3409,RUMSEY / TECOT ELEC (WILMINGTON),,,CONSHOHOCKEN,PA,19428,,(302) 651-9076  Ext. 0000,apinvoices@rumsey.com,82,nsllist,-,-,-,-
3411,BEFFEL LIGHTING COMPANY,,208 S. JACKSON STREET,JACKSON,MI,49201,,(517) 782-3715  Ext. 0000,,64,nsllist,-,-,-,-
3432,VIKING ELEC (EAU CLAIRE),,,,,,,(715) 234-3003  Ext. 0000,APINVOICES@SONEPAR-US.COM,16,nsllist,-,-,-,-
3439,NORTHERN LIGHTS (OAKDALE),,220 EAST F STREET,OAKDALE,CA,95361,,(209) 848-3330  Ext. 0000,,86,nsllist,-,-,-,-
3448,JACK MAISTER-FRMR REP,,3000 WHITNEY AVENUE #261,HAMDEN,CT,06518,,(203) 605-4800  Ext. 0000,maisterassoc@aol.com,55,nsllist,-,-,-,-
346,SOUTHERN PIPE (NATCHEZ),407 LIBERTY RD,,NATCHEZ,MS,39120,,(601) 446-8388  Ext. 0000,,60,nsllist,-,-,-,-
3463,MORRISON & ASSOCIATES LLC,KEVIN,1395 CHAPIN AVENUE,BIRMINGHAM,MI,48009,,(248) 763-0705  Ext. 0000,,64,nsllist,-,-,-,-
3467,WERNER ELEC SUPPLY  (NEENAH),,,NEENAH,WI,54957,,(920) 729-4500  Ext. 0000,apinvoices@wernerelectric.com,16,nsllist,-,-,-,-
348,VALDOSTA LIGHTING CENTER,TOM / BUBBA,P.O. BOX 2736,VALDOSTA,GA,31601,,(229) 247-1526  Ext. 0000,,4,nsllist,-,-,-,-
3482,ALL-PHASE (LANSING),,,LANSING,MI,48911,,(517) 394-1461  Ext. 0000,KTEICHMAN@ALL-PHASELANSING.COM,64,nsllist,-,-,-,-
3487,PEER LIGHTING,,201 TOLAND STREET,SAN FRANCISCO,CA,94124,,(415) 206-0689  Ext. 0000,,86,nsllist,-,-,-,-
3490,CRESCENT ELEC (SIOUX FALL,,,SIOUX FALLS,SD,57118-5007,,(605) 336-2040  Ext. 0000,apcorp@cesco.com,16,nsllist,-,-,-,-
3491,ROBINSON ELECTRIC SUPPLY (FOREST),,P.O. BOX 1540,FOREST,MS,39074-1540,,(601) 469-1332  Ext. 0000,,60,nsllist,-,-,-,-
3498,RIVERSIDE LTG & ELECTRIC,,300 SOQUEL AVENUE,SANTA CRUZ,CA,95062-2387,,(831) 423-7411  Ext. 0000,,86,nsllist,-,-,-,-
3512,WESTERN EXT (N KANSAS CIT,,,KANSAS CITY,MO,64102-1018,,(816) 421-5888  Ext. 0000,APINVOICES@BORDERSTATES.COM,81,nsllist,-,-,-,-
3515,BORDER STATES (LAWRENCE),,,KANSAS CITY,MO,64102,,,APINVOICES@BORDERSTATES.COM,81,nsllist,-,-,-,-
3521,WESTERN EXT (TOPEKA),,,KANSAS CITY,MO,64102-1018,,(785) 266-3541  Ext. 0000,APINVOICES@BORDERSTATES.COM,81,nsllist,-,-,-,-
3522,LBU (W PALM B,,TiffanyRubiano@lbugroup.com,,FL,33409,,(561) 478-3020  Ext. 0000,MichaelBartis@lbugroup.com,32,nsllist,-,-,-,-
3532,PKL MANUFACTURERS REPS,,8712 BAYBERRY PLACE,LOUISVILLE,KY,40242,,(502) 423-7475  Ext. 0000,pat@sourceltg.com,20,nsllist,-,-,-,-
3543,NATIONWIDE/MOHEGAN ELEC,,333 N BEDFORD RD. #120,MOUNT KISCO,NY,10549,,(914) 666-3700  Ext. 0000,,80,nsllist,-,-,-,-
3557,MCMASTER-CARR (ELMHURST),,,CHICAGO,IL,60680,,(630) 833-0300  Ext. 0000,invoices@mcmaster.com,40,nsllist,-,-,-,-
3565,US ELECTRICAL SVC (MANCHE,,,MIDDLETOWN,CT,06457-2786,,(860) 643-6400  Ext. 0000,apinvoice@usesi.com,55,nsllist,-,-,-,-
3568,CLEVELAND LIGHTING CENTER,,5540 MAYFIELD ROAD,LYNDHURST,OH,44124,,(440) 461-9081  Ext. 0000,,75,nsllist,-,-,-,-
3569,REXEL BRANCH (UPP MARLB  MD),,,PHILADELPHIA,PA,19101,,(301) 249-5005  Ext. 0000,RexelAPinvoices@rexelusa.com,62,nsllist,-,-,-,-
3573,C.E.D. (WICHITA),C.E.D. (WICHITA),1134 N. WASHINGTON ST.,WICHITA,KS,67214,,,,81,nsllist,-,-,-,-
3598,CHARLESTON LTG (CHARLESTO,,,CHARLESTON,SC,29417,,(843) 766-3055  Ext. 0000,ACCOUNTING@CHLI.BIZ,57,nsllist,-,-,-,-
35999,WERNER ELEC SUPPLY  (KENOSHA),,,APPLETON,WI,54912,,(262) 997-6225  Ext. 0000,apinvoices@wernerelectric.com,16,nsllist,-,-,-,-
3602,NORTH COAST ELEC (EVERETT,,,SEATTLE,WA,98124-1121,,(425) 259-7263  Ext. 0000,APINVOICES@SONEPAR-US.COM,23,nsllist,-,-,-,-
3608,MCMASTER-CARR (ATLANTA),,,CHICAGO,IL,60680,,(404) 349-9700  Ext. 0000,invoices@mcmaster.com,4,nsllist,-,-,-,-
3613,ACCENT LIGHTING GALLERIES,,15794 SW BOONES FERRY RD,LAKE OSWEGO,OR,97035,,(503) 699-9995  Ext. 0000,,22,nsllist,-,-,-,-
3619,SONEPAR USA (BERLIN),,,MAITLAND,FL,32794-5650,,(410) 208-0800  Ext. 0000,APINVOICES@SONEPAR-US.COM,62,nsllist,-,-,-,-
3638,GOOD FRIEND ELECTRIC,,325 ROUTE 72 EAST,MANAHAWKIN,NJ,8050,,(609) 978-9100  Ext. 0000,,78,nsllist,-,-,-,-
364,DEALERS ELEC (WACO),,,WACO,TX,76701,,(254) 756-3716  Ext. 0000,gbrace@dealerselectrical.com,66,nsllist,-,-,-,-
3649,PATDO LIGHT STUDIO,,25 S. REGENT STREET,PORT CHESTER,NY,10573,,(914) 937-6707  Ext. 0000,monika@patdolight.com,80,nsllist,-,-,-,-
365,DISCOUNT PLUMBING (FRANKL,,,FRANKLIN,TN,37064,,(615) 794-1068  Ext. 0000,DISCOUNTPE@COMCAST.NET,20,nsllist,-,-,-,-
3663,CRAWFORD SONEPAR AP (DALL,,,MAITLAND,FL,32794-5650,,(972) 869-3633  Ext. 0000,APINVOICES@SONEPAR-US.COM,39,nsllist,-,-,-,-
3666,C.E.D. (DANBURY),,15 OLD SHERMAN TURNPIKE,DANBURY,CT,6810,,(203) 744-3605  Ext. 0000,,55,nsllist,-,-,-,-
3668,DELANDE SUPPLY CO. (PEABODY),58 Pulaski Street,,Peabody,MA,01960-7707,,(978) 532-5850  Ext. 0000,,56,nsllist,-,-,-,-
368,SUN LIGHTING (TEMPE),,,TOUSAN,AZ,85711,,(480) 921-0331  Ext. 0000,grace@sunlighting.net,68,nsllist,-,-,-,-
3682,ELECTRICAL SUPP (MILFORD),,,MILFORD,NH,3055,,(603) 672-1200  Ext. 0000,phiott@esmilford.com,56,nsllist,-,-,-,-
3684,"REXEL USA, INC (MAYER-TAMPA)",,,NEWNAN,GA,30271,,(813) 293-5809  Ext. 0000,APINVOICES@MAYERELECTRIC.COM,31,nsllist,-,-,-,-
3697,LANDSCAPE LIGHTING CO.,,13050 MIDDLETOWN IND BLVD,LOUISVILLE,KY,40223,,(502) 245-0720  Ext. 0000,,20,nsllist,-,-,-,-
3702,PHOEBUS LIGHTING,,2800 THIRD ST.,SAN FRANCISCO,CA,94107,,(415) 550-0770  Ext. 0000,,86,nsllist,-,-,-,-
371,LA CUCARACHA DE TUBAC,,PO BOX 1351,TUBAC,AZ,85646-1351,,(520) 398-3165  Ext. 0000,,68,nsllist,-,-,-,-
3715,C.E.S. (ALEXANDRIA),,,,,,,(703) 214-6854  Ext. 0000,virginiacentralgroup@cityelectricsupply.com,62,nsllist,-,-,-,-
3717,"REXEL USA, INC (MAYER-COLUMBUS)",,,NEWNAN,GA,30271,,(706) 327-2689  Ext. 0000,APINVOICES@MAYERELECTRIC.COM,4,nsllist,-,-,-,-
3718,DISCOUNT PLUMBING (COLUMB,,,FRANKLIN,TN,37064,,(931) 388-8467  Ext. 0000,DISCOUNTPE@COMCAST.NET,20,nsllist,-,-,-,-
3751,ON THE INSIDE/JERRI KUNZ,,2512 ENFIELD RD,AUSTIN,TX,78703,,(512) 474-8005  Ext. 0000,,66,nsllist,-,-,-,-
3771,MCNAUGHTON-MCKAY (MADISON,,,MADISON HEIGHTS,MI,48071,,(248) 582-2328  Ext. 0000,MI_acctspay@mc-mc.com,64,nsllist,-,-,-,-
3781,ECHO ELECTRIC (OMAHA),,,OMAHA,NE,68144,,(402) 330-9995  Ext. 0000,ap@echogroupinc.com,77,nsllist,-,-,-,-
3783,REXEL (LINTHICUM),,,PHILADELPHIA,PA,19101,,(410) 636-2100  Ext. 0000,RexelAPinvoices@rexelusa.com,62,nsllist,-,-,-,-
3787,CRESCENT ELEC (MILWAUKEE),,,MILWAUKEE,WI,53214-1140,,(414) 774-9474  Ext. 0000,apcorp@cesco.com,16,nsllist,-,-,-,-
3788,CRESCENT ELEC (DEKALB),,,DEKALB,IL,60115,,(815) 756-4868  Ext. 0000,apcorp@cesco.com,40,nsllist,-,-,-,-
379,MORGAN ELECTRIC (SAN RAMO,,18120 BOLLINGER CANYON RD,SAN RAMON,CA,94583,,(925) 837-1957  Ext. 0000,,86,nsllist,-,-,-,-
3790,"VALLEY LIGHTING, LLC",,,LINTHICUM,MD,21090-1321,,(410) 636-6010  Ext. 0000,ap@valleylighting.com,62,nsllist,-,-,-,-
3819,AMERICAN WHOLESALE LTG,,1725 RUTAN DRIVE,LIVERMORE,CA,94551,,(510) 252-1088  Ext. 0000,,86,nsllist,-,-,-,-
3834,ALL-PHASE (SOUTH BEND),,1385 N BENDIX DR,SOUTH BEND,IN,46628,,(574) 282-2585  Ext. 0000,,74,nsllist,-,-,-,-
3838,CRESCENT LTG (KIRK/120TH,,,KIRKLAND,WA,98033,,(425) 889-4400  Ext. 0000,ap@mycrescentlighting.com,23,nsllist,-,-,-,-
3840,MADISON LIGHTING,,,MADISON,WI,53719,,(608) 271-6911  Ext. 0000,MJGenna@madisonlighting.com,16,nsllist,-,-,-,-
3861,THE SOUND SHOP,,4546 BOARDMAN-CANFIELD RD,CANFIELD,OH,44406,,(330) 702-8191  Ext. 0000,,1,nsllist,-,-,-,-
3880,LANDSCAPE LIGHTING CONNEC,,4681 S. VALLEY VIEW BLVD.,LAS VEGAS,NV,89103,,(702) 262-6333  Ext. 0000,,68,nsllist,-,-,-,-
391,DESIGN LIGHTING CONSULTAN,,,MIAMI,FL,33155,,(305) 665-6100  Ext. 0000,terri@designlighting.com,32,nsllist,-,-,-,-
3936,BAYSHORE SUPPLY,,,SAN CARLOS,CA,94070,,(650) 596-8899  Ext. 0000,connie@bayshoresupply.com,86,nsllist,-,-,-,-
3946,UNITED LIGHTING ELECTRIC,60 Hoffman Ave,,Hauppauge,NY,11788,,(631) 499-6664  Ext. 0000,,80,nsllist,-,-,-,-
3962,DOMINION ELEC (LEESBURG),,,ARLINGTON,VA,22207,,(703) 777-1555  Ext. 0000,vendorinvoices@dominionelectric.com,57,nsllist,-,-,-,-
3997,KENDALL ELEC (CINCINN,,,CINCINNATI,OH,45241,,(513) 771-2550  Ext. 0000,accountspayable@kendallelectric.com,75,nsllist,-,-,-,-
4000,SONEPAR USA (WILLIAMS-CLS,,,MAITLAND,FL,32794,,(757) 253-1440  Ext. 0000,APINVOICES@SONEPAR-US.COM,57,nsllist,-,-,-,-
4008,SPRINGFIELD ELEC (BLOOMIN,,,SPRINGFIELD,IL,62708-4107,,(309) 663-5331  Ext. 0000,sescoap@springfieldelectric.com,40,nsllist,-,-,-,-
4009,LIGHTING CONCEPTS,,,TRUSSVILLE,AL,35173,,(205) 655-7285  Ext. 0000,patrick.lightingconcepts@gmail.com,4,nsllist,-,-,-,-
4016,FACTORY LIGHTING CENTER,,3939 INDIAN RIPPLE ROAD,BEAVERCREEK,OH,45440,,(937) 426-0995  Ext. 0000,,75,nsllist,-,-,-,-
4020,CLASSIC OPENINGS,,3500 KIM DRIVE,IRVING,TX,75061,,(972) 399-0777  Ext. 0000,,1,nsllist,-,-,-,-
4022,SHEPHERD ELEC (BALTIMORE),,,BALTIMORE,MD,21237,,(410) 866-6000  Ext. 0000,accountspayable@shepherdelec.com,62,nsllist,-,-,-,-
4023,SHEPHERD ELEC (FREDERICK),,,BALTIMORE,MD,21237,,(301) 644-0400  Ext. 0000,accountspayable@shepherdelec.com,62,nsllist,-,-,-,-
403,"REXEL USA, INC (MAYER-MONTGOMERY)",,,NEWNAN,GA,30271,,(334) 271-8990  Ext. 0000,APINVOICES@MAYERELECTRIC.COM,4,nsllist,-,-,-,-
404,PROLIGHTING.COM,,53400 GRAND RIVER AVE,NEW HUDSON,MI,48165,,(877) 852-9373  Ext. 0000,accounting@prolighting.com,1,nsllist,-,-,-,-
4040,TED TURNER COMPANY INC.,,6403-D AMMENDALE RD.,BELTSVILLE,MD,20705,,(301) 595-3091  Ext. 0000,,62,nsllist,-,-,-,-
4043,US ELECTRICAL SVC (GLOUCE,,,MIDDLETOWN,CT,06457-2786,,(978) 281-1933  Ext. 0000,apinvoice@usesi.com,56,nsllist,-,-,-,-
4047,FASHION LIGHT CENTER,,,GREENWICH,CT,6830,,(203) 869-3098  Ext. 0000,invoices@flcselect.com,55,nsllist,-,-,-,-
4055,N.E.O. ELECTRICAL SUPPLY,,,CHARDON,OH,44024,,(440) 286-6600  Ext. 0000,janetfrazer@neoele.com,75,nsllist,-,-,-,-
4070,ELLIOTT ELEC (DRIPPING SPRINGS),,,,,,,(737) 317-5073  Ext. 0000,apinvoices@elliottelectric.com,66,nsllist,-,-,-,-
4079,ELLIOTT ELEC (BOSSIER CIT,,,NACOGDOCHES,TX,75963-0610,,(318) 746-5712  Ext. 0000,apinvoices@elliottelectric.com,60,nsllist,-,-,-,-
4083,LIGHTING & BULBS,fax: 800-819-9700,,THOUSAND OAKS,CA,91360,,(805) 370-1172  Ext. 0000,,86,nsllist,-,-,-,-
4120,BESCO ELECTRIC SUPPLY CO (MOUNT DORA),,,MOUNT DORA,FL,32757,,(352) 589-0300  Ext. 0000,Besmountdora.4949@billinginbox.com,31,nsllist,-,-,-,-
4121,BESCO ELECTRIC SUPPLY CO (LEESBURG),,,,,,,(352) 787-4542  Ext. 0000,BESLEESBURG.4125@BILLINGINBOX.COM,31,nsllist,-,-,-,-
4148,EIGHTH AVENUE LIGHTING,,545 8TH AVE.,NEW YORK,NY,10018,,(212) 279-1323  Ext. 0000,,80,nsllist,-,-,-,-
4152,FOOTHILLS LIGHTING/DESIGN,,927 LINCOLN WAY,AUBURN,CA,95603,,(530) 889-1485  Ext. 0000,,86,nsllist,-,-,-,-
41525,"XTRA LITE LIGHTING, LLC",,,,,,,(601) 639-1881  Ext. 0000,accounting@xtralitelighting.com,60,nsllist,-,-,-,-
4157,GRAYBAR/4427027 (DAYTON),,,ST LOUIS,MO,63178,,(937) 461-5340  Ext. 0000,captivainvoice@graybar.com,75,nsllist,-,-,-,-
4161,HEIGHTS LIGHTS & THINGS,,2515 HARVARD ST.,HOUSTON,TX,77008,,(713) 861-0607  Ext. 0000,,66,nsllist,-,-,-,-
4162,"EXCEL LIGHTING & ELECTRICAL SUPPLY COMPANY, INC",,2667 E. 8 MILE ROAD,WARREN,MI,48091,,(586) 693-3435  Ext. 0000,,64,nsllist,-,-,-,-
417,FARREY'S WHOLESALE HARDWA,,,MIAMI,FL,33261,,(305) 947-5451  Ext. 0000,ap@farreys.com,32,nsllist,-,-,-,-
4178,S & A SUPPLY (GREAT BARRI,,275 WAGARAW RD,HAWTHORNE,NJ,7506,,(413) 528-3470  Ext. 0000,USGAP@USGINC.COM,55,nsllist,-,-,-,-
4181,PLATT ELEC (VANCOUVER),,,,,,,(360) 699-4833  Ext. 0000,plattap@platt.com,23,nsllist,-,-,-,-
4183,US ELECTRICAL SVC (MERIDE,,,MIDDLETOWN,CT,06457-2786,,(203) 237-8944  Ext. 0000,apinvoice@usesi.com,55,nsllist,-,-,-,-
4202,S & A SUPPLY (PITTSFIELD),CORY GALUP,275 WAGARAW RD,HAWTHONRE,NJ,7506,,(413) 443-9681  Ext. 0000,,55,nsllist,-,-,-,-
4207,CRESCENT ELEC (ELK GROVE,,,ELK GROVE VLG,IL,60007-5412,,(847) 290-8899  Ext. 0000,apcorp@cesco.com,40,nsllist,-,-,-,-
4213,CRESCENT ELEC (ROCKDALE),,,JOLIET,IL,60434-2128,,(815) 725-3020  Ext. 0000,apcorp@cesco.com,40,nsllist,-,-,-,-
4225,"REXEL USA, INC (MAYER -BIRMINGHAM)",,,,,,,(205) 583-3400  Ext. 0000,APINVOICES@MAYERELECTRIC.COM,4,nsllist,-,-,-,-
4229,LITEWORKS,,,CAPE CORAL,FL,33914,,(239) 770-4192  Ext. 0000,MARKB@LITEWORKSLIGHTING.COM,32,nsllist,-,-,-,-
4237,FARREY'S (COCONUT GROVE),,,MIAMI,FL,33261,,(305) 445-2244  Ext. 0000,ap@farreys.com,32,nsllist,-,-,-,-
4238,CALIFORNIA ELEC. SUPPLY,,P.O. BOX 730,SANTA MARIA,CA,93458,,(805) 925-9585  Ext. 0000,,86,nsllist,-,-,-,-
4239,C.E.D. (BOWLING GREEN),,1390 CAMPBELL LANE,BOWLING GREEN,KY,42102-6178,,(270) 781-2229  Ext. 0000,,20,nsllist,-,-,-,-
4248,LIGHTING & WATERCON SUPPL,,P.O. BOX 2682,SARATOGA,CA,95070,,(408) 725-0320  Ext. 0000,,86,nsllist,-,-,-,-
4251,C.E.D./MILLER ELECTRIC,,3209 ALTA MERE RD.,FT WORTH,TX,76116,,(817) 923-1983  Ext. 0000,,39,nsllist,-,-,-,-
42525,C.E.S. (NANTUCKET),,,,,,,(774) 333-5986  Ext. 0000,capeandislands@concordelectricsupply.com,56,nsllist,-,-,-,-
4264,C.E.D. (SAVANNAH),,,,GA,31405,,(912) 232-8999  Ext. 0000,dejuanah@cedsav.com,4,nsllist,-,-,-,-
4269,"REXEL USA, INC (MAYER-PELHAM)",,,NEWNAN,GA,30271,,(205) 988-8942  Ext. 0000,APINVOICES@MAYERELECTRIC.COM,4,nsllist,-,-,-,-
4272,LIGHTOLOGY,LAURENTIU,1718 W. FULLERTON,CHICAGO,IL,60614,,(312) 642-1586  Ext. 0000,,40,nsllist,-,-,-,-
4273,LBU (N. MIAMI,,,N. MIAMI BEACH,FL,33162,,(305) 949-4563  Ext. 0000,lbunmbap@lbugroup.com,32,nsllist,-,-,-,-
4281,RAY OF LIGHT,,,SANTA FE,NM,87507,,(505) 474-6268  Ext. 0000,rayslights@yahoo.com,72,nsllist,-,-,-,-
430,STATE ELECTRIC (CHRISTIAN,,,HUNTINGTON,WV,25703,,(540) 382-6415  Ext. 0000,AP@STATEELECTRIC.COM,57,nsllist,-,-,-,-
4303,ARIZONA ELECTRIC SUPPLY,,807 W. BROADWAY RD.,MESA,AZ,85210,,(480) 834-8050  Ext. 0000,,71,nsllist,-,-,-,-
4307,ANIXTER POWER SUPPLY (PHOENIX - WESCO),,,PHOENIX,AZ,85008,,(602) 275-8521  Ext. 0000,Kyle.Murphy@anixter.com,71,nsllist,-,-,-,-
431,POLESTAR DISTRIBUTORS,,14824 E HINSDALE AVE,ENGLEWOOD,CO,80112,,(303) 680-5800  Ext. 0000,,50,nsllist,-,-,-,-
4311,MASTERS LIGHTING,,,PORT ORANGE,FL,32129,,(386) 304-2600  Ext. 0000,masterselectricinc@gmail.com,31,nsllist,-,-,-,-
4332,C.E.D. (ELLSWORTH) /GILMAN ELECTRIC,,,ELLSWORTH,ME,4605,,(207) 667-6166  Ext. 0000,anoddin@gilells.com,56,nsllist,-,-,-,-
4337,C.E.D. (SHREVEPORT),,1553 WILKINSON ST.,SHREVEPORT,LA,71103,,(318) 222-3600  Ext. 0000,,60,nsllist,-,-,-,-
4338,C.E.D. (SOUTH BEND),,,,,,,(574) 282-2731  Ext. 0000,jjones@cedsouthbend.com,74,nsllist,-,-,-,-
4339,"ALL SALE ELECTRIC, INC",,,,CA,91304,,(818) 715-0181  Ext. 0000,AP@allsale.com,86,nsllist,-,-,-,-
4356,CRESCENT ELEC (MURFREESBO,,,MURFREESBORO,TN,37129-5600,,(615) 890-9554  Ext. 0000,apcorp@cesco.com,20,nsllist,-,-,-,-
4357,ARROW ELEC (ELKTON),,,BEL AIR,MD,21014,,(410) 620-9600  Ext. 0000,nfender@arrowelectricalsupply.com,62,nsllist,-,-,-,-
4371,VIKING ELEC (LACROSSE),,,,,,,(608) 796-1761  Ext. 0000,APINVOICES@SONEPAR-US.COM,16,nsllist,-,-,-,-
4377,PLATT ELEC (HOOD RIVER),,,,,,,(541) 386-1344  Ext. 0000,plattap@platt.com,22,nsllist,-,-,-,-
4386,HORIZON SOLUTIONS CORP.,,293 TARGET INDUSTRIAL CIR,BANGOR,ME,4401,,(207) 942-7357  Ext. 0000,,56,nsllist,-,-,-,-
439,LIGHT WORKS OF STEAMBOAT,,1890 LOGGERS LANE UNIT C,STEAMBOAT,CO,80487,,(970) 879-3905  Ext. 0000,,50,nsllist,-,-,-,-
4407,MURRAY LIGHTING CO. INC,,,DETROIT,MI,48221,,(313) 341-0416  Ext. 0000,murraylighting12@yahoo.com,64,nsllist,-,-,-,-
4412,ADKINS LIGHTING CENTER,MARK EDWARDS,8280 MIDLOTHIAN TURNPIKE,RICHMOND,VA,23235,,(804) 272-7503  Ext. 0000,,57,nsllist,-,-,-,-
4417,VIKING LIGHTING (LAKE HAV,,1952 MESQUITE AVE. #101,LAKE HAVASU CIT,AZ,86403,,(928) 855-1091  Ext. 0000,,68,nsllist,-,-,-,-
4420,DEALERS ELEC (AUSTIN),P.O. Box 150293,,AUSTIN,TX,78715,,(512) 892-5910  Ext. 0000,,66,nsllist,-,-,-,-
4421,C.E.S. (ROCKLEDGE),,,ORLANDO,FL,32910,,(321) 639-2161  Ext. 0000,fl.ap@cityelectricsupply.com,31,nsllist,-,-,-,-
4422,C.E.S. (ROCK HILL),,,,,,,(803) 327-1316  Ext. 0000,CharlotteSouthGroup@cityelectricsupply.com,57,nsllist,-,-,-,-
4425,ANGELA WOODS INTERIORS,,,,,,,,awoodsinteriors@gmail.com,57,nsllist,-,-,-,-
4428,US ELECTRICAL SVC (GUILFO,,,MIDDLETOWN,CT,06457-2786,,(203) 453-9537  Ext. 0000,apinvoice@usesi.com,55,nsllist,-,-,-,-
4429,US ELECTRICAL SVC (HARTFORD),,,MIDDLETOWN,CT,06457-2786,,(860) 548-3567  Ext. 0000,apinvoice@usesi.com,55,nsllist,-,-,-,-
4431,SONEPAR USA (CHAMBERSBURG,,PO BOX 945650,MAITLAND,FL,32794-5650,,(717) 264-4631  Ext. 0000,APINVOICES@SONEPAR-US.COM,82,nsllist,-,-,-,-
445,GRANITE CITY (PLAINFIELD),,,QUINCY,MA,02269-9189,,(860) 889-8456  Ext. 0000,Invoices@gcecorp.com,55,nsllist,-,-,-,-
446,ECKART LLC (CORYDON),,,CORYDON,IN,47112,,(812) 738-3232  Ext. 0000,ap@eckart.com,74,nsllist,-,-,-,-
447,ECKART LLC (LEXINGTON),,,,,,,(859) 303-8520  Ext. 0000,ap@eckart.com,20,nsllist,-,-,-,-
448,ECKART LLC (LEBANON),,,,,,,(866) 800-8002  Ext. 0000,ap@eckart.com,74,nsllist,-,-,-,-
449,ECKART LLC (EVANSVILLE),,,,,,,(812) 901-1310  Ext. 0000,ap@eckart.com,74,nsllist,-,-,-,-
4512,C.E.D. (BAKERSFIELD),301 ESPEE ST SUITE A,,BAKERSFIELD,CA,93301,,(661) 327-8501  Ext. 0000,,86,nsllist,-,-,-,-
4522,C.E.D. (CARLSBAD),,,,,,,(760) 438-9691  Ext. 0000,customerservice@cedcarlsbad.com,86,nsllist,-,-,-,-
4531,NOTOCO INDUSTRIES (BATON,,,BATON ROUGE,LA,70816,,(225) 292-1303  Ext. 0000,pwhite@notocoind.com,60,nsllist,-,-,-,-
4535,GREEN MOUNTAIN (ST. JOHNS,,,COLCHESTER,VT,05446,,(802) 748-1717  Ext. 0000,ap@gmes.com,56,nsllist,-,-,-,-
454,DISCOUNT LIGHTING CO.,JIM/DEBBIE,9555 OWENSMOUTH AVE #14,CHATSWORTH,CA,91311,,(818) 775-9785  Ext. 0000,,86,nsllist,-,-,-,-
4543,UNITED ELECTRIC (CHINO),,,CHINO,CA,91710,,(909) 393-4700  Ext. 0000,AP@UNITEDELECTRIC.COM,86,nsllist,-,-,-,-
455,SEATTLE LTG/DOLAN (PORTLA,,,PORTLAND,OR,97209,,(503) 221-1919  Ext. 0000,billings@dolanco.com,22,nsllist,-,-,-,-
4583,C.E.D. (FRESNO),,1420 N. CLARK STREET,FRESNO,CA,93703,,(559) 268-6464  Ext. 0000,,86,nsllist,-,-,-,-
4623,WALTERS WHOLE (LONG BEACH),,,,CA,90809-1299,,(562) 436-2452  Ext. 0000,apinvoice@usesi.com,86,nsllist,-,-,-,-
463,BENFIELD ELEC (WHITE PLAINS),25 LAFAYETTE AVE,,WHITE PLAINS,NY,10603,,(914) 948-6660  Ext. 0000,,80,nsllist,-,-,-,-
4631,THE LIGHTING STUDIO (DENV,,,DENVER,CO,80204,,(303) 595-0900  Ext. 0000,AP@THELIGHTINGSTUDIO.COM,50,nsllist,-,-,-,-
465,BENFIELD ELEC (PATTERSON),BENFIELD ELEC (PATTERSON),,WHITE PLAINS,NY,10603,,(845) 878-2000  Ext. 0000,,80,nsllist,-,-,-,-
4651,UNITED ELECTRIC (WALDORF),,,WILMINGTON,DE,19850,,(301) 843-0990  Ext. 0000,AP@UNITEDELECTRIC.COM,62,nsllist,-,-,-,-
4662,C.E.D. (NORTH HOLLYWOOD),,6930 TUJUNGA AVENUE,NORTH HOLLYWOOD,CA,91605,,(818) 980-4050  Ext. 0000,,86,nsllist,-,-,-,-
4680,DESERT ELECTRIC SUPPLY,,PO BOX 13190,PALM DESERT,CA,92255-3190,,(760) 327-1146  Ext. 0000,,1,nsllist,-,-,-,-
4727,PLATT ELEC (SACRAMENTO),,,,,,,(000) 000-0000  Ext. 0000,plattap@platt.com,86,nsllist,-,-,-,-
4740,FIRST LIGHT (TULSA),,,TULSA,OK,74147-2153,,(918) 627-5483  Ext. 0000,kharrington@firstlighttulsa.com,39,nsllist,-,-,-,-
4756,HUNT ELECTRIC (GREENSBORO,,P.O. BOX 2440,BURLINGTON,NC,27216,,(336) 275-0731  Ext. 0000,,57,nsllist,-,-,-,-
476,PEPCO (EASTLAKE),,,,,,,(330) 535-3790  Ext. 0000,ap.invoices@pepconet.com,75,nsllist,-,-,-,-
4772,CITY LIGHTS(SAN FRAN-1585,,,SAN FRANCISCO,CA,94103,,(415) 863-2020  Ext. 0000,Ap@citylightssf.com,86,nsllist,-,-,-,-
4785,C.E.D. (SAN JOSE),,255 COMMERCIAL STREET,SAN JOSE,CA,95112,,(408) 297-2200  Ext. 0000,,86,nsllist,-,-,-,-
4795,REXEL (SAN DIEGO),,,,,,,(858) 636-4400  Ext. 0000,RexelAPinvoices@rexelusa.com,86,nsllist,-,-,-,-
4805,MALTBY ELECTRIC SUPPLY CO (SAN RAFAEL),336 7TH ST,,SAN FRANCISCO,CA,94103,,(415) 453-8300  Ext. 0000,,86,nsllist,-,-,-,-
4809,FERGUSON ENTER (GREENVILL,,,HAMPTON,VA,23670,,(864) 288-0281  Ext. 0000,apinvoices@ferguson.com,57,nsllist,-,-,-,-
481,CRESCENT ELEC (PORTLAND),,,PORTLAND,OR,97228-5547,,(503) 222-4000  Ext. 0000,apcorp@cesco.com,22,nsllist,-,-,-,-
4811,CALIFORNIA ELECTRIC SUPPL,,P.O. BOX 4008,SANTA BARBARA,CA,93140,,(805) 962-9114  Ext. 0000,,73,nsllist,-,-,-,-
4819,LYDIA'S,,,EAU CLAIRE,WI,54701,,(715) 552-0400  Ext. 0000,LYDIAS@LYDIASGALLERY.COM,16,nsllist,-,-,-,-
484,"SWAN SUPPLY, INC.",KATHY,1831 E 73RD AVE #A,DENVER,CO,80229,,(303) 287-4332  Ext. 0000,,50,nsllist,-,-,-,-
4841,INDEPENDENT ELEC (SANTA R,,,SANTA ROSA,CA,95401,,(707) 577-7900  Ext. 0000,APINVOICES@SONEPAR-US.COM,86,nsllist,-,-,-,-
4888,COMMERCIAL LIGHTING SUPP.,,1967 W. 9TH STREET,RIVIERA BEACH,FL,33404-6425,,(561) 844-8900  Ext. 0000,,31,nsllist,-,-,-,-
4896,C.E.D. (TRUCKEE),,,,,,,(530) 582-9911  Ext. 0000,AP@cedtruckee.com,86,nsllist,-,-,-,-
4905,C.E.D./DAHL LGT SHOWROOM,,,SANTA FE,NM,87507,,(505) 471-7272  Ext. 0000,dessantafe.7725@billinginbox.com,72,nsllist,-,-,-,-
4906,C.E.S. (CHARLOTTE),,,,,,,(704) 295-0290  Ext. 0000,charlottewest@cityelectricsupply.com,57,nsllist,-,-,-,-
4907,HOUSE OF LIGHTS (SANFORD),,,SANFORD,NC,27332,,(919) 774-1044  Ext. 0000,HOLNC2611@GMAIL.COM,57,nsllist,-,-,-,-
4909,CAPITAL ELECTRIC (TIMONIUM),,,MAITLAND,FL,32794-5650,,(410) 252-7020  Ext. 0000,APINVOICES@SONEPAR-US.COM,62,nsllist,-,-,-,-
4912,W.T.'S ELECTRIC CITY INC,,1013 MT. VERNON DR.,SHELBYVILLE,KY,40065,,(502) 633-3180  Ext. 0000,,20,nsllist,-,-,-,-
493,GRAYBAR/4427027 (CARTERET),,,,,,,(201) 596-2667  Ext. 0000,captivainvoice@graybar.com,79,nsllist,-,-,-,-
4932,COLACINO ELECTRIC SUPPLY,,319 W. UNION ST.,NEWARK,NY,14513,,(315) 331-2785  Ext. 0000,,1,nsllist,-,-,-,-
4937,PLATT ELEC (WOODLAND WA),,,,,,,(000) 000-0000  Ext. 0000,plattap@platt.com,23,nsllist,-,-,-,-
4944,LCI INC.,,1205 ESSEX AVE,HENRICO,VA,23229,,(804) 353-6543  Ext. 0000,,57,nsllist,-,-,-,-
4945,SONEPAR USA (STERLING-CLS,,,MAITLAND,FL,32794,,(703) 444-5080  Ext. 0000,APINVOICES@SONEPAR-US.COM,57,nsllist,-,-,-,-
495,VILLA PARK ELECTRICAL SUP,,420 W. NORTH AVENUE,ADDISON,IL,60101,,(630) 629-3990  Ext. 0000,,40,nsllist,-,-,-,-
4963,URBAN KITCHENS,,CC:  UKBINVOICES@GMAIL.COM,,TX,78620,,(512) 423-3603  Ext. 0000,urbankitchens.austin@gmail.com,66,nsllist,-,-,-,-
4966,REXEL (BOULDER),,,,PA,19101,,(303) 442-0853  Ext. 0000,RexelAPinvoices@rexelusa.com,50,nsllist,-,-,-,-
4972,HAGENS LIGHTING,,15860 FM 2493,TYLER,TX,75703,,(903) 509-8773  Ext. 0000,,39,nsllist,-,-,-,-
4978,GRAYBAR/4427027 (COLO. SP,,,ST. LOUIS,MO,63178,,(719) 380-4514  Ext. 0000,captivainvoice@graybar.com,50,nsllist,-,-,-,-
4984,C.E.D. (DENVER),,,DENVER,CO,80204,,(303) 623-1233  Ext. 0000,invoices@ceddenver.com,50,nsllist,-,-,-,-
4990,COLONIAL ELEC (KING OF P,,,KING OF PRUSSIA,PA,19406,,(610) 312-8100  Ext. 0000,Ap_Inbox@ColonialElectric.com,82,nsllist,-,-,-,-
4997,RUMSEY ELECTRIC (CONSHOHOCKEN),,,CONSHOHOCKEN,PA,19428-0807,,(610) 873-0440  Ext. 0000,apinvoices@rumsey.com,82,nsllist,-,-,-,-
5,ROSFELD ELECTRIC INC,,1117 WEST 300 NORTH,RUSHVILLE,IN,46173,,(765) 938-4441  Ext. 0000,,74,nsllist,-,-,-,-
50,REXEL (BOSTON),,,,PA,19101,,(000) 000-0000  Ext. 0000,RexelAPinvoices@rexelusa.com,56,nsllist,-,-,-,-
500,"F.I.R.E., LTD.",,,LOS ANGELES,CA,90230,,(310) 558-9110  Ext. 0000,kerrifireltd@gmail.com,1,nsllist,-,-,-,-
5004,BARROW ELECTRICAL & LIGHT,,,FORT WORTH,TX,76111,,(817) 834-1771  Ext. 0000,reese@barrowlighting.com,39,nsllist,-,-,-,-
5007,OZARK INDUSTRIAL LIGHTING,,1404 N. CEDARBROOK,SPRINGFIELD,MO,65802,,(417) 864-7434  Ext. 0000,,81,nsllist,-,-,-,-
5009,BEACON ELECTRIC SUPPLY,,9630 CHESAPEAKE DRIVE,SAN DIEGO,CA,92123,,(858) 279-9700  Ext. 0000,,86,nsllist,-,-,-,-
5010,GRAYBAR/4427027 (LIMA),,,ST LOUIS,MO,63178,,(419) 228-7441  Ext. 0000,captivainvoice@graybar.com,75,nsllist,-,-,-,-
5017,LAMPS PLUS #04,FAX 818-885-4741,,,,,,(619) 276-0772  Ext. 0000,,86,nsllist,-,-,-,-
5028,CAPE ELECTRIC (PADUCAH),,,CAPE GIRARDEAU,MO,63701,,(270) 554-1499  Ext. 0000,accpay@capeelectric.com,20,nsllist,-,-,-,-
5029,CAPE ELECTRIC (BOWLING GREEN),,,,,,,(270) 843-1188  Ext. 0000,accpay@capeelectric.com,20,nsllist,-,-,-,-
5033,SHADES OF LIGHT (RCH-SL32,,4924 WEST BROAD ST,RICHMOND,VA,23230,,(804) 288-6515  Ext. 0000,,57,nsllist,-,-,-,-
5040,ALL-PHASE (GLENWOOD SPRING),,,GLENWOOD SPRING,CO,81601,,(970) 945-6204  Ext. 0000,lramsey@all-phasegs.com,50,nsllist,-,-,-,-
5041,ALL-PHASE (GRAND JUNCTION,,,GRAND JUNCTION,CO,81506,,(970) 245-5600  Ext. 0000,ap@all-phasegj.com,50,nsllist,-,-,-,-
5042,C.E.D. (GRAND JUNCTION),,,GRAND JUNCTION,CO,81501,,(970) 243-1430  Ext. 0000,ap@gjced.com,50,nsllist,-,-,-,-
5043,REXEL (GRAND JUNCTION),,,PHILADELPHIA,PA,19101,,(970) 245-8682  Ext. 0000,RexelAPinvoices@rexelusa.com,50,nsllist,-,-,-,-
505,FAIRFIELD LIGHTING,,,FAIRFIELD,CT,06824,,(203) 384-2209  Ext. 0000,jim.zemola@gmail.com,55,nsllist,-,-,-,-
5051,C.E.D. (MONTROSE),,,MONTROSE,CO,81401,,(970) 249-2281  Ext. 0000,ap@cedmontrose.com,50,nsllist,-,-,-,-
5063,LIGHTING & LAMP (PELHAM),,,PELHAM,AL,35124,,(205) 271-1423  Ext. 0000,lpate@lightingandlamp.com,4,nsllist,-,-,-,-
5065,GRANITE CITY (FALMOUTH),,,QUINCY,MA,2269,,(508) 495-3535  Ext. 0000,Invoices@gcecorp.com,56,nsllist,-,-,-,-
5066,GRANITE CITY (FRAMINGHAM),,,,,,,(774) 231-1430  Ext. 0000,Invoices@gcecorp.com,55,nsllist,-,-,-,-
5082,NORTH COAST ELEC (BELLEVU,,,SEATTLE,WA,98124-1121,,(425) 641-3400  Ext. 0000,APINVOICES@SONEPAR-US.COM,23,nsllist,-,-,-,-
5097,US ELECTRICAL SVC (TORRIN,,,MIDDLETOWN,CT,06457-2786,,(860) 489-9223  Ext. 0000,apinvoice@usesi.com,55,nsllist,-,-,-,-
5099,CITY PLUMBING & ELEC (RAB,,,GAINESVILLE,GA,30501,,(706) 746-2890  Ext. 0000,ap@cpesupply.com,4,nsllist,-,-,-,-
5100,SAVANNAH WINLECTRIC  #625,,,,OH,45401-1127,,(912) 233-7717  Ext. 0000,savannahwinlectric@gmail.com,4,nsllist,-,-,-,-
511,THE LIGHT HOUSE,,916 S MAIN ST,STILLWATER,OK,74074,,(405) 372-7171  Ext. 0000,,39,nsllist,-,-,-,-
5111,HOMETOWN LIGHTING,10880-J GEN PULLER HWY,,HARTFIELD,VA,23071,,(804) 776-7580  Ext. 0000,,57,nsllist,-,-,-,-
5112,UNITED ELECTRIC (DAGSBORO,,,WILMINGTON,DE,19850,,(302) 539-7541  Ext. 0000,AP@UNITEDELECTRIC.COM,82,nsllist,-,-,-,-
5114,DENNEY ELEC (MILLSBORO),,,MILLSBORO,DE,19966,,(302) 934-8885  Ext. 0000,dcathell@DenneyElectric.net,82,nsllist,-,-,-,-
5132,FARMVILLE WHOLESALE ELECT,,P.O. BOX 525,FARMVILLE,VA,23901,,(434) 392-8154  Ext. 0000,,57,nsllist,-,-,-,-
5147,C.E.D. (COCOA),,,COCOA,FL,32922,,(321) 632-1310  Ext. 0000,jstart@cedcocoa.com,31,nsllist,-,-,-,-
5148,C.E.D. (CONWAY),,,CONWAY,NH,03818,,(603) 480-5161  Ext. 0000,customerservice@cedconway.com,56,nsllist,-,-,-,-
516,TURTLE & HUGHES (HAUPPAUGE),,,,,,,(631) 864-4242  Ext. 0000,accountspayable@turtle.com,80,nsllist,-,-,-,-
5160,C.E.D. (FT. LAUDERDALE),,4057 N.E. 7TH AVENUE,FT. LAUDERDALE,FL,33334,,(954) 566-8118  Ext. 0000,,32,nsllist,-,-,-,-
517,TURTLE & HUGHES (WHIPPANY),,,LINDEN,NJ,7036,,(973) 386-1122  Ext. 0000,accountspayable@turtle.com,80,nsllist,-,-,-,-
5172,COBURN SUPPLY CO. (DENHAM SPRINGS),,,,,,,(225) 791-2914  Ext. 0000,CoburnAP@Coburns.com,60,nsllist,-,-,-,-
5173,"REXEL USA, INC (MAYER-MARIETTA)",,,NEWNAN,GA,30271,,(770) 425-1133  Ext. 0000,APINVOICES@MAYERELECTRIC.COM,4,nsllist,-,-,-,-
5174,REXEL (FT WALTON BEACH),,,PHILADELPHIA,PA,19101,,(850) 243-7627  Ext. 0000,RexelAPinvoices@rexelusa.com,4,nsllist,-,-,-,-
5175,COBURN SUPPLY CO. (OPELOUSAS),,,,,,,(337) 948-8266  Ext. 0000,CoburnAP@Coburns.com,60,nsllist,-,-,-,-
5176,COBURN SUPPLY CO. (EUNICE),,,,,,,(337) 546-0763  Ext. 0000,CoburnAP@Coburns.com,60,nsllist,-,-,-,-
5177,COBURN SUPPLY CO. (LUFKIN),,,,,,,(936) 634-5539  Ext. 0000,CoburnAP@Coburns.com,60,nsllist,-,-,-,-
5178,COBURN SUPPLY CO. (HUNTSVILLE (15),,,,,,,(936) 295-8128  Ext. 0000,CoburnAP@Coburns.com,60,nsllist,-,-,-,-
5179,COBURN SUPPLY CO. (JASPER),,,,,,,(409) 384-5213  Ext. 0000,CoburnAP@Coburns.com,60,nsllist,-,-,-,-
518,TURTLE & HUGHES (RANDOLPH),,,LINDEN,NJ,07036,,(617) 983-9920  Ext. 0000,accountspayable@turtle.com,56,nsllist,-,-,-,-
5180,COBURN SUPPLY CO. (CONROE),,,,,,,(936) 760-3900  Ext. 0000,CoburnAP@Coburns.com,60,nsllist,-,-,-,-
5181,GRANITE CITY (NEW BEDFORD),,,QUINCY,MA,2269-9189,,(508) 998-6600  Ext. 0000,Invoices@gcecorp.com,56,nsllist,-,-,-,-
5182,GRANITE CITY (NEW HAVEN),,,,,,,(203) 931-0169  Ext. 0000,Invoices@gcecorp.com,55,nsllist,-,-,-,-
5185,COBURN SUPPLY CO. (SATILLO),,,,,,,(662) 269-2862  Ext. 0000,CoburnAP@Coburns.com,60,nsllist,-,-,-,-
5188,ELEKTRA LIGHTS & FANS,,7222 W. NORTH AVENUE,WAUWATOSA,WI,53213,,(414) 257-1300  Ext. 0000,,16,nsllist,-,-,-,-
5191,WARREN ELECTRIC (WILDWOOD,33265 NORTH HWY 45,,WILDWOOD,IL,60030,,(847) 223-8691  Ext. 0000,,40,nsllist,-,-,-,-
5192,GRAYBAR/4427027 (JACKSONV,,34 NORTH MERAMEC,CLAYTON,MO,63105,,(904) 356-7611  Ext. 0000,captivainvoice@graybar.com,31,nsllist,-,-,-,-
5193,CREATIVE LIGHTING (ALBUQU,,4801 ALAMEDA BLVD NE #E,ALBUQUERQUE,NM,87113,,(505) 823-6300  Ext. 0000,,72,nsllist,-,-,-,-
52,C.E.S. (BOONE),,,,,,,(828) 297-5495  Ext. 0000,piedmonttriadgroup@cityelectricsupply.com,57,nsllist,-,-,-,-
5200,"MANCINI ASSOCIATES, INC.",,,EAST GREENWICH,RI,2818,,(401) 886-9125  Ext. 0000,david@mancinilighting.com,56,nsllist,-,-,-,-
5201,WORLD ELECTRIC (KISSIMME),,,MAITLAND,FL,32794-5650,,(407) 343-7800  Ext. 0000,APINVOICES@SONEPAR-US.COM,31,nsllist,-,-,-,-
5206,WHOLESALE SUPPLY (KINGSPO,,2746 E. CENTER STREET,KINGSPORT,TN,37664,,,,20,nsllist,-,-,-,-
5209,C.E.S. (WESTFORD),,david.mielinski@concordelectricsupply.com,BROCKTON,MA,02301,,(978) 392-9001  Ext. 0000,bostonsouthgroup@concordelectricsupply.com,56,nsllist,-,-,-,-
5211,C.E.S. (WAREHAM),,,,,,,(774) 326-4500  Ext. 0000,bostonsouthgroup@concordelectricsupply.com,56,nsllist,-,-,-,-
5212,C.E.D. (REDDING),,2300 LARKSPUR LANE,REDDING,CA,96002,,(530) 221-5233  Ext. 0000,,1,nsllist,-,-,-,-
5217,C.E.D. (TEMECULA),,"41979 RIO NEDO, UNIT C",TEMECULA,CA,92590,,(951) 296-9555  Ext. 0000,,86,nsllist,-,-,-,-
522,VILLAGE HOME STORES INC,,105 SOUTH STATE STREET,GENESEO,IL,61254,,(309) 944-1344  Ext. 0000,,40,nsllist,-,-,-,-
5222,SPRINGFIELD ELEC (CHAMPAI,,,,IL,62708-4107,,(217) 351-7600  Ext. 0000,sescoap@springfieldelectric.com,40,nsllist,-,-,-,-
523,C.E.S. (SANFORD),,,ORLANDO,FL,32868,,(407) 328-1200  Ext. 0000,fl.ap@cityelectricsupply.com,31,nsllist,-,-,-,-
5253,CAMPTON ELECTRIC SUPPLY,,605 W CLARK ST,EUREKA,CA,95501,,(707) 442-6446  Ext. 0000,,1,nsllist,-,-,-,-
5262,PINE GROVE ELECTRICAL,,,MANDEVILLE,LA,70471,,(985) 893-4003  Ext. 0000,accounting@pinegroveelectric.com,60,nsllist,-,-,-,-
5263,PEMBA LIGHTING & AUTOMATION,,,BELLE CHASSE,LA,70037,,(504) 394-4132  Ext. 0000,pembaap@pemba.biz,60,nsllist,-,-,-,-
5270,E. SAM JONES (NASHVILLE),,,ATLANTA,GA,30339,,(615) 254-5555  Ext. 0000,AP@ESAMJONES.COM,20,nsllist,-,-,-,-
5278,STUART C. IRBY (PENSACOLA,,,MAITLAND,FL,32794-5650,,(850) 471-4912  Ext. 0000,APINVOICES@SONEPAR-US.COM,4,nsllist,-,-,-,-
5282,ECHO ELECTRIC (SIOUX CENT,,,SIOUX CENTER,IA,51250,,(712) 722-2808  Ext. 0000,ap@echogroupinc.com,77,nsllist,-,-,-,-
5284,LOCKE SUPPLY CO (OKLAHOMA,,,OKLAHOMA CITY,OK,73126-0128,,(405) 631-9701  Ext. 0000,apinv@lockesupply.com,39,nsllist,-,-,-,-
5295,C.E.D. (RICHMOND),9731 EXPRESS LANE,,RICHMOND,VA,23237,,(804) 381-6860  Ext. 0000,,57,nsllist,-,-,-,-
5300,"SIMONSON PROPERTIES II, INC.",,,ST. CLOUD,MN,56302,,(320) 252-1920  Ext. 0000,MHSPinvoices@simonson-lumber.com,1,nsllist,-,-,-,-
5307,CITY PLUMBING & ELEC (CUM,,,GAINESVILLE,GA,30501,,(770) 887-1420  Ext. 0000,ap@cpesupply.com,4,nsllist,-,-,-,-
5308,CITY PLUMBING & ELEC (BLA,,,GAINESVILLE,GA,30501,,(706) 745-9808  Ext. 0000,ap@cpesupply.com,4,nsllist,-,-,-,-
5310,C.E.D./RAYBRO (ST. PETE),323 23RD STREET SOUTH,,ST. PETERSBURG,FL,33712,,(727) 327-4201  Ext. 0000,,31,nsllist,-,-,-,-
5311,C.E.D. (ODESSA),,305 E UNIVERSITY,ODESSA,TX,79762,,(915) 333-2812  Ext. 0000,,39,nsllist,-,-,-,-
5345,"REXEL USA, INC (MAYER-ANNISTON)",,,ANNISTON,AL,36207,,(256) 240-2540  Ext. 0000,APINVOICES@MAYERELECTRIC.COM,4,nsllist,-,-,-,-
5350,BORDER STATES (LUBBO,,,FARGO,ND,58108-2767,,(800) 333-9704  Ext. 0000,APINVOICES@BORDERSTATES.COM,39,nsllist,-,-,-,-
5356,C.E.D./TWIN STATE (WHITE RIVER,,P.O. BOX 995,WILDER,VT,5088,,(802) 295-3194  Ext. 0000,,56,nsllist,-,-,-,-
5370,STANDARD ELEC (GAYLORD),,,SAGINAW,MI,48603,,(989) 732-2466  Ext. 0000,ap@standardelectricco.com,64,nsllist,-,-,-,-
5373,DENNEY ELEC (KENNETT SQUA,,,AMBLER,PA,19002,,(610) 444-2170  Ext. 0000,ap@denneyelectricsupply.com,82,nsllist,-,-,-,-
5375,"REXEL USA, INC (MAYER-ATLANTA)",,,NEWNAN,GA,30271,,(404) 696-3000  Ext. 0000,APINVOICES@MAYERELECTRIC.COM,4,nsllist,-,-,-,-
5376,"REXEL USA, INC (MAYER-AUGUSTA)",,,,,,,(706) 619-3838  Ext. 0000,APINVOICES@MAYERELECTRIC.COM,4,nsllist,-,-,-,-
5385,HEP SALES,,0446 WATERLOO-GENEVA ROAD,WATERLOO,NY,13165,,(315) 789-7555  Ext. 0000,,1,nsllist,-,-,-,-
5391,DISCOUNT PLUMBING (WINCHE,,,WINCHESTER,TN,37398,,(931) 967-0221  Ext. 0000,DISCOUNTPE@COMCAST.NET,20,nsllist,-,-,-,-
5393,DORMAN'S LTG & DESIGN,,1524 YORK RD,TIMONIUM,MD,21093-3110,,(410) 252-6100  Ext. 0000,,62,nsllist,-,-,-,-
5406,REXEL (ROCKVILLE),,,PHILADELPHIA,PA,19101,,(301) 762-8100  Ext. 0000,RexelAPinvoices@rexelusa.com,62,nsllist,-,-,-,-
5412,3E ELECTRICAL (OMAHA),,,WINDSOR HEIGHTS,IA,50324,,(402) 334-8700  Ext. 0000,3eaccounting@3e-co.com,77,nsllist,-,-,-,-
5414,ECHO ELECTRIC (AMES),,,AMES,IA,50010,,(515) 232-1513  Ext. 0000,ap@echogroupinc.com,77,nsllist,-,-,-,-
5416,LIGHTS 'N SUCH,,,MARBLE FALLS,TX,78654,,(830) 693-1729  Ext. 0000,accounting@lightsnsuch.org,66,nsllist,-,-,-,-
5418,C.E.S. (OCOEE),,,,,,,(407) 656-2262  Ext. 0000,Floridargo@cityelectricsupply.com,31,nsllist,-,-,-,-
5423,C.E.D. (SPARTANBURG),267 ALICE ST,,SPARTANBURG,SC,29303,,(864) 585-3000  Ext. 0000,,57,nsllist,-,-,-,-
5433,EXCITING LIGHTING & DECOR,,P.O. BOX 1895,BIG BEAR LAKE,CA,92315,,(909) 878-4080  Ext. 0000,,86,nsllist,-,-,-,-
5447,CAPE ELECTRIC & LTG,,,CAPE GIRARDEAU,MO,63701,,(573) 686-1737  Ext. 0000,accpay@capeelectric.com,81,nsllist,-,-,-,-
5460,DIAL ONE,,,ELKHORN,WI,53121,,(262) 723-5153  Ext. 0000,dialoneelectricalconstruction@gmail.com,16,nsllist,-,-,-,-
5468,CMC SUPPLY,,,,VA,21451,,(540) 483-5208  Ext. 0000,AP@CMCSUPPLY.COM,57,nsllist,-,-,-,-
5476,ALL-PHASE (SCRANTON),,,,,,,(570) 346-5731  Ext. 0000,jillian@apescranton.com,82,nsllist,-,-,-,-
5485,REXEL (TIMONIUM),,,PHILADELPHIA,PA,19101,,(410) 561-5050  Ext. 0000,RexelAPinvoices@rexelusa.com,62,nsllist,-,-,-,-
5493,PLATT ELEC (COEUR D'ALENE,,,,,,,(208) 664-2178  Ext. 0000,plattap@platt.com,43,nsllist,-,-,-,-
5496,EWSCO HOME LTG CENTER #3,,,IDAHO FALLS,ID,83405,,(208) 523-2300  Ext. 0000,accountspayable@electricalwholesale.com,43,nsllist,-,-,-,-
550,"TAZZ LIGHTING, INC.",,9555 DISTRIB. AVE STE#101,SAN DIEGO,CA,92121,,(858) 444-8880  Ext. 0000,,86,nsllist,-,-,-,-
5501,C.E.D. (LEWISTON),,809 SNAKE RIVER AVE.,LEWISTON,ID,83501,,(208) 743-2531  Ext. 0000,,43,nsllist,-,-,-,-
552,NORTH COAST ELEC (PASCO),,,SEATTLE,WA,98124,,(509) 547-9514  Ext. 0000,APINVOICES@SONEPAR-US.COM,23,nsllist,-,-,-,-
5520,REXEL (RHUSA HUB),,,PHILADELPHIA,PA,19101,,(510) 429-7800  Ext. 0000,RexelAPinvoices@rexelusa.com,86,nsllist,-,-,-,-
5524,DENCO LIGHTING,,626 NORTH RIVERFORNT DR.,MANKATO,MN,56001,,(507) 345-1484  Ext. 0000,,16,nsllist,-,-,-,-
5530,ACTIVE ELEC & FOX LTG,,4240 W. LAWRENCE AVENUE,CHICAGO,IL,60630-2798,,(773) 282-6300  Ext. 0000,,40,nsllist,-,-,-,-
554,COOPER ELEC (WILKES,,,MAITLAND,FL,32794,,(570) 825-9591  Ext. 0000,APINVOICES@SONEPAR-US.COM,78,nsllist,-,-,-,-
5544,ROSE CUSTOM CABINETS INC,,408 WASHINGTON BLVD STE C,MUNDELEIN,IL,60060,,(847) 816-4800  Ext. 0000,,1,nsllist,-,-,-,-
5551,TURNEY LIGHTING & EL (SAN,,2501 N.W. LOOP 410,SAN ANTONIO,TX,78230,,(210) 308-9966  Ext. 0000,,66,nsllist,-,-,-,-
5552,SUMMIT ELEC (AUSTIN),,,ALBUQUERQUE,NM,87197-6409,,(512) 248-2800  Ext. 0000,Payables@summit.com,66,nsllist,-,-,-,-
5558,STEINER ELECTRIC (ELK GRO,,,ELK GROVE VILLAGE,IL,60007,,(847) 228-0400  Ext. 0000,APDEPT@STNR.COM,40,nsllist,-,-,-,-
5577,SPRINGFIELD ELEC (MATTOON,,,SPRINGFIELD,IL,62708-4107,,(217) 235-5671  Ext. 0000,sescoap@springfieldelectric.com,40,nsllist,-,-,-,-
5586,GRAYBAR/4427027 (WALNUT),,,ST LOUIS,MO,63178,,(909) 451-4618  Ext. 0000,captivainvoice@graybar.com,1,nsllist,-,-,-,-
559,SONEPAR USA (MIDLOTHIAN),,,MAITLAND,FL,32794,,(804) 739-7243  Ext. 0000,APINVOICES@SONEPAR-US.COM,57,nsllist,-,-,-,-
5594,ABC LIGHTING,,,SLIDELL,LA,70461,,(985) 641-1351  Ext. 0000,abcligh@bellsouth.net,60,nsllist,-,-,-,-
5598,RAINIER LTG & ELEC SUPPLY,,PO BOX 98892,LAKEWOOD,WA,98499,,(253) 581-8180  Ext. 0000,,23,nsllist,-,-,-,-
5600,ILLUMINATE,,,,,,,,,56,nsllist,-,-,-,-
5601,"ILLUMINATE NY, LLC",,,,,,,,kjelley@yusen.com,54,nsllist,-,-,-,-
5602,HALL ELECTRIC,,,VICTORIA,TX,77904,,(361) 578-6221  Ext. 0000,rhernandez@hallelectric.com,66,nsllist,-,-,-,-
5605,ACE HARDWARE/ATTN: 19921,,2200 KENSINGTON COURT,OAK BROOK,IL,60523-2100,,(218) 435-1977  Ext. 0000,,16,nsllist,-,-,-,-
5608,CATOCTIN LIGHTING SERVICE,,P.O. BOX 402,THURMONT,MD,21788,,(301) 898-1130  Ext. 0000,,62,nsllist,-,-,-,-
5609,LIGHTING DESIGN GROUP,,49 W. 27TH STREET #920,NEW YORK,NY,10001,,(212) 685-4940  Ext. 0000,,80,nsllist,-,-,-,-
5623,SHEALY ELEC WHOLE (CHARLOTTE),,,FARGO,ND,58108-2767,,(704) 372-3040  Ext. 0000,APINVOICES@BORDERSTATES.COM,57,nsllist,-,-,-,-
5628,KENDALL ELEC (BLUFFTON),,,,,,,(260) 824-4545  Ext. 0000,accountspayable@kendallelectric.com,74,nsllist,-,-,-,-
5631,BORLAND COASTAL ELECTRIC,,,GEARHART,OR,97138,,(503) 738-8391  Ext. 0000,officemgr@borlandelectric.com,22,nsllist,-,-,-,-
5634,VIKING ELEC (GREEN BAY),,,,,,,(920) 494-5777  Ext. 0000,APINVOICES@SONEPAR-US.COM,16,nsllist,-,-,-,-
5637,AURA ELEC (60TH STREET),,,BROOKLYN,NY,11219,,(718) 854-3100  Ext. 0000,nina@aura-electric.com,80,nsllist,-,-,-,-
5638,KENDALL ELEC (PORTAGE),,,PORTAGE,MI,49002-2049,,(269) 978-3838  Ext. 0000,accountspayable@kendallelectric.com,64,nsllist,-,-,-,-
564,CUSTOM LIGHTING INC.,,13511 WESTHEIMER ROAD,HOUSTON,TX,77077,,(281) 556-6500  Ext. 0000,,66,nsllist,-,-,-,-
5657,CENTRAL SUPPLY CO.,,,INDIANAPOLIS,IN,46206,,(317) 898-2411  Ext. 0000,acctspay@centralsupplycompany.com,74,nsllist,-,-,-,-
5666,CITY MAINTENANCE SUPPLY,,3020 SW 10TH ST,POMPANO BEACH,FL,33069,,(954) 968-4554  Ext. 0000,,32,nsllist,-,-,-,-
5685,MAIN ELECTRIC (MONROE),,,,,,,(609) 860-8500  Ext. 0000,apinvoice@usesi.com,79,nsllist,-,-,-,-
5688,KIRBY RISK/KULWIN (MUNCIE,,,LAFAYETTE,IN,47903-5089,,(765) 282-2225  Ext. 0000,accountspayable@kirbyrisk.com,74,nsllist,-,-,-,-
5698,KIRBY RISK (RICHMOND),,,LAFAYETTE,IN,47903-5089,,(765) 966-0526  Ext. 0000,accountspayable@kirbyrisk.com,74,nsllist,-,-,-,-
57,FSG LIGHTING (AUSTIN),,,AUSTIN,TX,78745,,(512) 835-4971  Ext. 0000,fsgap@fsgi.com,66,nsllist,-,-,-,-
5701,C.E.S. (WINTER PARK),,,,FL,33558,,(407) 671-0050  Ext. 0000,fl.ap@cityelectricsupply.com,31,nsllist,-,-,-,-
5709,WABASH ELEC (WABASH),,,WABASH,IN,46992,,(260) 563-6852  Ext. 0000,ap@wabashelectric.com,74,nsllist,-,-,-,-
571,CAPITAL ELECTRIC (MANASSAS),,,MAITLAND,FL,32794,,(703) 361-6028  Ext. 0000,APINVOICES@SONEPAR-US.COM,57,nsllist,-,-,-,-
5710,METRO ELEC (O'FALLON),,,ST. LOUIS,MO,63139,,(636) 379-0032  Ext. 0000,ap@metroelectricsupply.com,81,nsllist,-,-,-,-
5716,CRESCENT ELEC (BURLINGTON),,,BURLINGTON,IA,52601-1963,,(319) 752-3631  Ext. 0000,apcorp@cesco.com,77,nsllist,-,-,-,-
5717,REXEL (HUNTINGTOWN),,,PHILADELPHIA,PA,19101,,(301) 855-1050  Ext. 0000,RexelAPinvoices@rexelusa.com,62,nsllist,-,-,-,-
5718,REXEL (WALDORF),,,PHILADELPHIA,PA,19101,,(301) 843-5232  Ext. 0000,RexelAPinvoices@rexelusa.com,62,nsllist,-,-,-,-
5719,CRESCENT ELEC (CEDAR RAPI,,,CEDAR RAPIDS,IA,52404,,(319) 363-8191  Ext. 0000,apcorp@cesco.com,77,nsllist,-,-,-,-
5722,VAN METER (CEDAR RAPIDS),,,CEDAR RAPIDS,IA,52406,,(319) 362-9899  Ext. 0000,vmi.invoices@vanmeterinc.com,77,nsllist,-,-,-,-
5724,REXEL (HAGERSTOWN),,,PHILADELPHIA,PA,19101,,(301) 791-1300  Ext. 0000,RexelAPinvoices@rexelusa.com,62,nsllist,-,-,-,-
5725,REXEL (EASTON),,,PHILADELPHIA,PA,19101,,(410) 822-3601  Ext. 0000,RexelAPinvoices@rexelusa.com,62,nsllist,-,-,-,-
5729,REXEL (SPRINGFIELD),,,PHILADELPHIA,PA,19101,,(703) 321-7100  Ext. 0000,RexelAPinvoices@rexelusa.com,57,nsllist,-,-,-,-
5732,REXEL BRANCH (CULPEPER),,,PHILADELPHIA,PA,19101,,(540) 825-1901  Ext. 0000,RexelAPinvoices@rexelusa.com,82,nsllist,-,-,-,-
5733,REXEL (LANCASTER),,,PHILADELPHIA,PA,19101,,(717) 560-8770  Ext. 0000,RexelAPinvoices@rexelusa.com,82,nsllist,-,-,-,-
5736,"REXEL USA, INC (MAYER-COLLEGE PARK)",,,NEWNAN,GA,30271,,(404) 768-1476  Ext. 0000,APINVOICES@MAYERELECTRIC.COM,4,nsllist,-,-,-,-
574,CRESCENT ELEC (FORT COLLI,,,FORT COLLINS,CO,80522-1666,,(970) 484-4333  Ext. 0000,apcorp@cesco.com,50,nsllist,-,-,-,-
5748,REXEL/CLS (NEW HAVEN),,,PHILADELPHIA,PA,19101,,(203) 865-1211  Ext. 0000,RexelAPinvoices@rexelusa.com,55,nsllist,-,-,-,-
5749,REXEL/CLS (STRATFORD),,,,,19101,,(203) 380-3753  Ext. 0000,RexelAPinvoices@rexelusa.com,55,nsllist,-,-,-,-
575,REXEL (ANNAPOLIS MD),,,PHILADELPHIA,PA,19101,,(410) 990-1290  Ext. 0000,RexelAPinvoices@rexelusa.com,62,nsllist,-,-,-,-
5750,REXEL/CLS (WATERBURY),,,PHILADELPHIA,PA,19101,,(203) 756-1950  Ext. 0000,RexelAPinvoices@rexelusa.com,55,nsllist,-,-,-,-
5751,REXEL/CLS (WATERFORD),,,PHILADELPHIA,PA,19101,,(860) 444-2611  Ext. 0000,RexelAPinvoices@rexelusa.com,55,nsllist,-,-,-,-
5755,REXEL/CLS (WEST SPRINGFIE,,,PHILADELPHIA,PA,19101,,(413) 781-3924  Ext. 0000,RexelAPinvoices@rexelusa.com,55,nsllist,-,-,-,-
5756,REXEL/CLS (WOBURN),,,PHILADELPHIA,PA,19101,,(781) 933-2029  Ext. 0000,RexelAPinvoices@rexelusa.com,56,nsllist,-,-,-,-
5758,REXEL/CLS (BEVERLY),,,PHILADELPHIA,PA,19101,,(978) 921-5811  Ext. 0000,RexelAPinvoices@rexelusa.com,56,nsllist,-,-,-,-
5759,REXEL/CLS (CONCORD),,,PHILADELPHIA,PA,19101,,(603) 224-8316  Ext. 0000,RexelAPinvoices@rexelusa.com,56,nsllist,-,-,-,-
576,REXEL (WARWICK),,,,,,,(401) 785-9430  Ext. 0000,RexelAPinvoices@rexelusa.com,56,nsllist,-,-,-,-
577,HOEING WHOLESALE SUPPLY,235 W. SECOND STREET,,RUSHVILLE,IN,46173,,(765) 932-3236  Ext. 0000,,74,nsllist,-,-,-,-
5774,STANION WHOLESALE (EMPORI,,2935 W 6TH AVE,EMPORIA,KS,66801,,(620) 342-2305  Ext. 0000,,81,nsllist,-,-,-,-
578,WIEDENBACH-BROWN (MEDINA),,,PURCHASE,NY,10577,,(330) 954-0453  Ext. 0000,apinvoice@usesi.com,75,nsllist,-,-,-,-
58,FSG LIGHTING (HOUSTON),,,AUSTIN,TX,78745,,(512) 835-4971  Ext. 0000,fsgap@fsgi.com,66,nsllist,-,-,-,-
580,CRESCENT ELEC (FRANKLIN),,,FRANLKIN,IN,46131-8888,,(317) 736-8400  Ext. 0000,apcorp@cesco.com,74,nsllist,-,-,-,-
5803,C.E.D./AMERICAN ELECTRIC,,P.O. BOX 1097,SALINA,KS,67402-1097,,(785) 823-7161  Ext. 0000,,81,nsllist,-,-,-,-
581,CRESCENT ELEC (INDIANAPOL,,,INDIANAPOLIS,IN,46207-7006,,(317) 635-2361  Ext. 0000,apcorp@cesco.com,74,nsllist,-,-,-,-
5811,STANION WHOLESALE (LAWREN,,,,,,,(785) 841-8420  Ext. 0000,,81,nsllist,-,-,-,-
5814,C.E.D./AMERICAN ELECTRIC,,4818 S.W. TOPEKA BLVD.,TOPEKA,KS,66609,,(785) 862-6626  Ext. 0000,,81,nsllist,-,-,-,-
5827,WHOLESALE ELECTRIC SUPPLY,,,BOWLING GREEN,KY,42102-2500,,(270) 842-0156  Ext. 0000,s.westbrook@wesc.net,20,nsllist,-,-,-,-
5835,TWIN CITY ELECTRIC,,P.O. BOX 511,MENOMINEE,MI,49858,,(906) 863-6986  Ext. 0000,,16,nsllist,-,-,-,-
5839,KONA COAST HOUSE OF LIGHT,,73-5578A MAIAU STREET,KAILUA-KONA,HI,96740,,(808) 329-0748  Ext. 0000,,1,nsllist,-,-,-,-
5841,C.E.S. (MATTHEWS),,,,,,,(704) 841-9535  Ext. 0000,charlottewest@cityelectricsupply.com,57,nsllist,-,-,-,-
5842,C.E.S. (CHARLOTTE-SUNSET),,,,,,,(704) 399-6970  Ext. 0000,charlottewest@cityelectricsupply.com,57,nsllist,-,-,-,-
5843,WISEWAY SUPPLY (LEXINGTON),,,LEXINGTON,KY,40505,,(859) 259-0466  Ext. 0000,ACCOUNTSPAYABLE@WISEWAYSUPPLY.COM,20,nsllist,-,-,-,-
58432,C.E.S. (FALMOUTH),,,BROCKTON,MA,02301,,(508) 388-7511  Ext. 0000,bostonsouthgroup@concordelectricsupply.com,56,nsllist,-,-,-,-
5846,"C.E.S. (MONROE, NC)",,,,,,,(704) 291-9744  Ext. 0000,piedmonttriadgroup@cityelectricsupply.com,57,nsllist,-,-,-,-
5850,C.E.S. (RALEIGH NORTH),,,,,,,(919) 878-4534  Ext. 0000,piedmonttriadgroup@cityelectricsupply.com,57,nsllist,-,-,-,-
589,CRESCENT ELEC (SIOUX CITY,,,SIOUX CITY,IA,51101-2234,,(712) 277-1273  Ext. 0000,apcorp@cesco.com,77,nsllist,-,-,-,-
5890,NU-LITE ELECTRICAL WHOLES,,,HARAHAN,LA,70183,,(504) 733-3300  Ext. 0000,apinv@nulite.com,60,nsllist,-,-,-,-
59,FSG LIGHTING (SAN ANTONIO,,,AUSTIN,TX,78745,,(214) 657-5025  Ext. 0000,fsgap@fsgi.com,66,nsllist,-,-,-,-
5907,MUTH ELECTRIC (MITCHELL),,,MITCHELL,SD,57301,,(605) 996-7300  Ext. 0000,AP@MUTHELECTRIC.COM,16,nsllist,-,-,-,-
5922,FERGUSON ENTER (WACO)#296,,,,,,,(512) 248-4050  Ext. 0000,apinvoices@ferguson.com,66,nsllist,-,-,-,-
5923,BAYOU ELEC & SPECIALTY,,1601 HOPKINS STREET,NEW IBERIA,LA,70560,,(337) 365-1478  Ext. 0000,,60,nsllist,-,-,-,-
5925,VALLEY ELEC (GLENWOOD SPR,,P.O. BOX 1507,GLENWOOD SPRING,CO,81602,,(970) 945-8265  Ext. 0000,,50,nsllist,-,-,-,-
5945,ROCKINGHAM ELEC (AUGUSTA),,,NEWINGTON,NH,3801,,(207) 622-7541  Ext. 0000,sonepar.invoices@sonepar-us.com,56,nsllist,-,-,-,-
5950,WESCO (BANGOR),,,CANTON,MA,02021,,(207) 942-6713  Ext. 0000,ACCOUNTSPAYABLE@NEEDHAMELECTRIC.COM,56,nsllist,-,-,-,-
5954,FERGUSON ENTER (AUSTIN),,,HAMPTON,VA,23670-0406,,(512) 445-5140  Ext. 0000,apinvoices@ferguson.com,66,nsllist,-,-,-,-
5963,WESCO (PORTLAND),,,PORTLAND,ME,04101-0289,,(207) 774-2614  Ext. 0000,US-APinvoices@wescodist.com,56,nsllist,-,-,-,-
5969,"HOUSE OF LIGHTS, INC.",,,SCARBOROUGH,ME,4074,,(207) 883-0174  Ext. 0000,lindyh@houseoflights.com,56,nsllist,-,-,-,-
597,GOLDFARB ELECTRIC SUPPLY,,,CHARLESTON,WV,25333,,(304) 342-2153  Ext. 0000,jeannes@goldfarbelectric.com,20,nsllist,-,-,-,-
5985,C.N. ROBINSON LIGHTING,,,BALTIMORE,MD,21227,,(410) 242-4172  Ext. 0000,tcampbell@cnrlight.com,62,nsllist,-,-,-,-
600,LIGHTING PARTNERS OF CENT,,,ORLANDO,FL,32822,,(407) 852-7171  Ext. 0000,SUSAN@LIGHTINGPARTNERSCF.COM,1,nsllist,-,-,-,-
6007,CAPITAL ELECTRIC (GLEN BURNIE),,,MAITLAND,FL,32794-5650,,(410) 761-2870  Ext. 0000,APINVOICES@SONEPAR-US.COM,62,nsllist,-,-,-,-
601,CRESCENT ELEC (DEFIANCE),,,DEFIANCE,OH,43512-2529,,(419) 782-9479  Ext. 0000,apcorp@cesco.com,1,nsllist,-,-,-,-
6014,BERKSHIRE LIGHTING GALLER,,,NEW MILFORD,CT,6776,,(860) 354-0874  Ext. 0000,berkshirelighting@gmail.com,55,nsllist,-,-,-,-
6017,STUART C. IRBY (MUSKOGEE),,,MAITLAND,FL,32794-5650,,(918) 687-4474  Ext. 0000,APINVOICES@SONEPAR-US.COM,39,nsllist,-,-,-,-
6018,FERGUSON ENTER (NASHVILLE,,,HAMPTON,VA,23670-0406,,(615) 316-1800  Ext. 0000,apinvoices@ferguson.com,20,nsllist,-,-,-,-
6025,BOB RUFFA ELECTRIC & LTG,,346 N. PORTER ROAD,PORTERVILLE,CA,93257,,(559) 781-1524  Ext. 0000,,86,nsllist,-,-,-,-
604,CRESCENT ELEC (PERRYSBURG,,,PERRYSBURG,OH,43551-1371,,(419) 482-5515  Ext. 0000,apcorp@cesco.com,1,nsllist,-,-,-,-
6042,CALDWELL'S CLASSIC COLLEC,,P.O. BOX 14496,TALLAHASSEE,FL,32317-4496,,(850) 893-7836  Ext. 0000,,4,nsllist,-,-,-,-
6043,CARAVELLE LIGHTING INC,,9307 SOUTH RTE 12,RICHMOND,IL,60071,,(815) 678-4558  Ext. 0000,,40,nsllist,-,-,-,-
6044,HILL COUNTRY ELEC (AUSTIN,,,AUSTIN,TX,78744,,(512) 428-9300  Ext. 0000,ap@hces.net,66,nsllist,-,-,-,-
6045,GRASHOW CORPORATION,,PO BOX 441,KEENE,NH,30431,,(603) 352-6890  Ext. 0000,,56,nsllist,-,-,-,-
6048,DAKOTA SUPPLY (BISMARK),,,BISMARK,ND,58501,,(701) 255-7112  Ext. 0000,ap@dsginc.biz,16,nsllist,-,-,-,-
6049,GRAYBAR/4427027 (WORCESTER),,,,,,,,captivainvoice@graybar.com,56,nsllist,-,-,-,-
6050,US ELECTRICAL SVC (BOSTON,,,MIDDLETOWN,CT,06457-2786,,(617) 442-1000  Ext. 0000,apinvoice@usesi.com,56,nsllist,-,-,-,-
6055,YALE APPLIANCE & LIGHTING,,,STROUGHTON,MA,02072,,(617) 825-9253  Ext. 0000,,56,nsllist,-,-,-,-
6057,NESCO/GETTENS (FITCHBURG),,,CANTON,MA,2021,,(978) 343-3711  Ext. 0000,ACCOUNTSPAYABLE@NEEDHAMELECTRIC.COM,56,nsllist,-,-,-,-
606,GRANITE CITY (SOUTH YARMO,,,QUINCY,MA,02269-9189,,(508) 394-1262  Ext. 0000,Invoices@gcecorp.com,56,nsllist,-,-,-,-
6063,APOLLO LTG & ELECTRIC,,,HOLBROOK,MA,2343,,(781) 767-5000  Ext. 0000,lindadaly@apollolightandsupply.com,56,nsllist,-,-,-,-
607,GRANITE CITY (QUINCY),,,QUINCY,MA,02269-9189,,(617) 472-6500  Ext. 0000,Invoices@gcecorp.com,56,nsllist,-,-,-,-
6075,HAMPDEN/ZIMMERMAN (NORTHH,,,MIDDLETOWN,CT,06457-2786,,(413) 584-5290  Ext. 0000,apinvoice@usesi.com,55,nsllist,-,-,-,-
6076,HAMPDEN ZIMMERMAN (LATHAM),,,MIDDLETOWN,CT,06457-2786,,(518) 785-6677  Ext. 0000,apinvoice@usesi.com,54,nsllist,-,-,-,-
6077,HAMPDEN ZIMMERMAN (GLOVERSVILLE),,,MIDDLETOWN,CT,,,(518) 725-3139  Ext. 0000,apinvoice@usesi.com,55,nsllist,-,-,-,-
6078,"CONSTRUCTION RESOURCES CO, LLC",,purchasing@coloniallighting.net,,GA,30071,,(770) 932-3585  Ext. 0000,APInvoices@builderspecialties.net,4,nsllist,-,-,-,-
6079,GRANITE CITY (PLYMOUTH),,,QUINCY,MA,02269-9189,,(508) 747-3000  Ext. 0000,Invoices@gcecorp.com,56,nsllist,-,-,-,-
608,CRESCENT ELEC (ABERDEEN),,,ABERDEEN,SD,57401-4464,,(605) 225-1401  Ext. 0000,apcorp@cesco.com,1,nsllist,-,-,-,-
6081,TRI-CITY ELECTRIC & LIGHT,,1172 LANDA STREET,NEW BRAUNFELS,TX,78130,,(830) 629-1811  Ext. 0000,,66,nsllist,-,-,-,-
6083,TURN ON LIGHTING,,2500 SOUTHERN BLVD SE,RIO RANCHO,NM,87124,,(505) 891-2124  Ext. 0000,,72,nsllist,-,-,-,-
6085,"LIGHTING, INC. (RALEIGH)",,1608 NORTH MARKET DR,RALEIGH,NC,27609,,(919) 828-0351  Ext. 0000,,57,nsllist,-,-,-,-
6086,CRUM ELEC (COLORADO SPRINGS),,,CASPER,WY,82601,,(719) 550-4940  Ext. 0000,ISTAIGHT@CRUM.COM,50,nsllist,-,-,-,-
6089,HAMPDEN ZIMMERMAN (SPRING,,,MIDDLETOWN,CT,06457-2786,,(413) 734-6407  Ext. 0000,apinvoice@usesi.com,55,nsllist,-,-,-,-
6092,CREATIVE LIGHTING,,,ST PAUL,MN,55104,,(651) 647-0111  Ext. 0000,ar@creative-lighting.com,16,nsllist,-,-,-,-
6095,WOLFERS LTG/VISUAL COMFORT (BEVERLY),,,ALLSTON,MA,02134-9127,,(781) 890-5995  Ext. 0000,AP@wolfers.com,56,nsllist,-,-,-,-
6100,WEST VIRGINIA ELEC (BRADL,,,,,,,(304) 255-5067  Ext. 0000,ACCOUNTS.PAYABLE@WVAELECTRIC.COM,20,nsllist,-,-,-,-
6101,3-D LIGHTING INC.,,,VILLA RICA,GA,30180,,(770) 459-2626  Ext. 0000,danielbishop_3d@hotmail.com,4,nsllist,-,-,-,-
6103,BORDER STATES (MAPLE,,,FARGO,ND,58108-2767,,(763) 425-5500  Ext. 0000,APINVOICES@BORDERSTATES.COM,16,nsllist,-,-,-,-
6115,GRAYBAR/4427027 (WHEELING,,,ST LOUIS,MO,63178,,(304) 232-0270  Ext. 0000,captivainvoice@graybar.com,20,nsllist,-,-,-,-
612,VINCE PAWLAK,VINCE PAWLAK,P.O. BOX 15848,RIO RANCHO,NM,87174,,(505) 892-9680  Ext. 0000,,72,nsllist,-,-,-,-
6143,LBU (ORLANDO),,6203-B W SAND LAKE RD,ORLANDO,FL,32819,,(407) 352-2922  Ext. 0000,,31,nsllist,-,-,-,-
616,GROSS ELEC (REYNOLDS RD),,P.O. BOX 352377,TOLEDO,OH,43635-2377,,(419) 537-1818  Ext. 0000,,75,nsllist,-,-,-,-
6168,GRAYBAR/4427027 (MARINETT,,,ST. LOUIS,MO,63178,,(715) 735-9304  Ext. 0000,captivainvoice@graybar.com,16,nsllist,-,-,-,-
617,NEEDHAM ELECTRIC SUPPLY,,,,,,,(802) 527-7714  Ext. 0000,ACCOUNTSPAYABLE@NEEDHAMELECTRIC.COM,56,nsllist,-,-,-,-
6173,LONG LIGHTING (TOPEKA),,,TOPEKA,KS,66614,,(785) 272-0404  Ext. 0000,mazziemex@hotmail.com,81,nsllist,-,-,-,-
6179,C.E.D. (KALISPELL),,,KALISPELL,MT,59901,,(406) 755-6633  Ext. 0000,invoices@cedkalispell.com,50,nsllist,-,-,-,-
6206,ALL-PHASE (MARQUETTE),,1100 S. FRONT ST,MARQUETTE,MI,49855-5168,,(906) 228-3500  Ext. 0000,,16,nsllist,-,-,-,-
6210,K/E ELEC (MT CLEMENS),,,MOUNT CLEMENS,MI,48043,,(586) 469-3005  Ext. 0000,bettersentbyedi@keelectric.com,64,nsllist,-,-,-,-
6225,STANDARD ELEC (PETOSKEY),,,SAGINAW,MI,48603,,(231) 348-3090  Ext. 0000,ap@standardelectricco.com,64,nsllist,-,-,-,-
6226,LESLIE ELECTRIC COMPANY,,85 OAKLAND AVENUE,PONTIAC,MI,48342,,(248) 332-9106  Ext. 0000,,64,nsllist,-,-,-,-
6232,VALLEY LIGHTING (ANSONIA),,3 CHESTNUT ST,ANSONIA,CT,06401,,(203) 736-6921  Ext. 0000,laura@valleyhomelighting.com,55,nsllist,-,-,-,-
6236,HILL COUNTRY LIGHTING CEN,,,KERRVILLE,TX,78028,,(830) 257-2425  Ext. 0000,PCOGGINS@HILLCOUNTRYLIGHTING.COM,66,nsllist,-,-,-,-
6237,STANDARD ELEC (SAGINAW),,,SAGINAW,MI,48603,,(800) 322-0215  Ext. 0000,ap@standardelectricco.com,64,nsllist,-,-,-,-
6238,STANDARD ELEC (FLINT),,,,,,,(810) 232-1664  Ext. 0000,ap@standardelectricco.com,64,nsllist,-,-,-,-
624,BORDER STATES (BISMA,,,FARGO,ND,58108-2767,,(701) 258-6060  Ext. 0000,APINVOICES@BORDERSTATES.COM,16,nsllist,-,-,-,-
6240,STANDARD ELEC (SAULT STE,,,SAGINAW,MI,48603,,(906) 632-7557  Ext. 0000,ap@standardelectricco.com,64,nsllist,-,-,-,-
6242,DEALERS ELEC (SANTA FE),P.O. BOX 23178,2815 Industrial Rd.,SANTA FE,NM,87502,,(505) 471-2131  Ext. 0000,,72,nsllist,-,-,-,-
6247,ALL-PHASE (TRAVERSE CITY),,,TRAVERSE  CITY,MI,49686,,(231) 929-7800  Ext. 0000,APETraverseCity.8800@billinginbox.com,64,nsllist,-,-,-,-
6257,FERGUSON ENTER (NORTH CHA,,,HAMPTON,VA,23670,,(843) 529-3300  Ext. 0000,apinvoices@ferguson.com,1,nsllist,-,-,-,-
626,BORDER STATES (DICKI,,,FARGO,ND,58108-2767,,(701) 225-4466  Ext. 0000,APINVOICES@BORDERSTATES.COM,16,nsllist,-,-,-,-
6262,BORDER STATES (ALEXA,,,FARGO,ND,58108-2767,,(320) 763-5131  Ext. 0000,APINVOICES@BORDERSTATES.COM,16,nsllist,-,-,-,-
6266,VIKING ELEC (BURNSVILLE),,,,,,,(952) 890-8420  Ext. 0000,APINVOICES@SONEPAR-US.COM,16,nsllist,-,-,-,-
6274,BORDER STATES (FARIBA,,,FARGO,ND,58108-2767,,(507) 334-4301  Ext. 0000,APINVOICES@BORDERSTATES.COM,16,nsllist,-,-,-,-
6279,BORDER STATES (MARSH,,,FARGO,ND,58108-2767,,(507) 532-4429  Ext. 0000,APINVOICES@BORDERSTATES.COM,16,nsllist,-,-,-,-
6280,WERNER ELEC (OWATONNA),1000 24th Ave NW,,OWATONNA,MN,55060,,(507) 455-1670  Ext. 0000,,16,nsllist,-,-,-,-
6282,ROCKINGHAM ELEC (LEWISTON),,,NEWINGTON,NH,03801,,(207) 241-2413  Ext. 0000,sonepar.invoices@sonepar-us.com,56,nsllist,-,-,-,-
6289,VIKING ELEC (MANKATO),,,,,,,(866) 871-4827  Ext. 0000,APINVOICES@SONEPAR-US.COM,16,nsllist,-,-,-,-
6290,VIKING ELEC (MINNEAPOLIS),,,,,,,(612) 627-1234  Ext. 0000,APINVOICES@SONEPAR-US.COM,16,nsllist,-,-,-,-
6291,MOONLIGHT LANDSCAPE LTG,1331 GREEN FOREST CT #6,,WINTER GARDEN,FL,34787,,(407) 654-3133  Ext. 0000,,31,nsllist,-,-,-,-
6297,FERGUSON ENTER (WAUSAU),,,HAMPTON,VA,23670,,(715) 675-3384  Ext. 0000,apinvoices@ferguson.com,16,nsllist,-,-,-,-
63015,MCMASTER-CARR (DOUGLASVILLE),,,CHICAGO,IL,60680,,(000) 000-0000  Ext. 0000,invoices@mcmaster.com,4,nsllist,-,-,-,-
6306,FERGUSON ENTER (LOUISVILL,,,HAMPTON,VA,23670,,(502) 962-1200  Ext. 0000,apinvoices@ferguson.com,20,nsllist,-,-,-,-
6314,BORDER STATES (WILLM,,,FARGO,ND,58108-2767,,(800) 973-6493  Ext. 0000,APINVOICES@BORDERSTATES.COM,16,nsllist,-,-,-,-
6326,ALL-PHASE (GULFPORT),,,GULFPORT,MS,39501-6918,,(228) 864-7731  Ext. 0000,shaynal@apegpt.com,60,nsllist,-,-,-,-
6330,FERGUSON ENTER (ALBUQUERQ,,,HAMPTON,VA,23670-0406,,(505) 345-0171  Ext. 0000,apinvoices@ferguson.com,72,nsllist,-,-,-,-
6351,COTNER LED PRO LIGHTING & ELECTRICAL SUPPLY INC.,,,,CA,90025,,(310) 473-0555  Ext. 0000,cotnerledpro@gmail.com,86,nsllist,-,-,-,-
636,BORDER STATES (CHARLOTTE),,,,,,,(000) 000-0000  Ext. 0000,APINVOICES@BORDERSTATES.COM,57,nsllist,-,-,-,-
64,WATTSAVER LTG PROD (EAST,,,EAST HARTFORD,CT,6108,,(860) 282-1818  Ext. 0000,sally.mayo@wattsaverlighting.com,55,nsllist,-,-,-,-
640,BORDER STATES (MINOT,,,FARGO,ND,58108-2767,,(701) 837-1130  Ext. 0000,APINVOICES@BORDERSTATES.COM,16,nsllist,-,-,-,-
6400,STEPHEN KATONA (REP),,,,,,,,stephenkatona@gmail.com,64,nsllist,-,-,-,-
6405,LEONARD'S ELECTICAL SUPPL,FAX:304-722-4685,,ST ALBANS,WV,25177,,(304) 722-4683  Ext. 0000,,20,nsllist,-,-,-,-
6424,MULLER ELECTRIC SUPPLY,,1816 CRESWELL LANE EXT,OPELOUSAS,LA,70570,,(337) 407-9900  Ext. 0000,,60,nsllist,-,-,-,-
6425,NATCHEZ ELECTRIC & SUPPLY,,PO BOX 825,NATCHEZ,MS,39121-0825,,(601) 442-2711  Ext. 0000,,60,nsllist,-,-,-,-
643,QUINCY LTG. & HOME CENTER,,4817 BROADWAY,QUINCY,IL,62305,,(217) 223-0101  Ext. 0000,,40,nsllist,-,-,-,-
6437,METRO ELEC (ST. LOUIS),,,ST. LOUIS,MO,63139,,(314) 645-5656  Ext. 0000,ap@metroelectricsupply.com,81,nsllist,-,-,-,-
6438,METRO ELEC (BALLWIN),,,ST. LOUIS,MO,63139,,(636) 256-3600  Ext. 0000,ap@metroelectricsupply.com,81,nsllist,-,-,-,-
644,BORDER STATES (PHOEN,,,FARGO,ND,58108-2767,,(602) 244-0331  Ext. 0000,APINVOICES@BORDERSTATES.COM,71,nsllist,-,-,-,-
6440,US ELECTRICAL SVC (ALLSTO,,,MIDDLETOWN,CT,06457-2786,,(617) 442-1000  Ext. 0000,apinvoice@usesi.com,56,nsllist,-,-,-,-
6447,C.E.D./I.C. ELECTRIC (HARVEY),,,,,,,(504) 341-4281  Ext. 0000,accounting@ced-icelectric.com,60,nsllist,-,-,-,-
6462,NELSON ELECTRIC SUPPLY,,P.O. BOX 1528,RACINE,WI,53401-1528,,(262) 635-5050  Ext. 0000,,16,nsllist,-,-,-,-
6466,OWENS LIGHTING & ASSOC,,2804 ALTA VISTA CT,LOUISVILLE,KY,40206,,(502) 895-6502  Ext. 0000,,20,nsllist,-,-,-,-
6467,CAPITAL ELECTRIC (HICKORY),,,,,,,,APINVOICES@SONEPAR-US.COM,57,nsllist,-,-,-,-
6468,CAPITAL ELECTRIC (DURHAM),,,,,,,(919) 384-7093  Ext. 0000,APINVOICES@SONEPAR-US.COM,57,nsllist,-,-,-,-
6469,CAPITAL ELECTRIC (HARRISONBURG),,,HARRISONBURG,VA,22803,,(540) 433-8200  Ext. 0000,APINVOICES@SONEPAR-US.COM,57,nsllist,-,-,-,-
6470,COST PLUS ELEC SUPPLY (Englewood),,2775 S SHOSHONE STREET,ENGLEWOOD,CO,80110,,(303) 733-4788  Ext. 0000,,50,nsllist,-,-,-,-
6477,INDEPENDENT ELEC (MANCHES,,,SOMERVILLE,MA,02143,,(603) 627-2220  Ext. 0000,AP@iesbuy.com,56,nsllist,-,-,-,-
6478,INDEPENDENT ELEC (SOUTH BOSTON),,,SOMERVILLE,MA,02143,,(617) 268-1050  Ext. 0000,AP@iesbuy.com,56,nsllist,-,-,-,-
6479,INDEPENDENT ELEC (AVON),,,,,,,(508) 819-4250  Ext. 0000,AP@iesbuy.com,56,nsllist,-,-,-,-
6480,BLUE RIDGE LIGHTING SUPPL,,,EAST FLAT ROCK,NC,28726,,(828) 693-6046  Ext. 0000,TAMMY@BLUERIDGELIGHTINGSUPPLY.COM,57,nsllist,-,-,-,-
6496,US ELECTRICAL SVC (OLD SA,,,MIDDLETOWN,CT,06457-2786,,(860) 388-3001  Ext. 0000,apinvoice@usesi.com,55,nsllist,-,-,-,-
6505,CENTRAL SUPPLY,,,FORT WAYNE,IN,46856,,(260) 745-4961  Ext. 0000,acctspay@centralsupplycompany.com,74,nsllist,-,-,-,-
6526,K/E ELEC (LIVONIA),,,MOUNT CLEMENS,MI,48043,,(734) 422-3005  Ext. 0000,bettersentbyedi@keelectric.com,64,nsllist,-,-,-,-
6528,K/E ELEC (PORT HURON),,,MOUNT CLEMENS,MI,48043,,(810) 989-9000  Ext. 0000,bettersentbyedi@keelectric.com,64,nsllist,-,-,-,-
6529,DECOTA/SOUTHEAST ELECTRIC,,2002 NORTH KINGSHIGHWAY,CAPE GIRARDEAU,MO,63701,,(573) 334-5445  Ext. 0000,,81,nsllist,-,-,-,-
6533,ELECTRICAL SUPPLY,,2628 NORWICH STREET,BRUNSWICK,GA,31520,,(912) 265-6945  Ext. 0000,,4,nsllist,-,-,-,-
6540,STONEWAY ELEC (DALTON GARDENS),,,SPOKANE,WA,99220,,(208) 772-6200  Ext. 0000,payables@stoneway.com,43,nsllist,-,-,-,-
6541,STONEWAY ELEC (EVERETT),,,SPOKANE,WA,99220-0037,,(425) 743-5959  Ext. 0000,payables@stoneway.com,23,nsllist,-,-,-,-
6543,PINE TREE LIGHTING,,1405 S. LOAPEER ROAD,LAKE ORION,MI,48360,,(248) 693-6248  Ext. 0000,,64,nsllist,-,-,-,-
6547,"ALOHA LIGHT & DESIGN, INC",,74-5599 LUHIA ST #F-10,KAILUA-KONA,HI,96740,,(808) 329-9550  Ext. 0000,,1,nsllist,-,-,-,-
6551,NORTH COAST ELEC (COOS BAY),,,SEATTLE,WA,98124,,(541) 267-2145  Ext. 0000,APINVOICES@SONEPAR-US.COM,22,nsllist,-,-,-,-
6559,C.E.S. (MARTINEZ),,,N CHARLESTON,SC,29405,,(706) 868-1141  Ext. 0000,dallas.ap@cityelectricsupply.com,4,nsllist,-,-,-,-
6560,C.E.S. (MARTINSBURG),,,HICKORY,NC,28601,,(681) 247-2330  Ext. 0000,lisa.varney@cityelectricsupply.com,20,nsllist,-,-,-,-
657,BORDER STATES (HAZELWOOD),,,,,,,(314) 432-2158  Ext. 0000,APINVOICES@BORDERSTATES.COM,81,nsllist,-,-,-,-
6583,WHITE ELECTRIC SUPPLY CO.,,P.O. BOX 83007,LINCOLN,NE,68501,,(402) 476-7587  Ext. 0000,,77,nsllist,-,-,-,-
6584,C.E.D./AMERICAN ELECTRIC,,,MCCOOK,NE,69001,,(308) 345-3414  Ext. 0000,mb@americanelectricmccook.com,77,nsllist,-,-,-,-
659,"CASCADE LIGHTING, INC.",,3395 MILLER PARK RD STE 1,AKRON,OH,44312,,(800) 758-6359  Ext. 0000,,75,nsllist,-,-,-,-
6597,"GOSHEN ELECTRIC, INC.",,P.O. BOX 117,GOSHEN,IN,46527,,(574) 533-1144  Ext. 0000,,74,nsllist,-,-,-,-
6613,NEDCO SUPPLY,,,LAS VEGAS,NV,89102,,(702) 367-0400  Ext. 0000,APINVOICES@SONEPAR-US.COM,71,nsllist,-,-,-,-
6616,THE LIGHTING GALLERY,,P.O. BOX 1585,BANNER ELK,NC,28604,,(828) 898-9656  Ext. 0000,,57,nsllist,-,-,-,-
6619,"WEDCO, INC. (RENO)",,450 TOANO STREET,RENO,NV,89512,,(775) 329-7339  Ext. 0000,,86,nsllist,-,-,-,-
6620,OUTWATER PLASTICS INC,,P.O. BOX 500,BOGOTA,NJ,07603-0500,,(201) 498-8750  Ext. 0000,,1,nsllist,-,-,-,-
663,HUNT ELECTRIC (CARRBORO),,P.O. BOX 2440,BURLINGTON,NC,27216,,(919) 967-8288  Ext. 0000,,57,nsllist,-,-,-,-
6631,ROCKINGHAM ELEC (CLAREMON,,,NEWINGTON,NH,3801,,(603) 542-8711  Ext. 0000,sonepar.invoices@sonepar-us.com,56,nsllist,-,-,-,-
6639,C.E.D. (KEENE),,,KEENE,NH,3431,,(603) 352-3347  Ext. 0000,mholbrook@cedkne.com,56,nsllist,-,-,-,-
664,HINKLEY'S LIGHTING FACTORY,,,PHOENIX,AZ,85012,,(602) 279-6267  Ext. 0000,karen@hinkleys.net,68,nsllist,-,-,-,-
6644,MARSHALL CAMPBELL LTG,,2975 LAPEER ROAD,PORT HURON,MI,48060,,(810) 989-7171  Ext. 0000,,64,nsllist,-,-,-,-
6646,GRAYBAR/4427027 (MANCHEST,,,ST LOUIS,MO,63178,,(603) 624-4341  Ext. 0000,captivainvoice@graybar.com,56,nsllist,-,-,-,-
6649,REXEL/CLS (MANCHESTER),,,PHILADELPHIA,PA,19101,,(603) 669-2700  Ext. 0000,RexelAPinvoices@rexelusa.com,56,nsllist,-,-,-,-
665,HOBRECHT LIGHTING,,,SACRAMENTO,CA,95821,,(916) 487-2690  Ext. 0000,cindyk@hobrechtl1.com,86,nsllist,-,-,-,-
6652,C.E.S. (BOCA RATON),,,,,,,(561) 362-7766  Ext. 0000,fl.ap@cityelectricsupply.com,32,nsllist,-,-,-,-
6654,REXEL/CLS (NASHUA),,,PHILADELPHIA,PA,19101,,(603) 889-1200  Ext. 0000,RexelAPinvoices@rexelusa.com,56,nsllist,-,-,-,-
6657,DESTIN LIGHTING & DESIGN,,,DESTIN,FL,32550,,(850) 650-5035  Ext. 0000,destinlighting@gmail.com,4,nsllist,-,-,-,-
6660,LUMINARIES LTD,,310 COUNTY RD. 9 S.E.,WILLMAR,MN,56201,,(320) 231-1620  Ext. 0000,,16,nsllist,-,-,-,-
6661,SONEPAR USA (SALEM-71 LO),,,MAITLAND,FL,32794-5650,,(603) 893-3004  Ext. 0000,APINVOICES@SONEPAR-US.COM,56,nsllist,-,-,-,-
6662,SONEPAR USA (SALEM-N BROA,,,MAITLAND,FL,32794-5650,,(603) 898-8455  Ext. 0000,APINVOICES@SONEPAR-US.COM,56,nsllist,-,-,-,-
6665,STEVENS LIGHTING FIXTURE,,,SAN ANTONIO,TX,78216,,(210) 344-8400  Ext. 0000,SLC@STEVENSLIGHTING.COM,66,nsllist,-,-,-,-
6669,HOME LIGHTING & SUPPLY,,3212 SOUTH MAIN STREET,SALISBURY,NC,28147-7906,,(704) 636-3883  Ext. 0000,,57,nsllist,-,-,-,-
6672,SONEPAR USA (N BEDFORD-NE,,,MAITLAND,FL,32794-5650,,(508) 998-8900  Ext. 0000,APINVOICES@SONEPAR-US.COM,56,nsllist,-,-,-,-
6674,SONEPAR USA (WORCESTER-NE,,,MAITLAND,FL,32794-5650,,(508) 757-7744  Ext. 0000,APINVOICES@SONEPAR-US.COM,56,nsllist,-,-,-,-
6678,ONE SOURCE,,,,,,,(928) 782-4311  Ext. 0000,APINVOICES@SONEPAR-US.COM,71,nsllist,-,-,-,-
668,HUNT ELECTRIC (RALEIGH),,P.O. BOX 2440,BURLINGTON,NC,27216,,(919) 779-2766  Ext. 0000,,57,nsllist,-,-,-,-
6682,BERKSHIRE LIGHTING OUTLET,,450 PITTSFIELD-LENOX ROAD,LENOX,MA,01240,,(413) 442-3343  Ext. 0000,,55,nsllist,-,-,-,-
6684,VILLAGE LIGHTING & SUPPLY,,,LORAIN,OH,44052,,(440) 288-8898  Ext. 0000,vlgltg253@gmail.com,75,nsllist,-,-,-,-
6685,MCMASTER-CARR (AURORA),,,CHICAGO,IL,60680-5516,,(330) 562-6616  Ext. 0000,invoices@mcmaster.com,75,nsllist,-,-,-,-
6687,SONEPAR USA (FREEH-COOPER,,,MAITLAND,FL,32794-5650,,(732) 462-2424  Ext. 0000,APINVOICES@SONEPAR-US.COM,79,nsllist,-,-,-,-
6695,FERGUSON ENTER (CARRBORO),,,HAMPTON,VA,23670,,(919) 933-6994  Ext. 0000,apinvoices@ferguson.com,57,nsllist,-,-,-,-
6700,FERGUSON ENTER (RALEIGH),,,HAMPTON,VA,23670,,(919) 828-7300  Ext. 0000,apinvoices@ferguson.com,57,nsllist,-,-,-,-
6702,FERGUSON ENTER (LUBBOCK),,,HAMPTON,VA,23670-0406,,(806) 784-3140  Ext. 0000,apinvoices@ferguson.com,39,nsllist,-,-,-,-
6705,GRAYBAR/4427027 (NEWARK),,,ST LOUIS,MO,63178,,(201) 596-2600  Ext. 0000,captivainvoice@graybar.com,80,nsllist,-,-,-,-
6712,WHITMERS CHANDELIER SHACK,,29929 LORAIN ROAD,NORTH OLMSTED,OH,44070,,(440) 777-6969  Ext. 0000,,75,nsllist,-,-,-,-
6713,STATE ELECTRIC (CLARKSBUR,,,HUNTINGTON,WV,25703,,(304) 624-7467  Ext. 0000,AP@STATEELECTRIC.COM,20,nsllist,-,-,-,-
672,ALLBRIGHT & LOCKWOOD,,621 OLD SANTA FE TRAIL #5,SANTA FE,NM,87505,,(505) 986-1715  Ext. 0000,,72,nsllist,-,-,-,-
6720,ALL-PHASE (CHEBOYGAN),,10155 NORTH STRAITS HWY,CHEBOYGAN,MI,49721,,(231) 627-3121  Ext. 0000,,64,nsllist,-,-,-,-
6724,VIKING ELEC (DULUTH),,,,,,,(218) 624-2200  Ext. 0000,APINVOICES@SONEPAR-US.COM,16,nsllist,-,-,-,-
6725,MESCO ELECTRICAL SUPPLY,,P.O. BOX 830,MILFORD,OH,45150,,(419) 629-2711  Ext. 0000,,75,nsllist,-,-,-,-
6738,WARSHAUER ELEC (TINTON FA,,,TINTON FALLS,NJ,7724,,(732) 741-6400  Ext. 0000,AP_WESC@warshauer.com,79,nsllist,-,-,-,-
6742,VINE CITY SUPPLY INC.,,89 LAKE STREET,HAMMONDSPORT,NY,14840,,(607) 569-2281  Ext. 0000,,1,nsllist,-,-,-,-
6751,COOPER ELEC (CAPE MAY COURT,,,,,,,(609) 522-7736  Ext. 0000,APINVOICES@SONEPAR-US.COM,78,nsllist,-,-,-,-
6752,WARSHAUER ELECTRIC SUPPLY (WOODBURY),,,WOODBURY,NJ,08096-2616,,(856) 845-5177  Ext. 0000,AP_WESC@warshauer.com,78,nsllist,-,-,-,-
6763,C.E.S. (BEAUFORT),,,N CHARLESTON,SC,29405,,(843) 524-0529  Ext. 0000,charlestonsouthgroup@cityelectricsupply.com,57,nsllist,-,-,-,-
6768,US ELECTRICAL SVC (STRATF,,,MIDDLETOWN,CT,06457-2786,,(203) 377-1935  Ext. 0000,apinvoice@usesi.com,55,nsllist,-,-,-,-
6771,DEALERS ELEC (LAS CRUCES),P.O. Box 1120,1844 A WEST AMADOR AVE.,LAS CRUCES,NM,88005,,(505) 526-4010  Ext. 0000,,72,nsllist,-,-,-,-
6780,BEST LIGHTING SUPPLY,,,LAKE PARK,FL,33403,,(561) 881-1550  Ext. 0000,WANDA@BESTLIGHTINGSUPPLY.COM,32,nsllist,-,-,-,-
6792,C.E.S. (FT LAUDERD. S),,,ORLANDO,FL,32860,,(954) 522-7266  Ext. 0000,fl.ap@cityelectricsupply.com,32,nsllist,-,-,-,-
6812,DESIGNER'S MART,,6960 GATEWAY EAST,EL PASO,TX,79915,,(915) 778-9223  Ext. 0000,accounting@designers-mart.com,72,nsllist,-,-,-,-
6820,ALL-PHASE (KIRKLAND),,11824 N.E. 112TH STREET,KIRKLAND,WA,98033,,(425) 821-3223  Ext. 0000,,23,nsllist,-,-,-,-
6834,WESCO (AVON ELECTRICAL SUPPLIES),,,"HAUPPAGUE, L.I.",NY,11788,,(631) 582-4770  Ext. 0000,US-APinvoices@wescodist.com,79,nsllist,-,-,-,-
6838,C.E.S. (LEXINGTON),,,DALLAS,TX,75313,,(803) 951-8950  Ext. 0000,EastCoastRGO@cityelectricsupply.com,57,nsllist,-,-,-,-
6843,C.E.S. (CHARLESTON CROSS COUNTY),,,,,,,(843) 823-7227  Ext. 0000,charlestonsouthgroup@cityelectricsupply.com,57,nsllist,-,-,-,-
6844,CRESCENT ELEC (BRONX),,,BRONX,NY,10462-5415,,(718) 527-5600  Ext. 0000,apcorp@cesco.com,80,nsllist,-,-,-,-
6854,ALL-PHASE (BETHLEHEM),,2000 HIGHLAND AVE,BETHLEHEM,PA,18020,,(610) 868-1471  Ext. 0000,,82,nsllist,-,-,-,-
6873,FORT WORTH LIGHTING,,,MANSFIELD,TX,76063,,(817) 483-9577  Ext. 0000,accounting@ftworthlighting.com,39,nsllist,-,-,-,-
6887,NORTH COAST ELEC (SEATTLE,,,SEATTLE,WA,98124,,(206) 624-7357  Ext. 0000,APINVOICES@SONEPAR-US.COM,23,nsllist,-,-,-,-
6888,ELECTRA SUPPLY COMPANY,,331 MILL STREET,POUGHKEEPSIE,NY,12601,,(845) 452-9000  Ext. 0000,,1,nsllist,-,-,-,-
6894,REVERE ELECTRIC SUPPLY CO (JANESVILLE),,,MOKENA,IL,60448,,(608) 755-3904  Ext. 0000,ap@revereelectric.com,16,nsllist,-,-,-,-
6905,C.E.S. (PANAMA CITY),,,,FL,32065,,(850) 640-0474  Ext. 0000,jaxrgo@cityelectricsupply.com,4,nsllist,-,-,-,-
6906,CUMMINGS LIGHTHOUSE INC,,,SEYMOUR,IN,47274,,(812) 523-1034  Ext. 0000,stacie@cummingslighthouse.com,74,nsllist,-,-,-,-
691,HUNZICKER BROS (OK-MAY),,P.O. BOX 25248,OKLAHOMA CITY,OK,73125,,(405) 751-3994  Ext. 0000,,39,nsllist,-,-,-,-
6920,VIKING ELEC (BAXTER),,,,,,,(218) 828-0151  Ext. 0000,APINVOICES@SONEPAR-US.COM,16,nsllist,-,-,-,-
693,CC LIGHTING & DESIGN,,1420 MINNESOTA AVE,BRENTWOOD,CA,94513,,(925) 634-5610  Ext. 0000,,86,nsllist,-,-,-,-
6930,GRAYBAR/4427027 (ROANOKE),,,,,,,(540) 343-3611  Ext. 0000,captivainvoice@graybar.com,57,nsllist,-,-,-,-
6950,"KING ELECTRIC CO., INC.",,P.O. BOX 197,BURLINGTON,NC,27216,,(336) 226-8889  Ext. 0000,,57,nsllist,-,-,-,-
6959,C.E.S. (MIAMI/SWEETWATER),,,,,,,(305) 591-3096  Ext. 0000,fl.ap@cityelectricsupply.com,32,nsllist,-,-,-,-
6960,C.E.S. (MIAMI DOWNTOWN),,,,,,,(305) 579-5891  Ext. 0000,fl.ap@cityelectricsupply.com,32,nsllist,-,-,-,-
6961,GRAYBAR/4427027 (CHARLOTT,,,ST LOUIS,MO,63178,,(704) 392-1804  Ext. 0000,captivainvoice@graybar.com,57,nsllist,-,-,-,-
6962,GRAYBAR/4427027 (CHARLESTON),,,,,,,(000) 000-0000  Ext. 0000,captivainvoice@graybar.com,20,nsllist,-,-,-,-
6963,GRAYBAR/4427027 (EVANSVILLE),,,,,,,,captivainvoice@graybar.com,74,nsllist,-,-,-,-
6964,INLIGHTEN STUDIOS INC,873 APPLEWOOD,,LAFAYETTE,CO,80026,,(303) 449-9899  Ext. 0000,,50,nsllist,-,-,-,-
6965,GALLERY OF LIGHTS,,2900 GILMER RD,LONGVIEW,TX,75604,,(903) 295-9516  Ext. 0000,,39,nsllist,-,-,-,-
6974,C.E.S. (BONITA SPRGS),,,ORLANDO,FL,32860,,(239) 948-3377  Ext. 0000,fl.ap@cityelectricsupply.com,32,nsllist,-,-,-,-
6978,MESCO ELECTRIC SUPP (CLEV,,P.O. BOX 830,MILFORD,OH,45150,,(513) 353-4001  Ext. 0000,,75,nsllist,-,-,-,-
6988,C.E.S. (WINSTON-SALEM),,,,,,,(336) 722-4010  Ext. 0000,piedmonttriadgroup@cityelectricsupply.com,57,nsllist,-,-,-,-
7,A & S ELECTRIC SUPPLY,,3140 CRESCENT AVE,ERLANGER,KY,41018-1367,,(859) 727-1111  Ext. 0000,INVOICE@A-S-ELECTRIC.COM,20,nsllist,-,-,-,-
700,ILLUMINATIONS BY BARRE EL,,1 GLEN ROAD PLAZA,WEST LEBANON,NH,3784,,(603) 298-8036  Ext. 0000,,56,nsllist,-,-,-,-
701,BRIGHT IDEAS DBA THE LAMP SHOP,,,ALBUQUERQUE,NM,87123,,(505) 296-4393  Ext. 0000,CHARLESSILVA@LIGHTINGFORDESIGN.COM,72,nsllist,-,-,-,-
7013,SUMMIT ELEC (PHOENIX),,,ALBUQUERQUE,NM,87197-6409,,(602) 267-1000  Ext. 0000,Payables@summit.com,71,nsllist,-,-,-,-
7035,"SPECTRUM LIGHTING, KLS, LLC",2540 104th STREET,,URBANDALE,IA,50322,,(515) 276-5088  Ext. 0000,,77,nsllist,-,-,-,-
7038,STUSSER ELEC (SALEM),,,SALEM,OR,97302,,(503) 581-3711  Ext. 0000,carly@stussersalem.com,22,nsllist,-,-,-,-
7044,ANIXTER POWER SUPPLY (TAMPA),,,ORLANDO,FL,32802,,(813) 621-9649  Ext. 0000,apsAPE@anixter.com,31,nsllist,-,-,-,-
7046,C.E.D. (RALEIGH),432 MAPLE STREET#16,,RAMONA,CA,92065,,(919) 828-9326  Ext. 0000,,57,nsllist,-,-,-,-
7079,STATE ELEC/LIGON(WINSTON,,,HUNTINGTON,WV,25703,,(336) 723-9656  Ext. 0000,ap@stateelectric.com,57,nsllist,-,-,-,-
7082,WESCO (BISMARCK),,,BISMARCK,ND,58504,,(701) 255-3370  Ext. 0000,US-APinvoices@wescodist.com,16,nsllist,-,-,-,-
7087,WESCO (FARGO),,,FARGO,ND,58102,,(701) 232-4446  Ext. 0000,US-APinvoices@wescodist.com,16,nsllist,-,-,-,-
7088,WESCO (CSC JACKSONVILLE),,,CAROL STREAM,IL,60188,,(904) 732-9200  Ext. 0000,US-APinvoices@wescodist.com,31,nsllist,-,-,-,-
7092,BORDER STATES (FARGO,,,FARGO,ND,58108-2767,,(701) 293-5833  Ext. 0000,APINVOICES@BORDERSTATES.COM,16,nsllist,-,-,-,-
71,INTEGRATED LIGHTING LLC,,7231 N BARNETT LN.,FOX POINT,WI,53217,,(414) 272-0012  Ext. 0000,,16,nsllist,-,-,-,-
7100,ABBOTT ASSOCIATES,,,,,,,(602) 484-7777  Ext. 0000,david@abbottphx.com,71,nsllist,-,-,-,-
7110,COLUMBIA ELEC (CLARKSTON),531 4TH ST.,,CLARKSTON,WA,99403,,(509) 758-5563  Ext. 0000,,23,nsllist,-,-,-,-
7130,GRAYBAR/4427027 (CLEVELAN,,,ST LOUIS,MO,63178,,(216) 432-2500  Ext. 0000,captivainvoice@graybar.com,75,nsllist,-,-,-,-
7132,LEFF ELECTRIC (CLEVELAND),,4700 SPRING ROAD,CLEVELAND,OH,44131,,(216) 432-3000  Ext. 0000,,75,nsllist,-,-,-,-
7137,BERNARD ELECTRIC SUPPLY,,,COLUMBUS,OH,43215,,(614) 221-5195  Ext. 0000,leslie@bernard-electric.com,75,nsllist,-,-,-,-
7144,LOEB ELEC (COLUMBUS),,,COLUMBUS,OH,43219-2592,,(614) 294-6351  Ext. 0000,AP@LOEBELECTRIC.COM,75,nsllist,-,-,-,-
71714,C.E.S. (CHARLESTON DOWNTOWN),,,,SC,29405,,(843) 637-4511  Ext. 0000,charlestongroup@cityelectricsupply.com,57,nsllist,-,-,-,-
71715,C.E.S. (CHARLESTOWN),,,,,,,(617) 935-0237  Ext. 0000,BostonSouthGroup@cityelectricsupply.com,56,nsllist,-,-,-,-
71716,C.E.S. (GARDNER),,,,,,,(978) 958-0700  Ext. 0000,bostonsouthgroup@concordelectricsupply.com,56,nsllist,-,-,-,-
71718,C.E.S. (GILBERT SOUTH),,,,,,,(480) 608-0403  Ext. 0000,cespayables@cityelectricsupply.com,71,nsllist,-,-,-,-
7177,ALL-PHASE (LIMA),,,,,45801,,(419) 221-1000  Ext. 0000,INVOICES - apelima.4169@billinginbox.com,75,nsllist,-,-,-,-
7191,WOLFF BROS (MAUMEE),,,MEDINA,OH,44256-9499,,(330) 725-3451  Ext. 0000,ap@wolffbros.com,75,nsllist,-,-,-,-
7192,WOLFF BROS (MEDINA),,,MEDINA,OH,44256-9499,,(330) 725-3451  Ext. 0000,ap@wolffbros.com,75,nsllist,-,-,-,-
7193,WOLFF BROS (WHITEHALL),,,,,,,(614) 421-7017  Ext. 0000,ap@wolffbros.com,75,nsllist,-,-,-,-
7197,MESCO CORPORATION,,P.O. BOX 830,MILFORD,OH,45150,,(513) 831-6513  Ext. 0000,,75,nsllist,-,-,-,-
72015,MORRISON SUPPLY (DALLAS),,,FORT WORTH,TX,76101,,(817) 259-0968  Ext. 0000,NTVERIFICATION@MORSCO.COM,39,nsllist,-,-,-,-
7207,WOMACK ELECTRIC (DANVILLE,,,DANVILLE,VA,24543,,(804) 793-3131  Ext. 0000,ap.invoices@womackelectric.com,57,nsllist,-,-,-,-
7209,WOMACK ELECTRIC (ROCKY MO,,,DANVILLE,VA,24543,,(540) 483-9699  Ext. 0000,ap.invoices@womackelectric.com,57,nsllist,-,-,-,-
7213,C.E.D. (ABERDEEN),,P.O. BOX 870,ABERDEEN,WA,98520,,(360) 533-2852  Ext. 0000,,23,nsllist,-,-,-,-
7214,"C.E.D. (FAIRFIELD, CA)",4227 LOZANO LANE SUITE D,,FAIRFIELD,CA,94534-1482,,(707) 425-0137  Ext. 0000,,85,nsllist,-,-,-,-
7215,C.E.D. (ELLENSBURG),412 S RAILROAD AVE,,ELLENSBURG,WA,98926,,(509) 925-4537  Ext. 0000,,23,nsllist,-,-,-,-
7216,C.E.D. (AUGUSTA),,,AUGUSTA,GA,30909,,(706) 854-0747  Ext. 0000,CROGERS@CEDAUGUSTA.COM,4,nsllist,-,-,-,-
7218,GLOBE LTG/DOLAN NW (LAKE OSWEGO,,oleontyuk@dolanco.com,PORTLAND,OR,97209,,(503) 639-8816  Ext. 0000,,43,nsllist,-,-,-,-
7236,C.E.D. (MASSENA),,P.O. BOX 368,MASSENA,NY,13662,,(315) 769-1584  Ext. 0000,,1,nsllist,-,-,-,-
7284,WISCONSIN KITCHEN MART,,3601 W. WISCONSIN AVENUE,MILWAUKEE,WI,53208,,(414) 342-3300  Ext. 0000,,16,nsllist,-,-,-,-
7285,C.E.D. (SAN RAFAEL),,,SAN RAFAEL,CA,94901,,(415) 459-2750  Ext. 0000,ap@ces-sanrafael.com,86,nsllist,-,-,-,-
7286,C.E.S. (SAN JUAN),,,,,,,,fl.ap@cityelectricsupply.com,99,nsllist,-,-,-,-
7289,NORTH COAST ELEC (BEND),,,SEATTLE,WA,98124,,(541) 382-6211  Ext. 0000,APINVOICES@SONEPAR-US.COM,22,nsllist,-,-,-,-
7294,C.E.D. (EUGENE),,,EUGENE,OR,97440,,(541) 683-2474  Ext. 0000,sgoette@cedeugene.com,22,nsllist,-,-,-,-
7298,"UNITED LIGHTING CO., INC.",,5716-1 ST AUGUSTINE ROAD,JACKSONVILLE,FL,32207,,(904) 680-0874  Ext. 0000,,31,nsllist,-,-,-,-
73,MCGOWAN ELECTRIC (JACKSON,,,JACKSON,MI,49204-0765,,(517) 782-9301  Ext. 0000,russspreeman@mcgowanelectric.com,64,nsllist,-,-,-,-
7322,PLATT ELEC (TUALATIN),,,,,,,(503) 684-2087  Ext. 0000,plattap@platt.com,22,nsllist,-,-,-,-
733,ROCKINGHAM ELEC (PORTLAND,,,NEWINGTON,NH,3801,,(207) 772-4614  Ext. 0000,sonepar.invoices@sonepar-us.com,56,nsllist,-,-,-,-
7341,QUEEN CITY ELECTRICAL SUP,,P.O. BOX 1288,ALLENTOWN,PA,18105,,(610) 439-0525  Ext. 0000,,82,nsllist,-,-,-,-
7350,WESTSIDE LIGHTING GALLERY,,5375 SOUTH DESERT BLVD.,EL PASO,TX,79932,,(915) 585-3000  Ext. 0000,,72,nsllist,-,-,-,-
736,ARCHITECTURAL LTG RESOURCES,,,OMAHA,NE,68137,,(402) 397-2867  Ext. 0000,lisaglennalr@gmail.com,77,nsllist,-,-,-,-
74,ROBINSON ELECTRIC SUPPLY (MERIDIAN),2103 B STREET,,MERIDIAN,MS,39302,,(601) 693-6711  Ext. 0000,,60,nsllist,-,-,-,-
741,TAOS LIGHTING CENTER,,PO BOX 1209,TAOS,NM,87571,,(575) 758-2128  Ext. 0000,,72,nsllist,-,-,-,-
7410,REXEL (PITTSTON),,,PHILADELPHIA,PA,19101,,(570) 602-9400  Ext. 0000,RexelAPinvoices@rexelusa.com,1,nsllist,-,-,-,-
7419,"BRADY INDUSTRIES OF CALIFORNIA (M.S.M., INC.",,,SAN RAFAEL,CA,94901,,(415) 258-0550  Ext. 0000,accounts.payable@bradyindustries.com,1,nsllist,-,-,-,-
7438,STUSSER ELEC (OLYMPIA),,,OLYMPIA,WA,98501,,(360) 943-1900  Ext. 0000,customerservice@stusserolympia.com,23,nsllist,-,-,-,-
7442,TEXAS BRIGHT IDEAS,,300 MILLERS CROSSING,HARKER HEIGHTS,TX,76548,,(254) 699-2509  Ext. 0000,,66,nsllist,-,-,-,-
7446,RAINBOW LIGHTING,,,NORTHBROOK,IL,60062,,(847) 480-1136  Ext. 0000,invoices@rainbowlightinginc.com,40,nsllist,-,-,-,-
7449,WILLIAMS BROTHERS,DAVID,,MANY,LA,71449,,(318) 256-2068  Ext. 0000,,60,nsllist,-,-,-,-
7450,MARS ELECTRIC (MENTOR),,,MAYFIELD VILLAGE,OH,44143,,(440) 205-1577  Ext. 0000,payables@mars-electric.com,75,nsllist,-,-,-,-
7453,BOYD LIGHTING DESIGNS,,2907 BURNSIDE,SAN ANTONIO,TX,78209,,(210) 804-0743  Ext. 0000,,66,nsllist,-,-,-,-
7464,SOPRIS LIGHTING,,P.O. BOX 903,GLENWOOD SPRING,CO,81602,,(970) 945-9876  Ext. 0000,,50,nsllist,-,-,-,-
7469,THE FIXTURE EXCHANGE,,,DESTIN,FL,32541,,(850) 654-8883  Ext. 0000,LINDA@THEFIXTUREEXCHANGE.COM,4,nsllist,-,-,-,-
7472,WOLFF BROS (WOOSTER),,,MEDINA,OH,44256,,(330) 264-3103  Ext. 0000,ap@wolffbros.com,75,nsllist,-,-,-,-
7473,SERVICE LIGHTING EXPRESS,,2 MADELEINE CRT,HUDSON,NH,03051,,(603) 318-6485  Ext. 0000,,56,nsllist,-,-,-,-
748,FELT LIGHTING,,1220 EAST 3300 SOUTH,SALT LAKE CITY,UT,84106,,(801) 484-8571  Ext. 0000,,50,nsllist,-,-,-,-
7481,VIKING ELEC (PLYMOUTH),,,,,,,(763) 383-2929  Ext. 0000,APINVOICES@SONEPAR-US.COM,16,nsllist,-,-,-,-
749,JAMES S. NELSON & ASSOC.,,,Cedarburg,WI,53012,,(262) 674-0079  Ext. 0000,Josh.jsna@gmail.com,16,nsllist,-,-,-,-
7492,BARBIZON LTG CO (CHICAGO),,2525 N ELSTON AVE #D220,CHICAGO,IL,60647,,(773) 276-8500  Ext. 0000,,40,nsllist,-,-,-,-
75,NORTHEAST ELECTRICAL (NEW LONDON),,,MAITLAND,FL,32794-5650,,(860) 443-7191  Ext. 0000,APINVOICES@SONEPAR-US.COM,55,nsllist,-,-,-,-
750,"UPSTAGING, INC.",,821 PARK AVE,SYCAMORE,IL,60178,,(815) 899-9888  Ext. 0000,,1,nsllist,-,-,-,-
7515,ANIXTER POWER SUPPLY (PANAMA C,,,ORLANDO,FL,32802,,(850) 236-3419  Ext. 0000,apsAPE@anixter.com,4,nsllist,-,-,-,-
7522,LEE ELECTRIC SUPPLY CO.,,,SCRANTON,PA,18505,,(570) 348-6741  Ext. 0000,jeanette@leeelectricsupply.com,82,nsllist,-,-,-,-
7554,CAPITAL ELECTRIC (YORK),,,MAITLAND,FL,32794-5650,,(717) 843-0786  Ext. 0000,APINVOICES@SONEPAR-US.COM,78,nsllist,-,-,-,-
7560,GRANITE CITY (PAWTUCKET),,,QUINCY,MA,02269-9189,,(401) 724-7100  Ext. 0000,Invoices@gcecorp.com,56,nsllist,-,-,-,-
7565,MASTRO ELECTRIC (PROVIDEN,,,PROVIDENCE,RI,2907,,(401) 467-7700  Ext. 0000,wr.mastro@verizon.net,56,nsllist,-,-,-,-
7594,DEKALB WHOLESALE INC,,P.O. BOX 680124,FORT PAYNE,AL,35968,,(256) 845-5550  Ext. 0000,,4,nsllist,-,-,-,-
7595,C.E.D. (NEW CASTLE),,cc: sales@cednewcastle.com,NEW CASTLE,CO,81647,,(970) 984-2225  Ext. 0000,sboren@cednewcastle.com,50,nsllist,-,-,-,-
76,PLATT ELEC (SALEM),,,,,,,(503) 581-7012  Ext. 0000,plattap@platt.com,22,nsllist,-,-,-,-
760,JOSEPH'S ELECTRICAL CENTE,,,LAKE CHARLES,LA,70602,,(337) 436-4930  Ext. 0000,JOSEPHSEC@AOL.COM,60,nsllist,-,-,-,-
7606,INLINE ELEC (MONTGOMERY),,,HUNTSVILLE,AL,35807,,(334) 279-9050  Ext. 0000,ap@inlineelectric.com,4,nsllist,-,-,-,-
7632,CRESCENT ELEC (RAPID CITY,,,RAPID CITY,SD,57709-1136,,(605) 342-7913  Ext. 0000,apcorp@cesco.com,16,nsllist,-,-,-,-
7635,C.E.D. (GREENTECH/ CAPITAL ELECTRIC SUPPLY)),,,TEMPE,AZ,85282,,(480) 968-9341  Ext. 0000,sandee@cedgreentechsw.com,71,nsllist,-,-,-,-
7636,C.E.D. (TUPELO),1545 CLIFF GOOKIN BLVD,,TUPELO,MS,38801,,(662) 844-0603  Ext. 0000,,60,nsllist,-,-,-,-
7638,J.H. LARSON ELECTRICAL (SIOUX FALLS),,,PLYMOUTH,MN,55442,,(605) 339-1990  Ext. 0000,jhlap@jhlarson.com,16,nsllist,-,-,-,-
7645,CRESCENT ELEC (YANKTON),,,YANKTON,SD,57078-0122,,(605) 665-3471  Ext. 0000,apcorp@cesco.com,16,nsllist,-,-,-,-
765,WOLFERS LTG/VISUAL COMFORT (SAVANNAH),,cc:nflynn@visualcomfort.com,SAVANNAH,GA,31401,,(912) 447-6670  Ext. 0000,directap@visualcomfort.com,4,nsllist,-,-,-,-
7653,LASALLE LIGHTING,,2590 HIGHWAY 2 EAST,KALISPELL,MT,59901,,(406) 752-2424  Ext. 0000,,50,nsllist,-,-,-,-
766,K & M ELECTRICAL SUPPLY,,7641 CNTRL INDUSTRIAL DR.,RIVIERA BEACH,FL,33404-3487,,(561) 842-4911  Ext. 0000,,32,nsllist,-,-,-,-
7665,WHOLESALE SUPPLY (MARYVILLE),P.O. BOX 4080,,CLEVELAND,TN,37320-4080,,(865) 982-3630  Ext. 0000,,20,nsllist,-,-,-,-
7666,WHOLESALE SUPPLY (CLEV-CH,,,CLEVELAND,TN,37320,,(423) 479-5997  Ext. 0000,SHANDA.BENDER@WSGINC.COM,20,nsllist,-,-,-,-
7668,SCORPIO INTERIORS,,1517 BARDSTOWN RD,LOUISVILLE,KY,40205,,(502) 451-1224  Ext. 0000,,20,nsllist,-,-,-,-
7670,LIGHTOLOGY,,,CHICAGO,IL,60614,,(312) 944-1000  Ext. 0000,accountspayable@lightology.com,40,nsllist,-,-,-,-
7700,GRACE LIGHTING - FORMER REP,FORMER REP,,,,,,,,77,nsllist,-,-,-,-
7706,HARV'S ELECTRIC,,401 MILWAUKEE STREET,KEWAUNEE,WI,54216,,(920) 388-3699  Ext. 0000,,16,nsllist,-,-,-,-
7708,STOKES ELEC (KNOXVILLE),,,KNOXVILLE,TN,37901,,(865) 525-0351  Ext. 0000,payables@stokeselec.com,20,nsllist,-,-,-,-
7709,STOKES ELEC (KNOXVILLE),,,KNOXVILLE,TN,37901-2503,,(865) 558-0351  Ext. 0000,payables@stokeselec.com,20,nsllist,-,-,-,-
7714,SHAMROCK CABINETS,,P.O. BOX 724,IRELAND,IN,47545,,(812) 482-7969  Ext. 0000,,1,nsllist,-,-,-,-
7719,UNIVERSAL ELECTRIC SUPPLY,,301 HUDSON LANE,MONROE,LA,71201,,(337) 788-0702  Ext. 0000,,60,nsllist,-,-,-,-
7734,IESCO,,7540 N.W. 66TH ST.,MIAMI,FL,33166,,(305) 591-8380  Ext. 0000,,32,nsllist,-,-,-,-
7743,STOKES ELEC (PIGEON FORGE,,,KNOXVILLE,TN,37901,,(865) 453-7561  Ext. 0000,payables@stokeselec.com,20,nsllist,-,-,-,-
775,"LIGHT OPTIONS, INC.",,P.O. BOX 704,GENEVA,IL,60134,,(630) 262-8400  Ext. 0000,,40,nsllist,-,-,-,-
7768,C.E.D. (AUSTIN),,622 MORROW,AUSTIN,TX,78752,,(512) 458-6313  Ext. 0000,,66,nsllist,-,-,-,-
7769,BORDER STATES (MIDLA,,,FARGO,ND,58108-2767,,(432) 520-0230  Ext. 0000,APINVOICES@BORDERSTATES.COM,39,nsllist,-,-,-,-
7800,DIVERSIFIED NJ (REP),"55 LANE ROAD, SUITE 360",,FAIRFIELD,NJ,07004,,(973) 439-1524  Ext. 153,,78,nsllist,-,-,-,-
782,LANDSCAPE LTG CONCEPTS,,780 RESERVOIR AVENUE,CRANSTON,RI,02910,,(401) 785-3990  Ext. 0000,,56,nsllist,-,-,-,-
7836,DEALERS ELEC (EL PASO),,,EL PASO,TX,79926,,(915) 775-9700  Ext. 0000,jalmag@dealerselectrical.com,72,nsllist,-,-,-,-
7850,GRAYBAR/4427027 (SPARKS),,,ST LOUIS,MO,63178,,(775) 332-5200  Ext. 0000,captivainvoice@graybar.com,71,nsllist,-,-,-,-
7878,GRAYBAR/4427027 (TAUNTON),,,,,,,(508) 967-1777  Ext. 0000,captivainvoice@graybar.com,56,nsllist,-,-,-,-
7888,WHOLESALE ELECTRIC SUPPLY (HOUSTON),,,,TX,77223,,(713) 748-6100  Ext. 0000,,66,nsllist,-,-,-,-
7890,ANIXTER POWER SUPPLY (HOUSTON),,,ORLANDO,FL,32802,,(713) 744-9400  Ext. 0000,apsAPE@anixter.com,66,nsllist,-,-,-,-
7891,METROPOLITAN OPERA ASSOC.,ELECTRIC DEPT ATTN: DANIEL BOBEK,LINCOLN CENTER (ATTN A/P),NEW YORK,NY,10023,,(212) 799-3100  Ext. 0000,,1,nsllist,-,-,-,-
7894,DEALERS ELEC (KERRVILLE),,,KERRVILLE,TX,78029,,(830) 896-0555  Ext. 0000,cdurha@dealerselectrical.com,66,nsllist,-,-,-,-
7895,REXEL-ESI (PORTSMOUTH VA),,,PHILADELPHIA,PA,19101,,(757) 397-4631  Ext. 0000,RexelAPinvoices@rexelusa.com,57,nsllist,-,-,-,-
7900,C.E.D. (LAREDO),,,LAREDO,TX,78041,,(956) 722-4951  Ext. 0000,CEDLaredo.4007@billinginbox.com,66,nsllist,-,-,-,-
7906,WALNUT CREEK LIGHTING,,1385 NEWELL AVENUE,WALNUT CREEK,CA,94596,,(925) 256-6631  Ext. 0000,,86,nsllist,-,-,-,-
7909,MORRISON SUPPLY (LUBBOCK),,CC:  jmathews@morsco.com,LUBBOCK,TX,79424,,(806) 785-6888  Ext. 0000,ntverification@morsco.com,39,nsllist,-,-,-,-
7913,ELLIOTT ELEC (GILBERT),,,,,,,(602) 325-9757  Ext. 0000,apinvoices@elliottelectric.com,71,nsllist,-,-,-,-
7919,SPRINGFIELD ELEC (SPRINGF,,,SPRINGFIELD,IL,62708-4107,,(217) 788-2100  Ext. 0000,sescoap@springfieldelectric.com,40,nsllist,-,-,-,-
7922,ELLIOTT ELEC (NACOGDOCHES,,,NACOGDOCHES,TX,75963-0610,,(936) 569-7941  Ext. 0000,apinvoices@elliottelectric.com,39,nsllist,-,-,-,-
7923,ELLIOTT ELEC (HUNTSVILLE),,,NACOGDOCHES,TX,75963-0610,,(936) 439-0658  Ext. 0000,apinvoices@elliottelectric.com,39,nsllist,-,-,-,-
7962,DEALERS ELEC (SAN MARCOS),P.O. BOX 845,616 Texas Ave.,SAN MARCOS,TX,78666,,(512) 396-5454  Ext. 0000,,66,nsllist,-,-,-,-
7978,DEALERS ELEC (TEXARKANA),P.O. Drawer 38,1804 WATERALL,TEXARKANA,TX,75501,,(903) 794-3596  Ext. 0000,,39,nsllist,-,-,-,-
7985,ELLIOTT ELEC (UVALDE),,,,,,,(830) 278-1938  Ext. 0000,apinvoices@elliottelectric.com,39,nsllist,-,-,-,-
7986,ELLIOTT ELEC (TYLER),,,NACOGDOCHES,TX,75963-0610,,(903) 509-9882  Ext. 0000,apinvoices@elliottelectric.com,39,nsllist,-,-,-,-
7988,ELLIOTT ELEC (TUSCON),,,,,,,(520) 526-1947  Ext. 0000,apinvoices@elliottelectric.com,71,nsllist,-,-,-,-
7989,ELLIOTT ELEC (SULPHUR),,,,,,,(337) 533-8019  Ext. 0000,apinvoices@elliottelectric.com,60,nsllist,-,-,-,-
7990,"FLAT LANDS SUPPLY, INC.",,,VAN WERT,OH,45891,,(419) 238-1233  Ext. 0000,flsapar@flatlandssupply.com,75,nsllist,-,-,-,-
800,C.E.S. (WATERFORD),,,ANN ARBOR,MI,48108,,(248) 674-4435  Ext. 0000,michiganeastgroup@cityelectricsupply.com,64,nsllist,-,-,-,-
8008,JEFF KIRKMAN (SUB-REP),,,NEWNAN,GA,,,(000) 000-0000  Ext. 0000,Jeff.TravelinLight@gmail.com,4,nsllist,-,-,-,-
8009,GEXPRO (POMPANO BEACH ),,,PHILADELPHIA,PA,19101-3623,,(954) 977-2612  Ext. 0000,GexproAPInvoices@rexelusa.com,32,nsllist,-,-,-,-
8025,C.E.D. (RUTLAND),,,RUTLAND,VT,5701,,(802) 775-2972  Ext. 0000,CEDRUTLAND.6533@BILLINGINBOX.COM,56,nsllist,-,-,-,-
8027,MCNAUGHTON-MCKAY (FLINT),,,MADISON HEIGHTS,MI,48071,,(810) 238-5611  Ext. 0000,MI_acctspay@mc-mc.com,64,nsllist,-,-,-,-
8029,C.E.D. (WILLISTON - SO BURLINGTON),,,SO. BURLINGTON,VT,05403,,(802) 864-0186  Ext. 0000,customerservice@cedburlington.com,56,nsllist,-,-,-,-
803,DIAL ELECTRIC SUPPLY CO. INC,,2240-C KALUAOLALENA ST,HONOLULU,HI,96819,,(808) 845-7811  Ext. 0000,,1,nsllist,-,-,-,-
8033,MARX FIREPLACES & LIGHTIN,PAMELA S KRUGER,3445 SOUTH SIXTH STREET,SPRINGFIELD,IL,62703,,(217) 529-7687  Ext. 0000,,40,nsllist,-,-,-,-
8034,FERGUSON ENTER (WATERFORD,,,HAMPTON,VA,23670,,(248) 674-2010  Ext. 0000,apinvoices@ferguson.com,64,nsllist,-,-,-,-
8035,CAPITAL ELECTRIC (ALEXANDRIA),,,MAITLAND,FL,32794,,(703) 253-9780  Ext. 0000,APINVOICES@SONEPAR-US.COM,57,nsllist,-,-,-,-
8036,DOMINION ELEC  (ARLINGTON),,,ARLINGTON,VA,22207,,(703) 536-4400  Ext. 0000,vendorinvoices@dominionelectric.com,57,nsllist,-,-,-,-
8037,DOMINION ELEC (MANASSA),,,,,,,(571) 921-1050  Ext. 0000,vendorinvoices@dominionelectric.com,57,nsllist,-,-,-,-
8042,"REXEL USA, INC (MAYER-MCDONOUGH)",,,,,,,(678) 561-9123  Ext. 0000,APINVOICES@MAYERELECTRIC.COM,4,nsllist,-,-,-,-
8057,C.E.S. (SURPRISE),,,,,,,(623) 866-4509  Ext. 0000,cespayables@cityelectricsupply.com,71,nsllist,-,-,-,-
8058,C.E.S. (SUMMERVILLE),,,,,,,(843) 821-8400  Ext. 0000,charlestonsouthgroup@cityelectricsupply.com,57,nsllist,-,-,-,-
8059,C.E.S. (SUMMERFIELD),,,ORANGE PARK,FL,32065,,(352) 403-0390  Ext. 0000,jaxrgo@cityelectricsupply.com,31,nsllist,-,-,-,-
8077,FOSTER ELECTRIC CO.,,,LYNCHBURG,VA,24506-1498,,(434) 528-4100  Ext. 0000,ap@fosterelectric.com,57,nsllist,-,-,-,-
8079,MUSKA LIGHTING,,,EDEN PRAIRIE,MN,55344,,(651) 268-7263  Ext. 0000,ap@muskalighting.com,16,nsllist,-,-,-,-
8086,CAPITAL ELECTRIC (GREENSBORO),,,,,,,(336) 294-3257  Ext. 0000,APINVOICES@SONEPAR-US.COM,57,nsllist,-,-,-,-
8088,"NESCO,INC (TUPELO)",,,,,,,(662) 840-4750  Ext. 0000,mshettles@nescoelectric.com,60,nsllist,-,-,-,-
8090,GEXPRO (RUNNEMEDE),,,,,,,(856) 241-4700  Ext. 0000,GexproAPInvoices@rexelusa.com,82,nsllist,-,-,-,-
8095,GEXPRO (SHELTON),,,,,,,(203) 925-2405  Ext. 0000,GexproAPInvoices@rexelusa.com,55,nsllist,-,-,-,-
8101,OLYMPIA LIGHTING CENTER,,2633 MARTIN WAY EAST,OLYMPIA,WA,98506,,(360) 956-1953  Ext. 0000,,23,nsllist,-,-,-,-
8122,SOUTHERN ELEC (STAUNTON),,P.O. BOX 2337,STAUNTON,VA,24401,,(540) 886-6218  Ext. 0000,,57,nsllist,-,-,-,-
8126,CAPITAL ELECTRIC (VBEACH THURSTON),,,,,23455,,(757) 460-1161  Ext. 0000,APINVOICES@SONEPAR-US.COM,57,nsllist,-,-,-,-
8127,CAPITAL ELECTRIC (VBEACH HORSE),,,,,,,(757) 821-7733  Ext. 0000,APINVOICES@SONEPAR-US.COM,57,nsllist,-,-,-,-
8136,FERGUSON ENTER (CHARLESTO,,,HAMPTON,VA,23670,,(843) 747-6301  Ext. 0000,apinvoices@ferguson.com,57,nsllist,-,-,-,-
814,M.E.W.S. INC.,,811 HWY 72 W.,ATHENS,AL,35611,,(256) 232-8456  Ext. 0000,,4,nsllist,-,-,-,-
8141,C.E.D. (FORT COLLINS),,2025 SHARP POINT DR,FT COLLINS,CO,80525,,(970) 484-4377  Ext. 0000,,50,nsllist,-,-,-,-
8144,PLATT ELEC (BELLINGHAM),,,,,,,(360) 676-0800  Ext. 0000,plattap@platt.com,23,nsllist,-,-,-,-
8147,C.E.D. (BREMERTON),,,BREMERTON,WA,98312-0160,,(360) 377-8585  Ext. 0000,rachelle.lee@cedbrem.com,23,nsllist,-,-,-,-
815,GRAYBAR/4427027 (CHEEKTOW,,,ST LOUIS,MO,63178,,(716) 565-5900  Ext. 0000,captivainvoice@graybar.com,1,nsllist,-,-,-,-
8152,PLATT ELEC (SEATTLE),,,,,,,(206) 624-4083  Ext. 0000,plattap@platt.com,23,nsllist,-,-,-,-
8162,STONEWAY ELEC (SPOKANE),,,SPOKANE,WA,99202-0037,,(509) 535-2933  Ext. 0000,payables@stoneway.com,23,nsllist,-,-,-,-
8166,C.E.D. (TACOMA),,,TACOMA,WA,98409,,(253) 383-5961  Ext. 0000,ap@ced-tacoma.com,23,nsllist,-,-,-,-
8167,C.E.D. (UPPER MARLBORO),,,,,,,(301) 386-2000  Ext. 0000,CEDSTERLING.2367@billinginbox.com,62,nsllist,-,-,-,-
8172,PLATT ELEC (TRACY),,,,,,,(209) 835-1986  Ext. 0000,plattap@platt.com,86,nsllist,-,-,-,-
8182,PLATT ELEC (WALLA WALLA),,,,,,,(509) 522-0611  Ext. 0000,plattap@platt.com,23,nsllist,-,-,-,-
8185,GREEN MOUNTAIN (JAMESTOWN),,,,,,,(716) 664-2618  Ext. 0000,ap@gmes.com,54,nsllist,-,-,-,-
8190,DAKOTA SUPPLY (RAPID CITY,,,RAPID CITY,SD,57703,,(605) 348-7100  Ext. 0000,ap@dsginc.biz,16,nsllist,-,-,-,-
8191,CAPITAL ELECTRIC (FISHERVILLE),,,,VA,22939,,(540) 946-7950  Ext. 0000,APINVOICES@SONEPAR-US.COM,57,nsllist,-,-,-,-
8195,STATE ELECTRIC (BECKLEY),,,HUNTINGTON,WV,25703,,(304) 256-2200  Ext. 0000,AP@STATEELECTRIC.COM,20,nsllist,-,-,-,-
8197,STATE ELECTRIC (BLUEFIELD,,,HUNTINGTON,WV,25703,,(304) 327-3464  Ext. 0000,AP@STATEELECTRIC.COM,20,nsllist,-,-,-,-
820,SBS ELECTRIC SUPPLY,,625 SOUTH CHERRY STREET,FLORENCE,AL,35630,,(256) 764-8481  Ext. 0000,,4,nsllist,-,-,-,-
8200,DIVERSIFIED PHL (REP),,730 Louis Drive,WARMINSTER,PA,18974,,(215) 442-0700  Ext. 0000,invoice@divphl.com,82,nsllist,-,-,-,-
8201,C.E.D. (DALLAS),11560 HILLGUARD RD,,DALLAS,TX,75243,,(214) 932-3000  Ext. 0000,,39,nsllist,-,-,-,-
8205,STATE ELECTRIC (HUNTINGTON),,,HUNTINGTON,WV,25703-0397,,(304) 523-7491  Ext. 0000,AP@STATEELECTRIC.COM,20,nsllist,-,-,-,-
821,MARSHALL CAMPBELL LTG (LA,,2975 LAPEER ROAD,PORT HURON,MI,48060,,(810) 245-7100  Ext. 0000,,64,nsllist,-,-,-,-
8211,STATE ELECTRIC (PARKERSBU,,,HUNTINGTON,WV,25703,,(304) 424-8100  Ext. 0000,AP@STATEELECTRIC.COM,20,nsllist,-,-,-,-
8221,CAPITAL ELECTRIC (BLUFFTON),,,,,,,(843) 706-1600  Ext. 0000,APINVOICES@SONEPAR-US.COM,57,nsllist,-,-,-,-
8222,CAPITAL ELECTRIC (CHARLESTON),,,,,,,(843) 745-6900  Ext. 0000,APINVOICES@SONEPAR-US.COM,57,nsllist,-,-,-,-
8228,WESCO (GREEN BAY),,,CAROL STREAM,IL,60188,,(920) 336-8002  Ext. 0000,US-APinvoices@wescodist.com,16,nsllist,-,-,-,-
8231,"C.E.S. (WILMINGTON, DE)",,,BROCKTON,MA,02301,,(302) 777-5300  Ext. 0000,bostonsouthgroup@concordelectricsupply.com,78,nsllist,-,-,-,-
8232,THE HOME STORE,,,PARSONS,KS,67357,,(620) 421-4272  Ext. 0000,KELLY@THEHOMESTORE-PARSONS.COM,81,nsllist,-,-,-,-
824,J.H. LARSON ELECTRICAL (MINNEAPOLIS),,,PLYMOUTH,MN,55442,,(612) 339-5555  Ext. 0000,jhlap@jhlarson.com,16,nsllist,-,-,-,-
8241,REXEL (WOODBRIDGE),,,PHILADELPHIA,PA,19101,,(703) 580-7122  Ext. 0000,RexelAPinvoices@rexelusa.com,57,nsllist,-,-,-,-
8250,CRESCENT ELEC (MADISON),,,MADISON,WI,53708-8830,,(608) 241-2882  Ext. 0000,apcorp@cesco.com,16,nsllist,-,-,-,-
8252,DENNEY ELEC (LOCK HAVEN),,,AMBLER,PA,19002,,(570) 748-7834  Ext. 0000,ap@denneyelectricsupply.com,82,nsllist,-,-,-,-
8255,GRAYBAR/4427027 (MANITOWO,34 NORTH MERAMEC,captivainvoice@graybar.com,CLAYTON,MO,63105,,(920) 684-4441  Ext. 0000,,16,nsllist,-,-,-,-
8256,GRAYBAR/4427027 (LACA POMONA),,,,,,,(909) 451-4300  Ext. 0000,captivainvoice@graybar.com,86,nsllist,-,-,-,-
8257,GRAYBAR/4427027 (LINCOLN),,,,,,,(000) 000-0000  Ext. 0000,captivainvoice@graybar.com,77,nsllist,-,-,-,-
8258,MAYNARD'S ELEC (ROCHESTER,,3445 WINTON PLACE,ROCHESTER,NY,14623,,(585) 272-0860  Ext. 0000,,1,nsllist,-,-,-,-
8259,BORDER STATES (GRAND,,,FARGO,ND,58108-2767,,(701) 772-3477  Ext. 0000,APINVOICES@BORDERSTATES.COM,16,nsllist,-,-,-,-
8263,GREEN MOUNTAIN (ALBANY),,,,,,,(518) 273-6512  Ext. 0000,ap@gmes.com,56,nsllist,-,-,-,-
8265,GREEN MOUNTAIN (SHREWSBURY),,,,,,,(508) 365-1381  Ext. 0000,ap@gmes.com,56,nsllist,-,-,-,-
8270,GRANITE CITY (BRATTLEBORO,,,QUINCY,MA,2269,,(802) 254-8256  Ext. 0000,Invoices@gcecorp.com,56,nsllist,-,-,-,-
8272,CAPITOL LIGHTING (BOCA RA,,tracking on invoice,BOCA RATON,FL,33487,,(561) 994-9570  Ext. 0000,invcm@1800lighting.com,32,nsllist,-,-,-,-
8273,CAPITOL LIGHTING (EATONTOWN),,,BOCA RATON,FL,33487,,(732) 542-9311  Ext. 0000,linda@1800lighting.com,79,nsllist,-,-,-,-
8276,ROCKINGHAM ELEC (AMESBURY,,,NEWINGTON,NH,3801,,(978) 388-1300  Ext. 0000,sonepar.invoices@sonepar-us.com,56,nsllist,-,-,-,-
828,A.C. ELEC (SMITHTOWN),,,SMITHTOWN,NY,11787-5128,,(631) 265-2252  Ext. 0000,ap@ac-elect.com,80,nsllist,-,-,-,-
8282,VIKING ELEC (SHEBOYGAN),,,,,,,(920) 459-4500  Ext. 0000,APINVOICES@SONEPAR-US.COM,16,nsllist,-,-,-,-
8283,GREEN MOUNTAIN (BARRE),,,,,,,,ap@gmes.com,56,nsllist,-,-,-,-
8284,CRESCENT ELEC (STURTEVANT,,,STURTEVANT,WI,53177-2311,,(262) 886-7280  Ext. 0000,apcorp@cesco.com,16,nsllist,-,-,-,-
8285,GREEN MOUNTAIN (KEENE),,,,,03431,,(603) 338-4880  Ext. 0000,ap@gmes.com,56,nsllist,-,-,-,-
8286,GREEN MOUNTAIN (COLCHESTER,,,COLCHESTER,VT,05446,,(800) 639-2065  Ext. 0000,ap@gmes.com,56,nsllist,-,-,-,-
8287,REXEL/CLS (WORCESTER),,,PHILADELPHIA,PA,19101,,(508) 852-4600  Ext. 0000,RexelAPinvoices@rexelusa.com,56,nsllist,-,-,-,-
829,A.C. ELEC (SOUTHHAMPTON),,,,,,,(631) 259-8030  Ext. 0000,ap@ac-elect.com,80,nsllist,-,-,-,-
8294,"ETCO ELECTRIC SUPPLY,INC (WAUSAU)",,,WAUSAU,WI,54403,,(715) 848-2955  Ext. 0000,Accountspayable@etcoelectric.com,16,nsllist,-,-,-,-
8295,"ETCO ELECTRIC SUPPLY,INC (MINOCQUA)",,,,,,,(715) 358-0958  Ext. 0000,Accountspayable@etcoelectric.com,16,nsllist,-,-,-,-
8300,CRESCENT ELEC (WISCONSIN,,,WISCONSIN RAPIDS,WI,54495,,(715) 421-2355  Ext. 0000,apcorp@cesco.com,16,nsllist,-,-,-,-
8303,CRUM ELEC (CASPER),,,CASPER,WY,82601,,(307) 266-1278  Ext. 0000,ISTAIGHT@CRUM.COM,50,nsllist,-,-,-,-
8305,SWIFT ELECTRICAL (TETERBO,,P.O. BOX 2368,S. HACKENSACK,NJ,07606-0968,,(201) 462-0900  Ext. 0000,,79,nsllist,-,-,-,-
8313,BROADWAY SHOWROOM,,,MARBLE FALLS,TX,78654,,(830) 798-0239  Ext. 0000,tanya@broadwayshowroom.com,66,nsllist,-,-,-,-
8314,ALL-PHASE (BURLINGTON),,,BURLINGTON,WA,98233,,(360) 755-0831  Ext. 0000,ACCOUNTSPAYABLE@APBURLINGTON.COM,23,nsllist,-,-,-,-
8316,"LIGHTING, INC. (SAN ANTON",,7243 BLANCO ROAD,SAN ANTONIO,TX,78216,,(210) 541-8500  Ext. 0000,,1,nsllist,-,-,-,-
8317,GRAYBAR/4427027 (STEVENSP,,,ST. LOUIS,MO,63178,,(715) 345-2878  Ext. 0000,captivainvoice@graybar.com,16,nsllist,-,-,-,-
8319,C.E.D. (EVERETT),,,EVERETT,WA,98201,,(425) 259-8135  Ext. 0000,customerservice@cedeverett.com,23,nsllist,-,-,-,-
832,VILLAGE LIGHTING & LAMPS,,,BELLINGHAM,WA,98225,,(360) 734-3780  Ext. 0000,amy@villagelightinginc.com,23,nsllist,-,-,-,-
8320,TERRADEK LIGHTING INC.,2050 E CENTER CIRCLE#100,,PLYMOUTH,MN,55441,,(763) 577-2425  Ext. 0000,,16,nsllist,-,-,-,-
8322,THE LIGHTING SOURCE,,,MEMPHIS,TN,38112,,(901) 323-3130  Ext. 0000,david.lee@lightingsource.net,20,nsllist,-,-,-,-
8324,KEY ELECTRICAL (PANAMA CI,,,PANAMA CITY,FL,32407,,(850) 235-1696  Ext. 0000,TAMMIE@KEYELECTRIC.COM,4,nsllist,-,-,-,-
8327,CULLEN'S HOME CENTER,,1005 N. TOWER ROAD,FERGUS FALLS,MN,56537,,(218) 998-5070  Ext. 0000,,16,nsllist,-,-,-,-
8329,PLATT ELEC (KENNEWICK),,,,,,,(509) 783-7451  Ext. 0000,plattap@platt.com,23,nsllist,-,-,-,-
8346,C.E.D. (ABERDEEN)/SANDHILL ELECTRIC,,,,,,,(910) 944-5055  Ext. 0000,Swhitehorn@sandhillelect.com,57,nsllist,-,-,-,-
8347,LIGHTS ON DESIGN,,1960 CENTRAL PARK AVENUE,YONKERS,NY,10710,,(914) 961-0588  Ext. 0000,,80,nsllist,-,-,-,-
8348,SUPERIOR CABINET & WINDOW,,"27 NORTH STREET, UNIT A",PARK FOREST,IL,60466,,(708) 747-6969  Ext. 0000,,40,nsllist,-,-,-,-
8349,CRESCENT ELEC (SHERIDAN),,,SHERIDAN,WY,82801-1579,,(307) 672-3415  Ext. 0000,apcorp@cesco.com,50,nsllist,-,-,-,-
8350,PLATT ELEC (PUYALLUP),,,,,,,(253) 840-3301  Ext. 0000,plattap@platt.com,23,nsllist,-,-,-,-
8356,PLATT ELEC (RENTON),,,,,,,(425) 228-7506  Ext. 0000,plattap@platt.com,23,nsllist,-,-,-,-
8360,C.E.S. (BOSTON),,,BROCKTON,MA,02301,,(617) 269-5552  Ext. 0000,bostonsouthgroup@concordelectricsupply.com,56,nsllist,-,-,-,-
8362,ECHO ELECTRIC (CRESTON),,,CRESTON,IA,50801,,(641) 782-9444  Ext. 0000,ap@echogroupinc.com,77,nsllist,-,-,-,-
8365,CT LIGHTING CENTER (SOUTH,,,HARTFORD,CT,06114,,(860) 621-7585  Ext. 0000,AP@CTLIGHTING.COM,55,nsllist,-,-,-,-
8366,C.E.D. (RUSTON),,,RUSTON,LA,71270,,(318) 254-0020  Ext. 0000,lisag@cedwm.com,60,nsllist,-,-,-,-
8368,C.E.D. (PORT ANGELES),,,PORT ANGELES,WA,98362,,(360) 452-9706  Ext. 0000,Cedportangeles.5948@billinginbox.com,23,nsllist,-,-,-,-
837,GRAYBAR/4427027 (W SPRING,,,ST LOUIS,MO,63178,,(413) 788-7331  Ext. 0000,captivainvoice@graybar.com,55,nsllist,-,-,-,-
8371,REXEL-SE DIV (LEXINGTON),,,PHILADELPHIA,PA,19101,,(859) 293-2611  Ext. 0000,RexelAPinvoices@rexelusa.com,20,nsllist,-,-,-,-
8374,C.E.D. (DIAMOND SPRINGS),,6192 ENTERPRISE DRIVE #A,DIAMOND SPRINGS,CA,95619,,(530) 626-1211  Ext. 0000,,86,nsllist,-,-,-,-
8376,HOUSE OF LIGHTS (WILSON),,3348 AIRPORT BLVD,WILSON,NC,27896,,(252) 291-7906  Ext. 0000,,57,nsllist,-,-,-,-
8379,A & W LIGHTING (MOBILE),,,MOBILE,AL,36695,,(251) 607-0099  Ext. 0000,Pat@aw-lighting.com,4,nsllist,-,-,-,-
8386,NORTHERN LIGHTING & SUPPL,,5585 WESTERVILLE RD,WESTERVILLE,OH,43081,,(614) 891-7600  Ext. 0000,vm@northernlighting.net,75,nsllist,-,-,-,-
8389,STATE ELECTRIC (LEWISBURG,,,HUNTINGTON,WV,25703,,(800) 624-6080  Ext. 0000,AP@STATEELECTRIC.COM,20,nsllist,-,-,-,-
839,LIGHT CONCEPTS,,4313 E. MORGAN AVENUE,EVANSVILLE,IN,47715,,(812) 477-7412  Ext. 0000,,74,nsllist,-,-,-,-
8394,US ELECTRICAL SVC (SOUTHB,,,MIDDLETOWN,CT,06457-2786,,(508) 765-1558  Ext. 0000,apinvoice@usesi.com,56,nsllist,-,-,-,-
84,REXEL (FAIRFAX),,,PHILADELPHIA,PA,19101,,(703) 560-2500  Ext. 0000,RexelAPinvoices@rexelusa.com,57,nsllist,-,-,-,-
8405,VOSS LIGHTING (LINCOLN),,PO BOX 22159,LINCOLN,NE,68542-2159,,(402) 733-8677  Ext. 0000,,77,nsllist,-,-,-,-
8410,INDEPENDENT ELEC (SOQUEL),,,SOQUEL,CA,95073,,(831) 464-3232  Ext. 0000,APINVOICES@SONEPAR-US.COM,86,nsllist,-,-,-,-
8411,VIKING ELEC (ROCHESTER),,,,,,,(507) 281-2232  Ext. 0000,APINVOICES@SONEPAR-US.COM,16,nsllist,-,-,-,-
8417,GRAYBAR/4427027 (SYRACUSE),,,,,,,(315) 413-7300  Ext. 0000,captivainvoice@graybar.com,54,nsllist,-,-,-,-
8425,GULF COAST ELECTRIC,"""EGOF""",P.O. BOX 1785,DESTIN,FL,32540,,(850) 837-8474  Ext. 0000,,4,nsllist,-,-,-,-
8429,PUEBLO LIGHTING,,5176 RIDGE DRIVE,PUEBLO,CO,81008,,(719) 545-2700  Ext. 0000,,50,nsllist,-,-,-,-
8430,"KLAFF'S, INC. (NORWALK)",28 WASHINGTON ST,,SOUTH NORWALK,CT,06856,,(203) 866-1603  Ext. 0000,,55,nsllist,-,-,-,-
8434,"LIGHTING, INC. (AUSTIN)",,,HOUSTON,TX,77207,,(512) 491-6444  Ext. 0000,APLIGHTINGINC1@LIGHTINGINC.COM,1,nsllist,-,-,-,-
8435,YALE ELECTRIC (LANCASTER),,,MIDDLETOWN,CT,06457,,(717) 397-3747  Ext. 0000,apinvoice@usesi.com,78,nsllist,-,-,-,-
8439,GRAYBAR/4427027 (JACKSON),,,ST LOUIS,MO,63178,,(601) 354-2585  Ext. 0000,captivainvoice@graybar.com,60,nsllist,-,-,-,-
8443,GOOD FRIEND ELECTRIC,,265 ROUTE 37 EAST,TOMS RIVER,NJ,8753,,(732) 349-4100  Ext. 0000,,79,nsllist,-,-,-,-
8446,COASTAL LIGHTING & SUPPLY,,,CHESAPEAKE,VA,23320,,(757) 436-7595  Ext. 0000,INVOICES@COASTALLIGHTING.COM,57,nsllist,-,-,-,-
8449,GRAYBAR/4427027 (FORT PIE,,,ST LOUIS,MO,63178,,(772) 465-6922  Ext. 0000,captivainvoice@graybar.com,32,nsllist,-,-,-,-
845,LIGHTSTYLE (ORLANDO),,,ORLANDO,FL,32804,,(407) 896-7252  Ext. 0000,path@lightstyleoforlando.com,31,nsllist,-,-,-,-
8454,C.E.S. (LAWRENCE),,,BROCKTON,MA,2301,,(978) 683-9270  Ext. 0000,bostonsouthgroup@concordelectricsupply.com,56,nsllist,-,-,-,-
8460,ELLIOTT ELEC (JASPER),,,NACOGDOCHES,TX,75963-0610,,(409) 489-0056  Ext. 0000,apinvoices@elliottelectric.com,39,nsllist,-,-,-,-
8461,STUART C. IRBY (JACKSON),,,MAITLAND,FL,32794-5650,,(601) 969-1811  Ext. 0000,APINVOICES@SONEPAR-US.COM,60,nsllist,-,-,-,-
847,ALL LIGHTING PRODUCTS,,,PHOENIX,AZ,85050,,(602) 331-3645  Ext. 0000,ANNIEALP@COX.NET,71,nsllist,-,-,-,-
8472,RICHARDS LIGHTING,,,HUNTSVILLE,AL,35801,,(256) 533-1460  Ext. 0000,Kelly Green <kelly@richardslighting.com>,4,nsllist,-,-,-,-
8479,GRANITE CITY (NASHUA),,,QUINCY,MA,02269-9189,,(603) 880-1350  Ext. 0000,Invoices@gcecorp.com,56,nsllist,-,-,-,-
8481,GRANITE CITY (PITTSFIELD),,,QUINCY,MA,02269-9189,,(413) 442-1539  Ext. 0000,Invoices@gcecorp.com,55,nsllist,-,-,-,-
8489,C.E.D. (MEDWAY)/GILMAN ELECTRIC,,,MEDWAY,ME,04460,,(207) 746-3207  Ext. 0000,ap@cedmill.com,56,nsllist,-,-,-,-
8491,JAM LIGHTING,,cc:Carls@jamlighting.com,POMPANO BEACH,FL,33064,,(954) 580-0714  Ext. 0000,ken@jamlighting.com,32,nsllist,-,-,-,-
850,ARIZONA COMMERCIAL LTG,,PO BOX 57066,TUCSON,AZ,85732,,(520) 322-9611  Ext. 0000,,71,nsllist,-,-,-,-
8502,TEXAS BRIGHT IDEAS,,1013 W UNIVERSITY AVE 225,GEORGETOWN,TX,78628,,(512) 930-2005  Ext. 0000,,66,nsllist,-,-,-,-
8504,EOFF ELECTRIC (BEND),,,MAITLAND,FL,32794-5650,,(541) 388-1544  Ext. 0000,APINVOICES@SONEPAR-US.COM,43,nsllist,-,-,-,-
8505,PLATT ELEC (NAPA),,,,,,,(707) 257-1872  Ext. 0000,plattap@platt.com,86,nsllist,-,-,-,-
8515,FERGUSON/JDD (MASHPEE),,,HAMPTON,VA,23670-0406,,(508) 539-8704  Ext. 0000,apinvoices@ferguson.com,56,nsllist,-,-,-,-
8518,C.E.D. (LAGUNA),,23331 PERALTA DRIVE #12,LAGUNA HILLS,CA,92653,,(949) 582-9500  Ext. 0000,,1,nsllist,-,-,-,-
8521,SEATTLE LTG/DOLAN (SEATTL,,,,,,,(206) 622-1962  Ext. 0000,billings@dolanco.com,23,nsllist,-,-,-,-
853,LIGHTING ETC.,,6040 RUFE SNOW DRIVE,FT WORTH,TX,76148,,(817) 514-8552  Ext. 0000,,39,nsllist,-,-,-,-
8530,US ELECTRICAL SVC (WILMIN,,,MIDDLETOWN,CT,06457-2786,,(978) 658-5050  Ext. 0000,apinvoice@usesi.com,56,nsllist,-,-,-,-
8541,"LIGHTING CONNECTION, INC.",,7670 N.W. 55TH STREET,MIAMI,FL,33166,,(305) 592-2556  Ext. 0000,,32,nsllist,-,-,-,-
8548,LAMPS PLUS #28,20250 PLUMMER ST,,CHATSWORTH,CA,91311,,(303) 420-3414  Ext. 0000,,1,nsllist,-,-,-,-
8571,PREMIERE LIGHTING GALLERY,,630 ORCHARD LANE,BEAVERCREEK,OH,45434,,(937) 429-8655  Ext. 0000,,75,nsllist,-,-,-,-
8582,"A.H. ANGERSTEIN, INC.",,,WILMINGTON,DE,19805,,(302) 996-3500  Ext. 0000,doriseverett2011@hotmail.com,1,nsllist,-,-,-,-
8585,C.E.D. (ORLANDO),,2685 Hansrob Rd  Suite #A,ORLANDO,FL,32804,,(407) 422-9841  Ext. 0000,,31,nsllist,-,-,-,-
8588,PLATT ELEC (OLYMPIA),,,,,,,(360) 493-8480  Ext. 0000,plattap@platt.com,23,nsllist,-,-,-,-
859,MICHAELS ELECTRIC SUPPLY,,,LYNBROOK,NY,11563,,(516) 593-7200  Ext. 0000,ANGELAB@MICHAELSELECTRIC.COM,80,nsllist,-,-,-,-
8590,FLEX-A-LITE WEST,,10250 ALDEBARAN DRIVE,RENO,NV,89506,,(775) 677-7711  Ext. 0000,,71,nsllist,-,-,-,-
8600,PACIFIC NORTHWEST REPS,,,,,,,(541) 510-3068  Ext. 0000,chris@pnwrs.com,86,nsllist,-,-,-,-
8603,MADISON ELEC (ANN ARBOR),,,WARREN,MI,48093,,(734) 665-6131  Ext. 0000,payables@madisonelectric.com,64,nsllist,-,-,-,-
8604,HI-LINE ELECTRIC COMPANY,,,SACRAMENTO,CA,95811,,(916) 444-7915  Ext. 0000,Jillpomp@pacbell.net,86,nsllist,-,-,-,-
8605,PEGASUS LIGHTING,,,SOUTHFIELD,MI,48033,,(248) 353-6130  Ext. 0000,kevin@pegasusentertainment.com,64,nsllist,-,-,-,-
8606,HARBOUR LIGHTING,,,,,,,(401) 294-7959  Ext. 0000,accounting@harbourlightingboutique.com,56,nsllist,-,-,-,-
8614,C.E.D./RAYBRO (LARGO),,,LARGO,FL,33771,,(727) 446-0541  Ext. 0000,ap@cedclearwater.com,32,nsllist,-,-,-,-
8616,LIGHTING DESIGN ASSOCIATE,,250 BUEL AVENUE,STATEN ISLAND,NY,10305,,(718) 351-7500  Ext. 0000,,80,nsllist,-,-,-,-
862,CAPITAL ELECTRIC SUPPLY,,832 WEST 22ND STREET,TEMPE,AZ,85282,,(480) 968-9341  Ext. 0000,,71,nsllist,-,-,-,-
8620,RAVENSWOOD STUDIO,,6900 N CENTRAL PARK AVE,LINCOLNWOOD,IL,60712,,(847) 679-2800  Ext. 0000,,1,nsllist,-,-,-,-
8627,WESCO (LANSING),,,LANSING,MI,48911,,(517) 887-0140  Ext. 0000,US-APinvoices@wescodist.com,64,nsllist,-,-,-,-
8633,PRIME SUPPLY CO.,,,IRON MOUNTAIN,MI,49801,,(906) 779-5522  Ext. 0000,TERESE@PRIMESUPPLYUP.COM,16,nsllist,-,-,-,-
8649,WESCO (NESCO (LITTLETON),,,CANTON,MA,2021,,(603) 444-0494  Ext. 0000,ACCOUNTSPAYABLE@NEEDHAMELECTRIC.COM,56,nsllist,-,-,-,-
866,EXPRESSIONS HOME LTG/DECO,,171 SWANSON AVE 102,LAKE HAVASU CIT,AZ,86403,,(928) 855-2394  Ext. 0000,,68,nsllist,-,-,-,-
8660,ALL-PHASE (PETOSKEY),,,PETOSKEY,MI,49770-0565,,(231) 347-1050  Ext. 0000,apepetoskey.5891@billinginbox.com,64,nsllist,-,-,-,-
8663,NAPA ELECTRIC,,,NAPA,CA,94558,,(707) 252-6611  Ext. 0000,payables@napaelectric.com,86,nsllist,-,-,-,-
8678,BAYSIDE ELECTRIC SUPPLY,,,WILMINGTON,NC,28406,,(910) 251-8888  Ext. 0000,ap@baysidesupply.com,57,nsllist,-,-,-,-
8681,ALL-PHASE (SOUTH WINDSOR),,P.O. BOX 397,E WINDSOR HILL,CT,6028,,(860) 289-7711  Ext. 0000,,56,nsllist,-,-,-,-
87,C.E.D. (ANACORTES),,,ANACORTES,WA,98221,,(360) 293-5818  Ext. 0000,Office@CEDAnacortes.com,23,nsllist,-,-,-,-
870,LIGHTING SUPPLY,,,CASPER,WY,82601-1939,,(307) 237-8725  Ext. 0000,spreche@tribcsp.com,50,nsllist,-,-,-,-
871,LIGHTING SUPPLY INC.,,,SEATTLE,WA,98121,,(206) 441-5075  Ext. 0000,kha@lightingsupply.net,23,nsllist,-,-,-,-
8711,MURDOCK MENDELSOHN,,P.O. BOX 78488,NASHVILLE,TN,37207,,(615) 226-6424  Ext. 0000,,20,nsllist,-,-,-,-
8723,LIGHTING EFX (FLORENCE),,,FLORENCE,KY,41042,,(859) 282-6400  Ext. 0000,INVOICESEFX@GMAIL.COM,20,nsllist,-,-,-,-
8743,PRG/SCENIC TECHNOLOGIES,SCOTT/DAN/TOM,539 TEMPLE HILL ROAD,NEW WINDSOR,NY,12553,,(845) 567-5700  Ext. 0000,,54,nsllist,-,-,-,-
875,LIGHTING UNLIMITED,,2522 MERRYCHASE DR,CAMERON PARK,CA,95682,,(530) 676-4716  Ext. 0000,,86,nsllist,-,-,-,-
876,"FEATHERLITE, INC.",,P.O. BOX 320,CRESCO,IA,52136,,(563) 547-2600  Ext. 0000,,1,nsllist,-,-,-,-
879,"LIGHTING, INC. (HOUSTON-G",,P.O. BOX 266556,HOUSTON,TX,77207,,(713) 641-6628  Ext. 0000,,1,nsllist,-,-,-,-
8796,GOODMAN ELECTRIC SUPPLY,,711 10TH STREET,NORTH CHICAGO,IL,60064,,(847) 473-4747  Ext. 0000,,40,nsllist,-,-,-,-
8811,RADIANT LIGHTING SERVICES,,9168 MARSHALL PLACE #100,WESTMINSTER,CO,80031,,(303) 429-3326  Ext. 0000,,50,nsllist,-,-,-,-
8836,"MOLNAR ELECTRIC, INC.",,2244-15 PERIWINKLE WAY,SANIBEL,FL,33957,,(239) 472-1841  Ext. 0000,,32,nsllist,-,-,-,-
8839,LANER ELEC (RICHMOND),,1310 S. 51ST STREET,RICHMOND,CA,94804,,(510) 215-5100  Ext. 0000,,86,nsllist,-,-,-,-
8842,"LOFINGS LIGHTING, INC.",,,SACRAMENTO,CA,95816,,(916) 442-3582  Ext. 0000,max@lofings.com,86,nsllist,-,-,-,-
8858,BURR RIDGE LIGHTING,,,,,,,(630) 323-4850  Ext. 0000,accounts@brlightinganddesign.com,40,nsllist,-,-,-,-
8859,LANDSCAPE LIGHTING SUPPLY,,,RICHARDSON,TX,75080,,(972) 480-9700  Ext. 0000,AMY@LANDSCAPELIGHT.COM,39,nsllist,-,-,-,-
8861,GRAYBAR/4427027 (GAINESVI,,,ST LOUIS,MO,63178,,(352) 338-9200  Ext. 0000,captivainvoice@graybar.com,31,nsllist,-,-,-,-
8862,NORTHEAST ELE (ROCHESTER),,,NEWINGTON,NH,3801,,(603) 332-5219  Ext. 0000,sonepar.invoices@sonepar-us.com,56,nsllist,-,-,-,-
8863,ROCKINGHAM ELEC (WOLFEBORO),,,,,,,(603) 427-9977  Ext. 0000,sonepar.invoices@sonepar-us.com,56,nsllist,-,-,-,-
8870,GRAYBAR/4427027 (GRAND RAPIDS),,,,,,,(616) 254-4300  Ext. 0000,captivainvoice@graybar.com,64,nsllist,-,-,-,-
8871,GRAYBAR/4427027 (HARRISONBURG),,,,,,,,captivainvoice@graybar.com,57,nsllist,-,-,-,-
8882,KOVALSKY CARR ELE. SUPPLY,,,ROCHESTER,NY,14604,,(585) 325-1950  Ext. 0000,accounting@kovalskycarr.com,54,nsllist,-,-,-,-
8884,SHEALY ELEC CO (HENDERSONVIL,,,HENDERSONVILLE,NC,28739,,(828) 692-9125  Ext. 0000,SHEALYELECTRICCO@BELLSOUTH.NET,57,nsllist,-,-,-,-
8898,BORDER STATES (SAINT,,,FARGO,ND,58108-2767,,(320) 251-1761  Ext. 0000,APINVOICES@BORDERSTATES.COM,16,nsllist,-,-,-,-
8904,C.E.S. (CHARLOTTE-MINT),,,,,,,(704) 522-6557  Ext. 0000,charlottewest@cityelectricsupply.com,57,nsllist,-,-,-,-
8911,C.E.D. (EULESS),,1150 TEXAS STAR PKWY,EULESS,TX,76040,,(817) 685-0220  Ext. 0000,,39,nsllist,-,-,-,-
8926,LIGHTS ETC. USA INC.,,2263 S. OLIVE ST.,DENVER,CO,80224,,(303) 758-7227  Ext. 0000,,50,nsllist,-,-,-,-
8931,UNIVERSAL ORLAN (A/P T-4),,1000 UNIVERSAL STUDIOS PZ,ORLANDO,FL,32819,,(407) 224-3924  Ext. 0000,,1,nsllist,-,-,-,-
8935,UNITED LAMP SUPPLY,,215 S. 50TH STREET,TACOMA,WA,98408,,(253) 473-2910  Ext. 0000,,23,nsllist,-,-,-,-
894,CURTIS LUMBER CO (DELHI),,46631 STATE HWY 10,DELHI,NY,13753,,(607) 746-2386  Ext. 0000,,1,nsllist,-,-,-,-
8975,INDIANA LTG. CENTER (LAFA,,P.O. BOX 22325,INDIANAPOLIS,IN,46222,,(317) 293-9333  Ext. 0000,,74,nsllist,-,-,-,-
8976,ALL-PHASE ELECTRIC (BELLINGHAM-FRANKL,,,BELLINGHAM,WA,98225,,(360) 734-9676  Ext. 0000,accountspayable@apbellingham.com,23,nsllist,-,-,-,-
8977,ALL STATES LIGHTING,,3780 SILVER STAR RD,ORLANDO,FL,32808,,(407) 294-0404  Ext. 0000,,31,nsllist,-,-,-,-
898,LBU (FT LAUDERDALE),,,FT. LAUDERDALE,FL,33334,,(954) 563-6667  Ext. 0000,AndreiaBarreto@lbugroup.com,32,nsllist,-,-,-,-
8995,CAPITAL ELECTRIC (BELTSVILLE),,,,,,,(301) 837-5000  Ext. 0000,APINVOICES@SONEPAR-US.COM,62,nsllist,-,-,-,-
90,3E ELECTRICAL (WINDSOR HE,,,WINDSOR HEIGHTS,IA,50324,,(515) 273-0100  Ext. 0000,3eaccounting@3e-co.com,77,nsllist,-,-,-,-
9019,"SOURCE AND CO., LLC",,,BRENTWOOD,TN,37027,,(800) 385-1461  Ext. 0000,office@sourceandco.com,20,nsllist,-,-,-,-
902,FRED BIGGS ELEC (MATTOON),,,MATTOON,IL,61938-5082,,(217) 235-0369  Ext. 0000,lee@fredbiggselectric.com,40,nsllist,-,-,-,-
9026,METROPOLITAN LIGHTING,,,CHANTILLY,VA,20153-0674,,(703) 378-8878  Ext. 0000,GRETCHEN@MLDINC.COM,57,nsllist,-,-,-,-
9028,BRAND LIGHTING CORP.,2930 SOUTHWEST 30TH AVE. SUITE C,ACCOUNTING@BRANDLIGHTING.COM,HALLANDALE,FL,33009,,(954) 456-1006  Ext. 0000,,32,nsllist,-,-,-,-
9036,GRAYBAR/4427027 (WINSTON-,,,ST LOUIS,MO,63178,,(336) 724-2461  Ext. 0000,captivainvoice@graybar.com,57,nsllist,-,-,-,-
9038,GRAYBAR/4427027 (WILMINGTON),,,,,,,(910) 782-1700  Ext. 0000,captivainvoice@graybar.com,57,nsllist,-,-,-,-
9041,BORDER STATES (BEMID,,,FARGO,ND,58108-2767,,(218) 759-1350  Ext. 0000,APINVOICES@BORDERSTATES.COM,16,nsllist,-,-,-,-
9048,BAUDANZA ELECTRIC,,,BEDFORD,MA,01730,,(781) 275-6662  Ext. 0000,baudanza@rcn.com,56,nsllist,-,-,-,-
905,M & M LIGHTING (HOUSTON),,,BELLAIRE,TX,77402-1027,,(713) 667-5611  Ext. 0000,AP@mmlighting.com,66,nsllist,-,-,-,-
9051,US ELECTRICAL SVC (ENFIEL,,,MIDDLETOWN,CT,06457-2786,,(860) 741-0464  Ext. 0000,apinvoice@usesi.com,55,nsllist,-,-,-,-
9054,US ELECTRICAL SVC (STAMFO,,,STAMFORD,CT,06902,,(203) 356-1822  Ext. 0000,apinvoice@usesi.com,55,nsllist,-,-,-,-
9056,CRESCENT ELEC (KALISPELL),,,KALISPELL,MT,59904,,(406) 756-9686  Ext. 0000,apcorp@cesco.com,50,nsllist,-,-,-,-
9079,C.E.D./RAYBRO (GAINSVILLE,,1616 NE 23RD AVENUE,GAINSVILLE,FL,32609,,(352) 377-0404  Ext. 0000,,31,nsllist,-,-,-,-
9080,C.E.D./RAYBRO (CAPE CORAL),"1202 SE 9TH LANE, SUITE B",,CAPE CORAL,FL,33990,,(239) 772-5111  Ext. 0000,,32,nsllist,-,-,-,-
909,CITY PLUMBING & ELEC (COR,,,GAINESVILLE,GA,30501,,(706) 778-7128  Ext. 0000,ap@cpesupply.com,4,nsllist,-,-,-,-
91,SOUTHERN LIGHTING GALLERY,,,AUGUSTA,GA,30917-2478,,(706) 868-5014  Ext. 0000,PAYABLES@SLGONLINE.COM,4,nsllist,-,-,-,-
910,CITY PLUMBING & ELEC (JAS,,,GAINESVILLE,GA,30501,,(706) 253-2489  Ext. 0000,ap@cpesupply.com,4,nsllist,-,-,-,-
9102025,"THE CABINET CORNER, INC",,2330 LAKEWAY CIRCLE,PARIS,TN,38242,,,businessoffice@thecabinetcorner.com,20,nsllist,-,-,-,-
9106,US ELECTRICAL SVC (NEW HA,,,MIDDLETOWN,CT,06457-2786,,(203) 777-9644  Ext. 0000,apinvoice@usesi.com,55,nsllist,-,-,-,-
9107,US ELECTRICAL SVC (WATERB,,,MIDDLETOWN,CT,06457-2786,,(203) 754-7471  Ext. 0000,apinvoice@usesi.com,55,nsllist,-,-,-,-
9108,WALTERS WHOLE (TORRANCE),,,,CA,90809-1299,,(310) 325-5077  Ext. 0000,apinvoice@usesi.com,86,nsllist,-,-,-,-
911,C.E.S. (PELHAM/BIRMINGHAM SOUTH),,,,SC,29405,,(205) 824-3566  Ext. 0000,jaxrgo@cityelectricsupply.com,4,nsllist,-,-,-,-
9110,"R.C. POND CO., INC",,778 U.S. ROUTE 4 EAST,RUTLAND TOWN,VT,5701,,(802) 775-1215  Ext. 0000,,56,nsllist,-,-,-,-
912,C.E.S. (OPELIKA),,,,,,,(334) 203-7100  Ext. 0000,jaxrgo@cityelectricsupply.com,4,nsllist,-,-,-,-
9128,WALTERS WHOLE (PASADENA),,,,CA,90809-1299,,(626) 289-6142  Ext. 0000,apinvoice@usesi.com,86,nsllist,-,-,-,-
915,C.E.S. (MONTGOMERY),,,N CHARLESTON,SC,29405,,(334) 244-0465  Ext. 0000,jaxrgo@cityelectricsupply.com,4,nsllist,-,-,-,-
9158,WALTERS WHOLE (LAKE FOREST),,,,CA,90809-1299,,(949) 768-1275  Ext. 0000,apinvoice@usesi.com,86,nsllist,-,-,-,-
9166,SEATTLE LTG (EVERETT),,,,,,,(425) 252-4151  Ext. 0000,billings@dolanco.com,23,nsllist,-,-,-,-
917,C.E.S. (ALABASTER),,,BIRMINGHAM,AL,35216,,(205) 663-8158  Ext. 0000,jaxrgo@cityelectricsupply.com,4,nsllist,-,-,-,-
9176,KENDALL LIGHTING CENTER (ELKHART),,,,IN,46992,,(888) 762-3636  Ext. 0000,accountspayable@kendallelectric.com,74,nsllist,-,-,-,-
918,C.E.S. (TUSCALOOSA),,,NORTH CHARLESTON,SC,29405,,(205) 344-4445  Ext. 0000,jaxrgo@cityelectricsupply.com,4,nsllist,-,-,-,-
9180,C.E.S. (TUCSON SOUTH),,,,,,,(520) 747-7400  Ext. 0000,swt.ap@cityelectricsupply.com,71,nsllist,-,-,-,-
9181,CRESCENT ELEC (ANCHORAGE),,5333 FAIRBANKS ST,ANCHORAGE,AK,99518,,(907) 562-2800  Ext. 0000,apcorp@cesco.com,1,nsllist,-,-,-,-
92014,FIREFLY LIGHTING AND DESIGN,P.O. BOX 17977,459 EDSEL DR,RICHMOND HILL,GA,31324,,(912) 756-6511  Ext. 0000,,4,nsllist,-,-,-,-
92025,BLUGREEN SOLUTIONS,,,,,,,,,10,nsllist,-,-,-,-
923,WORLD ELECTRIC (DORAL),,,MAITLAND,FL,32794-5650,,(305) 436-1500  Ext. 0000,APINVOICES@SONEPAR-US.COM,32,nsllist,-,-,-,-
9240,M.J. SYSTEMS,,P.O. BOX 95 KINGSBRIGE ST,BRONX,NY,10463,,(718) 549-6046  Ext. 0000,,1,nsllist,-,-,-,-
9246,CREATIVE LIGHTING (PEARLA,,1215 N. MAIN ST,PEARLAND,TX,77581,,(281) 485-8381  Ext. 0000,,66,nsllist,-,-,-,-
9267,"MUSSON THEATRICAL, INC.",,,SANTA CLARA,CA,95050,,(408) 986-0210  Ext. 0000,ap@musson.com,1,nsllist,-,-,-,-
928,SONEPAR USA (SARASOTA-COO,,,MAITLAND,FL,32794-5650,,(941) 363-7603  Ext. 0000,APINVOICES@SONEPAR-US.COM,31,nsllist,-,-,-,-
9282,US ELECTRICAL SVC (FAIRFI,,,MIDDLETOWN,CT,06457-2786,,(203) 256-2333  Ext. 0000,apinvoice@usesi.com,55,nsllist,-,-,-,-
9289,CULTURE LIGHTING CO.,,5329 W. 86TH STREET,INDIANAPOLIS,IN,46268,,(317) 471-1129  Ext. 0000,,74,nsllist,-,-,-,-
93,THE LIGHTING STUDIO (ASPE,,,DENVER,CO,80204,,(970) 925-5004  Ext. 0000,lili@thelightingstudio.com,50,nsllist,-,-,-,-
930,MARS ELECTRIC (WILLOUGHBY,,,MAYFIELD VILLAGE,OH,44143,,(440) 946-2250  Ext. 0000,payables@mars-electric.com,75,nsllist,-,-,-,-
9316,NESCO/YANKEE ELEC (WINOOS,,,CANTON,MA,2021,,(802) 655-6954  Ext. 0000,ACCOUNTSPAYABLE@NEEDHAMELECTRIC.COM,56,nsllist,-,-,-,-
934,SONEPAR USA (ELMSF-COOPER,,,MAITLAND,FL,32794-5650,,(914) 347-6300  Ext. 0000,APINVOICES@SONEPAR-US.COM,80,nsllist,-,-,-,-
9349,IDAHO LIGHTS,,6055 N. SUNSHINE STREET,COEUR D'ALENE,ID,83815,,(208) 772-0229  Ext. 0000,,43,nsllist,-,-,-,-
9353,U.S. LIGHTING & ELECTRICA,,P.O. BOX 5129,FREDERICKSBURG,VA,22403,,(540) 373-8404  Ext. 0000,,57,nsllist,-,-,-,-
9365,IDLEWOOD ELECTRIC SUPPLY,,,HIGHLAND PARK,IL,60035,,(847) 831-3600  Ext. 0000,CWARCHOL@IDLEWOODELECTRIC.COM,40,nsllist,-,-,-,-
9369,STONEWAY ELEC (WALLA WALL,,,SPOKANE,WA,99220-0037,,(509) 522-1550  Ext. 0000,payables@stoneway.com,23,nsllist,-,-,-,-
9370,C.E.S. (MARSHFIELD),,,BROCKTON,MA,2301,,(781) 834-1237  Ext. 0000,bostonsouthgroup@concordelectricsupply.com,56,nsllist,-,-,-,-
9378,IDLEWOOD ELECTRIC SUPPLY,,,BARRINGTON,IL,60010,,(847) 304-8000  Ext. 0000,cwarchol@idlewoodelectric.com,1,nsllist,-,-,-,-
9385,GEXPRO (MILWAUKEE),,,PHILADELPHIA,PA,19101-3623,,(414) 527-6623  Ext. 0000,GexproAPInvoices@rexelusa.com,16,nsllist,-,-,-,-
9386,GEXPRO (NEWPORT NEWS),,,,,,,(757) 858-4100  Ext. 0000,GexproAPInvoices@rexelusa.com,57,nsllist,-,-,-,-
9392,BUILDERS LTG & DESIGN,,11400 MELROSE AVENUE,FRANKLIN PARK,IL,60131,,(847) 455-4290  Ext. 0000,,74,nsllist,-,-,-,-
94,A.D. COLA,,86 WORCESTER RD (RT 9),NATICK,MA,1760,,(508) 653-4118  Ext. 0000,,56,nsllist,-,-,-,-
9403,LIGHTING DESIGN CENTER,,2950 SANTA ROSA AVE,SANTA ROSA,CA,95407,,(707) 206-0286  Ext. 0000,,86,nsllist,-,-,-,-
9413,NORTH COAST ELEC (EUGENE),,,SEATTLE,WA,98124,,(541) 343-7701  Ext. 0000,APINVOICES@SONEPAR-US.COM,22,nsllist,-,-,-,-
9417,GEXPRO (NAPERVILLE),,,PHILADELPHIA,PA,19101-3623,,(630) 718-6548  Ext. 0000,GexproAPInvoices@rexelusa.com,40,nsllist,-,-,-,-
9420,CAPITAL ELECTRIC (CHARLOTTES BERK),,,CHARLOTESVILLE,VA,22903,,(434) 977-2990  Ext. 0000,APINVOICES@SONEPAR-US.COM,57,nsllist,-,-,-,-
9421,C.E.D. (CENTENNIAL),,,CENTENNIAL,CO,80112,,(303) 733-2211  Ext. 0000,CUSTOMERSERVICE@CEDCENTENNIAL.COM,50,nsllist,-,-,-,-
9423,"TECHNI-LUX, INC.",,,ORLANDO,FL,32824,,(407) 857-8770  Ext. 0000,ACCOUNTING@TECHNI-LUX.COM,1,nsllist,-,-,-,-
9442,M & M LIGHTING (RONAN),,33634 TWIN CREEKS WAY,RONAN,MT,59864,,(406) 676-5055  Ext. 0000,,50,nsllist,-,-,-,-
9448,UNITED ELECTRIC (LANCASTER),,,,,,,(717) 392-8500  Ext. 0000,AP@UNITEDELECTRIC.COM,82,nsllist,-,-,-,-
945,SONEPAR USA (NEWBURG-COOP,,,,,,,(845) 562-1575  Ext. 0000,APINVOICES@SONEPAR-US.COM,54,nsllist,-,-,-,-
9450,GRAYBAR/4427027 (SEATTLE),,,ST LOUIS,MO,63178,,(206) 292-4848  Ext. 0000,captivainvoice@graybar.com,23,nsllist,-,-,-,-
9451,ELLISON ELECTRIC SUPPLY,,,FOND DU LAC,WI,54936,,(920) 921-8910  Ext. 0000,andrea.stenz@ellisonelectric.com,16,nsllist,-,-,-,-
9464,C.E.D. (SUN PRAIRIE),,,SUN PRAIRIE,WI,53590,,(608) 223-9911  Ext. 0000,cringeisen@cedmadison.com,16,nsllist,-,-,-,-
948,SONEPAR USA (VINELAND-COO,,,MAITLAND,FL,32794-5650,,,APINVOICES@SONEPAR-US.COM,78,nsllist,-,-,-,-
9484,FERGUSON ENTER (ROAN-BLUE,,,HAMPTON,VA,23670-0406,,(540) 769-2325  Ext. 0000,apinvoices@ferguson.com,57,nsllist,-,-,-,-
9488,REXEL/CLS (HARTFORD),,,PHILADELPHIA,PA,19101,,(860) 549-1230  Ext. 0000,RexelAPinvoices@rexelusa.com,56,nsllist,-,-,-,-
949,CRUM ELEC (CODY),,,CASPER,WY,82601,,(307) 527-5252  Ext. 0000,ISTAIGHT@CRUM.COM,50,nsllist,-,-,-,-
9495,ONE SOURCE LIGHTING (GRAND JUNCT),,,GRAND JUNCTION,CO,81505,,(970) 243-2400  Ext. 0000,bookkeeper@onesourcelighting.com,50,nsllist,-,-,-,-
9512,GRANITE CITY (BENNINGTON),,,QUINCY,MA,02269,,(802) 442-8155  Ext. 0000,Invoices@gcecorp.com,56,nsllist,-,-,-,-
9515,COLEY ELEC & PLUMB SUPPLY (ALMA),1103 SOUTH  PIERCE ST,,ALMA,GA,31510,,(912) 632-5942  Ext. 0000,,4,nsllist,-,-,-,-
952,JF LIGHTING & DESIGN,LUIS GONZALEZ,1378 AIRPORT BLVD.,SANTA ROSA,CA,95403,,(707) 545-7944  Ext. 0000,,86,nsllist,-,-,-,-
9523,C.E.S. (CHAPEL HILL),,,,,,,(919) 883-0034  Ext. 0000,piedmonttriadgroup@cityelectricsupply.com,57,nsllist,-,-,-,-
954,CRUM ELEC (DENVER),,,,,,,(303) 429-1842  Ext. 0000,ISTAIGHT@CRUM.COM,50,nsllist,-,-,-,-
955,DOLAN NORTHWEST (HARRY HI,,,DALLAS,TX,75354-0816,,(214) 352-3900  Ext. 0000,oleontyuk@dolanco.com,39,nsllist,-,-,-,-
9550,STATE ELECTRIC (ROANOKE),,,HUNTINGTON,WV,25703,,(540) 343-3800  Ext. 0000,AP@STATEELECTRIC.COM,57,nsllist,-,-,-,-
9555,WINSUPPLY CLEVELAND GA CO,,,,,,,,apcentral@winwholesale.com,4,nsllist,-,-,-,-
9558,UNITED ELECTRIC (MONMOUTH),,,,,,,,AP@UNITEDELECTRIC.COM,78,nsllist,-,-,-,-
9565,VALLEY ELEC (TERRE HAUTE),PO BOX 9748,,TERRE HAUTE,IN,47808,,(812) 238-0543  Ext. 0000,,74,nsllist,-,-,-,-
957,MARS ELECTRIC (MAYFIELD VILLAGE),,,MAYFIELD VILLAGE,OH,44143,,(440) 946-2250  Ext. 0000,payables@mars-electric.com,75,nsllist,-,-,-,-
9575,E. SAM JONES (CHICAGO),,,ATLANTA,GA,30328,,(312) 225-9444  Ext. 0000,AP@ESAMJONES.COM,40,nsllist,-,-,-,-
9578,ONESOURCE DISTRIBUTORS,,3951 OCEANIC DRIVE,OCEANSIDE,CA,92056-5832,,(760) 966-4500  Ext. 0000,,86,nsllist,-,-,-,-
958,EWSCO JACKSON BRANCH 6,,,JACKSON,WY,83405,,(307) 733-9400  Ext. 0000,accountspayable@electricalwholesale.com,50,nsllist,-,-,-,-
9580,KENDALL ELEC (GREENSB,,,CINCINNATI,OH,45241,,(812) 662-6363  Ext. 0000,accountspayable@kendallelectric.com,74,nsllist,-,-,-,-
959,LIGHT BULBS UNL (CORAL SP,,,CORAL SPRINGS,FL,33065,,(954) 227-0448  Ext. 0000,jeff@coralspringslighting.com,32,nsllist,-,-,-,-
9592,ELLIOTT ELEC (ENNIS),,,NACOGDOCHES,TX,75963-0610,,(972) 875-3413  Ext. 0000,apinvoices@elliottelectric.com,39,nsllist,-,-,-,-
9594,CAPITAL ELECTRIC (RICHMOND),,,NEWPORT NEWS,VA,23605,,(804) 379-7770  Ext. 0000,APINVOICES@SONEPAR-US.COM,57,nsllist,-,-,-,-
9595,ELLIOTT ELEC (EDMOND),,,,,,,(405) 562-6283  Ext. 0000,apinvoices@elliottelectric.com,39,nsllist,-,-,-,-
9597,SONEPAR USA (FRDRKSBG-CLS,,,MAITLAND,FL,32794,,(540) 710-7200  Ext. 0000,APINVOICES@SONEPAR-US.COM,57,nsllist,-,-,-,-
9600,CRUM ELEC (GILLETTE),,,CASPER,WY,82601,,(307) 266-1278  Ext. 0000,ISTAIGHT@CRUM.COM,50,nsllist,-,-,-,-
9608,STATE ELECTRIC (MT. AIRY),,,HUNTINGTON,WV,25707,,(336) 786-9816  Ext. 0000,AP@STATEELECTRIC.COM,57,nsllist,-,-,-,-
9609,STATE ELEC/LIGON (GREENSB,,,HUNTINGTON,WV,25703,,(336) 855-8200  Ext. 0000,ap@stateelectric.com,57,nsllist,-,-,-,-
9610,ELECTRIC FIXT (OMAHA-20),,1006 NORTH 20TH ST.,OMAHA,NE,68102,,(402) 342-6874  Ext. 0000,,77,nsllist,-,-,-,-
9615,WALTERS WHOLE (LOS ANGELES),,,,CA,90809-1299,,(310) 342-5730  Ext. 0000,apinvoice@usesi.com,1,nsllist,-,-,-,-
9627,US ELECTRICAL SVC (BRISTO,,,MIDDLETOWN,CT,06457-2786,,(860) 585-8375  Ext. 0000,apinvoice@usesi.com,55,nsllist,-,-,-,-
9630,RAYMOND DESTEIGER (STERLI,,,STERLING HEIGHT,MI,48313,,(586) 739-9700  Ext. 0000,ap@ray-electric.com,64,nsllist,-,-,-,-
9635,FERGUSON ENTER (BLACKSBU),,,HAMPTON,VA,23670,,(540) 953-1258  Ext. 0000,apinvoices@ferguson.com,57,nsllist,-,-,-,-
964,REXEL/CLS (SALEM),,,PHILADELPHIA,PA,19101,,(603) 894-9711  Ext. 0000,RexelAPinvoices@rexelusa.com,56,nsllist,-,-,-,-
9640,BRECHER'S LIGHTING (LOUIS,,,LOUISVILLE,KY,40222,,(502) 426-1520  Ext. 0000,ap@brecherslighting.com,20,nsllist,-,-,-,-
9642,C.E.S. (FREDERICKSBURG),,,CARY,NC,27513,,(540) 693-2926  Ext. 0000,piedmonttriadgroup@cityelectricsupply.com,57,nsllist,-,-,-,-
9651,C.E.D. (LONGMONT),,135 GAY STREET #A,LONGMONT,CO,80501,,(720) 494-7654  Ext. 0000,,50,nsllist,-,-,-,-
9654,GRAINGER A/P (LAKE FOREST,,,PALATINE,IL,60038-0001,,(000) 000-0000  Ext. 0000,grainger_invoice@grainger.com,1,nsllist,-,-,-,-
9655,HUNZICKER BROS (STILLWATE,,PO BOX 25248,OKLAHOMA CITY,OK,73125-0248,,(405) 239-7771  Ext. 0000,,39,nsllist,-,-,-,-
9661,PLATT ELEC (WENATCHEE),,,,,,,(509) 663-6601  Ext. 0000,plattap@platt.com,23,nsllist,-,-,-,-
9665,COLONIAL ELEC (READING),,,KING OF PRUSSIA,PA,19406,,(610) 374-2134  Ext. 0000,Ap_Inbox@ColonialElectric.com,78,nsllist,-,-,-,-
9667,COLONIAL ELEC (BOWIE),,,,,,,(301) 945-3003  Ext. 0000,Ap_Inbox@ColonialElectric.com,62,nsllist,-,-,-,-
9672,STANDARD ELEC (KINGSFORD),,,SAGINAW,MI,48603,,(000) 000-0000  Ext. 0000,ap@standardelectricco.com,16,nsllist,-,-,-,-
9675,US ELECTRICAL SVC (MERIDE,,,MIDDLETOWN,CT,06457-2786,,(860) 522-3232  Ext. 0000,apinvoice@usesi.com,55,nsllist,-,-,-,-
9677,C.E.D. (SAN CLEMENTE),,,,,,,(949) 492-5161  Ext. 0000,invoices@cedsc.com,86,nsllist,-,-,-,-
9684,GRANITE CITY (BRIGHTON),,,QUINCY,MA,02269-9189,,(617) 254-6500  Ext. 0000,Invoices@gcecorp.com,56,nsllist,-,-,-,-
9685,STATE ELECTRIC (PIKEVILLE,,,HUNTINGTON,WV,25703,,(606) 432-3163  Ext. 0000,AP@STATEELECTRIC.COM,20,nsllist,-,-,-,-
9686,CALIFORNIA ELEC (VENTURA),,1201 CALLENS ROAD,VENTURA,CA,93003-5614,,(805) 642-2181  Ext. 0000,,86,nsllist,-,-,-,-
9690,YALE ELECTRIC/PROGR (WYOM,,,MIDDLETOWN,CT,06457,,(717) 397-3747  Ext. 0000,apinvoice@usesi.com,78,nsllist,-,-,-,-
9691,SONEPAR USA (RICHM-HAMILT,,,MAITLAND,FL,32794,,(804) 355-8003  Ext. 0000,APINVOICES@SONEPAR-US.COM,57,nsllist,-,-,-,-
9693,C.E.D. (MARTINSVILLE),,310 ROGERS ROAD,MARTINSVILLE,IN,46151,,(765) 342-3396  Ext. 0000,,74,nsllist,-,-,-,-
9696,NORTH COAST ELEC (BREMERT,,239 BRUENN AVE.,BREMERTON,WA,98312-3107,,(360) 479-5425  Ext. 0000,APINVOICES@SONEPAR-US.COM,23,nsllist,-,-,-,-
9698,CODALE ELEC  (OREM),,,SALT LAKE CITY,UT,84170-2070,,(801) 724-3000  Ext. 0000,,50,nsllist,-,-,-,-
970,MICHIGAN CHAND (TROY),,,SOUTHFIELD,MI,48033,,(248) 583-3200  Ext. 0000,ACCOUNTSPAYABLE@MICHAND.COM,64,nsllist,-,-,-,-
9702,HAMPDEN/ZIMMERMAN (PITTSF,,,MIDDLETOWN,CT,06457-2786,,(413) 499-4020  Ext. 0000,apinvoice@usesi.com,55,nsllist,-,-,-,-
9705,C.E.D. (YAKIMA),131 S. 1ST AVENUE,,YAKIMA,WA,98902,,(509) 248-0872  Ext. 0000,,23,nsllist,-,-,-,-
9706,BOWLING GREEN WINLECTRIC,,,DAYTON,OH,45401-1127,,(270) 842-6153  Ext. 0000,apcentral@winwholesale.com,20,nsllist,-,-,-,-
9707,ELIZABETHTOWN WINLECTRIC CO.,,,,,,,(207) 765-6630  Ext. 0000,apcentral@winwholesale.com,20,nsllist,-,-,-,-
9708,KEARNEY WINLECTRIC CO,,,,,,,(308) 236-9060  Ext. 0000,apcentral@winwholesale.com,77,nsllist,-,-,-,-
971,MICHIGAN CHAND (NOVI),,,SOUTHFIELD,MI,48033,,(248) 344-0260  Ext. 0000,accountspayable@michand.com,64,nsllist,-,-,-,-
9719,B & H LIGHTING,BETH FOX,P.O. BOX 1065,GRIFFIN,GA,30224,,(678) 688-2799  Ext. 0000,,4,nsllist,-,-,-,-
972,MID-COUNTY ELECTRICAL,,P.O. BOX 894,MAHOPAC,NY,10541,,(845) 628-9106  Ext. 0000,,54,nsllist,-,-,-,-
9720,GRAYBAR/4427027 (RICHMOND,,,,,,,,captivainvoice@graybar.com,57,nsllist,-,-,-,-
9725,GREEN MOUNTAIN (DEPEW),,,,,,,(716) 684-0063  Ext. 0000,ap@gmes.com,54,nsllist,-,-,-,-
9727,BUTLER LIGHTING,,,WINSTON-SALEM,NC,27101,,(336) 448-0076  Ext. 0000,beshp@hotmail.com,57,nsllist,-,-,-,-
9739,C.E.S. (SHELBY TOWNSHIP),,,ANN ARBOR,MI,48108,,(586) 262-0200  Ext. 0000,michiganeastgroup@cityelectricsupply.com,64,nsllist,-,-,-,-
974,MID-WEST WHOLESALE LTG,,P.O. BOX 27339,LOS ANGELES,CA,90027-4913,,(323) 469-1641  Ext. 0000,,86,nsllist,-,-,-,-
9740,K/E ELEC (BRIGHTON),,,MT. CLEMENS,MI,48043,,(810) 227-7005  Ext. 0000,bettersentbyedi@keelectric.com,64,nsllist,-,-,-,-
9742,C.E.D./AMERICAN ELECTRIC,,,EMPORIA,KS,66801,,(620) 343-3821  Ext. 0000,customerservice@aecemporia.com,81,nsllist,-,-,-,-
9745,STONEWAY ELEC (ARLINGTON),,,SPOKANE,WA,99220,,(360) 658-3030  Ext. 0000,payables@stoneway.com,23,nsllist,-,-,-,-
9750,GRAYBAR/4427027 (W SPRINGFIELD MA),,,ST. LOUIS,MO,63178,,(413) 788-7331  Ext. 0000,captivainvoice@graybar.com,55,nsllist,-,-,-,-
9752,C.E.S. (DEDHAM),,,BROCKTON,MA,2301,,(781) 493-3300  Ext. 0000,bostonsouthgroup@concordelectricsupply.com,56,nsllist,-,-,-,-
9755,VILLAGE HARDWARE/CMM INC.,,,RUIDOSO,NM,88355,,(575) 257-5410  Ext. 0000,HARRY@RUIDOSOACE.COM,72,nsllist,-,-,-,-
9761,BRECHER'S LIGHTING (LEXIN,,,LOUISVILLE,KY,40222,,(859) 273-3124  Ext. 0000,ap@brecherslighting.com,20,nsllist,-,-,-,-
9770,VIKING ELEC (MILWAUKEE),,,,,,,(414) 475-6900  Ext. 0000,APINVOICES@SONEPAR-US.COM,16,nsllist,-,-,-,-
9771,VILLAGE LIGHTS,,31562 RAILROAD CANYON RD.,CANYON LAKE,CA,92587,,(951) 244-2910  Ext. 0000,,86,nsllist,-,-,-,-
9772,MCMASTER-CARR (ROBBINSVIL,,,CHICAGO,IL,60680-5516,,(630) 600-2878  Ext. 0000,INVOICES@MCMASTER.COM,79,nsllist,-,-,-,-
9775,NESCO (CANTON),,,CANTON,MA,2021,,(781) 828-9494  Ext. 0000,ACCOUNTSPAYABLE@NEEDHAMELECTRIC.COM,56,nsllist,-,-,-,-
9776,ALLIED MARINE CORP (AMC),,3213 W WHEELER ST. #130,SEATTLE,WA,98199,,(206) 282-3728  Ext. 0000,,1,nsllist,-,-,-,-
9777,WINSUPPLY FREDERICK MD CO-030,,,,,,,(301) 682-2111  Ext. 0000,apcentral@winwholesale.com,62,nsllist,-,-,-,-
9778,C.E.S. (NEEDHAM),,,,,,,(781) 429-7776  Ext. 0000,bostonsouthgroup@concordelectricsupply.com,56,nsllist,-,-,-,-
9780,EL PASO WINNELSON,,,,OH,45401-1127,,(915) 778-4640  Ext. 0000,apcentral@winwholesale.com,72,nsllist,-,-,-,-
9784,GRANITE CITY (CHICOPEE),,,QUINCY,MA,02169,,(413) 739-4626  Ext. 0000,Invoices@gcecorp.com,55,nsllist,-,-,-,-
9792,US ELECTRICAL SVC (WASHIN,,,MIDDLETOWN,CT,06457-2786,,(202) 675-9400  Ext. 0000,apinvoice@usesi.com,62,nsllist,-,-,-,-
9793,C.E.D. (SHERIDAN),,,SHERIDAN,WY,82801,,(307) 674-2591  Ext. 0000,customerservice@cedsheridan.com,50,nsllist,-,-,-,-
9799,E.D. SUPPLY CO (ONLEY),,,SALISBURY,MD,,,(757) 787-1884  Ext. 0000,EDSSalisbury.6675@billinginbox.com,57,nsllist,-,-,-,-
9801,LAKEVILLE WINLECTRIC,,,,OH,45401-1127,,(952) 985-7072  Ext. 0000,apcentral@winwholesale.com,16,nsllist,-,-,-,-
9802,TED'S LIGHTING & SUPPLY,,DO NOT SELL - SEE NOTE,LAS VEGAS,NV,89120,,(702) 220-9288  Ext. 0000,tedslighting@gmail.com,71,nsllist,-,-,-,-
9805,BRIGHT IDEAS LED,,,STUART,FL,34994,,(772) 692-4415  Ext. 0000,biledinvoices@gmail.com,32,nsllist,-,-,-,-
9809,EMSCO LIGHTING SHOWROOM,,PO BOX 964,DUNN,NC,28335,,(910) 892-0132  Ext. 0000,,57,nsllist,-,-,-,-
9812,FERGUSON ENTER (NEWPORT N,,,HAMPTON,VA,23670,,(757) 989-2571  Ext. 0000,apinvoices@ferguson.com,57,nsllist,-,-,-,-
9825,GREEN MOUNTAIN (ST ALBANS,,,COLCHESTER,VT,05446,,(802) 524-4300  Ext. 0000,ap@gmes.com,56,nsllist,-,-,-,-
9832,C.E.S. (KYLE),P.O. BOX 4238,,CENTENNIAL,CO,80155,,(512) 268-6714  Ext. 0000,,39,nsllist,-,-,-,-
9834,ON THE LIGHT SIDE,,P.O. BOX 68,ARNOLD,CA,95223,,(209) 795-7428  Ext. 0000,,86,nsllist,-,-,-,-
9845,FERGUSON ENTER (ASHEVILLE,,,HAMPTON,VA,23670,,(828) 274-0001  Ext. 0000,apinvoices@ferguson.com,57,nsllist,-,-,-,-
9847,FERGUSON ENTER (WILMINGTO,,,HAMPTON,VA,23670,,(910) 343-1510  Ext. 0000,apinvoices@ferguson.com,57,nsllist,-,-,-,-
9848,FERGUSON ENTER (CHARLOTTE,,,HAMPTON,VA,23670,,(704) 597-4820  Ext. 0000,apinvoices@ferguson.com,57,nsllist,-,-,-,-
9852,FERGUSON ENTER (KITTY HAW,,,HAMPTON,VA,23670,,(252) 261-4422  Ext. 0000,apinvoices@ferguson.com,57,nsllist,-,-,-,-
9856,C.E.S. (HILTON HEAD),,,N CHARLESTON,SC,29415,,(843) 342-7898  Ext. 0000,savannahgroup@cityelectricsupply.com,57,nsllist,-,-,-,-
9857,FERGUSON ENTER (CHATTANOO,,,HAMPTON,VA,23670,,(423) 629-1755  Ext. 0000,apinvoices@ferguson.com,20,nsllist,-,-,-,-
9866,FERGUSON ENTER (WILLIAMSB,,,HAMPTON,VA,23670-0406,,(757) 220-0200  Ext. 0000,apinvoices@ferguson.com,57,nsllist,-,-,-,-
987,CRESCENT ELEC (Minneapolis),,,Minneapolis,MN,55414,,(651) 227-0172  Ext. 0000,apcorp@cesco.com,16,nsllist,-,-,-,-
9874,FERGUSON ENTER (CHARLTVLL,,,HAMPTON,VA,23670,,(434) 971-7000  Ext. 0000,apinvoices@ferguson.com,57,nsllist,-,-,-,-
9875,FERGUSON ENTER (SHARONVILLE#541),,,,,,,(513) 771-6000  Ext. 0000,apinvoices@ferguson.com,75,nsllist,-,-,-,-
9876,THE LIGHT SOURCE,KATHY,127 HARTZ AVENUE,DANVILLE,CA,94526,,(925) 838-2929  Ext. 0000,,86,nsllist,-,-,-,-
988,CRESCENT ELEC (APPLETON),,,APPLETON,WI,54914-4632,,(920) 734-4517  Ext. 0000,apcorp@cesco.com,16,nsllist,-,-,-,-
9887,WINSUPPLY OWENSBORO KY CO.,,,OWENSBORO,KY,42303,,,apcentral@winwholesale.com,20,nsllist,-,-,-,-
9892,FERGUSON ENTER (NORFOLK),,,,,,,(757) 490-2381  Ext. 0000,apinvoices@ferguson.com,57,nsllist,-,-,-,-
9896,FERGUSON ENTER (NEWPORT N,,,HAMPTON,VA,23670,,(757) 874-7400  Ext. 0000,apinvoices@ferguson.com,57,nsllist,-,-,-,-
9911,GLOBE LIGHTING (VANCOUVER,,,PORTLAND,OR,97209,,(360) 735-8042  Ext. 0000,oleontyuk@dolanco.com,23,nsllist,-,-,-,-
9917,GRANITE CITY (BELLINGHAM),,,QUINCY,MA,02269,,(508) 883-2700  Ext. 0000,Invoices@gcecorp.com,56,nsllist,-,-,-,-
992,RADCLIFF ELECTRIC SUPPLY,,2480 S. DIXIE BLVD.,RADCLIFF,KY,40160,,(270) 351-7800  Ext. 0000,,20,nsllist,-,-,-,-
9920,WILSON ELECTRIC & LTG,,119 N.E. WASHINGTON BLVD.,BARTLESVILLE,OK,74006,,(918) 333-6551  Ext. 0000,,39,nsllist,-,-,-,-
992025,LITE USA HOLDINGS INC.,,1832 WABASSO DR UNIT N,WEST PALM BEACH,FL,33409,,(561) 812-3219  Ext. 0000,support@litestoreusa.com,32,nsllist,-,-,-,-
9923,C.E.S. (GREELEY),,,CENNTENNIAL,CO,80155-4507,,(970) 339-8110  Ext. 0000,swt.ap@cityelectricsupply.com,50,nsllist,-,-,-,-
9925,HANSEN ELEC (FRAMINGHAM),,64 WAVERLY STREET- ROUTE 135,FRAMINGHAM,MA,01702,,(508) 872-4353  Ext. 0000,,56,nsllist,-,-,-,-
9928,HERMITAGE ELECTRIC SUPPLY,,ap@gohermitage.com,NASHVILLE,TN,37202,,(615) 843-3300  Ext. 0000,,20,nsllist,-,-,-,-
9947,GRANITE CITY (BARRE),,,,,,,(802) 476-0280  Ext. 0000,Invoices@gcecorp.com,56,nsllist,-,-,-,-
996,LIGHTING UNLIMITED (HOUSTON),,,HOUSTON,TX,77027,,(713) 626-4025  Ext. 0000,ACCOUNTING@LULIGHTING.COM,66,nsllist,-,-,-,-
9970,HORTONS HOME (LINCOLN PARK),60 S Lagrange Rd.,,LaGrange,IL,60525,,(312) 337-9172  Ext. 0000,,40,nsllist,-,-,-,-
9985,C.E.D./TWIN STATE (CONCOR,,,CONCORD,NH,3301,,(603) 228-3785  Ext. 0000,maryh@cedconcord.com,56,nsllist,-,-,-,-
9989,C.E.D. (SARASOTA),,2460 12TH ST,SARASOTA,FL,34237,,(941) 365-0672  Ext. 0000,,31,nsllist,-,-,-,-
9992,FIXTURE THIS,,,TYLER,TX,75701,,(903) 939-1300  Ext. 0000,invoices@fixturethistyler.com,39,nsllist,-,-,-,-
9995,C.E.D. (SPOKANE),,,,,,,(509) 535-8891  Ext. 0000,cmarker@cedspokane.com,23,nsllist,-,-,-,-
9997,WINSUPPLY N BRUNSWICK GA CO,,,,,,,(912) 262-6007  Ext. 0000,apcentral@winwholesale.com,4,nsllist,-,-,-,-
